policy,scenario_seed,return_sum,return_disc,dpeak_frac_mean,dpeak_frac_final,dpeak_mw_final,overload_delta_sum,volt_delta_sum,overload_frac_sum,rpf_max_mw,offered_total_mw,installed_total_mw,budget_efficiency,feeder,belief,n0
adaptive n0=0.02,30000,1.0068417183869545,0.9064252166403143,0.10067766142202876,0.1276961988039179,0.5897000128342884,0.0,-0.00013020833333333333,0.0,0.0,2.49999999975,1.5069159676660904,0.3913290624610044,stiff,true,0.02
adaptive n0=0.02,30001,0.999815750672721,0.9013277140112737,0.09993600215060543,0.11819332555772126,0.5525046433542257,0.0,-0.0009114583333333333,0.0,0.0,2.49999999975,1.54228254139401,0.3582382789957785,stiff,true,0.02
adaptive n0=0.02,30002,0.9899590485659345,0.8896949400460104,0.09885267568992678,0.1204911020287024,0.5679497109939539,0.0,-0.002864583333333333,0.0,0.0,2.49999999975,1.4626572994041647,0.3882999190755871,stiff,true,0.02
adaptive n0=0.02,30003,0.9945465158102735,0.8954720188544044,0.09945465158102736,0.1258165300553527,0.5768138466464183,0.0,0.0,0.0,0.0,2.49999999975,1.4669106200291633,0.3932167637009478,stiff,true,0.02
adaptive n0=0.02,30004,0.9717701144437724,0.8735126826408681,0.0971639906110439,0.1226381960628691,0.5644774677588825,0.0,-0.00026041666666666666,0.0,0.0,2.4999999997499995,1.4948851929037683,0.3776058993951251,stiff,true,0.02
adaptive n0=0.02,30005,0.9966916629337124,0.8968698996001128,0.09966916629337123,0.12718053312483174,0.5587969746378862,0.0,0.0,0.0,0.0,2.4999999997500004,1.4110735286040725,0.39600840304238805,stiff,true,0.02
adaptive n0=0.02,30006,0.948855228108692,0.8531320729326737,0.0945730228108692,0.10396487838399562,0.4962342140997789,0.0,-0.00625,0.0,0.0,2.4999999997499995,1.492536616996206,0.33247707858482667,stiff,true,0.02
adaptive n0=0.02,30007,0.9739269903892572,0.8740843479706554,0.09702160528892571,0.12100196536774836,0.5817834395173477,0.0,-0.007421875,0.0,0.0,2.49999999975,1.3794446058308558,0.421751940642033,stiff,true,0.02
adaptive n0=0.02,30008,0.9580021604676948,0.8599442165981288,0.09557886188010281,0.12397491387472036,0.5863974619539831,0.0,-0.004427083333333333,0.0,0.0,2.49999999975,1.472927107005951,0.39811709565585035,stiff,true,0.02
adaptive n0=0.02,30009,0.9831789975440349,0.8844946282086842,0.0983178997544035,0.12534537781593927,0.5651550223567156,0.0,0.0,0.0,0.0,2.49999999975,1.4850626871645312,0.38055970784356635,stiff,true,0.02
adaptive n0=0.02,30010,0.9660372571838219,0.8677043027717575,0.09660372571838219,0.12499829994398926,0.5721846359369666,0.0,0.0,0.0,0.0,2.49999999975,1.4497838286132017,0.39466893246029155,stiff,true,0.02
adaptive n0=0.02,30011,1.020445504433856,0.919049004998164,0.1020445504433856,0.12309368967526754,0.546276978398304,0.0,0.0,0.0,0.0,2.49999999975,1.4894432140464684,0.3667658983212911,stiff,true,0.02
adaptive n0=0.02,30012,0.943829545900837,0.8495692461605159,0.09437644417341703,0.11133953815542648,0.5134231950411704,0.0,-0.00013020833333333333,0.0,0.0,2.49999999975,1.4621629467784139,0.35113951982738767,stiff,true,0.02
adaptive n0=0.02,30013,0.9918110513217601,0.8919659235153101,0.09898579263217602,0.1189662141273024,0.5596668225392732,0.0,-0.00390625,0.0,0.0,2.4999999997500004,1.5137427492225197,0.3697238667711051,stiff,true,0.02
adaptive n0=0.02,30014,0.9481975564840831,0.849008617251664,0.0948197556484083,0.12330681207716106,0.5642930199475309,0.0,0.0,0.0,0.0,2.4999999997499995,1.5222641860655566,0.3706932246800093,stiff,true,0.02
adaptive n0=0.02,30015,0.9641355908078351,0.8647228991247939,0.09620522574745019,0.12600936724675255,0.59666238878081,0.0,-0.004166666666666667,0.0,0.0,2.49999999975,1.496404331907121,0.3987307280916397,stiff,true,0.02
adaptive n0=0.02,30016,1.028467585274088,0.9255392552412988,0.10278165436074213,0.1251829345325417,0.5859493798613176,0.0,-0.0013020833333333333,0.0,0.0,2.4999999997499995,1.5203133334663694,0.3854135637456601,stiff,true,0.02
adaptive n0=0.02,30017,0.9509153048336105,0.8522368566804368,0.09419309298336105,0.12231530115015328,0.5957205362876457,0.0,-0.01796875,0.0,0.0,2.49999999975,1.4699783032187965,0.4052580469951172,stiff,true,0.02
adaptive n0=0.02,30018,0.9901791821987896,0.8907274465479013,0.09901791821987896,0.11372748409295756,0.5184700441716259,0.0,0.0,0.0,0.0,2.49999999975,1.4958987465905267,0.34659434360335556,stiff,true,0.02
adaptive n0=0.02,30019,0.9704113088183959,0.8718579407898552,0.09704113088183959,0.11915850511202723,0.5265303004176044,0.0,0.0,0.0,0.0,2.49999999975,1.4829402761775405,0.355058331664442,stiff,true,0.02
adaptive n0=0.02,30020,1.0091528232826208,0.9097558186831003,0.10073950107826206,0.11448458277398808,0.5432001550341347,0.0,-0.003515625,0.0,0.0,2.49999999975,1.5217055113002884,0.35696798822130393,stiff,true,0.02
adaptive n0=0.02,30021,0.9728837681777321,0.874006374559434,0.09728837681777322,0.12236910798052059,0.5592145427640767,0.0,0.0,0.0,0.0,2.49999999975,1.4791817213657237,0.3780566881584743,stiff,true,0.02
adaptive n0=0.02,30022,0.965614885660687,0.8665747819347995,0.09624247814940204,0.12956375718270524,0.6231252738636868,0.0,-0.006380208333333333,0.0,0.0,2.49999999975,1.4869477646811209,0.4190633246604445,stiff,true,0.02
adaptive n0=0.02,30023,0.9684307760311746,0.8726283514474206,0.09684307760311746,0.12098930668995424,0.5542221880506382,0.0,0.0,0.0,0.0,2.49999999975,1.5044841924642482,0.3683802002218833,stiff,true,0.02
adaptive n0=0.02,30024,0.9751415335353919,0.8771017007974358,0.09751415335353919,0.12440322477752302,0.569142815877754,0.0,0.0,0.0,0.0,2.49999999975,1.4973325916568643,0.38010447314712653,stiff,true,0.02
adaptive n0=0.02,30025,0.9404673938494998,0.8449331652673213,0.09389048938494998,0.12226954109371847,0.5784629073298438,0.0,-0.003125,0.0,0.0,2.49999999975,1.477705074636646,0.39146032402445563,stiff,true,0.02
adaptive n0=0.02,30026,1.0064937100561087,0.9059427232934649,0.10059077725561087,0.12219982875927017,0.5698988169075837,0.0,-0.001171875,0.0,0.0,2.49999999975,1.500170991756908,0.3798892393194147,stiff,true,0.02
adaptive n0=0.02,30027,0.9839251403948767,0.8847331602757339,0.09817767028948768,0.12472084618716771,0.5914135603510285,0.0,-0.004296875,0.0,0.0,2.49999999975,1.4831271127615562,0.39876120884192257,stiff,true,0.02
adaptive n0=0.02,30028,0.9385572569687428,0.8412222981855229,0.09319817361354095,0.1296418890162357,0.6311019914612062,0.0,-0.013151041666666667,0.0,0.0,2.49999999975,1.4900539512455233,0.4235430475075573,stiff,true,0.02
adaptive n0=0.02,30029,0.9903329808163903,0.8923030986948932,0.09893564183163903,0.11667281071407949,0.5491708032881525,0.0,-0.001953125,0.0,0.0,2.49999999975,1.4937020078890817,0.3676575383762438,stiff,true,0.02
adaptive n0=0.02,30030,0.9311114089553997,0.8339676989682325,0.09311114089553997,0.12310295432275231,0.555721812004188,0.0,0.0,0.0,0.0,2.49999999975,1.4434358486985053,0.38499931431331885,stiff,true,0.02
adaptive n0=0.02,30031,0.9826609706642894,0.8825722407350332,0.09808380539976227,0.12641411278301196,0.6006872634197398,0.0,-0.0036458333333333334,0.0,0.0,2.49999999975,1.5070788680140557,0.39857719205584236,stiff,true,0.02
adaptive n0=0.02,30032,0.984022695974206,0.8851446559580913,0.09837622793075393,0.12187581517517904,0.5670955769316165,0.0,-0.0005208333333333333,0.0,0.0,2.49999999975,1.5697464585555974,0.36126571513557015,stiff,true,0.02
adaptive n0=0.02,30033,0.9970811861300077,0.8958557947941549,0.0996625456963341,0.12743816397242352,0.5976819007615432,0.0,-0.0009114583333333333,0.0,0.0,2.49999999975,1.4241759935387746,0.41966856868330626,stiff,true,0.02
adaptive n0=0.02,30034,0.9756801697724985,0.8776541387300312,0.09756801697724984,0.11087968060130347,0.5058940459775363,0.0,0.0,0.0,0.0,2.49999999975,1.4878918247663244,0.34000727576884676,stiff,true,0.02
adaptive n0=0.02,30035,0.9736877586444015,0.8741877409884273,0.09736877586444015,0.13172791385738591,0.6054013012762475,0.0,0.0,0.0,0.0,2.49999999975,1.4317209565507971,0.42284866929288956,stiff,true,0.02
adaptive n0=0.02,30036,0.9783092097007265,0.8789639791559781,0.09742076472007265,0.12471637292661478,0.598573317882544,0.0,-0.008203125,0.0,0.0,2.49999999975,1.471747545629876,0.406709234650952,stiff,true,0.02
adaptive n0=0.02,30037,0.9463618297211731,0.8505226137365287,0.09448644338878398,0.11753776772397265,0.5528878776265191,0.0,-0.002994791666666667,0.0,0.0,2.49999999975,1.4156765490300693,0.3905467516611209,stiff,true,0.02
adaptive n0=0.02,30038,0.9731347403012407,0.8757541463414898,0.09731347403012407,0.12124463429823434,0.5437880240108325,0.0,0.0,0.0,0.0,2.49999999975,1.5132380612841771,0.359353916560464,stiff,true,0.02
adaptive n0=0.02,30039,0.9950406686685617,0.8954231161531836,0.09904182728352283,0.12408762934373067,0.6016425756239987,0.0,-0.009244791666666667,0.0,0.0,2.49999999975,1.5422679949157754,0.3901024838791749,stiff,true,0.02
adaptive n0=0.02,30040,0.9949514696835451,0.8955676462810334,0.0986553032183545,0.12141761635277018,0.5930484019383666,0.0,-0.016796875,0.0,0.0,2.49999999975,1.5134265526771205,0.3918580659823335,stiff,true,0.02
adaptive n0=0.02,30041,0.9858595421533426,0.8859836973821555,0.09858595421533425,0.12382297629696448,0.5711478655289584,0.0,0.0,0.0,0.0,2.49999999975,1.5303133833737497,0.3732228128788876,stiff,true,0.02
adaptive n0=0.02,30042,1.0148392425674442,0.9115015604632775,0.09906855967341109,0.11949049196771258,0.6104943597396759,0.0,-0.04830729166666667,0.0,0.0,2.49999999975,1.5412383352391212,0.39610639430724937,stiff,true,0.02
adaptive n0=0.02,30043,1.001016918533441,0.8988652343619026,0.09978268143667743,0.12191879415049484,0.5834222761737728,0.0,-0.006380208333333333,0.0,0.0,2.4999999997500004,1.4760314073154281,0.39526413413850575,stiff,true,0.02
adaptive n0=0.02,30044,0.965724747239141,0.8680330872020465,0.0965724747239141,0.11890740887967306,0.5220380274888348,0.0,0.0,0.0,0.0,2.49999999975,1.4522600181979133,0.3594659502756425,stiff,true,0.02
adaptive n0=0.02,30045,0.9963619044046315,0.8964515634321332,0.09963619044046315,0.12077749946143672,0.5401635474255714,0.0,0.0,0.0,0.0,2.49999999975,1.522377779426118,0.35481570653848726,stiff,true,0.02
adaptive n0=0.02,30046,0.9841876806784986,0.8856109753481145,0.09802814306784986,0.12302559404194337,0.5863262161645844,0.0,-0.0078125,0.0,0.0,2.49999999975,1.5040198779355132,0.38983940622473867,stiff,true,0.02
adaptive n0=0.02,30047,0.9917583794306291,0.8912347442269851,0.09910422335972957,0.12625398503485089,0.5907544118562328,0.0,-0.0014322916666666666,0.0,0.0,2.49999999975,1.5032594067188083,0.3929823483663962,stiff,true,0.02
adaptive n0=0.02,30048,1.0078858963060542,0.9067748753335365,0.1007495271306054,0.12452422204983092,0.5818111028080989,0.0,-0.00078125,0.0,0.0,2.49999999975,1.4747364395631442,0.39451869988405974,stiff,true,0.02
adaptive n0=0.02,30049,0.9759776034764684,0.8788664230911903,0.09746104159764685,0.1246721253901827,0.5895742208894708,0.0,-0.002734375,0.0,0.0,2.49999999975,1.4823556624678296,0.39772791093059684,stiff,true,0.02
adaptive n0=0.05,30000,1.0068353884082717,0.906419344057244,0.10067702842416049,0.1276961988039179,0.5897000128342884,0.0,-0.00013020833333333333,0.0,0.0,2.49999999975,1.5068858527859965,0.391336883111634,stiff,true,0.05
adaptive n0=0.05,30001,0.9998676322668096,0.9013785113925794,0.0999411903100143,0.11819024005528687,0.5524902199135276,0.0,-0.0009114583333333333,0.0,0.0,2.49999999975,1.5415807732483415,0.3583920022233723,stiff,true,0.05
adaptive n0=0.05,30002,0.9899690424729034,0.8897042663108428,0.09885367508062368,0.1204911020287024,0.5679497109939539,0.0,-0.002864583333333333,0.0,0.0,2.49999999975,1.4626744171118953,0.3882953747939282,stiff,true,0.05
adaptive n0=0.05,30003,0.9945473366570059,0.8954725310884397,0.0994547336657006,0.1258165300553527,0.5768138466464183,0.0,0.0,0.0,0.0,2.4999999997500004,1.4668434076111425,0.3932347813362029,stiff,true,0.05
adaptive n0=0.05,30004,0.97177061947146,0.8735131429387489,0.09716404111381267,0.1226381960628691,0.5644774677588825,0.0,-0.00026041666666666666,0.0,0.0,2.49999999975,1.4948905762498823,0.37760453957435736,stiff,true,0.05
adaptive n0=0.05,30005,0.9980761611173101,0.8980768387224214,0.09980761611173102,0.12718053312483174,0.5587969746378862,0.0,0.0,0.0,0.0,2.49999999975,1.5276438193811008,0.36579009291856623,stiff,true,0.05
adaptive n0=0.05,30006,0.9488488269733546,0.8531262063430043,0.09457238269733545,0.10396487838399562,0.4962342140997789,0.0,-0.00625,0.0,0.0,2.49999999975,1.492456634933566,0.33249489632364954,stiff,true,0.05
adaptive n0=0.05,30007,0.9739550453175322,0.8741113219616392,0.09702441078175322,0.12100198386145229,0.5817835284359917,0.0,-0.007421875,0.0,0.0,2.49999999975,1.3794532977803464,0.42174934763803107,stiff,true,0.05
adaptive n0=0.05,30008,0.9580105335019551,0.8599518640673482,0.09557969918352885,0.12397491387472036,0.5863974619539831,0.0,-0.004427083333333333,0.0,0.0,2.49999999975,1.4729804085042422,0.39810268932867093,stiff,true,0.05
adaptive n0=0.05,30009,0.9831790957447958,0.8844947175504857,0.09831790957447958,0.12534537781593927,0.5651550223567156,0.0,0.0,0.0,0.0,2.49999999975,1.4850108776863715,0.38057298491794217,stiff,true,0.05
adaptive n0=0.05,30010,0.9660272017989439,0.8676948957442994,0.09660272017989438,0.12499829994398926,0.5721846359369666,0.0,0.0,0.0,0.0,2.4999999997500004,1.4497477553501366,0.39467875278673914,stiff,true,0.05
adaptive n0=0.05,30011,1.020442316475831,0.9190458580816319,0.1020442316475831,0.12309368967526754,0.546276978398304,0.0,0.0,0.0,0.0,2.49999999975,1.4893787183319573,0.36678178066765427,stiff,true,0.05
adaptive n0=0.05,30012,0.9454201673342006,0.8510225876211639,0.0945355063167534,0.11139169461990936,0.5136637056367818,0.0,-0.00013020833333333333,0.0,0.0,2.49999999975,1.4748360733255317,0.3482852873801412,stiff,true,0.05
adaptive n0=0.05,30013,0.9918134144949995,0.8919680832115402,0.09898602894949995,0.1189662141273024,0.5596668225392732,0.0,-0.00390625,0.0,0.0,2.49999999975,1.513786099677982,0.36971327894893974,stiff,true,0.05
adaptive n0=0.05,30014,0.9819897036603761,0.8806292775659084,0.09819897036603761,0.12330681207716106,0.5642930199475309,0.0,0.0,0.0,0.0,2.49999999975,1.4840460331593266,0.38023956625269223,stiff,true,0.05
adaptive n0=0.05,30015,0.964147278967896,0.8647336560634413,0.09620639456345628,0.12600936724675255,0.59666238878081,0.0,-0.004166666666666667,0.0,0.0,2.49999999975,1.4964314704820567,0.39872349689932857,stiff,true,0.05
adaptive n0=0.05,30016,1.0284669485159932,0.9255385501938841,0.10278159068493264,0.12518467555437293,0.5859575291403398,0.0,-0.0013020833333333333,0.0,0.0,2.4999999997500004,1.5204890629488854,0.3853743794801884,stiff,true,0.05
adaptive n0=0.05,30017,0.9511960560796868,0.8525029242622264,0.0942211681079687,0.12231530115015328,0.5957205362876457,0.0,-0.01796875,0.0,0.0,2.49999999975,1.4699704891495056,0.4052602012658888,stiff,true,0.05
adaptive n0=0.05,30018,0.9901843466882063,0.890732176097589,0.09901843466882063,0.11372748409295756,0.5184700441716259,0.0,0.0,0.0,0.0,2.49999999975,1.4958871261959614,0.34659703602777464,stiff,true,0.05
adaptive n0=0.05,30019,0.9702294380009688,0.8716860095439016,0.09702294380009688,0.11915656122834443,0.5265217109035071,0.0,0.0,0.0,0.0,2.49999999975,1.4826648123170454,0.3551185045530833,stiff,true,0.05
adaptive n0=0.05,30020,1.009139659459937,0.9097433068451032,0.10073818469599372,0.11448469822063091,0.5432007027990193,0.0,-0.003515625,0.0,0.0,2.49999999975,1.521775927148687,0.3569518304950458,stiff,true,0.05
adaptive n0=0.05,30021,0.9728281273783852,0.8739541691301208,0.09728281273783852,0.12236928650985816,0.5592153586252325,0.0,0.0,0.0,0.0,2.49999999975,1.4792318911576041,0.37804441748994927,stiff,true,0.05
adaptive n0=0.05,30022,0.9657595934464012,0.8667114741868724,0.09625694892797346,0.12956375718270524,0.6231252738636868,0.0,-0.006380208333333333,0.0,0.0,2.49999999975,1.4874141048637946,0.41893193820475944,stiff,true,0.05
adaptive n0=0.05,30023,0.9684241396511482,0.8726222526164902,0.09684241396511481,0.12098926938412342,0.5542220171618237,0.0,0.0,0.0,0.0,2.49999999975,1.5044452744924781,0.36838961613195903,stiff,true,0.05
adaptive n0=0.05,30024,0.9751469764215959,0.8771066859731456,0.09751469764215959,0.12440317754734463,0.5691425998004234,0.0,0.0,0.0,0.0,2.49999999975,1.4972831234033652,0.3801168869831023,stiff,true,0.05
adaptive n0=0.05,30025,0.9404440550804664,0.8449127995181337,0.09388815550804663,0.12226874769173296,0.5784591537080087,0.0,-0.003125,0.0,0.0,2.49999999975,1.4776025446766403,0.391484946876969,stiff,true,0.05
adaptive n0=0.05,30026,1.0064936739507346,0.9059426942287114,0.10059077364507348,0.12219982875927017,0.5698988169075837,0.0,-0.001171875,0.0,0.0,2.49999999975,1.5001818604006425,0.37988648706589817,stiff,true,0.05
adaptive n0=0.05,30027,0.9838999908189986,0.8847098742830846,0.09817515533189985,0.12472084618716771,0.5914135603510285,0.0,-0.004296875,0.0,0.0,2.4999999997500004,1.4829915988143927,0.39879764715042615,stiff,true,0.05
adaptive n0=0.05,30028,0.9386631528486292,0.8413247193596344,0.0932087632015296,0.1296418890162357,0.6311019914612062,0.0,-0.013151041666666667,0.0,0.0,2.49999999975,1.490030766533917,0.4235496377898722,stiff,true,0.05
adaptive n0=0.05,30029,0.9903406084538282,0.8923103640089962,0.09893640459538282,0.11667281071407949,0.5491708032881525,0.0,-0.001953125,0.0,0.0,2.4999999997499995,1.4937345438015028,0.3676495302107239,stiff,true,0.05
adaptive n0=0.05,30030,0.9311338557017387,0.8339886786156265,0.09311338557017387,0.12310295432275231,0.555721812004188,0.0,0.0,0.0,0.0,2.49999999975,1.443574651197223,0.38496229588355707,stiff,true,0.05
adaptive n0=0.05,30031,0.9826659876582463,0.8825768355618506,0.09808430709915797,0.12641411278301196,0.6006872634197398,0.0,-0.0036458333333333334,0.0,0.0,2.49999999975,1.5070959765202363,0.3985726674200793,stiff,true,0.05
adaptive n0=0.05,30032,0.9840269764967806,0.8851485836135624,0.0983766559830114,0.12187581517517904,0.5670955769316165,0.0,-0.0005208333333333333,0.0,0.0,2.49999999975,1.5697556710833314,0.36126359495184895,stiff,true,0.05
adaptive n0=0.05,30033,0.9970829163985946,0.8958574277450586,0.0996627187231928,0.12743816397242352,0.5976819007615432,0.0,-0.0009114583333333333,0.0,0.0,2.49999999975,1.4241557744654385,0.41967452681634143,stiff,true,0.05
adaptive n0=0.05,30034,0.9756802299876566,0.8776541601669383,0.09756802299876566,0.11088006525679796,0.5058958009873213,0.0,0.0,0.0,0.0,2.49999999975,1.4879671179914862,0.33999125039147265,stiff,true,0.05
adaptive n0=0.05,30035,0.9738776316178256,0.8743678621009705,0.09738776316178256,0.13172791385738591,0.6054013012762475,0.0,0.0,0.0,0.0,2.4999999997499995,1.4318946920937927,0.4227973639534884,stiff,true,0.05
adaptive n0=0.05,30036,0.9783202575515182,0.8789741116281317,0.09742186950515182,0.12471637292661478,0.598573317882544,0.0,-0.008203125,0.0,0.0,2.49999999975,1.4717804300297797,0.40670014743329114,stiff,true,0.05
adaptive n0=0.05,30037,0.9464382147904047,0.8505944658792906,0.09449408189570714,0.11753776772397265,0.5528878776265191,0.0,-0.002994791666666667,0.0,0.0,2.49999999975,1.4158026416716287,0.3905119692203202,stiff,true,0.05
adaptive n0=0.05,30038,0.9731351342937211,0.8757545043761231,0.09731351342937211,0.12124463429823434,0.5437880240108325,0.0,0.0,0.0,0.0,2.49999999975,1.513236160132268,0.35935436803420123,stiff,true,0.05
adaptive n0=0.05,30039,0.9950413133638116,0.8954237075015548,0.09904189175304783,0.12408762934373067,0.6016425756239987,0.0,-0.009244791666666667,0.0,0.0,2.49999999975,1.5422618475381684,0.39010403880791655,stiff,true,0.05
adaptive n0=0.05,30040,0.9949516471057192,0.8955678206817348,0.09865532096057192,0.12141761635277018,0.5930484019383666,0.0,-0.016796875,0.0,0.0,2.4999999997500004,1.5134195432192739,0.391859880887267,stiff,true,0.05
adaptive n0=0.05,30041,0.984342904749463,0.8845592332824135,0.0984342904749463,0.12382297629696448,0.5711478655289584,0.0,0.0,0.0,0.0,2.49999999975,1.5263779395082735,0.3741850892531604,stiff,true,0.05
adaptive n0=0.05,30042,1.0148324264478097,0.9114954890465816,0.09906787806144765,0.11949049196771258,0.6104943597396759,0.0,-0.04830729166666667,0.0,0.0,2.49999999975,1.5411557082700056,0.39612763101333515,stiff,true,0.05
adaptive n0=0.05,30043,1.0010173805376688,0.8988656596823617,0.09978272763710021,0.12191879415049484,0.5834222761737728,0.0,-0.006380208333333333,0.0,0.0,2.49999999975,1.4760441996911857,0.39526070851796646,stiff,true,0.05
adaptive n0=0.05,30044,0.9657273258871983,0.8680354388655972,0.09657273258871983,0.11890740887967306,0.5220380274888348,0.0,0.0,0.0,0.0,2.49999999975,1.4523583588597442,0.3594416104704972,stiff,true,0.05
adaptive n0=0.05,30045,0.9963623459618585,0.8964519711420894,0.09963623459618584,0.12077749946143672,0.5401635474255714,0.0,0.0,0.0,0.0,2.49999999975,1.5223611844720548,0.3548195743133694,stiff,true,0.05
adaptive n0=0.05,30046,0.9841889176738882,0.8856121161952449,0.09802826676738882,0.12302559404194337,0.5863262161645844,0.0,-0.0078125,0.0,0.0,2.49999999975,1.504024750569359,0.38983814325038635,stiff,true,0.05
adaptive n0=0.05,30047,0.991761087126889,0.8912372178552826,0.09910449412935557,0.12625398503485089,0.5907544118562328,0.0,-0.0014322916666666666,0.0,0.0,2.49999999975,1.5033390668362703,0.3929615247074347,stiff,true,0.05
adaptive n0=0.05,30048,1.0078847038742027,0.9067737629573048,0.10074940788742026,0.12452422204983092,0.5818111028080989,0.0,-0.00078125,0.0,0.0,2.49999999975,1.4747231364760969,0.39452225873282026,stiff,true,0.05
adaptive n0=0.05,30049,0.9759783714377342,0.878867128047099,0.09746111839377343,0.1246721253901827,0.5895742208894708,0.0,-0.002734375,0.0,0.0,2.49999999975,1.4823264881300462,0.3977357387934275,stiff,true,0.05
adaptive n0=0.1,30000,1.0068255787698916,0.906410262006425,0.10067604746032251,0.1276961988039179,0.5897000128342884,0.0,-0.00013020833333333333,0.0,0.0,2.49999999975,1.5068342009841156,0.39135029749733213,stiff,true,0.1
adaptive n0=0.1,30001,0.9999049831965995,0.9014143526718704,0.0999449254029933,0.11818953790988915,0.5524869376757979,0.0,-0.0009114583333333333,0.0,0.0,2.49999999975,1.5414210769640846,0.3584270034531719,stiff,true,0.1
adaptive n0=0.1,30002,0.989986972320457,0.8897210102785342,0.09885546806537902,0.1204911020287024,0.5679497109939539,0.0,-0.002864583333333333,0.0,0.0,2.49999999975,1.4627085115617111,0.38828632397001833,stiff,true,0.1
adaptive n0=0.1,30003,0.9945338300315494,0.8954596759114567,0.09945338300315494,0.1258165300553527,0.5768138466464183,0.0,0.0,0.0,0.0,2.49999999975,1.4667729302989443,0.3932536759652753,stiff,true,0.1
adaptive n0=0.1,30004,0.9717711747457696,0.8735136487107752,0.09716409664124362,0.1226381960628691,0.5644774677588825,0.0,-0.00026041666666666666,0.0,0.0,2.49999999975,1.4948989782860793,0.3776024172590332,stiff,true,0.1
adaptive n0=0.1,30005,0.998078794579544,0.898079231452792,0.0998078794579544,0.12718053312483174,0.5587969746378862,0.0,0.0,0.0,0.0,2.49999999975,1.5277447338140935,0.3657659308324505,stiff,true,0.1
adaptive n0=0.1,30006,0.94884036503066,0.8531184437528163,0.094571536503066,0.10396487838399562,0.4962342140997789,0.0,-0.00625,0.0,0.0,2.49999999975,1.4923565142918145,0.3325172030593928,stiff,true,0.1
adaptive n0=0.1,30007,0.9741671362713742,0.8742942751986078,0.09704561987713742,0.12116530941406278,0.5825688057781409,0.0,-0.007421875,0.0,0.0,2.49999999975,1.4562155013140567,0.40005672598076564,stiff,true,0.1
adaptive n0=0.1,30008,0.9580164351401814,0.8599572553478636,0.09558028934735148,0.12397491387472036,0.5863974619539831,0.0,-0.004427083333333333,0.0,0.0,2.49999999975,1.4730178379022139,0.3980925735353594,stiff,true,0.1
adaptive n0=0.1,30009,0.9831792111458523,0.884494822536306,0.09831792111458523,0.12534537781593927,0.5651550223567156,0.0,0.0,0.0,0.0,2.49999999975,1.484969377057398,0.38058362083979247,stiff,true,0.1
adaptive n0=0.1,30010,0.9660160564071649,0.8676844684606216,0.09660160564071649,0.12499829994398926,0.5721846359369666,0.0,0.0,0.0,0.0,2.49999999975,1.4497236703538694,0.3946853097854845,stiff,true,0.1
adaptive n0=0.1,30011,1.0204279278438413,0.919032202600202,0.10204279278438413,0.12309368967526754,0.546276978398304,0.0,0.0,0.0,0.0,2.49999999975,1.4892900199713692,0.3668036252662231,stiff,true,0.1
adaptive n0=0.1,30012,0.9454109731543917,0.8510142936015228,0.0945345868987725,0.11139081131462789,0.5136596324258872,0.0,-0.00013020833333333333,0.0,0.0,2.49999999975,1.4746214452880986,0.34833321736042766,stiff,true,0.1
adaptive n0=0.1,30013,0.9918160581047047,0.8919704994714014,0.09898629331047049,0.1189662141273024,0.5596668225392732,0.0,-0.00390625,0.0,0.0,2.49999999975,1.5138334940158082,0.36970170415150616,stiff,true,0.1
adaptive n0=0.1,30014,0.9823227919180897,0.8809463421927191,0.09823227919180896,0.12330681207716106,0.5642930199475309,0.0,0.0,0.0,0.0,2.49999999975,1.484472181189225,0.38013041072650505,stiff,true,0.1
adaptive n0=0.1,30015,0.9641596792934986,0.8647450779870878,0.09620763459601651,0.12600936724675255,0.59666238878081,0.0,-0.004166666666666667,0.0,0.0,2.49999999975,1.496462347253208,0.3987152699671983,stiff,true,0.1
adaptive n0=0.1,30016,1.0284617945921,0.9255336913034184,0.10278107529254332,0.12518579277221267,0.585962758552023,0.0,-0.0013020833333333333,0.0,0.0,2.49999999975,1.5206018289747403,0.3853492396146242,stiff,true,0.1
adaptive n0=0.1,30017,0.9518738992618534,0.8531332455066675,0.09428895242618533,0.12231530115015328,0.5957205362876457,0.0,-0.01796875,0.0,0.0,2.49999999975,1.4716075892674667,0.40480936673082935,stiff,true,0.1
adaptive n0=0.1,30018,0.9901898339425939,0.8907371993288639,0.09901898339425938,0.11372748409295756,0.5184700441716259,0.0,0.0,0.0,0.0,2.49999999975,1.495880719600006,0.3465985204423674,stiff,true,0.1
adaptive n0=0.1,30019,0.969967530962096,0.8714383842718342,0.0969967530962096,0.11915375915158978,0.5265093292584534,0.0,0.0,0.0,0.0,2.49999999975,1.482267735636484,0.3552052821499018,stiff,true,0.1
adaptive n0=0.1,30020,1.009118507190519,0.9097233283637889,0.10073606946905192,0.11448469961025477,0.5432007093924304,0.0,-0.003515625,0.0,0.0,2.4999999997499995,1.521776774739798,0.356951636014625,stiff,true,0.1
adaptive n0=0.1,30021,0.9726966987848159,0.8738310171930898,0.0972696698784816,0.12236895343359944,0.559213836500157,0.0,0.0,0.0,0.0,2.49999999975,1.4791382910423205,0.37806731114106285,stiff,true,0.1
adaptive n0=0.1,30022,0.9660221064188921,0.8669594637760185,0.09628320022522255,0.12956375718270524,0.6231252738636868,0.0,-0.006380208333333333,0.0,0.0,2.49999999975,1.4879764336727046,0.4187736174864376,stiff,true,0.1
adaptive n0=0.1,30023,0.9684162965672464,0.8726150429996206,0.09684162965672463,0.12098921798216115,0.554221781702106,0.0,0.0,0.0,0.0,2.49999999975,1.5043916512362379,0.3684025906728961,stiff,true,0.1
adaptive n0=0.1,30024,0.9751523856492549,0.8771116333366402,0.09751523856492549,0.12440313118733884,0.5691423877041188,0.0,0.0,0.0,0.0,2.49999999975,1.497234566557236,0.3801290729032616,stiff,true,0.1
adaptive n0=0.1,30025,0.9404223207612983,0.8448949688620448,0.09388598207612983,0.12226756627418901,0.5784535643664512,0.0,-0.003125,0.0,0.0,2.49999999975,1.4774498721402494,0.3915216179405785,stiff,true,0.1
adaptive n0=0.1,30026,1.0070894770773304,0.9064839583945241,0.10065035395773306,0.12219982875927017,0.5698988169075837,0.0,-0.001171875,0.0,0.0,2.49999999975,1.4990606829239894,0.3801706117700111,stiff,true,0.1
adaptive n0=0.1,30027,0.9840129141068484,0.884810599496148,0.09818644766068485,0.12472084618716771,0.5914135603510285,0.0,-0.004296875,0.0,0.0,2.49999999975,1.4836794769587172,0.3986127526433962,stiff,true,0.1
adaptive n0=0.1,30028,0.9388939014112192,0.8415444403018484,0.09323183805778859,0.1296418890162357,0.6311019914612062,0.0,-0.013151041666666667,0.0,0.0,2.49999999975,1.4902391255184282,0.4234904188558711,stiff,true,0.1
adaptive n0=0.1,30029,0.990353557751878,0.892322649381464,0.09893769952518781,0.11667281071407949,0.5491708032881525,0.0,-0.001953125,0.0,0.0,2.49999999975,1.493772202814183,0.3676402615161438,stiff,true,0.1
adaptive n0=0.1,30030,0.9405147354066585,0.8429208030621379,0.09405147354066586,0.12310295432275231,0.555721812004188,0.0,0.0,0.0,0.0,2.49999999975,1.425644375480227,0.38980395220722114,stiff,true,0.1
adaptive n0=0.1,30031,0.9826714902953749,0.882581874020485,0.09808485736287083,0.12641411278301196,0.6006872634197398,0.0,-0.0036458333333333334,0.0,0.0,2.49999999975,1.5071147810328587,0.3985676943650408,stiff,true,0.1
adaptive n0=0.1,30032,0.9840318792955919,0.8851530822871312,0.09837714626289251,0.12187581517517904,0.5670955769316165,0.0,-0.0005208333333333333,0.0,0.0,2.49999999975,1.5697629539393942,0.3612619188830157,stiff,true,0.1
adaptive n0=0.1,30033,0.9970848022373342,0.8958592139848676,0.09966290730706676,0.12743816397242352,0.5976819007615432,0.0,-0.0009114583333333333,0.0,0.0,2.49999999975,1.424145118403799,0.4196776670002795,stiff,true,0.1
adaptive n0=0.1,30034,0.9756796716308006,0.8776536352991969,0.09756796716308005,0.11088016465289101,0.5058962544869291,0.0,0.0,0.0,0.0,2.4999999997500004,1.487986573978794,0.3399871096512587,stiff,true,0.1
adaptive n0=0.1,30035,0.9741425225487941,0.8746196619153905,0.0974142522548794,0.13172791385738591,0.6054013012762475,0.0,0.0,0.0,0.0,2.49999999975,1.4320985926942322,0.42273716653634535,stiff,true,0.1
adaptive n0=0.1,30036,0.9783277709743665,0.8789809984432858,0.09742262084743665,0.12471637292661478,0.598573317882544,0.0,-0.008203125,0.0,0.0,2.49999999975,1.471812847729117,0.40669118958031386,stiff,true,0.1
adaptive n0=0.1,30037,0.9465506682133367,0.8507006035913578,0.09450532723800034,0.11753776772397265,0.5528878776265191,0.0,-0.002994791666666667,0.0,0.0,2.4999999997500004,1.4159500786337287,0.39047130684155823,stiff,true,0.1
adaptive n0=0.1,30038,0.9731358302994662,0.8757551376078522,0.09731358302994661,0.12124463429823434,0.5437880240108325,0.0,0.0,0.0,0.0,2.49999999975,1.5132410689956948,0.35935320231014667,stiff,true,0.1
adaptive n0=0.1,30039,0.9950412749849527,0.8954236770058712,0.09904188791516193,0.12408762934373067,0.6016425756239987,0.0,-0.009244791666666667,0.0,0.0,2.4999999997500004,1.5422509316261304,0.3901067999288768,stiff,true,0.1
adaptive n0=0.1,30040,0.9949519096834951,0.8955680789988325,0.09865534721834951,0.12141761635277018,0.5930484019383666,0.0,-0.016796875,0.0,0.0,2.49999999975,1.5134069940506754,0.3918631301888306,stiff,true,0.1
adaptive n0=0.1,30041,0.9845851677580084,0.8847894193104755,0.09845851677580084,0.12382297629696448,0.5711478655289584,0.0,0.0,0.0,0.0,2.49999999975,1.5260774089730054,0.37425877755003273,stiff,true,0.1
adaptive n0=0.1,30042,1.0148729303873179,0.9115335830399647,0.09907192845539846,0.11949049196771258,0.6104943597396759,0.0,-0.04830729166666667,0.0,0.0,2.49999999975,1.541219900786632,0.39611113211559373,stiff,true,0.1
adaptive n0=0.1,30043,1.0010178605536713,0.8988661010714354,0.09978277563870046,0.12191879415049484,0.5834222761737728,0.0,-0.006380208333333333,0.0,0.0,2.49999999975,1.4760498161115863,0.39525920453735375,stiff,true,0.1
adaptive n0=0.1,30044,0.9657307788819213,0.8680385944944303,0.09657307788819212,0.11890740887967306,0.5220380274888348,0.0,0.0,0.0,0.0,2.49999999975,1.4524219783302175,0.35942586608954913,stiff,true,0.1
adaptive n0=0.1,30045,0.9963630176276016,0.8964525909277375,0.09963630176276016,0.12077749946143672,0.5401635474255714,0.0,0.0,0.0,0.0,2.49999999975,1.5223472155252193,0.3548228301118622,stiff,true,0.1
adaptive n0=0.1,30046,0.9841907433745034,0.8856138001990221,0.09802844933745034,0.12302559404194337,0.5863262161645844,0.0,-0.0078125,0.0,0.0,2.4999999997499995,1.504034201788667,0.38983569354160835,stiff,true,0.1
adaptive n0=0.1,30047,0.9917641714422878,0.8912400353989492,0.09910480256089545,0.12625398503485089,0.5907544118562328,0.0,-0.0014322916666666666,0.0,0.0,2.49999999975,1.5034175830119003,0.3929410022415287,stiff,true,0.1
adaptive n0=0.1,30048,1.0078829212916554,0.9067721002106868,0.10074922962916552,0.12452422204983092,0.5818111028080989,0.0,-0.00078125,0.0,0.0,2.49999999975,1.4747083932986822,0.39452620291031393,stiff,true,0.1
adaptive n0=0.1,30049,0.975978669841419,0.878867404082621,0.0974611482341419,0.1246721253901827,0.5895742208894708,0.0,-0.002734375,0.0,0.0,2.49999999975,1.4823056062261397,0.3977413418751691,stiff,true,0.1
adaptive n0=0.25,30000,1.0068051945161522,0.9063914038757234,0.10067400903494857,0.1276961988039179,0.5897000128342884,0.0,-0.00013020833333333333,0.0,0.0,2.49999999975,1.5067239192898165,0.39137894161276693,stiff,true,0.25
adaptive n0=0.25,30001,0.9999711172430215,0.9014772560113835,0.09995153880763548,0.11818949109794566,0.55248671884943,0.0,-0.0009114583333333333,0.0,0.0,2.49999999975,1.5414104300333125,0.35842933723855097,stiff,true,0.25
adaptive n0=0.25,30002,0.9903117510667042,0.8900252235893567,0.09888794594000375,0.1204911020287024,0.5679497109939539,0.0,-0.002864583333333333,0.0,0.0,2.4999999997499995,1.4632135796439258,0.38815229635318504,stiff,true,0.25
adaptive n0=0.25,30003,0.9944983600908583,0.8954261282482715,0.09944983600908583,0.1258165300553527,0.5768138466464183,0.0,0.0,0.0,0.0,2.49999999975,1.4666725417402424,0.39328059279136346,stiff,true,0.25
adaptive n0=0.25,30004,0.9717719715505698,0.8735143737194583,0.09716417632172365,0.1226381960628691,0.5644774677588825,0.0,-0.00026041666666666666,0.0,0.0,2.49999999975,1.4949137635050977,0.3775986826392997,stiff,true,0.25
adaptive n0=0.25,30005,0.9980826529669611,0.8980827337902976,0.0998082652966961,0.12718053312483174,0.5587969746378862,0.0,0.0,0.0,0.0,2.49999999975,1.527882289421708,0.36573300083829546,stiff,true,0.25
adaptive n0=0.25,30006,0.9488244299109456,0.8531038082101849,0.09456994299109456,0.10396487838399562,0.4962342140997789,0.0,-0.00625,0.0,0.0,2.49999999975,1.4921960952495599,0.332552950432957,stiff,true,0.25
adaptive n0=0.25,30007,0.9735372028735462,0.8737059971897888,0.0969826265373546,0.12116296996420332,0.5825575575874055,0.0,-0.007421875,0.0,0.0,2.49999999975,1.4551159714278645,0.4003512909117189,stiff,true,0.25
adaptive n0=0.25,30008,0.9580203923061712,0.8599608768667161,0.09558068506395045,0.12397491387472036,0.5863974619539831,0.0,-0.004427083333333333,0.0,0.0,2.49999999975,1.4730248414281688,0.39809068079628745,stiff,true,0.25
adaptive n0=0.25,30009,0.9831794518892926,0.8844950418995908,0.09831794518892925,0.12534537781593927,0.5651550223567156,0.0,0.0,0.0,0.0,2.49999999975,1.4849485407110299,0.38058896107342916,stiff,true,0.25
adaptive n0=0.25,30010,0.9659987209677366,0.8676682435308386,0.09659987209677366,0.12499829994398926,0.5721846359369666,0.0,0.0,0.0,0.0,2.49999999975,1.4496993556414313,0.394691929544108,stiff,true,0.25
adaptive n0=0.25,30011,1.0203892082616985,0.9189956138949904,0.10203892082616986,0.12309368967526754,0.546276978398304,0.0,0.0,0.0,0.0,2.49999999975,1.4891097225576186,0.36684803686597833,stiff,true,0.25
adaptive n0=0.25,30012,0.9454053828799969,0.8510092618217099,0.09453402787133301,0.11139023706019173,0.5136569843499901,0.0,-0.00013020833333333333,0.0,0.0,2.49999999975,1.474481911306814,0.34836438508407513,stiff,true,0.25
adaptive n0=0.25,30013,0.9918198776404868,0.8919739915014474,0.0989866752640487,0.1189662141273024,0.5596668225392732,0.0,-0.00390625,0.0,0.0,2.49999999975,1.5138501801444242,0.36969762918407156,stiff,true,0.25
adaptive n0=0.25,30014,0.9825162270307327,0.881131571523883,0.09825162270307328,0.12330681207716106,0.5642930199475309,0.0,0.0,0.0,0.0,2.4999999997499995,1.484667425482577,0.380080420882214,stiff,true,0.25
adaptive n0=0.25,30015,0.9641794633022329,0.8647633107202168,0.09620961299688995,0.12600936724675255,0.59666238878081,0.0,-0.004166666666666667,0.0,0.0,2.49999999975,1.496482778415159,0.3987098263921899,stiff,true,0.25
adaptive n0=0.25,30016,1.0284496525495483,0.925522351913863,0.10277986108828815,0.12518652145584735,0.585966169334215,0.0,-0.0013020833333333333,0.0,0.0,2.49999999975,1.5206753784246951,0.38533284463462,stiff,true,0.25
adaptive n0=0.25,30017,0.9714944963857302,0.8717618894693612,0.09625101213857301,0.12231530115015328,0.5957205362876457,0.0,-0.01796875,0.0,0.0,2.49999999975,1.4938272636449175,0.3987881000605759,stiff,true,0.25
adaptive n0=0.25,30018,0.9901970127221156,0.89074376475316,0.09901970127221156,0.11372748409295756,0.5184700441716259,0.0,0.0,0.0,0.0,2.4999999997499995,1.4958778535497022,0.34659918451316196,stiff,true,0.25
adaptive n0=0.25,30019,0.9692655047648229,0.8707744451298733,0.09692655047648228,0.11914660302810592,0.5264777082185265,0.0,0.0,0.0,0.0,2.49999999975,1.4812536557209097,0.35542711147760553,stiff,true,0.25
adaptive n0=0.25,30020,1.0090769170801133,0.9096840941588299,0.10073191045801133,0.11448460183248232,0.5432002454618305,0.0,-0.003515625,0.0,0.0,2.49999999975,1.521717135891611,0.35696532072207776,stiff,true,0.25
adaptive n0=0.25,30021,0.9677914374184835,0.8692361084143165,0.09677914374184834,0.122345130506404,0.5591049681136928,0.0,0.0,0.0,0.0,2.49999999975,1.4724436417701394,0.3797123042628301,stiff,true,0.25
adaptive n0=0.25,30022,0.9518365729200338,0.8537561720394227,0.09486464687533672,0.12956375718270524,0.6231252738636868,0.0,-0.006380208333333333,0.0,0.0,2.49999999975,1.4458170968548187,0.4309848563965748,stiff,true,0.25
adaptive n0=0.25,30023,0.9684037986031739,0.8726035466804576,0.09684037986031739,0.12098912765084449,0.5542213679166125,0.0,0.0,0.0,0.0,2.49999999975,1.5042974163252731,0.36842539374326333,stiff,true,0.25
adaptive n0=0.25,30024,0.975158059034693,0.8771167975528059,0.0975158059034693,0.12440306619551124,0.5691420903675198,0.0,0.0,0.0,0.0,2.4999999997500004,1.497166494991552,0.3801461576060259,stiff,true,0.25
adaptive n0=0.25,30025,0.9446993467830636,0.8490999990047239,0.09431368467830636,0.12223428269581069,0.5782960982032282,0.0,-0.003125,0.0,0.0,2.49999999975,1.4731486931393696,0.3925578598388762,stiff,true,0.25
adaptive n0=0.25,30026,1.0070954091169149,0.9064896489260093,0.1006509471616915,0.12219982875927017,0.5698988169075837,0.0,-0.001171875,0.0,0.0,2.4999999997499995,1.4988918623923073,0.3802134304725601,stiff,true,0.25
adaptive n0=0.25,30027,0.9839718409260875,0.884771955665912,0.09818234034260874,0.12472084618716771,0.5914135603510285,0.0,-0.004296875,0.0,0.0,2.49999999975,1.4837862794010985,0.39858406063017454,stiff,true,0.25
adaptive n0=0.25,30028,0.9491249191428939,0.8512998870585606,0.09425493983095605,0.1296418890162357,0.6311019914612062,0.0,-0.013151041666666667,0.0,0.0,2.4999999997500004,1.4991563270346497,0.42097143578717633,stiff,true,0.25
adaptive n0=0.25,30029,0.9903790481477781,0.8923468591487487,0.09894024856477782,0.11667281071407949,0.5491708032881525,0.0,-0.001953125,0.0,0.0,2.49999999975,1.4938239030715201,0.36762753772983353,stiff,true,0.25
adaptive n0=0.25,30030,0.9405939502080612,0.8429962603120622,0.09405939502080612,0.12310295432275231,0.555721812004188,0.0,0.0,0.0,0.0,2.49999999975,1.4257036692614302,0.38978774059834853,stiff,true,0.25
adaptive n0=0.25,30031,0.982671903705149,0.8825822557871935,0.09808489870384823,0.12641411278301196,0.6006872634197398,0.0,-0.0036458333333333334,0.0,0.0,2.49999999975,1.5070908447756608,0.3985740245865242,stiff,true,0.25
adaptive n0=0.25,30032,0.9840391785013013,0.885159779844551,0.09837787618346346,0.12187581517517904,0.5670955769316165,0.0,-0.0005208333333333333,0.0,0.0,2.49999999975,1.5697581843587998,0.361263016547519,stiff,true,0.25
adaptive n0=0.25,30033,0.997087666261845,0.8958619457449732,0.09966319370951784,0.12743816397242352,0.5976819007615432,0.0,-0.0009114583333333333,0.0,0.0,2.49999999975,1.4241486595183588,0.41967662348091994,stiff,true,0.25
adaptive n0=0.25,30034,0.9756777590145684,0.8776518646226321,0.09756777590145685,0.11088018341396291,0.5058963400852509,0.0,0.0,0.0,0.0,2.49999999975,1.4879902463079868,0.3399863280962257,stiff,true,0.25
adaptive n0=0.25,30035,0.9720483563959128,0.8727349783046652,0.09720483563959129,0.13172791385738591,0.6054013012762475,0.0,0.0,0.0,0.0,2.49999999975,1.4230114121462498,0.4254367154815393,stiff,true,0.25
adaptive n0=0.25,30036,0.9783319598604141,0.8789848277915008,0.09742303973604141,0.12471637292661478,0.598573317882544,0.0,-0.008203125,0.0,0.0,2.49999999975,1.4718546428646038,0.40667964108029575,stiff,true,0.25
adaptive n0=0.25,30037,0.947088106214542,0.8512095376626092,0.09455907103812086,0.11753776772397265,0.5528878776265191,0.0,-0.002994791666666667,0.0,0.0,2.49999999975,1.4164111408896962,0.3903442027992179,stiff,true,0.25
adaptive n0=0.25,30038,0.9731373927765121,0.8757565605096772,0.09731373927765122,0.12124463429823434,0.5437880240108325,0.0,0.0,0.0,0.0,2.49999999975,1.513261225983008,0.35934841564290404,stiff,true,0.25
adaptive n0=0.25,30039,0.9950393077212238,0.8954218924009777,0.09904169118878905,0.12408762934373067,0.6016425756239987,0.0,-0.009244791666666667,0.0,0.0,2.49999999975,1.5422231086218399,0.39011383778423475,stiff,true,0.25
adaptive n0=0.25,30040,0.9949525086774185,0.8955686698424874,0.09865540711774184,0.12141761635277018,0.5930484019383666,0.0,-0.016796875,0.0,0.0,2.49999999975,1.5133787905318181,0.3918704329997666,stiff,true,0.25
adaptive n0=0.25,30041,0.9845826041030127,0.8847870872690863,0.09845826041030127,0.12382297629696448,0.5711478655289584,0.0,0.0,0.0,0.0,2.49999999975,1.5259944875712388,0.37427911449273515,stiff,true,0.25
adaptive n0=0.25,30042,1.0149498327195208,0.9116058278728436,0.09907961868861875,0.11949049196771258,0.6104943597396759,0.0,-0.04830729166666667,0.0,0.0,2.49999999975,1.541378191670356,0.39607045372693206,stiff,true,0.25
adaptive n0=0.25,30043,1.0010184500877362,0.8988666413190094,0.09978283459210695,0.12191879415049484,0.5834222761737728,0.0,-0.006380208333333333,0.0,0.0,2.4999999997500004,1.4760525695573008,0.39525846721621405,stiff,true,0.25
adaptive n0=0.25,30044,0.9657373396224442,0.86804461654857,0.09657373396224442,0.11890740887967306,0.5220380274888348,0.0,0.0,0.0,0.0,2.49999999975,1.4524911755763696,0.3594087429010937,stiff,true,0.25
adaptive n0=0.25,30045,0.99636439608574,0.8964538624078204,0.099636439608574,0.12077749946143672,0.5401635474255714,0.0,0.0,0.0,0.0,2.49999999975,1.5223345717496017,0.35482577709889856,stiff,true,0.25
adaptive n0=0.25,30046,0.9841946845033379,0.8856174373480217,0.09802884345033379,0.12302559404194337,0.5863262161645844,0.0,-0.0078125,0.0,0.0,2.49999999975,1.5040563161130827,0.3898299617396117,stiff,true,0.25
adaptive n0=0.25,30047,0.9917687253851328,0.8912441951714395,0.09910525795517995,0.12625398503485089,0.5907544118562328,0.0,-0.0014322916666666666,0.0,0.0,2.49999999975,1.50351930812954,0.3929144166370324,stiff,true,0.25
adaptive n0=0.25,30048,1.0078787259638327,0.9067681875113767,0.10074881009638326,0.12452422204983092,0.5818111028080989,0.0,-0.00078125,0.0,0.0,2.49999999975,1.4746689296554616,0.3945367608335194,stiff,true,0.25
adaptive n0=0.25,30049,0.9759779311490037,0.8788667343757196,0.09746107436490037,0.1246721253901827,0.5895742208894708,0.0,-0.002734375,0.0,0.0,2.49999999975,1.4822836853131216,0.3977472239161342,stiff,true,0.25
adaptive n0=0.5,30000,1.0067875962880797,0.9063751387913598,0.10067224921214131,0.1276961988039179,0.5897000128342884,0.0,-0.00013020833333333333,0.0,0.0,2.49999999975,1.5066228576042808,0.39140519464306106,stiff,true,0.5
adaptive n0=0.5,30001,1.0000292558657145,0.9015324705392093,0.09995735266990478,0.1181896516969435,0.5524874695829558,0.0,-0.0009114583333333333,0.0,0.0,2.49999999975,1.541446956746019,0.35842133079249905,stiff,true,0.5
adaptive n0=0.5,30002,0.990337473487143,0.8900492315277393,0.09889051818204762,0.1204911020287024,0.5679497109939539,0.0,-0.002864583333333333,0.0,0.0,2.49999999975,1.4632631186745395,0.38813915538882504,stiff,true,0.5
adaptive n0=0.5,30003,0.9944663323142218,0.8953958807654802,0.09944663323142218,0.1258165300553527,0.5768138466464183,0.0,0.0,0.0,0.0,2.4999999997500004,1.466603063137229,0.393299223998993,stiff,true,0.5
adaptive n0=0.5,30004,0.9717724840833715,0.873514839675486,0.09716422757500381,0.1226381960628691,0.5644774677588825,0.0,-0.00026041666666666666,0.0,0.0,2.49999999975,1.494924056074571,0.37759608286798807,stiff,true,0.5
adaptive n0=0.5,30005,0.9980849677122867,0.8980848311772024,0.09980849677122867,0.12718053312483174,0.5587969746378862,0.0,0.0,0.0,0.0,2.4999999997499995,1.5279656147358516,0.36571305613738486,stiff,true,0.5
adaptive n0=0.5,30006,0.9488115044351924,0.8530919248033217,0.09456865044351923,0.10396487838399562,0.4962342140997789,0.0,-0.00625,0.0,0.0,2.49999999975,1.4920873241298525,0.33257719308698647,stiff,true,0.5
adaptive n0=0.5,30007,0.9447580412296851,0.8469137003570774,0.09411122078963516,0.12106674112757744,0.5820948845772372,0.0,-0.007291666666666666,0.0,0.0,2.49999999975,1.4098888932100717,0.4128657849427471,stiff,true,0.5
adaptive n0=0.5,30008,0.9580208683100107,0.8599613234587203,0.0955807326643344,0.12397491387472036,0.5863974619539831,0.0,-0.004427083333333333,0.0,0.0,2.49999999975,1.473029606061843,0.3980893931397086,stiff,true,0.5
adaptive n0=0.5,30009,0.983179762547296,0.8844953261043599,0.0983179762547296,0.12534537781593927,0.5651550223567156,0.0,0.0,0.0,0.0,2.49999999975,1.484949316023222,0.38058876236276706,stiff,true,0.5
adaptive n0=0.5,30010,0.9659866009631084,0.8676568948492492,0.09659866009631084,0.12499829994398926,0.5721846359369666,0.0,0.0,0.0,0.0,2.4999999997500004,1.4496893574604446,0.3946946516454501,stiff,true,0.5
adaptive n0=0.5,30011,1.0203511859131487,0.9189597527787086,0.10203511859131487,0.12309368967526754,0.546276978398304,0.0,0.0,0.0,0.0,2.49999999975,1.488947094725809,0.3668881052478909,stiff,true,0.5
adaptive n0=0.5,30012,0.9454027662917937,0.851006916243853,0.0945337662125127,0.11139000222446975,0.5136559014453124,0.0,-0.00013020833333333333,0.0,0.0,2.4999999997499995,1.4744248502530355,0.3483771325185957,stiff,true,0.5
adaptive n0=0.5,30013,0.9918221682836093,0.8919760869232191,0.09898690432836092,0.1189662141273024,0.5596668225392732,0.0,-0.00390625,0.0,0.0,2.49999999975,1.5138459299660212,0.3696986671238302,stiff,true,0.5
adaptive n0=0.5,30014,0.9846783650997403,0.8831678559369862,0.09846783650997402,0.12330681207716106,0.5642930199475309,0.0,0.0,0.0,0.0,2.49999999975,1.4882393199103503,0.3791681972100584,stiff,true,0.5
adaptive n0=0.5,30015,0.9641943591329938,0.8647770419539094,0.09621110257996605,0.12600936724675255,0.59666238878081,0.0,-0.004166666666666667,0.0,0.0,2.49999999975,1.4964688376700814,0.3987135406773856,stiff,true,0.5
adaptive n0=0.5,30016,1.0284399671206945,0.9255133218012279,0.10277889254540278,0.1251866183877931,0.5859666230479238,0.0,-0.0013020833333333333,0.0,0.0,2.4999999997500004,1.5206851622196802,0.38533066383880077,stiff,true,0.5
adaptive n0=0.5,30017,0.9714830334005191,0.8717512935041702,0.09624986584005192,0.12231530115015328,0.5957205362876457,0.0,-0.01796875,0.0,0.0,2.4999999997500004,1.4937829604607864,0.39879992746997467,stiff,true,0.5
adaptive n0=0.5,30018,0.9902006838614197,0.8907471137875066,0.09902006838614197,0.11372748409295756,0.5184700441716259,0.0,0.0,0.0,0.0,2.49999999975,1.4958777596911819,0.3465992062604514,stiff,true,0.5
adaptive n0=0.5,30019,0.9670704298462682,0.8686141628478945,0.09670704298462682,0.11915637315965838,0.5265208798771218,0.0,0.0,0.0,0.0,2.49999999975,1.482638161480509,0.35512432740255184,stiff,true,0.5
adaptive n0=0.5,30020,1.009045884916103,0.9096548142495028,0.10072880724161029,0.11448451834635023,0.5431998493414203,0.0,-0.003515625,0.0,0.0,2.49999999975,1.5216662141265704,0.3569770060599095,stiff,true,0.5
adaptive n0=0.5,30021,0.9677905310640633,0.8692351946004353,0.09677905310640633,0.12234537598015535,0.5591060899041013,0.0,0.0,0.0,0.0,2.49999999975,1.4725126240852369,0.3796952778258404,stiff,true,0.5
adaptive n0=0.5,30022,0.9518494217153464,0.8537681571441798,0.09486593175486797,0.12956375718270524,0.6231252738636868,0.0,-0.006380208333333333,0.0,0.0,2.49999999975,1.4458818801225024,0.4309655459620896,stiff,true,0.5
adaptive n0=0.5,30023,0.9683951523314241,0.8725955836943604,0.09683951523314241,0.12098906465611627,0.5542210793532918,0.0,0.0,0.0,0.0,2.4999999997500004,1.5042316993313212,0.36844129770677,stiff,true,0.5
adaptive n0=0.5,30024,0.9751592967501085,0.8771178863905015,0.09751592967501085,0.12440302491122916,0.5691419014925723,0.0,0.0,0.0,0.0,2.49999999975,1.4971232543900204,0.38015701100338617,stiff,true,0.5
adaptive n0=0.5,30025,0.9446275556496321,0.8490345494810456,0.0943065055649632,0.1222315004104202,0.5782829350811489,0.0,-0.003125,0.0,0.0,2.49999999975,1.472789143232803,0.39264475688067996,stiff,true,0.5
adaptive n0=0.5,30026,1.0070921427521877,0.9064867495560007,0.10065062052521878,0.12219982875927017,0.5698988169075837,0.0,-0.001171875,0.0,0.0,2.4999999997500004,1.4988055678384853,0.38023532146966066,stiff,true,0.5
adaptive n0=0.5,30027,0.9839390813358629,0.8847412239884511,0.0981790643835863,0.12472084618716771,0.5914135603510285,0.0,-0.004296875,0.0,0.0,2.49999999975,1.483760159284163,0.39859107730480836,stiff,true,0.5
adaptive n0=0.5,30028,0.9498394152088834,0.8519548672295068,0.094326389437555,0.1296418890162357,0.6311019914612062,0.0,-0.013151041666666667,0.0,0.0,2.49999999975,1.5025725072035268,0.42001433437363034,stiff,true,0.5
adaptive n0=0.5,30029,0.9903993088584031,0.8923661254468092,0.09894227463584032,0.11667281071407949,0.5491708032881525,0.0,-0.001953125,0.0,0.0,2.49999999975,1.493852548778607,0.36762048820491794,stiff,true,0.5
adaptive n0=0.5,30030,0.9406789615175069,0.8430773155150986,0.09406789615175068,0.12310295432275231,0.555721812004188,0.0,0.0,0.0,0.0,2.49999999975,1.4257976250381028,0.3897620547581828,stiff,true,0.5
adaptive n0=0.5,30031,0.9826685185859318,0.8825791573247026,0.09808456019192652,0.12641411278301196,0.6006872634197398,0.0,-0.0036458333333333334,0.0,0.0,2.49999999975,1.5070492199447019,0.3985850332358626,stiff,true,0.5
adaptive n0=0.5,30032,0.9840436674100838,0.8851638987135455,0.0983783250743417,0.12187581517517904,0.5670955769316165,0.0,-0.0005208333333333333,0.0,0.0,2.49999999975,1.5697340856437916,0.3612685626935564,stiff,true,0.5
adaptive n0=0.5,30033,0.9970895885250779,0.8958637955482229,0.09966338593584112,0.12743816397242352,0.5976819007615432,0.0,-0.0009114583333333333,0.0,0.0,2.49999999975,1.4241632079570685,0.4196723363040006,stiff,true,0.5
adaptive n0=0.5,30034,0.975675414727872,0.8776496999891428,0.0975675414727872,0.11088013458525907,0.5058961173018661,0.0,0.0,0.0,0.0,2.4999999997499995,1.487980688481217,0.3399883622268207,stiff,true,0.5
adaptive n0=0.5,30035,0.9862759888212091,0.8862080012927888,0.09862759888212091,0.13172791385738591,0.6054013012762475,0.0,0.0,0.0,0.0,2.49999999975,1.43809699858565,0.4209738994460401,stiff,true,0.5
adaptive n0=0.5,30036,0.9783311807417955,0.8789841015496456,0.09742296182417955,0.12471637292661478,0.598573317882544,0.0,-0.008203125,0.0,0.0,2.4999999997500004,1.4718785459695147,0.40667303665892385,stiff,true,0.5
adaptive n0=0.5,30037,0.9585109508074035,0.8619448302400128,0.09570135549740702,0.11753776772397265,0.5528878776265191,0.0,-0.002994791666666667,0.0,0.0,2.4999999997500004,1.4344176993671804,0.3854441268191516,stiff,true,0.5
adaptive n0=0.5,30038,0.9731387470110924,0.8757577949008987,0.09731387470110923,0.12124463429823434,0.5437880240108325,0.0,0.0,0.0,0.0,2.49999999975,1.5132820357862435,0.3593434740856492,stiff,true,0.5
adaptive n0=0.5,30039,0.9950363194215437,0.8954191771409323,0.09904139235882103,0.12408762934373067,0.6016425756239987,0.0,-0.009244791666666667,0.0,0.0,2.49999999975,1.5421929999624582,0.3901214540843102,stiff,true,0.5
adaptive n0=0.5,30040,0.9949531139136243,0.8955692718048425,0.09865546764136243,0.12141761635277018,0.5930484019383666,0.0,-0.016796875,0.0,0.0,2.49999999975,1.5133524553503634,0.3918772522829569,stiff,true,0.5
adaptive n0=0.5,30041,0.9845809031853267,0.8847855396829707,0.09845809031853267,0.12382297629696448,0.5711478655289584,0.0,0.0,0.0,0.0,2.49999999975,1.5259357264855353,0.37429352731939747,stiff,true,0.5
adaptive n0=0.5,30042,1.0150073540147677,0.9116598910094018,0.09908537081814345,0.11949049196771258,0.6104943597396759,0.0,-0.04830729166666667,0.0,0.0,2.49999999975,1.5414961270946752,0.39604015151844796,stiff,true,0.5
adaptive n0=0.5,30043,1.0010187077998924,0.8988668750076914,0.09978286036332258,0.12191879415049484,0.5834222761737728,0.0,-0.006380208333333333,0.0,0.0,2.49999999975,1.4760534481136638,0.3952582319558704,stiff,true,0.5
adaptive n0=0.5,30044,0.9657432762952816,0.8680500781819331,0.09657432762952815,0.11890740887967306,0.5220380274888348,0.0,0.0,0.0,0.0,2.4999999997500004,1.4525352665164009,0.35939783323872937,stiff,true,0.5
adaptive n0=0.5,30045,0.9963655489258905,0.8964549256948938,0.09963655489258905,0.12077749946143672,0.5401635474255714,0.0,0.0,0.0,0.0,2.4999999997499995,1.5223318336421274,0.3548264152981997,stiff,true,0.5
adaptive n0=0.5,30046,0.9841983901922035,0.885620860957267,0.09802921401922035,0.12302559404194337,0.5863262161645844,0.0,-0.0078125,0.0,0.0,2.49999999975,1.504074898470034,0.38982514551702413,stiff,true,0.5
adaptive n0=0.5,30047,0.9917714976355491,0.8912467273810941,0.09910553518022157,0.12625398503485089,0.5907544118562328,0.0,-0.0014322916666666666,0.0,0.0,2.49999999975,1.503576281377247,0.39289952839314085,stiff,true,0.5
adaptive n0=0.5,30048,1.007874113066936,0.9067638861074616,0.10074834880669359,0.12452422204983092,0.5818111028080989,0.0,-0.00078125,0.0,0.0,2.4999999997499995,1.4746307135700771,0.39454698552937073,stiff,true,0.5
adaptive n0=0.5,30049,0.9759766091868088,0.8788655312249568,0.09746094216868088,0.1246721253901827,0.5895742208894708,0.0,-0.002734375,0.0,0.0,2.49999999975,1.4822722825768055,0.39775028368239174,stiff,true,0.5
adaptive n0=1.0,30000,1.0067738210604504,0.9063624228221977,0.10067087168937838,0.1276961988039179,0.5897000128342884,0.0,-0.00013020833333333333,0.0,0.0,2.49999999975,1.506539204727356,0.3914269280108171,stiff,true,1.0
adaptive n0=1.0,30001,1.0000774541329267,0.9015782575384723,0.099962172496626,0.11818976184213509,0.55248798446592,0.0,-0.0009114583333333333,0.0,0.0,2.49999999975,1.54147200822095,0.358415839872149,stiff,true,1.0
adaptive n0=1.0,30002,0.9903518564121415,0.8900626230930468,0.09889195647454749,0.1204911020287024,0.5679497109939539,0.0,-0.002864583333333333,0.0,0.0,2.49999999975,1.463301887193848,0.3881288720833283,stiff,true,1.0
adaptive n0=1.0,30003,0.9944408717606241,0.8953718636956552,0.09944408717606242,0.1258165300553527,0.5768138466464183,0.0,0.0,0.0,0.0,2.49999999975,1.46655012973486,0.39331341967198996,stiff,true,1.0
adaptive n0=1.0,30004,0.9717729088272826,0.8735152261859305,0.09716427004939493,0.1226381960628691,0.5644774677588825,0.0,-0.00026041666666666666,0.0,0.0,2.4999999997500004,1.4949316700890858,0.37759415968841187,stiff,true,1.0
adaptive n0=1.0,30005,0.9980864364081699,0.8980861588988929,0.09980864364081699,0.12718053312483174,0.5587969746378862,0.0,0.0,0.0,0.0,2.49999999975,1.5280222553502485,0.3656994999132395,stiff,true,1.0
adaptive n0=1.0,30006,0.9488011823725233,0.8530824295611925,0.09456761823725232,0.10396487838399562,0.4962342140997789,0.0,-0.00625,0.0,0.0,2.49999999975,1.492015225891779,0.3325932641224752,stiff,true,1.0
adaptive n0=1.0,30007,0.949918102985783,0.8516685958154627,0.09462722696524498,0.1210854406681627,0.5821847928940651,0.0,-0.007291666666666666,0.0,0.0,2.49999999975,1.418677584982044,0.4103714607582481,stiff,true,1.0
adaptive n0=1.0,30008,0.9580206432534734,0.85996113183995,0.09558071015868067,0.12397491387472036,0.5863974619539831,0.0,-0.004427083333333333,0.0,0.0,2.49999999975,1.4730346498090945,0.3980880300609224,stiff,true,1.0
adaptive n0=1.0,30009,0.9831802319504056,0.8844957568063642,0.09831802319504056,0.12534537781593927,0.5651550223567156,0.0,0.0,0.0,0.0,2.49999999975,1.4849570517809687,0.3805867797179066,stiff,true,1.0
adaptive n0=1.0,30010,0.9659775655707609,0.867648433533761,0.09659775655707609,0.12499829994398926,0.5721846359369666,0.0,0.0,0.0,0.0,2.4999999997500004,1.4496862087145523,0.39469550892970623,stiff,true,1.0
adaptive n0=1.0,30011,1.0203175117154855,0.9189280590380382,0.10203175117154854,0.12309368967526754,0.546276978398304,0.0,0.0,0.0,0.0,2.49999999975,1.4888046110358344,0.3669232176935779,stiff,true,1.0
adaptive n0=1.0,30012,0.9454007013625314,0.8510050687483937,0.09453355971958648,0.11138984528707224,0.513655177755405,0.0,-0.00013020833333333333,0.0,0.0,2.49999999975,1.4743867171564466,0.3483856519991297,stiff,true,1.0
adaptive n0=1.0,30013,0.9918236546629792,0.8919774476781216,0.09898705296629792,0.1189662141273024,0.5596668225392732,0.0,-0.00390625,0.0,0.0,2.49999999975,1.5138461304389252,0.3696986181660373,stiff,true,1.0
adaptive n0=1.0,30014,0.9908644990861043,0.8890798558635122,0.09908644990861043,0.12330681207716106,0.5642930199475309,0.0,0.0,0.0,0.0,2.4999999997499995,1.4927177860886094,0.37803061315840303,stiff,true,1.0
adaptive n0=1.0,30015,0.9642061420034125,0.8647879024139922,0.09621228086700792,0.12600936724675255,0.59666238878081,0.0,-0.004166666666666667,0.0,0.0,2.49999999975,1.4964350958700168,0.3987225309186662,stiff,true,1.0
adaptive n0=1.0,30016,1.0284329379448487,0.9255067764242284,0.10277818962781819,0.12518656593275923,0.5859663775192926,0.0,-0.0013020833333333333,0.0,0.0,2.49999999975,1.5206798676875914,0.38533184397998066,stiff,true,1.0
adaptive n0=1.0,30017,0.9714759435159519,0.8717447214435065,0.09624915685159519,0.12231530115015328,0.5957205362876457,0.0,-0.01796875,0.0,0.0,2.49999999975,1.4937643973261676,0.3988048833898994,stiff,true,1.0
adaptive n0=1.0,30018,0.9902021775637793,0.8907484666234309,0.09902021775637793,0.11372748409295756,0.5184700441716259,0.0,0.0,0.0,0.0,2.49999999975,1.4958751357635243,0.3465998142331502,stiff,true,1.0
adaptive n0=1.0,30019,0.9670647177696149,0.8686088931650315,0.09670647177696148,0.11915602221101787,0.5265193291267751,0.0,0.0,0.0,0.0,2.49999999975,1.4825884292520914,0.3551351937856306,stiff,true,1.0
adaptive n0=1.0,30020,1.0090275623914071,0.9096375110249857,0.10072697498914071,0.11448447257547878,0.5431996321703054,0.0,-0.003515625,0.0,0.0,2.49999999975,1.5216382965131525,0.3569834128222536,stiff,true,1.0
adaptive n0=1.0,30021,0.967788610558569,0.8692333756340926,0.0967788610558569,0.12234554355542734,0.5591068557062767,0.0,0.0,0.0,0.0,2.49999999975,1.4725597155976748,0.37968365546340466,stiff,true,1.0
adaptive n0=1.0,30022,0.9518580508835428,0.8537762233300423,0.0948667946716876,0.12956375718270524,0.6231252738636868,0.0,-0.006380208333333333,0.0,0.0,2.49999999975,1.4459374131187075,0.43094899420278704,stiff,true,1.0
adaptive n0=1.0,30023,0.9683886540334035,0.8725895907653272,0.09683886540334034,0.12098902334902167,0.5542208901356743,0.0,0.0,0.0,0.0,2.4999999997500004,1.5041886071844095,0.3684517270564118,stiff,true,1.0
adaptive n0=1.0,30024,0.9751473705962069,0.8771069340725205,0.09751473705962069,0.12440292449284533,0.5691414420800301,0.0,0.0,0.0,0.0,2.49999999975,1.4970180775259636,0.38018341302906494,stiff,true,1.0
adaptive n0=1.0,30025,0.9446275799426964,0.8490346089721352,0.09430650799426964,0.12223143539576269,0.5782826274937688,0.0,-0.003125,0.0,0.0,2.49999999975,1.4727807415015768,0.3926467879422293,stiff,true,1.0
adaptive n0=1.0,30026,1.007092341338006,0.9064869308235748,0.1006506403838006,0.12219982875927017,0.5698988169075837,0.0,-0.001171875,0.0,0.0,2.49999999975,1.498800655626464,0.38023656766374925,stiff,true,1.0
adaptive n0=1.0,30027,0.9839183907971599,0.8847218102542764,0.098176995329716,0.12472084618716771,0.5914135603510285,0.0,-0.004296875,0.0,0.0,2.49999999975,1.4837311719574426,0.3985988644902527,stiff,true,1.0
adaptive n0=1.0,30028,0.9499170544071777,0.8520260545197151,0.09433415335738445,0.1296418890162357,0.6311019914612062,0.0,-0.013151041666666667,0.0,0.0,2.49999999975,1.50296384356161,0.41990497254123454,stiff,true,1.0
adaptive n0=1.0,30029,0.9904138316280628,0.8923799442321844,0.0989437269128063,0.11667281071407949,0.5491708032881525,0.0,-0.001953125,0.0,0.0,2.49999999975,1.4938673317685023,0.3676168503116145,stiff,true,1.0
adaptive n0=1.0,30030,0.9389104312623996,0.8414297937034964,0.09389104312623996,0.12310295432275231,0.555721812004188,0.0,0.0,0.0,0.0,2.49999999975,1.4217604030873232,0.39086882065181283,stiff,true,1.0
adaptive n0=1.0,30031,0.9826632232303784,0.8825743095756549,0.09808403065637117,0.12641411278301196,0.6006872634197398,0.0,-0.0036458333333333334,0.0,0.0,2.49999999975,1.5069967613887227,0.3985989079805297,stiff,true,1.0
adaptive n0=1.0,30032,0.9840466120877422,0.885166600637108,0.09837861954210755,0.12187581517517904,0.5670955769316165,0.0,-0.0005208333333333333,0.0,0.0,2.49999999975,1.5696969743052418,0.36127710393441814,stiff,true,1.0
adaptive n0=1.0,30033,0.9970909039467073,0.8958650706640053,0.09966351747800406,0.12743816397242352,0.5976819007615432,0.0,-0.0009114583333333333,0.0,0.0,2.49999999975,1.4241800965572082,0.4196673596312506,stiff,true,1.0
adaptive n0=1.0,30034,0.9756728874552008,0.8776473671074114,0.09756728874552008,0.11088007388721875,0.5058958403640444,0.0,0.0,0.0,0.0,2.49999999975,1.487968807327068,0.33999089085262274,stiff,true,1.0
adaptive n0=1.0,30035,0.9862725132977769,0.8862048315936485,0.09862725132977769,0.13172791385738591,0.6054013012762475,0.0,0.0,0.0,0.0,2.4999999997500004,1.4380543534997736,0.4209863833052558,stiff,true,1.0
adaptive n0=1.0,30036,0.9783292405019427,0.8789823137674533,0.09742276780019427,0.12471637292661478,0.598573317882544,0.0,-0.008203125,0.0,0.0,2.49999999975,1.4718901033086373,0.4066698434462063,stiff,true,1.0
adaptive n0=1.0,30037,0.9584948971462812,0.8619298234841626,0.0956997501312948,0.11753776772397265,0.5528878776265191,0.0,-0.002994791666666667,0.0,0.0,2.49999999975,1.4344002333537074,0.38544882019005017,stiff,true,1.0
adaptive n0=1.0,30038,0.9731398747107138,0.8757588237312725,0.09731398747107138,0.12124463429823434,0.5437880240108325,0.0,0.0,0.0,0.0,2.49999999975,1.513300353177218,0.35933912449642513,stiff,true,1.0
adaptive n0=1.0,30039,0.9950329242761787,0.895416091923555,0.09904105284428454,0.12408762934373067,0.6016425756239987,0.0,-0.009244791666666667,0.0,0.0,2.49999999975,1.5421614105731662,0.39012944527018717,stiff,true,1.0
adaptive n0=1.0,30040,0.9949537673782645,0.8955699228862746,0.09865553298782645,0.12141761635277018,0.5930484019383666,0.0,-0.016796875,0.0,0.0,2.49999999975,1.5133346023419583,0.3918818753107182,stiff,true,1.0
adaptive n0=1.0,30041,0.9845796998291201,0.8847844446102276,0.09845796998291201,0.12382297629696448,0.5711478655289584,0.0,0.0,0.0,0.0,2.49999999975,1.5258892981554903,0.37430491597219234,stiff,true,1.0
adaptive n0=1.0,30042,1.0150477070463317,0.911697827429955,0.09908940612129985,0.11949049196771258,0.6104943597396759,0.0,-0.04830729166666667,0.0,0.0,2.49999999975,1.5415729331724637,0.3960204195355944,stiff,true,1.0
adaptive n0=1.0,30043,1.0010188258838557,0.8988669795484321,0.09978287217171891,0.12191879415049484,0.5834222761737728,0.0,-0.006380208333333333,0.0,0.0,2.4999999997499995,1.4760552528580781,0.39525774868122,stiff,true,1.0
adaptive n0=1.0,30044,0.9657486204808956,0.8680549982250025,0.09657486204808956,0.11890740887967306,0.5220380274888348,0.0,0.0,0.0,0.0,2.49999999975,1.452572177971483,0.3593887005448919,stiff,true,1.0
adaptive n0=1.0,30045,0.9963665059145159,0.8964558085202498,0.09963665059145159,0.12077749946143672,0.5401635474255714,0.0,0.0,0.0,0.0,2.49999999975,1.522333033411165,0.3548261356552192,stiff,true,1.0
adaptive n0=1.0,30046,0.9842019271558093,0.885624131707059,0.09802956771558094,0.12302559404194337,0.5863262161645844,0.0,-0.0078125,0.0,0.0,2.49999999975,1.504089771581062,0.3898212907519827,stiff,true,1.0
adaptive n0=1.0,30047,0.9917732999604686,0.8912483737532259,0.09910571541271353,0.12625398503485089,0.5907544118562328,0.0,-0.0014322916666666666,0.0,0.0,2.4999999997499995,1.5036120812700793,0.392890173745632,stiff,true,1.0
adaptive n0=1.0,30048,1.0078690320009747,0.9067591488626536,0.10074784070009746,0.12452422204983092,0.5818111028080989,0.0,-0.00078125,0.0,0.0,2.49999999975,1.474596274724028,0.394556200080585,stiff,true,1.0
adaptive n0=1.0,30049,0.9759751993424302,0.878864247891963,0.09746080118424302,0.1246721253901827,0.5895742208894708,0.0,-0.002734375,0.0,0.0,2.49999999975,1.4822654111367175,0.3977521275608388,stiff,true,1.0
adaptive n0=0.02,30000,1.0063358174060473,0.9059585949269834,0.10062707132393807,0.1276961988039179,0.5897000128342884,0.0,-0.00013020833333333333,0.0,0.0,2.49999999975,1.5032474459304632,0.39228406103779045,stiff,pessimistic,0.02
adaptive n0=0.02,30001,1.0002283992873864,0.9017300130844979,0.09997726701207198,0.11816499285544944,0.5523721997539623,0.0,-0.0009114583333333333,0.0,0.0,2.49999999975,1.5358385380726653,0.35965512393453686,stiff,pessimistic,0.02
adaptive n0=0.02,30002,0.990143779816555,0.8898720750876048,0.09887114881498883,0.1204911020287024,0.5679497109939539,0.0,-0.002864583333333333,0.0,0.0,2.49999999975,1.4593206177708558,0.3891877522168566,stiff,pessimistic,0.02
adaptive n0=0.02,30003,0.9939414778353206,0.8949022963093348,0.09939414778353206,0.1258165300553527,0.5768138466464183,0.0,0.0,0.0,0.0,2.49999999975,1.4636984610380115,0.3940796974243992,stiff,pessimistic,0.02
adaptive n0=0.02,30004,0.9713991698056494,0.8731702634020815,0.0971268961472316,0.1226381960628691,0.5644774677588825,0.0,-0.00026041666666666666,0.0,0.0,2.49999999975,1.494633472492145,0.3776694943260406,stiff,pessimistic,0.02
adaptive n0=0.02,30005,0.9977287445669001,0.8977537530249912,0.09977287445669,0.12718053312483174,0.5587969746378862,0.0,0.0,0.0,0.0,2.49999999975,1.5229326913443333,0.36692164914039715,stiff,pessimistic,0.02
adaptive n0=0.02,30006,0.9479824003487609,0.852323536798157,0.09448574003487609,0.10396487838399562,0.4962342140997789,0.0,-0.00625,0.0,0.0,2.49999999975,1.4874915012738104,0.3336047390353691,stiff,pessimistic,0.02
adaptive n0=0.02,30007,0.9491357895716358,0.8509828144578355,0.09454899562383025,0.12107452890335914,0.5821323285887183,0.0,-0.007291666666666666,0.0,0.0,2.49999999975,1.413549109386175,0.41182320778476933,stiff,pessimistic,0.02
adaptive n0=0.02,30008,0.9586863563078758,0.860575782575164,0.09564728146412091,0.12397491387472036,0.5863974619539831,0.0,-0.004427083333333333,0.0,0.0,2.49999999975,1.4713935692518665,0.3985320271938787,stiff,pessimistic,0.02
adaptive n0=0.02,30009,0.9830391074230637,0.8843663522308164,0.09830391074230636,0.12534537781593927,0.5651550223567156,0.0,0.0,0.0,0.0,2.49999999975,1.4817453376686616,0.3814117095491695,stiff,pessimistic,0.02
adaptive n0=0.02,30010,0.965260083254649,0.866985457152865,0.0965260083254649,0.12499829994398926,0.5721846359369666,0.0,0.0,0.0,0.0,2.49999999975,1.4466903388636423,0.3955128617133164,stiff,pessimistic,0.02
adaptive n0=0.02,30011,1.0194233270515158,0.9180942791220537,0.10194233270515159,0.12309368967526754,0.546276978398304,0.0,0.0,0.0,0.0,2.49999999975,1.4802601391761339,0.36904120021926995,stiff,pessimistic,0.02
adaptive n0=0.02,30012,0.9453307636725823,0.8509426084104909,0.09452656595059157,0.11137982362195607,0.5136089645645762,0.0,-0.00013020833333333333,0.0,0.0,2.49999999975,1.4719516243738475,0.3489306007478744,stiff,pessimistic,0.02
adaptive n0=0.02,30013,0.9912687515339818,0.8914585023758049,0.09893156265339817,0.1189662141273024,0.5596668225392732,0.0,-0.00390625,0.0,0.0,2.49999999975,1.505415367365151,0.37176903774991255,stiff,pessimistic,0.02
adaptive n0=0.02,30014,0.99030177141703,0.8885564567890398,0.09903017714170301,0.12330681207716106,0.5642930199475309,0.0,0.0,0.0,0.0,2.49999999975,1.4893401176427168,0.37888794726128583,stiff,pessimistic,0.02
adaptive n0=0.02,30015,0.9641653571674091,0.8647527492478828,0.09620820238340758,0.12600936724675255,0.59666238878081,0.0,-0.004166666666666667,0.0,0.0,2.49999999975,1.49091663821853,0.4001983568268119,stiff,pessimistic,0.02
adaptive n0=0.02,30016,1.0280434440392066,0.9251473304664226,0.10273924023725398,0.1251540361645894,0.585814113973488,0.0,-0.0013020833333333333,0.0,0.0,2.4999999997500004,1.5173964859261617,0.38606528972942045,stiff,pessimistic,0.02
adaptive n0=0.02,30017,0.9709086556342443,0.8712215742568301,0.09619242806342444,0.12231530115015328,0.5957205362876457,0.0,-0.01796875,0.0,0.0,2.49999999975,1.4885945309138735,0.4001899267505186,stiff,pessimistic,0.02
adaptive n0=0.02,30018,0.9899105023014392,0.8904800052442329,0.09899105023014391,0.11372748409295756,0.5184700441716259,0.0,0.0,0.0,0.0,2.49999999975,1.492746740945372,0.347326194022218,stiff,pessimistic,0.02
adaptive n0=0.02,30019,0.9666462752922603,0.8682221851216438,0.09666462752922603,0.11913123988025001,0.5264098224822265,0.0,0.0,0.0,0.0,2.49999999975,1.4790765748312984,0.3559043740127303,stiff,pessimistic,0.02
adaptive n0=0.02,30020,1.009041904598736,0.9096557889933623,0.10072840920987361,0.11447675957216367,0.5431630359361661,0.0,-0.003515625,0.0,0.0,2.49999999975,1.5169338056866093,0.3580664059960839,stiff,pessimistic,0.02
adaptive n0=0.02,30021,0.9680443800349501,0.8694670204998887,0.096804438003495,0.1223410449284765,0.5590862974325842,0.0,0.0,0.0,0.0,2.49999999975,1.4712955246191894,0.3799959206545474,stiff,pessimistic,0.02
adaptive n0=0.02,30022,0.9520994774368945,0.8540041932768014,0.09489093732702278,0.12956375718270524,0.6231252738636868,0.0,-0.006380208333333333,0.0,0.0,2.49999999975,1.4443010925998494,0.43143723774522313,stiff,pessimistic,0.02
adaptive n0=0.02,30023,0.9677920748443322,0.8720354643769328,0.09677920748443322,0.12098180667331415,0.5541878323232899,0.0,0.0,0.0,0.0,2.49999999975,1.4966600687229357,0.3702830348084086,stiff,pessimistic,0.02
adaptive n0=0.02,30024,0.9737461674241339,0.8758074828687781,0.09737461674241339,0.12439599912845668,0.569109758645809,0.0,0.0,0.0,0.0,2.4999999997500004,1.489764544050304,0.38201322545812466,stiff,pessimistic,0.02
adaptive n0=0.02,30025,0.9430908689202906,0.8476350513535141,0.09415283689202905,0.12214677024305476,0.5778820727035336,0.0,-0.003125,0.0,0.0,2.4999999997500004,1.461839610929712,0.3953115433340924,stiff,pessimistic,0.02
adaptive n0=0.02,30026,1.0070670850038037,0.9064719748892734,0.10064811475038038,0.12219982875927017,0.5698988169075837,0.0,-0.001171875,0.0,0.0,2.49999999975,1.4920357129331634,0.38196057370988185,stiff,pessimistic,0.02
adaptive n0=0.02,30027,0.9833400079107927,0.8841948701580773,0.09811915704107928,0.12472084618716771,0.5914135603510285,0.0,-0.004296875,0.0,0.0,2.49999999975,1.476182275242262,0.40063721822833115,stiff,pessimistic,0.02
adaptive n0=0.02,30028,0.9484118681547584,0.8506347522099297,0.0941836347321425,0.1296418890162357,0.6311019914612062,0.0,-0.013151041666666667,0.0,0.0,2.49999999975,1.493905990677884,0.42245094095568453,stiff,pessimistic,0.02
adaptive n0=0.02,30029,0.9904273575390026,0.8923933170746771,0.09894507950390027,0.11667281071407949,0.5491708032881525,0.0,-0.001953125,0.0,0.0,2.49999999975,1.4903911293861807,0.36847428333415344,stiff,pessimistic,0.02
adaptive n0=0.02,30030,0.9375559352181629,0.8401744486412241,0.0937555935218163,0.12310295432275231,0.555721812004188,0.0,0.0,0.0,0.0,2.4999999997500004,1.4180241244455982,0.3918987007512706,stiff,pessimistic,0.02
adaptive n0=0.02,30031,0.9821932400608485,0.8821396653978164,0.09803703233941818,0.12641411278301196,0.6006872634197398,0.0,-0.0036458333333333334,0.0,0.0,2.49999999975,1.501394684542195,0.4000861796063313,stiff,pessimistic,0.02
adaptive n0=0.02,30032,0.9840049269655641,0.8851275918172534,0.09837445102988973,0.12187581517517904,0.5670955769316165,0.0,-0.0005208333333333333,0.0,0.0,2.49999999975,1.5671417006108361,0.36186617758341544,stiff,pessimistic,0.02
adaptive n0=0.02,30033,0.9970828531818028,0.8958629523164023,0.09966271240151361,0.12743816397242352,0.5976819007615432,0.0,-0.0009114583333333333,0.0,0.0,2.49999999975,1.423501434485495,0.4198674383335392,stiff,pessimistic,0.02
adaptive n0=0.02,30034,0.9746925847013516,0.87673971159365,0.09746925847013516,0.1108529735569921,0.5057721937623287,0.0,0.0,0.0,0.0,2.49999999975,1.482664135238354,0.34112391454118535,stiff,pessimistic,0.02
adaptive n0=0.02,30035,0.9856458248377296,0.8856346222915491,0.09856458248377295,0.13172791385738591,0.6054013012762475,0.0,0.0,0.0,0.0,2.49999999975,1.4325899008335203,0.42259218840228335,stiff,pessimistic,0.02
adaptive n0=0.02,30036,0.9786035742918412,0.8792368892171457,0.09745020117918411,0.12471637292661478,0.598573317882544,0.0,-0.008203125,0.0,0.0,2.49999999975,1.4705727202197143,0.4070341504724178,stiff,pessimistic,0.02
adaptive n0=0.02,30037,0.9570819827925836,0.8606194582399995,0.09555845869592502,0.11753776772397265,0.5528878776265191,0.0,-0.002994791666666667,0.0,0.0,2.49999999975,1.4289878931456934,0.3869087206956127,stiff,pessimistic,0.02
adaptive n0=0.02,30038,0.9728080821346197,0.8754539389732717,0.09728080821346197,0.12124463429823434,0.5437880240108325,0.0,0.0,0.0,0.0,2.4999999997500004,1.5097296930772184,0.36018899707963764,stiff,pessimistic,0.02
adaptive n0=0.02,30039,0.9948705368531671,0.8952689466984451,0.09902481410198337,0.12408762934373067,0.6016425756239987,0.0,-0.009244791666666667,0.0,0.0,2.49999999975,1.540498764098902,0.3905505084750412,stiff,pessimistic,0.02
adaptive n0=0.02,30040,0.9949051871251995,0.8955256723695344,0.09865067496251993,0.12141761635277018,0.5930484019383666,0.0,-0.016796875,0.0,0.0,2.49999999975,1.5040765479437024,0.39429402895029014,stiff,pessimistic,0.02
adaptive n0=0.02,30041,0.9843385040795651,0.884563787011774,0.09843385040795652,0.12382297629696448,0.5711478655289584,0.0,0.0,0.0,0.0,2.49999999975,1.5221122625037378,0.37523373249057956,stiff,pessimistic,0.02
adaptive n0=0.02,30042,1.0151146903531278,0.9117728184413707,0.09909610445197946,0.11949049196771258,0.6104943597396759,0.0,-0.04830729166666667,0.0,0.0,2.49999999975,1.5369834983756068,0.3972029370418678,stiff,pessimistic,0.02
adaptive n0=0.02,30043,1.0006525858302846,0.8985261750337648,0.0997462481663618,0.12191879415049484,0.5834222761737728,0.0,-0.006380208333333333,0.0,0.0,2.49999999975,1.4731420183460757,0.3960393966827394,stiff,pessimistic,0.02
adaptive n0=0.02,30044,0.9657241465698033,0.868034754293902,0.09657241465698033,0.11890740887967306,0.5220380274888348,0.0,0.0,0.0,0.0,2.4999999997500004,1.4493481188839852,0.36018815679066124,stiff,pessimistic,0.02
adaptive n0=0.02,30045,0.9963451832548013,0.8964397146946507,0.09963451832548012,0.12077749946143672,0.5401635474255714,0.0,0.0,0.0,0.0,2.49999999975,1.5199706583058896,0.355377615004503,stiff,pessimistic,0.02
adaptive n0=0.02,30046,0.9839536010320628,0.8853976747461431,0.09800473510320627,0.12302559404194337,0.5863262161645844,0.0,-0.0078125,0.0,0.0,2.49999999975,1.5012041278743502,0.3905706128018717,stiff,pessimistic,0.02
adaptive n0=0.02,30047,0.9916448124778267,0.8911282883433148,0.09909286666444933,0.12625398503485089,0.5907544118562328,0.0,-0.0014322916666666666,0.0,0.0,2.4999999997499995,1.5005207335953985,0.3936995994988525,stiff,pessimistic,0.02
adaptive n0=0.02,30048,1.0077336849398408,0.9066349469225818,0.10073430599398407,0.12452422204983092,0.5818111028080989,0.0,-0.00078125,0.0,0.0,2.49999999975,1.4726595028913008,0.3950751016550791,stiff,pessimistic,0.02
adaptive n0=0.02,30049,0.9750235109557224,0.8779953539647345,0.09736563234557224,0.1246721253901827,0.5895742208894708,0.0,-0.002734375,0.0,0.0,2.49999999975,1.4729349164894707,0.4002717392935707,stiff,pessimistic,0.02
adaptive n0=0.05,30000,1.0063122243945686,0.9059370654684082,0.10062471202279019,0.1276961988039179,0.5897000128342884,0.0,-0.00013020833333333333,0.0,0.0,2.49999999975,1.5029750155795885,0.3923551667336824,stiff,pessimistic,0.05
adaptive n0=0.05,30001,1.0003067487025499,0.9018048492456047,0.09998510195358833,0.11816363682710074,0.5523658608853702,0.0,-0.0009114583333333333,0.0,0.0,2.4999999997500004,1.5355301223380955,0.3597232335919942,stiff,pessimistic,0.05
adaptive n0=0.05,30002,0.9900119710960261,0.8897514338167443,0.09885796794293594,0.1204911020287024,0.5679497109939539,0.0,-0.002864583333333333,0.0,0.0,2.4999999997500004,1.4580861813463337,0.3895172440832912,stiff,pessimistic,0.05
adaptive n0=0.05,30003,0.9937965275842391,0.8947666679498286,0.0993796527584239,0.1258165300553527,0.5768138466464183,0.0,0.0,0.0,0.0,2.49999999975,1.4631444471351918,0.3942289141552692,stiff,pessimistic,0.05
adaptive n0=0.05,30004,0.9713875824808551,0.8731596090612224,0.09712573741475218,0.1226381960628691,0.5644774677588825,0.0,-0.00026041666666666666,0.0,0.0,2.49999999975,1.4944117487032562,0.377725528622681,stiff,pessimistic,0.05
adaptive n0=0.05,30005,0.9977221468514672,0.8977474102078198,0.09977221468514672,0.12718053312483174,0.5587969746378862,0.0,0.0,0.0,0.0,2.49999999975,1.5229205156955907,0.36692458265470074,stiff,pessimistic,0.05
adaptive n0=0.05,30006,0.9479420118344961,0.8522861425883475,0.0944817011834496,0.10396487838399562,0.4962342140997789,0.0,-0.00625,0.0,0.0,2.49999999975,1.4870554410468135,0.3337025644117576,stiff,pessimistic,0.05
adaptive n0=0.05,30007,0.9490832881244321,0.8509347975570131,0.09454374547910989,0.1210742887484388,0.5821311739119729,0.0,-0.007291666666666666,0.0,0.0,2.49999999975,1.4134362377589378,0.41185527748670586,stiff,pessimistic,0.05
adaptive n0=0.05,30008,0.958699779208185,0.8605881178710927,0.09564862375415184,0.12397491387472036,0.5863974619539831,0.0,-0.004427083333333333,0.0,0.0,2.4999999997500004,1.4714019079026213,0.3985297686543379,stiff,pessimistic,0.05
adaptive n0=0.05,30009,0.9829923294301206,0.8843234013827999,0.09829923294301206,0.12534537781593927,0.5651550223567156,0.0,0.0,0.0,0.0,2.49999999975,1.481379922968967,0.38150579307436366,stiff,pessimistic,0.05
adaptive n0=0.05,30010,0.9651954025714065,0.8669266353967308,0.09651954025714064,0.12499829994398926,0.5721846359369666,0.0,0.0,0.0,0.0,2.49999999975,1.4460964352733043,0.3956752965986164,stiff,pessimistic,0.05
adaptive n0=0.05,30011,1.0193765217374195,0.9180497645085262,0.10193765217374195,0.12309368967526754,0.546276978398304,0.0,0.0,0.0,0.0,2.49999999975,1.480044163743202,0.369095052553504,stiff,pessimistic,0.05
adaptive n0=0.05,30012,0.9453284997645861,0.8509406021487843,0.09452633955979195,0.11137898846877636,0.5136051133988448,0.0,-0.00013020833333333333,0.0,0.0,2.49999999975,1.4717486964714253,0.3489760953281176,stiff,pessimistic,0.05
adaptive n0=0.05,30013,0.9912090658770769,0.8914031215009869,0.0989255940877077,0.1189662141273024,0.5596668225392732,0.0,-0.00390625,0.0,0.0,2.49999999975,1.5041761641331968,0.37207531663140625,stiff,pessimistic,0.05
adaptive n0=0.05,30014,0.9902337556871948,0.8884937540451545,0.09902337556871948,0.12330681207716106,0.5642930199475309,0.0,0.0,0.0,0.0,2.4999999997500004,1.4889793216245408,0.378979755965894,stiff,pessimistic,0.05
adaptive n0=0.05,30015,0.9641170116424438,0.8647083828749217,0.09620336783091106,0.12600936724675255,0.59666238878081,0.0,-0.004166666666666667,0.0,0.0,2.4999999997500004,1.490243039048773,0.400379248985898,stiff,pessimistic,0.05
adaptive n0=0.05,30016,1.0279813140517438,0.9250910361502425,0.10273302723850772,0.1251469529359972,0.585780959187522,0.0,-0.0013020833333333333,0.0,0.0,2.4999999997500004,1.516681542510328,0.38622541566502455,stiff,pessimistic,0.05
adaptive n0=0.05,30017,0.9708861940044811,0.8712012572903055,0.09619018190044812,0.12231530115015328,0.5957205362876457,0.0,-0.01796875,0.0,0.0,2.49999999975,1.4881186959784718,0.4003178898951645,stiff,pessimistic,0.05
adaptive n0=0.05,30018,0.9898131328578981,0.8903909560290444,0.09898131328578981,0.11372748409295756,0.5184700441716259,0.0,0.0,0.0,0.0,2.49999999975,1.4919111366966682,0.34752072788973354,stiff,pessimistic,0.05
adaptive n0=0.05,30019,0.9666230491770001,0.8682010421257041,0.09666230491770002,0.11912866025119688,0.5263984237754449,0.0,0.0,0.0,0.0,2.49999999975,1.4787110207686514,0.3559846490505067,stiff,pessimistic,0.05
adaptive n0=0.05,30020,1.0090392951488558,0.9096535290462625,0.10072814826488559,0.1144765265843205,0.5431619304682553,0.0,-0.003515625,0.0,0.0,2.4999999997500004,1.5167916964295083,0.3580992246640364,stiff,pessimistic,0.05
adaptive n0=0.05,30021,0.9679920367293626,0.8694190502564195,0.09679920367293626,0.12233992038108762,0.5590811583638743,0.0,0.0,0.0,0.0,2.49999999975,1.470979507603471,0.3800740632170551,stiff,pessimistic,0.05
adaptive n0=0.05,30022,0.9520752195443718,0.8539818864605586,0.09488851153777052,0.12956375718270524,0.6231252738636868,0.0,-0.006380208333333333,0.0,0.0,2.49999999975,1.4441139172188433,0.4314931574537671,stiff,pessimistic,0.05
adaptive n0=0.05,30023,0.9677125597351607,0.8719619200069991,0.09677125597351607,0.12098129801592826,0.5541855022891977,0.0,0.0,0.0,0.0,2.4999999997500004,1.4961294301230401,0.3704128072954371,stiff,pessimistic,0.05
adaptive n0=0.05,30024,0.9735874092212732,0.8756618143603847,0.09735874092212732,0.12439479580135294,0.5691042534430503,0.0,0.0,0.0,0.0,2.49999999975,1.4885041954334022,0.3823329858182538,stiff,pessimistic,0.05
adaptive n0=0.05,30025,0.9430608497800859,0.8476075383780807,0.09414983497800858,0.12214563460828062,0.5778766999623977,0.0,-0.003125,0.0,0.0,2.49999999975,1.461692854821097,0.39534755749567274,stiff,pessimistic,0.05
adaptive n0=0.05,30026,1.0070698308819137,0.906474923043582,0.10064838933819138,0.12219982875927017,0.5698988169075837,0.0,-0.001171875,0.0,0.0,2.49999999975,1.4914777654420897,0.3821034614878484,stiff,pessimistic,0.05
adaptive n0=0.05,30027,0.9833229340619679,0.8841792726098587,0.09811744965619679,0.12472084618716771,0.5914135603510285,0.0,-0.004296875,0.0,0.0,2.49999999975,1.4760490890704216,0.400673368338641,stiff,pessimistic,0.05
adaptive n0=0.05,30028,0.9480077559538765,0.850265765791989,0.09414322351205431,0.1296418890162357,0.6311019914612062,0.0,-0.013151041666666667,0.0,0.0,2.4999999997500004,1.4913022706773194,0.4231885137374413,stiff,pessimistic,0.05
adaptive n0=0.05,30029,0.990435724906251,0.892401262971412,0.09894591624062511,0.11667281071407949,0.5491708032881525,0.0,-0.001953125,0.0,0.0,2.49999999975,1.4904210480195808,0.3684668866008511,stiff,pessimistic,0.05
adaptive n0=0.05,30030,0.9375497491107244,0.8401690857591539,0.09375497491107244,0.12310295432275231,0.555721812004188,0.0,0.0,0.0,0.0,2.4999999997500004,1.417724496631469,0.39198152625886756,stiff,pessimistic,0.05
adaptive n0=0.05,30031,0.9820788164998668,0.8820349213090733,0.09802558998332002,0.12641411278301196,0.6006872634197398,0.0,-0.0036458333333333334,0.0,0.0,2.49999999975,1.5003592523347506,0.4003622882219666,stiff,pessimistic,0.05
adaptive n0=0.05,30032,0.9839618047142545,0.885088019386671,0.09837013880475878,0.12187581517517904,0.5670955769316165,0.0,-0.0005208333333333333,0.0,0.0,2.4999999997500004,1.5665118641476394,0.36201167058519595,stiff,pessimistic,0.05
adaptive n0=0.05,30033,0.9970796008801739,0.8958600845076173,0.09966238717135072,0.12743816397242352,0.5976819007615432,0.0,-0.0009114583333333333,0.0,0.0,2.4999999997500004,1.4233737520065386,0.41990510216939675,stiff,pessimistic,0.05
adaptive n0=0.05,30034,0.9746455797619844,0.8766962589060571,0.09746455797619843,0.11085085148364945,0.5057625116973791,0.0,0.0,0.0,0.0,2.49999999975,1.482248756416881,0.3412129775841309,stiff,pessimistic,0.05
adaptive n0=0.05,30035,0.9855999739184345,0.8855933808484024,0.09855999739184344,0.13172791385738591,0.6054013012762475,0.0,0.0,0.0,0.0,2.49999999975,1.4322285307730833,0.4226988139591564,stiff,pessimistic,0.05
adaptive n0=0.05,30036,0.9785943765684705,0.8792286066306135,0.09744928140684704,0.12471637292661478,0.598573317882544,0.0,-0.008203125,0.0,0.0,2.49999999975,1.4704671336134765,0.4070633774803453,stiff,pessimistic,0.05
adaptive n0=0.05,30037,0.9570966728783568,0.860632679415789,0.09555992770450235,0.11753776772397265,0.5528878776265191,0.0,-0.002994791666666667,0.0,0.0,2.4999999997500004,1.4288470968692515,0.3869468460536837,stiff,pessimistic,0.05
adaptive n0=0.05,30038,0.9727751717064452,0.8754236639480916,0.09727751717064452,0.12124463429823434,0.5437880240108325,0.0,0.0,0.0,0.0,2.49999999975,1.509256173839071,0.36030200401805046,stiff,pessimistic,0.05
adaptive n0=0.05,30039,0.9948198253360152,0.8952228569058661,0.09901974295026819,0.12408762934373067,0.6016425756239987,0.0,-0.009244791666666667,0.0,0.0,2.49999999975,1.5401952411850712,0.3906274734111484,stiff,pessimistic,0.05
adaptive n0=0.05,30040,0.994893278411541,0.8955147446749643,0.0986494840911541,0.12141761635277018,0.5930484019383666,0.0,-0.016796875,0.0,0.0,2.49999999975,1.5040371816372557,0.39430434910710754,stiff,pessimistic,0.05
adaptive n0=0.05,30041,0.9842961019651534,0.884525051442577,0.09842961019651533,0.12382297629696448,0.5711478655289584,0.0,0.0,0.0,0.0,2.49999999975,1.5216426266040037,0.37534954367284257,stiff,pessimistic,0.05
adaptive n0=0.05,30042,1.0151178901525062,0.9117759992403518,0.09909642443191728,0.11949049196771258,0.6104943597396759,0.0,-0.04830729166666667,0.0,0.0,2.49999999975,1.5368565962133323,0.3972357350997326,stiff,pessimistic,0.05
adaptive n0=0.05,30043,1.0006368802325498,0.898511512388007,0.09974467760658831,0.12191879415049484,0.5834222761737728,0.0,-0.006380208333333333,0.0,0.0,2.49999999975,1.4730010875678108,0.396077288128217,stiff,pessimistic,0.05
adaptive n0=0.05,30044,0.9656343328267909,0.8679524363477312,0.09656343328267909,0.11890740887967306,0.5220380274888348,0.0,0.0,0.0,0.0,2.49999999975,1.4488640775783914,0.3603084896420104,stiff,pessimistic,0.05
adaptive n0=0.05,30045,0.9962918511922009,0.8963907892667234,0.09962918511922009,0.12077749946143672,0.5401635474255714,0.0,0.0,0.0,0.0,2.49999999975,1.5193775589369287,0.3555163390747397,stiff,pessimistic,0.05
adaptive n0=0.05,30046,0.9839270765026419,0.8853734860738439,0.0980020826502642,0.12302559404194337,0.5863262161645844,0.0,-0.0078125,0.0,0.0,2.49999999975,1.5009144953756661,0.39064598148066515,stiff,pessimistic,0.05
adaptive n0=0.05,30047,0.9916324138867693,0.8911164612113421,0.09909162680534359,0.12625398503485089,0.5907544118562328,0.0,-0.0014322916666666666,0.0,0.0,2.4999999997499995,1.5003630547324618,0.39374097488795706,stiff,pessimistic,0.05
adaptive n0=0.05,30048,1.0076971517381144,0.9066014930529799,0.10073065267381143,0.12452422204983092,0.5818111028080989,0.0,-0.00078125,0.0,0.0,2.4999999997499995,1.472359901890622,0.39515549293417274,stiff,pessimistic,0.05
adaptive n0=0.05,30049,0.9749444521586634,0.8779230807250231,0.09735772646586635,0.1246721253901827,0.5895742208894708,0.0,-0.002734375,0.0,0.0,2.49999999975,1.4723196944814454,0.4004389964348879,stiff,pessimistic,0.05
adaptive n0=0.1,30000,1.0062804722337066,0.9059080830303684,0.10062153680670398,0.1276961988039179,0.5897000128342884,0.0,-0.00013020833333333333,0.0,0.0,2.49999999975,1.502590144920723,0.392455663859955,stiff,pessimistic,0.1
adaptive n0=0.1,30001,1.0003955397726547,0.9018898791622483,0.0999939810605988,0.11816190891847679,0.552357783631147,0.0,-0.0009114583333333333,0.0,0.0,2.49999999975,1.5351371259763695,0.35981006144961764,stiff,pessimistic,0.1
adaptive n0=0.1,30002,0.9898827079807818,0.8896330346108493,0.09884504163141151,0.1204911020287024,0.5679497109939539,0.0,-0.002864583333333333,0.0,0.0,2.49999999975,1.4569076556701375,0.3898323334245317,stiff,pessimistic,0.1
adaptive n0=0.1,30003,0.9936350015627611,0.8946152540145237,0.09936350015627611,0.1258165300553527,0.5768138466464183,0.0,0.0,0.0,0.0,2.49999999975,1.462580953229524,0.39438080016887683,stiff,pessimistic,0.1
adaptive n0=0.1,30004,0.9713692349903228,0.8731427162540529,0.09712390266569895,0.1226381960628691,0.5644774677588825,0.0,-0.00026041666666666666,0.0,0.0,2.49999999975,1.494127258992333,0.37779744955565336,stiff,pessimistic,0.1
adaptive n0=0.1,30005,0.9977066475968717,0.8977327774924229,0.09977066475968717,0.12718053312483174,0.5587969746378862,0.0,0.0,0.0,0.0,2.49999999975,1.5227539406165924,0.3669647207818872,stiff,pessimistic,0.1
adaptive n0=0.1,30006,0.9478811637271582,0.8522297953903011,0.09447561637271581,0.10396487838399562,0.4962342140997789,0.0,-0.00625,0.0,0.0,2.49999999975,1.486478943425313,0.3338319834899914,stiff,pessimistic,0.1
adaptive n0=0.1,30007,0.9490185328469087,0.8508754953152536,0.09453726995135754,0.12107400965067684,0.582129831996117,0.0,-0.007291666666666666,0.0,0.0,2.49999999975,1.4133050631885127,0.4118925539563216,stiff,pessimistic,0.1
adaptive n0=0.1,30008,0.9586993193795317,0.8605875459429799,0.0956485777712865,0.12397491387472036,0.5863974619539831,0.0,-0.004427083333333333,0.0,0.0,2.49999999975,1.4713836367235524,0.3985347174716182,stiff,pessimistic,0.1
adaptive n0=0.1,30009,0.9829388686497645,0.884274331569973,0.09829388686497645,0.12534537781593927,0.5651550223567156,0.0,0.0,0.0,0.0,2.49999999975,1.4809271655492815,0.3816224291807743,stiff,pessimistic,0.1
adaptive n0=0.1,30010,0.9651246422198654,0.8668621446769499,0.09651246422198653,0.12499829994398926,0.5721846359369666,0.0,0.0,0.0,0.0,2.49999999975,1.445496848614529,0.3958394212241906,stiff,pessimistic,0.1
adaptive n0=0.1,30011,1.0193058215103452,0.9179826300168699,0.10193058215103452,0.12309368967526754,0.546276978398304,0.0,0.0,0.0,0.0,2.49999999975,1.4797572085825599,0.3691666276264169,stiff,pessimistic,0.1
adaptive n0=0.1,30012,0.9453255569221442,0.850937981372023,0.09452604527554774,0.11137803739168628,0.513600727669872,0.0,-0.00013020833333333333,0.0,0.0,2.49999999975,1.4715176010465902,0.34902792009051253,stiff,pessimistic,0.1
adaptive n0=0.1,30013,0.9911294134605719,0.8913291342524753,0.09891762884605719,0.1189662141273024,0.5596668225392732,0.0,-0.00390625,0.0,0.0,2.49999999975,1.5028177449031426,0.37241164102393803,stiff,pessimistic,0.1
adaptive n0=0.1,30014,0.9901291812845574,0.8883971568761571,0.09901291812845574,0.12330681207716106,0.5642930199475309,0.0,0.0,0.0,0.0,2.49999999975,1.4885038549454934,0.3791008119143866,stiff,pessimistic,0.1
adaptive n0=0.1,30015,0.9640423197498837,0.8646398424693054,0.09619589864165505,0.12600936724675255,0.59666238878081,0.0,-0.004166666666666667,0.0,0.0,2.49999999975,1.4892232891061492,0.4006534098314662,stiff,pessimistic,0.1
adaptive n0=0.1,30016,1.0278993000332388,0.925016512068246,0.10272482583665721,0.12513858993749274,0.5857418141250919,0.0,-0.0013020833333333333,0.0,0.0,2.49999999975,1.5158374259271088,0.38641466697317056,stiff,pessimistic,0.1
adaptive n0=0.1,30017,0.9708467340481932,0.8711652904218067,0.09618623590481933,0.12231530115015328,0.5957205362876457,0.0,-0.01796875,0.0,0.0,2.49999999975,1.4875014996858247,0.40048399037813937,stiff,pessimistic,0.1
adaptive n0=0.1,30018,0.989703370834323,0.890290539683907,0.09897033708343231,0.11372748409295756,0.5184700441716259,0.0,0.0,0.0,0.0,2.4999999997499995,1.4909597778207213,0.3477424756081976,stiff,pessimistic,0.1
adaptive n0=0.1,30019,0.9665910317449639,0.8681718088184158,0.09665910317449639,0.11912538048330687,0.5263839313380749,0.0,0.0,0.0,0.0,2.49999999975,1.4782462514347445,0.3560867689176829,stiff,pessimistic,0.1
adaptive n0=0.1,30020,1.0090205557675818,0.9096362550859762,0.10072627432675818,0.11447611797706528,0.5431599917310123,0.0,-0.003515625,0.0,0.0,2.49999999975,1.5165424693768412,0.3581567959347692,stiff,pessimistic,0.1
adaptive n0=0.1,30021,0.9679369311019576,0.8693684604774476,0.09679369311019576,0.12233876418752601,0.5590758746753308,0.0,0.0,0.0,0.0,2.49999999975,1.470654597472882,0.38015443982293734,stiff,pessimistic,0.1
adaptive n0=0.1,30022,0.9520397583749538,0.8539492563223336,0.09488496542082872,0.12956375718270524,0.6231252738636868,0.0,-0.006380208333333333,0.0,0.0,2.4999999997500004,1.4438804723864254,0.43156292074079655,stiff,pessimistic,0.1
adaptive n0=0.1,30023,0.9675972369964393,0.8718552157514525,0.09675972369964393,0.12098059057482145,0.5541822616758837,0.0,0.0,0.0,0.0,2.49999999975,1.495391417525893,0.3705934480972022,stiff,pessimistic,0.1
adaptive n0=0.1,30024,0.9733681653803932,0.8754605546080219,0.09733681653803931,0.12439324090521643,0.569097139817442,0.0,0.0,0.0,0.0,2.49999999975,1.4868756181421463,0.38274697148409087,stiff,pessimistic,0.1
adaptive n0=0.1,30025,0.9430202515476149,0.8475696682025639,0.0941457751547615,0.12215430658602414,0.5779177274939721,0.0,-0.003125,0.0,0.0,2.49999999975,1.4628135194366427,0.39507272787343334,stiff,pessimistic,0.1
adaptive n0=0.1,30026,1.0070796746156063,0.9064843192390676,0.10064937371156064,0.12219982875927017,0.5698988169075837,0.0,-0.001171875,0.0,0.0,2.49999999975,1.491121359434346,0.3821947913909393,stiff,pessimistic,0.1
adaptive n0=0.1,30027,0.983425048899809,0.8842708551912527,0.0981276611399809,0.12472084618716771,0.5914135603510285,0.0,-0.004296875,0.0,0.0,2.49999999975,1.4775744798851567,0.4002597286310709,stiff,pessimistic,0.1
adaptive n0=0.1,30028,0.9476506626629447,0.849939548848854,0.09410751418296112,0.1296418890162357,0.6311019914612062,0.0,-0.013151041666666667,0.0,0.0,2.4999999997499995,1.489057525210818,0.4238264679343774,stiff,pessimistic,0.1
adaptive n0=0.1,30029,0.9904484152475763,0.8924132957721288,0.09894718527475764,0.11667281071407949,0.5491708032881525,0.0,-0.001953125,0.0,0.0,2.4999999997500004,1.4903197998340356,0.3684919192171432,stiff,pessimistic,0.1
adaptive n0=0.1,30030,0.9375361724226109,0.8401567587658498,0.09375361724226108,0.12310295432275231,0.555721812004188,0.0,0.0,0.0,0.0,2.49999999975,1.417497056469978,0.3920444204576434,stiff,pessimistic,0.1
adaptive n0=0.1,30031,0.9819354734764544,0.8819036629734374,0.09801125568097876,0.12641411278301196,0.6006872634197398,0.0,-0.0036458333333333334,0.0,0.0,2.49999999975,1.4989436933699525,0.40074037875916724,stiff,pessimistic,0.1
adaptive n0=0.1,30032,0.9839011438999024,0.8850322021393646,0.09836407272332356,0.12187581517517904,0.5670955769316165,0.0,-0.0005208333333333333,0.0,0.0,2.49999999975,1.5656871765132783,0.36220235142662105,stiff,pessimistic,0.1
adaptive n0=0.1,30033,0.9970661266414338,0.8958480456123952,0.09966103974747671,0.12743816397242352,0.5976819007615432,0.0,-0.0009114583333333333,0.0,0.0,2.49999999975,1.4231282519856152,0.4199775388673715,stiff,pessimistic,0.1
adaptive n0=0.1,30034,0.9745149272258782,0.8765761072430656,0.09745149272258782,0.11084626800551639,0.5057415993509076,0.0,0.0,0.0,0.0,2.49999999975,1.4813515773671013,0.34140551579915535,stiff,pessimistic,0.1
adaptive n0=0.1,30035,0.9855414493804421,0.8855406472823769,0.09855414493804421,0.13172791385738591,0.6054013012762475,0.0,0.0,0.0,0.0,2.4999999997500004,1.4317885215103356,0.4228287154010944,stiff,pessimistic,0.1
adaptive n0=0.1,30036,0.9785922978243827,0.8792268247774827,0.09744907353243827,0.12471637292661478,0.598573317882544,0.0,-0.008203125,0.0,0.0,2.49999999975,1.4705359303078562,0.4070443336649604,stiff,pessimistic,0.1
adaptive n0=0.1,30037,0.9570059881373962,0.8605488619245245,0.0955508592304063,0.11753776772397265,0.5528878776265191,0.0,-0.002994791666666667,0.0,0.0,2.49999999975,1.4282541733223915,0.3871074826551331,stiff,pessimistic,0.1
adaptive n0=0.1,30038,0.9727322326945971,0.875384116615768,0.09727322326945971,0.12124463429823434,0.5437880240108325,0.0,0.0,0.0,0.0,2.49999999975,1.5087458315670241,0.3604238783188813,stiff,pessimistic,0.1
adaptive n0=0.1,30039,0.9947600729619255,0.8951685535244687,0.09901376771285922,0.12408762934373067,0.6016425756239987,0.0,-0.009244791666666667,0.0,0.0,2.49999999975,1.5398186107844696,0.39072301854923575,stiff,pessimistic,0.1
adaptive n0=0.1,30040,0.9948763114879855,0.8954991655707634,0.09864778739879854,0.12141761635277018,0.5930484019383666,0.0,-0.016796875,0.0,0.0,2.49999999975,1.5039822739809197,0.394318744441459,stiff,pessimistic,0.1
adaptive n0=0.1,30041,0.9842440627421499,0.8844774738481758,0.09842440627421499,0.12382297629696448,0.5711478655289584,0.0,0.0,0.0,0.0,2.49999999975,1.521037581331367,0.375498851927795,stiff,pessimistic,0.1
adaptive n0=0.1,30042,1.0151313371434232,0.9117887085708778,0.09909776913100898,0.11949049196771258,0.6104943597396759,0.0,-0.04830729166666667,0.0,0.0,2.49999999975,1.5367199950631467,0.39727104592960644,stiff,pessimistic,0.1
adaptive n0=0.1,30043,1.0006120363401727,0.8984883356334306,0.0997421932173506,0.12191879415049484,0.5834222761737728,0.0,-0.006380208333333333,0.0,0.0,2.49999999975,1.4727968678373822,0.39613220866666793,stiff,pessimistic,0.1
adaptive n0=0.1,30044,0.9655260787356014,0.8678530773574429,0.09655260787356014,0.11890740887967306,0.5220380274888348,0.0,0.0,0.0,0.0,2.49999999975,1.4483000155482202,0.36044881715424787,stiff,pessimistic,0.1
adaptive n0=0.1,30045,0.9962361387167131,0.8963397309378162,0.09962361387167132,0.12077749946143672,0.5401635474255714,0.0,0.0,0.0,0.0,2.4999999997499995,1.5186381267954505,0.3556894416745586,stiff,pessimistic,0.1
adaptive n0=0.1,30046,0.9838987069399993,0.8853476568596201,0.09799924569399993,0.12302559404194337,0.5863262161645844,0.0,-0.0078125,0.0,0.0,2.49999999975,1.5005837282172851,0.3907320898788822,stiff,pessimistic,0.1
adaptive n0=0.1,30047,0.9916101935390039,0.891095414999462,0.09908940477056706,0.12625398503485089,0.5907544118562328,0.0,-0.0014322916666666666,0.0,0.0,2.49999999975,1.5001298045940301,0.3938021963480051,stiff,pessimistic,0.1
adaptive n0=0.1,30048,1.0076498201300808,0.9065581014022068,0.10072591951300806,0.12452422204983092,0.5818111028080989,0.0,-0.00078125,0.0,0.0,2.4999999997500004,1.4719888934925867,0.3952550901573967,stiff,pessimistic,0.1
adaptive n0=0.1,30049,0.9748483038595956,0.8778351080801925,0.09734811163595956,0.1246721253901827,0.5895742208894708,0.0,-0.002734375,0.0,0.0,2.49999999975,1.471800676998363,0.4005802077030343,stiff,pessimistic,0.1
adaptive n0=0.25,30000,1.0062178489747688,0.9058508991960104,0.10061527448081023,0.1276961988039179,0.5897000128342884,0.0,-0.00013020833333333333,0.0,0.0,2.49999999975,1.5018017343471892,0.3926616938491033,stiff,pessimistic,0.25
adaptive n0=0.25,30001,1.000392965569525,0.9018907621017782,0.09999372364028583,0.1181567268166414,0.5523335594601722,0.0,-0.0009114583333333333,0.0,0.0,2.49999999975,1.5339585062627106,0.3600707302089029,stiff,pessimistic,0.25
adaptive n0=0.25,30002,0.9897195954877397,0.8894834396625728,0.0988287303821073,0.1204911020287024,0.5679497109939539,0.0,-0.002864583333333333,0.0,0.0,2.49999999975,1.4555597567679415,0.3901933317084017,stiff,pessimistic,0.25
adaptive n0=0.25,30003,0.9935518331221418,0.894538827699398,0.09935518331221418,0.1258165300553527,0.5768138466464183,0.0,0.0,0.0,0.0,2.49999999975,1.4618952367192153,0.39456578840827455,stiff,pessimistic,0.25
adaptive n0=0.25,30004,0.9713244917161371,0.8731014686423342,0.09711942833828038,0.1226381960628691,0.5644774677588825,0.0,-0.00026041666666666666,0.0,0.0,2.49999999975,1.4935834135017645,0.3779350136430902,stiff,pessimistic,0.25
adaptive n0=0.25,30005,0.9976531425410269,0.8976828044973384,0.09976531425410269,0.12718053312483174,0.5587969746378862,0.0,0.0,0.0,0.0,2.49999999975,1.5219617331906814,0.3671557322708826,stiff,pessimistic,0.25
adaptive n0=0.25,30006,0.9477161799358671,0.8520770164870353,0.09445911799358671,0.10396487838399562,0.4962342140997789,0.0,-0.00625,0.0,0.0,2.4999999997500004,1.4851619688149325,0.3341280106275164,stiff,pessimistic,0.25
adaptive n0=0.25,30007,0.9488946381144019,0.8507619389049332,0.09452488047810685,0.1210735008771315,0.5821273857877249,0.0,-0.007291666666666666,0.0,0.0,2.4999999997500004,1.4130659421335532,0.411960523872499,stiff,pessimistic,0.25
adaptive n0=0.25,30008,0.9586857034988996,0.8605747520120957,0.09564721618322329,0.12397491387472036,0.5863974619539831,0.0,-0.004427083333333333,0.0,0.0,2.49999999975,1.471307900560391,0.39855523220573774,stiff,pessimistic,0.25
adaptive n0=0.25,30009,0.9828604420835073,0.8842023606727006,0.09828604420835073,0.12534537781593927,0.5651550223567156,0.0,0.0,0.0,0.0,2.49999999975,1.4801922253002435,0.3818119111131522,stiff,pessimistic,0.25
adaptive n0=0.25,30010,0.9650209844544929,0.8667672430228107,0.0965020984454493,0.12499829994398926,0.5721846359369666,0.0,0.0,0.0,0.0,2.49999999975,1.444773215922699,0.3960376823372539,stiff,pessimistic,0.25
adaptive n0=0.25,30011,1.0190214692360124,0.9177126006888634,0.10190214692360125,0.12309368967526754,0.546276978398304,0.0,0.0,0.0,0.0,2.49999999975,1.4790385195765419,0.36934601172842113,stiff,pessimistic,0.25
adaptive n0=0.25,30012,0.945307559888614,0.850921420416898,0.09452424557219474,0.1113763259126248,0.5135928354775515,0.0,-0.00013020833333333333,0.0,0.0,2.49999999975,1.471101740981223,0.3491212206267839,stiff,pessimistic,0.25
adaptive n0=0.25,30013,0.9909724258754354,0.8911830618179998,0.09890193008754355,0.1189662141273024,0.5596668225392732,0.0,-0.00390625,0.0,0.0,2.49999999975,1.5005555251682294,0.3729730844025437,stiff,pessimistic,0.25
adaptive n0=0.25,30014,0.9899045607320044,0.8881894807890311,0.09899045607320044,0.12330681207716106,0.5642930199475309,0.0,0.0,0.0,0.0,2.49999999975,1.4875688789440416,0.3793390867037345,stiff,pessimistic,0.25
adaptive n0=0.25,30015,0.9639341453309371,0.8645405185343817,0.0961850811997604,0.12600936724675255,0.59666238878081,0.0,-0.004166666666666667,0.0,0.0,2.49999999975,1.4873849519818725,0.4011485984080884,stiff,pessimistic,0.25
adaptive n0=0.25,30016,1.027751112370642,0.9248815044690224,0.10271000707039753,0.12512445440606457,0.5856756493087351,0.0,-0.0013020833333333333,0.0,0.0,2.49999999975,1.5144106605767642,0.386735028057502,stiff,pessimistic,0.25
adaptive n0=0.25,30017,0.9707494742775584,0.8710760042475105,0.09617650992775585,0.12231530115015328,0.5957205362876457,0.0,-0.01796875,0.0,0.0,2.49999999975,1.4865268304556996,0.400746575226648,stiff,pessimistic,0.25
adaptive n0=0.25,30018,0.989542525959124,0.8901432895770406,0.0989542525959124,0.11372748409295756,0.5184700441716259,0.0,0.0,0.0,0.0,2.49999999975,1.4894818193430601,0.3480875277821776,stiff,pessimistic,0.25
adaptive n0=0.25,30019,0.9665253926611959,0.8681116333159589,0.09665253926611958,0.11911931431559422,0.5263571265279179,0.0,0.0,0.0,0.0,2.49999999975,1.4773866269668887,0.3562758163098729,stiff,pessimistic,0.25
adaptive n0=0.25,30020,1.008979529970839,0.9095983407059015,0.10072217174708391,0.11447520208866076,0.5431556460740576,0.0,-0.003515625,0.0,0.0,2.49999999975,1.5159838298402604,0.3582859100359204,stiff,pessimistic,0.25
adaptive n0=0.25,30021,0.9678623315109856,0.8692997594245415,0.09678623315109855,0.12233717911982438,0.5590686310750084,0.0,0.0,0.0,0.0,2.49999999975,1.4702091663867414,0.3802646887646627,stiff,pessimistic,0.25
adaptive n0=0.25,30022,0.9519716660668873,0.8538860187968187,0.09487815619002204,0.12956375718270524,0.6231252738636868,0.0,-0.006380208333333333,0.0,0.0,2.4999999997500004,1.4438863884739506,0.4315611524825512,stiff,pessimistic,0.25
adaptive n0=0.25,30023,0.9673571665790741,0.8716328854849826,0.09673571665790741,0.12097918672202708,0.5541758309723059,0.0,0.0,0.0,0.0,2.49999999975,1.4939268983781493,0.3709524418992224,stiff,pessimistic,0.25
adaptive n0=0.25,30024,0.9729612416463589,0.8750863092942993,0.09729612416463589,0.12439071762970676,0.5690855958712832,0.0,0.0,0.0,0.0,2.4999999997500004,1.4842327733254912,0.3834207181641872,stiff,pessimistic,0.25
adaptive n0=0.25,30025,0.9429260816712858,0.8474826988248115,0.09413635816712858,0.12215646360469203,0.5779279324499949,0.0,-0.003125,0.0,0.0,2.49999999975,1.463092267211119,0.39500443369276717,stiff,pessimistic,0.25
adaptive n0=0.25,30026,1.007106290821912,0.9065093473851984,0.1006520353321912,0.12219982875927017,0.5698988169075837,0.0,-0.001171875,0.0,0.0,2.49999999975,1.490985184158358,0.3822296981638247,stiff,pessimistic,0.25
adaptive n0=0.25,30027,0.9833951641812714,0.8842435358155749,0.09812467266812715,0.12472084618716771,0.5914135603510285,0.0,-0.004296875,0.0,0.0,2.49999999975,1.4773158673038145,0.40032979638294414,stiff,pessimistic,0.25
adaptive n0=0.25,30028,0.9472697010959209,0.8495908425184552,0.09406941802625875,0.1296418890162357,0.6311019914612062,0.0,-0.013151041666666667,0.0,0.0,2.49999999975,1.4869441061201782,0.42442885974235744,stiff,pessimistic,0.25
adaptive n0=0.25,30029,0.9904440001016019,0.8924096785007712,0.09894674376016019,0.11667281071407949,0.5491708032881525,0.0,-0.001953125,0.0,0.0,2.49999999975,1.4896677318634095,0.36865321812482343,stiff,pessimistic,0.25
adaptive n0=0.25,30030,0.9375016727712688,0.8401249993302778,0.09375016727712689,0.12310295432275231,0.555721812004188,0.0,0.0,0.0,0.0,2.49999999975,1.4172778000569783,0.3921050707079773,stiff,pessimistic,0.25
adaptive n0=0.25,30031,0.9817049592564496,0.8816922136085608,0.09798820425897829,0.12641411278301196,0.6006872634197398,0.0,-0.0036458333333333334,0.0,0.0,2.49999999975,1.496575714079901,0.40137445621255724,stiff,pessimistic,0.25
adaptive n0=0.25,30032,0.9837351020652843,0.884878455152823,0.09834746853986176,0.12187581517517904,0.5670955769316165,0.0,-0.0005208333333333333,0.0,0.0,2.49999999975,1.5639657063927825,0.36260103058116105,stiff,pessimistic,0.25
adaptive n0=0.25,30033,0.9970213637813083,0.895807946490081,0.09965656346146416,0.12743816397242352,0.5976819007615432,0.0,-0.0009114583333333333,0.0,0.0,2.49999999975,1.4224879653857398,0.42016657806976115,stiff,pessimistic,0.25
adaptive n0=0.25,30034,0.9742308776017813,0.8763146505051755,0.09742308776017813,0.110837796614236,0.5057029482077346,0.0,0.0,0.0,0.0,2.49999999975,1.4796933705296897,0.34176198817915016,stiff,pessimistic,0.25
adaptive n0=0.25,30035,0.9854327529871588,0.8854424311371903,0.09854327529871588,0.13172791385738591,0.6054013012762475,0.0,0.0,0.0,0.0,2.49999999975,1.4310291149004433,0.4230530986215226,stiff,pessimistic,0.25
adaptive n0=0.25,30036,0.9785226549688784,0.8791626333461607,0.09744210924688783,0.12471637292661478,0.598573317882544,0.0,-0.008203125,0.0,0.0,2.49999999975,1.470088832817969,0.40716812788459644,stiff,pessimistic,0.25
adaptive n0=0.25,30037,0.9566743459602993,0.8602426166290715,0.09551769501269661,0.11753776772397265,0.5528878776265191,0.0,-0.002994791666666667,0.0,0.0,2.49999999975,1.4266780098380463,0.3875351507585667,stiff,pessimistic,0.25
adaptive n0=0.25,30038,0.9726392982444276,0.8752982582689052,0.09726392982444276,0.12124463429823434,0.5437880240108325,0.0,0.0,0.0,0.0,2.49999999975,1.5079042141191932,0.36062504429598236,stiff,pessimistic,0.25
adaptive n0=0.25,30039,0.994667876896565,0.8950847773160049,0.09900454810632317,0.12408762934373067,0.6016425756239987,0.0,-0.009244791666666667,0.0,0.0,2.49999999975,1.5389791899443663,0.39093613452027764,stiff,pessimistic,0.25
adaptive n0=0.25,30040,0.994823299841715,0.895450254686011,0.09864248623417149,0.12141761635277018,0.5930484019383666,0.0,-0.016796875,0.0,0.0,2.4999999997499995,1.5038523374152357,0.3943528145573625,stiff,pessimistic,0.25
adaptive n0=0.25,30041,0.9841458295185409,0.8843873395764569,0.0984145829518541,0.12382297629696448,0.5711478655289584,0.0,0.0,0.0,0.0,2.49999999975,1.5199436897546441,0.37576909551244986,stiff,pessimistic,0.25
adaptive n0=0.25,30042,1.0151806861712958,0.9118348665430849,0.09910270403379624,0.11949049196771258,0.6104943597396759,0.0,-0.04830729166666667,0.0,0.0,2.49999999975,1.5362853405500874,0.3973834440944937,stiff,pessimistic,0.25
adaptive n0=0.25,30043,1.0005508550112892,0.8984313127308146,0.09973607508446225,0.12191879415049484,0.5834222761737728,0.0,-0.006380208333333333,0.0,0.0,2.49999999975,1.472301987089999,0.39626535947757935,stiff,pessimistic,0.25
adaptive n0=0.25,30044,0.9653392466962497,0.8676811995812942,0.09653392466962497,0.11890740887967306,0.5220380274888348,0.0,0.0,0.0,0.0,2.49999999975,1.4473720239555858,0.36067992115954706,stiff,pessimistic,0.25
adaptive n0=0.25,30045,0.9961414425444095,0.8962526544547909,0.09961414425444096,0.12077749946143672,0.5401635474255714,0.0,0.0,0.0,0.0,2.49999999975,1.517323680501703,0.3559975728098874,stiff,pessimistic,0.25
adaptive n0=0.25,30046,0.9838636377396873,0.8853158851756457,0.09799573877396874,0.12302559404194337,0.5863262161645844,0.0,-0.0078125,0.0,0.0,2.49999999975,1.500077875840417,0.3908638515424379,stiff,pessimistic,0.25
adaptive n0=0.25,30047,0.9915339358404466,0.8910238867367367,0.09908177900071133,0.12625398503485089,0.5907544118562328,0.0,-0.0014322916666666666,0.0,0.0,2.49999999975,1.499419825318427,0.39398866273545247,stiff,pessimistic,0.25
adaptive n0=0.25,30048,1.0075508883998667,0.9064671723141282,0.10071602633998666,0.12452422204983092,0.5818111028080989,0.0,-0.00078125,0.0,0.0,2.49999999975,1.4713567467579396,0.3954249056798022,stiff,pessimistic,0.25
adaptive n0=0.25,30049,0.9746850767949679,0.8776855741928304,0.09733178892949679,0.1246721253901827,0.5895742208894708,0.0,-0.002734375,0.0,0.0,2.49999999975,1.4709372896826949,0.4008153338859548,stiff,pessimistic,0.25
adaptive n0=0.5,30000,1.0061623558164738,0.9058002027849595,0.1006097251649807,0.1276961988039179,0.5897000128342884,0.0,-0.00013020833333333333,0.0,0.0,2.4999999997499995,1.5010737965726222,0.3928521130544954,stiff,pessimistic,0.5
adaptive n0=0.5,30001,1.0003857567715422,0.9018869983054,0.09999300276048756,0.11815212493763347,0.5523120475896157,0.0,-0.0009114583333333333,0.0,0.0,2.49999999975,1.5329118527057526,0.3603025487830407,stiff,pessimistic,0.5
adaptive n0=0.5,30002,0.9895840362071763,0.8893589853743901,0.09881517445405096,0.1204911020287024,0.5679497109939539,0.0,-0.002864583333333333,0.0,0.0,2.49999999975,1.4546568271462945,0.39043553118170277,stiff,pessimistic,0.5
adaptive n0=0.5,30003,0.9934810302025556,0.8944740455736501,0.09934810302025557,0.1258165300553527,0.5768138466464183,0.0,0.0,0.0,0.0,2.49999999975,1.4612723360979258,0.3947339810638581,stiff,pessimistic,0.5
adaptive n0=0.5,30004,0.9712776666516718,0.8730582699567839,0.09711474583183385,0.1226381960628691,0.5644774677588825,0.0,-0.00026041666666666666,0.0,0.0,2.49999999975,1.4930745255948716,0.3780638260732384,stiff,pessimistic,0.5
adaptive n0=0.5,30005,0.9975793993148852,0.8976143214366314,0.09975793993148852,0.12718053312483174,0.5587969746378862,0.0,0.0,0.0,0.0,2.49999999975,1.5206760239238157,0.3674661570556079,stiff,pessimistic,0.5
adaptive n0=0.5,30006,0.9474750119126605,0.8518530961728876,0.09443500119126605,0.10396487838399562,0.4962342140997789,0.0,-0.00625,0.0,0.0,2.49999999975,1.483848470179686,0.3344237798349367,stiff,pessimistic,0.5
adaptive n0=0.5,30007,0.9487922860687072,0.8506681573834148,0.0945146452735374,0.12107286368926114,0.5821243221569011,0.0,-0.007291666666666666,0.0,0.0,2.4999999997499995,1.4127664669796904,0.41204568183261503,stiff,pessimistic,0.5
adaptive n0=0.5,30008,0.9586142615892486,0.8605085432517934,0.09564007199225819,0.12397491387472036,0.5863974619539831,0.0,-0.004427083333333333,0.0,0.0,2.49999999975,1.4711103878011063,0.398608742631803,stiff,pessimistic,0.5
adaptive n0=0.5,30009,0.9828075582036243,0.8841537848615121,0.09828075582036243,0.12534537781593927,0.5651550223567156,0.0,0.0,0.0,0.0,2.49999999975,1.4796518894917337,0.3819513402918362,stiff,pessimistic,0.5
adaptive n0=0.5,30010,0.9649523134927083,0.8667040325855748,0.09649523134927082,0.12499829994398926,0.5721846359369666,0.0,0.0,0.0,0.0,2.4999999997500004,1.4444171559540213,0.3961353086802995,stiff,pessimistic,0.5
adaptive n0=0.5,30011,1.018777570989843,0.917480860753979,0.1018777570989843,0.12309368967526754,0.546276978398304,0.0,0.0,0.0,0.0,2.49999999975,1.4786313434416731,0.3694477198939837,stiff,pessimistic,0.5
adaptive n0=0.5,30012,0.9452865059339306,0.8509020294457427,0.09452214017672639,0.11137429862055051,0.5135834869676573,0.0,-0.00013020833333333333,0.0,0.0,2.49999999975,1.4706091437689215,0.349231805843006,stiff,pessimistic,0.5
adaptive n0=0.5,30013,0.9908330450664082,0.8910531528065367,0.09888799200664082,0.1189662141273024,0.5596668225392732,0.0,-0.00390625,0.0,0.0,2.4999999997500004,1.4987104807930343,0.3734322470629075,stiff,pessimistic,0.5
adaptive n0=0.5,30014,0.9897040979035846,0.8880039192872098,0.09897040979035845,0.12330681207716106,0.5642930199475309,0.0,0.0,0.0,0.0,2.49999999975,1.4867282885089317,0.37955356355899517,stiff,pessimistic,0.5
adaptive n0=0.5,30015,0.9638863401137119,0.8644965388760398,0.09618030067803787,0.12600936724675255,0.59666238878081,0.0,-0.004166666666666667,0.0,0.0,2.49999999975,1.4859568455462586,0.4015341297219628,stiff,pessimistic,0.5
adaptive n0=0.5,30016,1.0276376057511558,0.9247778493974261,0.10269865640844891,0.12511390721294421,0.5856262805885399,0.0,-0.0013020833333333333,0.0,0.0,2.49999999975,1.513346083007551,0.38697445823145393,stiff,pessimistic,0.5
adaptive n0=0.5,30017,0.970655958181037,0.8709897953065957,0.0961671583181037,0.12231530115015328,0.5957205362876457,0.0,-0.01796875,0.0,0.0,2.49999999975,1.4858507705959347,0.4009289143139982,stiff,pessimistic,0.5
adaptive n0=0.5,30018,0.9894438272720805,0.8900528349914191,0.09894438272720804,0.11372748409295756,0.5184700441716259,0.0,0.0,0.0,0.0,2.49999999975,1.4884258267559674,0.348334485233728,stiff,pessimistic,0.5
adaptive n0=0.5,30019,0.9664640403833715,0.8680552642755215,0.09664640403833716,0.11911385834535722,0.5263330180209737,0.0,0.0,0.0,0.0,2.49999999975,1.4766134723602264,0.3564460353864172,stiff,pessimistic,0.5
adaptive n0=0.5,30020,1.0089435930381465,0.9095650767284237,0.10071857805381464,0.11447434414008216,0.543151575326804,0.0,-0.003515625,0.0,0.0,2.49999999975,1.5154605302833795,0.35840694262439077,stiff,pessimistic,0.5
adaptive n0=0.5,30021,0.9678174511263736,0.8692582449292645,0.09678174511263736,0.12233614111859423,0.5590638875135583,0.0,0.0,0.0,0.0,2.49999999975,1.4699174703192233,0.3803369228560471,stiff,pessimistic,0.5
adaptive n0=0.5,30022,0.95189729713013,0.8538175514897316,0.09487071929634631,0.12956375718270524,0.6231252738636868,0.0,-0.006380208333333333,0.0,0.0,2.4999999997500004,1.4434042677901937,0.43170530098104243,stiff,pessimistic,0.5
adaptive n0=0.5,30023,0.9671321846878035,0.8714243313941342,0.09671321846878035,0.12097793093436478,0.5541700785185977,0.0,0.0,0.0,0.0,2.49999999975,1.4926168428761781,0.3712741693646891,stiff,pessimistic,0.5
adaptive n0=0.5,30024,0.9726463438332082,0.874796084497159,0.09726463438332082,0.12438895584633547,0.5690775357397979,0.0,0.0,0.0,0.0,2.49999999975,1.4823875051283353,0.3838925610011337,stiff,pessimistic,0.5
adaptive n0=0.5,30025,0.9428324698853288,0.84739648316696,0.09412699698853287,0.12215370558938858,0.5779148841508304,0.0,-0.003125,0.0,0.0,2.49999999975,1.4627358536857105,0.3950917608908242,stiff,pessimistic,0.5
adaptive n0=0.5,30026,1.0071343288968189,0.9065356695301713,0.1006548391396819,0.12219982875927017,0.5698988169075837,0.0,-0.001171875,0.0,0.0,2.49999999975,1.4908595727688612,0.382261902674813,stiff,pessimistic,0.5
adaptive n0=0.5,30027,0.9833550746129298,0.8842071614205312,0.09812066371129298,0.12472084618716771,0.5914135603510285,0.0,-0.004296875,0.0,0.0,2.49999999975,1.476884455369556,0.4004467365072517,stiff,pessimistic,0.5
adaptive n0=0.5,30028,0.9470992673215515,0.849434326103135,0.09405237464882181,0.1296418890162357,0.6311019914612062,0.0,-0.013151041666666667,0.0,0.0,2.49999999975,1.4860616306538899,0.4246809004708046,stiff,pessimistic,0.5
adaptive n0=0.5,30029,0.9904100815236503,0.8923786809551372,0.09894335190236503,0.11667281071407949,0.5491708032881525,0.0,-0.001953125,0.0,0.0,2.4999999997500004,1.4887140126679328,0.3688893895100647,stiff,pessimistic,0.5
adaptive n0=0.5,30030,0.9374723987193753,0.8400979447046919,0.09374723987193753,0.12310295432275231,0.555721812004188,0.0,0.0,0.0,0.0,2.49999999975,1.4171962486427088,0.3921276340777923,stiff,pessimistic,0.5
adaptive n0=0.5,30031,0.9814806428390251,0.8814851890658321,0.09796577261723585,0.12641411278301196,0.6006872634197398,0.0,-0.0036458333333333334,0.0,0.0,2.49999999975,1.4945634232601057,0.4019148696342741,stiff,pessimistic,0.5
adaptive n0=0.5,30032,0.9835817152417768,0.8847360242609237,0.09833212985751101,0.12187581517517904,0.5670955769316165,0.0,-0.0005208333333333333,0.0,0.0,2.49999999975,1.562440009619813,0.36295510447764795,stiff,pessimistic,0.5
adaptive n0=0.5,30033,0.996919080903963,0.8957143202972604,0.09964633517372963,0.12743816397242352,0.5976819007615432,0.0,-0.0009114583333333333,0.0,0.0,2.49999999975,1.4218651581269908,0.4203506199904805,stiff,pessimistic,0.5
adaptive n0=0.5,30034,0.9739979954013703,0.8760998088144795,0.09739979954013703,0.11083199322736226,0.5056764699670866,0.0,0.0,0.0,0.0,2.49999999975,1.478557404136982,0.34200665361534915,stiff,pessimistic,0.5
adaptive n0=0.5,30035,0.985341030917015,0.885359321110315,0.09853410309170149,0.13172791385738591,0.6054013012762475,0.0,0.0,0.0,0.0,2.49999999975,1.4304245847290833,0.4232318905445183,stiff,pessimistic,0.5
adaptive n0=0.5,30036,0.9784207900116707,0.879068406537551,0.09743192275116706,0.12471637292661478,0.598573317882544,0.0,-0.008203125,0.0,0.0,2.49999999975,1.4695921724848442,0.40730573358352384,stiff,pessimistic,0.5
adaptive n0=0.5,30037,0.956421806422145,0.8600090483911564,0.09549244105888118,0.11753776772397265,0.5528878776265191,0.0,-0.002994791666666667,0.0,0.0,2.4999999997500004,1.4255649503663312,0.3878377323210998,stiff,pessimistic,0.5
adaptive n0=0.5,30038,0.9725635378872624,0.8752280500477939,0.09725635378872624,0.12124463429823434,0.5437880240108325,0.0,0.0,0.0,0.0,2.4999999997500004,1.507364662403449,0.36075412776612287,stiff,pessimistic,0.5
adaptive n0=0.5,30039,0.9946098733178884,0.8950320869067823,0.0989987477484555,0.12408762934373067,0.6016425756239987,0.0,-0.009244791666666667,0.0,0.0,2.49999999975,1.538037616973127,0.3911754621502933,stiff,pessimistic,0.5
adaptive n0=0.5,30040,0.9947673676282496,0.8953985745358297,0.09863689301282494,0.12141761635277018,0.5930484019383666,0.0,-0.016796875,0.0,0.0,2.4999999997499995,1.5037321563154395,0.39438433197538286,stiff,pessimistic,0.5
adaptive n0=0.5,30041,0.98405419180884,0.8843027977459523,0.098405419180884,0.12382297629696448,0.5711478655289584,0.0,0.0,0.0,0.0,2.49999999975,1.5190487996273476,0.3759904656578986,stiff,pessimistic,0.5
adaptive n0=0.5,30042,1.0152352897763544,0.9118857881858493,0.09910816439430212,0.11949049196771258,0.6104943597396759,0.0,-0.04830729166666667,0.0,0.0,2.4999999997500004,1.5356662939702375,0.3975436344059706,stiff,pessimistic,0.5
adaptive n0=0.5,30043,1.000485348224328,0.8983703092929802,0.09972952440576614,0.12191879415049484,0.5834222761737728,0.0,-0.006380208333333333,0.0,0.0,2.49999999975,1.471711503553749,0.3964243499931748,stiff,pessimistic,0.5
adaptive n0=0.5,30044,0.9651886841681192,0.8675423523709503,0.09651886841681193,0.11890740887967306,0.5220380274888348,0.0,0.0,0.0,0.0,2.4999999997500004,1.4466588113253096,0.3608577388130561,stiff,pessimistic,0.5
adaptive n0=0.5,30045,0.9959860758088386,0.8961083664492354,0.09959860758088386,0.12077749946143672,0.5401635474255714,0.0,0.0,0.0,0.0,2.49999999975,1.5159852585753217,0.3563118733312758,stiff,pessimistic,0.5
adaptive n0=0.5,30046,0.9837845462836186,0.8852428293397088,0.09798782962836186,0.12302559404194337,0.5863262161645844,0.0,-0.0078125,0.0,0.0,2.49999999975,1.4992869965080367,0.3910700336427826,stiff,pessimistic,0.5
adaptive n0=0.5,30047,0.991405949221083,0.890905005718912,0.09906898033877497,0.12625398503485089,0.5907544118562328,0.0,-0.0014322916666666666,0.0,0.0,2.4999999997499995,1.49798837516698,0.3943651510582528,stiff,pessimistic,0.5
adaptive n0=0.5,30048,1.0074683416926262,0.906391117288923,0.10070777166926262,0.12452422204983092,0.5818111028080989,0.0,-0.00078125,0.0,0.0,2.49999999975,1.4708925004436122,0.3955497105550733,stiff,pessimistic,0.5
adaptive n0=0.5,30049,0.9745603451928629,0.8775711107772607,0.09731931576928629,0.1246721253901827,0.5895742208894708,0.0,-0.002734375,0.0,0.0,2.49999999975,1.4702899023219245,0.4009918179798406,stiff,pessimistic,0.5
adaptive n0=1.0,30000,1.0061123278992907,0.9057544838103451,0.10060472237326241,0.1276961988039179,0.5897000128342884,0.0,-0.00013020833333333333,0.0,0.0,2.49999999975,1.5004030209421513,0.3930277429486891,stiff,pessimistic,1.0
adaptive n0=1.0,30001,1.0003671203021867,0.9018721119941167,0.09999113911355201,0.11814787248633221,0.5522921691482697,0.0,-0.0009114583333333333,0.0,0.0,2.49999999975,1.5319446731530508,0.3605170466186231,stiff,pessimistic,1.0
adaptive n0=1.0,30002,0.9895118031225704,0.8892925759237724,0.09880795114559036,0.1204911020287024,0.5679497109939539,0.0,-0.002864583333333333,0.0,0.0,2.49999999975,1.4541510921480882,0.3905713196246837,stiff,pessimistic,1.0
adaptive n0=1.0,30003,0.9934129588429947,0.8944116875868815,0.09934129588429948,0.1258165300553527,0.5768138466464183,0.0,0.0,0.0,0.0,2.4999999997499995,1.4607072113721122,0.39488669745430327,stiff,pessimistic,1.0
adaptive n0=1.0,30004,0.9712348991232795,0.8730188076410775,0.09711046907899462,0.1226381960628691,0.5644774677588825,0.0,-0.00026041666666666666,0.0,0.0,2.49999999975,1.4925980838415833,0.3781845051723872,stiff,pessimistic,1.0
adaptive n0=1.0,30005,0.9975017176198564,0.8975423507034309,0.09975017176198564,0.12718053312483174,0.5587969746378862,0.0,0.0,0.0,0.0,2.49999999975,1.5192317311409753,0.3678154972567732,stiff,pessimistic,1.0
adaptive n0=1.0,30006,0.9472787524279553,0.8516707945728474,0.09441537524279553,0.10396487838399562,0.4962342140997789,0.0,-0.00625,0.0,0.0,2.4999999997500004,1.4828030297676928,0.3346595630962008,stiff,pessimistic,1.0
adaptive n0=1.0,30007,0.9487302547568558,0.8506114563974838,0.09450844214235224,0.1210722466171531,0.5821213552436584,0.0,-0.007291666666666666,0.0,0.0,2.49999999975,1.4124764461348458,0.41212818580911376,stiff,pessimistic,1.0
adaptive n0=1.0,30008,0.9585366483908592,0.8604366655228373,0.09563231067241926,0.12397491387472036,0.5863974619539831,0.0,-0.004427083333333333,0.0,0.0,2.49999999975,1.4709073433296855,0.39866376669692744,stiff,pessimistic,1.0
adaptive n0=1.0,30009,0.9827614895912965,0.8841113165706597,0.09827614895912964,0.12534537781593927,0.5651550223567156,0.0,0.0,0.0,0.0,2.49999999975,1.4792112823467396,0.3820651107123171,stiff,pessimistic,1.0
adaptive n0=1.0,30010,0.9649073217395563,0.8666624945024763,0.09649073217395562,0.12499829994398926,0.5721846359369666,0.0,0.0,0.0,0.0,2.49999999975,1.4442176070380301,0.3961900430714659,stiff,pessimistic,1.0
adaptive n0=1.0,30011,1.0187434719820676,0.9174496570271642,0.10187434719820676,0.12309368967526754,0.546276978398304,0.0,0.0,0.0,0.0,2.49999999975,1.4783901878580887,0.36950798435002963,stiff,pessimistic,1.0
adaptive n0=1.0,30012,0.9452580270274394,0.8508757072695422,0.09451929228607728,0.11137224221656442,0.513574004213172,0.0,-0.00013020833333333333,0.0,0.0,2.49999999975,1.4701094728613375,0.3493440547754452,stiff,pessimistic,1.0
adaptive n0=1.0,30013,0.9907099046146048,0.8909382641001201,0.09887567796146049,0.1189662141273024,0.5596668225392732,0.0,-0.00390625,0.0,0.0,2.49999999975,1.4971010709303938,0.373833693266588,stiff,pessimistic,1.0
adaptive n0=1.0,30014,0.9895494498765438,0.8878605780857225,0.09895494498765438,0.12330681207716106,0.5642930199475309,0.0,0.0,0.0,0.0,2.49999999975,1.4860751471017988,0.379720380256703,stiff,pessimistic,1.0
adaptive n0=1.0,30015,0.9638631623175646,0.8644751642054138,0.09617798289842312,0.12600936724675255,0.59666238878081,0.0,-0.004166666666666667,0.0,0.0,2.4999999997500004,1.4846817246107924,0.40187898785999027,stiff,pessimistic,1.0
adaptive n0=1.0,30016,1.0275483319844039,0.9246962062225899,0.10268972903177373,0.12510557308203923,0.5855872706479781,0.0,-0.0013020833333333333,0.0,0.0,2.49999999975,1.5125048801662566,0.3871638884124523,stiff,pessimistic,1.0
adaptive n0=1.0,30017,0.9705904584848484,0.8709292705684263,0.09616060834848485,0.12231530115015328,0.5957205362876457,0.0,-0.01796875,0.0,0.0,2.49999999975,1.4853940359453293,0.40105219347303983,stiff,pessimistic,1.0
adaptive n0=1.0,30018,0.9893310910763802,0.889948855666706,0.09893310910763801,0.11372748409295756,0.5184700441716259,0.0,0.0,0.0,0.0,2.49999999975,1.487418316256883,0.34857043140114463,stiff,pessimistic,1.0
adaptive n0=1.0,30019,0.9664098059797582,0.8680055552266415,0.09664098059797582,0.1191081006197495,0.5263075761358886,0.0,0.0,0.0,0.0,2.49999999975,1.4757975566048256,0.3566258622535571,stiff,pessimistic,1.0
adaptive n0=1.0,30020,1.0089015040138893,0.9095260415539236,0.10071436915138894,0.11447302840551704,0.5431453325017664,0.0,-0.003515625,0.0,0.0,2.49999999975,1.5146580074606621,0.3585927185057137,stiff,pessimistic,1.0
adaptive n0=1.0,30021,0.9677910209572957,0.869233722107316,0.09677910209572957,0.12233524260957553,0.5590597814175153,0.0,0.0,0.0,0.0,2.49999999975,1.469664973944695,0.38039947289276105,stiff,pessimistic,1.0
adaptive n0=1.0,30022,0.951836659880807,0.8537617187269282,0.09486465557141403,0.12956375718270524,0.6231252738636868,0.0,-0.006380208333333333,0.0,0.0,2.49999999975,1.4429540373217884,0.43184000165399977,stiff,pessimistic,1.0
adaptive n0=1.0,30023,0.9669491242114766,0.8712544044209874,0.09669491242114767,0.12097689493952454,0.5541653328816246,0.0,0.0,0.0,0.0,2.4999999997500004,1.491536078364156,0.3715400122868004,stiff,pessimistic,1.0
adaptive n0=1.0,30024,0.972413856936932,0.8745814541202,0.0972413856936932,0.12438795232461787,0.569072944643569,0.0,0.0,0.0,0.0,2.49999999975,1.4813364299843825,0.38416185082923304,stiff,pessimistic,1.0
adaptive n0=1.0,30025,0.9427402534245156,0.8473118604718346,0.09411777534245155,0.12214950145333336,0.5778949941868741,0.0,-0.003125,0.0,0.0,2.49999999975,1.4621925604882995,0.3952249586018178,stiff,pessimistic,1.0
adaptive n0=1.0,30026,1.0071587664518502,0.9065586359486768,0.10065728289518502,0.12219982875927017,0.5698988169075837,0.0,-0.001171875,0.0,0.0,2.49999999975,1.4905855217307702,0.3823321832925457,stiff,pessimistic,1.0
adaptive n0=1.0,30027,0.9833249062742829,0.8841798122905128,0.09811764687742829,0.12472084618716771,0.5914135603510285,0.0,-0.004296875,0.0,0.0,2.49999999975,1.47654411697264,0.40053903811801056,stiff,pessimistic,1.0
adaptive n0=1.0,30028,0.9470184053090348,0.8493601469528242,0.09404428844757015,0.1296418890162357,0.6311019914612062,0.0,-0.013151041666666667,0.0,0.0,2.49999999975,1.485501113987348,0.4248411431797696,stiff,pessimistic,1.0
adaptive n0=1.0,30029,0.9903719203434627,0.8923437396255286,0.09893953578434626,0.11667281071407949,0.5491708032881525,0.0,-0.001953125,0.0,0.0,2.4999999997499995,1.4877123565059385,0.3691377576361216,stiff,pessimistic,1.0
adaptive n0=1.0,30030,0.9374624685772215,0.8400888106525284,0.09374624685772215,0.12310295432275231,0.555721812004188,0.0,0.0,0.0,0.0,2.49999999975,1.417197629466042,0.39212725201464493,stiff,pessimistic,1.0
adaptive n0=1.0,30031,0.9813068993976932,0.8813245548460611,0.09794839827310266,0.12641411278301196,0.6006872634197398,0.0,-0.0036458333333333334,0.0,0.0,2.49999999975,1.4928655708993395,0.4023719718165051,stiff,pessimistic,1.0
adaptive n0=1.0,30032,0.9834453837450574,0.8846092187453733,0.09831849670783907,0.12187581517517904,0.5670955769316165,0.0,-0.0005208333333333333,0.0,0.0,2.49999999975,1.5609929441143655,0.3632915696831417,stiff,pessimistic,1.0
adaptive n0=1.0,30033,0.9968248519445193,0.8956277536200743,0.09963691227778526,0.12743816397242352,0.5976819007615432,0.0,-0.0009114583333333333,0.0,0.0,2.49999999975,1.4213820438269893,0.4204934931866165,stiff,pessimistic,1.0
adaptive n0=1.0,30034,0.9738083621070364,0.8759247281219862,0.09738083621070363,0.11082728415754094,0.505654984602304,0.0,0.0,0.0,0.0,2.49999999975,1.4776356415224372,0.3422054601236592,stiff,pessimistic,1.0
adaptive n0=1.0,30035,0.9852657758253502,0.8852910375536016,0.09852657758253502,0.13172791385738591,0.6054013012762475,0.0,0.0,0.0,0.0,2.4999999997500004,1.4298890042150267,0.4233904166628637,stiff,pessimistic,1.0
adaptive n0=1.0,30036,0.9783344506835507,0.87898846366796,0.09742328881835507,0.12471637292661478,0.598573317882544,0.0,-0.008203125,0.0,0.0,2.49999999975,1.469164812860217,0.40742421316041616,stiff,pessimistic,1.0
adaptive n0=1.0,30037,0.9562369527991486,0.8598379779980543,0.09547395569658153,0.11753776772397265,0.5528878776265191,0.0,-0.002994791666666667,0.0,0.0,2.4999999997500004,1.424766012485096,0.38805521242197843,stiff,pessimistic,1.0
adaptive n0=1.0,30038,0.9725001819746038,0.875169302189465,0.09725001819746038,0.12124463429823434,0.5437880240108325,0.0,0.0,0.0,0.0,2.4999999997499995,1.5069183359635363,0.360860977687374,stiff,pessimistic,1.0
adaptive n0=1.0,30039,0.9945725460414331,0.8949981920146483,0.09899501502080997,0.12408762934373067,0.6016425756239987,0.0,-0.009244791666666667,0.0,0.0,2.49999999975,1.5370951958296997,0.39141529897192967,stiff,pessimistic,1.0
adaptive n0=1.0,30040,0.9947087445083376,0.8953443950108391,0.09863103070083376,0.12141761635277018,0.5930484019383666,0.0,-0.016796875,0.0,0.0,2.49999999975,1.5036018895995582,0.39441850003015644,stiff,pessimistic,1.0
adaptive n0=1.0,30041,0.9839818146163971,0.8842358586776369,0.09839818146163971,0.12382297629696448,0.5711478655289584,0.0,0.0,0.0,0.0,2.49999999975,1.518275492510417,0.37618196983775637,stiff,pessimistic,1.0
adaptive n0=1.0,30042,1.0152359755877631,0.9118864791437427,0.099108232975443,0.11949049196771258,0.6104943597396759,0.0,-0.04830729166666667,0.0,0.0,2.49999999975,1.534837023656806,0.3977584266798246,stiff,pessimistic,1.0
adaptive n0=1.0,30043,1.000425724286642,0.8983147880317879,0.09972356201199753,0.12191879415049484,0.5834222761737728,0.0,-0.006380208333333333,0.0,0.0,2.4999999997500004,1.4711772668172243,0.3965683057596185,stiff,pessimistic,1.0
adaptive n0=1.0,30044,0.9650227532320741,0.867388953615381,0.0965022753232074,0.11890740887967306,0.5220380274888348,0.0,0.0,0.0,0.0,2.49999999975,1.4459790902216183,0.36102736963424864,stiff,pessimistic,1.0
adaptive n0=1.0,30045,0.9958071036031138,0.8959417110924032,0.09958071036031138,0.12077749946143672,0.5401635474255714,0.0,0.0,0.0,0.0,2.49999999975,1.5146629012117467,0.3566229469233284,stiff,pessimistic,1.0
adaptive n0=1.0,30046,0.9836811709136367,0.8851468986714043,0.09797749209136367,0.12302559404194337,0.5863262161645844,0.0,-0.0078125,0.0,0.0,2.49999999975,1.4983524437179365,0.39131395194958535,stiff,pessimistic,1.0
adaptive n0=1.0,30047,0.9912923298730848,0.8907994060252985,0.09905761840397515,0.12625398503485089,0.5907544118562328,0.0,-0.0014322916666666666,0.0,0.0,2.49999999975,1.4966772780128577,0.39471061700126764,stiff,pessimistic,1.0
adaptive n0=1.0,30048,1.0073994844979712,0.9063275600231144,0.10070088594979712,0.12452422204983092,0.5818111028080989,0.0,-0.00078125,0.0,0.0,2.49999999975,1.4705424749368965,0.3956438611765127,stiff,pessimistic,1.0
adaptive n0=1.0,30049,0.9744574522272815,0.8774765360736101,0.09730902647272816,0.1246721253901827,0.5895742208894708,0.0,-0.002734375,0.0,0.0,2.4999999997500004,1.4697645207209316,0.4011351563992576,stiff,pessimistic,1.0
adaptive n0=0.02,30000,1.007312163234283,0.9068276209017837,0.10072470590676164,0.1276961988039179,0.5897000128342884,0.0,-0.00013020833333333333,0.0,0.0,2.49999999975,1.5255963074111307,0.3865373886719634,stiff,optimistic,0.02
adaptive n0=0.02,30001,0.9980146836983007,0.8996388009784437,0.0997558954531634,0.1181950468667811,0.5525126897582313,0.0,-0.0009114583333333333,0.0,0.0,2.49999999975,1.5426740367477447,0.35815258220267643,stiff,optimistic,0.02
adaptive n0=0.02,30002,0.9791860351864531,0.8792914797698503,0.09777537435197864,0.1204911020287024,0.5679497109939539,0.0,-0.002864583333333333,0.0,0.0,2.49999999975,1.464778173895828,0.38773769374470846,stiff,optimistic,0.02
adaptive n0=0.02,30003,0.980246445763066,0.8820103303885173,0.0980246445763066,0.1258165300553527,0.5768138466464183,0.0,0.0,0.0,0.0,2.49999999975,1.4510009794880645,0.3975282269278186,stiff,optimistic,0.02
adaptive n0=0.02,30004,0.9639401341777205,0.8660298123386356,0.09638099258443872,0.1226381960628691,0.5644774677588825,0.0,-0.00026041666666666666,0.0,0.0,2.49999999975,1.484207622549365,0.3803224422128366,stiff,optimistic,0.02
adaptive n0=0.02,30005,0.9660384295631863,0.8677661385122726,0.09660384295631863,0.12718053312483174,0.5587969746378862,0.0,0.0,0.0,0.0,2.49999999975,1.4190229772972889,0.3937899410918537,stiff,optimistic,0.02
adaptive n0=0.02,30006,0.9457240332724866,0.8502323387071817,0.09425990332724865,0.10396487838399562,0.4962342140997789,0.0,-0.00625,0.0,0.0,2.49999999975,1.5015685182381389,0.33047723635151455,stiff,optimistic,0.02
adaptive n0=0.02,30007,0.9431212403239713,0.8449010681453777,0.09394103028239713,0.12109348111644187,0.5822234517674224,0.0,-0.007421875,0.0,0.0,2.49999999975,1.4224565559847708,0.40930842444207194,stiff,optimistic,0.02
adaptive n0=0.02,30008,0.9572851165218755,0.8591281102147983,0.09550715748552088,0.12397491387472036,0.5863974619539831,0.0,-0.004427083333333333,0.0,0.0,2.49999999975,1.4876968504719086,0.3941646187984961,stiff,optimistic,0.02
adaptive n0=0.02,30009,0.9645780535642535,0.8668368555515032,0.09645780535642536,0.12534537781593927,0.5651550223567156,0.0,0.0,0.0,0.0,2.49999999975,1.4983250323885744,0.3771912036040446,stiff,optimistic,0.02
adaptive n0=0.02,30010,0.969435018183548,0.87101086313942,0.0969435018183548,0.12499829994398926,0.5721846359369666,0.0,0.0,0.0,0.0,2.4999999997500004,1.4529872107815947,0.3937988109538662,stiff,optimistic,0.02
adaptive n0=0.02,30011,1.0172430114312099,0.9160777786537699,0.10172430114312099,0.12309368967526754,0.546276978398304,0.0,0.0,0.0,0.0,2.49999999975,1.4771657922554065,0.369814262733652,stiff,optimistic,0.02
adaptive n0=0.02,30012,0.9250640997118971,0.8316147805459263,0.09249989955452305,0.11130065921780226,0.5132439114847129,0.0,-0.00013020833333333333,0.0,0.0,2.49999999975,1.4527160315893755,0.3532995439743219,stiff,optimistic,0.02
adaptive n0=0.02,30013,0.9898394933045371,0.8901168730834595,0.09878863683045372,0.1189662141273024,0.5596668225392732,0.0,-0.00390625,0.0,0.0,2.49999999975,1.5203134337947222,0.3681259469912974,stiff,optimistic,0.02
adaptive n0=0.02,30014,0.9492550956325705,0.8500066443930019,0.09492550956325704,0.12330681207716106,0.5642930199475309,0.0,0.0,0.0,0.0,2.49999999975,1.5245865225304767,0.3701285637832671,stiff,optimistic,0.02
adaptive n0=0.02,30015,0.9603424477814388,0.8611507009539954,0.09582591144481056,0.12600936724675255,0.59666238878081,0.0,-0.004166666666666667,0.0,0.0,2.49999999975,1.4932191070625236,0.3995812710664884,stiff,optimistic,0.02
adaptive n0=0.02,30016,0.9985084371317284,0.897195242677287,0.09978573954650619,0.12488259647996192,0.5845435740594721,0.0,-0.0013020833333333333,0.0,0.0,2.49999999975,1.4899988080459743,0.39231143736689206,stiff,optimistic,0.02
adaptive n0=0.02,30017,0.9457942494746379,0.8473584658473586,0.09368098744746378,0.12231530115015328,0.5957205362876457,0.0,-0.01796875,0.0,0.0,2.4999999997499995,1.4646315034417643,0.4067374864515416,stiff,optimistic,0.02
adaptive n0=0.02,30018,0.9517845246182062,0.8543327733826898,0.09517845246182062,0.11372748409295756,0.5184700441716259,0.0,0.0,0.0,0.0,2.49999999975,1.4636539160480537,0.35422994362733207,stiff,optimistic,0.02
adaptive n0=0.02,30019,0.962027863200922,0.8639383784781449,0.0962027863200922,0.11913080527966424,0.5264079020957901,0.0,0.0,0.0,0.0,2.49999999975,1.4790149884533776,0.3559178954949339,stiff,optimistic,0.02
adaptive n0=0.02,30020,1.0152743041038332,0.9155056166326848,0.10134513874371667,0.1145322085717322,0.5434261273012416,0.0,-0.0036458333333333334,0.0,0.0,2.49999999975,1.5507545236549913,0.35042691735661313,stiff,optimistic,0.02
adaptive n0=0.02,30021,0.9825195755008029,0.8831348497707604,0.09825195755008029,0.1224678535096489,0.5596657999222989,0.0,0.0,0.0,0.0,2.49999999975,1.506930900939105,0.3713944677712299,stiff,optimistic,0.02
adaptive n0=0.02,30022,0.9606723534574564,0.8619413468047279,0.09574822492907897,0.12956375718270524,0.6231252738636868,0.0,-0.006380208333333333,0.0,0.0,2.49999999975,1.4846818192456175,0.41970290589286213,stiff,optimistic,0.02
adaptive n0=0.02,30023,0.9754422466595754,0.8793483284031918,0.09754422466595754,0.12101815292152991,0.5543543255264057,0.0,0.0,0.0,0.0,2.49999999975,1.534576990407122,0.36124243292565983,stiff,optimistic,0.02
adaptive n0=0.02,30024,0.9677410769400513,0.8701095546779513,0.09677410769400513,0.12438086849634669,0.5690405362395532,0.0,0.0,0.0,0.0,2.49999999975,1.4739169235705076,0.3860736837603263,stiff,optimistic,0.02
adaptive n0=0.02,30025,0.931181520016527,0.8360466552263632,0.09296190200165269,0.1223098137868696,0.5786534393213587,0.0,-0.003125,0.0,0.0,2.4999999997500004,1.48290944479549,0.39021495301161935,stiff,optimistic,0.02
adaptive n0=0.02,30026,1.0004089728982701,0.9000548902835341,0.09998230353982701,0.12219982875927017,0.5698988169075837,0.0,-0.001171875,0.0,0.0,2.49999999975,1.494818689197265,0.3812494592328291,stiff,optimistic,0.02
adaptive n0=0.02,30027,0.9760599813691764,0.8771633433333762,0.09739115438691763,0.12472084618716771,0.5914135603510285,0.0,-0.004296875,0.0,0.0,2.49999999975,1.4798384470317234,0.3996473814674112,stiff,optimistic,0.02
adaptive n0=0.02,30028,0.9267496208883769,0.8301783815533782,0.09201741000550437,0.1296418890162357,0.6311019914612062,0.0,-0.013151041666666667,0.0,0.0,2.49999999975,1.4033609014882278,0.44970754906449145,stiff,optimistic,0.02
adaptive n0=0.02,30029,0.9721550494234112,0.8749103052848246,0.09711784869234112,0.11667281071407949,0.5491708032881525,0.0,-0.001953125,0.0,0.0,2.49999999975,1.5072456354511747,0.3643538852403213,stiff,optimistic,0.02
adaptive n0=0.02,30030,0.9199537408179966,0.8235744841476884,0.09199537408179967,0.12310295432275231,0.555721812004188,0.0,0.0,0.0,0.0,2.49999999975,1.4782876257655335,0.375922656943304,stiff,optimistic,0.02
adaptive n0=0.02,30031,0.9791281152707944,0.8792601751118985,0.09773051986041277,0.12641411278301196,0.6006872634197398,0.0,-0.0036458333333333334,0.0,0.0,2.49999999975,1.5200030995385148,0.3951881832360166,stiff,optimistic,0.02
adaptive n0=0.02,30032,0.9716501948304332,0.8734248621655192,0.09713897781637666,0.12187581517517904,0.5670955769316165,0.0,-0.0005208333333333333,0.0,0.0,2.49999999975,1.54565080068896,0.36689760499515073,stiff,optimistic,0.02
adaptive n0=0.02,30033,0.9826463346443287,0.8822457413658723,0.09821906054776622,0.12743816397242352,0.5976819007615432,0.0,-0.0009114583333333333,0.0,0.0,2.49999999975,1.4125951155776388,0.42310913733914396,stiff,optimistic,0.02
adaptive n0=0.02,30034,0.9738498113002486,0.8759463358565962,0.09738498113002486,0.11084156564102884,0.5057201445795431,0.0,0.0,0.0,0.0,2.49999999975,1.4804311272678108,0.3416032905987784,stiff,optimistic,0.02
adaptive n0=0.02,30035,0.9623446399162325,0.8632747420547838,0.09623446399162325,0.13172791385738591,0.6054013012762475,0.0,0.0,0.0,0.0,2.4999999997500004,1.4824069123382286,0.4083907706024768,stiff,optimistic,0.02
adaptive n0=0.02,30036,0.9872750873122507,0.8874502239852947,0.09831735248122506,0.12471637292661478,0.598573317882544,0.0,-0.008203125,0.0,0.0,2.49999999975,1.4814110743446371,0.40405619226746187,stiff,optimistic,0.02
adaptive n0=0.02,30037,0.9812491885039512,0.8836791975414693,0.09797517926706178,0.11753776772397265,0.5528878776265191,0.0,-0.002994791666666667,0.0,0.0,2.49999999975,1.4303295149941375,0.38654580768319335,stiff,optimistic,0.02
adaptive n0=0.02,30038,0.96817782435481,0.8709631936118744,0.096817782435481,0.12124463429823434,0.5437880240108325,0.0,0.0,0.0,0.0,2.49999999975,1.5168346558150756,0.35850184588420175,stiff,optimistic,0.02
adaptive n0=0.02,30039,1.0071955642643808,0.9069726725117255,0.10025731684310475,0.12408762934373067,0.6016425756239987,0.0,-0.009244791666666667,0.0,0.0,2.4999999997500004,1.559819791096643,0.3857128746911266,stiff,optimistic,0.02
adaptive n0=0.02,30040,0.984307995962663,0.8853626470727904,0.09759095584626629,0.12141761635277018,0.5930484019383666,0.0,-0.016796875,0.0,0.0,2.49999999975,1.5204218177091562,0.3900551774716849,stiff,optimistic,0.02
adaptive n0=0.02,30041,0.9820101181732656,0.8822572050242048,0.09820101181732656,0.12382297629696448,0.5711478655289584,0.0,0.0,0.0,0.0,2.4999999997500004,1.5304172279854122,0.3731974882959188,stiff,optimistic,0.02
adaptive n0=0.02,30042,0.9877784634990321,0.8858273466043098,0.09638852343323655,0.11949049196771258,0.6104943597396759,0.0,-0.04778645833333334,0.0,0.0,2.49999999975,1.5046552898104144,0.40573702420346247,stiff,optimistic,0.02
adaptive n0=0.02,30043,1.00221776415723,0.9000780810637254,0.09990276599905634,0.12191879415049484,0.5834222761737728,0.0,-0.006380208333333333,0.0,0.0,2.49999999975,1.4686646480390895,0.39724676218818106,stiff,optimistic,0.02
adaptive n0=0.02,30044,0.9617819860235549,0.8643301542203273,0.09617819860235549,0.11890740887967306,0.5220380274888348,0.0,0.0,0.0,0.0,2.49999999975,1.457122828288846,0.3582663158890206,stiff,optimistic,0.02
adaptive n0=0.02,30045,0.9882497391338472,0.8886589793754438,0.09882497391338471,0.12077749946143672,0.5401635474255714,0.0,0.0,0.0,0.0,2.4999999997499995,1.5156673046981273,0.3563866197754756,stiff,optimistic,0.02
adaptive n0=0.02,30046,0.9728331681472929,0.8747248716373647,0.09689269181472929,0.12302559404194337,0.5863262161645844,0.0,-0.0078125,0.0,0.0,2.49999999975,1.451628744643038,0.4039092077284296,stiff,optimistic,0.02
adaptive n0=0.02,30047,0.9721508129900506,0.8726113318868743,0.09714346671567173,0.12625398503485089,0.5907544118562328,0.0,-0.0014322916666666666,0.0,0.0,2.49999999975,1.4617871173942696,0.4041316309513596,stiff,optimistic,0.02
adaptive n0=0.02,30048,1.0034146696321182,0.9025053695266689,0.10030240446321181,0.12452422204983092,0.5818111028080989,0.0,-0.00078125,0.0,0.0,2.49999999975,1.4824377130374107,0.3924691726952958,stiff,optimistic,0.02
adaptive n0=0.02,30049,0.9712910136034172,0.8743871395867023,0.09699238261034172,0.1246721253901827,0.5895742208894708,0.0,-0.002734375,0.0,0.0,2.49999999975,1.4695724607500433,0.4011875811748423,stiff,optimistic,0.02
adaptive n0=0.05,30000,1.0072988286582574,0.9068155103656335,0.10072337244915908,0.1276961988039179,0.5897000128342884,0.0,-0.00013020833333333333,0.0,0.0,2.49999999975,1.525419854807046,0.386582101298846,stiff,optimistic,0.05
adaptive n0=0.05,30001,0.9985809790702839,0.900144172934828,0.09981252499036172,0.11823181717757289,0.5526845756693365,0.0,-0.0009114583333333333,0.0,0.0,2.49999999975,1.5510370937761766,0.3563322746355233,stiff,optimistic,0.05
adaptive n0=0.05,30002,0.9684397241082189,0.8692832468156786,0.09670074324415522,0.1204911020287024,0.5679497109939539,0.0,-0.002864583333333333,0.0,0.0,2.49999999975,1.464547649818732,0.3877987247900397,stiff,optimistic,0.05
adaptive n0=0.05,30003,0.9804481470201467,0.8821950389738779,0.09804481470201468,0.1258165300553527,0.5768138466464183,0.0,0.0,0.0,0.0,2.49999999975,1.455542325944478,0.39628792400257623,stiff,optimistic,0.05
adaptive n0=0.05,30004,0.964015166677395,0.8661005913348022,0.09638849583440616,0.1226381960628691,0.5644774677588825,0.0,-0.00026041666666666666,0.0,0.0,2.49999999975,1.4977814095063628,0.37687573378609524,stiff,optimistic,0.05
adaptive n0=0.05,30005,0.9660377815985748,0.8677668190143794,0.09660377815985748,0.12718053312483174,0.5587969746378862,0.0,0.0,0.0,0.0,2.49999999975,1.4509974230902385,0.38511231360273357,stiff,optimistic,0.05
adaptive n0=0.05,30006,0.9457520332350632,0.8502582498504536,0.09426270332350631,0.10396487838399562,0.4962342140997789,0.0,-0.00625,0.0,0.0,2.49999999975,1.5017242116053091,0.33044297365980124,stiff,optimistic,0.05
adaptive n0=0.05,30007,0.9412866348396087,0.8434128712717713,0.09375756973396086,0.12104578685206101,0.5819941353832427,0.0,-0.007421875,0.0,0.0,2.49999999975,1.4000404871499688,0.4156980749663856,stiff,optimistic,0.05
adaptive n0=0.05,30008,0.9558555454609575,0.8577829195129039,0.09536420037942908,0.12397491387472036,0.5863974619539831,0.0,-0.004427083333333333,0.0,0.0,2.49999999975,1.4784600038587352,0.3966272069744895,stiff,optimistic,0.05
adaptive n0=0.05,30009,0.9710013389474406,0.8728828779706299,0.09710013389474406,0.12534537781593927,0.5651550223567156,0.0,0.0,0.0,0.0,2.49999999975,1.5018273626664325,0.3763115764206787,stiff,optimistic,0.05
adaptive n0=0.05,30010,0.9700526339076538,0.8715971629825441,0.09700526339076539,0.12499829994398926,0.5721846359369666,0.0,0.0,0.0,0.0,2.49999999975,1.4516184070036198,0.3941701435972076,stiff,optimistic,0.05
adaptive n0=0.05,30011,1.0172961979797175,0.9161271460845791,0.10172961979797175,0.12309368967526754,0.546276978398304,0.0,0.0,0.0,0.0,2.49999999975,1.4780568070345717,0.3695913281535509,stiff,optimistic,0.05
adaptive n0=0.05,30012,0.9251411645592957,0.8316887326037976,0.0925076060392629,0.11130763921832942,0.5132760985606738,0.0,-0.00013020833333333333,0.0,0.0,2.49999999975,1.4544120520320307,0.3529096845997326,stiff,optimistic,0.05
adaptive n0=0.05,30013,0.9963521084761481,0.8963385209857128,0.09943989834761482,0.1189662141273024,0.5596668225392732,0.0,-0.00390625,0.0,0.0,2.49999999975,1.5435025827262048,0.36259532624219143,stiff,optimistic,0.05
adaptive n0=0.05,30014,0.9502626677354772,0.8509081999860351,0.09502626677354772,0.12330681207716106,0.5642930199475309,0.0,0.0,0.0,0.0,2.49999999975,1.5265129772151393,0.3696614626735677,stiff,optimistic,0.05
adaptive n0=0.05,30015,0.9660094181963128,0.8664062664945893,0.09639260848629796,0.12600936724675255,0.59666238878081,0.0,-0.004166666666666667,0.0,0.0,2.4999999997499995,1.5090489578216864,0.3953896828119432,stiff,optimistic,0.05
adaptive n0=0.05,30016,0.9988429206119182,0.8975046291633848,0.09981918789452515,0.12490167392003211,0.584632870689402,0.0,-0.0013020833333333333,0.0,0.0,2.49999999975,1.4919243833668427,0.39186494785349263,stiff,optimistic,0.05
adaptive n0=0.05,30017,0.9461094519826907,0.8476372924363226,0.09371250769826908,0.12231530115015328,0.5957205362876457,0.0,-0.01796875,0.0,0.0,2.4999999997500004,1.4840444880900705,0.4014168989329448,stiff,optimistic,0.05
adaptive n0=0.05,30018,0.9643045005173145,0.8660954737368817,0.09643045005173145,0.11372748409295756,0.5184700441716259,0.0,0.0,0.0,0.0,2.4999999997500004,1.4924777523797814,0.34738879245932913,stiff,optimistic,0.05
adaptive n0=0.05,30019,0.9635896063222112,0.8653736263122126,0.09635896063222113,0.11912491407021412,0.5263818703804822,0.0,0.0,0.0,0.0,2.49999999975,1.4781801569702209,0.3561012965154332,stiff,optimistic,0.05
adaptive n0=0.05,30020,1.0152162186929916,0.9154507822259375,0.10133933020263249,0.11453190483621893,0.5434246861536749,0.0,-0.0036458333333333334,0.0,0.0,2.49999999975,1.5505692623659884,0.3504678567692436,stiff,optimistic,0.05
adaptive n0=0.05,30021,0.9840315275296574,0.8847770386595405,0.09840315275296574,0.12237116713556422,0.5592239528959735,0.0,0.0,0.0,0.0,2.49999999975,1.4797603790890452,0.3779152089747376,stiff,optimistic,0.05
adaptive n0=0.05,30022,0.9651329630484191,0.8662585372138768,0.09619428588817525,0.12956375718270524,0.6231252738636868,0.0,-0.006380208333333333,0.0,0.0,2.49999999975,1.4790180691104826,0.421310115729992,stiff,optimistic,0.05
adaptive n0=0.05,30023,0.9753869731129189,0.8792954869411628,0.09753869731129189,0.1210182214348492,0.5543546393690317,0.0,0.0,0.0,0.0,2.49999999975,1.5346484644737313,0.3612258130783935,stiff,optimistic,0.05
adaptive n0=0.05,30024,0.9680587996388064,0.8704013265082984,0.09680587996388064,0.12437632739459681,0.5690197607697715,0.0,0.0,0.0,0.0,2.49999999975,1.4691606347010704,0.38730942507559746,stiff,optimistic,0.05
adaptive n0=0.05,30025,0.9312078856898975,0.8360709968016237,0.09296453856898976,0.12231188235163168,0.5786632257978236,0.0,-0.003125,0.0,0.0,2.49999999975,1.4831767618253604,0.39015122181772655,stiff,optimistic,0.05
adaptive n0=0.05,30026,1.0004414905310746,0.9001077652511018,0.09998555530310746,0.12219982875927017,0.5698988169075837,0.0,-0.001171875,0.0,0.0,2.49999999975,1.4841807999795682,0.3839820707257695,stiff,optimistic,0.05
adaptive n0=0.05,30027,0.9762106755843384,0.8773041744785132,0.09740622380843385,0.12472084618716771,0.5914135603510285,0.0,-0.004296875,0.0,0.0,2.4999999997500004,1.4801903073220113,0.3995523801402438,stiff,optimistic,0.05
adaptive n0=0.05,30028,0.9277694015505774,0.8310617805238917,0.0921193880717244,0.1296418890162357,0.6311019914612062,0.0,-0.013151041666666667,0.0,0.0,2.49999999975,1.4629767589086802,0.4313821033848699,stiff,optimistic,0.05
adaptive n0=0.05,30029,0.9714787175426547,0.8743249237695635,0.09705021550426549,0.11667281071407949,0.5491708032881525,0.0,-0.001953125,0.0,0.0,2.49999999975,1.475472445091417,0.37219997236486996,stiff,optimistic,0.05
adaptive n0=0.05,30030,0.9311374464331434,0.8339769805714022,0.09311374464331434,0.12310295432275231,0.555721812004188,0.0,0.0,0.0,0.0,2.49999999975,1.4540990198087362,0.382176044707935,stiff,optimistic,0.05
adaptive n0=0.05,30031,0.9796787422173802,0.8797721268672606,0.09778558255507135,0.12641411278301196,0.6006872634197398,0.0,-0.0036458333333333334,0.0,0.0,2.49999999975,1.522193421551993,0.3946195371198576,stiff,optimistic,0.05
adaptive n0=0.05,30032,0.9716895195831756,0.8734627631421477,0.0971429102916509,0.12187581517517904,0.5670955769316165,0.0,-0.0005208333333333333,0.0,0.0,2.49999999975,1.5457029515476237,0.366885226145047,stiff,optimistic,0.05
adaptive n0=0.05,30033,0.9814776822433278,0.8811741812898379,0.0981021953076661,0.12743816397242352,0.5976819007615432,0.0,-0.0009114583333333333,0.0,0.0,2.4999999997499995,1.4085222539267066,0.4243325933227633,stiff,optimistic,0.05
adaptive n0=0.05,30034,0.9738487750782787,0.875945279374607,0.09738487750782787,0.1108444002791963,0.5057330777568723,0.0,0.0,0.0,0.0,2.49999999975,1.4809859849334779,0.34148404029602514,stiff,optimistic,0.05
adaptive n0=0.05,30035,0.9623320890380784,0.8632625226465614,0.09623320890380785,0.13172791385738591,0.6054013012762475,0.0,0.0,0.0,0.0,2.49999999975,1.48276336412004,0.4082925947091555,stiff,optimistic,0.05
adaptive n0=0.05,30036,0.9872289046875887,0.8874067879847704,0.09831273421875887,0.12471637292661478,0.598573317882544,0.0,-0.008203125,0.0,0.0,2.49999999975,1.4811605417215397,0.40412453682220534,stiff,optimistic,0.05
adaptive n0=0.05,30037,0.942629226802304,0.846969163036914,0.09411318309689706,0.11753776772397265,0.5528878776265191,0.0,-0.002994791666666667,0.0,0.0,2.49999999975,1.387312924522261,0.39853148331110166,stiff,optimistic,0.05
adaptive n0=0.05,30038,0.9683296593872035,0.8711075919881112,0.09683296593872034,0.12124463429823434,0.5437880240108325,0.0,0.0,0.0,0.0,2.49999999975,1.5123366162319938,0.3595681134572324,stiff,optimistic,0.05
adaptive n0=0.05,30039,0.984404562440156,0.8854303225902529,0.09797821666068227,0.12408762934373067,0.6016425756239987,0.0,-0.009244791666666667,0.0,0.0,2.49999999975,1.5291560192144058,0.3934474756428639,stiff,optimistic,0.05
adaptive n0=0.05,30040,0.98434797964322,0.8854016099226205,0.09759495421432199,0.12141761635277018,0.5930484019383666,0.0,-0.016796875,0.0,0.0,2.49999999975,1.5205953557624305,0.3900106623967759,stiff,optimistic,0.05
adaptive n0=0.05,30041,0.982000018548137,0.8822477697361802,0.0982000018548137,0.12382297629696448,0.5711478655289584,0.0,0.0,0.0,0.0,2.49999999975,1.5302499953519573,0.37323827300361756,stiff,optimistic,0.05
adaptive n0=0.05,30042,0.9885547141523681,0.8865237134316115,0.09645312766523681,0.11949049196771258,0.6104943597396759,0.0,-0.048046875,0.0,0.0,2.49999999975,1.5096779588514104,0.4043871450598317,stiff,optimistic,0.05
adaptive n0=0.05,30043,1.0021881666113372,0.9000497332052848,0.09989980624446707,0.12191879415049484,0.5834222761737728,0.0,-0.006380208333333333,0.0,0.0,2.49999999975,1.469229578252388,0.3970940177148755,stiff,optimistic,0.05
adaptive n0=0.05,30044,0.9617472405137594,0.8642973976268847,0.09617472405137593,0.11890740887967306,0.5220380274888348,0.0,0.0,0.0,0.0,2.49999999975,1.4572941164502358,0.35822420580441666,stiff,optimistic,0.05
adaptive n0=0.05,30045,0.9882899576896593,0.888698637377091,0.09882899576896594,0.12077749946143672,0.5401635474255714,0.0,0.0,0.0,0.0,2.49999999975,1.5158772193831471,0.3563372682949738,stiff,optimistic,0.05
adaptive n0=0.05,30046,0.9729590345344229,0.8748428900974288,0.0969052784534423,0.12302559404194337,0.5863262161645844,0.0,-0.0078125,0.0,0.0,2.4999999997500004,1.452767191746664,0.4035926881440952,stiff,optimistic,0.05
adaptive n0=0.05,30047,0.9732857893945576,0.8736545413938451,0.09725696435612242,0.12625398503485089,0.5907544118562328,0.0,-0.0014322916666666666,0.0,0.0,2.49999999975,1.4655829805629972,0.4030849291312711,stiff,optimistic,0.05
adaptive n0=0.05,30048,1.008852337925595,0.9077575036741719,0.10084617129255949,0.12452422204983092,0.5818111028080989,0.0,-0.00078125,0.0,0.0,2.49999999975,1.4799112810424464,0.3931391768284058,stiff,optimistic,0.05
adaptive n0=0.05,30049,0.972285406647781,0.8752969054000986,0.0970918219147781,0.1246721253901827,0.5895742208894708,0.0,-0.002734375,0.0,0.0,2.49999999975,1.470786709696108,0.40085636958963805,stiff,optimistic,0.05
adaptive n0=0.1,30000,1.0072803170806823,0.9067987198006415,0.10072152129140155,0.1276961988039179,0.5897000128342884,0.0,-0.00013020833333333333,0.0,0.0,2.49999999975,1.5251762477417548,0.3866438476913242,stiff,optimistic,0.1
adaptive n0=0.1,30001,0.9991589330821441,0.9007183094473341,0.09987032039154775,0.11817470127003145,0.5524175825546481,0.0,-0.0009114583333333333,0.0,0.0,2.49999999975,1.5380466245167566,0.35916829421748764,stiff,optimistic,0.1
adaptive n0=0.1,30002,0.9684312922677174,0.8692917065868234,0.09669990006010507,0.1204911020287024,0.5679497109939539,0.0,-0.002864583333333333,0.0,0.0,2.49999999975,1.4353099880630364,0.3956982921580634,stiff,optimistic,0.1
adaptive n0=0.1,30003,0.982763326214724,0.8843064483218372,0.0982763326214724,0.1258165300553527,0.5768138466464183,0.0,0.0,0.0,0.0,2.49999999975,1.4821262376720015,0.38917997130421816,stiff,optimistic,0.1
adaptive n0=0.1,30004,0.9659573094241214,0.8679450551610056,0.0965827101090788,0.1226381960628691,0.5644774677588825,0.0,-0.00026041666666666666,0.0,0.0,2.49999999975,1.4740924564211366,0.3829322002836542,stiff,optimistic,0.1
adaptive n0=0.1,30005,0.966195594221219,0.8679243993329243,0.0966195594221219,0.12718053312483174,0.5587969746378862,0.0,0.0,0.0,0.0,2.49999999975,1.417034971178327,0.3943424022719933,stiff,optimistic,0.1
adaptive n0=0.1,30006,0.9522020362249941,0.8563223054131104,0.09490770362249941,0.10396487838399562,0.4962342140997789,0.0,-0.00625,0.0,0.0,2.49999999975,1.4976744327920986,0.3313365062757029,stiff,optimistic,0.1
adaptive n0=0.1,30007,0.9423460140396398,0.8443455165166878,0.09386350765396398,0.12110112115726945,0.5822601854619306,0.0,-0.007421875,0.0,0.0,2.49999999975,1.4260473374616178,0.40830354656975204,stiff,optimistic,0.1
adaptive n0=0.1,30008,0.9634494430359515,0.8649650473633039,0.09612359013692848,0.12397491387472036,0.5863974619539831,0.0,-0.004427083333333333,0.0,0.0,2.49999999975,1.515071163205035,0.387042850656267,stiff,optimistic,0.1
adaptive n0=0.1,30009,0.9730057777564434,0.8748561143385843,0.09730057777564434,0.12534537781593927,0.5651550223567156,0.0,0.0,0.0,0.0,2.49999999975,1.4391086728862104,0.3927118451890548,stiff,optimistic,0.1
adaptive n0=0.1,30010,0.9718954327189204,0.8732842263571613,0.09718954327189204,0.12499829994398926,0.5721846359369666,0.0,0.0,0.0,0.0,2.49999999975,1.4718577693458892,0.3887499511527205,stiff,optimistic,0.1
adaptive n0=0.1,30011,1.017348673002085,0.9161759584802522,0.1017348673002085,0.12309368967526754,0.546276978398304,0.0,0.0,0.0,0.0,2.4999999997500004,1.4788336201788543,0.36939718636653374,stiff,optimistic,0.1
adaptive n0=0.1,30012,0.9260642144083349,0.8325525084676925,0.09259991102416681,0.11125615456172813,0.513038685891951,0.0,-0.00013020833333333333,0.0,0.0,2.49999999975,1.4419021632806857,0.35580686329276356,stiff,optimistic,0.1
adaptive n0=0.1,30013,0.9962876086874694,0.8962767458736894,0.09943344836874694,0.1189662141273024,0.5596668225392732,0.0,-0.00390625,0.0,0.0,2.49999999975,1.5431757620717927,0.3626721182996626,stiff,optimistic,0.1
adaptive n0=0.1,30014,0.9638376219857846,0.8634414978268703,0.09638376219857846,0.12330681207716106,0.5642930199475309,0.0,0.0,0.0,0.0,2.49999999975,1.4649045871905173,0.385208036674775,stiff,optimistic,0.1
adaptive n0=0.1,30015,0.9656056265665063,0.866035806921195,0.0963522293233173,0.12600936724675255,0.59666238878081,0.0,-0.004166666666666667,0.0,0.0,2.49999999975,1.508500141660716,0.39553353181918904,stiff,optimistic,0.1
adaptive n0=0.1,30016,1.0052030476820708,0.9034416280500764,0.10045520060154041,0.12489334393248824,0.5845938801428565,0.0,-0.0013020833333333333,0.0,0.0,2.49999999975,1.4910835987343662,0.3920597615311848,stiff,optimistic,0.1
adaptive n0=0.1,30017,0.9469336625759819,0.8483895290525832,0.09379492875759819,0.12231530115015328,0.5957205362876457,0.0,-0.01796875,0.0,0.0,2.49999999975,1.4872705802606867,0.4005461710828897,stiff,optimistic,0.1
adaptive n0=0.1,30018,0.9620884837693313,0.8641157055828851,0.09620884837693314,0.11372748409295756,0.5184700441716259,0.0,0.0,0.0,0.0,2.49999999975,1.4498004700871687,0.3576147579400723,stiff,optimistic,0.1
adaptive n0=0.1,30019,0.963654176043674,0.8654335831059092,0.0963654176043674,0.1191263167807476,0.5263880685918302,0.0,0.0,0.0,0.0,2.49999999975,1.478378932268415,0.3560576095224407,stiff,optimistic,0.1
adaptive n0=0.1,30020,1.015086195540541,0.9153386750850351,0.10133283830405411,0.1144715131224994,0.5431381428702007,0.0,-0.003515625,0.0,0.0,2.49999999975,1.5137337714964487,0.35880691380312174,stiff,optimistic,0.1
adaptive n0=0.1,30021,0.9855650411297242,0.8861858558066271,0.09855650411297243,0.12238007225653377,0.5592646484051051,0.0,0.0,0.0,0.0,2.49999999975,1.4822628701191665,0.3773046331249889,stiff,optimistic,0.1
adaptive n0=0.1,30022,0.9628254415601687,0.8641198948077543,0.09596353373935021,0.12956375718270524,0.6231252738636868,0.0,-0.006380208333333333,0.0,0.0,2.49999999975,1.472326316699879,0.4232249785906024,stiff,optimistic,0.1
adaptive n0=0.1,30023,0.9753223979610668,0.8792331808605874,0.09753223979610667,0.12100580750009017,0.554297774194144,0.0,0.0,0.0,0.0,2.49999999975,1.5216980716502468,0.3642626513898521,stiff,optimistic,0.1
adaptive n0=0.1,30024,0.9686581490851518,0.870956996519466,0.09686581490851517,0.1243723145202473,0.5690014019321198,0.0,0.0,0.0,0.0,2.49999999975,1.4649576041031924,0.38840810159857636,stiff,optimistic,0.1
adaptive n0=0.1,30025,0.9319808987480027,0.8369962464744042,0.09304183987480028,0.12211610134378517,0.577736976709246,0.0,-0.003125,0.0,0.0,2.49999999975,1.4578763223668338,0.3962866862199265,stiff,optimistic,0.1
adaptive n0=0.1,30026,1.0016100948235722,0.9011538062739397,0.10010241573235723,0.12219982875927017,0.5698988169075837,0.0,-0.001171875,0.0,0.0,2.49999999975,1.5031918346021933,0.3791258066927981,stiff,optimistic,0.1
adaptive n0=0.1,30027,0.9788091363525425,0.8797031638518439,0.09766606988525425,0.12472084618716771,0.5914135603510285,0.0,-0.004296875,0.0,0.0,2.49999999975,1.4948009118402599,0.395647042804473,stiff,optimistic,0.1
adaptive n0=0.1,30028,0.9289827816807666,0.8321256248393222,0.09224072608474332,0.1296418890162357,0.6311019914612062,0.0,-0.013151041666666667,0.0,0.0,2.4999999997499995,1.4804120113946866,0.4263015880738829,stiff,optimistic,0.1
adaptive n0=0.1,30029,0.9722132354920701,0.8750074385052049,0.09712366729920702,0.11667281071407949,0.5491708032881525,0.0,-0.001953125,0.0,0.0,2.49999999975,1.4788943708674909,0.3713387609731853,stiff,optimistic,0.1
adaptive n0=0.1,30030,0.9311380974877993,0.8339774092459282,0.09311380974877993,0.12310295432275231,0.555721812004188,0.0,0.0,0.0,0.0,2.49999999975,1.45381913097873,0.3822496211272642,stiff,optimistic,0.1
adaptive n0=0.1,30031,0.9815972817345688,0.8815548087869728,0.09797743650679022,0.12641411278301196,0.6006872634197398,0.0,-0.0036458333333333334,0.0,0.0,2.49999999975,1.505927594415768,0.3988819021891815,stiff,optimistic,0.1
adaptive n0=0.1,30032,0.9717453223160593,0.8735164476173691,0.09714849056493927,0.12187581517517904,0.5670955769316165,0.0,-0.0005208333333333333,0.0,0.0,2.49999999975,1.5458035218971489,0.36686135650384977,stiff,optimistic,0.1
adaptive n0=0.1,30033,0.9856699619379747,0.8850326080124379,0.0985214232771308,0.12743816397242352,0.5976819007615432,0.0,-0.0009114583333333333,0.0,0.0,2.49999999975,1.4388926009184482,0.4153763111854502,stiff,optimistic,0.1
adaptive n0=0.1,30034,0.9758443128292464,0.8777978844950435,0.09758443128292464,0.11087590573784448,0.5058768229756488,0.0,0.0,0.0,0.0,2.49999999975,1.4871529255476656,0.3401646288591016,stiff,optimistic,0.1
adaptive n0=0.1,30035,0.9707869195960664,0.8713117409013305,0.09707869195960664,0.13172791385738591,0.6054013012762475,0.0,0.0,0.0,0.0,2.49999999975,1.4711518402330337,0.41151517111948865,stiff,optimistic,0.1
adaptive n0=0.1,30036,0.9887248690407121,0.8887483199225644,0.0984623306540712,0.12471637292661478,0.598573317882544,0.0,-0.008203125,0.0,0.0,2.49999999975,1.4969908393545617,0.3998510225624515,stiff,optimistic,0.1
adaptive n0=0.1,30037,0.9427697593222277,0.8470923191964681,0.09412723634888945,0.11753776772397265,0.5528878776265191,0.0,-0.002994791666666667,0.0,0.0,2.49999999975,1.4375282641803537,0.384610091782622,stiff,optimistic,0.1
adaptive n0=0.1,30038,0.9681608625707065,0.8709548494958071,0.09681608625707065,0.12124463429823434,0.5437880240108325,0.0,0.0,0.0,0.0,2.49999999975,1.5124094105004384,0.35955080696760505,stiff,optimistic,0.1
adaptive n0=0.1,30039,0.9840116500281846,0.8850847929345609,0.09793892541948512,0.12408762934373067,0.6016425756239987,0.0,-0.009244791666666667,0.0,0.0,2.49999999975,1.5258051381197648,0.39431154122694667,stiff,optimistic,0.1
adaptive n0=0.1,30040,0.9843931677242881,0.8854461921964245,0.0975994730224288,0.12141761635277018,0.5930484019383666,0.0,-0.016796875,0.0,0.0,2.49999999975,1.4683994983627617,0.4038740156201392,stiff,optimistic,0.1
adaptive n0=0.1,30041,0.9858482094160093,0.8859902366303396,0.09858482094160093,0.12382297629696448,0.5711478655289584,0.0,0.0,0.0,0.0,2.4999999997500004,1.5314012366078529,0.3729576886029462,stiff,optimistic,0.1
adaptive n0=0.1,30042,0.9887094017006473,0.8866721508256804,0.09646859642006472,0.11949049196771258,0.6104943597396759,0.0,-0.048046875,0.0,0.0,2.49999999975,1.5098363787440745,0.4043447146554402,stiff,optimistic,0.1
adaptive n0=0.1,30043,1.0043670801838023,0.902081869290069,0.10011769760171356,0.12191879415049484,0.5834222761737728,0.0,-0.006380208333333333,0.0,0.0,2.49999999975,1.4771371008584053,0.3949682638359906,stiff,optimistic,0.1
adaptive n0=0.1,30044,0.9683154176168117,0.870427895960477,0.09683154176168117,0.11890740887967306,0.5220380274888348,0.0,0.0,0.0,0.0,2.4999999997500004,1.4661700734709244,0.35605557427112994,stiff,optimistic,0.1
adaptive n0=0.1,30045,0.9883624951145836,0.8887684535387461,0.09883624951145836,0.12077749946143672,0.5401635474255714,0.0,0.0,0.0,0.0,2.4999999997499995,1.5161921749948788,0.3562632470566575,stiff,optimistic,0.1
adaptive n0=0.1,30046,0.9730866505310122,0.8749634786968721,0.09691804005310121,0.12302559404194337,0.5863262161645844,0.0,-0.0078125,0.0,0.0,2.4999999997500004,1.453704317565743,0.4033325134140066,stiff,optimistic,0.1
adaptive n0=0.1,30047,0.9733642175960543,0.8737310860130799,0.09726480717627209,0.12625398503485089,0.5907544118562328,0.0,-0.0014322916666666666,0.0,0.0,2.49999999975,1.4656720986363596,0.4030604201348052,stiff,optimistic,0.1
adaptive n0=0.1,30048,1.009530311371631,0.908357366722631,0.10091396863716309,0.12452422204983092,0.5818111028080989,0.0,-0.00078125,0.0,0.0,2.49999999975,1.4997511217682455,0.3879384348265254,stiff,optimistic,0.1
adaptive n0=0.1,30049,0.9701559792165116,0.87334507692812,0.09687887917165117,0.1246721253901827,0.5895742208894708,0.0,-0.002734375,0.0,0.0,2.49999999975,1.463636404781161,0.4028146737560975,stiff,optimistic,0.1
adaptive n0=0.25,30000,1.0092956356224716,0.9087012049534919,0.1009230531455805,0.1276961988039179,0.5897000128342884,0.0,-0.00013020833333333333,0.0,0.0,2.49999999975,1.5197729806020424,0.38801848720898097,stiff,optimistic,0.25
adaptive n0=0.25,30001,0.9994200060706475,0.900947632192629,0.09989642769039808,0.118202013693439,0.5525452567755292,0.0,-0.0009114583333333333,0.0,0.0,2.49999999975,1.544258575126472,0.35780617681224586,stiff,optimistic,0.25
adaptive n0=0.25,30002,0.9771019484477225,0.8774276528036928,0.09756696567810558,0.1204911020287024,0.5679497109939539,0.0,-0.002864583333333333,0.0,0.0,2.49999999975,1.4506948080007713,0.3915018568079496,stiff,optimistic,0.25
adaptive n0=0.25,30003,0.998404419082574,0.8991260318441386,0.0998404419082574,0.1258165300553527,0.5768138466464183,0.0,0.0,0.0,0.0,2.49999999975,1.4753097513957942,0.390978129237398,stiff,optimistic,0.25
adaptive n0=0.25,30004,0.9660958123766689,0.8680767942603707,0.09659656040433355,0.1226381960628691,0.5644774677588825,0.0,-0.00026041666666666666,0.0,0.0,2.4999999997499995,1.4890844127371983,0.3790768763211173,stiff,optimistic,0.25
adaptive n0=0.25,30005,0.9705958814708928,0.8719240479883594,0.09705958814708929,0.12718053312483174,0.5587969746378862,0.0,0.0,0.0,0.0,2.49999999975,1.492482588311915,0.37440770097687925,stiff,optimistic,0.25
adaptive n0=0.25,30006,0.950832136533458,0.855014368199247,0.0947707136533458,0.10396487838399562,0.4962342140997789,0.0,-0.00625,0.0,0.0,2.49999999975,1.464341147174708,0.3388788296068922,stiff,optimistic,0.25
adaptive n0=0.25,30007,0.9442675888541788,0.8462046564767834,0.09405566513541788,0.12115073775581658,0.582498744523944,0.0,-0.007421875,0.0,0.0,2.49999999975,1.449366893865596,0.4018987510956359,stiff,optimistic,0.25
adaptive n0=0.25,30008,0.9618771934772982,0.8635183434331666,0.09596636518106315,0.12397491387472036,0.5863974619539831,0.0,-0.004427083333333333,0.0,0.0,2.49999999975,1.488811390769891,0.393869542904791,stiff,optimistic,0.25
adaptive n0=0.25,30009,0.9762163678840791,0.8778051036767383,0.0976216367884079,0.12534537781593927,0.5651550223567156,0.0,0.0,0.0,0.0,2.49999999975,1.487753914656471,0.3798713058585447,stiff,optimistic,0.25
adaptive n0=0.25,30010,0.9718406268068692,0.8732290096129225,0.09718406268068693,0.12499829994398926,0.5721846359369666,0.0,0.0,0.0,0.0,2.49999999975,1.4577634811549056,0.39250855391414813,stiff,optimistic,0.25
adaptive n0=0.25,30011,1.0199369939500105,0.9185856234563614,0.10199369939500105,0.12309368967526754,0.546276978398304,0.0,0.0,0.0,0.0,2.49999999975,1.4771668011532633,0.3698140101522801,stiff,optimistic,0.25
adaptive n0=0.25,30012,0.9434212983087011,0.8490651591716969,0.09433561941420346,0.11131091707531023,0.5132912138362699,0.0,-0.00013020833333333333,0.0,0.0,2.49999999975,1.4552085150732643,0.35272691749637514,stiff,optimistic,0.25
adaptive n0=0.25,30013,0.9961506617318617,0.8961456302688403,0.09941975367318619,0.1189662141273024,0.5596668225392732,0.0,-0.00390625,0.0,0.0,2.49999999975,1.5245143499378448,0.3671115477280297,stiff,optimistic,0.25
adaptive n0=0.25,30014,0.9827883190013843,0.8813953442648179,0.09827883190013843,0.12330681207716106,0.5642930199475309,0.0,0.0,0.0,0.0,2.49999999975,1.4818591431950239,0.3808007141156909,stiff,optimistic,0.25
adaptive n0=0.25,30015,0.9648975247203646,0.8653805789829336,0.09628141913870314,0.12600936724675255,0.59666238878081,0.0,-0.004166666666666667,0.0,0.0,2.4999999997500004,1.503831023037416,0.3967615906577589,stiff,optimistic,0.25
adaptive n0=0.25,30016,1.006891299760454,0.9050202049419247,0.10062402580937875,0.12488872528869492,0.584572261449569,0.0,-0.0013020833333333333,0.0,0.0,2.49999999975,1.490617417398135,0.39216787260539115,stiff,optimistic,0.25
adaptive n0=0.25,30017,0.9535596532183745,0.8547069109982683,0.09445752782183747,0.12231530115015328,0.5957205362876457,0.0,-0.01796875,0.0,0.0,2.49999999975,1.47468612927586,0.4039642907471927,stiff,optimistic,0.25
adaptive n0=0.25,30018,0.9650152127641551,0.8668215094066906,0.09650152127641551,0.11372748409295756,0.5184700441716259,0.0,0.0,0.0,0.0,2.49999999975,1.4687024812648648,0.353012302209167,stiff,optimistic,0.25
adaptive n0=0.25,30019,0.9689928952265513,0.870515599974187,0.09689928952265513,0.11913336222980432,0.5264192005903806,0.0,0.0,0.0,0.0,2.49999999975,1.4793773287327265,0.35583835872442704,stiff,optimistic,0.25
adaptive n0=0.25,30020,1.0157991508521658,0.9160240497413589,0.10140413383521656,0.11447135844344487,0.5431374089575256,0.0,-0.003515625,0.0,0.0,2.49999999975,1.5136394261210078,0.3588287934263312,stiff,optimistic,0.25
adaptive n0=0.25,30021,0.9865773351015872,0.8870838752558363,0.09865773351015872,0.1224087717239922,0.5593958020911718,0.0,0.0,0.0,0.0,2.49999999975,1.490327910462716,0.3753508192150081,stiff,optimistic,0.25
adaptive n0=0.25,30022,0.9629458513278277,0.8642167484123096,0.0959755747161161,0.12956375718270524,0.6231252738636868,0.0,-0.006380208333333333,0.0,0.0,2.4999999997500004,1.4612794600639165,0.42642443892041787,stiff,optimistic,0.25
adaptive n0=0.25,30023,0.9750728770384259,0.8789950494314995,0.0975072877038426,0.12100511613329702,0.5542946072132982,0.0,0.0,0.0,0.0,2.4999999997500004,1.5209768280050244,0.3644333016830596,stiff,optimistic,0.25
adaptive n0=0.25,30024,0.97002776303592,0.872231300790279,0.097002776303592,0.12439525348257835,0.5691063473275285,0.0,0.0,0.0,0.0,2.49999999975,1.4889835645905798,0.3822113023013881,stiff,optimistic,0.25
adaptive n0=0.25,30025,0.9404394404261243,0.8449220865891871,0.09388769404261244,0.12216693473707724,0.5779774718661765,0.0,-0.003125,0.0,0.0,2.49999999975,1.4644454334547934,0.394673272668591,stiff,optimistic,0.25
adaptive n0=0.25,30026,1.0008284896121797,0.9005290947853885,0.10002425521121798,0.12219982875927017,0.5698988169075837,0.0,-0.001171875,0.0,0.0,2.49999999975,1.4944832439668712,0.38133503283374176,stiff,optimistic,0.25
adaptive n0=0.25,30027,0.97835809181848,0.8792985283205493,0.097620965431848,0.12472084618716771,0.5914135603510285,0.0,-0.004296875,0.0,0.0,2.49999999975,1.488520877485529,0.39731626831467004,stiff,optimistic,0.25
adaptive n0=0.25,30028,0.9348709565333994,0.8377885784467972,0.09282954357000658,0.1296418890162357,0.6311019914612062,0.0,-0.013151041666666667,0.0,0.0,2.4999999997499995,1.4920911253811617,0.4229647779052289,stiff,optimistic,0.25
adaptive n0=0.25,30029,0.9810653325647556,0.8835170304431849,0.09800887700647556,0.11667281071407949,0.5491708032881525,0.0,-0.001953125,0.0,0.0,2.49999999975,1.4841006126608591,0.37003610038509355,stiff,optimistic,0.25
adaptive n0=0.25,30030,0.9335374020211091,0.8363831181924423,0.09335374020211092,0.12310295432275231,0.555721812004188,0.0,0.0,0.0,0.0,2.49999999975,1.4347280863670684,0.38733598183844936,stiff,optimistic,0.25
adaptive n0=0.25,30031,0.9816256871008182,0.8815815578057506,0.09798027704341515,0.12641411278301196,0.6006872634197398,0.0,-0.0036458333333333334,0.0,0.0,2.49999999975,1.5054071801316555,0.3990197943437513,stiff,optimistic,0.25
adaptive n0=0.25,30032,0.974454349082499,0.8760396254054272,0.09741939324158322,0.12187581517517904,0.5670955769316165,0.0,-0.0005208333333333333,0.0,0.0,2.4999999997500004,1.5550171249387401,0.3646876731045372,stiff,optimistic,0.25
adaptive n0=0.25,30033,0.9926924877184689,0.8915872880617032,0.09922367585518022,0.12743816397242352,0.5976819007615432,0.0,-0.0009114583333333333,0.0,0.0,2.4999999997499995,1.42954104218023,0.41809355809050647,stiff,optimistic,0.25
adaptive n0=0.25,30034,0.975992883758474,0.8779332910137585,0.0975992883758474,0.11089932335835727,0.5059836670315131,0.0,0.0,0.0,0.0,2.4999999997500004,1.491736736773587,0.33919099433448513,stiff,optimistic,0.25
adaptive n0=0.25,30035,0.9750189440860543,0.8754643631451842,0.09750189440860543,0.13172791385738591,0.6054013012762475,0.0,0.0,0.0,0.0,2.49999999975,1.447359699571364,0.41827978314964637,stiff,optimistic,0.25
adaptive n0=0.25,30036,0.988575055256953,0.8886068182509881,0.09844734927569529,0.12471637292661478,0.598573317882544,0.0,-0.008203125,0.0,0.0,2.49999999975,1.470094688802675,0.40716650596843845,stiff,optimistic,0.25
adaptive n0=0.25,30037,0.9483855052479551,0.8524104804072936,0.09468881094146217,0.11753776772397265,0.5528878776265191,0.0,-0.002994791666666667,0.0,0.0,2.49999999975,1.4327970672347898,0.38588010142536006,stiff,optimistic,0.25
adaptive n0=0.25,30038,0.9682110088245968,0.8710049051413324,0.09682110088245968,0.12124463429823434,0.5437880240108325,0.0,0.0,0.0,0.0,2.49999999975,1.5097758139058957,0.36017799397912914,stiff,optimistic,0.25
adaptive n0=0.25,30039,0.9846707004659715,0.8856904066928808,0.09800483046326382,0.12408762934373067,0.6016425756239987,0.0,-0.009244791666666667,0.0,0.0,2.49999999975,1.5275364516617649,0.3938646275638714,stiff,optimistic,0.25
adaptive n0=0.25,30040,0.9858169258483811,0.8867760233266642,0.09774184883483811,0.12141761635277018,0.5930484019383666,0.0,-0.016796875,0.0,0.0,2.49999999975,1.4739922152547007,0.4023416106277671,stiff,optimistic,0.25
adaptive n0=0.25,30041,0.9842589631440618,0.8844828320233634,0.09842589631440618,0.12382297629696448,0.5711478655289584,0.0,0.0,0.0,0.0,2.49999999975,1.526292111778212,0.37420613074095005,stiff,optimistic,0.25
adaptive n0=0.25,30042,0.992109130770148,0.8898324887992565,0.09680205891034813,0.11949049196771258,0.6104943597396759,0.0,-0.048177083333333336,0.0,0.0,2.49999999975,1.5145186356209859,0.40309465026117675,stiff,optimistic,0.25
adaptive n0=0.25,30043,1.0043307231449627,0.9020458211521041,0.1001140618978296,0.12191879415049484,0.5834222761737728,0.0,-0.006380208333333333,0.0,0.0,2.49999999975,1.4809738650458697,0.393945018169313,stiff,optimistic,0.25
adaptive n0=0.25,30044,0.9689607726785027,0.8710386703408728,0.09689607726785027,0.11890740887967306,0.5220380274888348,0.0,0.0,0.0,0.0,2.49999999975,1.463439042876466,0.3567200356105996,stiff,optimistic,0.25
adaptive n0=0.25,30045,0.9889777177136247,0.8893510379186479,0.09889777177136247,0.12077749946143672,0.5401635474255714,0.0,0.0,0.0,0.0,2.49999999975,1.516464776177792,0.356199204828904,stiff,optimistic,0.25
adaptive n0=0.25,30046,0.9734369710605988,0.8753089742602025,0.09695307210605988,0.12302559404194337,0.5863262161645844,0.0,-0.0078125,0.0,0.0,2.49999999975,1.4882563743613475,0.3939685569404622,stiff,optimistic,0.25
adaptive n0=0.25,30047,0.9763213037755082,0.8764819516795842,0.09756051579421748,0.12625398503485089,0.5907544118562328,0.0,-0.0014322916666666666,0.0,0.0,2.49999999975,1.4790161875979564,0.39942389867663747,stiff,optimistic,0.25
adaptive n0=0.25,30048,1.0092977430862302,0.9081362233070407,0.10089071180862301,0.12452422204983092,0.5818111028080989,0.0,-0.00078125,0.0,0.0,2.49999999975,1.4922875066655266,0.3898786930865213,stiff,optimistic,0.25
adaptive n0=0.25,30049,0.9711483346523205,0.8742318419477804,0.09697811471523206,0.1246721253901827,0.5895742208894708,0.0,-0.002734375,0.0,0.0,2.49999999975,1.4843771139307553,0.3971862779049649,stiff,optimistic,0.25
adaptive n0=0.5,30000,1.0068375966222118,0.906420765273282,0.10067724924555452,0.1276961988039179,0.5897000128342884,0.0,-0.00013020833333333333,0.0,0.0,2.4999999997500004,1.5073016634835228,0.39122892724169994,stiff,optimistic,0.5
adaptive n0=0.5,30001,0.9994125063499588,0.9009401068845526,0.09989567771832922,0.11820383077397324,0.5525537508713487,0.0,-0.0009114583333333333,0.0,0.0,2.49999999975,1.5446718527900665,0.35771594456990813,stiff,optimistic,0.5
adaptive n0=0.5,30002,0.9773298468589252,0.8776468183383703,0.09758975551922586,0.1204911020287024,0.5679497109939539,0.0,-0.002864583333333333,0.0,0.0,2.49999999975,1.4506062931446648,0.39152574594360584,stiff,optimistic,0.5
adaptive n0=0.5,30003,0.9947454872850581,0.89566226181763,0.09947454872850581,0.1258165300553527,0.5768138466464183,0.0,0.0,0.0,0.0,2.49999999975,1.4674453385345942,0.39307348048986307,stiff,optimistic,0.5
adaptive n0=0.5,30004,0.9781721730805861,0.879528625027014,0.09780419647472528,0.1226381960628691,0.5644774677588825,0.0,-0.00026041666666666666,0.0,0.0,2.49999999975,1.5088188647766514,0.37411877657192566,stiff,optimistic,0.5
adaptive n0=0.5,30005,0.9926196670192953,0.8929223445282656,0.09926196670192952,0.12718053312483174,0.5587969746378862,0.0,0.0,0.0,0.0,2.49999999975,1.5205327075099453,0.36750079224075577,stiff,optimistic,0.5
adaptive n0=0.5,30006,0.9550373549358344,0.8589655469908093,0.09519123549358344,0.10396487838399562,0.4962342140997789,0.0,-0.00625,0.0,0.0,2.49999999975,1.5043942918712099,0.32985648561757586,stiff,optimistic,0.5
adaptive n0=0.5,30007,0.9721730831978658,0.872441464599782,0.09684621456978658,0.12110111718042224,0.5822601663410524,0.0,-0.007421875,0.0,0.0,2.49999999975,1.4260454683630837,0.4083040683193727,stiff,optimistic,0.5
adaptive n0=0.5,30008,0.9617927623436828,0.8634406001374024,0.09595792206770162,0.12397491387472036,0.5863974619539831,0.0,-0.004427083333333333,0.0,0.0,2.49999999975,1.488432734121222,0.3939697431474423,stiff,optimistic,0.5
adaptive n0=0.5,30009,0.9763566184337347,0.8779410276649854,0.09763566184337347,0.12534537781593927,0.5651550223567156,0.0,0.0,0.0,0.0,2.49999999975,1.487462592614118,0.3799457042906152,stiff,optimistic,0.5
adaptive n0=0.5,30010,0.9735007924621196,0.8747307949331012,0.09735007924621196,0.12499829994398926,0.5721846359369666,0.0,0.0,0.0,0.0,2.49999999975,1.4633718317087578,0.3910042707797887,stiff,optimistic,0.5
adaptive n0=0.5,30011,1.0200740747670702,0.9187049395430368,0.10200740747670703,0.12309368967526754,0.546276978398304,0.0,0.0,0.0,0.0,2.49999999975,1.4917750050173666,0.36619260716996965,stiff,optimistic,0.5
adaptive n0=0.5,30012,0.9435099226798397,0.8491385765486841,0.0943444818513173,0.11141777906575098,0.5137839895875395,0.0,-0.00013020833333333333,0.0,0.0,2.49999999975,1.481174146397351,0.3468761528394298,stiff,optimistic,0.5
adaptive n0=0.5,30013,0.9959801354354052,0.8959824183640287,0.09940270104354051,0.1189662141273024,0.5596668225392732,0.0,-0.00390625,0.0,0.0,2.49999999975,1.5237837204520928,0.367287571738347,stiff,optimistic,0.5
adaptive n0=0.5,30014,0.9828189242477553,0.8814258421676822,0.09828189242477553,0.12330681207716106,0.5642930199475309,0.0,0.0,0.0,0.0,2.4999999997500004,1.4829481480176403,0.38052107263619467,stiff,optimistic,0.5
adaptive n0=0.5,30015,0.9649204179907718,0.8654034028558628,0.09628370846574386,0.12600936724675255,0.59666238878081,0.0,-0.004166666666666667,0.0,0.0,2.49999999975,1.5037651397782024,0.39677897365596243,stiff,optimistic,0.5
adaptive n0=0.5,30016,1.0287584442835054,0.9258107257099679,0.10281074026168387,0.12518526965744517,0.5859603099852534,0.0,-0.0013020833333333333,0.0,0.0,2.49999999975,1.5205490285527459,0.3853610103864712,stiff,optimistic,0.5
adaptive n0=0.5,30017,0.9540961429989545,0.8552117477704652,0.09451117679989546,0.12231530115015328,0.5957205362876457,0.0,-0.01796875,0.0,0.0,2.49999999975,1.4758556753043823,0.4036441680957615,stiff,optimistic,0.5
adaptive n0=0.5,30018,0.9663250172343376,0.8680569104252106,0.09663250172343377,0.11372748409295756,0.5184700441716259,0.0,0.0,0.0,0.0,2.49999999975,1.469276811377388,0.35287431214924103,stiff,optimistic,0.5
adaptive n0=0.5,30019,0.9687844066021515,0.8703178844785848,0.09687844066021514,0.11913279629791888,0.5264166998852452,0.0,0.0,0.0,0.0,2.49999999975,1.4792971316595716,0.355855959305942,stiff,optimistic,0.5
adaptive n0=0.5,30020,1.005756066771131,0.906496100485214,0.10039982542711309,0.1144890924097606,0.5432215521060498,0.0,-0.003515625,0.0,0.0,2.49999999975,1.5244561311634353,0.3563379365278775,stiff,optimistic,0.5
adaptive n0=0.5,30021,0.9725878492933187,0.8737292949712232,0.09725878492933186,0.12236608357143469,0.5592007215180774,0.0,0.0,0.0,0.0,2.49999999975,1.4783318107766998,0.3782646882395633,stiff,optimistic,0.5
adaptive n0=0.5,30022,0.9662150551660946,0.8671475029242245,0.09630249509994279,0.12956375718270524,0.6231252738636868,0.0,-0.006380208333333333,0.0,0.0,2.49999999975,1.4903852220473435,0.41809678776048187,stiff,optimistic,0.5
adaptive n0=0.5,30023,0.9623304019615377,0.866879919669299,0.09623304019615378,0.12097916901899486,0.5541757498790794,0.0,0.0,0.0,0.0,2.49999999975,1.4939084303238588,0.3709569734196772,stiff,optimistic,0.5
adaptive n0=0.5,30024,0.9702195985004267,0.8724123398280846,0.09702195985004267,0.12439604066472382,0.5691099486735843,0.0,0.0,0.0,0.0,2.49999999975,1.489808048577774,0.38200219767699456,stiff,optimistic,0.5
adaptive n0=0.5,30025,0.9425296532405201,0.8468968853960126,0.094096715324052,0.12230866403969676,0.5786479998138057,0.0,-0.003125,0.0,0.0,2.49999999975,1.4827608649661101,0.39025038594273337,stiff,optimistic,0.5
adaptive n0=0.5,30026,1.0011083986632558,0.9007957124984933,0.1000522461163256,0.12219982875927017,0.5698988169075837,0.0,-0.001171875,0.0,0.0,2.49999999975,1.4935585249654146,0.3815711318850264,stiff,optimistic,0.5
adaptive n0=0.5,30027,0.9945975381444521,0.8947193100768045,0.0992449100644452,0.12472084618716771,0.5914135603510285,0.0,-0.004296875,0.0,0.0,2.49999999975,1.517705456185825,0.38967611135649566,stiff,optimistic,0.5
adaptive n0=0.5,30028,0.9385678202298768,0.8412750599460063,0.09319922993965435,0.1296418890162357,0.6311019914612062,0.0,-0.013151041666666667,0.0,0.0,2.49999999975,1.4863805117864792,0.42458979141396663,stiff,optimistic,0.5
adaptive n0=0.5,30029,0.9816052361968448,0.8840147966261109,0.09806286736968448,0.11667281071407949,0.5491708032881525,0.0,-0.001953125,0.0,0.0,2.49999999975,1.486620796967129,0.36940879907540763,stiff,optimistic,0.5
adaptive n0=0.5,30030,0.9406701557575895,0.8430691572958824,0.09406701557575894,0.12310295432275231,0.555721812004188,0.0,0.0,0.0,0.0,2.49999999975,1.4256419324424183,0.38980462019107565,stiff,optimistic,0.5
adaptive n0=0.5,30031,0.9804429776002206,0.8804786902130748,0.0978620060933554,0.12641411278301196,0.6006872634197398,0.0,-0.0036458333333333334,0.0,0.0,2.49999999975,1.5030617560532402,0.39964243717905007,stiff,optimistic,0.5
adaptive n0=0.5,30032,0.9702026101808597,0.8721284889688603,0.0969942193514193,0.12187581517517904,0.5670955769316165,0.0,-0.0005208333333333333,0.0,0.0,2.49999999975,1.5421096993697105,0.36774010121549666,stiff,optimistic,0.5
adaptive n0=0.5,30033,0.9927802948525165,0.8916740931973705,0.099232456568585,0.12743816397242352,0.5976819007615432,0.0,-0.0009114583333333333,0.0,0.0,2.4999999997500004,1.4263086039966806,0.41904108205389057,stiff,optimistic,0.5
adaptive n0=0.5,30034,0.9747937958974994,0.8768063949946655,0.09747937958974993,0.11088907743840927,0.5059369195132198,0.0,0.0,0.0,0.0,2.4999999997500004,1.4897311801948638,0.33961625173680055,stiff,optimistic,0.5
adaptive n0=0.5,30035,0.9739260206929595,0.8744701616316454,0.09739260206929595,0.13172791385738591,0.6054013012762475,0.0,0.0,0.0,0.0,2.49999999975,1.4237399156338504,0.42521902675371875,stiff,optimistic,0.5
adaptive n0=0.5,30036,0.9873141875082759,0.8874329733479845,0.0983212625008276,0.12471637292661478,0.598573317882544,0.0,-0.008203125,0.0,0.0,2.49999999975,1.485588804307556,0.4029199171042107,stiff,optimistic,0.5
adaptive n0=0.5,30037,0.9486946970273669,0.8526983697552797,0.09471973011940335,0.11753776772397265,0.5528878776265191,0.0,-0.002994791666666667,0.0,0.0,2.49999999975,1.4214025339902219,0.3889734712055344,stiff,optimistic,0.5
adaptive n0=0.5,30038,0.9681168355341516,0.8709927728217102,0.09681168355341516,0.12124463429823434,0.5437880240108325,0.0,0.0,0.0,0.0,2.49999999975,1.5052657325020147,0.3612571602935262,stiff,optimistic,0.5
adaptive n0=0.5,30039,0.984831548158882,0.8858413747253402,0.09802091523255486,0.12408762934373067,0.6016425756239987,0.0,-0.009244791666666667,0.0,0.0,2.49999999975,1.5277246196568552,0.3938161157336946,stiff,optimistic,0.5
adaptive n0=0.5,30040,0.9893458316526504,0.8902364249127519,0.09809473941526504,0.12141761635277018,0.5930484019383666,0.0,-0.016796875,0.0,0.0,2.49999999975,1.5109845418821815,0.3924913759869619,stiff,optimistic,0.5
adaptive n0=0.5,30041,0.9841080894623704,0.8843405461709385,0.09841080894623704,0.12382297629696448,0.5711478655289584,0.0,0.0,0.0,0.0,2.49999999975,1.5257638065303363,0.37433570195099686,stiff,optimistic,0.5
adaptive n0=0.5,30042,1.0134838462672537,0.9102149619700179,0.09893302004339204,0.11949049196771258,0.6104943597396759,0.0,-0.04830729166666667,0.0,0.0,2.4999999997499995,1.541242713704059,0.3961052690218263,stiff,optimistic,0.5
adaptive n0=0.5,30043,0.9952720043450329,0.8934515185153662,0.09920819001783662,0.12191879415049484,0.5834222761737728,0.0,-0.006380208333333333,0.0,0.0,2.49999999975,1.4654834312801377,0.39810909063921546,stiff,optimistic,0.5
adaptive n0=0.5,30044,0.9589784469960915,0.8616630339121727,0.09589784469960914,0.11890740887967306,0.5220380274888348,0.0,0.0,0.0,0.0,2.49999999975,1.4468518674921569,0.36080958888603337,stiff,optimistic,0.5
adaptive n0=0.5,30045,0.9890930895695204,0.8894649914987486,0.09890930895695203,0.12077749946143672,0.5401635474255714,0.0,0.0,0.0,0.0,2.49999999975,1.5165736420426068,0.35617363539171676,stiff,optimistic,0.5
adaptive n0=0.5,30046,0.9774467338631029,0.8792382315130328,0.09735404838631029,0.12302559404194337,0.5863262161645844,0.0,-0.0078125,0.0,0.0,2.49999999975,1.489345594639095,0.39368043137540926,stiff,optimistic,0.5
adaptive n0=0.5,30047,0.98811761257108,0.8877912598748338,0.09874014667377466,0.12625398503485089,0.5907544118562328,0.0,-0.0014322916666666666,0.0,0.0,2.49999999975,1.4958785691509673,0.3949213686452731,stiff,optimistic,0.5
adaptive n0=0.5,30048,1.0089973927739446,0.9078516217788342,0.10086067677739445,0.12452422204983092,0.5818111028080989,0.0,-0.00078125,0.0,0.0,2.49999999975,1.4771490207441351,0.39387434486129447,stiff,optimistic,0.5
adaptive n0=0.5,30049,0.9688115664975323,0.8721119555178083,0.09674443789975323,0.1246721253901827,0.5895742208894708,0.0,-0.002734375,0.0,0.0,2.49999999975,1.476384738089209,0.3993364369591894,stiff,optimistic,0.5
adaptive n0=1.0,30000,1.0068093678135115,0.9063944308520356,0.10067442636468446,0.1276961988039179,0.5897000128342884,0.0,-0.00013020833333333333,0.0,0.0,2.4999999997500004,1.507306428936297,0.39122769034458277,stiff,optimistic,1.0
adaptive n0=1.0,30001,0.9994013971729356,0.9009292359208491,0.09989456680062689,0.11820471327850603,0.5525578762130281,0.0,-0.0009114583333333333,0.0,0.0,2.49999999975,1.5448725700420067,0.3576721387434586,stiff,optimistic,1.0
adaptive n0=1.0,30002,1.0026324730757945,0.9016371535380467,0.1001200181409128,0.1204911020287024,0.5679497109939539,0.0,-0.002864583333333333,0.0,0.0,2.49999999975,1.4880306809879058,0.3816787639196332,stiff,optimistic,1.0
adaptive n0=1.0,30003,0.9947292800543286,0.895646762970531,0.09947292800543286,0.1258165300553527,0.5768138466464183,0.0,0.0,0.0,0.0,2.4999999997500004,1.4679641497728197,0.3929345595637913,stiff,optimistic,1.0
adaptive n0=1.0,30004,0.9725578589485975,0.8742512507814533,0.09724276506152642,0.1226381960628691,0.5644774677588825,0.0,-0.00026041666666666666,0.0,0.0,2.49999999975,1.4957892905315275,0.37737766364024167,stiff,optimistic,1.0
adaptive n0=1.0,30005,0.9972854482823721,0.8973316355642614,0.0997285448282372,0.12718053312483174,0.5587969746378862,0.0,0.0,0.0,0.0,2.49999999975,1.5264276320844183,0.36608153763229456,stiff,optimistic,1.0
adaptive n0=1.0,30006,0.9495845994436183,0.8538079294105658,0.09464595994436183,0.10396487838399562,0.4962342140997789,0.0,-0.00625,0.0,0.0,2.4999999997500004,1.4952514333610805,0.3318734247820285,stiff,optimistic,1.0
adaptive n0=1.0,30007,0.9717572901199888,0.8720435366380095,0.09680463526199888,0.12115668966344491,0.5825273615904616,0.0,-0.007421875,0.0,0.0,2.49999999975,1.4521642610716765,0.4011442625371903,stiff,optimistic,1.0
adaptive n0=1.0,30008,0.9622746390726608,0.86390129207274,0.09600610974059941,0.12397491387472036,0.5863974619539831,0.0,-0.004427083333333333,0.0,0.0,2.49999999975,1.4894356267525364,0.39370446860635666,stiff,optimistic,1.0
adaptive n0=1.0,30009,0.9833834386615968,0.8846826574454617,0.09833834386615968,0.12534537781593927,0.5651550223567156,0.0,0.0,0.0,0.0,2.49999999975,1.4878892677518913,0.37983674901468295,stiff,optimistic,1.0
adaptive n0=1.0,30010,0.9733181279417088,0.8745590403462556,0.09733181279417089,0.12499829994398926,0.5721846359369666,0.0,0.0,0.0,0.0,2.4999999997499995,1.4630443521795575,0.39109179095258423,stiff,optimistic,1.0
adaptive n0=1.0,30011,1.020075739129122,0.9187063861082831,0.1020075739129122,0.12309368967526754,0.546276978398304,0.0,0.0,0.0,0.0,2.49999999975,1.491621375869968,0.3662303230802759,stiff,optimistic,1.0
adaptive n0=1.0,30012,0.945338688607527,0.8509277061068594,0.09452735844408602,0.11140817689388574,0.5137397108179302,0.0,-0.00013020833333333333,0.0,0.0,2.49999999975,1.478840983281712,0.3473934768009235,stiff,optimistic,1.0
adaptive n0=1.0,30013,0.9855674076274665,0.8860620258097842,0.09836142826274666,0.1189662141273024,0.5596668225392732,0.0,-0.00390625,0.0,0.0,2.4999999997499995,1.5059645880560084,0.37163345471604053,stiff,optimistic,1.0
adaptive n0=1.0,30014,0.985277876201188,0.8837391894910362,0.0985277876201188,0.12330681207716106,0.5642930199475309,0.0,0.0,0.0,0.0,2.49999999975,1.4873153034110433,0.37940376102724704,stiff,optimistic,1.0
adaptive n0=1.0,30015,0.9745698322362109,0.8745102085094787,0.09724864989028777,0.12600936724675255,0.59666238878081,0.0,-0.004166666666666667,0.0,0.0,2.49999999975,1.5240899196554856,0.3914876550825053,stiff,optimistic,1.0
adaptive n0=1.0,30016,1.0287342964508208,0.9257872777009775,0.10280832547841541,0.1251916823790795,0.5859903262992093,0.0,-0.0013020833333333333,0.0,0.0,2.49999999975,1.521196294562928,0.3852167720850101,stiff,optimistic,1.0
adaptive n0=1.0,30017,0.9680808778596652,0.8685435023900382,0.09590965028596653,0.12231530115015328,0.5957205362876457,0.0,-0.01796875,0.0,0.0,2.49999999975,1.4904808025606053,0.3996834680890985,stiff,optimistic,1.0
adaptive n0=1.0,30018,0.9900009168275219,0.8905629983370713,0.09900009168275219,0.11372748409295756,0.5184700441716259,0.0,0.0,0.0,0.0,2.4999999997500004,1.496078925364708,0.34655260185904657,stiff,optimistic,1.0
adaptive n0=1.0,30019,0.9555213532374105,0.857786413581071,0.09555213532374104,0.11900587384079447,0.5258558627094462,0.0,0.0,0.0,0.0,2.49999999975,1.4613112046568575,0.35985207054709933,stiff,optimistic,1.0
adaptive n0=1.0,30020,1.00929740782405,0.9098858595074336,0.100753959532405,0.11449246599533253,0.5432375589094227,0.0,-0.003515625,0.0,0.0,2.49999999975,1.5265138253880326,0.35586808967900063,stiff,optimistic,1.0
adaptive n0=1.0,30021,0.9724657801416415,0.8736152208868277,0.09724657801416416,0.12236645357596697,0.559202412401657,0.0,0.0,0.0,0.0,2.49999999975,1.4784357883673473,0.3782392287859795,stiff,optimistic,1.0
adaptive n0=1.0,30022,0.9659048070798655,0.8668583214076107,0.09627147029131988,0.12956375718270524,0.6231252738636868,0.0,-0.006380208333333333,0.0,0.0,2.49999999975,1.4893383398962352,0.4183906753566157,stiff,optimistic,1.0
adaptive n0=1.0,30023,0.9684237877122105,0.8726181214834599,0.09684237877122105,0.12099048579246603,0.5542275892285761,0.0,0.0,0.0,0.0,2.49999999975,1.5057142489292534,0.3680828481384828,stiff,optimistic,1.0
adaptive n0=1.0,30024,0.9790764820059452,0.8807971778839451,0.09790764820059453,0.12441270903580798,0.5691862062116979,0.0,0.0,0.0,0.0,2.4999999997500004,1.507266276167746,0.3776281704244488,stiff,optimistic,1.0
adaptive n0=1.0,30025,0.9366919559908272,0.8414957175931703,0.09351294559908271,0.12220910203353332,0.5781769673143808,0.0,-0.003125,0.0,0.0,2.49999999975,1.4698946399067092,0.3933458573269417,stiff,optimistic,1.0
adaptive n0=1.0,30026,1.0063495351926248,0.905780659474823,0.10057635976926249,0.12219982875927017,0.5698988169075837,0.0,-0.001171875,0.0,0.0,2.49999999975,1.4984551903123977,0.3803242303086629,stiff,optimistic,1.0
adaptive n0=1.0,30027,0.9859529773059015,0.8866233707138335,0.09838045398059014,0.12472084618716771,0.5914135603510285,0.0,-0.004296875,0.0,0.0,2.49999999975,1.4909432195836103,0.3966707468016107,stiff,optimistic,1.0
adaptive n0=1.0,30028,0.9524439216129941,0.8544315492148921,0.09458684007796607,0.1296418890162357,0.6311019914612062,0.0,-0.013151041666666667,0.0,0.0,2.49999999975,1.5032210501339427,0.4198331252778642,stiff,optimistic,1.0
adaptive n0=1.0,30029,0.9888872167097333,0.8909328268679901,0.09879106542097334,0.11667281071407949,0.5491708032881525,0.0,-0.001953125,0.0,0.0,2.49999999975,1.493444610516616,0.36772090469306523,stiff,optimistic,1.0
adaptive n0=1.0,30030,0.9406857391335841,0.8430845885476658,0.0940685739133584,0.12310295432275231,0.555721812004188,0.0,0.0,0.0,0.0,2.49999999975,1.4257776816578556,0.38976750664101417,stiff,optimistic,1.0
adaptive n0=1.0,30031,0.9824319054812153,0.8823626397957579,0.09806089888145486,0.12641411278301196,0.6006872634197398,0.0,-0.0036458333333333334,0.0,0.0,2.49999999975,1.5058885578911467,0.3988922422393228,stiff,optimistic,1.0
adaptive n0=1.0,30032,0.9838093018560478,0.8849443550192724,0.0983548885189381,0.12187581517517904,0.5670955769316165,0.0,-0.0005208333333333333,0.0,0.0,2.49999999975,1.5708951004735259,0.36100155685804414,stiff,optimistic,1.0
adaptive n0=1.0,30033,0.9969996479092191,0.8957750820076673,0.09965439187425525,0.12743816397242352,0.5976819007615432,0.0,-0.0009114583333333333,0.0,0.0,2.49999999975,1.424922698855113,0.4194486488577693,stiff,optimistic,1.0
adaptive n0=1.0,30034,0.9747789418165852,0.8767934590337481,0.09747789418165852,0.11088838118706511,0.5059337428319054,0.0,0.0,0.0,0.0,2.49999999975,1.4895948945835245,0.33964519123392894,stiff,optimistic,1.0
adaptive n0=1.0,30035,0.9866371944605831,0.8865340977357151,0.09866371944605831,0.13172791385738591,0.6054013012762475,0.0,0.0,0.0,0.0,2.49999999975,1.4408316952398752,0.4201748915409984,stiff,optimistic,1.0
adaptive n0=1.0,30036,0.9780135153290177,0.8786912353167928,0.09739119528290177,0.12471637292661478,0.598573317882544,0.0,-0.008203125,0.0,0.0,2.49999999975,1.4698092007516386,0.4072455918607956,stiff,optimistic,1.0
adaptive n0=1.0,30037,0.9471165469943679,0.8512415805879072,0.09456191511610346,0.11753776772397265,0.5528878776265191,0.0,-0.002994791666666667,0.0,0.0,2.49999999975,1.4162374767816934,0.39039206820237554,stiff,optimistic,1.0
adaptive n0=1.0,30038,0.9728383698512222,0.8754739339361179,0.09728383698512222,0.12124463429823434,0.5437880240108325,0.0,0.0,0.0,0.0,2.49999999975,1.5124989270746116,0.35952952711351405,stiff,optimistic,1.0
adaptive n0=1.0,30039,0.9945193222970715,0.8949305755093337,0.09898969264637382,0.12408762934373067,0.6016425756239987,0.0,-0.009244791666666667,0.0,0.0,2.49999999975,1.5428314642299348,0.38996001155854915,stiff,optimistic,1.0
adaptive n0=1.0,30040,0.9939422474975035,0.8946190182180234,0.09855438099975034,0.12141761635277018,0.5930484019383666,0.0,-0.016796875,0.0,0.0,2.49999999975,1.5139681188204934,0.39171789324097556,stiff,optimistic,1.0
adaptive n0=1.0,30041,0.9740353998974052,0.8748231683411337,0.09740353998974052,0.12382297629696448,0.5711478655289584,0.0,0.0,0.0,0.0,2.49999999975,1.5068154193317356,0.37904301894007647,stiff,optimistic,1.0
adaptive n0=1.0,30042,1.0136002190618787,0.9103248226876712,0.09894465732285454,0.11949049196771258,0.6104943597396759,0.0,-0.04830729166666667,0.0,0.0,2.49999999975,1.5414744668791105,0.3960457165247056,stiff,optimistic,1.0
adaptive n0=1.0,30043,0.9951596830816245,0.8933490258480039,0.09919695789149578,0.12191879415049484,0.5834222761737728,0.0,-0.006380208333333333,0.0,0.0,2.49999999975,1.4642990497297796,0.39843109662704285,stiff,optimistic,1.0
adaptive n0=1.0,30044,0.9645005558277555,0.8668930176547563,0.09645005558277556,0.11890740887967306,0.5220380274888348,0.0,0.0,0.0,0.0,2.49999999975,1.4523637674149992,0.3594402719216744,stiff,optimistic,1.0
adaptive n0=1.0,30045,0.9991713186359645,0.899076828020647,0.09991713186359645,0.12077749946143672,0.5401635474255714,0.0,0.0,0.0,0.0,2.49999999975,1.529414763398944,0.35318316545154926,stiff,optimistic,1.0
adaptive n0=1.0,30046,0.9835497367147688,0.885004634958155,0.09796434867147688,0.12302559404194337,0.5863262161645844,0.0,-0.0078125,0.0,0.0,2.49999999975,1.5018582148220874,0.39040051209763604,stiff,optimistic,1.0
adaptive n0=1.0,30047,0.9916593275265188,0.8911418526070533,0.09909431816931855,0.12625398503485089,0.5907544118562328,0.0,-0.0014322916666666666,0.0,0.0,2.49999999975,1.5022946684234109,0.3932347123858213,stiff,optimistic,1.0
adaptive n0=1.0,30048,1.0066460217112243,0.9056049171890641,0.10062553967112242,0.12452422204983092,0.5818111028080989,0.0,-0.00078125,0.0,0.0,2.49999999975,1.473340301368974,0.3948925460516496,stiff,optimistic,1.0
adaptive n0=1.0,30049,0.9758818953876449,0.8787728655343635,0.0974514707887645,0.1246721253901827,0.5895742208894708,0.0,-0.002734375,0.0,0.0,2.49999999975,1.4864902823117,0.3966216448940389,stiff,optimistic,1.0
adaptive n0=0.02,30000,0.9846811385013031,0.8850456055536005,0.09846160343346365,0.1276961988039179,0.5897000128342884,0.0,-0.00013020833333333333,0.0,0.0,2.49999999975,1.4941713402747219,0.3946669280417765,stiff,class-errors,0.02
adaptive n0=0.02,30001,0.9691266654779387,0.8714842061679375,0.0968670936311272,0.11813412070707408,0.5522278852992567,0.0,-0.0009114583333333333,0.0,0.0,2.49999999975,1.5288169619180572,0.36121255785024153,stiff,class-errors,0.02
adaptive n0=0.02,30002,0.9661212164766652,0.8667675930203268,0.09646889248099985,0.1204911020287024,0.5679497109939539,0.0,-0.002864583333333333,0.0,0.0,2.49999999975,1.4420875397188118,0.39383858146690365,stiff,class-errors,0.02
adaptive n0=0.02,30003,0.9524008132020334,0.8551416708852221,0.09524008132020334,0.1258165300553527,0.5768138466464183,0.0,0.0,0.0,0.0,2.49999999975,1.425668682851152,0.4045917916165947,stiff,class-errors,0.02
adaptive n0=0.02,30004,0.9497156702094438,0.8522437844226417,0.09495854618761104,0.1226381960628691,0.5644774677588825,0.0,-0.00026041666666666666,0.0,0.0,2.49999999975,1.4778723906843423,0.3819527797643585,stiff,class-errors,0.02
adaptive n0=0.02,30005,0.9784488136805194,0.8792415330661365,0.09784488136805194,0.12718053312483174,0.5587969746378862,0.0,0.0,0.0,0.0,2.4999999997500004,1.4487108806119966,0.38572014755754913,stiff,class-errors,0.02
adaptive n0=0.02,30006,0.918138238785456,0.823597820465553,0.09150132387854559,0.10396487838399562,0.4962342140997789,0.0,-0.00625,0.0,0.0,2.49999999975,1.4635449620274692,0.33906318355422355,stiff,class-errors,0.02
adaptive n0=0.02,30007,0.9343615438117643,0.8365172418317381,0.09306506063117642,0.12085001246251435,0.5810528424267714,0.0,-0.007421875,0.0,0.0,2.4999999997500004,1.3080274904275044,0.44422066560456236,stiff,class-errors,0.02
adaptive n0=0.02,30008,0.9505864758404345,0.852547852741488,0.09483729341737679,0.12397491387472036,0.5863974619539831,0.0,-0.004427083333333333,0.0,0.0,2.49999999975,1.4854269692580861,0.39476694182203126,stiff,class-errors,0.02
adaptive n0=0.02,30009,0.9883755877871815,0.8894025041251493,0.09883755877871815,0.12534537781593927,0.5651550223567156,0.0,0.0,0.0,0.0,2.49999999975,1.5055535526003734,0.3753802190434122,stiff,class-errors,0.02
adaptive n0=0.02,30010,0.9123699428335604,0.8162807653543548,0.09123699428335605,0.12499829994398926,0.5721846359369666,0.0,0.0,0.0,0.0,2.49999999975,1.400858867317222,0.4084527351657877,stiff,class-errors,0.02
adaptive n0=0.02,30011,0.9701214995522516,0.8708207442518499,0.09701214995522515,0.12309368967526754,0.546276978398304,0.0,0.0,0.0,0.0,2.49999999975,1.4365673073130785,0.38026549512674596,stiff,class-errors,0.02
adaptive n0=0.02,30012,0.9386954659930121,0.844203528738156,0.09386303618263454,0.11149595522562966,0.5141444855483269,0.0,-0.00013020833333333333,0.0,0.0,2.49999999975,1.5001696127683044,0.3427242367611766,stiff,class-errors,0.02
adaptive n0=0.02,30013,0.9776469326643333,0.8783214713141845,0.09756938076643333,0.1189662141273024,0.5596668225392732,0.0,-0.00390625,0.0,0.0,2.49999999975,1.5121470684016336,0.3701140148562739,stiff,class-errors,0.02
adaptive n0=0.02,30014,0.9480271666224193,0.8483425101096896,0.09480271666224192,0.12330681207716106,0.5642930199475309,0.0,0.0,0.0,0.0,2.49999999975,1.4082278559226462,0.40071144564727845,stiff,class-errors,0.02
adaptive n0=0.02,30015,0.935911029235881,0.8375218699132112,0.09338276959025478,0.12600936724675255,0.59666238878081,0.0,-0.004166666666666667,0.0,0.0,2.49999999975,1.3699787719454204,0.43552674026731625,stiff,class-errors,0.02
adaptive n0=0.02,30016,1.0076055848607126,0.9055607799285978,0.10069545431940459,0.12498036414767964,0.5850011995695595,0.0,-0.0013020833333333333,0.0,0.0,2.49999999975,1.4998669563637177,0.39003539419778827,stiff,class-errors,0.02
adaptive n0=0.02,30017,0.9675676929850934,0.8679993069915268,0.09585833179850933,0.12231530115015328,0.5957205362876457,0.0,-0.01796875,0.0,0.0,2.49999999975,1.4975572623571722,0.39779482979500547,stiff,class-errors,0.02
adaptive n0=0.02,30018,0.9873847060208485,0.8881495742771734,0.09873847060208485,0.11372748409295756,0.5184700441716259,0.0,0.0,0.0,0.0,2.49999999975,1.4182175618998092,0.3655786376506974,stiff,class-errors,0.02
adaptive n0=0.02,30019,0.9725938249694004,0.8740449077754169,0.09725938249694004,0.11925547681850548,0.5269587930518146,0.0,0.0,0.0,0.0,2.49999999975,1.4966819423378142,0.35208468689660677,stiff,class-errors,0.02
adaptive n0=0.02,30020,0.9976902676330113,0.8983748022072076,0.09958673509663445,0.11455717540625789,0.5435445885652516,0.0,-0.0036458333333333334,0.0,0.0,2.4999999997500004,1.5659828645741087,0.3470948506917898,stiff,class-errors,0.02
adaptive n0=0.02,30021,0.9495494467998548,0.851620577308715,0.09495494467998547,0.12228532876697441,0.5588316801660766,0.0,0.0,0.0,0.0,2.49999999975,1.4556383319917536,0.3839083293453985,stiff,class-errors,0.02
adaptive n0=0.02,30022,0.9451137918496704,0.8468821428959895,0.09419236876830037,0.12956375718270524,0.6231252738636868,0.0,-0.006380208333333333,0.0,0.0,2.49999999975,1.477898526696082,0.4216292679151087,stiff,class-errors,0.02
adaptive n0=0.02,30023,0.9422725412730181,0.8473595837687113,0.0942272541273018,0.12097560696224482,0.5541594329752143,0.0,0.0,0.0,0.0,2.49999999975,1.4901924421968964,0.3718710532166249,stiff,class-errors,0.02
adaptive n0=0.02,30024,0.9657206311855786,0.8680226922583901,0.09657206311855786,0.12439296888234735,0.5690958953170525,0.0,0.0,0.0,0.0,2.49999999975,1.4865907050493168,0.38281948984618,stiff,class-errors,0.02
adaptive n0=0.02,30025,0.9524427268419275,0.856305630097044,0.09508802268419275,0.12243829855855473,0.5792613067747879,0.0,-0.003125,0.0,0.0,2.49999999975,1.4995133085876053,0.3862995436301898,stiff,class-errors,0.02
adaptive n0=0.02,30026,0.9939798404834321,0.893690715234825,0.09933939029834321,0.12219982875927017,0.5698988169075837,0.0,-0.001171875,0.0,0.0,2.49999999975,1.498365325944308,0.380347040230939,stiff,class-errors,0.02
adaptive n0=0.02,30027,0.9647794354614256,0.8661991072428642,0.09626309979614257,0.12472084618716771,0.5914135603510285,0.0,-0.004296875,0.0,0.0,2.49999999975,1.4763062249550587,0.4006035809874284,stiff,class-errors,0.02
adaptive n0=0.02,30028,0.9377004765898311,0.8405829115437918,0.09311249557564978,0.1296418890162357,0.6311019914612062,0.0,-0.013151041666666667,0.0,0.0,2.49999999975,1.3813866576256482,0.4568612183832407,stiff,class-errors,0.02
adaptive n0=0.02,30029,0.965191415836512,0.8677778322340173,0.09642148533365122,0.11667281071407949,0.5491708032881525,0.0,-0.001953125,0.0,0.0,2.4999999997500004,1.5143350842133918,0.3626481410971301,stiff,class-errors,0.02
adaptive n0=0.02,30030,0.9636112998017697,0.8651344851456961,0.09636112998017697,0.12310295432275231,0.555721812004188,0.0,0.0,0.0,0.0,2.49999999975,1.4258954209762025,0.38973532268146804,stiff,class-errors,0.02
adaptive n0=0.02,30031,0.972599903455562,0.8729497020645454,0.09707769867888953,0.12641411278301196,0.6006872634197398,0.0,-0.0036458333333333334,0.0,0.0,2.49999999975,1.5069345403236407,0.3986153660601154,stiff,class-errors,0.02
adaptive n0=0.02,30032,0.9521027898779582,0.8545293912310776,0.09518423732112916,0.12187581517517904,0.5670955769316165,0.0,-0.0005208333333333333,0.0,0.0,2.49999999975,1.4192271743971898,0.39958055141699755,stiff,class-errors,0.02
adaptive n0=0.02,30033,0.9951862338614679,0.8939199831146629,0.09947305046948011,0.12743816397242352,0.5976819007615432,0.0,-0.0009114583333333333,0.0,0.0,2.49999999975,1.4347011672063328,0.41658981983360094,stiff,class-errors,0.02
adaptive n0=0.02,30034,0.9481932033075626,0.8513369701190848,0.09481932033075627,0.11062927828828215,0.5047515729962875,0.0,0.0,0.0,0.0,2.49999999975,1.438877582145503,0.3507953555323692,stiff,class-errors,0.02
adaptive n0=0.02,30035,0.9744101890799625,0.8748776113446867,0.09744101890799625,0.13172791385738591,0.6054013012762475,0.0,0.0,0.0,0.0,2.49999999975,1.440039916909972,0.4204059166466118,stiff,class-errors,0.02
adaptive n0=0.02,30036,0.970884037445311,0.87160344961513,0.0966782474945311,0.12471637292661478,0.598573317882544,0.0,-0.008203125,0.0,0.0,2.4999999997500004,1.4803562840250537,0.40434409225800516,stiff,class-errors,0.02
adaptive n0=0.02,30037,0.869172041058877,0.7783869609865275,0.08676746452255438,0.11753776772397265,0.5528878776265191,0.0,-0.002994791666666667,0.0,0.0,2.49999999975,1.3453079082730033,0.4109749702848856,stiff,class-errors,0.02
adaptive n0=0.02,30038,0.9526462049941,0.8559213951016601,0.09526462049941001,0.12124463429823434,0.5437880240108325,0.0,0.0,0.0,0.0,2.4999999997500004,1.4968241015839001,0.36329454037746334,stiff,class-errors,0.02
adaptive n0=0.02,30039,0.9657420202343306,0.8676165145350624,0.09611196244009973,0.12408762934373067,0.6016425756239987,0.0,-0.009244791666666667,0.0,0.0,2.49999999975,1.430675512415223,0.42053042105146815,stiff,class-errors,0.02
adaptive n0=0.02,30040,0.9770419238597223,0.8781317534548128,0.09686434863597224,0.12141761635277018,0.5930484019383666,0.0,-0.016796875,0.0,0.0,2.49999999975,1.520593350258576,0.3900111767801162,stiff,class-errors,0.02
adaptive n0=0.02,30041,0.9816336895210616,0.8820440954276455,0.09816336895210616,0.12382297629696448,0.5711478655289584,0.0,0.0,0.0,0.0,2.49999999975,1.5209945429492038,0.375509477122452,stiff,class-errors,0.02
adaptive n0=0.02,30042,0.9902574850029967,0.8879217458575945,0.09661038391696633,0.11949049196771258,0.6104943597396759,0.0,-0.04830729166666667,0.0,0.0,2.49999999975,1.5295169132992001,0.39914194765118793,stiff,class-errors,0.02
adaptive n0=0.02,30043,0.9843409948370607,0.8828323500360518,0.0981150890670394,0.12191879415049484,0.5834222761737728,0.0,-0.006380208333333333,0.0,0.0,2.4999999997500004,1.4607266019492573,0.3994055255755791,stiff,class-errors,0.02
adaptive n0=0.02,30044,0.9604065282852237,0.8628044537140492,0.09604065282852237,0.11890740887967306,0.5220380274888348,0.0,0.0,0.0,0.0,2.49999999975,1.4666491098005123,0.35593927954576693,stiff,class-errors,0.02
adaptive n0=0.02,30045,0.9601877344660255,0.8613814419517923,0.09601877344660255,0.12077749946143672,0.5401635474255714,0.0,0.0,0.0,0.0,2.49999999975,1.505648474986228,0.35875807427793677,stiff,class-errors,0.02
adaptive n0=0.02,30046,0.9602090104740998,0.8624952502140346,0.09563027604740998,0.12302559404194337,0.5863262161645844,0.0,-0.0078125,0.0,0.0,2.49999999975,1.4249944705370297,0.4114585903927184,stiff,class-errors,0.02
adaptive n0=0.02,30047,0.961000921573688,0.8615626453760549,0.09602847757403546,0.12625398503485089,0.5907544118562328,0.0,-0.0014322916666666666,0.0,0.0,2.49999999975,1.413335002639444,0.4179861184736682,stiff,class-errors,0.02
adaptive n0=0.02,30048,0.9927341745923444,0.8922326075350371,0.09923435495923444,0.12452422204983092,0.5818111028080989,0.0,-0.00078125,0.0,0.0,2.49999999975,1.4656956358071582,0.39695219702806556,stiff,class-errors,0.02
adaptive n0=0.02,30049,0.973662633720566,0.8765367503282675,0.0972295446220566,0.1246721253901827,0.5895742208894708,0.0,-0.002734375,0.0,0.0,2.49999999975,1.4879489044748277,0.39623284046676405,stiff,class-errors,0.02
adaptive n0=0.05,30000,0.9847139929144062,0.8850756125270403,0.09846488887477396,0.1276961988039179,0.5897000128342884,0.0,-0.00013020833333333333,0.0,0.0,2.49999999975,1.4946461187486375,0.3945415610004079,stiff,class-errors,0.05
adaptive n0=0.05,30001,0.9683359117284615,0.8708227021841422,0.09678801825617947,0.1177776601585973,0.5505615804780946,0.0,-0.0009114583333333333,0.0,0.0,2.49999999975,1.447743404716579,0.3802894758038125,stiff,class-errors,0.05
adaptive n0=0.05,30002,0.9660738826302001,0.8667236143195819,0.09646415909635334,0.1204911020287024,0.5679497109939539,0.0,-0.002864583333333333,0.0,0.0,2.49999999975,1.4424740274502335,0.39373305874898923,stiff,class-errors,0.05
adaptive n0=0.05,30003,0.9525434164564983,0.8552718216653377,0.09525434164564983,0.1258165300553527,0.5768138466464183,0.0,0.0,0.0,0.0,2.49999999975,1.4260759103315337,0.4044762571666475,stiff,class-errors,0.05
adaptive n0=0.05,30004,0.9497281155065824,0.8522564418111277,0.09495979071732491,0.1226381960628691,0.5644774677588825,0.0,-0.00026041666666666666,0.0,0.0,2.49999999975,1.4779250352139677,0.3819391743892882,stiff,class-errors,0.05
adaptive n0=0.05,30005,0.9784820790076105,0.8792727883524085,0.09784820790076106,0.12718053312483174,0.5587969746378862,0.0,0.0,0.0,0.0,2.4999999997499995,1.4489015567383712,0.38566938660470257,stiff,class-errors,0.05
adaptive n0=0.05,30006,0.9185552953916358,0.8239789570187945,0.09154302953916357,0.10396487838399562,0.4962342140997789,0.0,-0.00625,0.0,0.0,2.49999999975,1.4654727150734144,0.3386171635921038,stiff,class-errors,0.05
adaptive n0=0.05,30007,0.9380653540504792,0.839830650703367,0.0934354416550479,0.12097031551884767,0.5816312654770527,0.0,-0.007421875,0.0,0.0,2.49999999975,1.3645693330747033,0.4262379722153783,stiff,class-errors,0.05
adaptive n0=0.05,30008,0.9488704728267945,0.8509795732699615,0.09466569311601278,0.12397491387472036,0.5863974619539831,0.0,-0.004427083333333333,0.0,0.0,2.49999999975,1.4805436325732528,0.39606901752351426,stiff,class-errors,0.05
adaptive n0=0.05,30009,0.9864653232533005,0.8876470942910913,0.09864653232533005,0.12534537781593927,0.5651550223567156,0.0,0.0,0.0,0.0,2.4999999997500004,1.4943780266620648,0.37818745476275556,stiff,class-errors,0.05
adaptive n0=0.05,30010,0.9110553203617088,0.8151076011572856,0.09110553203617087,0.12499829994398926,0.5721846359369666,0.0,0.0,0.0,0.0,2.4999999997499995,1.3824048917482576,0.41390524538245343,stiff,class-errors,0.05
adaptive n0=0.05,30011,0.9685192849826864,0.8693661150134318,0.09685192849826864,0.12309368967526754,0.546276978398304,0.0,0.0,0.0,0.0,2.4999999997500004,1.431491100401914,0.3816139536214567,stiff,class-errors,0.05
adaptive n0=0.05,30012,0.9378693173296684,0.8434216387424649,0.09378042131630018,0.11149033743247333,0.5141185800581553,0.0,-0.00013020833333333333,0.0,0.0,2.49999999975,1.498804585359132,0.34301908673102044,stiff,class-errors,0.05
adaptive n0=0.05,30013,0.9770817116522404,0.8777898185802945,0.09751285866522405,0.1189662141273024,0.5596668225392732,0.0,-0.00390625,0.0,0.0,2.49999999975,1.5111886688386686,0.37034874207293444,stiff,class-errors,0.05
adaptive n0=0.05,30014,0.9480279985141528,0.8483432750625048,0.09480279985141528,0.12330681207716106,0.5642930199475309,0.0,0.0,0.0,0.0,2.49999999975,1.4080588981544282,0.4007595283742473,stiff,class-errors,0.05
adaptive n0=0.05,30015,0.935900133910009,0.8375118585738686,0.09338168005766759,0.12600936724675255,0.59666238878081,0.0,-0.004166666666666667,0.0,0.0,2.49999999975,1.370027764062792,0.4355111658550763,stiff,class-errors,0.05
adaptive n0=0.05,30016,1.0046343122557393,0.9028514852677706,0.10039832705890728,0.1248224706494043,0.5842621403859412,0.0,-0.0013020833333333333,0.0,0.0,2.49999999975,1.4839300265405817,0.39372620671879305,stiff,class-errors,0.05
adaptive n0=0.05,30017,0.9661871918434151,0.8667548055913505,0.09572028168434152,0.12231530115015328,0.5957205362876457,0.0,-0.01796875,0.0,0.0,2.49999999975,1.4945175772041481,0.39860390093376025,stiff,class-errors,0.05
adaptive n0=0.05,30018,0.9873644556974945,0.888130609848625,0.09873644556974945,0.11372748409295756,0.5184700441716259,0.0,0.0,0.0,0.0,2.49999999975,1.4182847660051248,0.36556131504676437,stiff,class-errors,0.05
adaptive n0=0.05,30019,0.9725912801636594,0.8740424661853304,0.09725912801636594,0.11925563618745894,0.5269594972615801,0.0,0.0,0.0,0.0,2.49999999975,1.496704526192777,0.35207984477873305,stiff,class-errors,0.05
adaptive n0=0.05,30020,0.997605498854315,0.8983037085966682,0.09957825821876484,0.11447609617445316,0.5431598882831767,0.0,-0.0036458333333333334,0.0,0.0,2.49999999975,1.5165291710305966,0.35815986837500685,stiff,class-errors,0.05
adaptive n0=0.05,30021,0.9516081975028503,0.8534633392318802,0.09516081975028504,0.1223525089066815,0.5591386866624802,0.0,0.0,0.0,0.0,2.49999999975,1.4745170982199585,0.37920122278505564,stiff,class-errors,0.05
adaptive n0=0.05,30022,0.9450448414271153,0.8468189325047426,0.09418547372604484,0.12956375718270524,0.6231252738636868,0.0,-0.006380208333333333,0.0,0.0,2.49999999975,1.4778857571621584,0.42163291096343886,stiff,class-errors,0.05
adaptive n0=0.05,30023,0.9411941116822321,0.8463760047009414,0.09411941116822321,0.12090408931597654,0.5538318282679602,0.0,0.0,0.0,0.0,2.49999999975,1.415584219183044,0.3912390522321486,stiff,class-errors,0.05
adaptive n0=0.05,30024,0.960464133606725,0.8632168312839216,0.0960464133606725,0.12435606804264827,0.5689270745501299,0.0,0.0,0.0,0.0,2.49999999975,1.4479412620725585,0.3929213770286354,stiff,class-errors,0.05
adaptive n0=0.05,30025,0.9501983123245443,0.8542720376807846,0.09486358123245445,0.12232510616736655,0.5787257882874474,0.0,-0.003125,0.0,0.0,2.49999999975,1.484885652555343,0.3897443465033936,stiff,class-errors,0.05
adaptive n0=0.05,30026,0.9921530089736899,0.8920428778994267,0.09915670714736899,0.12219982875927017,0.5698988169075837,0.0,-0.001171875,0.0,0.0,2.49999999975,1.4760677252384249,0.38609259396653334,stiff,class-errors,0.05
adaptive n0=0.05,30027,0.9608358394806409,0.8624024789074525,0.09586874019806409,0.12472084618716771,0.5914135603510285,0.0,-0.004296875,0.0,0.0,2.49999999975,1.4759607450400662,0.4006973507516788,stiff,class-errors,0.05
adaptive n0=0.05,30028,0.9378326178721285,0.8407023284651228,0.09312570970387953,0.1296418890162357,0.6311019914612062,0.0,-0.013151041666666667,0.0,0.0,2.4999999997499995,1.382244387312881,0.45657772044789047,stiff,class-errors,0.05
adaptive n0=0.05,30029,0.9632679643369593,0.8660646186807348,0.09622914018369592,0.11667281071407949,0.5491708032881525,0.0,-0.001953125,0.0,0.0,2.49999999975,1.4951010386331651,0.3673135053067781,stiff,class-errors,0.05
adaptive n0=0.05,30030,0.9636815470010575,0.8652007839408313,0.09636815470010575,0.12310295432275231,0.555721812004188,0.0,0.0,0.0,0.0,2.49999999975,1.4263201970979176,0.38961925459296953,stiff,class-errors,0.05
adaptive n0=0.05,30031,0.972071880644766,0.8724539256567354,0.09702489639780994,0.12641411278301196,0.6006872634197398,0.0,-0.0036458333333333334,0.0,0.0,2.49999999975,1.5057223160146438,0.39893628262722636,stiff,class-errors,0.05
adaptive n0=0.05,30032,0.9520994047497852,0.85452575472894,0.09518389880831184,0.12187581517517904,0.5670955769316165,0.0,-0.0005208333333333333,0.0,0.0,2.49999999975,1.4193755180545786,0.3995387899242392,stiff,class-errors,0.05
adaptive n0=0.05,30033,0.9935945713712574,0.8925034187068477,0.09931388422045909,0.12743816397242352,0.5976819007615432,0.0,-0.0009114583333333333,0.0,0.0,2.49999999975,1.4102132204621673,0.42382378216938404,stiff,class-errors,0.05
adaptive n0=0.05,30034,0.9481676145197473,0.8513133006661453,0.09481676145197473,0.11062946412806035,0.5047524208994991,0.0,0.0,0.0,0.0,2.49999999975,1.4389139587902262,0.350787076472503,stiff,class-errors,0.05
adaptive n0=0.05,30035,0.974378887536561,0.8748483763402672,0.0974378887536561,0.13172791385738591,0.6054013012762475,0.0,0.0,0.0,0.0,2.49999999975,1.4409109882493825,0.4201517694106647,stiff,class-errors,0.05
adaptive n0=0.05,30036,0.96802634434595,0.868990849529747,0.096392478184595,0.12471637292661478,0.598573317882544,0.0,-0.008203125,0.0,0.0,2.49999999975,1.4686180487050504,0.40757589654460136,stiff,class-errors,0.05
adaptive n0=0.05,30037,0.8694787265259087,0.7786463919511082,0.08679813306925754,0.11753776772397265,0.5528878776265191,0.0,-0.002994791666666667,0.0,0.0,2.49999999975,1.3612548899887895,0.40616043453189904,stiff,class-errors,0.05
adaptive n0=0.05,30038,0.9522611601868709,0.8555805159941722,0.0952261160186871,0.12124463429823434,0.5437880240108325,0.0,0.0,0.0,0.0,2.49999999975,1.416592191327154,0.38387055028263084,stiff,class-errors,0.05
adaptive n0=0.05,30039,0.9657771793581624,0.867647708265155,0.09611547835248291,0.12408762934373067,0.6016425756239987,0.0,-0.009244791666666667,0.0,0.0,2.49999999975,1.3929339697376657,0.43192469183396204,stiff,class-errors,0.05
adaptive n0=0.05,30040,0.975479815259751,0.8767181512881046,0.0967081377759751,0.12141761635277018,0.5930484019383666,0.0,-0.016796875,0.0,0.0,2.49999999975,1.4363889401039454,0.41287452540218683,stiff,class-errors,0.05
adaptive n0=0.05,30041,0.9816083504758247,0.8820196395549671,0.09816083504758247,0.12382297629696448,0.5711478655289584,0.0,0.0,0.0,0.0,2.49999999975,1.5207855326260118,0.37556108555473333,stiff,class-errors,0.05
adaptive n0=0.05,30042,0.987852651110281,0.88576944207493,0.09635687969436142,0.11949049196771258,0.6104943597396759,0.0,-0.048567708333333334,0.0,0.0,2.49999999975,1.479522385667372,0.4126293496156184,stiff,class-errors,0.05
adaptive n0=0.05,30043,0.9819620353329044,0.8807109844576537,0.09787719311662377,0.12191879415049484,0.5834222761737728,0.0,-0.006380208333333333,0.0,0.0,2.49999999975,1.4105198174123563,0.4136221760032267,stiff,class-errors,0.05
adaptive n0=0.05,30044,0.9582774319468429,0.8609290889334801,0.09582774319468429,0.11890740887967306,0.5220380274888348,0.0,0.0,0.0,0.0,2.49999999975,1.398002909850323,0.373416982046716,stiff,class-errors,0.05
adaptive n0=0.05,30045,0.9577572842359858,0.8591441846876978,0.09577572842359858,0.12077749946143672,0.5401635474255714,0.0,0.0,0.0,0.0,2.49999999975,1.489244761111885,0.36270971806023333,stiff,class-errors,0.05
adaptive n0=0.05,30046,0.9602123054909238,0.8624978872059496,0.09563060554909239,0.12302559404194337,0.5863262161645844,0.0,-0.0078125,0.0,0.0,2.49999999975,1.425151309544372,0.41141330905560886,stiff,class-errors,0.05
adaptive n0=0.05,30047,0.9566917526523913,0.857435668754362,0.0955975606819058,0.12625398503485089,0.5907544118562328,0.0,-0.0014322916666666666,0.0,0.0,2.4999999997499995,1.4088617295586097,0.41931326507201927,stiff,class-errors,0.05
adaptive n0=0.05,30048,0.9927572606259011,0.8922537588655219,0.09923666356259012,0.12452422204983092,0.5818111028080989,0.0,-0.00078125,0.0,0.0,2.4999999997499995,1.4658665320688402,0.396905918840349,stiff,class-errors,0.05
adaptive n0=0.05,30049,0.9696746787898207,0.8728981127935935,0.09683074912898207,0.1246721253901827,0.5895742208894708,0.0,-0.002734375,0.0,0.0,2.49999999975,1.4726467299843549,0.40035006962989306,stiff,class-errors,0.05
adaptive n0=0.1,30000,0.9845786050239154,0.8849654378458757,0.09845135008572488,0.1276961988039179,0.5897000128342884,0.0,-0.00013020833333333333,0.0,0.0,2.49999999975,1.429243532115685,0.41259589397012386,stiff,class-errors,0.1
adaptive n0=0.1,30001,0.9683579463696513,0.8708424813878083,0.09679022172029847,0.11777906997510468,0.5505681707839595,0.0,-0.0009114583333333333,0.0,0.0,2.49999999975,1.4480640540555978,0.3802098182342013,stiff,class-errors,0.1
adaptive n0=0.1,30002,0.9648306365864108,0.8656280214416363,0.0963398344919744,0.1204911020287024,0.5679497109939539,0.0,-0.002864583333333333,0.0,0.0,2.49999999975,1.379341982521368,0.4117540959318662,stiff,class-errors,0.1
adaptive n0=0.1,30003,0.9522978933017099,0.8550658305368201,0.09522978933017098,0.1258165300553527,0.5768138466464183,0.0,0.0,0.0,0.0,2.49999999975,1.407379264772467,0.4098496127407935,stiff,class-errors,0.1
adaptive n0=0.1,30004,0.948607867061575,0.8512404140848306,0.09484776587282416,0.1226381960628691,0.5644774677588825,0.0,-0.00026041666666666666,0.0,0.0,2.49999999975,1.414890037511501,0.3989550090773709,stiff,class-errors,0.1
adaptive n0=0.1,30005,0.978442632421195,0.8792426608736585,0.0978442632421195,0.12718053312483174,0.5587969746378862,0.0,0.0,0.0,0.0,2.49999999975,1.4129656652102203,0.39547809858121974,stiff,class-errors,0.1
adaptive n0=0.1,30006,0.9181104562715147,0.8235836403929546,0.09149854562715146,0.10396487838399562,0.4962342140997789,0.0,-0.00625,0.0,0.0,2.49999999975,1.4469027198420916,0.34296308058218017,stiff,class-errors,0.1
adaptive n0=0.1,30007,0.9384748622743959,0.8402057834099452,0.0934763924774396,0.12097418008201569,0.5816498464880742,0.0,-0.007421875,0.0,0.0,2.49999999975,1.3663856586878018,0.425684976119156,stiff,class-errors,0.1
adaptive n0=0.1,30008,0.9488531862367915,0.8509635212489172,0.09466396445701249,0.12397491387472036,0.5863974619539831,0.0,-0.004427083333333333,0.0,0.0,2.4999999997500004,1.4809126922862452,0.3959703127729278,stiff,class-errors,0.1
adaptive n0=0.1,30009,0.9864861178879901,0.887666063294787,0.09864861178879901,0.12534537781593927,0.5651550223567156,0.0,0.0,0.0,0.0,2.49999999975,1.4949990396970563,0.3780303581139674,stiff,class-errors,0.1
adaptive n0=0.1,30010,0.9161782578497422,0.8198002906987213,0.09161782578497421,0.12499829994398926,0.5721846359369666,0.0,0.0,0.0,0.0,2.49999999975,1.3258860794393112,0.4315488674403544,stiff,class-errors,0.1
adaptive n0=0.1,30011,0.9686221889730324,0.8694609915024436,0.09686221889730325,0.12309368967526754,0.546276978398304,0.0,0.0,0.0,0.0,2.49999999975,1.4322730875221514,0.38140560145786817,stiff,class-errors,0.1
adaptive n0=0.1,30012,0.9378502000873524,0.8434039215078087,0.09377850959206857,0.11148792647756058,0.5141074623528465,0.0,-0.00013020833333333333,0.0,0.0,2.49999999975,1.4982187646557237,0.34314579050876026,stiff,class-errors,0.1
adaptive n0=0.1,30013,0.9766995885275447,0.8774577959651318,0.09747464635275446,0.1189662141273024,0.5596668225392732,0.0,-0.00390625,0.0,0.0,2.49999999975,1.4676108071409726,0.3813455309923416,stiff,class-errors,0.1
adaptive n0=0.1,30014,0.9480349616779652,0.8483496528639576,0.09480349616779651,0.12330681207716106,0.5642930199475309,0.0,0.0,0.0,0.0,2.49999999975,1.393340355526886,0.4049929492885073,stiff,class-errors,0.1
adaptive n0=0.1,30015,0.933989200548784,0.8357083154622305,0.09319058672154505,0.12600936724675255,0.59666238878081,0.0,-0.004166666666666667,0.0,0.0,2.49999999975,1.3654005984492188,0.4369870567352038,stiff,class-errors,0.1
adaptive n0=0.1,30016,1.004016061373735,0.902297801914535,0.10033650197070683,0.1247970868468615,0.5841433252821571,0.0,-0.0013020833333333333,0.0,0.0,2.49999999975,1.4813679205375656,0.39432697116201926,stiff,class-errors,0.1
adaptive n0=0.1,30017,0.9664346264577612,0.8669816976851403,0.09574502514577612,0.12231530115015328,0.5957205362876457,0.0,-0.01796875,0.0,0.0,2.49999999975,1.4957407810415884,0.3982779261208643,stiff,class-errors,0.1
adaptive n0=0.1,30018,0.9873528806488838,0.8881197883898625,0.09873528806488838,0.11372748409295756,0.5184700441716259,0.0,0.0,0.0,0.0,2.49999999975,1.418338167742288,0.36554755132686517,stiff,class-errors,0.1
adaptive n0=0.1,30019,0.9725713647859837,0.8740238462371899,0.09725713647859838,0.11925498202595698,0.5269566066928218,0.0,0.0,0.0,0.0,2.49999999975,1.4966118262774946,0.35209972114380184,stiff,class-errors,0.1
adaptive n0=0.1,30020,0.997535219344466,0.898236895837084,0.09957123026777992,0.11447596160536358,0.5431592497871579,0.0,-0.0036458333333333334,0.0,0.0,2.49999999975,1.5164470915835824,0.35817883314343146,stiff,class-errors,0.1
adaptive n0=0.1,30021,0.9492836438598097,0.8513773072079811,0.09492836438598097,0.12228449408875577,0.558827865770384,0.0,0.0,0.0,0.0,2.4999999997500004,1.4554037731618,0.38396758073284043,stiff,class-errors,0.1
adaptive n0=0.1,30022,0.9449873968325342,0.8467663091708043,0.09417972926658676,0.12956375718270524,0.6231252738636868,0.0,-0.006380208333333333,0.0,0.0,2.4999999997500004,1.4778804294676204,0.42163443093170694,stiff,class-errors,0.1
adaptive n0=0.1,30023,0.941218086345459,0.8463980842922418,0.0941218086345459,0.12090434781970937,0.5538330124098347,0.0,0.0,0.0,0.0,2.4999999997499995,1.4158538939436949,0.39116537008433677,stiff,class-errors,0.1
adaptive n0=0.1,30024,0.9604784296937369,0.8632300775194146,0.09604784296937369,0.12435636823854189,0.5689284479416679,0.0,0.0,0.0,0.0,2.49999999975,1.4482556832121887,0.392837020794423,stiff,class-errors,0.1
adaptive n0=0.1,30025,0.9499475283378325,0.8540322568679881,0.09483850283378326,0.1223273635457299,0.5787364680498749,0.0,-0.003125,0.0,0.0,2.49999999975,1.485177369638846,0.38967498420111774,stiff,class-errors,0.1
adaptive n0=0.1,30026,0.992161262510405,0.8920495337316632,0.09915753250104051,0.12219982875927017,0.5698988169075837,0.0,-0.001171875,0.0,0.0,2.49999999975,1.4762822751166638,0.38603648266558455,stiff,class-errors,0.1
adaptive n0=0.1,30027,0.9591997417130996,0.8609238016452042,0.09570513042130997,0.12472084618716771,0.5914135603510285,0.0,-0.004296875,0.0,0.0,2.49999999975,1.4591392686578686,0.40531673230548915,stiff,class-errors,0.1
adaptive n0=0.1,30028,0.9376578333970553,0.8405423752488838,0.0931082312563722,0.1296418890162357,0.6311019914612062,0.0,-0.013151041666666667,0.0,0.0,2.49999999975,1.380781671635524,0.45706139096825593,stiff,class-errors,0.1
adaptive n0=0.1,30029,0.9632921667590526,0.8660880513528902,0.09623156042590526,0.11667281071407949,0.5491708032881525,0.0,-0.001953125,0.0,0.0,2.49999999975,1.4951299672758203,0.3673063983118211,stiff,class-errors,0.1
adaptive n0=0.1,30030,0.963664489307797,0.8651850837245179,0.0963664489307797,0.12310295432275231,0.555721812004188,0.0,0.0,0.0,0.0,2.49999999975,1.4264862271034282,0.3895739064600833,stiff,class-errors,0.1
adaptive n0=0.1,30031,0.9692169266440173,0.869905694397275,0.09673940099773506,0.12641411278301196,0.6006872634197398,0.0,-0.0036458333333333334,0.0,0.0,2.49999999975,1.4937585309917056,0.40213143621074,stiff,class-errors,0.1
adaptive n0=0.1,30032,0.952116235510024,0.8545412760318443,0.09518558188433572,0.12187581517517904,0.5670955769316165,0.0,-0.0005208333333333333,0.0,0.0,2.49999999975,1.4195379756864581,0.39949306509914345,stiff,class-errors,0.1
adaptive n0=0.1,30033,0.9934013361644876,0.8923207235322739,0.09929456069978208,0.12743816397242352,0.5976819007615432,0.0,-0.0009114583333333333,0.0,0.0,2.4999999997500004,1.4105329310328272,0.42372771851835156,stiff,class-errors,0.1
adaptive n0=0.1,30034,0.9480015514159874,0.8511691710898833,0.09480015514159874,0.11048496159571469,0.5040931209236523,0.0,0.0,0.0,0.0,2.49999999975,1.4106287481056496,0.3573535004164668,stiff,class-errors,0.1
adaptive n0=0.1,30035,0.9751040990425852,0.8755029454595384,0.09751040990425852,0.13172791385738591,0.6054013012762475,0.0,0.0,0.0,0.0,2.49999999975,1.4276369324745524,0.4240583074766026,stiff,class-errors,0.1
adaptive n0=0.1,30036,0.967982088794871,0.8689505769899993,0.0963880526294871,0.12471637292661478,0.598573317882544,0.0,-0.008203125,0.0,0.0,2.49999999975,1.4688459857066292,0.4075126485058838,stiff,class-errors,0.1
adaptive n0=0.1,30037,0.9057863350492363,0.8116486946501034,0.0904288939215903,0.11753776772397265,0.5528878776265191,0.0,-0.002994791666666667,0.0,0.0,2.4999999997500004,1.4084345640549099,0.3925548916058581,stiff,class-errors,0.1
adaptive n0=0.1,30038,0.9517401672577015,0.8550860905828711,0.09517401672577015,0.12124463429823434,0.5437880240108325,0.0,0.0,0.0,0.0,2.49999999975,1.4163196897179444,0.3839444074375088,stiff,class-errors,0.1
adaptive n0=0.1,30039,0.9657959005021103,0.8676639439165461,0.0961173504668777,0.12408762934373067,0.6016425756239987,0.0,-0.009244791666666667,0.0,0.0,2.49999999975,1.393114795755788,0.4318686280965077,stiff,class-errors,0.1
adaptive n0=0.1,30040,0.9754908008128607,0.8767288538783764,0.09670923633128606,0.12141761635277018,0.5930484019383666,0.0,-0.016796875,0.0,0.0,2.4999999997499995,1.4363945090077714,0.41287292468698655,stiff,class-errors,0.1
adaptive n0=0.1,30041,0.9816380256680972,0.882047580742566,0.09816380256680972,0.12382297629696448,0.5711478655289584,0.0,0.0,0.0,0.0,2.49999999975,1.520563131094927,0.3756160160990397,stiff,class-errors,0.1
adaptive n0=0.1,30042,0.9878842238699952,0.8857992679658854,0.09636003697033285,0.11949049196771258,0.6104943597396759,0.0,-0.048567708333333334,0.0,0.0,2.49999999975,1.4796706379191802,0.41258800715150856,stiff,class-errors,0.1
adaptive n0=0.1,30043,0.9820250819597484,0.880769741611301,0.09788349777930819,0.12191879415049484,0.5834222761737728,0.0,-0.006380208333333333,0.0,0.0,2.49999999975,1.3818538667780054,0.4222025861056548,stiff,class-errors,0.1
adaptive n0=0.1,30044,0.9583133221373009,0.8609631826507291,0.0958313322137301,0.11890740887967306,0.5220380274888348,0.0,0.0,0.0,0.0,2.49999999975,1.3980858388756823,0.373394832400741,stiff,class-errors,0.1
adaptive n0=0.1,30045,0.9524158483221081,0.8540468570559202,0.09524158483221082,0.12077749946143672,0.5401635474255714,0.0,0.0,0.0,0.0,2.49999999975,1.4841909474845623,0.36394477970712047,stiff,class-errors,0.1
adaptive n0=0.1,30046,0.9602335442220767,0.8625176415553666,0.09563272942220767,0.12302559404194337,0.5863262161645844,0.0,-0.0078125,0.0,0.0,2.49999999975,1.4252863272889684,0.41137433576580584,stiff,class-errors,0.1
adaptive n0=0.1,30047,0.9565534375575359,0.8573036990312403,0.09558372917242025,0.12625398503485089,0.5907544118562328,0.0,-0.0014322916666666666,0.0,0.0,2.49999999975,1.4087269036700465,0.4193533965434935,stiff,class-errors,0.1
adaptive n0=0.1,30048,0.9928101948094143,0.892303860011945,0.09924195698094143,0.12452422204983092,0.5818111028080989,0.0,-0.00078125,0.0,0.0,2.49999999975,1.465984418814795,0.39687400175676896,stiff,class-errors,0.1
adaptive n0=0.1,30049,0.9694856470472333,0.8727418971320297,0.09681184595472334,0.1246721253901827,0.5895742208894708,0.0,-0.002734375,0.0,0.0,2.49999999975,1.4609744216824458,0.4035486262726777,stiff,class-errors,0.1
adaptive n0=0.25,30000,0.9845861541225216,0.8849723436916288,0.0984521049955855,0.1276961988039179,0.5897000128342884,0.0,-0.00013020833333333333,0.0,0.0,2.4999999997500004,1.4292934533498705,0.4125814831462314,stiff,class-errors,0.25
adaptive n0=0.25,30001,0.9682751488437068,0.8707630110598595,0.09678194196770402,0.11777932727283487,0.5505693735438445,0.0,-0.0009114583333333333,0.0,0.0,2.4999999997499995,1.4481225739740762,0.38019528418296766,stiff,class-errors,0.25
adaptive n0=0.25,30002,0.9663626443275564,0.8670732689815552,0.09649303526608896,0.1204911020287024,0.5679497109939539,0.0,-0.002864583333333333,0.0,0.0,2.4999999997499995,1.3768009515028152,0.41251403143934606,stiff,class-errors,0.25
adaptive n0=0.25,30003,0.9525524090436561,0.85530300563674,0.09525524090436562,0.1258165300553527,0.5768138466464183,0.0,0.0,0.0,0.0,2.4999999997499995,1.3782540894563255,0.4185105279636441,stiff,class-errors,0.25
adaptive n0=0.25,30004,0.9492194907918303,0.8518161855328343,0.0949089282458497,0.1226381960628691,0.5644774677588825,0.0,-0.00026041666666666666,0.0,0.0,2.49999999975,1.4166809106619276,0.39845067686776203,stiff,class-errors,0.25
adaptive n0=0.25,30005,0.978388909928587,0.8791832416986407,0.0978388909928587,0.12718053312483174,0.5587969746378862,0.0,0.0,0.0,0.0,2.49999999975,1.4149076580248123,0.3949352959315787,stiff,class-errors,0.25
adaptive n0=0.25,30006,0.9186578175376147,0.8240979740012417,0.09155328175376146,0.10396487838399562,0.4962342140997789,0.0,-0.00625,0.0,0.0,2.49999999975,1.4067443264894206,0.3527536630186017,stiff,class-errors,0.25
adaptive n0=0.25,30007,0.9389457241850712,0.8406429696549259,0.09352347866850712,0.12091806884773956,0.5813800608959682,0.0,-0.007421875,0.0,0.0,2.49999999975,1.3400136555493276,0.4338612957325694,stiff,class-errors,0.25
adaptive n0=0.25,30008,0.9480979141462388,0.8502900584783527,0.09458843724795721,0.12397491387472036,0.5863974619539831,0.0,-0.004427083333333333,0.0,0.0,2.49999999975,1.4223026543825683,0.41228739899142103,stiff,class-errors,0.25
adaptive n0=0.25,30009,0.9862702837067043,0.8874782641745946,0.09862702837067043,0.12534537781593927,0.5651550223567156,0.0,0.0,0.0,0.0,2.4999999997500004,1.4231924201570583,0.3971037326733002,stiff,class-errors,0.25
adaptive n0=0.25,30010,0.919525564298602,0.8229994165479345,0.0919525564298602,0.12499829994398926,0.5721846359369666,0.0,0.0,0.0,0.0,2.49999999975,1.326966078136623,0.4311976359941697,stiff,class-errors,0.25
adaptive n0=0.25,30011,0.968539767475034,0.8694127452998924,0.0968539767475034,0.12309368967526754,0.546276978398304,0.0,0.0,0.0,0.0,2.49999999975,1.4051433478491306,0.3887695723247714,stiff,class-errors,0.25
adaptive n0=0.25,30012,0.9363409464467425,0.8420395813192068,0.09362758422800758,0.11138106328438034,0.51361468105535,0.0,-0.00013020833333333333,0.0,0.0,2.49999999975,1.472252841086531,0.34886309383943825,stiff,class-errors,0.25
adaptive n0=0.25,30013,0.9766988193194229,0.8774594858470204,0.0974745694319423,0.1189662141273024,0.5596668225392732,0.0,-0.00390625,0.0,0.0,2.4999999997499995,1.3997758089273553,0.3998260428347769,stiff,class-errors,0.25
adaptive n0=0.25,30014,0.949333746685414,0.8495090087156777,0.0949333746685414,0.12330681207716106,0.5642930199475309,0.0,0.0,0.0,0.0,2.4999999997500004,1.4299311426688566,0.39462950565180455,stiff,class-errors,0.25
adaptive n0=0.25,30015,0.9341595662243452,0.8358734715589,0.09320762328910118,0.12600936724675255,0.59666238878081,0.0,-0.004166666666666667,0.0,0.0,2.49999999975,1.3652251800593156,0.43704320539626035,stiff,class-errors,0.25
adaptive n0=0.25,30016,1.0031553217707807,0.9015811895175244,0.1002504280104114,0.12402895948425359,0.5805479170625358,0.0,-0.0013020833333333333,0.0,0.0,2.49999999975,1.4038372305038946,0.4135436106464803,stiff,class-errors,0.25
adaptive n0=0.25,30017,0.9657123493849185,0.8663331294515167,0.09567279743849186,0.12231530115015328,0.5957205362876457,0.0,-0.01796875,0.0,0.0,2.49999999975,1.3998618692363407,0.42555665625253863,stiff,class-errors,0.25
adaptive n0=0.25,30018,0.9873434231615653,0.8881109562654713,0.09873434231615653,0.11372748409295756,0.5184700441716259,0.0,0.0,0.0,0.0,2.49999999975,1.4183770176074575,0.36553753884576473,stiff,class-errors,0.25
adaptive n0=0.25,30019,0.9700694232502061,0.8718458447537083,0.0970069423250206,0.1184480317454627,0.5233909042428686,0.0,0.0,0.0,0.0,2.49999999975,1.382260519435312,0.37864852311392566,stiff,class-errors,0.25
adaptive n0=0.25,30020,0.9970872317060417,0.8978581344525483,0.0995264315039375,0.11407246611321774,0.5412447665565041,0.0,-0.0036458333333333334,0.0,0.0,2.4999999997500004,1.4347811563815893,0.3772315827742559,stiff,class-errors,0.25
adaptive n0=0.25,30021,0.9488112141342673,0.8509735256271486,0.09488112141342672,0.12213806276642909,0.5581586893228914,0.0,0.0,0.0,0.0,2.49999999975,1.414254071557273,0.39466648924566144,stiff,class-errors,0.25
adaptive n0=0.25,30022,0.9435339424287705,0.845469853192206,0.09403438382621039,0.12956375718270524,0.6231252738636868,0.0,-0.006380208333333333,0.0,0.0,2.49999999975,1.3703611066434263,0.45471611157293784,stiff,class-errors,0.25
adaptive n0=0.25,30023,0.9412194186487357,0.8463992573555299,0.09412194186487358,0.1209044380730502,0.5538334258381401,0.0,0.0,0.0,0.0,2.49999999975,1.415948047509042,0.39113965149530205,stiff,class-errors,0.25
adaptive n0=0.25,30024,0.9602170598162342,0.8629958130948197,0.09602170598162342,0.12433768457553454,0.5688429704743921,0.0,0.0,0.0,0.0,2.4999999997500004,1.4286866659787836,0.39815796144823795,stiff,class-errors,0.25
adaptive n0=0.25,30025,0.94937719840946,0.8535445548114078,0.094781469840946,0.12200800637045076,0.5772255743437554,0.0,-0.003125,0.0,0.0,2.49999999975,1.4439073967866298,0.39976633932920674,stiff,class-errors,0.25
adaptive n0=0.25,30026,0.9906426951631965,0.8907242666242662,0.09900567576631965,0.12219982875927017,0.5698988169075837,0.0,-0.001171875,0.0,0.0,2.49999999975,1.4096615590102504,0.4042805971865476,stiff,class-errors,0.25
adaptive n0=0.25,30027,0.9601487699122956,0.8618709935704364,0.09580003324122957,0.1241541333247948,0.5887262656294251,0.0,-0.004296875,0.0,0.0,2.49999999975,1.379578244147098,0.4267436574381438,stiff,class-errors,0.25
adaptive n0=0.25,30028,0.9377637796502688,0.8406397016697842,0.09311882588169355,0.1296418890162357,0.6311019914612062,0.0,-0.013151041666666667,0.0,0.0,2.49999999975,1.381424046372747,0.45684885326725894,stiff,class-errors,0.25
adaptive n0=0.25,30029,0.961292233262611,0.8642779614277395,0.0960315670762611,0.11667281071407949,0.5491708032881525,0.0,-0.001953125,0.0,0.0,2.49999999975,1.4353030450241953,0.3826166224561274,stiff,class-errors,0.25
adaptive n0=0.25,30030,0.9636478900966171,0.8651698369566841,0.09636478900966171,0.12310295432275231,0.555721812004188,0.0,0.0,0.0,0.0,2.49999999975,1.390458848992397,0.3996679314939055,stiff,class-errors,0.25
adaptive n0=0.25,30031,0.968460086511997,0.869254300491572,0.09666371698453304,0.12641411278301196,0.6006872634197398,0.0,-0.0036458333333333334,0.0,0.0,2.4999999997499995,1.3796786601035245,0.4353820065424996,stiff,class-errors,0.25
adaptive n0=0.25,30032,0.9507208118412552,0.8532298732940558,0.09504603951745885,0.12187581517517904,0.5670955769316165,0.0,-0.0005208333333333333,0.0,0.0,2.49999999975,1.4162129234591483,0.4004310139653762,stiff,class-errors,0.25
adaptive n0=0.25,30033,0.9927766760927734,0.891792049171067,0.09923209469261067,0.12700488535389845,0.5956498345405057,0.0,-0.0009114583333333333,0.0,0.0,2.4999999997500004,1.3678181668152463,0.43547442854000434,stiff,class-errors,0.25
adaptive n0=0.25,30034,0.9478873461038952,0.8510809010606291,0.09478873461038953,0.11028888095661447,0.5031984932757883,0.0,0.0,0.0,0.0,2.49999999975,1.3722475370770928,0.3666965905784086,stiff,class-errors,0.25
adaptive n0=0.25,30035,0.9758009632541093,0.8761460977633568,0.09758009632541093,0.13172791385738591,0.6054013012762475,0.0,0.0,0.0,0.0,2.49999999975,1.3885249537629027,0.436003184268032,stiff,class-errors,0.25
adaptive n0=0.25,30036,0.9661964840100244,0.8673449434858602,0.09620949215100244,0.12471637292661478,0.598573317882544,0.0,-0.008203125,0.0,0.0,2.4999999997499995,1.3804607629776675,0.4336040066734062,stiff,class-errors,0.25
adaptive n0=0.25,30037,0.9056959886463549,0.8115652605793147,0.09041985928130217,0.11753776772397265,0.5528878776265191,0.0,-0.002994791666666667,0.0,0.0,2.49999999975,1.383244318605717,0.3997037039586898,stiff,class-errors,0.25
adaptive n0=0.25,30038,0.9516668081368784,0.8550165381192593,0.09516668081368784,0.12124463429823434,0.5437880240108325,0.0,0.0,0.0,0.0,2.49999999975,1.4164933164147724,0.3838973454440236,stiff,class-errors,0.25
adaptive n0=0.25,30039,0.9657964314734092,0.8676633094774767,0.09611740356400758,0.12408762934373067,0.6016425756239987,0.0,-0.009244791666666667,0.0,0.0,2.4999999997499995,1.3932536977965126,0.4318255724535459,stiff,class-errors,0.25
adaptive n0=0.25,30040,0.9749430921913733,0.8762064674124781,0.09665446546913734,0.12141761635277018,0.5930484019383666,0.0,-0.016796875,0.0,0.0,2.49999999975,1.4369477253578748,0.4127139710601975,stiff,class-errors,0.25
adaptive n0=0.25,30041,0.9791209183457136,0.879782626040038,0.09791209183457136,0.12382297629696448,0.5711478655289584,0.0,0.0,0.0,0.0,2.49999999975,1.4317648575013258,0.3989117783807803,stiff,class-errors,0.25
adaptive n0=0.25,30042,0.9863915919431722,0.884417370028612,0.09619775294431722,0.11949049196771258,0.6104943597396759,0.0,-0.04882812500000001,0.0,0.0,2.49999999975,1.4413922941050679,0.42354490324143146,stiff,class-errors,0.25
adaptive n0=0.25,30043,0.9821275641165965,0.8808656565378896,0.09789374599499298,0.12191879415049484,0.5834222761737728,0.0,-0.006380208333333333,0.0,0.0,2.4999999997500004,1.3821845032746487,0.4221015897599332,stiff,class-errors,0.25
adaptive n0=0.25,30044,0.9587405114548201,0.8613372144201108,0.095874051145482,0.11890740887967306,0.5220380274888348,0.0,0.0,0.0,0.0,2.49999999975,1.3866377299835517,0.3764775876212651,stiff,class-errors,0.25
adaptive n0=0.25,30045,0.9509986393327902,0.8527384193081969,0.09509986393327902,0.12077749946143672,0.5401635474255714,0.0,0.0,0.0,0.0,2.49999999975,1.4584103830156954,0.37037829249996373,stiff,class-errors,0.25
adaptive n0=0.25,30046,0.9595011366252805,0.8618309247497469,0.09555948866252804,0.12302559404194337,0.5863262161645844,0.0,-0.0078125,0.0,0.0,2.49999999975,1.410103954867846,0.41580353997343017,stiff,class-errors,0.25
adaptive n0=0.25,30047,0.9560975493378128,0.8568707447623501,0.09553814035044794,0.12625398503485089,0.5907544118562328,0.0,-0.0014322916666666666,0.0,0.0,2.49999999975,1.3747924839541699,0.4297044235775195,stiff,class-errors,0.25
adaptive n0=0.25,30048,0.9926449095340113,0.8921593239954599,0.09922542845340113,0.12452422204983092,0.5818111028080989,0.0,-0.00078125,0.0,0.0,2.49999999975,1.405331851731832,0.41400264435130807,stiff,class-errors,0.25
adaptive n0=0.25,30049,0.9688125595403477,0.8721588690250687,0.09674453720403478,0.1246721253901827,0.5895742208894708,0.0,-0.002734375,0.0,0.0,2.4999999997499995,1.4196427393469144,0.4152975988597636,stiff,class-errors,0.25
adaptive n0=0.5,30000,0.9845827045369572,0.8849692905712059,0.09845176003702906,0.1276961988039179,0.5897000128342884,0.0,-0.00013020833333333333,0.0,0.0,2.4999999997499995,1.42925848669076,0.41259157690898374,stiff,class-errors,0.5
adaptive n0=0.5,30001,0.96826879974942,0.8707574727358217,0.09678130705827534,0.11777885401997171,0.5505671612835231,0.0,-0.0009114583333333333,0.0,0.0,2.49999999975,1.4480149371170943,0.3802220178609948,stiff,class-errors,0.5
adaptive n0=0.5,30002,0.9664468027348898,0.8671535137422396,0.09650145110682232,0.1204911020287024,0.5679497109939539,0.0,-0.002864583333333333,0.0,0.0,2.49999999975,1.3592577847804435,0.4178381152959098,stiff,class-errors,0.5
adaptive n0=0.5,30003,0.9526776131962238,0.8554187576766737,0.09526776131962238,0.1258165300553527,0.5768138466464183,0.0,0.0,0.0,0.0,2.49999999975,1.3788871423051228,0.4183183880314839,stiff,class-errors,0.5
adaptive n0=0.5,30004,0.9493369050093274,0.8519270897221156,0.0949206696675994,0.1226381960628691,0.5644774677588825,0.0,-0.00026041666666666666,0.0,0.0,2.49999999975,1.4171213882475053,0.39832682820273296,stiff,class-errors,0.5
adaptive n0=0.5,30005,0.9784174270059847,0.8792105585750344,0.09784174270059846,0.12718053312483174,0.5587969746378862,0.0,0.0,0.0,0.0,2.49999999975,1.414958596368289,0.39492107830725615,stiff,class-errors,0.5
adaptive n0=0.5,30006,0.9187309596431928,0.8241670394547749,0.09156059596431929,0.10396487838399562,0.4962342140997789,0.0,-0.00625,0.0,0.0,2.4999999997500004,1.3772334088263616,0.3603123558574253,stiff,class-errors,0.5
adaptive n0=0.5,30007,0.9209522181769377,0.8237001489572214,0.09172412806769378,0.12090811745651929,0.5813322141143517,0.0,-0.007421875,0.0,0.0,2.49999999975,1.335336550797024,0.4353450924168676,stiff,class-errors,0.5
adaptive n0=0.5,30008,0.9480896208459045,0.8502823509039776,0.09458760791792378,0.12397491387472036,0.5863974619539831,0.0,-0.004427083333333333,0.0,0.0,2.49999999975,1.4222908749453271,0.41229081356267877,stiff,class-errors,0.5
adaptive n0=0.5,30009,0.9862860020633345,0.8874923960787672,0.09862860020633345,0.12534537781593927,0.5651550223567156,0.0,0.0,0.0,0.0,2.49999999975,1.4233880967685408,0.39704914186072204,stiff,class-errors,0.5
adaptive n0=0.5,30010,0.919467251853456,0.8229453858717041,0.0919467251853456,0.12499829994398926,0.5721846359369666,0.0,0.0,0.0,0.0,2.4999999997500004,1.3270463937739425,0.431171539006824,stiff,class-errors,0.5
adaptive n0=0.5,30011,0.9684697875938792,0.8693560703844501,0.09684697875938793,0.12309368967526754,0.546276978398304,0.0,0.0,0.0,0.0,2.49999999975,1.3697228323614135,0.39882300673671184,stiff,class-errors,0.5
adaptive n0=0.5,30012,0.935848307053535,0.8416202882414323,0.09357832028868682,0.1111299309138193,0.5124566271761277,0.0,-0.00013020833333333333,0.0,0.0,2.49999999975,1.4112319811844258,0.363127135728621,stiff,class-errors,0.5
adaptive n0=0.5,30013,0.9767602295209307,0.8775183908120197,0.09748071045209308,0.1189662141273024,0.5596668225392732,0.0,-0.00390625,0.0,0.0,2.49999999975,1.399764100842051,0.3998293871107257,stiff,class-errors,0.5
adaptive n0=0.5,30014,0.9456326312626815,0.8459317976522595,0.09456326312626814,0.12330681207716106,0.5642930199475309,0.0,0.0,0.0,0.0,2.49999999975,1.338234840783097,0.42166965225425057,stiff,class-errors,0.5
adaptive n0=0.5,30015,0.9341861270343843,0.8358991353412888,0.0932102793701051,0.12600936724675255,0.59666238878081,0.0,-0.004166666666666667,0.0,0.0,2.49999999975,1.3652973653676186,0.4370200982700595,stiff,class-errors,0.5
adaptive n0=0.5,30016,1.0030449068929415,0.9014920832292147,0.10023938652262747,0.123892664579421,0.5799099553845872,0.0,-0.0013020833333333333,0.0,0.0,2.49999999975,1.3900803478121135,0.4171772921596394,stiff,class-errors,0.5
adaptive n0=0.5,30017,0.9657675652897026,0.8663842437296992,0.09567831902897027,0.12231530115015328,0.5957205362876457,0.0,-0.01796875,0.0,0.0,2.4999999997500004,1.4001527993567704,0.42546823215389024,stiff,class-errors,0.5
adaptive n0=0.5,30018,0.9873390618458381,0.8881068900472269,0.0987339061845838,0.11372748409295756,0.5184700441716259,0.0,0.0,0.0,0.0,2.4999999997500004,1.4183970532530066,0.3655323754251651,stiff,class-errors,0.5
adaptive n0=0.5,30019,0.9698296479005355,0.8716440198600092,0.09698296479005356,0.11822525316183835,0.5224065038893054,0.0,0.0,0.0,0.0,2.49999999975,1.3506910128750071,0.3867698081275742,stiff,class-errors,0.5
adaptive n0=0.5,30020,0.9970598468370362,0.8978321217062681,0.09952369301703695,0.11407113805834357,0.5412384652747414,0.0,-0.0036458333333333334,0.0,0.0,2.4999999997499995,1.434643621857341,0.37726335448662485,stiff,class-errors,0.5
adaptive n0=0.5,30021,0.9479640623242462,0.8502516116829806,0.09479640623242462,0.12187081037185937,0.5569373727005973,0.0,0.0,0.0,0.0,2.49999999975,1.339151585867054,0.4158882224972312,stiff,class-errors,0.5
adaptive n0=0.5,30022,0.9435183870988475,0.8454557041019395,0.09403282829321809,0.12956375718270524,0.6231252738636868,0.0,-0.006380208333333333,0.0,0.0,2.4999999997499995,1.370392761129739,0.4547056081571739,stiff,class-errors,0.5
adaptive n0=0.5,30023,0.94121376717099,0.8463940853656107,0.094121376717099,0.12090439862815698,0.5538332451508081,0.0,0.0,0.0,0.0,2.49999999975,1.4159068980369183,0.3911508912900059,stiff,class-errors,0.5
adaptive n0=0.5,30024,0.9602198413487794,0.8629985461041152,0.09602198413487793,0.12433767716498723,0.5688429365712536,0.0,0.0,0.0,0.0,2.4999999997499995,1.4286789042712549,0.39816010082504216,stiff,class-errors,0.5
adaptive n0=0.5,30025,0.9489566410483081,0.8531949304436948,0.0947394141048308,0.12157327636381599,0.5751688463860646,0.0,-0.003125,0.0,0.0,2.49999999975,1.3877279934080367,0.4144680002984896,stiff,class-errors,0.5
adaptive n0=0.5,30026,0.9905767695437738,0.890668314008702,0.09899908320437738,0.12219982875927017,0.5698988169075837,0.0,-0.001171875,0.0,0.0,2.49999999975,1.3849502353283305,0.4114940756499295,stiff,class-errors,0.5
adaptive n0=0.5,30027,0.9602804436482653,0.8619948275555172,0.09581320061482654,0.1241567820095813,0.5887388254231383,0.0,-0.004296875,0.0,0.0,2.49999999975,1.37989174522574,0.42665580648634505,stiff,class-errors,0.5
adaptive n0=0.5,30028,0.9378347964649765,0.8407058126275364,0.09312592756316432,0.1296418890162357,0.6311019914612062,0.0,-0.013151041666666667,0.0,0.0,2.49999999975,1.3817976108097938,0.4567253456831155,stiff,class-errors,0.5
adaptive n0=0.5,30029,0.9607300777454666,0.8637877579834352,0.09597535152454666,0.11667281071407949,0.5491708032881525,0.0,-0.001953125,0.0,0.0,2.49999999975,1.3625712328712831,0.40304006868757264,stiff,class-errors,0.5
adaptive n0=0.5,30030,0.9636370878108563,0.865159937054083,0.09636370878108563,0.12310295432275231,0.555721812004188,0.0,0.0,0.0,0.0,2.49999999975,1.3354082877578715,0.41614374951741223,stiff,class-errors,0.5
adaptive n0=0.5,30031,0.9685176251625092,0.8693090292109185,0.09666947084958424,0.12641411278301196,0.6006872634197398,0.0,-0.0036458333333333334,0.0,0.0,2.49999999975,1.3797284340437048,0.4353663000618513,stiff,class-errors,0.5
adaptive n0=0.5,30032,0.950715153484056,0.8532249320926564,0.09504547368173892,0.12187581517517904,0.5670955769316165,0.0,-0.0005208333333333333,0.0,0.0,2.4999999997500004,1.416163136962104,0.4004450914801575,stiff,class-errors,0.5
adaptive n0=0.5,30033,0.992823874583305,0.8918351462249505,0.09923681454166383,0.12700994953516057,0.5956735854279023,0.0,-0.0009114583333333333,0.0,0.0,2.4999999997499995,1.3682934507221534,0.4353405222494631,stiff,class-errors,0.5
adaptive n0=0.5,30034,0.9478753301401498,0.8510696811591921,0.09478753301401498,0.11028884291679812,0.503198319717238,0.0,0.0,0.0,0.0,2.49999999975,1.372240091088433,0.36669845385300714,stiff,class-errors,0.5
adaptive n0=0.5,30035,0.9758698467678957,0.876211240557804,0.09758698467678957,0.13172791385738591,0.6054013012762475,0.0,0.0,0.0,0.0,2.49999999975,1.3886555702688204,0.43596217394573367,stiff,class-errors,0.5
adaptive n0=0.5,30036,0.966210088188007,0.8673581209414875,0.0962108525688007,0.12471637292661478,0.598573317882544,0.0,-0.008203125,0.0,0.0,2.4999999997500004,1.3805097230736771,0.43358862880721516,stiff,class-errors,0.5
adaptive n0=0.5,30037,0.9057006466677693,0.8115682005980402,0.0904203250834436,0.11753776772397265,0.5528878776265191,0.0,-0.002994791666666667,0.0,0.0,2.49999999975,1.3842462070241874,0.3994144067875769,stiff,class-errors,0.5
adaptive n0=0.5,30038,0.951674437411629,0.8550239463464084,0.0951674437411629,0.12124463429823434,0.5437880240108325,0.0,0.0,0.0,0.0,2.49999999975,1.416526177609707,0.3838884396251952,stiff,class-errors,0.5
adaptive n0=0.5,30039,0.9657941118962275,0.8676604075237977,0.09611717160628942,0.12408762934373067,0.6016425756239987,0.0,-0.009244791666666667,0.0,0.0,2.49999999975,1.3933415504240603,0.4317983450941301,stiff,class-errors,0.5
adaptive n0=0.5,30040,0.9749446067918834,0.8762081476757215,0.09665461692918834,0.12141761635277018,0.5930484019383666,0.0,-0.016796875,0.0,0.0,2.49999999975,1.436922008378902,0.4127213575129442,stiff,class-errors,0.5
adaptive n0=0.5,30041,0.9788669355739218,0.8795474085013972,0.09788669355739218,0.12382297629696448,0.5711478655289584,0.0,0.0,0.0,0.0,2.49999999975,1.3849160152992592,0.4124061381480537,stiff,class-errors,0.5
adaptive n0=0.5,30042,0.9863191694883866,0.8843565866909913,0.09619702111550534,0.11949049196771258,0.6104943597396759,0.0,-0.04869791666666667,0.0,0.0,2.49999999975,1.3730798541913414,0.44461679186111075,stiff,class-errors,0.5
adaptive n0=0.5,30043,0.9822045011803533,0.8809376659293575,0.09790143970136866,0.12191879415049484,0.5834222761737728,0.0,-0.006380208333333333,0.0,0.0,2.49999999975,1.3824339172405045,0.4220254356449458,stiff,class-errors,0.5
adaptive n0=0.5,30044,0.9587851112131403,0.8613796037089428,0.09587851112131403,0.11890740887967306,0.5220380274888348,0.0,0.0,0.0,0.0,2.49999999975,1.3867117954518529,0.3764574796298833,stiff,class-errors,0.5
adaptive n0=0.5,30045,0.9506312740001557,0.8524179118220783,0.09506312740001557,0.12077749946143672,0.5401635474255714,0.0,0.0,0.0,0.0,2.49999999975,1.3706717063238676,0.3940867422398952,stiff,class-errors,0.5
adaptive n0=0.5,30046,0.9594195704763071,0.861756340616013,0.09555133204763071,0.12302559404194337,0.5863262161645844,0.0,-0.0078125,0.0,0.0,2.49999999975,1.3709935229493,0.4276651977926718,stiff,class-errors,0.5
adaptive n0=0.5,30047,0.9562205171297803,0.856985872049273,0.0955504371296447,0.12625398503485089,0.5907544118562328,0.0,-0.0014322916666666666,0.0,0.0,2.49999999975,1.372865965513816,0.4303074201676592,stiff,class-errors,0.5
adaptive n0=0.5,30048,0.9927114835561095,0.8922243955698983,0.09923208585561095,0.12452422204983092,0.5818111028080989,0.0,-0.00078125,0.0,0.0,2.49999999975,1.4052287305489748,0.41403302548532805,stiff,class-errors,0.5
adaptive n0=0.5,30049,0.9688113167355207,0.8721576255276617,0.09674441292355207,0.1246721253901827,0.5895742208894708,0.0,-0.002734375,0.0,0.0,2.49999999975,1.4196835599172546,0.41528565768827647,stiff,class-errors,0.5
adaptive n0=1.0,30000,0.98459121227197,0.8849770795789066,0.09845261081053033,0.1276961988039179,0.5897000128342884,0.0,-0.00013020833333333333,0.0,0.0,2.49999999975,1.4293127809414439,0.4125759040969824,stiff,class-errors,1.0
adaptive n0=1.0,30001,0.9682700297770693,0.8707587158621761,0.09678143006104026,0.11777882831634094,0.5505670411297388,0.0,-0.0009114583333333333,0.0,0.0,2.49999999975,1.448009091071075,0.380223469952451,stiff,class-errors,1.0
adaptive n0=1.0,30002,0.9664948896484027,0.8671997937816076,0.0965062597981736,0.1204911020287024,0.5679497109939539,0.0,-0.002864583333333333,0.0,0.0,2.49999999975,1.3593737001911461,0.4178024857433188,stiff,class-errors,1.0
adaptive n0=1.0,30003,0.9527619118695447,0.8554964934244779,0.09527619118695448,0.1258165300553527,0.5768138466464183,0.0,0.0,0.0,0.0,2.49999999975,1.379417016075591,0.41815769990096263,stiff,class-errors,1.0
adaptive n0=1.0,30004,0.9494334310600984,0.8520180427707169,0.0949303222726765,0.1226381960628691,0.5644774677588825,0.0,-0.00026041666666666666,0.0,0.0,2.49999999975,1.4175666455860145,0.3982017138429005,stiff,class-errors,1.0
adaptive n0=1.0,30005,0.9379162889522434,0.8405636145676264,0.09379162889522434,0.12718053312483174,0.5587969746378862,0.0,0.0,0.0,0.0,2.49999999975,1.3881345385401824,0.40255246096357444,stiff,class-errors,1.0
adaptive n0=1.0,30006,0.9187815373029501,0.8242149053694192,0.091565653730295,0.10396487838399562,0.4962342140997789,0.0,-0.00625,0.0,0.0,2.4999999997500004,1.3775520984030294,0.36022899945131226,stiff,class-errors,1.0
adaptive n0=1.0,30007,0.9210922237571291,0.823828651248445,0.0917381286257129,0.12091047988103691,0.5813435727683809,0.0,-0.007421875,0.0,0.0,2.49999999975,1.3364468786590775,0.4349919043184652,stiff,class-errors,1.0
adaptive n0=1.0,30008,0.9480779329321565,0.8502715077317846,0.09458643912654899,0.12397491387472036,0.5863974619539831,0.0,-0.004427083333333333,0.0,0.0,2.49999999975,1.4222995313090228,0.41228830428868124,stiff,class-errors,1.0
adaptive n0=1.0,30009,0.986307518765639,0.8875117844546327,0.09863075187656391,0.12534537781593927,0.5651550223567156,0.0,0.0,0.0,0.0,2.49999999975,1.4236440649363504,0.3969777532714843,stiff,class-errors,1.0
adaptive n0=1.0,30010,0.9193980116419298,0.8228811289331363,0.09193980116419298,0.12499829994398926,0.5721846359369666,0.0,0.0,0.0,0.0,2.49999999975,1.3271797405785781,0.4311282175596843,stiff,class-errors,1.0
adaptive n0=1.0,30011,0.9684327793945893,0.8693226591333851,0.09684327793945893,0.12309368967526754,0.546276978398304,0.0,0.0,0.0,0.0,2.49999999975,1.3231984797040517,0.4128458328643826,stiff,class-errors,1.0
adaptive n0=1.0,30012,0.9358443948511017,0.8416168517327739,0.0935779290684435,0.11112958593611875,0.5124550363705958,0.0,-0.00013020833333333333,0.0,0.0,2.49999999975,1.4111481575185105,0.36314757854465307,stiff,class-errors,1.0
adaptive n0=1.0,30013,0.9767341269203331,0.8774937055804214,0.09747810019203332,0.1189662141273024,0.5596668225392732,0.0,-0.00390625,0.0,0.0,2.49999999975,1.3997173305263386,0.39984274705580775,stiff,class-errors,1.0
adaptive n0=1.0,30014,0.9343897630161133,0.8350852889585159,0.09343897630161133,0.12330681207716106,0.5642930199475309,0.0,0.0,0.0,0.0,2.49999999975,1.3525946049550552,0.41719301398979153,stiff,class-errors,1.0
adaptive n0=1.0,30015,0.9341907583801949,0.8359047686478688,0.09321074250468617,0.12600936724675255,0.59666238878081,0.0,-0.004166666666666667,0.0,0.0,2.49999999975,1.36531973814756,0.43701293705044525,stiff,class-errors,1.0
adaptive n0=1.0,30016,1.0030654463572803,0.9015112383024808,0.10024144046906139,0.12389480517945242,0.5799199749872241,0.0,-0.0013020833333333333,0.0,0.0,2.49999999975,1.390296408592655,0.4171196670027044,stiff,class-errors,1.0
adaptive n0=1.0,30017,0.9658389700037213,0.8664498142367395,0.09568545950037215,0.12231530115015328,0.5957205362876457,0.0,-0.01796875,0.0,0.0,2.49999999975,1.4006037371758429,0.42533124857202503,stiff,class-errors,1.0
adaptive n0=1.0,30018,0.9873317334795948,0.8881000641242737,0.09873317334795947,0.11372748409295756,0.5184700441716259,0.0,0.0,0.0,0.0,2.49999999975,1.4184562931210678,0.36551710947033994,stiff,class-errors,1.0
adaptive n0=1.0,30019,0.9698164972163534,0.8716315031351719,0.09698164972163534,0.11822550054230407,0.5224075969989481,0.0,0.0,0.0,0.0,2.49999999975,1.3507260686649718,0.38676057945286,stiff,class-errors,1.0
adaptive n0=1.0,30020,0.9970386919055174,0.8978120296145631,0.09952157752388507,0.11407015707230016,0.5412338107460882,0.0,-0.0036458333333333334,0.0,0.0,2.49999999975,1.4345420300847407,0.3772868270120442,stiff,class-errors,1.0
adaptive n0=1.0,30021,0.9478138871522785,0.8501206881435786,0.09478138871522786,0.12176341400929268,0.5564465821017411,0.0,0.0,0.0,0.0,2.49999999975,1.3089713744013043,0.4251021779267312,stiff,class-errors,1.0
adaptive n0=1.0,30022,0.9434849409289994,0.8454251325382648,0.09402948367623327,0.12956375718270524,0.6231252738636868,0.0,-0.006380208333333333,0.0,0.0,2.49999999975,1.3703907273905165,0.45470628296663634,stiff,class-errors,1.0
adaptive n0=1.0,30023,0.9412142394319974,0.846394538287237,0.09412142394319975,0.12090443596842983,0.553833416197393,0.0,0.0,0.0,0.0,2.4999999997499995,1.4159458519391381,0.3911402511889265,stiff,class-errors,1.0
adaptive n0=1.0,30024,0.9602261312615944,0.8630044169146264,0.09602261312615944,0.12433772258773657,0.5688431443796244,0.0,0.0,0.0,0.0,2.49999999975,1.428726479447719,0.3981469879381765,stiff,class-errors,1.0
adaptive n0=1.0,30025,0.9489676814750596,0.85320415881434,0.09474051814750598,0.12157609258876695,0.5751821700777892,0.0,-0.003125,0.0,0.0,2.49999999975,1.3880919292650395,0.4143689318778288,stiff,class-errors,1.0
adaptive n0=1.0,30026,0.9905981047709758,0.8906873288388942,0.09900121672709758,0.12219982875927017,0.5698988169075837,0.0,-0.001171875,0.0,0.0,2.49999999975,1.3852291212247585,0.41141123022572923,stiff,class-errors,1.0
adaptive n0=1.0,30027,0.9603674412496209,0.8620762360005471,0.0958219003749621,0.12415965896035099,0.588752467630914,0.0,-0.004296875,0.0,0.0,2.49999999975,1.3802322641028981,0.4265604296778138,stiff,class-errors,1.0
adaptive n0=1.0,30028,0.9378703246771054,0.8407390302696091,0.09312948038437721,0.1296418890162357,0.6311019914612062,0.0,-0.013151041666666667,0.0,0.0,2.49999999975,1.382132906867562,0.45661454721566747,stiff,class-errors,1.0
adaptive n0=1.0,30029,0.9607413921245205,0.8637991582819715,0.09597648296245205,0.11667281071407949,0.5491708032881525,0.0,-0.001953125,0.0,0.0,2.49999999975,1.3625155602638448,0.4030565369703434,stiff,class-errors,1.0
adaptive n0=1.0,30030,0.9636203545221121,0.8651445388457253,0.09636203545221121,0.12310295432275231,0.555721812004188,0.0,0.0,0.0,0.0,2.4999999997500004,1.3355667020217479,0.4160943898668259,stiff,class-errors,1.0
adaptive n0=1.0,30031,0.9685587944794228,0.8693482764055274,0.09667358778127562,0.12641411278301196,0.6006872634197398,0.0,-0.0036458333333333334,0.0,0.0,2.49999999975,1.3797833936786321,0.43534895851895355,stiff,class-errors,1.0
adaptive n0=1.0,30032,0.9507010320598783,0.8532122461050875,0.09504406153932117,0.12187581517517904,0.5670955769316165,0.0,-0.0005208333333333333,0.0,0.0,2.49999999975,1.4161065642686324,0.4004610890455838,stiff,class-errors,1.0
adaptive n0=1.0,30033,0.9928629069414904,0.8918704731572755,0.09924071777748238,0.1270152182513717,0.5956982955792532,0.0,-0.0009114583333333333,0.0,0.0,2.49999999975,1.368787930657942,0.4352013063798101,stiff,class-errors,1.0
adaptive n0=1.0,30034,0.9478444288153554,0.8510411373559548,0.09478444288153554,0.11028880048264947,0.5031981261093288,0.0,0.0,0.0,0.0,2.49999999975,1.3722317849444963,0.3667005323956128,stiff,class-errors,1.0
adaptive n0=1.0,30035,0.9759093377099879,0.8762490022089107,0.09759093377099878,0.13172791385738591,0.6054013012762475,0.0,0.0,0.0,0.0,2.49999999975,1.3887293020868787,0.4359390274018814,stiff,class-errors,1.0
adaptive n0=1.0,30036,0.9662091319648181,0.8673577629600763,0.0962107569464818,0.12471637292661478,0.598573317882544,0.0,-0.008203125,0.0,0.0,2.49999999975,1.3805487413255808,0.4335763743537251,stiff,class-errors,1.0
adaptive n0=1.0,30037,0.9057175115243024,0.8115824865874011,0.0904220115690969,0.11753776772397265,0.5528878776265191,0.0,-0.002994791666666667,0.0,0.0,2.49999999975,1.385453026235292,0.3990664910010612,stiff,class-errors,1.0
adaptive n0=1.0,30038,0.951672927240022,0.8550230177857044,0.09516729272400219,0.12124463429823434,0.5437880240108325,0.0,0.0,0.0,0.0,2.4999999997500004,1.4164949121205337,0.38389691297709366,stiff,class-errors,1.0
adaptive n0=1.0,30039,0.9658180932347494,0.8676814209218664,0.0961195697401416,0.12408762934373067,0.6016425756239987,0.0,-0.009244791666666667,0.0,0.0,2.49999999975,1.393569956759117,0.4317275732774673,stiff,class-errors,1.0
adaptive n0=1.0,30040,0.9749521523943343,0.8762155248588153,0.09665537148943343,0.12141761635277018,0.5930484019383666,0.0,-0.016796875,0.0,0.0,2.49999999975,1.436908549794664,0.412725223204437,stiff,class-errors,1.0
adaptive n0=1.0,30041,0.9788903534305019,0.8795696533253992,0.09788903534305018,0.12382297629696448,0.5711478655289584,0.0,0.0,0.0,0.0,2.49999999975,1.3849735384254,0.4123890093801403,stiff,class-errors,1.0
adaptive n0=1.0,30042,0.9863218358111124,0.8843595348378448,0.09619728774777792,0.11949049196771258,0.6104943597396759,0.0,-0.04869791666666667,0.0,0.0,2.49999999975,1.3730773647896197,0.44461759795538885,stiff,class-errors,1.0
adaptive n0=1.0,30043,0.9822753646553906,0.8810034704518261,0.09790852604887239,0.12191879415049484,0.5834222761737728,0.0,-0.006380208333333333,0.0,0.0,2.49999999975,1.3827544428544098,0.42192760919243083,stiff,class-errors,1.0
adaptive n0=1.0,30044,0.9588156597039489,0.8614086953942239,0.09588156597039489,0.11890740887967306,0.5220380274888348,0.0,0.0,0.0,0.0,2.49999999975,1.3867961643608036,0.3764345769801364,stiff,class-errors,1.0
adaptive n0=1.0,30045,0.9507000625949946,0.8524839122848608,0.09507000625949946,0.12077749946143672,0.5401635474255714,0.0,0.0,0.0,0.0,2.49999999975,1.320741927129849,0.40898493212782294,stiff,class-errors,1.0
adaptive n0=1.0,30046,0.9594300593325847,0.8617666983260023,0.09555238093325848,0.12302559404194337,0.5863262161645844,0.0,-0.0078125,0.0,0.0,2.49999999975,1.3709734196862307,0.4276714688595309,stiff,class-errors,1.0
adaptive n0=1.0,30047,0.9562402703267057,0.857005360698403,0.09555241244933724,0.12625398503485089,0.5907544118562328,0.0,-0.0014322916666666666,0.0,0.0,2.49999999975,1.372863941032894,0.4303080547164566,stiff,class-errors,1.0
adaptive n0=1.0,30048,0.9927965668433698,0.8923058647582468,0.09924059418433698,0.12452422204983092,0.5818111028080989,0.0,-0.00078125,0.0,0.0,2.49999999975,1.4052683247134372,0.4140213598899285,stiff,class-errors,1.0
adaptive n0=1.0,30049,0.9688101386378752,0.8721564126575463,0.09674429511378753,0.1246721253901827,0.5895742208894708,0.0,-0.002734375,0.0,0.0,2.49999999975,1.4197525902306776,0.41526546593141156,stiff,class-errors,1.0
adaptive n0=0.02,30000,1.0068476883682007,0.9064303118474846,0.1006782584201534,0.1276961988039179,0.5897000128342884,0.0,-0.00013020833333333333,0.0,0.0,2.49999999975,1.507267805978925,0.3912377153516498,stiff,dispersion,0.02
adaptive n0=0.02,30001,0.9995510572555764,0.9010710177551582,0.09990953280889096,0.11820559369645911,0.5525619918008151,0.0,-0.0009114583333333333,0.0,0.0,2.49999999975,1.545072812721275,0.3576284478319244,stiff,dispersion,0.02
adaptive n0=0.02,30002,0.9900076401233594,0.8897401817102539,0.09885753484566927,0.1204911020287024,0.5679497109939539,0.0,-0.002864583333333333,0.0,0.0,2.49999999975,1.4641507486240872,0.3879038490590369,stiff,dispersion,0.02
adaptive n0=0.02,30003,0.994654535580139,0.8955753964548069,0.09946545355801391,0.1258165300553527,0.5768138466464183,0.0,0.0,0.0,0.0,2.49999999975,1.4675558388570016,0.39304388383318134,stiff,dispersion,0.02
adaptive n0=0.02,30004,0.9721597053421321,0.8738768119179422,0.09720294970087988,0.1226381960628691,0.5644774677588825,0.0,-0.00026041666666666666,0.0,0.0,2.49999999975,1.4951677782871355,0.377534532215206,stiff,dispersion,0.02
adaptive n0=0.02,30005,0.9963372171013245,0.8965359214917231,0.09963372171013245,0.12718053312483174,0.5587969746378862,0.0,0.0,0.0,0.0,2.49999999975,1.4106890868192186,0.39611632347553327,stiff,dispersion,0.02
adaptive n0=0.02,30006,0.9489700565236798,0.8532378620559644,0.09458450565236798,0.10396487838399562,0.4962342140997789,0.0,-0.00625,0.0,0.0,2.49999999975,1.4925540943357336,0.33247318538269105,stiff,dispersion,0.02
adaptive n0=0.02,30007,0.9728084844342716,0.8730412176558174,0.09690975469342716,0.12099983762161624,0.5817732092086135,0.0,-0.007421875,0.0,0.0,2.49999999975,1.378444575651451,0.4220504904476615,stiff,dispersion,0.02
adaptive n0=0.02,30008,0.9576813700460887,0.8596478416828389,0.0955467828379422,0.12397491387472036,0.5863974619539831,0.0,-0.004427083333333333,0.0,0.0,2.49999999975,1.473358183925645,0.3980006140744228,stiff,dispersion,0.02
adaptive n0=0.02,30009,0.9832461685167863,0.8845561751257895,0.09832461685167862,0.12534537781593927,0.5651550223567156,0.0,0.0,0.0,0.0,2.49999999975,1.48630696208516,0.38024111894345963,stiff,dispersion,0.02
adaptive n0=0.02,30010,0.9660571449094233,0.8677228416382455,0.09660571449094232,0.12499829994398926,0.5721846359369666,0.0,0.0,0.0,0.0,2.49999999975,1.450659004728568,0.3944308304514525,stiff,dispersion,0.02
adaptive n0=0.02,30011,1.0203789626124136,0.9189898393254323,0.10203789626124135,0.12309368967526754,0.546276978398304,0.0,0.0,0.0,0.0,2.49999999975,1.4911648444572685,0.36634244726788046,stiff,dispersion,0.02
adaptive n0=0.02,30012,0.9454630649486381,0.8510540445684354,0.09453979607819714,0.11140139011159825,0.5137084147347614,0.0,-0.00013020833333333333,0.0,0.0,2.49999999975,1.4771919115581746,0.34776010531555807,stiff,dispersion,0.02
adaptive n0=0.02,30013,0.9917704405530404,0.8919281364361605,0.09898173155530406,0.1189662141273024,0.5596668225392732,0.0,-0.00390625,0.0,0.0,2.49999999975,1.5161457355394017,0.3691378799678249,stiff,dispersion,0.02
adaptive n0=0.02,30014,0.9494404433253282,0.8501593195666486,0.09494404433253281,0.12330681207716106,0.5642930199475309,0.0,0.0,0.0,0.0,2.49999999975,1.5234878819003557,0.3703954764928276,stiff,dispersion,0.02
adaptive n0=0.02,30015,0.9639246153603882,0.8645281266447726,0.0961841282027055,0.12600936724675255,0.59666238878081,0.0,-0.004166666666666667,0.0,0.0,2.49999999975,1.497524048230593,0.39843259244203755,stiff,dispersion,0.02
adaptive n0=0.02,30016,1.0286672299604769,0.9257251868288016,0.10280161882938102,0.12518555355773683,0.5859616388500899,0.0,-0.0013020833333333333,0.0,0.0,2.49999999975,1.5205776839380092,0.3853546221542328,stiff,dispersion,0.02
adaptive n0=0.02,30017,0.9525116725176099,0.8537424413901337,0.094352729751761,0.12231530115015328,0.5957205362876457,0.0,-0.01796875,0.0,0.0,2.49999999975,1.4724908403082888,0.40456654804244646,stiff,dispersion,0.02
adaptive n0=0.02,30018,0.9901213951256085,0.8906749458499955,0.09901213951256085,0.11372748409295756,0.5184700441716259,0.0,0.0,0.0,0.0,2.49999999975,1.496362607904191,0.34648690192666354,stiff,dispersion,0.02
adaptive n0=0.02,30019,0.969476340397732,0.8709726369559195,0.0969476340397732,0.11914696211539365,0.5264792949314288,0.0,0.0,0.0,0.0,2.49999999975,1.481304541260742,0.3554159730607056,stiff,dispersion,0.02
adaptive n0=0.02,30020,1.009579935592434,0.9101551181692061,0.1007822123092434,0.11449030657284759,0.5432273130003213,0.0,-0.003515625,0.0,0.0,2.49999999975,1.5251967011944134,0.35616869127431805,stiff,dispersion,0.02
adaptive n0=0.02,30021,0.9725536537914512,0.8736971700561609,0.09725536537914511,0.12236831568695096,0.5592109220619763,0.0,0.0,0.0,0.0,2.4999999997499995,1.478959073345817,0.3781111540814213,stiff,dispersion,0.02
adaptive n0=0.02,30022,0.9662798595176147,0.8672073347515803,0.09630897553509479,0.12956375718270524,0.6231252738636868,0.0,-0.006380208333333333,0.0,0.0,2.49999999975,1.4892112614712323,0.4184263777646191,stiff,dispersion,0.02
adaptive n0=0.02,30023,0.9685147938281577,0.8727056135817505,0.09685147938281577,0.12099029017212157,0.5542266931400017,0.0,0.0,0.0,0.0,2.49999999975,1.5055101750110178,0.36813214705503117,stiff,dispersion,0.02
adaptive n0=0.02,30024,0.9752856478175767,0.8772351413839904,0.09752856478175767,0.12440416398715887,0.5691471127472105,0.0,0.0,0.0,0.0,2.49999999975,1.4983163071917098,0.3798577843779605,stiff,dispersion,0.02
adaptive n0=0.02,30025,0.9407293514879215,0.8451770968547856,0.09391668514879215,0.12228985935135021,0.578559033955301,0.0,-0.003125,0.0,0.0,2.49999999975,1.4803307677657491,0.3908309187064424,stiff,dispersion,0.02
adaptive n0=0.02,30026,1.0061914350284984,0.9056553117771828,0.10056054975284985,0.12219982875927017,0.5698988169075837,0.0,-0.001171875,0.0,0.0,2.49999999975,1.5000286374642324,0.37992529120709717,stiff,dispersion,0.02
adaptive n0=0.02,30027,0.9852282269186262,0.8859499420161029,0.09830797894186263,0.12472084618716771,0.5914135603510285,0.0,-0.004296875,0.0,0.0,2.49999999975,1.4891396497815605,0.39715117412781403,stiff,dispersion,0.02
adaptive n0=0.02,30028,0.9393077663825239,0.8419361749909713,0.09327322455491904,0.1296418890162357,0.6311019914612062,0.0,-0.013151041666666667,0.0,0.0,2.49999999975,1.4906979638577287,0.4233600680771025,stiff,dispersion,0.02
adaptive n0=0.02,30029,0.9895253174435965,0.8915375242956587,0.09885487549435965,0.11667281071407949,0.5491708032881525,0.0,-0.001953125,0.0,0.0,2.49999999975,1.4935762252235927,0.367688500937366,stiff,dispersion,0.02
adaptive n0=0.02,30030,0.9310224353843646,0.8338774447040411,0.09310224353843646,0.12310295432275231,0.555721812004188,0.0,0.0,0.0,0.0,2.49999999975,1.4438983509738108,0.384875993264617,stiff,dispersion,0.02
adaptive n0=0.02,30031,0.9825423839944083,0.8824642201388853,0.09807194673277417,0.12641411278301196,0.6006872634197398,0.0,-0.0036458333333333334,0.0,0.0,2.49999999975,1.506491429284675,0.39873261257447923,stiff,dispersion,0.02
adaptive n0=0.02,30032,0.9839880825927433,0.8851131039796354,0.09837276659260766,0.12187581517517904,0.5670955769316165,0.0,-0.0005208333333333333,0.0,0.0,2.49999999975,1.5708518667178548,0.3610114925199845,stiff,dispersion,0.02
adaptive n0=0.02,30033,0.9970317748136782,0.8958084806641018,0.09965760456470116,0.12743816397242352,0.5976819007615432,0.0,-0.0009114583333333333,0.0,0.0,2.49999999975,1.4240068762597107,0.4197184091774974,stiff,dispersion,0.02
adaptive n0=0.02,30034,0.9757988001367583,0.8777636220325941,0.09757988001367583,0.11088740081443413,0.5059292698331183,0.0,0.0,0.0,0.0,2.4999999997500004,1.4894029945111473,0.33968594913371625,stiff,dispersion,0.02
adaptive n0=0.02,30035,0.9747354549971279,0.8751805026944938,0.0974735454997128,0.13172791385738591,0.6054013012762475,0.0,0.0,0.0,0.0,2.49999999975,1.4338895479515468,0.42220915979276313,stiff,dispersion,0.02
adaptive n0=0.02,30036,0.9780683915246249,0.8787418772333185,0.09739668290246248,0.12471637292661478,0.598573317882544,0.0,-0.008203125,0.0,0.0,2.49999999975,1.4700517984028219,0.4071783855051097,stiff,dispersion,0.02
adaptive n0=0.02,30037,0.9465163728037909,0.8506792569265178,0.09450189769704576,0.11753776772397265,0.5528878776265191,0.0,-0.002994791666666667,0.0,0.0,2.49999999975,1.4147152168923447,0.39081213732968006,stiff,dispersion,0.02
adaptive n0=0.02,30038,0.9730592520454946,0.8756830774241889,0.09730592520454946,0.12124463429823434,0.5437880240108325,0.0,0.0,0.0,0.0,2.49999999975,1.5130381888586932,0.35940138723201676,stiff,dispersion,0.02
adaptive n0=0.02,30039,0.9949783719168653,0.8953626765779847,0.0990355976083532,0.12408762934373067,0.6016425756239987,0.0,-0.009244791666666667,0.0,0.0,2.49999999975,1.5430171480407937,0.38991308449677237,stiff,dispersion,0.02
adaptive n0=0.02,30040,0.9945724371702447,0.8952133481088187,0.09861739996702447,0.12141761635277018,0.5930484019383666,0.0,-0.016796875,0.0,0.0,2.49999999975,1.5157914058677067,0.391246710888217,stiff,dispersion,0.02
adaptive n0=0.02,30041,0.9841018590174935,0.8843339857639919,0.09841018590174935,0.12382297629696448,0.5711478655289584,0.0,0.0,0.0,0.0,2.49999999975,1.5257694979804,0.3743343055979058,stiff,dispersion,0.02
adaptive n0=0.02,30042,1.014477500838157,0.9111502604446471,0.09903238550048238,0.11949049196771258,0.6104943597396759,0.0,-0.04830729166666667,0.0,0.0,2.49999999975,1.5430729427846162,0.39563545106168674,stiff,dispersion,0.02
adaptive n0=0.02,30043,1.0011177632823463,0.8989588045105472,0.09979276591156797,0.12191879415049484,0.5834222761737728,0.0,-0.006380208333333333,0.0,0.0,2.49999999975,1.4763032718477032,0.3951913453687443,stiff,dispersion,0.02
adaptive n0=0.02,30044,0.9654371034364175,0.8677672369278688,0.09654371034364176,0.11890740887967306,0.5220380274888348,0.0,0.0,0.0,0.0,2.49999999975,1.4535820009551301,0.35913902837666556,stiff,dispersion,0.02
adaptive n0=0.02,30045,0.9961821509186976,0.8962847694229127,0.09961821509186976,0.12077749946143672,0.5401635474255714,0.0,0.0,0.0,0.0,2.49999999975,1.520417128096938,0.35527325853114955,stiff,dispersion,0.02
adaptive n0=0.02,30046,0.9840605898883761,0.885489651110015,0.09801543398883761,0.12302559404194337,0.5863262161645844,0.0,-0.0078125,0.0,0.0,2.49999999975,1.502552268994416,0.3902201795329114,stiff,dispersion,0.02
adaptive n0=0.02,30047,0.9917527482946731,0.8912297847653375,0.09910366024613397,0.12625398503485089,0.5907544118562328,0.0,-0.0014322916666666666,0.0,0.0,2.4999999997500004,1.5027972226190824,0.3931032097774729,stiff,dispersion,0.02
adaptive n0=0.02,30048,1.0075496714333019,0.9064579001561407,0.10071590464333018,0.12452422204983092,0.5818111028080989,0.0,-0.00078125,0.0,0.0,2.49999999975,1.4742716067033568,0.39464309029806005,stiff,dispersion,0.02
adaptive n0=0.02,30049,0.9759154070180159,0.8788085947962744,0.09745482195180159,0.1246721253901827,0.5895742208894708,0.0,-0.002734375,0.0,0.0,2.4999999997500004,1.48455797761381,0.3971378887048367,stiff,dispersion,0.02
adaptive n0=0.05,30000,1.006844978546221,0.9064278573369334,0.10067798743795542,0.1276961988039179,0.5897000128342884,0.0,-0.00013020833333333333,0.0,0.0,2.49999999975,1.5072024729081783,0.39125467442768325,stiff,dispersion,0.05
adaptive n0=0.05,30001,0.9995876291360705,0.9011075119166119,0.09991318999694038,0.11820231011648723,0.5525466424300048,0.0,-0.0009114583333333333,0.0,0.0,2.49999999975,1.5443259937259448,0.3577914537959007,stiff,dispersion,0.05
adaptive n0=0.05,30002,0.9900120048297022,0.8897442891344216,0.09885797131630356,0.1204911020287024,0.5679497109939539,0.0,-0.002864583333333333,0.0,0.0,2.49999999975,1.4641466269433285,0.38790494103698603,stiff,dispersion,0.05
adaptive n0=0.05,30003,0.9946718301630848,0.8955915298343852,0.09946718301630848,0.1258165300553527,0.5768138466464183,0.0,0.0,0.0,0.0,2.49999999975,1.4674260232134582,0.3930786544069026,stiff,dispersion,0.05
adaptive n0=0.05,30004,0.9721519537587924,0.8738696749411452,0.0972021745425459,0.1226381960628691,0.5644774677588825,0.0,-0.00026041666666666666,0.0,0.0,2.4999999997500004,1.4951174435273924,0.3775472423270812,stiff,dispersion,0.05
adaptive n0=0.05,30005,0.9977265563611202,0.8977474765411577,0.09977265563611201,0.12718053312483174,0.5587969746378862,0.0,0.0,0.0,0.0,2.49999999975,1.5267972811976183,0.36599290653672534,stiff,dispersion,0.05
adaptive n0=0.05,30006,0.9489658152297868,0.8532339710850745,0.09458408152297867,0.10396487838399562,0.4962342140997789,0.0,-0.00625,0.0,0.0,2.49999999975,1.4925616677373401,0.3324714983817378,stiff,dispersion,0.05
adaptive n0=0.05,30007,0.9726601672698445,0.8729024938142412,0.09689492297698446,0.12099922236056647,0.5817702510030285,0.0,-0.007421875,0.0,0.0,2.49999999975,1.3781554059951486,0.42213690014366667,stiff,dispersion,0.05
adaptive n0=0.05,30008,0.9576905557515888,0.8596562359394957,0.09554770140849221,0.12397491387472036,0.5863974619539831,0.0,-0.004427083333333333,0.0,0.0,2.49999999975,1.473382185832251,0.39799413050643895,stiff,dispersion,0.05
adaptive n0=0.05,30009,0.9832459022216394,0.8845559310226622,0.09832459022216394,0.12534537781593927,0.5651550223567156,0.0,0.0,0.0,0.0,2.49999999975,1.4864345231770595,0.3802084878577568,stiff,dispersion,0.05
adaptive n0=0.05,30010,0.9660525638467251,0.8677185306923745,0.09660525638467252,0.12499829994398926,0.5721846359369666,0.0,0.0,0.0,0.0,2.4999999997499995,1.4506308105341015,0.3944384965367559,stiff,dispersion,0.05
adaptive n0=0.05,30011,1.0203739495679947,0.9189850809807785,0.10203739495679946,0.12309368967526754,0.546276978398304,0.0,0.0,0.0,0.0,2.49999999975,1.4911450682093732,0.3663473058689691,stiff,dispersion,0.05
adaptive n0=0.05,30012,0.945467872329094,0.8510584570197671,0.09454027681624275,0.11140145305795111,0.5137087050010778,0.0,-0.00013020833333333333,0.0,0.0,2.49999999975,1.4772072064426158,0.34775670113211943,stiff,dispersion,0.05
adaptive n0=0.05,30013,0.9917717007590795,0.8919292888011338,0.09898185757590797,0.1189662141273024,0.5596668225392732,0.0,-0.00390625,0.0,0.0,2.49999999975,1.5163083980510916,0.369098280573142,stiff,dispersion,0.05
adaptive n0=0.05,30014,0.9825029584926397,0.8811217111623144,0.09825029584926397,0.12330681207716106,0.5642930199475309,0.0,0.0,0.0,0.0,2.49999999975,1.4833463477696913,0.3804189229278668,stiff,dispersion,0.05
adaptive n0=0.05,30015,0.9639351874647033,0.864537845706173,0.09618518541313699,0.12600936724675255,0.59666238878081,0.0,-0.004166666666666667,0.0,0.0,2.4999999997500004,1.4975467793989685,0.39842654465877647,stiff,dispersion,0.05
adaptive n0=0.05,30016,1.028668845485383,0.9257264939898915,0.10280178038187163,0.12518757320909435,0.5859710923228408,0.0,-0.0013020833333333333,0.0,0.0,2.49999999975,1.5207815368028,0.3853091835627827,stiff,dispersion,0.05
adaptive n0=0.05,30017,0.952720032280135,0.8539401376913306,0.0943735657280135,0.12231530115015328,0.5957205362876457,0.0,-0.01796875,0.0,0.0,2.49999999975,1.472501314267832,0.40456367034473867,stiff,dispersion,0.05
adaptive n0=0.05,30018,0.9901250336058347,0.8906782734235987,0.09901250336058347,0.11372748409295756,0.5184700441716259,0.0,0.0,0.0,0.0,2.49999999975,1.4963361582469694,0.3464930265262311,stiff,dispersion,0.05
adaptive n0=0.05,30019,0.9693323155657483,0.8708364337017288,0.09693323155657482,0.11914519982456075,0.5264715078286886,0.0,0.0,0.0,0.0,2.49999999975,1.481054810559042,0.35547064435107945,stiff,dispersion,0.05
adaptive n0=0.05,30020,1.0095791486199803,0.9101544027201631,0.10078213361199802,0.11449047586888057,0.5432281162668323,0.0,-0.003515625,0.0,0.0,2.4999999997500004,1.5252999620905388,0.3561451057287756,stiff,dispersion,0.05
adaptive n0=0.05,30021,0.9725187745031055,0.8736645140517791,0.09725187745031055,0.12236766289306135,0.5592079388594139,0.0,0.0,0.0,0.0,2.49999999975,1.4787756271176276,0.3781560424750849,stiff,dispersion,0.05
adaptive n0=0.05,30022,0.9661899286423326,0.867123439799754,0.09629998244756659,0.12956375718270524,0.6231252738636868,0.0,-0.006380208333333333,0.0,0.0,2.49999999975,1.4892254302926573,0.4184223967631498,stiff,dispersion,0.05
adaptive n0=0.05,30023,0.9685152930678061,0.8727060807343325,0.09685152930678062,0.12099025459920956,0.5542265301892612,0.0,0.0,0.0,0.0,2.49999999975,1.5054730648449353,0.36814111333592464,stiff,dispersion,0.05
adaptive n0=0.05,30024,0.9752900528266067,0.8772391899258288,0.09752900528266067,0.12440412975757786,0.5691469561474105,0.0,0.0,0.0,0.0,2.4999999997500004,1.498280455589203,0.37986676928492125,stiff,dispersion,0.05
adaptive n0=0.05,30025,0.9407232256152785,0.8451725327709045,0.09391607256152786,0.12228936154864081,0.5785566788274419,0.0,-0.003125,0.0,0.0,2.49999999975,1.4802664375865913,0.3908463126210669,stiff,dispersion,0.05
adaptive n0=0.05,30026,1.0061807867585062,0.9056452732503254,0.10055948492585062,0.12219982875927017,0.5698988169075837,0.0,-0.001171875,0.0,0.0,2.49999999975,1.4999949462930888,0.3799338246545194,stiff,dispersion,0.05
adaptive n0=0.05,30027,0.9853459056773285,0.8860556475056408,0.09831974681773285,0.12472084618716771,0.5914135603510285,0.0,-0.004296875,0.0,0.0,2.49999999975,1.4884339579799688,0.39733947024002775,stiff,dispersion,0.05
adaptive n0=0.05,30028,0.9394915489177739,0.8421083523704321,0.09329160280844404,0.1296418890162357,0.6311019914612062,0.0,-0.013151041666666667,0.0,0.0,2.49999999975,1.4911551750246783,0.4232302593529621,stiff,dispersion,0.05
adaptive n0=0.05,30029,0.9895312472144848,0.8915432910846196,0.0988554684714485,0.11667281071407949,0.5491708032881525,0.0,-0.001953125,0.0,0.0,2.49999999975,1.4935590320912042,0.36769273359033683,stiff,dispersion,0.05
adaptive n0=0.05,30030,0.9310459034895558,0.8338996516418649,0.09310459034895559,0.12310295432275231,0.555721812004188,0.0,0.0,0.0,0.0,2.49999999975,1.4437551345891866,0.38491417186357985,stiff,dispersion,0.05
adaptive n0=0.05,30031,0.9825450702498263,0.8824666823936275,0.09807221535831596,0.12641411278301196,0.6006872634197398,0.0,-0.0036458333333333334,0.0,0.0,2.49999999975,1.5064777366786757,0.3987362367160315,stiff,dispersion,0.05
adaptive n0=0.05,30032,0.9839906047300234,0.8851154177426666,0.09837301880633567,0.12187581517517904,0.5670955769316165,0.0,-0.0005208333333333333,0.0,0.0,2.4999999997500004,1.570857313138607,0.361010240833744,stiff,dispersion,0.05
adaptive n0=0.05,30033,0.9970339363529079,0.8958104997808103,0.09965782071862413,0.12743816397242352,0.5976819007615432,0.0,-0.0009114583333333333,0.0,0.0,2.49999999975,1.4239843949704218,0.41972503552186596,stiff,dispersion,0.05
adaptive n0=0.05,30034,0.9757985775221534,0.8777634377383499,0.09757985775221534,0.11088718554079127,0.5059282876364382,0.0,0.0,0.0,0.0,2.49999999975,1.4893608564237013,0.3396949003019245,stiff,dispersion,0.05
adaptive n0=0.05,30035,0.9748860918055313,0.8753235674831151,0.09748860918055313,0.13172791385738591,0.6054013012762475,0.0,0.0,0.0,0.0,2.49999999975,1.4340467025575496,0.42216289064822293,stiff,dispersion,0.05
adaptive n0=0.05,30036,0.9780798504792066,0.8787523898363389,0.09739782879792067,0.12471637292661478,0.598573317882544,0.0,-0.008203125,0.0,0.0,2.49999999975,1.4700694379571355,0.4071734997187237,stiff,dispersion,0.05
adaptive n0=0.05,30037,0.9465769365231516,0.8507361417208341,0.09450795406898183,0.11753776772397265,0.5528878776265191,0.0,-0.002994791666666667,0.0,0.0,2.49999999975,1.4148169489855733,0.390784036071197,stiff,dispersion,0.05
adaptive n0=0.05,30038,0.9730594898439044,0.8756832963824107,0.09730594898439045,0.12124463429823434,0.5437880240108325,0.0,0.0,0.0,0.0,2.49999999975,1.5130282634425227,0.3594037448934212,stiff,dispersion,0.05
adaptive n0=0.05,30039,0.9949756399053461,0.8953601831079598,0.09903532440720128,0.12408762934373067,0.6016425756239987,0.0,-0.009244791666666667,0.0,0.0,2.4999999997499995,1.5430015663468348,0.3899170219563872,stiff,dispersion,0.05
adaptive n0=0.05,30040,0.9945731289031225,0.8952139810207214,0.09861746914031225,0.12141761635277018,0.5930484019383666,0.0,-0.016796875,0.0,0.0,2.49999999975,1.515828898244112,0.39123703382705993,stiff,dispersion,0.05
adaptive n0=0.05,30041,0.9839308387677135,0.8841723958148193,0.09839308387677134,0.12382297629696448,0.5711478655289584,0.0,0.0,0.0,0.0,2.49999999975,1.5253748661886255,0.37443115013167594,stiff,dispersion,0.05
adaptive n0=0.05,30042,1.0145680083926483,0.9112355731676269,0.09904143625593151,0.11949049196771258,0.6104943597396759,0.0,-0.04830729166666667,0.0,0.0,2.49999999975,1.543083546546939,0.39563273233378704,stiff,dispersion,0.05
adaptive n0=0.05,30043,1.0011179558990506,0.8989589806500302,0.09979278517323839,0.12191879415049484,0.5834222761737728,0.0,-0.006380208333333333,0.0,0.0,2.4999999997500004,1.476291389634449,0.3951945261417779,stiff,dispersion,0.05
adaptive n0=0.05,30044,0.9654400917602707,0.8677699654513945,0.09654400917602707,0.11890740887967306,0.5220380274888348,0.0,0.0,0.0,0.0,2.49999999975,1.4537084387674488,0.3591077918839444,stiff,dispersion,0.05
adaptive n0=0.05,30045,0.99618254743167,0.8962851347966473,0.099618254743167,0.12077749946143672,0.5401635474255714,0.0,0.0,0.0,0.0,2.49999999975,1.5203965990223989,0.35527805558950315,stiff,dispersion,0.05
adaptive n0=0.05,30046,0.9840610387051208,0.8854900612162988,0.09801547887051208,0.12302559404194337,0.5863262161645844,0.0,-0.0078125,0.0,0.0,2.49999999975,1.5025614620515664,0.3902177920655749,stiff,dispersion,0.05
adaptive n0=0.05,30047,0.9917543568470909,0.8912312533534729,0.09910382110137575,0.12625398503485089,0.5907544118562328,0.0,-0.0014322916666666666,0.0,0.0,2.49999999975,1.5028626476658495,0.3930860965729336,stiff,dispersion,0.05
adaptive n0=0.05,30048,1.0075457098542746,0.9064542282738328,0.10071550848542746,0.12452422204983092,0.5818111028080989,0.0,-0.00078125,0.0,0.0,2.49999999975,1.4743364247333748,0.3946257401280146,stiff,dispersion,0.05
adaptive n0=0.05,30049,0.9759173248109103,0.8788103545807431,0.09745501373109103,0.1246721253901827,0.5895742208894708,0.0,-0.002734375,0.0,0.0,2.4999999997499995,1.4847225986918486,0.3970938553834431,stiff,dispersion,0.05
adaptive n0=0.1,30000,1.0068412922563663,0.9064244785514926,0.10067761880896997,0.1276961988039179,0.5897000128342884,0.0,-0.00013020833333333333,0.0,0.0,2.49999999975,1.5071407254798883,0.3912707040986648,stiff,dispersion,0.1
adaptive n0=0.1,30001,0.9996149070268088,0.9011340136477557,0.09991591778601422,0.11820124649523629,0.55254167044299,0.0,-0.0009114583333333333,0.0,0.0,2.49999999975,1.544084083201264,0.3578442886979548,stiff,dispersion,0.1
adaptive n0=0.1,30002,0.9900192230844927,0.8897510909996309,0.09885869314178261,0.1204911020287024,0.5679497109939539,0.0,-0.002864583333333333,0.0,0.0,2.49999999975,1.464141222325866,0.38790637291922947,stiff,dispersion,0.1
adaptive n0=0.1,30003,0.9946751269228167,0.8955945473653535,0.09946751269228167,0.1258165300553527,0.5768138466464183,0.0,0.0,0.0,0.0,2.49999999975,1.4673227219487088,0.39310632761167125,stiff,dispersion,0.1
adaptive n0=0.1,30004,0.9721481031287851,0.8738661250846019,0.09720178947954518,0.1226381960628691,0.5644774677588825,0.0,-0.00026041666666666666,0.0,0.0,2.49999999975,1.4950919748165872,0.3775536737986509,stiff,dispersion,0.1
adaptive n0=0.1,30005,0.9977301469097608,0.8977507831151808,0.09977301469097608,0.12718053312483174,0.5587969746378862,0.0,0.0,0.0,0.0,2.49999999975,1.526909190941515,0.365966082300758,stiff,dispersion,0.1
adaptive n0=0.1,30006,0.9489599804388894,0.8532286131185873,0.09458349804388894,0.10396487838399562,0.4962342140997789,0.0,-0.00625,0.0,0.0,2.49999999975,1.4925482242255828,0.33247449298145987,stiff,dispersion,0.1
adaptive n0=0.1,30007,0.972595267612641,0.8728254008510758,0.09688843301126411,0.12115966754552489,0.582541679394918,0.0,-0.007421875,0.0,0.0,2.49999999975,1.4535638509501736,0.4007678637674698,stiff,dispersion,0.1
adaptive n0=0.1,30008,0.9576985399992288,0.8596635350086912,0.09554849983325622,0.12397491387472036,0.5863974619539831,0.0,-0.004427083333333333,0.0,0.0,2.49999999975,1.4734118637001443,0.3979861139989582,stiff,dispersion,0.1
adaptive n0=0.1,30009,0.9832455148420854,0.8845555758923079,0.09832455148420854,0.12534537781593927,0.5651550223567156,0.0,0.0,0.0,0.0,2.49999999975,1.486518796052632,0.3801869332950604,stiff,dispersion,0.1
adaptive n0=0.1,30010,0.9660470201466598,0.8677133154190647,0.09660470201466598,0.12499829994398926,0.5721846359369666,0.0,0.0,0.0,0.0,2.49999999975,1.4506144460377968,0.39444294622863413,stiff,dispersion,0.1
adaptive n0=0.1,30011,1.0203642712051642,0.9189759374206607,0.10203642712051642,0.12309368967526754,0.546276978398304,0.0,0.0,0.0,0.0,2.49999999975,1.4911135245037768,0.36635505574942584,stiff,dispersion,0.1
adaptive n0=0.1,30012,0.9454673327679581,0.8510580419804309,0.09454022286012916,0.11140113139829973,0.5137072217227323,0.0,-0.00013020833333333333,0.0,0.0,2.49999999975,1.4771290486628128,0.3477740974546343,stiff,dispersion,0.1
adaptive n0=0.1,30013,0.9917730522886058,0.8919305250054167,0.09898199272886059,0.1189662141273024,0.5596668225392732,0.0,-0.00390625,0.0,0.0,2.4999999997500004,1.516460742459945,0.36906120077424687,stiff,dispersion,0.1
adaptive n0=0.1,30014,0.9825871579809753,0.8812022176804613,0.09825871579809753,0.12330681207716106,0.5642930199475309,0.0,0.0,0.0,0.0,2.49999999975,1.4834337303091485,0.38039651412667547,stiff,dispersion,0.1
adaptive n0=0.1,30015,0.9639465605539914,0.864548309945927,0.09618632272206581,0.12600936724675255,0.59666238878081,0.0,-0.004166666666666667,0.0,0.0,2.49999999975,1.4975810072810607,0.3984174384423336,stiff,dispersion,0.1
adaptive n0=0.1,30016,1.02866892235949,0.9257263807887103,0.10280178806928233,0.12518935534390954,0.5859794340412523,0.0,-0.0013020833333333333,0.0,0.0,2.49999999975,1.5209614160112128,0.3852690987901644,stiff,dispersion,0.1
adaptive n0=0.1,30017,0.9533760036326351,0.854544749140171,0.09443916286326352,0.12231530115015328,0.5957205362876457,0.0,-0.01796875,0.0,0.0,2.49999999975,1.4746491648485645,0.4039744167547959,stiff,dispersion,0.1
adaptive n0=0.1,30018,0.9901284517911928,0.8906813992422872,0.09901284517911928,0.11372748409295756,0.5184700441716259,0.0,0.0,0.0,0.0,2.49999999975,1.496309333321732,0.34649923824283596,stiff,dispersion,0.1
adaptive n0=0.1,30019,0.9691365077569102,0.8706511994221278,0.09691365077569102,0.11914299773486998,0.5264617773697059,0.0,0.0,0.0,0.0,2.49999999975,1.4807427568427003,0.3555389853753187,stiff,dispersion,0.1
adaptive n0=0.1,30020,1.0095793888259246,0.9101546436759862,0.10078215763259243,0.11449064071310586,0.5432288984106508,0.0,-0.003515625,0.0,0.0,2.49999999975,1.5254005076386385,0.35612214345698884,stiff,dispersion,0.1
adaptive n0=0.1,30021,0.9724472808246537,0.87359756646362,0.09724472808246537,0.12236709990955115,0.5592053660812721,0.0,0.0,0.0,0.0,2.4999999997500004,1.4786174191393888,0.37819476413767045,stiff,dispersion,0.1
adaptive n0=0.1,30022,0.9660388847904127,0.8669825594000067,0.0962848780623746,0.12956375718270524,0.6231252738636868,0.0,-0.006380208333333333,0.0,0.0,2.49999999975,1.4889729375528138,0.4184933507843453,stiff,dispersion,0.1
adaptive n0=0.1,30023,0.9685116610596136,0.8727027531053902,0.09685116610596137,0.12099019671401481,0.5542262650314538,0.0,0.0,0.0,0.0,2.49999999975,1.505412678188509,0.36815570445332274,stiff,dispersion,0.1
adaptive n0=0.1,30024,0.9752947922368543,0.877243545990239,0.09752947922368543,0.12440409624044982,0.5691468028070717,0.0,0.0,0.0,0.0,2.4999999997500004,1.4982453502001964,0.37987556759713753,stiff,dispersion,0.1
adaptive n0=0.1,30025,0.9407250348965933,0.8451761352495597,0.09391625348965933,0.1222882847030604,0.578551584220726,0.0,-0.003125,0.0,0.0,2.4999999997499995,1.4801272787033315,0.3908796172769461,stiff,dispersion,0.1
adaptive n0=0.1,30026,1.006757279685858,0.9061679939193676,0.1006171342185858,0.12219982875927017,0.5698988169075837,0.0,-0.001171875,0.0,0.0,2.4999999997500004,1.4990928049565386,0.38016246560806227,stiff,dispersion,0.1
adaptive n0=0.1,30027,0.9853406477259911,0.8860506351953897,0.09831922102259909,0.12472084618716771,0.5914135603510285,0.0,-0.004296875,0.0,0.0,2.4999999997499995,1.4886233958164623,0.39728890598730454,stiff,dispersion,0.1
adaptive n0=0.1,30028,0.9397275610434156,0.8423303894951809,0.09331520402100824,0.1296418890162357,0.6311019914612062,0.0,-0.013151041666666667,0.0,0.0,2.49999999975,1.4916424418535437,0.423092004996175,stiff,dispersion,0.1
adaptive n0=0.1,30029,0.9895372219917866,0.8915489502830867,0.09885606594917866,0.11667281071407949,0.5491708032881525,0.0,-0.001953125,0.0,0.0,2.49999999975,1.49358509653437,0.36768631701161,stiff,dispersion,0.1
adaptive n0=0.1,30030,0.9406136066181164,0.8430143932520737,0.09406136066181164,0.12310295432275231,0.555721812004188,0.0,0.0,0.0,0.0,2.49999999975,1.4256639062047887,0.3897986121312113,stiff,dispersion,0.1
adaptive n0=0.1,30031,0.9825479574122595,0.8824693290906492,0.09807250407455928,0.12641411278301196,0.6006872634197398,0.0,-0.0036458333333333334,0.0,0.0,2.49999999975,1.506464611958045,0.39873971061224567,stiff,dispersion,0.1
adaptive n0=0.1,30032,0.9839933739076124,0.8851179580225206,0.09837329572409456,0.12187581517517904,0.5670955769316165,0.0,-0.0005208333333333333,0.0,0.0,2.49999999975,1.5708622851462815,0.361009098183809,stiff,dispersion,0.1
adaptive n0=0.1,30033,0.9970362534961854,0.8958126724801789,0.09965805243295187,0.12743816397242352,0.5976819007615432,0.0,-0.0009114583333333333,0.0,0.0,2.49999999975,1.4239684137320143,0.4197297461079953,stiff,dispersion,0.1
adaptive n0=0.1,30034,0.9757982563972517,0.8777631617520237,0.09757982563972517,0.11088698062410188,0.5059273526938723,0.0,0.0,0.0,0.0,2.49999999975,1.4893207456267668,0.33970342129422065,stiff,dispersion,0.1
adaptive n0=0.1,30035,0.9728360047238501,0.8734467381791642,0.09728360047238502,0.13172791385738591,0.6054013012762475,0.0,0.0,0.0,0.0,2.49999999975,1.4271559486530252,0.4242012247138344,stiff,dispersion,0.1
adaptive n0=0.1,30036,0.9780893717711303,0.8787611226087643,0.09739878092711303,0.12471637292661478,0.598573317882544,0.0,-0.008203125,0.0,0.0,2.49999999975,1.4700956713665096,0.4071662338316712,stiff,dispersion,0.1
adaptive n0=0.1,30037,0.9466967469953582,0.8508484582184219,0.09451993511620249,0.11753776772397265,0.5528878776265191,0.0,-0.002994791666666667,0.0,0.0,2.49999999975,1.4150467897405872,0.39072056248251485,stiff,dispersion,0.1
adaptive n0=0.1,30038,0.9730597434442589,0.8756835296100867,0.0973059743444259,0.12124463429823434,0.5437880240108325,0.0,0.0,0.0,0.0,2.49999999975,1.513019120068008,0.3594059168177531,stiff,dispersion,0.1
adaptive n0=0.1,30039,0.9949754322873811,0.8953600003327935,0.09903530364540478,0.12408762934373067,0.6016425756239987,0.0,-0.009244791666666667,0.0,0.0,2.49999999975,1.5429913488024258,0.389919603950441,stiff,dispersion,0.1
adaptive n0=0.1,30040,0.9945737287472536,0.8952145302933459,0.09861752912472535,0.12141761635277018,0.5930484019383666,0.0,-0.016796875,0.0,0.0,2.49999999975,1.5158678309287996,0.3912269855182527,stiff,dispersion,0.1
adaptive n0=0.1,30041,0.9845867520109834,0.8847906938788731,0.09845867520109834,0.12382297629696448,0.5711478655289584,0.0,0.0,0.0,0.0,2.49999999975,1.5265587372689944,0.374140772696856,stiff,dispersion,0.1
adaptive n0=0.1,30042,1.0145979556103435,0.9112637995699056,0.09904443097770102,0.11949049196771258,0.6104943597396759,0.0,-0.04830729166666667,0.0,0.0,2.49999999975,1.5431116281101873,0.3956255326047501,stiff,dispersion,0.1
adaptive n0=0.1,30043,1.0011181124336224,0.8989591229215506,0.09979280082669557,0.12191879415049484,0.5834222761737728,0.0,-0.006380208333333333,0.0,0.0,2.4999999997499995,1.476283421791352,0.39519665909804536,stiff,dispersion,0.1
adaptive n0=0.1,30044,0.9654439795022677,0.8677735210351518,0.09654439795022676,0.11890740887967306,0.5220380274888348,0.0,0.0,0.0,0.0,2.49999999975,1.4538038612195265,0.3590842213411939,stiff,dispersion,0.1
adaptive n0=0.1,30045,0.9961829141901974,0.896285472893578,0.09961829141901975,0.12077749946143672,0.5401635474255714,0.0,0.0,0.0,0.0,2.49999999975,1.520375852967547,0.3552829034815652,stiff,dispersion,0.1
adaptive n0=0.1,30046,0.9840614004200379,0.8854903889981487,0.09801551504200379,0.12302559404194337,0.5863262161645844,0.0,-0.0078125,0.0,0.0,2.49999999975,1.5025688188404236,0.3902158815042292,stiff,dispersion,0.1
adaptive n0=0.1,30047,0.9917561172261835,0.8912328603698519,0.09910399713928501,0.12625398503485089,0.5907544118562328,0.0,-0.0014322916666666666,0.0,0.0,2.49999999975,1.5029284005770225,0.3930688991101793,stiff,dispersion,0.1
adaptive n0=0.1,30048,1.007544160951271,0.9064528032911585,0.1007153535951271,0.12452422204983092,0.5818111028080989,0.0,-0.00078125,0.0,0.0,2.4999999997499995,1.4743769289382394,0.3946148989370618,stiff,dispersion,0.1
adaptive n0=0.1,30049,0.9759191217386951,0.8788120049489505,0.09745519342386952,0.1246721253901827,0.5895742208894708,0.0,-0.002734375,0.0,0.0,2.49999999975,1.484845448602813,0.3970610014963101,stiff,dispersion,0.1
adaptive n0=0.25,30000,1.0068348482532778,0.9064185563999988,0.10067697440866112,0.1276961988039179,0.5897000128342884,0.0,-0.00013020833333333333,0.0,0.0,2.49999999975,1.5070577176386002,0.3912922550559549,stiff,dispersion,0.25
adaptive n0=0.25,30001,0.9996601901503673,0.9011772935752971,0.09992044609837006,0.11820080936712066,0.5525396270508399,0.0,-0.0009114583333333333,0.0,0.0,2.4999999997500004,1.5439846625740787,0.3578660076387447,stiff,dispersion,0.25
adaptive n0=0.25,30002,0.9901894934978895,0.8899118002704502,0.09887572018312228,0.1204911020287024,0.5679497109939539,0.0,-0.002864583333333333,0.0,0.0,2.49999999975,1.464051724908047,0.387930085618816,stiff,dispersion,0.25
adaptive n0=0.25,30003,0.9946664214495846,0.8955862835660359,0.09946664214495846,0.1258165300553527,0.5768138466464183,0.0,0.0,0.0,0.0,2.4999999997500004,1.467215106069664,0.3931351607955916,stiff,dispersion,0.25
adaptive n0=0.25,30004,0.9721457050865969,0.8738639272998067,0.09720154967532636,0.1226381960628691,0.5644774677588825,0.0,-0.00026041666666666666,0.0,0.0,2.49999999975,1.4950732825084945,0.37755839420244297,stiff,dispersion,0.25
adaptive n0=0.25,30005,0.9977335175203559,0.8977538656833519,0.09977335175203558,0.12718053312483174,0.5587969746378862,0.0,0.0,0.0,0.0,2.49999999975,1.5270530465850436,0.36593160655913476,stiff,dispersion,0.25
adaptive n0=0.25,30006,0.9489477756504068,0.8532174003781832,0.09458227756504067,0.10396487838399562,0.4962342140997789,0.0,-0.00625,0.0,0.0,2.4999999997500004,1.492505655592153,0.33248397568242216,stiff,dispersion,0.25
adaptive n0=0.25,30007,0.9719887100920961,0.8722579425329825,0.09682777725920959,0.1211584079669517,0.5825356232787844,0.0,-0.007421875,0.0,0.0,2.49999999975,1.4529718552380635,0.40092698367053936,stiff,dispersion,0.25
adaptive n0=0.25,30008,0.9577070491328559,0.8596713246530062,0.09554935074661892,0.12397491387472036,0.5863974619539831,0.0,-0.004427083333333333,0.0,0.0,2.49999999975,1.4734493519596246,0.39797598823067765,stiff,dispersion,0.25
adaptive n0=0.25,30009,0.9832446691602393,0.8845548005302283,0.09832446691602394,0.12534537781593927,0.5651550223567156,0.0,0.0,0.0,0.0,2.49999999975,1.4865946193143524,0.38016754198759073,stiff,dispersion,0.25
adaptive n0=0.25,30010,0.9660372279297809,0.8677041068587061,0.09660372279297809,0.12499829994398926,0.5721846359369666,0.0,0.0,0.0,0.0,2.4999999997500004,1.450606123641347,0.39444520922099424,stiff,dispersion,0.25
adaptive n0=0.25,30011,1.0203428021865095,0.9189556893081079,0.10203428021865095,0.12309368967526754,0.546276978398304,0.0,0.0,0.0,0.0,2.49999999975,1.4910418194043387,0.3663726739847834,stiff,dispersion,0.25
adaptive n0=0.25,30012,0.9454667972704793,0.8510576917945805,0.09454016931038126,0.11140065209761578,0.5137050115097872,0.0,-0.00013020833333333333,0.0,0.0,2.49999999975,1.477012586815155,0.3478000228945079,stiff,dispersion,0.25
adaptive n0=0.25,30013,0.9917748520183042,0.8919321723239404,0.09898217270183043,0.1189662141273024,0.5596668225392732,0.0,-0.00390625,0.0,0.0,2.4999999997500004,1.5166419334920844,0.36901710956298983,stiff,dispersion,0.25
adaptive n0=0.25,30014,0.9827692085432158,0.8813761195642729,0.09827692085432158,0.12330681207716106,0.5642930199475309,0.0,0.0,0.0,0.0,2.49999999975,1.4836279374713888,0.38034672015497356,stiff,dispersion,0.25
adaptive n0=0.25,30015,0.9639647515390937,0.8645650616998818,0.09618814182057603,0.12600936724675255,0.59666238878081,0.0,-0.004166666666666667,0.0,0.0,2.49999999975,1.497647108773054,0.3983998535340045,stiff,dispersion,0.25
adaptive n0=0.25,30016,1.0286676090055573,0.9257249194302124,0.10280165673388908,0.12519143737572916,0.5859891795010317,0.0,-0.0013020833333333333,0.0,0.0,2.4999999997500004,1.5211715652279987,0.38522228057372443,stiff,dispersion,0.25
adaptive n0=0.25,30017,0.9716300040010131,0.8718855832610103,0.09626456290010131,0.12231530115015328,0.5957205362876457,0.0,-0.01796875,0.0,0.0,2.49999999975,1.4956118606650994,0.3983122573143599,stiff,dispersion,0.25
adaptive n0=0.25,30018,0.9901322320075574,0.8906848461094257,0.09901322320075574,0.11372748409295756,0.5184700441716259,0.0,0.0,0.0,0.0,2.4999999997500004,1.4962800288477118,0.34650602439096956,stiff,dispersion,0.25
adaptive n0=0.25,30019,0.9686851378676916,0.8702240238575037,0.09686851378676917,0.1191383299639155,0.5264411517094508,0.0,0.0,0.0,0.0,2.4999999997500004,1.4800812963765564,0.3556839431713998,stiff,dispersion,0.25
adaptive n0=0.25,30020,1.0095816923950502,0.9101568260388192,0.10078238798950503,0.11449082444056868,0.5432297701506168,0.0,-0.003515625,0.0,0.0,2.49999999975,1.5255125708814048,0.35609655437762244,stiff,dispersion,0.25
adaptive n0=0.25,30021,0.9675171242397024,0.8689841308737865,0.09675171242397024,0.12234080460501509,0.5590851991784839,0.0,0.0,0.0,0.0,2.49999999975,1.471227989623484,0.3800126174336615,stiff,dispersion,0.25
adaptive n0=0.25,30022,0.9516335070894189,0.8535669322753643,0.09484434029227522,0.12956375718270524,0.6231252738636868,0.0,-0.006380208333333333,0.0,0.0,2.49999999975,1.4454706071822387,0.43108816655801135,stiff,dispersion,0.25
adaptive n0=0.25,30023,0.9685068600213077,0.8726983560351357,0.09685068600213077,0.12099013107043181,0.5542259643343823,0.0,0.0,0.0,0.0,2.49999999975,1.5053441978717594,0.3681722526435758,stiff,dispersion,0.25
adaptive n0=0.25,30024,0.9753010489076062,0.8772492984888804,0.09753010489076061,0.12440405258859837,0.5691466031005311,0.0,0.0,0.0,0.0,2.49999999975,1.4981996298384932,0.37988702691235177,stiff,dispersion,0.25
adaptive n0=0.25,30025,0.9450778407502057,0.8494426316806677,0.09435153407502057,0.12225303909548568,0.5783848356057734,0.0,-0.003125,0.0,0.0,2.49999999975,1.4755725500785928,0.39197316023191614,stiff,dispersion,0.25
adaptive n0=0.25,30026,1.0067632372616768,0.9061735305090967,0.10061772997616769,0.12219982875927017,0.5698988169075837,0.0,-0.001171875,0.0,0.0,2.49999999975,1.4990240872752665,0.38017989286848125,stiff,dispersion,0.25
adaptive n0=0.25,30027,0.9853311367099526,0.8860416978205498,0.09831826992099527,0.12472084618716771,0.5914135603510285,0.0,-0.004296875,0.0,0.0,2.49999999975,1.4887478396996996,0.3972556967540753,stiff,dispersion,0.25
adaptive n0=0.25,30028,0.9492046553408433,0.8513722700445018,0.094262913450751,0.1296418890162357,0.6311019914612062,0.0,-0.013151041666666667,0.0,0.0,2.49999999975,1.4996907281500094,0.4208214264548544,stiff,dispersion,0.25
adaptive n0=0.25,30029,0.9895466698845257,0.8915578426522258,0.09885701073845257,0.11667281071407949,0.5491708032881525,0.0,-0.001953125,0.0,0.0,2.49999999975,1.4936334977154986,0.3676744021395511,stiff,dispersion,0.25
adaptive n0=0.25,30030,0.9406727673300993,0.8430708357315724,0.09406727673300994,0.12310295432275231,0.555721812004188,0.0,0.0,0.0,0.0,2.49999999975,1.4256590512376088,0.3897999395590188,stiff,dispersion,0.25
adaptive n0=0.25,30031,0.9825518879418185,0.8824729333060015,0.09807289712751519,0.12641411278301196,0.6006872634197398,0.0,-0.0036458333333333334,0.0,0.0,2.49999999975,1.5064480813097214,0.3987440860872524,stiff,dispersion,0.25
adaptive n0=0.25,30032,0.9839971654783344,0.8851214357197537,0.09837367488116677,0.12187581517517904,0.5670955769316165,0.0,-0.0005208333333333333,0.0,0.0,2.49999999975,1.5708653134957327,0.3610084022223571,stiff,dispersion,0.25
adaptive n0=0.25,30033,0.997039741149779,0.895815965467929,0.09965840119831124,0.12743816397242352,0.5976819007615432,0.0,-0.0009114583333333333,0.0,0.0,2.49999999975,1.4239630306777862,0.4197313328261444,stiff,dispersion,0.25
adaptive n0=0.25,30034,0.9757974099228321,0.8777624095171384,0.09757974099228321,0.11088670653825414,0.5059261021635885,0.0,0.0,0.0,0.0,2.49999999975,1.48926709552236,0.33971481924545915,stiff,dispersion,0.25
adaptive n0=0.25,30035,0.9733856320400384,0.8739705835979943,0.09733856320400383,0.13172791385738591,0.6054013012762475,0.0,0.0,0.0,0.0,2.49999999975,1.4275538935062675,0.424082974401267,stiff,dispersion,0.25
adaptive n0=0.25,30036,0.978098460638786,0.8787694540126282,0.0973996898138786,0.12471637292661478,0.598573317882544,0.0,-0.008203125,0.0,0.0,2.49999999975,1.4701434092332915,0.4071530125042098,stiff,dispersion,0.25
adaptive n0=0.25,30037,0.9472749001902356,0.8513895848001425,0.09457775043569024,0.11753776772397265,0.5528878776265191,0.0,-0.002994791666666667,0.0,0.0,2.49999999975,1.4162541767719867,0.39038746483113296,stiff,dispersion,0.25
adaptive n0=0.25,30038,0.9730600998264138,0.8756838569224202,0.09730600998264138,0.12124463429823434,0.5437880240108325,0.0,0.0,0.0,0.0,2.49999999975,1.5130086908418874,0.3594083942163287,stiff,dispersion,0.25
adaptive n0=0.25,30039,0.9949759978298914,0.8953605388219151,0.09903536019965581,0.12408762934373067,0.6016425756239987,0.0,-0.009244791666666667,0.0,0.0,2.4999999997500004,1.5429755677716637,0.38992359191589765,stiff,dispersion,0.25
adaptive n0=0.25,30040,0.9945743395857516,0.8952150738794342,0.09861759020857516,0.12141761635277018,0.5930484019383666,0.0,-0.016796875,0.0,0.0,2.49999999975,1.5159168598530608,0.391214332160572,stiff,dispersion,0.25
adaptive n0=0.25,30041,0.9845873007230757,0.8847912012741952,0.09845873007230757,0.12382297629696448,0.5711478655289584,0.0,0.0,0.0,0.0,2.49999999975,1.52651682373746,0.3741510454700288,stiff,dispersion,0.25
adaptive n0=0.25,30042,1.0146251586990274,0.9112894322856715,0.09904715128656941,0.11949049196771258,0.6104943597396759,0.0,-0.04830729166666667,0.0,0.0,2.49999999975,1.5431604011148297,0.39561302849569935,stiff,dispersion,0.25
adaptive n0=0.25,30043,1.0011181518351606,0.898959154810826,0.0997928047668494,0.12191879415049484,0.5834222761737728,0.0,-0.006380208333333333,0.0,0.0,2.49999999975,1.4762789103474203,0.3951978668017909,stiff,dispersion,0.25
adaptive n0=0.25,30044,0.9654515192350754,0.867780433455316,0.09654515192350754,0.11890740887967306,0.5220380274888348,0.0,0.0,0.0,0.0,2.49999999975,1.4539049972524865,0.3590592428496737,stiff,dispersion,0.25
adaptive n0=0.25,30045,0.9961832952866643,0.8962858246376112,0.09961832952866642,0.12077749946143672,0.5401635474255714,0.0,0.0,0.0,0.0,2.49999999975,1.5203473345607197,0.35528956781553017,stiff,dispersion,0.25
adaptive n0=0.25,30046,0.9840614491109303,0.8854904062992418,0.09801551991109303,0.12302559404194337,0.5863262161645844,0.0,-0.0078125,0.0,0.0,2.4999999997499995,1.5025816144735273,0.3902125585171762,stiff,dispersion,0.25
adaptive n0=0.25,30047,0.991758478831046,0.8912350168823836,0.09910423329977126,0.12625398503485089,0.5907544118562328,0.0,-0.0014322916666666666,0.0,0.0,2.49999999975,1.503012153829776,0.3930469958948441,stiff,dispersion,0.25
adaptive n0=0.25,30048,1.0075441171571267,0.9064527955831709,0.10071534921571265,0.12452422204983092,0.5818111028080989,0.0,-0.00078125,0.0,0.0,2.49999999975,1.4744250841803552,0.3946020106755932,stiff,dispersion,0.25
adaptive n0=0.25,30049,0.9759210266555145,0.8788137595104721,0.09745538391555145,0.1246721253901827,0.5895742208894708,0.0,-0.002734375,0.0,0.0,2.49999999975,1.4849171171267153,0.39704183761467104,stiff,dispersion,0.25
adaptive n0=0.5,30000,1.006831280890179,0.906415292022069,0.10067661767235121,0.1276961988039179,0.5897000128342884,0.0,-0.00013020833333333333,0.0,0.0,2.4999999997500004,1.5070089097212465,0.39130492794721833,stiff,dispersion,0.5
adaptive n0=0.5,30001,0.9996965072683641,0.9012118074523108,0.09992407781016974,0.11820079040016294,0.5525395383882006,0.0,-0.0009114583333333333,0.0,0.0,2.49999999975,1.5439803487201926,0.3578669500853436,stiff,dispersion,0.5
adaptive n0=0.5,30002,0.9901994059124751,0.8899211483948132,0.09887671142458085,0.1204911020287024,0.5679497109939539,0.0,-0.002864583333333333,0.0,0.0,2.49999999975,1.4640479822729162,0.38793107730814874,stiff,dispersion,0.5
adaptive n0=0.5,30003,0.9946571067388392,0.895577504998087,0.09946571067388392,0.1258165300553527,0.5768138466464183,0.0,0.0,0.0,0.0,2.49999999975,1.467166490401074,0.3931481876257526,stiff,dispersion,0.5
adaptive n0=0.5,30004,0.9721467542975641,0.873864942702318,0.09720165459642308,0.1226381960628691,0.5644774677588825,0.0,-0.00026041666666666666,0.0,0.0,2.49999999975,1.4950707317896268,0.3775590383494383,stiff,dispersion,0.5
adaptive n0=0.5,30005,0.9977334083284755,0.8977537042441348,0.09977334083284754,0.12718053312483174,0.5587969746378862,0.0,0.0,0.0,0.0,2.49999999975,1.5271351379126725,0.36591193586290227,stiff,dispersion,0.5
adaptive n0=0.5,30006,0.9489368058441469,0.8532073147582928,0.09458118058441468,0.10396487838399562,0.4962342140997789,0.0,-0.00625,0.0,0.0,2.49999999975,1.4924753094048548,0.33249073600933415,stiff,dispersion,0.5
adaptive n0=0.5,30007,0.9450930370204513,0.8472157032618755,0.0941447203687118,0.12107004197584217,0.5821107552190978,0.0,-0.007291666666666666,0.0,0.0,2.4999999997500004,1.4114402756011022,0.4124232284438598,stiff,dispersion,0.5
adaptive n0=0.5,30008,0.9577110685233052,0.8596750175810546,0.09554975268566386,0.12397491387472036,0.5863974619539831,0.0,-0.004427083333333333,0.0,0.0,2.49999999975,1.473467784236437,0.39797100976853667,stiff,dispersion,0.5
adaptive n0=0.5,30009,0.9832438583691833,0.884554057082237,0.09832438583691833,0.12534537781593927,0.5651550223567156,0.0,0.0,0.0,0.0,2.49999999975,1.4866270515155655,0.3801592482664427,stiff,dispersion,0.5
adaptive n0=0.5,30010,0.9660293457001342,0.8676966967139289,0.09660293457001343,0.12499829994398926,0.5721846359369666,0.0,0.0,0.0,0.0,2.49999999975,1.450610195746358,0.394444101947436,stiff,dispersion,0.5
adaptive n0=0.5,30011,1.0203249503855962,0.9189388847588176,0.10203249503855963,0.12309368967526754,0.546276978398304,0.0,0.0,0.0,0.0,2.49999999975,1.4909748476535105,0.3663891307475993,stiff,dispersion,0.5
adaptive n0=0.5,30012,0.9454690550793441,0.8510598408289545,0.09454039509126774,0.11140046991061262,0.5137041713856515,0.0,-0.00013020833333333333,0.0,0.0,2.4999999997500004,1.476968318497327,0.34780987848696443,stiff,dispersion,0.5
adaptive n0=0.5,30013,0.9917758027215486,0.8919330439750816,0.09898226777215487,0.1189662141273024,0.5596668225392732,0.0,-0.00390625,0.0,0.0,2.49999999975,1.5167338611010126,0.3689947438326493,stiff,dispersion,0.5
adaptive n0=0.5,30014,0.9852004266927193,0.8836641698223462,0.09852004266927193,0.12330681207716106,0.5642930199475309,0.0,0.0,0.0,0.0,2.49999999975,1.487603389116055,0.3793302866047099,stiff,dispersion,0.5
adaptive n0=0.5,30015,0.9639787785696097,0.8645779879007034,0.09618954452362764,0.12600936724675255,0.59666238878081,0.0,-0.004166666666666667,0.0,0.0,2.49999999975,1.4977038992342828,0.39838474686876363,stiff,dispersion,0.5
adaptive n0=0.5,30016,1.0286667665286162,0.925723995413124,0.10280157248619495,0.12519258241134038,0.5859945391206061,0.0,-0.0013020833333333333,0.0,0.0,2.49999999975,1.521287139031738,0.38519653790906117,stiff,dispersion,0.5
adaptive n0=0.5,30017,0.9716225195374646,0.8718786689536898,0.09626381445374647,0.12231530115015328,0.5957205362876457,0.0,-0.01796875,0.0,0.0,2.49999999975,1.4955993057768244,0.3983156009678838,stiff,dispersion,0.5
adaptive n0=0.5,30018,0.9901333733085435,0.8906858725146028,0.09901333733085435,0.11372748409295756,0.5184700441716259,0.0,0.0,0.0,0.0,2.49999999975,1.4962663787467982,0.34650918548732734,stiff,dispersion,0.5
adaptive n0=0.5,30019,0.9671948788190281,0.8687294388508845,0.09671948788190281,0.1191569406956215,0.5265233876702573,0.0,0.0,0.0,0.0,2.4999999997500004,1.4827185858643186,0.355106756393245,stiff,dispersion,0.5
adaptive n0=0.5,30020,1.0095854411909668,0.9101603537409584,0.10078276286909668,0.11449089857085204,0.5432301218799103,0.0,-0.003515625,0.0,0.0,2.49999999975,1.5255577861138734,0.35608623077052126,stiff,dispersion,0.5
adaptive n0=0.5,30021,0.9675209110984274,0.8689875301139167,0.09675209110984274,0.12234103005689737,0.55908622947096,0.0,0.0,0.0,0.0,2.49999999975,1.4712913454515415,0.3799969538319928,stiff,dispersion,0.5
adaptive n0=0.5,30022,0.9516530938587111,0.8535851473527902,0.09484629896920445,0.12956375718270524,0.6231252738636868,0.0,-0.006380208333333333,0.0,0.0,2.49999999975,1.4455260053598487,0.4310716455831358,stiff,dispersion,0.5
adaptive n0=0.5,30023,0.9685045131819441,0.8726962094898725,0.0968504513181944,0.12099010696238896,0.554225853901381,0.0,0.0,0.0,0.0,2.49999999975,1.5053190480194476,0.3681783304546485,stiff,dispersion,0.5
adaptive n0=0.5,30024,0.97530420207307,0.877252200414337,0.097530420207307,0.12440402896520396,0.5691464950238696,0.0,0.0,0.0,0.0,2.49999999975,1.498174887012861,0.3798932287262293,stiff,dispersion,0.5
adaptive n0=0.5,30025,0.9450143007098555,0.8493848187908346,0.09434518007098555,0.12224938688797098,0.5783675568415101,0.0,-0.003125,0.0,0.0,2.49999999975,1.475100581647462,0.392086861084118,stiff,dispersion,0.5
adaptive n0=0.5,30026,1.0067628374805,0.906173100804816,0.10061768999805001,0.12219982875927017,0.5698988169075837,0.0,-0.001171875,0.0,0.0,2.49999999975,1.4990162748924631,0.3801818742418039,stiff,dispersion,0.5
adaptive n0=0.5,30027,0.9853301968607497,0.8860408039298112,0.09831817593607498,0.12472084618716771,0.5914135603510285,0.0,-0.004296875,0.0,0.0,2.49999999975,1.4888110617083314,0.3972388273851304,stiff,dispersion,0.5
adaptive n0=0.5,30028,0.9498464282315662,0.8519609693290099,0.09432709073982329,0.1296418890162357,0.6311019914612062,0.0,-0.013151041666666667,0.0,0.0,2.49999999975,1.5026643828054413,0.4199886539421082,stiff,dispersion,0.5
adaptive n0=0.5,30029,0.9895510343368268,0.8915619334628718,0.09885744718368268,0.11667281071407949,0.5491708032881525,0.0,-0.001953125,0.0,0.0,2.49999999975,1.493658892711812,0.36766815098667244,stiff,dispersion,0.5
adaptive n0=0.5,30030,0.940725989179285,0.8431216601543747,0.09407259891792849,0.12310295432275231,0.555721812004188,0.0,0.0,0.0,0.0,2.49999999975,1.4256755515828285,0.3897954281303405,stiff,dispersion,0.5
adaptive n0=0.5,30031,0.9825541164477454,0.8824749782449534,0.09807311997810787,0.12641411278301196,0.6006872634197398,0.0,-0.0036458333333333334,0.0,0.0,2.49999999975,1.506438594835978,0.3987465970925572,stiff,dispersion,0.5
adaptive n0=0.5,30032,0.9839991906326876,0.8851232925648569,0.09837387739660208,0.12187581517517904,0.5670955769316165,0.0,-0.0005208333333333333,0.0,0.0,2.49999999975,1.5708629805644674,0.3610089383657375,stiff,dispersion,0.5
adaptive n0=0.5,30033,0.9970421762714325,0.8958182844743069,0.09965864471047658,0.12743816397242352,0.5976819007615432,0.0,-0.0009114583333333333,0.0,0.0,2.4999999997500004,1.4239749409308204,0.41972782215595167,stiff,dispersion,0.5
adaptive n0=0.5,30034,0.9757962483373078,0.8777613709324138,0.09757962483373078,0.11088638666809776,0.505924642740124,0.0,0.0,0.0,0.0,2.49999999975,1.4892044835070812,0.33972812219089615,stiff,dispersion,0.5
adaptive n0=0.5,30035,0.9865011608825501,0.8864114761477352,0.09865011608825501,0.13172791385738591,0.6054013012762475,0.0,0.0,0.0,0.0,2.49999999975,1.4403689621536906,0.42030987697140465,stiff,dispersion,0.5
adaptive n0=0.5,30036,0.978101608388762,0.878772335231484,0.0974000045888762,0.12471637292661478,0.598573317882544,0.0,-0.008203125,0.0,0.0,2.49999999975,1.4701821416114917,0.40714228593909974,stiff,dispersion,0.5
adaptive n0=0.5,30037,0.9585397481734224,0.8619734880804177,0.09570423523400891,0.11753776772397265,0.5528878776265191,0.0,-0.002994791666666667,0.0,0.0,2.49999999975,1.4342565542693109,0.38548743317975676,stiff,dispersion,0.5
adaptive n0=0.5,30038,0.9730603268319069,0.8756840653748261,0.09730603268319069,0.12124463429823434,0.5437880240108325,0.0,0.0,0.0,0.0,2.49999999975,1.5130035641738662,0.3594096120373338,stiff,dispersion,0.5
adaptive n0=0.5,30039,0.9949759744675214,0.8953605449111391,0.0990353578634188,0.12408762934373067,0.6016425756239987,0.0,-0.009244791666666667,0.0,0.0,2.49999999975,1.5429608713929361,0.3899273058563403,stiff,dispersion,0.5
adaptive n0=0.5,30040,0.9945741970653055,0.8952149002073995,0.09861757595653055,0.12141761635277018,0.5930484019383666,0.0,-0.016796875,0.0,0.0,2.49999999975,1.5158982268524026,0.3912191408586624,stiff,dispersion,0.5
adaptive n0=0.5,30041,0.9845878001919105,0.8847916644700772,0.09845878001919105,0.12382297629696448,0.5711478655289584,0.0,0.0,0.0,0.0,2.49999999975,1.5264907982864717,0.3741574244470309,stiff,dispersion,0.5
adaptive n0=0.5,30042,1.014637911306958,0.9113014471116736,0.09904842654736247,0.11949049196771258,0.6104943597396759,0.0,-0.04830729166666667,0.0,0.0,2.4999999997499995,1.5431850985692512,0.395606697022729,stiff,dispersion,0.5
adaptive n0=0.5,30043,1.0011179654807614,0.8989589785241088,0.09979278613140947,0.12191879415049484,0.5834222761737728,0.0,-0.006380208333333333,0.0,0.0,2.49999999975,1.4762808191709533,0.3951973558129746,stiff,dispersion,0.5
adaptive n0=0.5,30044,0.965458283842501,0.8677866496792344,0.0965458283842501,0.11890740887967306,0.5220380274888348,0.0,0.0,0.0,0.0,2.4999999997500004,1.4539557495818158,0.35904670939193467,stiff,dispersion,0.5
adaptive n0=0.5,30045,0.996183437014458,0.8962859559311428,0.0996183437014458,0.12077749946143672,0.5401635474255714,0.0,0.0,0.0,0.0,2.49999999975,1.5203284449579175,0.3552939821766757,stiff,dispersion,0.5
adaptive n0=0.5,30046,0.9840604775027683,0.8854894569769665,0.09801542275027683,0.12302559404194337,0.5863262161645844,0.0,-0.0078125,0.0,0.0,2.49999999975,1.502592966675957,0.3902096104320639,stiff,dispersion,0.5
adaptive n0=0.5,30047,0.9917597200338797,0.8912361503346574,0.09910435742005463,0.12625398503485089,0.5907544118562328,0.0,-0.0014322916666666666,0.0,0.0,2.49999999975,1.5030587904389703,0.3930348005108318,stiff,dispersion,0.5
adaptive n0=0.5,30048,1.0075452113756227,0.9064538494031197,0.10071545863756226,0.12452422204983092,0.5818111028080989,0.0,-0.00078125,0.0,0.0,2.4999999997500004,1.4744599335803512,0.39459268411269643,stiff,dispersion,0.5
adaptive n0=0.5,30049,0.9759217023952277,0.8788143884804058,0.09745545148952277,0.1246721253901827,0.5895742208894708,0.0,-0.002734375,0.0,0.0,2.49999999975,1.4849194694133008,0.39704120865383663,stiff,dispersion,0.5
adaptive n0=1.0,30000,1.0068311895080895,0.9064152492026142,0.10067660853414226,0.1276961988039179,0.5897000128342884,0.0,-0.00013020833333333333,0.0,0.0,2.49999999975,1.5069843933423375,0.3913112938922971,stiff,dispersion,1.0
adaptive n0=1.0,30001,0.9997227390688557,0.9012367058948565,0.09992670099021891,0.11820078939272537,0.5525395336788488,0.0,-0.0009114583333333333,0.0,0.0,2.4999999997500004,1.5439801195880833,0.3578670001439268,stiff,dispersion,1.0
adaptive n0=1.0,30002,0.9902047992244832,0.8899262490523692,0.09887725075578166,0.1204911020287024,0.5679497109939539,0.0,-0.002864583333333333,0.0,0.0,2.49999999975,1.4640460554755037,0.38793158785533627,stiff,dispersion,1.0
adaptive n0=1.0,30003,0.9946523775532683,0.8955730877869386,0.09946523775532683,0.1258165300553527,0.5768138466464183,0.0,0.0,0.0,0.0,2.4999999997499995,1.467153308294271,0.39315171999102716,stiff,dispersion,1.0
adaptive n0=1.0,30004,0.9721505430411507,0.8738685264179291,0.09720203347078174,0.1226381960628691,0.5644774677588825,0.0,-0.00026041666666666666,0.0,0.0,2.49999999975,1.4950773942588456,0.37755735584425104,stiff,dispersion,1.0
adaptive n0=1.0,30005,0.9977303249986973,0.8977507516805171,0.09977303249986973,0.12718053312483174,0.5587969746378862,0.0,0.0,0.0,0.0,2.49999999975,1.527186998915214,0.3658995100369561,stiff,dispersion,1.0
adaptive n0=1.0,30006,0.9489271094142664,0.8531983945262562,0.09458021094142663,0.10396487838399562,0.4962342140997789,0.0,-0.00625,0.0,0.0,2.4999999997500004,1.4924586489763383,0.3324944476285093,stiff,dispersion,1.0
adaptive n0=1.0,30007,0.948983693056709,0.8508040584250203,0.09453378597233757,0.12108351588288578,0.58217553843117,0.0,-0.007291666666666666,0.0,0.0,2.49999999975,1.4177729454028485,0.4106267793576422,stiff,dispersion,1.0
adaptive n0=1.0,30008,0.9577136075839771,0.8596773614244981,0.09555000659173105,0.12397491387472036,0.5863974619539831,0.0,-0.004427083333333333,0.0,0.0,2.49999999975,1.4734785475401924,0.3979681027137505,stiff,dispersion,1.0
adaptive n0=1.0,30009,0.9832431193836088,0.8845533794064177,0.09832431193836087,0.12534537781593927,0.5651550223567156,0.0,0.0,0.0,0.0,2.49999999975,1.4866456826895376,0.3801544839751432,stiff,dispersion,1.0
adaptive n0=1.0,30010,0.9660227150488573,0.8676904644903075,0.09660227150488573,0.12499829994398926,0.5721846359369666,0.0,0.0,0.0,0.0,2.49999999975,1.4506207762895698,0.3944412249495786,stiff,dispersion,1.0
adaptive n0=1.0,30011,1.0203126039688468,0.9189273131728253,0.10203126039688468,0.12309368967526754,0.546276978398304,0.0,0.0,0.0,0.0,2.49999999975,1.4909167891919006,0.3664033984716172,stiff,dispersion,1.0
adaptive n0=1.0,30012,0.9454725551694355,0.8510630845736159,0.09454074510027688,0.11140042422559573,0.5137039607170273,0.0,-0.00013020833333333333,0.0,0.0,2.49999999975,1.4769572178215526,0.34781234995737936,stiff,dispersion,1.0
adaptive n0=1.0,30013,0.9917763442949511,0.8919335419493892,0.09898232192949512,0.1189662141273024,0.5596668225392732,0.0,-0.00390625,0.0,0.0,2.49999999975,1.5167875636109942,0.368981679416518,stiff,dispersion,1.0
adaptive n0=1.0,30014,0.990863046012938,0.8890788467950901,0.09908630460129379,0.12330681207716106,0.5642930199475309,0.0,0.0,0.0,0.0,2.49999999975,1.491427576316022,0.3783576413018942,stiff,dispersion,1.0
adaptive n0=1.0,30015,0.9639905740402965,0.8645888609310415,0.09619072407069633,0.12600936724675255,0.59666238878081,0.0,-0.004166666666666667,0.0,0.0,2.49999999975,1.4977553710173392,0.39837105599930617,stiff,dispersion,1.0
adaptive n0=1.0,30016,1.0286670078198945,0.9257241382096627,0.10280159661532277,0.12519336519643123,0.5859982031379123,0.0,-0.0013020833333333333,0.0,0.0,2.4999999997499995,1.521366149194907,0.38517894160325383,stiff,dispersion,1.0
adaptive n0=1.0,30017,0.9716169252277469,0.8718734930532158,0.09626325502277469,0.12231530115015328,0.5957205362876457,0.0,-0.01796875,0.0,0.0,2.49999999975,1.4955942824950932,0.3983169387982734,stiff,dispersion,1.0
adaptive n0=1.0,30018,0.9901332035835825,0.8906856964284143,0.09901332035835825,0.11372748409295756,0.5184700441716259,0.0,0.0,0.0,0.0,2.49999999975,1.4962591153941385,0.34651086756123295,stiff,dispersion,1.0
adaptive n0=1.0,30019,0.9671891315109926,0.8687241231180379,0.09671891315109926,0.11915664714110469,0.5265220905295473,0.0,0.0,0.0,0.0,2.49999999975,1.482676986842103,0.3551158446526958,stiff,dispersion,1.0
adaptive n0=1.0,30020,1.0095906717813872,0.9101652538499717,0.10078328592813872,0.1144909544918079,0.5432303872105877,0.0,-0.003515625,0.0,0.0,2.49999999975,1.5255918946981786,0.35607844345427636,stiff,dispersion,1.0
adaptive n0=1.0,30021,0.9675223949061206,0.8689888392887257,0.09675223949061205,0.12234119414493634,0.5590869793368306,0.0,0.0,0.0,0.0,2.4999999997499995,1.4713374569920006,0.37998555442191145,stiff,dispersion,1.0
adaptive n0=1.0,30022,0.9516686661937359,0.8535996519112403,0.09484785620270693,0.12956375718270524,0.6231252738636868,0.0,-0.006380208333333333,0.0,0.0,2.4999999997500004,1.4455650218807872,0.43106001074441785,stiff,dispersion,1.0
adaptive n0=1.0,30023,0.9685034444927201,0.8726952354347138,0.09685034444927201,0.12099010328127076,0.5542258370390859,0.0,0.0,0.0,0.0,2.4999999997500004,1.5053152078247007,0.3681792585089112,stiff,dispersion,1.0
adaptive n0=1.0,30024,0.9753058263240997,0.8772536977934762,0.09753058263240996,0.12440401490838729,0.5691464307141523,0.0,0.0,0.0,0.0,2.49999999975,1.4981601640923912,0.379896919138115,stiff,dispersion,1.0
adaptive n0=1.0,30025,0.9449969641999298,0.8493691225503583,0.09434344641999298,0.12224802000052667,0.578361090033195,0.0,-0.003125,0.0,0.0,2.49999999975,1.474923941158095,0.39212943386021104,stiff,dispersion,1.0
adaptive n0=1.0,30026,1.0067590775448576,0.9061695062911835,0.10061731400448577,0.12219982875927017,0.5698988169075837,0.0,-0.001171875,0.0,0.0,2.49999999975,1.4990111501705603,0.38018317398288837,stiff,dispersion,1.0
adaptive n0=1.0,30027,0.9853389632162486,0.8860490073486708,0.09831905257162485,0.12472084618716771,0.5914135603510285,0.0,-0.004296875,0.0,0.0,2.49999999975,1.488870696088743,0.3972229166069757,stiff,dispersion,1.0
adaptive n0=1.0,30028,0.9498992010568788,0.8520093756017757,0.09433236802235453,0.1296418890162357,0.6311019914612062,0.0,-0.013151041666666667,0.0,0.0,2.49999999975,1.5029126996123137,0.419919261859989,stiff,dispersion,1.0
adaptive n0=1.0,30029,0.9895501949039778,0.8915610960322298,0.09885736324039779,0.11667281071407949,0.5491708032881525,0.0,-0.001953125,0.0,0.0,2.49999999975,1.4936688724635054,0.36766569446038333,stiff,dispersion,1.0
adaptive n0=1.0,30030,0.9386796868197724,0.8412135363211011,0.09386796868197725,0.12310295432275231,0.555721812004188,0.0,0.0,0.0,0.0,2.49999999975,1.4212437935820805,0.3910108979991079,stiff,dispersion,1.0
adaptive n0=1.0,30031,0.9825555446675592,0.8824762903340067,0.09807326280008925,0.12641411278301196,0.6006872634197398,0.0,-0.0036458333333333334,0.0,0.0,2.49999999975,1.5064321482532075,0.3987483034773722,stiff,dispersion,1.0
adaptive n0=1.0,30032,0.9840003084167125,0.8851243167257763,0.09837398917500458,0.12187581517517904,0.5670955769316165,0.0,-0.0005208333333333333,0.0,0.0,2.49999999975,1.5708599517093742,0.3610096344454615,stiff,dispersion,1.0
adaptive n0=1.0,30033,0.9970440403609103,0.8958200713647377,0.09965883111942438,0.12743816397242352,0.5976819007615432,0.0,-0.0009114583333333333,0.0,0.0,2.49999999975,1.4239955654118956,0.41972174301586507,stiff,dispersion,1.0
adaptive n0=1.0,30034,0.9757950546522982,0.8777602924089147,0.09757950546522982,0.11088616980092371,0.5059236532728787,0.0,0.0,0.0,0.0,2.49999999975,1.4891620334986915,0.3397371420249301,stiff,dispersion,1.0
adaptive n0=1.0,30035,0.986498486736298,0.8864090446597369,0.0986498486736298,0.13172791385738591,0.6054013012762475,0.0,0.0,0.0,0.0,2.49999999975,1.4404423281782077,0.42028846933561426,stiff,dispersion,1.0
adaptive n0=1.0,30036,0.9781027162576084,0.8787733459190443,0.09740011537576083,0.12471637292661478,0.598573317882544,0.0,-0.008203125,0.0,0.0,2.49999999975,1.470216370800968,0.40713280695986515,stiff,dispersion,1.0
adaptive n0=1.0,30037,0.9585112684650896,0.8619471208448859,0.09570138726317563,0.11753776772397265,0.5528878776265191,0.0,-0.002994791666666667,0.0,0.0,2.4999999997500004,1.4341883624324332,0.3855057620805137,stiff,dispersion,1.0
adaptive n0=1.0,30038,0.9730604987682516,0.8756842235254408,0.09730604987682516,0.12124463429823434,0.5437880240108325,0.0,0.0,0.0,0.0,2.49999999975,1.5130003573829933,0.35941037380282703,stiff,dispersion,1.0
adaptive n0=1.0,30039,0.9949755177406487,0.8953601593489584,0.09903531219073154,0.12408762934373067,0.6016425756239987,0.0,-0.009244791666666667,0.0,0.0,2.49999999975,1.5429464755778435,0.38993094390956085,stiff,dispersion,1.0
adaptive n0=1.0,30040,0.9945732950008439,0.89521400046557,0.09861748575008439,0.12141761635277018,0.5930484019383666,0.0,-0.016796875,0.0,0.0,2.49999999975,1.5158757411958592,0.39122494398552526,stiff,dispersion,1.0
adaptive n0=1.0,30041,0.9845882522329388,0.8847920862002977,0.09845882522329388,0.12382297629696448,0.5711478655289584,0.0,0.0,0.0,0.0,2.4999999997499995,1.5264718641397594,0.37416206544417885,stiff,dispersion,1.0
adaptive n0=1.0,30042,1.0146385707178744,0.9113020679767574,0.09904849248845413,0.11949049196771258,0.6104943597396759,0.0,-0.04830729166666667,0.0,0.0,2.49999999975,1.5431836353685648,0.39560707212519725,stiff,dispersion,1.0
adaptive n0=1.0,30043,1.001117665849169,0.8989586976619195,0.09979275616825023,0.12191879415049484,0.5834222761737728,0.0,-0.006380208333333333,0.0,0.0,2.49999999975,1.4762857611756468,0.39519603285285493,stiff,dispersion,1.0
adaptive n0=1.0,30044,0.965464527696176,0.8677923955100987,0.0965464527696176,0.11890740887967306,0.5220380274888348,0.0,0.0,0.0,0.0,2.49999999975,1.453985758451309,0.35903929901271914,stiff,dispersion,1.0
adaptive n0=1.0,30045,0.996183499703374,0.8962860144243949,0.0996183499703374,0.12077749946143672,0.5401635474255714,0.0,0.0,0.0,0.0,2.49999999975,1.5203123551601685,0.3552977423304988,stiff,dispersion,1.0
adaptive n0=1.0,30046,0.9840584114218046,0.8854874696308763,0.09801521614218046,0.12302559404194337,0.5863262161645844,0.0,-0.0078125,0.0,0.0,2.49999999975,1.5026031293429274,0.39020697129852155,stiff,dispersion,1.0
adaptive n0=1.0,30047,0.9917603981478559,0.891236769482883,0.09910442523145226,0.12625398503485089,0.5907544118562328,0.0,-0.0014322916666666666,0.0,0.0,2.49999999975,1.503088967601899,0.3930269096437791,stiff,dispersion,1.0
adaptive n0=1.0,30048,1.007546750507048,0.9064553197848608,0.10071561255070478,0.12452422204983092,0.5818111028080989,0.0,-0.00078125,0.0,0.0,2.4999999997499995,1.4744916477838184,0.3945841969892262,stiff,dispersion,1.0
adaptive n0=1.0,30049,0.9759218833443519,0.878814564798151,0.0974554695844352,0.1246721253901827,0.5895742208894708,0.0,-0.002734375,0.0,0.0,2.49999999975,1.4849093843589305,0.39704390523735794,stiff,dispersion,1.0
adaptive n0=0.02,30000,1.1321572801678172,1.0177161988351509,0.10031859260011507,0.1276961988039179,0.5897000128342884,0.0,-0.25794270833333327,0.0,0.0,2.49999999975,1.4452003480192115,0.4080403202521574,weak,true,0.02
adaptive n0=0.02,30001,1.1133326373056396,1.0006616009811378,0.09766789914723062,0.11790248998018421,0.5511451079804337,0.0,-0.2733072916666668,0.0,0.0,2.49999999975,1.4761347588906466,0.37337045595663193,weak,true,0.02
adaptive n0=0.02,30002,1.1159635718255807,1.0020529280660546,0.09862760718255806,0.1204911020287024,0.5679497109939539,0.0,-0.2593750000000001,0.0,0.0,2.49999999975,1.4724519884719414,0.3857169642477457,weak,true,0.02
adaptive n0=0.02,30003,1.1082080967222705,0.9952543263369238,0.09714893467222704,0.1258165300553527,0.5768138466464183,0.0,-0.27343749999999994,0.0,0.0,2.49999999975,1.4107731748601022,0.40886363373305384,weak,true,0.02
adaptive n0=0.02,30004,1.1015686488169576,0.9883268620014336,0.0961790002983624,0.1226381960628691,0.5644774677588825,0.0,-0.2795572916666666,0.0,0.0,2.49999999975,1.4820637437027773,0.38087259752309716,weak,true,0.02
adaptive n0=0.02,30005,1.1229968017735303,1.0075690309170262,0.09819811767735305,0.12718053312483174,0.5587969746378862,0.0,-0.28203125,0.0,0.0,2.49999999975,1.4487494220931072,0.38570988613790375,weak,true,0.02
adaptive n0=0.02,30006,1.0148399292304724,0.9080384864904847,0.0852209720897139,0.10396487838399562,0.4962342140997789,0.0,-0.32526041666666666,0.0,0.0,2.49999999975,1.457780950768897,0.34040382667783076,weak,true,0.02
adaptive n0=0.02,30007,1.0955285690125045,0.9821283921220426,0.0952690027345838,0.12109251835663692,0.5822188227706201,0.0,-0.2856770833333333,0.0,0.0,2.49999999975,1.4220040636287206,0.4094354141892488,weak,true,0.02
adaptive n0=0.02,30008,1.096398523017335,0.9817314670073477,0.09208776896840018,0.12397491387472036,0.5863974619539831,0.0,-0.3510416666666667,0.0,0.0,2.49999999975,1.407099000285669,0.4167421495111096,weak,true,0.02
adaptive n0=0.02,30009,1.1483824173027155,1.0332827797377782,0.10063902298027154,0.12534537781593927,0.5651550223567156,0.0,-0.283984375,0.0,0.0,2.49999999975,1.4466405702596683,0.3906672009449256,weak,true,0.02
adaptive n0=0.02,30010,1.0368335797675265,0.9273831399359191,0.09030445172675268,0.12499829994398926,0.5721846359369666,0.0,-0.26757812499999994,0.0,0.0,2.49999999975,1.388639494128907,0.4120469267625848,weak,true,0.02
adaptive n0=0.02,30011,1.1193548877211135,1.0051971050809794,0.09881699918877802,0.12309368967526754,0.546276978398304,0.0,-0.26236979166666663,0.0,0.0,2.49999999975,1.4285802811317938,0.38239151527803233,weak,true,0.02
adaptive n0=0.02,30012,1.0517337964268372,0.9450731691941016,0.09294030672601705,0.11111641584029441,0.5123943047312414,0.0,-0.24466145833333341,0.0,0.0,2.49999999975,1.4079480500596033,0.36392983726178674,weak,true,0.02
adaptive n0=0.02,30013,1.061699304592325,0.9508437362949357,0.09170378462589919,0.1189662141273024,0.5596668225392732,0.0,-0.2893229166666667,0.0,0.0,2.49999999975,1.4765857861092813,0.3790276378143685,weak,true,0.02
adaptive n0=0.02,30014,1.0495547596761423,0.9371067936088582,0.09022891346761423,0.12330681207716106,0.5642930199475309,0.0,-0.29453125,0.0,0.0,2.49999999975,1.4229564665585697,0.39656379742401926,weak,true,0.02
adaptive n0=0.02,30015,1.0815720642509692,0.9686648955232499,0.09488246684176357,0.12600936724675255,0.59666238878081,0.0,-0.2654947916666668,0.0,0.0,2.49999999975,1.4813276513024074,0.40278893616561784,weak,true,0.02
adaptive n0=0.02,30016,1.099515809175583,0.9854237518946224,0.09614298716755831,0.12492897545269363,0.5847606621986201,0.0,-0.27617187499999996,0.0,0.0,2.49999999975,1.494680054846934,0.39122798240490597,weak,true,0.02
adaptive n0=0.02,30017,1.0841605564392145,0.9712797546634638,0.09199027439392146,0.12231530115015328,0.5957205362876457,0.0,-0.3285156250000001,0.0,0.0,2.49999999975,1.3525153691434304,0.4404538017670919,weak,true,0.02
adaptive n0=0.02,30018,1.1311799313327056,1.0167710196401951,0.09956981604993721,0.11372748409295756,0.5184700441716259,0.0,-0.2709635416666666,0.0,0.0,2.49999999975,1.4589740888440548,0.3553661769157324,weak,true,0.02
adaptive n0=0.02,30019,1.1109735443869229,0.9968090240209075,0.09718459402202562,0.1188176236584875,0.5250240343397418,0.0,-0.27825520833333334,0.0,0.0,2.49999999975,1.4346346486404082,0.36596358162498227,weak,true,0.02
adaptive n0=0.02,30020,1.1361315446119917,1.0234631345993868,0.10129544612786583,0.1144203056330592,0.5428951763892228,0.0,-0.2463541666666667,0.0,0.0,2.49999999975,1.482500132085466,0.36620244723049034,weak,true,0.02
adaptive n0=0.02,30021,1.0610555133536768,0.9511068070264825,0.09317586383536768,0.12230946225515685,0.5589419677850842,0.0,-0.25859375000000007,0.0,0.0,2.49999999975,1.4624202542035005,0.3822033824945272,weak,true,0.02
adaptive n0=0.02,30022,1.1178827772858952,1.002284521646555,0.09490676731192285,0.12956375718270524,0.6231252738636868,0.0,-0.33763020833333335,0.0,0.0,2.49999999975,1.4676847300434792,0.42456343730252416,weak,true,0.02
adaptive n0=0.02,30023,1.0808340523255802,0.9681504275710888,0.08792064481589132,0.12079955049977126,0.5533529617214976,0.0,-0.40325520833333345,0.0,0.0,2.49999999975,1.3065278433090324,0.42352940624673185,weak,true,0.02
adaptive n0=0.02,30024,1.1118141523061726,0.9982403403524316,0.09692360273061726,0.12439502085108212,0.5691052830420563,0.0,-0.28515625000000006,0.0,0.0,2.49999999975,1.48873990949155,0.3822731421477262,weak,true,0.02
adaptive n0=0.02,30025,1.089967685600826,0.9806951707282738,0.09676369564341596,0.12250857195614401,0.5795937734996469,0.0,-0.24466145833333336,0.0,0.0,2.4999999997500004,1.5085946176522944,0.3841945123744525,weak,true,0.02
adaptive n0=0.02,30026,1.086254009340322,0.9725900610901842,0.09076081760069885,0.12219982875927017,0.5698988169075837,0.0,-0.3572916666666667,0.0,0.0,2.49999999975,1.3621874548328377,0.41837033140018126,weak,true,0.02
adaptive n0=0.02,30027,1.0506229231323332,0.9410611273227214,0.09193078189656664,0.12437907594141788,0.5897929206260732,0.0,-0.2626302083333333,0.0,0.0,2.4999999997500004,1.4062026855680723,0.41942241092208626,weak,true,0.02
adaptive n0=0.02,30028,1.0629400613254667,0.9536206880392949,0.09287603738254666,0.1296418890162357,0.6311019914612062,0.0,-0.268359375,0.0,0.0,2.49999999975,1.4066991949227772,0.44864033031301437,weak,true,0.02
adaptive n0=0.02,30029,1.000357385191303,0.8958980149680351,0.086702405185797,0.11667281071407949,0.5491708032881525,0.0,-0.2666666666666666,0.0,0.0,2.49999999975,1.3874379651282849,0.3958164740269128,weak,true,0.02
adaptive n0=0.02,30030,1.0743139284837255,0.9594483288697144,0.08852514284837255,0.12310295432275231,0.555721812004188,0.0,-0.378125,0.0,0.0,2.49999999975,1.2375201953274102,0.4490608024842463,weak,true,0.02
adaptive n0=0.02,30031,1.139341861735799,1.0231707301815158,0.0994875715902466,0.12641411278301196,0.6006872634197398,0.0,-0.28893229166666656,0.0,0.0,2.49999999975,1.5574769867069347,0.3856797041282826,weak,true,0.02
adaptive n0=0.02,30032,1.0819561346054143,0.9696311588649064,0.09439353012720808,0.12187581517517904,0.5670955769316165,0.0,-0.2760416666666667,0.0,0.0,2.49999999975,1.4486783060888195,0.3914572162419387,weak,true,0.02
adaptive n0=0.02,30033,1.1484889378497447,1.031979539701862,0.10149602920164114,0.12743816397242352,0.5976819007615432,0.0,-0.2670572916666667,0.0,0.0,2.49999999975,1.4902533189662384,0.40106060704910507,weak,true,0.02
adaptive n0=0.02,30034,1.0894450108265092,0.9779558651571805,0.09511637608265093,0.11051172048367214,0.5042152096780683,0.0,-0.27656249999999993,0.0,0.0,2.4999999997500004,1.4158665856111547,0.35611774075480795,weak,true,0.02
adaptive n0=0.02,30035,1.1326548267805845,1.017052296941378,0.0997954305947251,0.13172791385738591,0.6054013012762475,0.0,-0.2694010416666666,0.0,0.0,2.49999999975,1.4021399152291574,0.43176953647832234,weak,true,0.02
adaptive n0=0.02,30036,1.11724203913719,1.0042755125307585,0.09869686016371901,0.12471637292661478,0.598573317882544,0.0,-0.26054687499999996,0.0,0.0,2.49999999975,1.5038792369673657,0.3980195371867702,weak,true,0.02
adaptive n0=0.02,30037,1.0611385169102656,0.9506805169882189,0.08892635169102656,0.11753776772397265,0.5528878776265191,0.0,-0.34375,0.0,0.0,2.49999999975,1.2811325830061746,0.43156179536794625,weak,true,0.02
adaptive n0=0.02,30038,1.0961986967207107,0.9833940220291895,0.09487377592207107,0.12124463429823434,0.5437880240108325,0.0,-0.294921875,0.0,0.0,2.4999999997500004,1.4838615722099922,0.36646816266084764,weak,true,0.02
adaptive n0=0.02,30039,1.0255475427716587,0.9205794537334122,0.09079694177716588,0.12408762934373067,0.6016425756239987,0.0,-0.23515624999999996,0.0,0.0,2.49999999975,1.316137513175108,0.4571274426883933,weak,true,0.02
adaptive n0=0.02,30040,1.0729038064909555,0.9649319546342495,0.09603387023242885,0.12141761635277018,0.5930484019383666,0.0,-0.22513020833333347,0.0,0.0,2.49999999975,1.4862628300250245,0.39901987048171106,weak,true,0.02
adaptive n0=0.02,30041,1.1021092318453083,0.9890198563305848,0.09525649610119749,0.12382297629696448,0.5711478655289584,0.0,-0.29908854166666676,0.0,0.0,2.49999999975,1.4865467754513537,0.3842111630530719,weak,true,0.02
adaptive n0=0.02,30042,1.1052789306427115,0.9946760839264073,0.09901747639760447,0.11949049196771258,0.6104943597396759,0.0,-0.2302083333333333,0.0,0.0,2.49999999975,1.4573586526402647,0.4189046798011297,weak,true,0.02
adaptive n0=0.02,30043,1.1036089792464743,0.9892643760244139,0.09699501250798077,0.12191879415049484,0.5834222761737728,0.0,-0.2673177083333333,0.0,0.0,2.49999999975,1.4116084597801155,0.4133031876733381,weak,true,0.02
adaptive n0=0.02,30044,1.0929268471417586,0.9797503975546173,0.09305570554750921,0.11890740887967306,0.5220380274888348,0.0,-0.3247395833333333,0.0,0.0,2.49999999975,1.4074666304165073,0.37090614882595807,weak,true,0.02
adaptive n0=0.02,30045,1.0881294741936909,0.9754601556548846,0.0964106036693691,0.12077749946143672,0.5401635474255714,0.0,-0.24804687499999994,0.0,0.0,2.49999999975,1.4963071911004282,0.36099776211615964,weak,true,0.02
adaptive n0=0.02,30046,0.9733318730151539,0.8703280832733609,0.08470948938484872,0.12302559404194337,0.5863262161645844,0.0,-0.25247395833333325,0.0,0.0,2.49999999975,1.4041154535839002,0.41757692693149295,weak,true,0.02
adaptive n0=0.02,30047,1.1140376652462138,0.9993785790397162,0.0983503811079547,0.12625398503485089,0.5907544118562328,0.0,-0.2610677083333334,0.0,0.0,2.49999999975,1.5123693940826137,0.3906151593437778,weak,true,0.02
adaptive n0=0.02,30048,1.1462010633008541,1.0298938497375805,0.10076593966341876,0.12452422204983092,0.5818111028080989,0.0,-0.2770833333333333,0.0,0.0,2.49999999975,1.4602176262871858,0.3984413640365633,weak,true,0.02
adaptive n0=0.02,30049,1.0763328612674354,0.9683262544341247,0.09547182779341021,0.1246721253901827,0.5895742208894708,0.0,-0.24322916666666666,0.0,0.0,2.49999999975,1.4480854223691568,0.40714049860738954,weak,true,0.02
adaptive n0=0.05,30000,1.131760954516942,1.01736068904324,0.10031802253502756,0.1276961988039179,0.5897000128342884,0.0,-0.2571614583333332,0.0,0.0,2.49999999975,1.4479827510980452,0.40725624140695227,weak,true,0.05
adaptive n0=0.05,30001,1.1152365227429069,1.0024258743085608,0.09774110019095736,0.11791295791316422,0.5511940412137656,0.0,-0.27565104166666676,0.0,0.0,2.49999999975,1.4785155905615022,0.37280231925348606,weak,true,0.05
adaptive n0=0.05,30002,1.1176153746419157,1.0034485347940638,0.0986300270475249,0.1204911020287024,0.5679497109939539,0.0,-0.2626302083333334,0.0,0.0,2.49999999975,1.4710626823790112,0.3860812443936531,weak,true,0.05
adaptive n0=0.05,30003,1.1078734715612153,0.9949500714992017,0.09713500340612151,0.1258165300553527,0.5768138466464183,0.0,-0.2730468749999999,0.0,0.0,2.49999999975,1.4106006258531592,0.4089136471902172,weak,true,0.05
adaptive n0=0.05,30004,1.1016372457310024,0.9883916770133611,0.09631606832310022,0.1226381960628691,0.5644774677588825,0.0,-0.27695312499999986,0.0,0.0,2.49999999975,1.481565859703027,0.3810005907344743,weak,true,0.05
adaptive n0=0.05,30005,1.1011786448291394,0.987917886339943,0.09608791656624727,0.12718053312483174,0.5587969746378862,0.0,-0.2805989583333333,0.0,0.0,2.49999999975,1.4526316327869986,0.38467906248591477,weak,true,0.05
adaptive n0=0.05,30006,1.0202336241001675,0.9131823215930392,0.0853697165766834,0.10396487838399562,0.4962342140997789,0.0,-0.3330729166666667,0.0,0.0,2.4999999997500004,1.427213178589037,0.3476945291314946,weak,true,0.05
adaptive n0=0.05,30007,1.0868277773775286,0.9750553848785317,0.09478303815441953,0.1212319010748888,0.5828889817799172,0.0,-0.27799479166666663,0.0,0.0,2.4999999997500004,1.4875132531983533,0.3918546476991903,weak,true,0.05
adaptive n0=0.05,30008,1.0926890512515517,0.9786915293453105,0.09228973845848852,0.12397491387472036,0.5863974619539831,0.0,-0.3395833333333333,0.0,0.0,2.49999999975,1.4228200414478218,0.41213747689221575,weak,true,0.05
adaptive n0=0.05,30009,1.1578957051001413,1.0414985657518334,0.1007179559266808,0.12534537781593927,0.5651550223567156,0.0,-0.30143229166666663,0.0,0.0,2.49999999975,1.5389440620700299,0.3672355846362128,weak,true,0.05
adaptive n0=0.05,30010,1.0406616101850605,0.9307040842338005,0.09040079643517271,0.12499829994398926,0.5721846359369666,0.0,-0.2733072916666666,0.0,0.0,2.49999999975,1.386990174183806,0.41253690659609515,weak,true,0.05
adaptive n0=0.05,30011,1.1238939336802003,1.0092369418799374,0.09902350795135337,0.12309368967526754,0.546276978398304,0.0,-0.26731770833333335,0.0,0.0,2.4999999997499995,1.4306028162416355,0.3818509038262897,weak,true,0.05
adaptive n0=0.05,30012,1.0622190063293624,0.9542367178535046,0.09341591104960292,0.1113434895410519,0.513441416178659,0.0,-0.2561197916666667,0.0,0.0,2.49999999975,1.4631230657313066,0.35092155144313014,weak,true,0.05
adaptive n0=0.05,30013,1.0816558469658446,0.9695332799378574,0.09388824094658448,0.1189662141273024,0.5596668225392732,0.0,-0.28554687500000003,0.0,0.0,2.49999999975,1.5078919522066343,0.37115843858723585,weak,true,0.05
adaptive n0=0.05,30014,1.0507095778750606,0.9383170598633979,0.0911972598708394,0.12330681207716106,0.5642930199475309,0.0,-0.2774739583333334,0.0,0.0,2.4999999997500004,1.4414659621500672,0.3914716231702347,weak,true,0.05
adaptive n0=0.05,30015,1.0698178091358257,0.9580476227921667,0.09421485383024926,0.12600936724675255,0.59666238878081,0.0,-0.2553385416666667,0.0,0.0,2.4999999997500004,1.5029492058500105,0.3969943804211006,weak,true,0.05
adaptive n0=0.05,30016,1.1052917342453523,0.990630050274844,0.09664245467453524,0.12478017521773467,0.5840641662607113,0.0,-0.2777343749999999,0.0,0.0,2.49999999975,1.4796609506525762,0.3947283774726372,weak,true,0.05
adaptive n0=0.05,30017,1.0884302018607461,0.9753149462390707,0.09233260351940795,0.12231530115015328,0.5957205362876457,0.0,-0.3302083333333333,0.0,0.0,2.49999999975,1.4259860866125718,0.4177604128682483,weak,true,0.05
adaptive n0=0.05,30018,1.1284876201760596,1.0144608215328592,0.09954798076760599,0.11372748409295756,0.5184700441716259,0.0,-0.2660156249999999,0.0,0.0,2.49999999975,1.4575453860484813,0.3557145109403683,weak,true,0.05
adaptive n0=0.05,30019,1.067298761835938,0.9568655435521517,0.09385227201692713,0.1184365403577978,0.5233401268032413,0.0,-0.2575520833333333,0.0,0.0,2.49999999975,1.3806320979220168,0.3790583513094605,weak,true,0.05
adaptive n0=0.05,30020,1.1368930337381005,1.0240949485638102,0.10131300129047674,0.11444934393758868,0.5430329557402948,0.0,-0.24752604166666664,0.0,0.0,2.49999999975,1.5002118368126478,0.361970851325919,weak,true,0.05
adaptive n0=0.05,30021,1.062013674589105,0.9519181316923607,0.0931740237089105,0.12219688935054929,0.5584275209086081,0.0,-0.26054687500000007,0.0,0.0,2.49999999975,1.430785346044854,0.3902944089078627,weak,true,0.05
adaptive n0=0.05,30022,1.1071848191327278,0.9931234269491129,0.09495676316327277,0.12956375718270524,0.6231252738636868,0.0,-0.315234375,0.0,0.0,2.4999999997500004,1.479839329768713,0.4210763028990967,weak,true,0.05
adaptive n0=0.05,30023,1.0822566837644503,0.9694229355124525,0.08804988712644503,0.12085769809580692,0.553619321524578,0.0,-0.4035156250000001,0.0,0.0,2.49999999975,1.367188240275682,0.4049327702035715,weak,true,0.05
adaptive n0=0.05,30024,1.1119215368335682,0.9983386609970648,0.09692783076669015,0.12439505966718536,0.5691054606251241,0.0,-0.2852864583333333,0.0,0.0,2.49999999975,1.488780564955842,0.38226282235354414,weak,true,0.05
adaptive n0=0.05,30025,1.0903718651819077,0.9810416646340744,0.09676505110152411,0.12253387754721225,0.5797134954324366,0.0,-0.24544270833333337,0.0,0.0,2.49999999975,1.5118648152155143,0.3834426792648119,weak,true,0.05
adaptive n0=0.05,30026,1.0743885691815969,0.9615644657770268,0.08998442983482637,0.12219982875927017,0.5698988169075837,0.0,-0.34908854166666675,0.0,0.0,2.49999999975,1.3024444458947633,0.43756094066343865,weak,true,0.05
adaptive n0=0.05,30027,1.0496515816697571,0.9402256479407336,0.09191828316697571,0.12433541520749151,0.5895858858689471,0.0,-0.2609375,0.0,0.0,2.49999999975,1.40103495581429,0.4208216814449688,weak,true,0.05
adaptive n0=0.05,30028,1.0868841026098324,0.9758401980353806,0.09413111859431655,0.1296418890162357,0.6311019914612062,0.0,-0.2911458333333332,0.0,0.0,2.49999999975,1.540226941302485,0.4097461059391144,weak,true,0.05
adaptive n0=0.05,30029,1.004973335204201,0.9002236277997825,0.08737233352042009,0.11667281071407949,0.5491708032881525,0.0,-0.26249999999999996,0.0,0.0,2.49999999975,1.3769637946368751,0.3988273369475024,weak,true,0.05
adaptive n0=0.05,30030,1.083535348992482,0.9678311495645624,0.08921942031591487,0.12310295432275231,0.555721812004188,0.0,-0.3826822916666667,0.0,0.0,2.49999999975,1.2610721739776238,0.4406740735951316,weak,true,0.05
adaptive n0=0.05,30031,1.1415030098873244,1.0251173267728109,0.09950186348873244,0.12641411278301196,0.6006872634197398,0.0,-0.29296875,0.0,0.0,2.49999999975,1.5618166769564357,0.3846080479754635,weak,true,0.05
adaptive n0=0.05,30032,1.0951640928315924,0.9820226524016819,0.09566224261649259,0.12187581517517904,0.5670955769316165,0.0,-0.27708333333333335,0.0,0.0,2.49999999975,1.4739543060362283,0.3847443401801615,weak,true,0.05
adaptive n0=0.05,30033,1.1481370785515301,1.0316651022437786,0.10148688493848634,0.12743816397242352,0.5976819007615432,0.0,-0.26653645833333334,0.0,0.0,2.49999999975,1.490166071817705,0.4010840885891937,weak,true,0.05
adaptive n0=0.05,30034,1.0917277122421907,0.9800194931963639,0.09514933372421909,0.1106409148643079,0.5048046654519571,0.0,-0.28046875000000004,0.0,0.0,2.4999999997500004,1.4411553484876765,0.3502777587313473,weak,true,0.05
adaptive n0=0.05,30035,1.13231514851069,1.0167493470485989,0.09976797318440234,0.13172791385738591,0.6054013012762475,0.0,-0.26927083333333324,0.0,0.0,2.49999999975,1.4021458953562753,0.4317676949889864,weak,true,0.05
adaptive n0=0.05,30036,1.1173082567573933,1.0043430484772191,0.09865790900907265,0.12471637292661478,0.598573317882544,0.0,-0.2614583333333332,0.0,0.0,2.49999999975,1.5019850634440899,0.3985214849673672,weak,true,0.05
adaptive n0=0.05,30037,1.0610017289060205,0.9505868247371391,0.08891918330726874,0.11753776772397265,0.5528878776265191,0.0,-0.3436197916666666,0.0,0.0,2.49999999975,1.2795421128925846,0.4320982264324528,weak,true,0.05
adaptive n0=0.05,30038,1.081977579100001,0.9709590167929362,0.09492301832666676,0.12124463429823434,0.5437880240108325,0.0,-0.26549479166666673,0.0,0.0,2.49999999975,1.5007604489102113,0.36234165446304795,weak,true,0.05
adaptive n0=0.05,30039,1.03075768462539,0.9253078091545107,0.091064049712539,0.12408762934373067,0.6016425756239987,0.0,-0.240234375,0.0,0.0,2.49999999975,1.3275035707522678,0.4532135271644209,weak,true,0.05
adaptive n0=0.05,30040,1.0732014736935982,0.9652115492284115,0.09605712653602648,0.12141761635277018,0.5930484019383666,0.0,-0.2252604166666668,0.0,0.0,2.49999999975,1.4866711743702994,0.39891027159355574,weak,true,0.05
adaptive n0=0.05,30041,1.1188920487600227,1.0037199566873607,0.09596472570933559,0.12382297629696448,0.5711478655289584,0.0,-0.31848958333333344,0.0,0.0,2.49999999975,1.4933166122274193,0.38246937109809465,weak,true,0.05
adaptive n0=0.05,30042,1.0970437367441765,0.9875527709502158,0.09916400909108433,0.11949049196771258,0.6104943597396759,0.0,-0.21080729166666662,0.0,0.0,2.49999999975,1.4842012934109134,0.4113285458313204,weak,true,0.05
adaptive n0=0.05,30043,1.1023683810755665,0.988140078797026,0.09691652560755666,0.12191879415049484,0.5834222761737728,0.0,-0.26640624999999996,0.0,0.0,2.49999999975,1.4128505792496786,0.4129398286997981,weak,true,0.05
adaptive n0=0.05,30044,1.0930136808883897,0.9798375887187483,0.09307740975550563,0.11890740887967306,0.5220380274888348,0.0,-0.32447916666666665,0.0,0.0,2.49999999975,1.4073304546682908,0.3709420383515254,weak,true,0.05
adaptive n0=0.05,30045,1.0888939635445318,0.9761249265927329,0.09644147968778653,0.12077749946143672,0.5401635474255714,0.0,-0.24895833333333323,0.0,0.0,2.49999999975,1.499107901532691,0.36032332754253854,weak,true,0.05
adaptive n0=0.05,30046,0.9930949104415656,0.8885595405876919,0.08687459521082325,0.12302559404194337,0.5863262161645844,0.0,-0.24869791666666663,0.0,0.0,2.49999999975,1.4201612386334412,0.41285890659062086,weak,true,0.05
adaptive n0=0.05,30047,1.1135085666286806,0.9989340488685845,0.09834955457953473,0.12625398503485089,0.5907544118562328,0.0,-0.26002604166666676,0.0,0.0,2.49999999975,1.5033414122651543,0.392960911630922,weak,true,0.05
adaptive n0=0.05,30048,1.1456602944841645,1.0294068806000505,0.10075092528174975,0.12452422204983092,0.5818111028080989,0.0,-0.27630208333333334,0.0,0.0,2.49999999975,1.4570506374142356,0.3993074007644743,weak,true,0.05
adaptive n0=0.05,30049,1.0806430398279452,0.9714913105786022,0.09471794981612786,0.1246721253901827,0.5895742208894708,0.0,-0.2669270833333333,0.0,0.0,2.49999999975,1.4333710935224477,0.4113200158380601,weak,true,0.05
adaptive n0=0.1,30000,1.1326169834227104,1.0181080599213999,0.10031247959227105,0.1276961988039179,0.5897000128342884,0.0,-0.25898437499999993,0.0,0.0,2.49999999975,1.4501161382117658,0.40665709269430417,weak,true,0.1
adaptive n0=0.1,30001,1.1096538284823882,0.9974840589866103,0.09767111201490548,0.11803680162052466,0.5517729590421959,0.0,-0.26588541666666665,0.0,0.0,2.49999999975,1.5066826624454195,0.36621710250958983,weak,true,0.1
adaptive n0=0.1,30002,1.0905352686697305,0.9794376268537813,0.09792071436697306,0.1204911020287024,0.5679497109939539,0.0,-0.22265624999999994,0.0,0.0,2.49999999975,1.4327636903781031,0.3964015244161256,weak,true,0.1
adaptive n0=0.1,30003,1.1071247008091214,0.9942801175352517,0.09709918883091215,0.1258165300553527,0.5768138466464183,0.0,-0.2722656249999999,0.0,0.0,2.49999999975,1.408625953874258,0.40948687979229725,weak,true,0.1
adaptive n0=0.1,30004,1.101549076184459,0.9883107494889691,0.09630725136844592,0.1226381960628691,0.5644774677588825,0.0,-0.2769531249999999,0.0,0.0,2.49999999975,1.4813324744383678,0.3810606177204739,weak,true,0.1
adaptive n0=0.1,30005,1.0975227009894177,0.9845452771422583,0.09584602009894179,0.12718053312483174,0.5587969746378862,0.0,-0.27812499999999996,0.0,0.0,2.49999999975,1.4460347447704995,0.3864339889886761,weak,true,0.1
adaptive n0=0.1,30006,1.0274118029973969,0.9198691107187107,0.08576852404973968,0.10396487838399562,0.4962342140997789,0.0,-0.33945312499999997,0.0,0.0,2.49999999975,1.4197054258910264,0.34953322361808653,weak,true,0.1
adaptive n0=0.1,30007,1.0936306571016456,0.9791129422153416,0.09163520112683123,0.12116477018746571,0.5825662131499685,0.0,-0.3545572916666667,0.0,0.0,2.49999999975,1.4559620674750247,0.40012458165223574,weak,true,0.1
adaptive n0=0.1,30008,1.0839451950575123,0.9712288551330354,0.09239842575575123,0.12397491387472036,0.5863974619539831,0.0,-0.31992187499999997,0.0,0.0,2.49999999975,1.4327705593451474,0.409275203297029,weak,true,0.1
adaptive n0=0.1,30009,1.151122182698361,1.0356983424409092,0.1006851349365028,0.12534537781593927,0.5651550223567156,0.0,-0.28854166666666664,0.0,0.0,2.49999999975,1.5045481789639192,0.3756310567242185,weak,true,0.1
adaptive n0=0.1,30010,1.0492468978578027,0.9389711312568779,0.0914416168691136,0.12499829994398926,0.5721846359369666,0.0,-0.26966145833333327,0.0,0.0,2.49999999975,1.379961407915606,0.41463814325158255,weak,true,0.1
adaptive n0=0.1,30011,1.115392391205279,1.001173771703171,0.09811475995386125,0.12309368967526754,0.546276978398304,0.0,-0.2684895833333333,0.0,0.0,2.49999999975,1.3999494953698606,0.3902119185049458,weak,true,0.1
adaptive n0=0.1,30012,1.050832882853977,0.9442167970295587,0.0928371945353977,0.11100057531956901,0.5118601260266105,0.0,-0.24492187500000007,0.0,0.0,2.49999999975,1.3798007898303717,0.3709666857702965,weak,true,0.1
adaptive n0=0.1,30013,1.096427902630895,0.9837209037095294,0.0966740402630895,0.1189662141273024,0.5596668225392732,0.0,-0.259375,0.0,0.0,2.49999999975,1.402747292711729,0.3989790787315298,weak,true,0.1
adaptive n0=0.1,30014,1.0496075540891416,0.9372732526080784,0.09108054707558083,0.12330681207716106,0.5642930199475309,0.0,-0.27760416666666665,0.0,0.0,2.49999999975,1.4680503111685343,0.3843826166273325,weak,true,0.1
adaptive n0=0.1,30015,1.0673245899873538,0.9558191692651179,0.09402412566540204,0.12600936724675255,0.59666238878081,0.0,-0.25416666666666676,0.0,0.0,2.4999999997499995,1.4972715734255513,0.3984997774423304,weak,true,0.1
adaptive n0=0.1,30016,1.1165868728621429,1.0006416239784912,0.09559097895288096,0.12509840700094516,0.5855537280505883,0.0,-0.32135416666666666,0.0,0.0,2.49999999975,1.5117815740596,0.3873269380299403,weak,true,0.1
adaptive n0=0.1,30017,1.0682565583552208,0.9580602107522808,0.09252878083552207,0.12231530115015328,0.5957205362876457,0.0,-0.28593749999999996,0.0,0.0,2.49999999975,1.4915721785888847,0.39939102166093793,weak,true,0.1
adaptive n0=0.1,30018,1.1263758680962885,1.0124973019681003,0.09929774305962887,0.11372748409295756,0.5184700441716259,0.0,-0.2667968749999999,0.0,0.0,2.49999999975,1.458567752297609,0.35546517695520546,weak,true,0.1
adaptive n0=0.1,30019,1.0802201931607187,0.9682659076129632,0.0946366026494052,0.1181214237008008,0.5219477086294882,0.0,-0.2677083333333334,0.0,0.0,2.49999999975,1.3359775480614138,0.390685988238999,weak,true,0.1
adaptive n0=0.1,30020,1.1338629968524392,1.0215519097483876,0.10131598718524393,0.11441363346466263,0.5428635186513893,0.0,-0.24140625,0.0,0.0,2.49999999975,1.4784304910217814,0.3671890710778038,weak,true,0.1
adaptive n0=0.1,30021,1.0629023862475364,0.9528303030822837,0.09329544695808697,0.12210654565731552,0.5580146592972333,0.0,-0.25989583333333344,0.0,0.0,2.4999999997500004,1.4053972258028793,0.3970512030706828,weak,true,0.1
adaptive n0=0.1,30022,1.0800774738310677,0.9687026059995428,0.09509759113310676,0.12956375718270524,0.6231252738636868,0.0,-0.2582031249999999,0.0,0.0,2.49999999975,1.3718747262885773,0.45421441325730116,weak,true,0.1
adaptive n0=0.1,30023,1.0614642456384673,0.9514183971045326,0.08822324748051343,0.12091204729809335,0.553868281822261,0.0,-0.3584635416666666,0.0,0.0,2.49999999975,1.4238860990054567,0.38898355859300965,weak,true,0.1
adaptive n0=0.1,30024,1.1112651470620527,0.9977617962474998,0.09714865012287191,0.12439913694188523,0.5691241140933757,0.0,-0.27955729166666676,0.0,0.0,2.49999999975,1.493051047614103,0.38118195288957907,weak,true,0.1
adaptive n0=0.1,30025,1.0939295723210398,0.9843533511619139,0.09703618639877065,0.12254979458866797,0.5797887996986847,0.0,-0.24713541666666672,0.0,0.0,2.49999999975,1.5139217468256818,0.3829714454623285,weak,true,0.1
adaptive n0=0.1,30026,1.0795265413454782,0.9659918207325577,0.09017270621788115,0.12219982875927017,0.5698988169075837,0.0,-0.3555989583333334,0.0,0.0,2.49999999975,1.3136846604391845,0.4338170598087504,weak,true,0.1
adaptive n0=0.1,30027,1.0507840335063723,0.9415873733814859,0.0919794450173039,0.12468409905135126,0.5912393091725744,0.0,-0.26197916666666654,0.0,0.0,2.49999999975,1.4423055372392248,0.40992653353067576,weak,true,0.1
adaptive n0=0.1,30028,1.0997148461967907,0.9867835942517118,0.09429440128634572,0.1296418890162357,0.6311019914612062,0.0,-0.31354166666666666,0.0,0.0,2.49999999975,1.4270491615265046,0.44224264200269087,weak,true,0.1
adaptive n0=0.1,30029,1.0041058831955372,0.8992184016807205,0.08710329665288705,0.11667281071407949,0.5491708032881525,0.0,-0.2661458333333333,0.0,0.0,2.49999999975,1.3806875029835304,0.39775170130927395,weak,true,0.1
adaptive n0=0.1,30030,1.0760252559063352,0.9620007635928143,0.09028481725730017,0.12310295432275231,0.555721812004188,0.0,-0.34635416666666674,0.0,0.0,2.49999999975,1.3760158683935677,0.4038629384797477,weak,true,0.1
adaptive n0=0.1,30031,1.141583007847049,1.025180729601217,0.09949684245137155,0.12641411278301196,0.6006872634197398,0.0,-0.29322916666666665,0.0,0.0,2.49999999975,1.562514782503725,0.384436211513607,weak,true,0.1
adaptive n0=0.1,30032,1.0947354051664262,0.9816623034150473,0.09567145718330927,0.12187581517517904,0.5670955769316165,0.0,-0.27604166666666674,0.0,0.0,2.49999999975,1.47297497616449,0.38500014332102805,weak,true,0.1
adaptive n0=0.1,30033,1.1489848037611419,1.032215606307041,0.10135030329278086,0.12743816397242352,0.5976819007615432,0.0,-0.27096354166666675,0.0,0.0,2.49999999975,1.4400641931871896,0.41503837369828434,weak,true,0.1
adaptive n0=0.1,30034,1.0949459724183608,0.9829461718733481,0.09575110765850275,0.11067566461798832,0.5049632129278406,0.0,-0.27486979166666675,0.0,0.0,2.49999999975,1.4479573338102583,0.34874177652669114,weak,true,0.1
adaptive n0=0.1,30035,1.1314635985498351,1.0159421645792848,0.09961771402165019,0.13172791385738591,0.6054013012762475,0.0,-0.27057291666666655,0.0,0.0,2.49999999975,1.377111753074849,0.4396166831954579,weak,true,0.1
adaptive n0=0.1,30036,1.117744121249453,1.0047255167397673,0.09867545379161197,0.12471637292661478,0.598573317882544,0.0,-0.2619791666666666,0.0,0.0,2.49999999975,1.503821384561345,0.3980348491035349,weak,true,0.1
adaptive n0=0.1,30037,1.0598492124148433,0.9495049077338852,0.08893413999148432,0.11753776772397265,0.5528878776265191,0.0,-0.3410156250000001,0.0,0.0,2.49999999975,1.2836857816815546,0.4307034365545966,weak,true,0.1
adaptive n0=0.1,30038,1.081248413004257,0.9702059646104604,0.09466129963375902,0.12124463429823434,0.5437880240108325,0.0,-0.2692708333333334,0.0,0.0,2.49999999975,1.4805860241659647,0.3672789119545796,weak,true,0.1
adaptive n0=0.1,30039,1.028318305007505,0.9232413170103692,0.09123026800075053,0.12408762934373067,0.6016425756239987,0.0,-0.23203124999999997,0.0,0.0,2.4999999997500004,1.3098494592722272,0.459321925405291,weak,true,0.1
adaptive n0=0.1,30040,1.074280141270284,0.966200976940783,0.0961194203770284,0.12141761635277018,0.5930484019383666,0.0,-0.22617187500000008,0.0,0.0,2.4999999997500004,1.4831476162186035,0.399857974656891,weak,true,0.1
adaptive n0=0.1,30041,1.1189142906594192,1.0037449716499596,0.09600601239927524,0.12382297629696448,0.5711478655289584,0.0,-0.3177083333333335,0.0,0.0,2.49999999975,1.4913704549183826,0.3829684728199978,weak,true,0.1
adaptive n0=0.1,30042,1.1023890493886006,0.9923376219537634,0.09944463410552676,0.11949049196771258,0.6104943597396759,0.0,-0.21588541666666655,0.0,0.0,2.49999999975,1.493790131901367,0.408688172924673,weak,true,0.1
adaptive n0=0.1,30043,1.102268795649031,0.988060816959957,0.09691307748156977,0.12191879415049484,0.5834222761737728,0.0,-0.26627604166666663,0.0,0.0,2.49999999975,1.4091950026638704,0.41401103117091753,weak,true,0.1
adaptive n0=0.1,30044,1.1280835370651547,1.0121917226845685,0.0961612182898488,0.11890740887967306,0.5220380274888348,0.0,-0.3329427083333334,0.0,0.0,2.49999999975,1.4952616612294674,0.349128210148579,weak,true,0.1
adaptive n0=0.1,30045,1.0904587071412029,0.9776939936422825,0.09672816238078694,0.12077749946143672,0.5401635474255714,0.0,-0.2463541666666666,0.0,0.0,2.49999999975,1.4885103507466568,0.3628886740052685,weak,true,0.1
adaptive n0=0.1,30046,0.9858356201467344,0.8818988896998765,0.08621377034800679,0.12302559404194337,0.5863262161645844,0.0,-0.24739583333333331,0.0,0.0,2.4999999997500004,1.4107264480278445,0.41562006368013565,weak,true,0.1
adaptive n0=0.1,30047,1.117659918159169,1.0027356585485043,0.0985823980659169,0.12625398503485089,0.5907544118562328,0.0,-0.26367187500000006,0.0,0.0,2.49999999975,1.5144645744363978,0.3900747642618711,weak,true,0.1
adaptive n0=0.1,30048,1.136454009607339,1.0211982920479084,0.10027300512740059,0.12452422204983092,0.5818111028080989,0.0,-0.2674479166666667,0.0,0.0,2.49999999975,1.4137393686893114,0.41154056800971767,weak,true,0.1
adaptive n0=0.1,30049,1.0858537640800083,0.9766881216650896,0.09578589724133416,0.1246721253901827,0.5895742208894708,0.0,-0.2559895833333333,0.0,0.0,2.49999999975,1.4729493989972005,0.400267803694315,weak,true,0.1
adaptive n0=0.25,30000,1.1326138241375179,1.0180357764725687,0.10030565324708511,0.1276961988039179,0.5897000128342884,0.0,-0.2591145833333333,0.0,0.0,2.49999999975,1.4600795587729953,0.4038821099104035,weak,true,0.25
adaptive n0=0.25,30001,1.110294935013357,0.9979598861786254,0.09771569141800238,0.11792767707582398,0.5512628471778708,0.0,-0.2662760416666668,0.0,0.0,2.49999999975,1.4818633239388774,0.3720065395184912,weak,true,0.25
adaptive n0=0.25,30002,1.1098821230368605,0.9962200035344927,0.09834498313701939,0.1204911020287024,0.5679497109939539,0.0,-0.25286458333333334,0.0,0.0,2.49999999975,1.470949128262617,0.38611104903728155,weak,true,0.25
adaptive n0=0.25,30003,1.116542083933167,1.0026264690532034,0.09677139589331671,0.1258165300553527,0.5768138466464183,0.0,-0.29765624999999996,0.0,0.0,2.49999999975,1.4653006606957808,0.3936487999483499,weak,true,0.25
adaptive n0=0.25,30004,1.1059649946213377,0.9924740771525058,0.09657306196213376,0.1226381960628691,0.5644774677588825,0.0,-0.28046874999999993,0.0,0.0,2.49999999975,1.4847028348109872,0.38019558831834815,weak,true,0.25
adaptive n0=0.25,30005,1.1069236695741895,0.9932061176068688,0.0969553877907523,0.12718053312483174,0.5587969746378862,0.0,-0.2747395833333333,0.0,0.0,2.49999999975,1.4457636277356467,0.3865064550787416,weak,true,0.25
adaptive n0=0.25,30006,0.9806656321067221,0.8775526907353511,0.08337255279400554,0.10317804982746127,0.4924786068557542,0.0,-0.2938802083333332,0.0,0.0,2.49999999975,1.2779727726011045,0.38535923253935567,weak,true,0.25
adaptive n0=0.25,30007,1.0766728353916741,0.9635883177389284,0.09070113770583407,0.12116733116429507,0.5825785264533415,0.0,-0.33932291666666664,0.0,0.0,2.49999999975,1.457165713943558,0.3998025213458372,weak,true,0.25
adaptive n0=0.25,30008,1.0712072886617872,0.9602626263140736,0.09391760386617871,0.12397491387472036,0.5863974619539831,0.0,-0.2640625,0.0,0.0,2.49999999975,1.4457011805580784,0.40561456948359026,weak,true,0.25
adaptive n0=0.25,30009,1.144813051986175,1.030170153515922,0.10054901353195082,0.12534537781593927,0.5651550223567156,0.0,-0.27864583333333337,0.0,0.0,2.49999999975,1.418417986260056,0.3984403947434848,weak,true,0.25
adaptive n0=0.25,30010,1.0637332870331746,0.9519223770011023,0.0924800995366508,0.12499829994398926,0.5721846359369666,0.0,-0.27786458333333325,0.0,0.0,2.49999999975,1.4301382487213992,0.4000904363256647,weak,true,0.25
adaptive n0=0.25,30011,1.1236208126567024,1.0082131871603257,0.09809124793233692,0.12309368967526754,0.546276978398304,0.0,-0.2854166666666667,0.0,0.0,2.49999999975,1.4003649879926812,0.3900961414219241,weak,true,0.25
adaptive n0=0.25,30012,1.055658023385049,0.9482681590254013,0.09281840650517156,0.11097348059185161,0.511735183334159,0.0,-0.2549479166666667,0.0,0.0,2.4999999997499995,1.3732172355859114,0.37265420945275035,weak,true,0.25
adaptive n0=0.25,30013,1.0970345611537924,0.9843721615838962,0.09679981028204591,0.1189662141273024,0.5596668225392732,0.0,-0.2580729166666667,0.0,0.0,2.49999999975,1.4065938866424836,0.3978879958558534,weak,true,0.25
adaptive n0=0.25,30014,1.0573688374024792,0.9441491880253179,0.09129677957358127,0.12330681207716106,0.5642930199475309,0.0,-0.28880208333333335,0.0,0.0,2.49999999975,1.4707385315623145,0.3836800409030571,weak,true,0.25
adaptive n0=0.25,30015,1.0700012609118894,0.9581475804392016,0.09402486567452226,0.12600936724675255,0.59666238878081,0.0,-0.2595052083333334,0.0,0.0,2.49999999975,1.5035203668164059,0.39684356923225383,weak,true,0.25
adaptive n0=0.25,30016,1.1205230098941918,1.0049518496215208,0.09784657182275251,0.12440633742303134,0.5823143269172487,0.0,-0.2841145833333332,0.0,0.0,2.49999999975,1.4419277522340117,0.4038443160658055,weak,true,0.25
adaptive n0=0.25,30017,1.065153007930647,0.9553961644812006,0.09347493620973138,0.12231530115015328,0.5957205362876457,0.0,-0.2608072916666667,0.0,0.0,2.49999999975,1.4922445235809123,0.3992110722297079,weak,true,0.25
adaptive n0=0.25,30018,1.1255622132363727,1.0117710085118046,0.09927497132363727,0.11372748409295756,0.5184700441716259,0.0,-0.2656249999999999,0.0,0.0,2.49999999975,1.464853786387469,0.35393979180013885,weak,true,0.25
adaptive n0=0.25,30019,1.1037573035779646,0.9903100654706182,0.09690567827446311,0.11862620742786642,0.5241782160297608,0.0,-0.26940104166666673,0.0,0.0,2.49999999975,1.4075094382632185,0.3724154181705275,weak,true,0.25
adaptive n0=0.25,30020,1.136489714256181,1.0237779332883443,0.10132475267561811,0.11442726122619855,0.5429281789051956,0.0,-0.24648437500000003,0.0,0.0,2.49999999975,1.4867426460297162,0.3651796633096269,weak,true,0.25
adaptive n0=0.25,30021,1.0655983728576306,0.9553195458841064,0.09444395186909638,0.12183839491546676,0.5567892373180302,0.0,-0.24231770833333338,0.0,0.0,2.49999999975,1.3300422891897234,0.418625213531543,weak,true,0.25
adaptive n0=0.25,30022,1.0812875034600657,0.9697093166736496,0.0950948961793399,0.12956375718270524,0.6231252738636868,0.0,-0.2606770833333332,0.0,0.0,2.49999999975,1.4014199632789544,0.4446385025126497,weak,true,0.25
adaptive n0=0.25,30023,1.0835000692946064,0.9722354415289461,0.09328490276279396,0.12099931343260686,0.5542680264718997,0.0,-0.3013020833333334,0.0,0.0,2.49999999975,1.5149233683380219,0.3658719893402733,weak,true,0.25
adaptive n0=0.25,30024,1.1125136680748091,0.9988124214392456,0.09714329389081423,0.12439059373614594,0.569085029060172,0.0,-0.28216145833333334,0.0,0.0,2.49999999975,1.4841030088770646,0.3834538611243474,weak,true,0.25
adaptive n0=0.25,30025,1.095762079512031,0.9857092602067932,0.09688740586786977,0.12238123577848242,0.5789913400981677,0.0,-0.2537760416666667,0.0,0.0,2.49999999975,1.4921391846700958,0.38802770280855514,weak,true,0.25
adaptive n0=0.25,30026,1.059380817060062,0.9489753072777294,0.0920708942060062,0.12219982875927017,0.5698988169075837,0.0,-0.27734375000000006,0.0,0.0,2.49999999975,1.4151193080658557,0.4027213915175145,weak,true,0.25
adaptive n0=0.25,30027,1.0713394091602058,0.9602332899914949,0.09413914924935392,0.12472084618716771,0.5914135603510285,0.0,-0.2598958333333332,0.0,0.0,2.49999999975,1.4621008820725194,0.4044957277590198,weak,true,0.25
adaptive n0=0.25,30028,1.0971430295812274,0.9846035444900373,0.09429112587478941,0.1296418890162357,0.6311019914612062,0.0,-0.30846354166666673,0.0,0.0,2.49999999975,1.4621706229339044,0.4316199365262,weak,true,0.25
adaptive n0=0.25,30029,1.0250295307310426,0.9176569644763668,0.08688446348977093,0.11667281071407949,0.5491708032881525,0.0,-0.31236979166666656,0.0,0.0,2.49999999975,1.287280614713956,0.4266131230525697,weak,true,0.25
adaptive n0=0.25,30030,1.0602247315807833,0.9486732084516674,0.09171908774141167,0.12310295432275231,0.555721812004188,0.0,-0.28606770833333334,0.0,0.0,2.49999999975,1.3917888712601236,0.39928600054190566,weak,true,0.25
adaptive n0=0.25,30031,1.1342979896977896,1.0184627078009862,0.09911990313644561,0.12641411278301196,0.6006872634197398,0.0,-0.28619791666666666,0.0,0.0,2.49999999975,1.5524450014329079,0.3869298190050565,weak,true,0.25
adaptive n0=0.25,30032,1.087964904773601,0.9757293571332403,0.09559336547736008,0.12187581517517904,0.5670955769316165,0.0,-0.26406250000000003,0.0,0.0,2.49999999975,1.421283617042787,0.39900240186511937,weak,true,0.25
adaptive n0=0.25,30033,1.1472289591787677,1.03068715653665,0.1013374792512101,0.12743816397242352,0.5976819007615432,0.0,-0.2677083333333333,0.0,0.0,2.49999999975,1.4280538430762497,0.41852896769917547,weak,true,0.25
adaptive n0=0.25,30034,1.0987360863399347,0.9865899454640468,0.09643610863399346,0.11068223742686271,0.504993201694555,0.0,-0.26875000000000004,0.0,0.0,2.49999999975,1.4492439083829058,0.3484528717171122,weak,true,0.25
adaptive n0=0.25,30035,1.1220010081100475,1.0070048967764653,0.09856077789433806,0.13172791385738591,0.6054013012762475,0.0,-0.2727864583333333,0.0,0.0,2.49999999975,1.378769361337885,0.4390881595227776,weak,true,0.25
adaptive n0=0.25,30036,1.098633635946002,0.9872822732446935,0.09780607192793352,0.12471637292661478,0.598573317882544,0.0,-0.24114583333333328,0.0,0.0,2.49999999975,1.4557374247503763,0.41118220065351746,weak,true,0.25
adaptive n0=0.25,30037,1.0604102750638345,0.9503319451291469,0.08949154833971676,0.11753776772397265,0.5528878776265191,0.0,-0.3309895833333334,0.0,0.0,2.49999999975,1.3875774075556242,0.39845552011436547,weak,true,0.25
adaptive n0=0.25,30038,1.1041017258401153,0.9908702541890239,0.09592449550067819,0.12124463429823434,0.5437880240108325,0.0,-0.2897135416666667,0.0,0.0,2.49999999975,1.4924568682264012,0.36435761433900377,weak,true,0.25
adaptive n0=0.25,30039,1.0512831871173753,0.9439782039963622,0.09320123537840419,0.12408762934373067,0.6016425756239987,0.0,-0.23854166666666676,0.0,0.0,2.49999999975,1.3975924588032955,0.430484989979956,weak,true,0.25
adaptive n0=0.25,30040,1.0905072553390656,0.9807938757122469,0.09711713178390655,0.12141761635277018,0.5930484019383666,0.0,-0.2386718750000001,0.0,0.0,2.4999999997500004,1.475898561148839,0.40182192567268166,weak,true,0.25
adaptive n0=0.25,30041,1.1200517672713701,1.004878816275109,0.096223926727137,0.12382297629696448,0.5711478655289584,0.0,-0.31562500000000004,0.0,0.0,2.49999999975,1.4895611015442303,0.3834336603828124,weak,true,0.25
adaptive n0=0.25,30042,1.0926165165691941,0.9832781447214278,0.09881894332358607,0.11949049196771258,0.6104943597396759,0.0,-0.20885416666666656,0.0,0.0,2.49999999975,1.4921666092962387,0.4091328380733622,weak,true,0.25
adaptive n0=0.25,30043,1.1078921480277235,0.9933341662423493,0.09731916271943904,0.12191879415049484,0.5834222761737728,0.0,-0.26940104166666673,0.0,0.0,2.49999999975,1.4115288823163137,0.413326488379309,weak,true,0.25
adaptive n0=0.25,30044,1.1196551797960232,1.004366986845464,0.09563088256293567,0.11890740887967306,0.5220380274888348,0.0,-0.32669270833333336,0.0,0.0,2.49999999975,1.4869274359021205,0.3510850730735987,weak,true,0.25
adaptive n0=0.25,30045,1.1115768996006348,0.9966728169314446,0.09760951287673014,0.12077749946143672,0.5401635474255714,0.0,-0.2709635416666666,0.0,0.0,2.49999999975,1.4777712363323396,0.36552582304023995,weak,true,0.25
adaptive n0=0.25,30046,1.0193399956108242,0.9123676279035021,0.0887959787277491,0.12302559404194337,0.5863262161645844,0.0,-0.2627604166666666,0.0,0.0,2.4999999997500004,1.4558368521609801,0.4027417050847885,weak,true,0.25
adaptive n0=0.25,30047,1.1116679464241146,0.9972081478335624,0.09819804464241146,0.12625398503485089,0.5907544118562328,0.0,-0.259375,0.0,0.0,2.4999999997500004,1.5077486671653832,0.39181225937799724,weak,true,0.25
adaptive n0=0.25,30048,1.1454709642108172,1.0292008939739188,0.10047808600441503,0.12452422204983092,0.5818111028080989,0.0,-0.2813802083333334,0.0,0.0,2.49999999975,1.4571612782998786,0.39927708172901655,weak,true,0.25
adaptive n0=0.25,30049,1.0813513423067278,0.9722723673237429,0.09498409256400611,0.1246721253901827,0.5895742208894708,0.0,-0.2630208333333334,0.0,0.0,2.49999999975,1.4618603418055958,0.4033040667628117,weak,true,0.25
adaptive n0=0.5,30000,1.1298977899621212,1.0154335862851012,0.09989733107954543,0.1276961988039179,0.5897000128342884,0.0,-0.2618489583333333,0.0,0.0,2.49999999975,1.4712123013881828,0.4008259122615198,weak,true,0.5
adaptive n0=0.5,30001,1.108187930720086,0.9961215913374335,0.09755056390534193,0.11795484054171902,0.5513898250843285,0.0,-0.2653645833333334,0.0,0.0,2.49999999975,1.4880413955808702,0.3705473696644633,weak,true,0.5
adaptive n0=0.5,30002,1.095501757929591,0.9828513625178343,0.09714132162629242,0.1204911020287024,0.5679497109939539,0.0,-0.24817708333333333,0.0,0.0,2.49999999975,1.4369831023331403,0.39523757104158647,weak,true,0.5
adaptive n0=0.5,30003,1.1093650418516625,0.9962491743482657,0.09681541043516624,0.1258165300553527,0.5768138466464183,0.0,-0.2824218749999999,0.0,0.0,2.49999999975,1.429550098119239,0.4034932720478231,weak,true,0.5
adaptive n0=0.5,30004,1.1083029536191096,0.9945337855333019,0.09648133702857763,0.1226381960628691,0.5644774677588825,0.0,-0.2869791666666666,0.0,0.0,2.49999999975,1.50006628422461,0.37630168326239205,weak,true,0.5
adaptive n0=0.5,30005,1.1268017775347876,1.011141375282986,0.09835075067014543,0.12718053312483174,0.5587969746378862,0.0,-0.2865885416666667,0.0,0.0,2.49999999975,1.4700414735352259,0.3801232718244776,weak,true,0.5
adaptive n0=0.5,30006,0.9763902172633385,0.8744097142261481,0.08629787589300052,0.103699028363376,0.4949652867648829,0.0,-0.22682291666666654,0.0,0.0,2.49999999975,1.333095132707701,0.3712902962593073,weak,true,0.5
adaptive n0=0.5,30007,1.0633925848192995,0.9527924709321729,0.09402155014859663,0.12105788613264698,0.5820523093232578,0.0,-0.2463541666666667,0.0,0.0,2.49999999975,1.4057270893019627,0.41405783082140474,weak,true,0.5
adaptive n0=0.5,30008,1.0781224786106418,0.9668204433628206,0.09471979994439753,0.12397491387472036,0.5863974619539831,0.0,-0.2618489583333333,0.0,0.0,2.49999999975,1.4525840848728606,0.4036926110238282,weak,true,0.5
adaptive n0=0.5,30009,1.1527602359755307,1.0370795817482894,0.10071873193088639,0.12534537781593927,0.5651550223567156,0.0,-0.2911458333333333,0.0,0.0,2.49999999975,1.4562985258993493,0.38807635406188395,weak,true,0.5
adaptive n0=0.5,30010,1.0523361310505759,0.941682462367659,0.0923039256050576,0.12499829994398926,0.5721846359369666,0.0,-0.25859374999999984,0.0,0.0,2.49999999975,1.4055884647990957,0.40707835206854115,weak,true,0.5
adaptive n0=0.5,30011,1.1081087220572206,0.9940807665739029,0.09703483053905539,0.12309368967526754,0.546276978398304,0.0,-0.2755208333333333,0.0,0.0,2.49999999975,1.3796874772280974,0.3959425503345281,weak,true,0.5
adaptive n0=0.5,30012,1.05507881289025,0.9477624433111822,0.09279954795569167,0.11096040410358182,0.5116748833499969,0.0,-0.25416666666666665,0.0,0.0,2.49999999975,1.3700398731576926,0.3734744465288294,weak,true,0.5
adaptive n0=0.5,30013,1.0981152908145089,0.9854033440273502,0.09685579991478424,0.1189662141273024,0.5596668225392732,0.0,-0.2591145833333334,0.0,0.0,2.49999999975,1.3640235007372135,0.41030585047602935,weak,true,0.5
adaptive n0=0.5,30014,1.0723451530739914,0.9575328564835434,0.09227357780739916,0.12330681207716106,0.5642930199475309,0.0,-0.29921875000000003,0.0,0.0,2.4999999997500004,1.4529814119051268,0.388369056426977,weak,true,0.5
adaptive n0=0.5,30015,1.0836915430422218,0.9706350498396338,0.09481446680422216,0.12600936724675255,0.59666238878081,0.0,-0.2710937500000001,0.0,0.0,2.49999999975,1.491862818554776,0.3999445400474686,weak,true,0.5
adaptive n0=0.5,30016,1.1363155545428005,1.0201886122516306,0.10035030545428006,0.12438171446192507,0.5821990731181231,0.0,-0.265625,0.0,0.0,2.49999999975,1.4394424415184157,0.4044615167133619,weak,true,0.5
adaptive n0=0.5,30017,1.0660144744484739,0.9560157805265279,0.09401681202818073,0.12231530115015328,0.5957205362876457,0.0,-0.25169270833333335,0.0,0.0,2.49999999975,1.5001396284605408,0.397110058947633,weak,true,0.5
adaptive n0=0.5,30018,1.1198066464052723,1.0061623140239762,0.0986668625571939,0.11372748409295756,0.5184700441716259,0.0,-0.2662760416666665,0.0,0.0,2.49999999975,1.4362172722336222,0.36099694259023574,weak,true,0.5
adaptive n0=0.5,30019,1.1200039403143371,1.005123692922045,0.09806810236476705,0.11903885314469766,0.526001589636579,0.0,-0.27864583333333337,0.0,0.0,2.49999999975,1.465984635711063,0.35880429905150163,weak,true,0.5
adaptive n0=0.5,30020,1.1326479917060097,1.0200947932383477,0.10086896583726764,0.11408296871634481,0.5412945987304847,0.0,-0.24791666666666662,0.0,0.0,2.4999999997500004,1.4358688151466756,0.3769805382082839,weak,true,0.5
adaptive n0=0.5,30021,1.0735925234644323,0.9628485383636793,0.0951001377631099,0.12190843899019625,0.5571093317100676,0.0,-0.24518229166666683,0.0,0.0,2.49999999975,1.3497258700553705,0.4127573932380899,weak,true,0.5
adaptive n0=0.5,30022,1.0825208016657053,0.9707454743195785,0.09509452808323719,0.12956375718270524,0.6231252738636868,0.0,-0.2631510416666666,0.0,0.0,2.49999999975,1.4436558544137261,0.43163006748359717,weak,true,0.5
adaptive n0=0.5,30023,1.0777077973496954,0.9680206527863634,0.0936171339016362,0.12091196487234084,0.553867904250208,0.0,-0.28307291666666673,0.0,0.0,2.4999999997500004,1.4238001112913372,0.3890067853329981,weak,true,0.5
adaptive n0=0.5,30024,1.1107715824536917,0.99734424777293,0.09713835616203584,0.12436676547137605,0.5689760151199558,0.0,-0.2787760416666667,0.0,0.0,2.49999999975,1.4591456049814457,0.38993779179918836,weak,true,0.5
adaptive n0=0.5,30025,1.0961368272069136,0.9859903264221325,0.09692488063735803,0.12233598967635465,0.57877727867659,0.0,-0.2537760416666667,0.0,0.0,2.4999999997500004,1.486292109510867,0.38941018052438114,weak,true,0.5
adaptive n0=0.5,30026,1.0656275649457907,0.955188882061745,0.09406926691124576,0.12219982875927017,0.5698988169075837,0.0,-0.24986979166666662,0.0,0.0,2.49999999975,1.3406130170096584,0.4251031503325153,weak,true,0.5
adaptive n0=0.5,30027,1.0854448118746987,0.9737602046713376,0.09583614785413655,0.12472084618716771,0.5914135603510285,0.0,-0.2541666666666665,0.0,0.0,2.49999999975,1.4688786563878664,0.40262928307868484,weak,true,0.5
adaptive n0=0.5,30028,1.085358911681734,0.974466706583694,0.09463615158484007,0.1296418890162357,0.6311019914612062,0.0,-0.2779947916666667,0.0,0.0,2.4999999997500004,1.5067971244809801,0.41883673734683474,weak,true,0.5
adaptive n0=0.5,30029,1.0211697582221926,0.9147942237220854,0.08901801748888592,0.11667281071407949,0.5491708032881525,0.0,-0.26197916666666665,0.0,0.0,2.49999999975,1.3761113511029133,0.39907439383303395,weak,true,0.5
adaptive n0=0.5,30030,1.0676696361521532,0.9556642204646011,0.09275654694854865,0.12310295432275231,0.555721812004188,0.0,-0.2802083333333334,0.0,0.0,2.49999999975,1.3899018325594439,0.3998281022342782,weak,true,0.5
adaptive n0=0.5,30031,1.1354471627070244,1.0194391049627267,0.09911112252070245,0.12641411278301196,0.6006872634197398,0.0,-0.28867187499999997,0.0,0.0,2.49999999975,1.5568474658930467,0.38583565608026377,weak,true,0.5
adaptive n0=0.5,30032,1.089528531486833,0.9772720801813692,0.09578228023201663,0.12187581517517904,0.5670955769316165,0.0,-0.26341145833333335,0.0,0.0,2.49999999975,1.4786554893768464,0.3835210980555106,weak,true,0.5
adaptive n0=0.5,30033,1.1383871748562304,1.022453975447928,0.10062908206895638,0.12733733090193253,0.5972089961044758,0.0,-0.2641927083333333,0.0,0.0,2.49999999975,1.3990188704887108,0.42687701267092726,weak,true,0.5
adaptive n0=0.5,30034,1.0864069786185893,0.9751675078970246,0.09565892702852558,0.11049341963721497,0.504131711157791,0.0,-0.25963541666666673,0.0,0.0,2.49999999975,1.4122843418307454,0.356961906484274,weak,true,0.5
adaptive n0=0.5,30035,1.1227568881411927,1.0076516282811236,0.09855824089745259,0.13172791385738591,0.6054013012762475,0.0,-0.2743489583333333,0.0,0.0,2.4999999997500004,1.404250077786351,0.43112071763641807,weak,true,0.5
adaptive n0=0.5,30036,1.107205483864433,0.9951865767205316,0.09852002755310997,0.12471637292661478,0.598573317882544,0.0,-0.24401041666666656,0.0,0.0,2.49999999975,1.4623071322349661,0.409334882315519,weak,true,0.5
adaptive n0=0.5,30037,1.0749440441287985,0.9641494545551554,0.09253346691287985,0.11753776772397265,0.5528878776265191,0.0,-0.29921875,0.0,0.0,2.49999999975,1.4254969205279806,0.3878562413321374,weak,true,0.5
adaptive n0=0.5,30038,1.1041113237587035,0.9908728256083636,0.09592545529253702,0.12124463429823434,0.5437880240108325,0.0,-0.2897135416666667,0.0,0.0,2.49999999975,1.4968161241575424,0.3632964765908667,weak,true,0.5
adaptive n0=0.5,30039,1.0761597488544703,0.9668757205220596,0.09553264155211369,0.12408762934373067,0.6016425756239987,0.0,-0.24166666666666664,0.0,0.0,2.49999999975,1.446774114011924,0.4158510784766779,weak,true,0.5
adaptive n0=0.5,30040,1.0972252415989936,0.987158341818729,0.09797773249323269,0.12141761635277018,0.5930484019383666,0.0,-0.23489583333333347,0.0,0.0,2.49999999975,1.4769726917071804,0.401529700087334,weak,true,0.5
adaptive n0=0.5,30041,1.1316318641445207,1.0157633817411227,0.09863193641445206,0.12382297629696448,0.5711478655289584,0.0,-0.2906249999999999,0.0,0.0,2.4999999997500004,1.5088247645645454,0.3785382364755887,weak,true,0.5
adaptive n0=0.5,30042,1.0928588204261211,0.9834560058967665,0.09879109037594548,0.11949049196771258,0.6104943597396759,0.0,-0.20989583333333323,0.0,0.0,2.49999999975,1.4799172470414708,0.41251925468138584,weak,true,0.5
adaptive n0=0.5,30043,1.1174747505984142,1.0023286935316378,0.09833601672650807,0.12191879415049484,0.5834222761737728,0.0,-0.2682291666666667,0.0,0.0,2.49999999975,1.4558017889699402,0.40075666934478504,weak,true,0.5
adaptive n0=0.5,30044,1.0917979952027534,0.9791434396907597,0.09460297660360867,0.11890740887967306,0.5220380274888348,0.0,-0.29153645833333347,0.0,0.0,2.49999999975,1.4041788404517512,0.37177460053513206,weak,true,0.5
adaptive n0=0.5,30045,1.1107299289580037,0.9957770800812804,0.09730346164580037,0.12077749946143672,0.5401635474255714,0.0,-0.275390625,0.0,0.0,2.49999999975,1.482993519797691,0.3642386431326147,weak,true,0.5
adaptive n0=0.5,30046,1.0230982997750695,0.9168570961809089,0.09151555914417361,0.12302559404194337,0.5863262161645844,0.0,-0.2158854166666666,0.0,0.0,2.49999999975,1.3898118706504314,0.42187452024725036,weak,true,0.5
adaptive n0=0.5,30047,1.1137130994975817,0.9990535849877414,0.09821375786642482,0.12625398503485089,0.5907544118562328,0.0,-0.26315104166666675,0.0,0.0,2.49999999975,1.5120564454729801,0.39069600452081094,weak,true,0.5
adaptive n0=0.5,30048,1.1452427171139878,1.0289515221627292,0.1003836467113988,0.12452422204983092,0.5818111028080989,0.0,-0.2828125000000001,0.0,0.0,2.49999999975,1.4770445389594977,0.39390220637351603,weak,true,0.5
adaptive n0=0.5,30049,1.08568706278495,0.9762583592347696,0.095443706278495,0.1246721253901827,0.5895742208894708,0.0,-0.26249999999999996,0.0,0.0,2.49999999975,1.4675115193654833,0.4017510003222247,weak,true,0.5
adaptive n0=1.0,30000,1.1285953160449598,1.0142183225373165,0.09979963577116266,0.1276961988039179,0.5897000128342884,0.0,-0.2611979166666667,0.0,0.0,2.4999999997500004,1.4717854954956064,0.40066980863655943,weak,true,1.0
adaptive n0=1.0,30001,1.108800389516546,0.9965260126229308,0.09746858061832124,0.11807365845769677,0.5519452494281449,0.0,-0.26822916666666674,0.0,0.0,2.49999999975,1.5150653990750664,0.36430457045953424,weak,true,1.0
adaptive n0=1.0,30002,1.0932678502083495,0.9809614258137102,0.09706116002083494,0.1204911020287024,0.5679497109939539,0.0,-0.2453125,0.0,0.0,2.49999999975,1.3832546328463848,0.41058941535967125,weak,true,1.0
adaptive n0=1.0,30003,1.1027745572223517,0.9903458978084827,0.09659907030556851,0.1258165300553527,0.5768138466464183,0.0,-0.2735677083333333,0.0,0.0,2.4999999997500004,1.399817647583521,0.4120635624519817,weak,true,1.0
adaptive n0=1.0,30004,1.1048459993065605,0.9913843100261932,0.09643512076398938,0.1226381960628691,0.5644774677588825,0.0,-0.2809895833333333,0.0,0.0,2.4999999997500004,1.478087228615911,0.3818972634568139,weak,true,1.0
adaptive n0=1.0,30005,1.1276832907510683,1.0118443022684296,0.09841286032510681,0.12718053312483174,0.5587969746378862,0.0,-0.287109375,0.0,0.0,2.49999999975,1.4792312132086356,0.3777617519480179,weak,true,1.0
adaptive n0=1.0,30006,0.9972307965140575,0.8930442900999479,0.0876853192347391,0.10396487838399562,0.4962342140997789,0.0,-0.24075520833333314,0.0,0.0,2.49999999975,1.3683629617394746,0.3626480897063757,weak,true,1.0
adaptive n0=1.0,30007,1.0680862333848113,0.9569264304198968,0.09417841500514781,0.12097748847430373,0.5816657534019724,0.0,-0.25260416666666674,0.0,0.0,2.49999999975,1.3679405867325196,0.4252127314910267,weak,true,1.0
adaptive n0=1.0,30008,1.082875389998381,0.9711476134415047,0.09518207024983812,0.12397491387472036,0.5863974619539831,0.0,-0.262109375,0.0,0.0,2.49999999975,1.4616373294237817,0.4011921768481087,weak,true,1.0
adaptive n0=1.0,30009,1.1479975849361719,1.0327873958171312,0.10043126891028387,0.12534537781593927,0.5651550223567156,0.0,-0.28736979166666665,0.0,0.0,2.49999999975,1.4425617643050739,0.3917718023179188,weak,true,1.0
adaptive n0=1.0,30010,1.0590422942341648,0.94819040123584,0.09341725025674982,0.12499829994398926,0.5721846359369666,0.0,-0.2497395833333333,0.0,0.0,2.49999999975,1.3925299698488547,0.41089574251609934,weak,true,1.0
adaptive n0=1.0,30011,1.1062876359160265,0.992487754927647,0.09700897192493599,0.12309368967526754,0.546276978398304,0.0,-0.2723958333333334,0.0,0.0,2.49999999975,1.3650894484164011,0.4001766910088005,weak,true,1.0
adaptive n0=1.0,30012,1.0573185247152346,0.9497893034268869,0.09298445663819012,0.11094128204154133,0.5115867052386875,0.0,-0.2549479166666667,0.0,0.0,2.4999999997500004,1.3653935399661212,0.37468077170731395,weak,true,1.0
adaptive n0=1.0,30013,1.1118290342323862,0.9978512943241746,0.09771285133990529,0.1189662141273024,0.5596668225392732,0.0,-0.2694010416666666,0.0,0.0,2.49999999975,1.4621343556519049,0.382773867788464,weak,true,1.0
adaptive n0=1.0,30014,1.055973079802295,0.9427151010636694,0.09256996423022952,0.12330681207716106,0.5642930199475309,0.0,-0.260546875,0.0,0.0,2.49999999975,1.3858895688428583,0.40717026279278845,weak,true,1.0
adaptive n0=1.0,30015,1.0863069674875885,0.9730224548297695,0.0951671550820922,0.12600936724675255,0.59666238878081,0.0,-0.26927083333333335,0.0,0.0,2.49999999975,1.4909555136863635,0.40018792197600306,weak,true,1.0
adaptive n0=1.0,30016,1.1364430093990117,1.0203007978448055,0.10036305093990117,0.1243498063341147,0.5820497193122482,0.0,-0.265625,0.0,0.0,2.49999999975,1.4362218048281405,0.40526450535396014,weak,true,1.0
adaptive n0=1.0,30017,1.0520372929140702,0.9433577715640128,0.09406440637474034,0.12231530115015328,0.5957205362876457,0.0,-0.22278645833333338,0.0,0.0,2.49999999975,1.4401035595132106,0.4136650675934816,weak,true,1.0
adaptive n0=1.0,30018,1.1312457857344023,1.0159344783713464,0.09878213065677355,0.11372748409295756,0.5184700441716259,0.0,-0.2868489583333333,0.0,0.0,2.49999999975,1.524436153280599,0.3401061061533303,weak,true,1.0
adaptive n0=1.0,30019,1.119890311442533,1.005022218134936,0.09806324989425332,0.11894816324018728,0.5256008546439589,0.0,-0.278515625,0.0,0.0,2.49999999975,1.4531331511167336,0.3617017850291519,weak,true,1.0
adaptive n0=1.0,30020,1.130892443771908,1.018347082587272,0.10062830687719079,0.11413077750650025,0.5415214392499256,0.0,-0.24921874999999993,0.0,0.0,2.49999999975,1.4408199352671751,0.37584255047769716,weak,true,1.0
adaptive n0=1.0,30021,1.0775917015033418,0.9663791567617364,0.09535682640033419,0.1219832751460601,0.5574513254319658,0.0,-0.2480468750000001,0.0,0.0,2.49999999975,1.370756107535293,0.4066743327770386,weak,true,1.0
adaptive n0=1.0,30022,1.0794212891004638,0.9680411711306391,0.09507754557671307,0.12956375718270524,0.6231252738636868,0.0,-0.2572916666666666,0.0,0.0,2.4999999997500004,1.4238888278323194,0.4376221385291096,weak,true,1.0
adaptive n0=1.0,30023,1.0823810458347856,0.9718446778250321,0.09398680250014521,0.12097149386903183,0.5541405919091521,0.0,-0.28502604166666673,0.0,0.0,2.49999999975,1.4859016050157685,0.37293222514775565,weak,true,1.0
adaptive n0=1.0,30024,1.1125429711901602,0.9988474748656795,0.09713971378568269,0.12439085470099161,0.5690862229702766,0.0,-0.28229166666666666,0.0,0.0,2.49999999975,1.4843763399449297,0.3833840567624445,weak,true,1.0
adaptive n0=1.0,30025,1.0897986609137535,0.980101925094103,0.09627153275804202,0.12224916241772092,0.5783664948622772,0.0,-0.2541666666666668,0.0,0.0,2.49999999975,1.4750715737470754,0.39209385168549615,weak,true,1.0
adaptive n0=1.0,30026,1.0973345114480098,0.9845061922981244,0.09694048239480098,0.12219982875927017,0.5698988169075837,0.0,-0.255859375,0.0,0.0,2.49999999975,1.4527150833632128,0.39229909803662144,weak,true,1.0
adaptive n0=1.0,30027,1.0854394083729293,0.9737232483629182,0.09586815958729294,0.12472084618716771,0.5914135603510285,0.0,-0.25351562499999986,0.0,0.0,2.49999999975,1.466742881879973,0.4032155653572998,weak,true,1.0
adaptive n0=1.0,30028,1.0934338213580155,0.9816782923550985,0.09545015296913488,0.1296418890162357,0.6311019914612062,0.0,-0.27786458333333336,0.0,0.0,2.49999999975,1.5475803240281163,0.40779918280334787,weak,true,1.0
adaptive n0=1.0,30029,1.0450877117676767,0.9367699324354568,0.091963198260101,0.11667281071407949,0.5491708032881525,0.0,-0.2509114583333332,0.0,0.0,2.49999999975,1.409925938319894,0.38950329826725455,weak,true,1.0
adaptive n0=1.0,30030,1.0722440568610219,0.9599503081956982,0.09324654110276885,0.12310295432275231,0.555721812004188,0.0,-0.27955729166666676,0.0,0.0,2.49999999975,1.3829430150810382,0.4018399933648919,weak,true,1.0
adaptive n0=1.0,30031,1.1363886375416,1.0202505605859904,0.09910110333749333,0.12641411278301196,0.6006872634197398,0.0,-0.29075520833333324,0.0,0.0,2.49999999975,1.5506404598695682,0.38738010452162874,weak,true,1.0
adaptive n0=1.0,30032,1.0897780441190204,0.977489300945969,0.09578118982856869,0.12187581517517904,0.5670955769316165,0.0,-0.26393229166666665,0.0,0.0,2.49999999975,1.4700133976811742,0.3857757880480296,weak,true,1.0
adaptive n0=1.0,30033,1.1384647514067288,1.0226069509272178,0.10070845430733952,0.1273689465811057,0.5973572728736404,0.0,-0.2627604166666667,0.0,0.0,2.49999999975,1.4019860675023212,0.42607932184222747,weak,true,1.0
adaptive n0=1.0,30034,1.088411710144284,0.9769360959273512,0.09562502518109506,0.11054646999272048,0.5043737560378059,0.0,-0.2643229166666667,0.0,0.0,2.49999999975,1.4226685230489509,0.3545265449163603,weak,true,1.0
adaptive n0=1.0,30035,1.1142949378999836,1.000098233968779,0.09818079587333169,0.13172791385738591,0.6054013012762475,0.0,-0.2649739583333333,0.0,0.0,2.49999999975,1.4035879772488242,0.4313240859065321,weak,true,1.0
adaptive n0=1.0,30036,1.1161711016717226,1.002617109697046,0.09854419350050557,0.12471637292661478,0.598573317882544,0.0,-0.2614583333333333,0.0,0.0,2.49999999975,1.483414678232855,0.4035104456399241,weak,true,1.0
adaptive n0=1.0,30037,1.0678333173665642,0.9585308324447126,0.0939317692366564,0.11753776772397265,0.5528878776265191,0.0,-0.25703124999999993,0.0,0.0,2.49999999975,1.379824882935543,0.40069423624993916,weak,true,1.0
adaptive n0=1.0,30038,1.104125427014925,0.9908661986640154,0.09592686561815915,0.12124463429823434,0.5437880240108325,0.0,-0.2897135416666667,0.0,0.0,2.49999999975,1.499215503068493,0.36271504856896414,weak,true,1.0
adaptive n0=1.0,30039,1.1079881564377632,0.9963275185126532,0.09805793022710964,0.12408762934373067,0.6016425756239987,0.0,-0.2548177083333333,0.0,0.0,2.49999999975,1.4774821844435184,0.40720800694500586,weak,true,1.0
adaptive n0=1.0,30040,1.0961772318679774,0.9862425816543785,0.09797709818679774,0.12141761635277018,0.5930484019383666,0.0,-0.23281250000000014,0.0,0.0,2.49999999975,1.4684461198964183,0.40386119306862905,weak,true,1.0
adaptive n0=1.0,30041,1.1308851310125347,1.0150952955226347,0.09856377351792014,0.12382297629696448,0.5711478655289584,0.0,-0.29049479166666675,0.0,0.0,2.49999999975,1.5035959055491737,0.3798546294393853,weak,true,1.0
adaptive n0=1.0,30042,1.0993370775014581,0.9894858344174404,0.09886599941681248,0.11949049196771258,0.6104943597396759,0.0,-0.22135416666666657,0.0,0.0,2.49999999975,1.4928337633887514,0.40894999477627436,weak,true,1.0
adaptive n0=1.0,30043,1.1287238644215154,1.0128125431462935,0.09936978227548487,0.12191879415049484,0.5834222761737728,0.0,-0.27005208333333336,0.0,0.0,2.49999999975,1.4875971166196933,0.3921910506922055,weak,true,1.0
adaptive n0=1.0,30044,1.1012681908932707,0.9876651185075733,0.09534817325599373,0.11890740887967306,0.5220380274888348,0.0,-0.29557291666666674,0.0,0.0,2.49999999975,1.4540108157177325,0.3590331116148851,weak,true,1.0
adaptive n0=1.0,30045,1.1162821149283384,1.0006190007968514,0.09718159690950048,0.12077749946143672,0.5401635474255714,0.0,-0.2889322916666666,0.0,0.0,2.49999999975,1.5305864729145133,0.35291279322298097,weak,true,1.0
adaptive n0=1.0,30046,1.035629190798075,0.9278030115036364,0.09208505449647417,0.12302559404194337,0.5863262161645844,0.0,-0.22955729166666666,0.0,0.0,2.4999999997500004,1.440290015206743,0.4070889959480984,weak,true,1.0
adaptive n0=1.0,30047,1.1074491239233026,0.9930148677237319,0.09737902697566359,0.12625398503485089,0.5907544118562328,0.0,-0.26731770833333335,0.0,0.0,2.49999999975,1.5134756995218488,0.3903296313530963,weak,true,1.0
adaptive n0=1.0,30048,1.1443262982387599,1.0281742574661736,0.10037012982387598,0.12452422204983092,0.5818111028080989,0.0,-0.2812500000000001,0.0,0.0,2.49999999975,1.465101430063409,0.3971131901652149,weak,true,1.0
adaptive n0=1.0,30049,1.0968016857690734,0.9865670854691149,0.09649006441024068,0.1246721253901827,0.5895742208894708,0.0,-0.2638020833333334,0.0,0.0,2.49999999975,1.4823486893785147,0.3977297818751767,weak,true,1.0
adaptive n0=0.02,30000,1.1129453758168084,1.0000414950495216,0.09905495424834751,0.1276961988039179,0.5897000128342884,0.0,-0.24479166666666657,0.0,0.0,2.49999999975,1.4788826300554323,0.3987470005054998,weak,pessimistic,0.02
adaptive n0=0.02,30001,1.07392990139572,0.9646802512090756,0.09486694847290533,0.11806788469640019,0.5519182594952453,0.0,-0.2505208333333334,0.0,0.0,2.49999999975,1.5137522120513054,0.3646027765319224,weak,pessimistic,0.02
adaptive n0=0.02,30002,1.0646854502173972,0.954702110302103,0.0956677637717397,0.1204911020287024,0.5679497109939539,0.0,-0.21601562500000004,0.0,0.0,2.49999999975,1.4328554216012581,0.39637614684058864,weak,pessimistic,0.02
adaptive n0=0.02,30003,1.075357740714568,0.9657203381066441,0.09549150323812347,0.1258165300553527,0.5768138466464183,0.0,-0.24088541666666669,0.0,0.0,2.49999999975,1.358979125765655,0.42444643608593974,weak,pessimistic,0.02
adaptive n0=0.02,30004,1.080657921505893,0.9693028290598577,0.09499287548392261,0.1226381960628691,0.5644774677588825,0.0,-0.26145833333333324,0.0,0.0,2.4999999997500004,1.4528374125760555,0.3885345069397656,weak,pessimistic,0.02
adaptive n0=0.02,30005,1.105924324510728,0.9921824387727374,0.0974283699510728,0.12718053312483174,0.5587969746378862,0.0,-0.26328124999999997,0.0,0.0,2.4999999997500004,1.4575721740937562,0.38337516630030183,weak,pessimistic,0.02
adaptive n0=0.02,30006,1.0473461663561214,0.9388830303864673,0.09011222080227882,0.10396487838399562,0.4962342140997789,0.0,-0.29244791666666664,0.0,0.0,2.49999999975,1.5674750254660912,0.31658189511008183,weak,pessimistic,0.02
adaptive n0=0.02,30007,1.0810224138833064,0.9688141944755082,0.09525718930499731,0.12099421760072038,0.581746187869935,0.0,-0.25690104166666666,0.0,0.0,2.49999999975,1.3758031935715715,0.42284113788086775,weak,pessimistic,0.02
adaptive n0=0.02,30008,1.0769491217039742,0.9666341802968835,0.09628215175373074,0.12397491387472036,0.5863974619539831,0.0,-0.2282552083333333,0.0,0.0,2.49999999975,1.4505899657483767,0.40424756533556583,weak,pessimistic,0.02
adaptive n0=0.02,30009,1.1210761234373414,1.0070910224817933,0.09803209151040079,0.12534537781593927,0.5651550223567156,0.0,-0.28151041666666665,0.0,0.0,2.49999999975,1.4894901749963465,0.37942849965969183,weak,pessimistic,0.02
adaptive n0=0.02,30010,1.0776489719981048,0.965943327522329,0.0937740117831438,0.12499829994398926,0.5721846359369666,0.0,-0.2798177083333333,0.0,0.0,2.49999999975,1.4585997725837134,0.39228350826040403,weak,pessimistic,0.02
adaptive n0=0.02,30011,1.098710435421305,0.9847962700142976,0.09614057479213052,0.12309368967526754,0.546276978398304,0.0,-0.27460937500000004,0.0,0.0,2.4999999997500004,1.3508026991062794,0.40440915520803505,weak,pessimistic,0.02
adaptive n0=0.02,30012,1.0535350716084688,0.9466905127414049,0.09332876757751354,0.11116302169593982,0.5126092196456511,0.0,-0.2404947916666667,0.0,0.0,2.4999999997500004,1.4192724738350502,0.36117745471418705,weak,pessimistic,0.02
adaptive n0=0.02,30013,1.0645164605734545,0.9541377256098326,0.09279930230734545,0.1189662141273024,0.5596668225392732,0.0,-0.27304687499999997,0.0,0.0,2.4999999997500004,1.5125840552833103,0.3700070885875142,weak,pessimistic,0.02
adaptive n0=0.02,30014,1.0601580266682924,0.947211357309491,0.0923895005834959,0.12330681207716106,0.5642930199475309,0.0,-0.2725260416666667,0.0,0.0,2.49999999975,1.4447490279436397,0.39058203814866604,weak,pessimistic,0.02
adaptive n0=0.02,30015,1.085704905944497,0.9726192455443787,0.09553012601111636,0.12600936724675255,0.59666238878081,0.0,-0.26080729166666683,0.0,0.0,2.49999999975,1.570217013687277,0.37998721423842674,weak,pessimistic,0.02
adaptive n0=0.02,30016,1.1084056899654546,0.9951490245753107,0.09944082941321214,0.12423144549506202,0.5814957024208743,0.0,-0.22799479166666664,0.0,0.0,2.49999999975,1.4242750913383706,0.4082748522088182,weak,pessimistic,0.02
adaptive n0=0.02,30017,1.0305906411565344,0.9241698483572826,0.0907608870323201,0.12231530115015328,0.5957205362876457,0.0,-0.24596354166666667,0.0,0.0,2.49999999975,1.4480030117704747,0.4114083544337781,weak,pessimistic,0.02
adaptive n0=0.02,30018,1.105359977098915,0.9929811787229502,0.09775604979322483,0.11372748409295756,0.5184700441716259,0.0,-0.25559895833333324,0.0,0.0,2.49999999975,1.4538210227842394,0.3566257717051679,weak,pessimistic,0.02
adaptive n0=0.02,30019,1.1146679712806913,1.0007361521395606,0.09842643254473578,0.11920633672680479,0.526741655825887,0.0,-0.2608072916666667,0.0,0.0,2.49999999975,1.4897183984365998,0.35358471532517916,weak,pessimistic,0.02
adaptive n0=0.02,30020,1.1197175201843137,1.008948180751827,0.10074779368509805,0.11425965552992512,0.5421329326109408,0.0,-0.22447916666666667,0.0,0.0,2.4999999997499995,1.4541666560855386,0.372813480726002,weak,pessimistic,0.02
adaptive n0=0.02,30021,1.0804704664003095,0.9689379432099264,0.09559261955669761,0.12188550410052461,0.5570045215659657,0.0,-0.24908854166666683,0.0,0.0,2.49999999975,1.343280774488892,0.4146597882917677,weak,pessimistic,0.02
adaptive n0=0.02,30022,1.0670944033217264,0.956512948595717,0.09415084658217265,0.12956375718270524,0.6231252738636868,0.0,-0.25117187499999993,0.0,0.0,2.4999999997499995,1.3958238372035596,0.4464211437397981,weak,pessimistic,0.02
adaptive n0=0.02,30023,1.0826882291387425,0.9721411679397984,0.09421283333054091,0.12090850280298229,0.5538520453639348,0.0,-0.28111979166666656,0.0,0.0,2.49999999975,1.4201884314294513,0.3899849013742989,weak,pessimistic,0.02
adaptive n0=0.02,30024,1.0747601390372934,0.963337582601297,0.09366742015372932,0.1243935394600969,0.5690985057013704,0.0,-0.276171875,0.0,0.0,2.49999999975,1.4871883205066547,0.38266741195727666,weak,pessimistic,0.02
adaptive n0=0.02,30025,1.051641907787668,0.9448754166234591,0.09391419077876681,0.12212519920506595,0.5777800191157184,0.0,-0.22500000000000003,0.0,0.0,2.49999999975,1.459052023171862,0.3959968595634246,weak,pessimistic,0.02
adaptive n0=0.02,30026,1.0608409350395664,0.950523831952707,0.09394867683728995,0.12219982875927017,0.5698988169075837,0.0,-0.24270833333333341,0.0,0.0,2.49999999975,1.3690659189511942,0.41626835422517006,weak,pessimistic,0.02
adaptive n0=0.02,30027,1.0713008037154406,0.9619606798736726,0.09654414287154407,0.12463226330637885,0.5909935093450013,0.0,-0.2117187499999999,0.0,0.0,2.49999999975,1.4361702046986586,0.4115065940036023,weak,pessimistic,0.02
adaptive n0=0.02,30028,1.047790317085889,0.9400269984042123,0.09354205254192224,0.1296418890162357,0.6311019914612062,0.0,-0.22473958333333344,0.0,0.0,2.49999999975,1.5109757572595894,0.41767843622178064,weak,pessimistic,0.02
adaptive n0=0.02,30029,1.006938242591692,0.9008498962874836,0.08609095967583585,0.11667281071407949,0.5491708032881525,0.0,-0.2920572916666666,0.0,0.0,2.49999999975,1.2307892556604942,0.446194017994936,weak,pessimistic,0.02
adaptive n0=0.02,30030,1.0652164022299102,0.9535430494392139,0.09156070272299104,0.12310295432275231,0.555721812004188,0.0,-0.2992187500000001,0.0,0.0,2.49999999975,1.4129993514725356,0.3932923333793827,weak,pessimistic,0.02
adaptive n0=0.02,30031,1.094006141379143,0.9819483709333295,0.09693316622124765,0.12641411278301196,0.6006872634197398,0.0,-0.24934895833333326,0.0,0.0,2.49999999975,1.4664034258315974,0.4096330196985799,weak,pessimistic,0.02
adaptive n0=0.02,30032,1.0894004658045642,0.9782133117416086,0.0968371819971231,0.12187581517517904,0.5670955769316165,0.0,-0.24205729166666667,0.0,0.0,2.49999999975,1.5012621716706227,0.3777458645351369,weak,pessimistic,0.02
adaptive n0=0.02,30033,1.114900653191376,1.0007851459718045,0.09947183615247095,0.12743816397242352,0.5976819007615432,0.0,-0.24036458333333327,0.0,0.0,2.49999999975,1.470996790251339,0.40631081231619914,weak,pessimistic,0.02
adaptive n0=0.02,30034,1.0652066852616475,0.9556128472466219,0.09402717894283143,0.11029414464605644,0.5032225091201171,0.0,-0.24986979166666667,0.0,0.0,2.49999999975,1.3732778620300714,0.3664389582281767,weak,pessimistic,0.02
adaptive n0=0.02,30035,1.1198029050066665,1.004913449839366,0.09832794675066661,0.13172791385738591,0.6054013012762475,0.0,-0.273046875,0.0,0.0,2.49999999975,1.3778826672682731,0.43937072122148707,weak,pessimistic,0.02
adaptive n0=0.02,30036,1.0873715929035819,0.9769996875092152,0.09755877387369154,0.12471637292661478,0.598573317882544,0.0,-0.22356770833333328,0.0,0.0,2.49999999975,1.4515603659471779,0.4123654323476658,weak,pessimistic,0.02
adaptive n0=0.02,30037,1.0840916514242154,0.9720940192818593,0.09168390472575486,0.11753776772397265,0.5528878776265191,0.0,-0.33450520833333325,0.0,0.0,2.49999999975,1.3274796936005662,0.4164944144093861,weak,pessimistic,0.02
adaptive n0=0.02,30038,1.0761089561066766,0.9652056108486547,0.0936720935273343,0.12124463429823434,0.5437880240108325,0.0,-0.27877604166666664,0.0,0.0,2.49999999975,1.5094057955599185,0.3602662886351995,weak,pessimistic,0.02
adaptive n0=0.02,30039,1.0428677770934687,0.9364503982874539,0.09269823604268018,0.12408762934373067,0.6016425756239987,0.0,-0.23177083333333331,0.0,0.0,2.49999999975,1.326021507853541,0.45372007321200264,weak,pessimistic,0.02
adaptive n0=0.02,30040,1.0937249967746014,0.9843165134986417,0.09833083301079346,0.12141761635277018,0.5930484019383666,0.0,-0.22083333333333355,0.0,0.0,2.49999999975,1.443290562574149,0.41090021463221393,weak,pessimistic,0.02
adaptive n0=0.02,30041,1.1241578769971452,1.0090092399356818,0.09867880853304785,0.12382297629696448,0.5711478655289584,0.0,-0.2747395833333334,0.0,0.0,2.4999999997500004,1.5717332963886184,0.36338726604652866,weak,pessimistic,0.02
adaptive n0=0.02,30042,1.082906353522429,0.9739651377049123,0.09767214576890958,0.11949049196771258,0.6104943597396759,0.0,-0.21236979166666653,0.0,0.0,2.49999999975,1.544557482543813,0.3952551890359047,weak,pessimistic,0.02
adaptive n0=0.02,30043,1.0620740066748582,0.9513607741864284,0.09446260900081918,0.12191879415049484,0.5834222761737728,0.0,-0.2348958333333333,0.0,0.0,2.4999999997500004,1.4520090163017587,0.4018034802977595,weak,pessimistic,0.02
adaptive n0=0.02,30044,1.0842253865051616,0.9723731791394019,0.09518035115051618,0.11890740887967306,0.5220380274888348,0.0,-0.26484375000000004,0.0,0.0,2.49999999975,1.422062139652669,0.3670993080628247,weak,pessimistic,0.02
adaptive n0=0.02,30045,1.085698926082096,0.9736105130116036,0.09665583010820958,0.12077749946143672,0.5401635474255714,0.0,-0.23828125,0.0,0.0,2.49999999975,1.4218941847487772,0.37989011645125226,weak,pessimistic,0.02
adaptive n0=0.02,30046,1.0027790151296796,0.8976939406551414,0.08794066192963462,0.12302559404194337,0.5863262161645844,0.0,-0.24674479166666663,0.0,0.0,2.4999999997500004,1.4586667347953033,0.40196036707923166,weak,pessimistic,0.02
adaptive n0=0.02,30047,1.0794349530843277,0.9679873208772173,0.0967455786417661,0.12625398503485089,0.5907544118562328,0.0,-0.22395833333333337,0.0,0.0,2.49999999975,1.479611048208,0.3992633148905671,weak,pessimistic,0.02
adaptive n0=0.02,30048,1.1289444302402467,1.014650933731599,0.09999079719069136,0.12452422204983092,0.5818111028080989,0.0,-0.2580729166666667,0.0,0.0,2.49999999975,1.410065610368893,0.41261278803607504,weak,pessimistic,0.02
adaptive n0=0.02,30049,1.070391880743885,0.9626865449690549,0.09564595890772185,0.1246721253901827,0.5895742208894708,0.0,-0.22786458333333337,0.0,0.0,2.49999999975,1.4426281495128443,0.4086806576514966,weak,pessimistic,0.02
adaptive n0=0.05,30000,1.111404633972922,0.9986230568729739,0.09899202589729221,0.1276961988039179,0.5897000128342884,0.0,-0.24296874999999996,0.0,0.0,2.49999999975,1.4772784469142537,0.3991800016212628,weak,pessimistic,0.05
adaptive n0=0.05,30001,1.0840118011752145,0.9737945818007501,0.0962397217841881,0.11818482805832276,0.5524649210784337,0.0,-0.24322916666666672,0.0,0.0,2.49999999975,1.5403498660769246,0.35866197235144487,weak,pessimistic,0.05
adaptive n0=0.05,30002,1.0646236868118344,0.9546404869110502,0.09566158743118341,0.1204911020287024,0.5679497109939539,0.0,-0.21601562500000004,0.0,0.0,2.4999999997500004,1.4336208897379759,0.39616450559517064,weak,pessimistic,0.05
adaptive n0=0.05,30003,1.0750614194109716,0.9654543573935389,0.09547489194109715,0.1258165300553527,0.5768138466464183,0.0,-0.24062500000000003,0.0,0.0,2.49999999975,1.3577374833788887,0.4248345896814674,weak,pessimistic,0.05
adaptive n0=0.05,30004,1.1070620796467145,0.9932532790926462,0.09577131213133812,0.1226381960628691,0.5644774677588825,0.0,-0.2986979166666666,0.0,0.0,2.4999999997500004,1.524918944670807,0.37016883404300516,weak,pessimistic,0.05
adaptive n0=0.05,30005,1.105477171832166,0.9917666879847057,0.09739667551654993,0.12718053312483174,0.5587969746378862,0.0,-0.2630208333333333,0.0,0.0,2.49999999975,1.456307044069892,0.3837082138092495,weak,pessimistic,0.05
adaptive n0=0.05,30006,1.0472442033649247,0.9387831390817104,0.09010202450315913,0.10396487838399562,0.4962342140997789,0.0,-0.29244791666666664,0.0,0.0,2.49999999975,1.5669346531225474,0.31669107139273234,weak,pessimistic,0.05
adaptive n0=0.05,30007,1.0809850076306127,0.9687720609781371,0.09524693826306127,0.12099551057926528,0.5817524045747859,0.0,-0.25703125,0.0,0.0,2.49999999975,1.3764108871052956,0.42265896762721683,weak,pessimistic,0.05
adaptive n0=0.05,30008,1.0770728021098026,0.9667515380247298,0.09628800937764692,0.12397491387472036,0.5863974619539831,0.0,-0.22838541666666667,0.0,0.0,2.49999999975,1.4493744055825535,0.40458659935994234,weak,pessimistic,0.05
adaptive n0=0.05,30009,1.122842125074436,1.0087710987448952,0.09829332709077696,0.12534537781593927,0.5651550223567156,0.0,-0.2798177083333333,0.0,0.0,2.49999999975,1.4873437211985001,0.37997607029349895,weak,pessimistic,0.05
adaptive n0=0.05,30010,1.0768352810298514,0.9651729043031586,0.09369264268631847,0.12499829994398926,0.5721846359369666,0.0,-0.2798177083333333,0.0,0.0,2.49999999975,1.4578812033025763,0.39247685932213255,weak,pessimistic,0.05
adaptive n0=0.05,30011,1.0962408365162963,0.9825954431300039,0.09608241698496296,0.12309368967526754,0.546276978398304,0.0,-0.27083333333333337,0.0,0.0,2.49999999975,1.3675182169894424,0.39946596075401414,weak,pessimistic,0.05
adaptive n0=0.05,30012,1.0534575932374666,0.9466125061320827,0.0933210197404133,0.11115835977384421,0.5125877219910262,0.0,-0.2404947916666667,0.0,0.0,2.49999999975,1.418139706703335,0.3614507932949768,weak,pessimistic,0.05
adaptive n0=0.05,30013,1.0637830214671546,0.953432419053149,0.0927194479800488,0.1189662141273024,0.5596668225392732,0.0,-0.27317708333333335,0.0,0.0,2.49999999975,1.4957527668080433,0.3741706751000099,weak,pessimistic,0.05
adaptive n0=0.05,30014,1.061179122238505,0.9481399767587435,0.0924850997238505,0.12330681207716106,0.5642930199475309,0.0,-0.27265625000000004,0.0,0.0,2.49999999975,1.4464879458478497,0.3901124938976067,weak,pessimistic,0.05
adaptive n0=0.05,30015,1.0863995826838857,0.9732710242662499,0.09553448951838854,0.12600936724675255,0.59666238878081,0.0,-0.26210937500000014,0.0,0.0,2.49999999975,1.569935796257076,0.38005528009701295,weak,pessimistic,0.05
adaptive n0=0.05,30016,1.109354957628508,0.9959665713094914,0.09952924576285078,0.1242712213701071,0.5816818831443343,0.0,-0.22812500000000002,0.0,0.0,2.49999999975,1.4282898565831417,0.40725758883135654,weak,pessimistic,0.05
adaptive n0=0.05,30017,1.0327916078811772,0.9260829072831278,0.0909354107881177,0.12231530115015328,0.5957205362876457,0.0,-0.246875,0.0,0.0,2.49999999975,1.458338570894605,0.4084926149366029,weak,pessimistic,0.05
adaptive n0=0.05,30018,1.1049170797819887,0.9925712183490031,0.0977312913115322,0.11372748409295756,0.5184700441716259,0.0,-0.2552083333333332,0.0,0.0,2.49999999975,1.45282832548969,0.35686944911186974,weak,pessimistic,0.05
adaptive n0=0.05,30019,1.1148835396944765,1.0009358041805905,0.09844798938611432,0.11920859160233374,0.5267516195316966,0.0,-0.2608072916666667,0.0,0.0,2.4999999997500004,1.4900379323282764,0.35351557708911113,weak,pessimistic,0.05
adaptive n0=0.05,30020,1.1168787112109027,1.0062646118435652,0.10051599612109027,0.11424580882636218,0.5420672335330401,0.0,-0.2234375,0.0,0.0,2.49999999975,1.4527326793546949,0.37313625640598025,weak,pessimistic,0.05
adaptive n0=0.05,30021,1.0777453380958968,0.9665622246841418,0.09552844005958969,0.12186206849692936,0.5568974232094833,0.0,-0.244921875,0.0,0.0,2.4999999997500004,1.3366949697612076,0.4166226669566727,weak,pessimistic,0.05
adaptive n0=0.05,30022,1.067089996051419,0.956502137463211,0.09415040585514192,0.12956375718270524,0.6231252738636868,0.0,-0.25117187499999993,0.0,0.0,2.49999999975,1.3971675060333402,0.44599181642348995,weak,pessimistic,0.05
adaptive n0=0.05,30023,1.0754066787574232,0.965881012029933,0.09416827204240899,0.12092299681777509,0.5539184388726826,0.0,-0.2674479166666666,0.0,0.0,2.49999999975,1.4353087932485553,0.385922835196314,weak,pessimistic,0.05
adaptive n0=0.05,30024,1.0529498920226192,0.9442857524368401,0.09331582253559526,0.12431205499491577,0.5687257155422212,0.0,-0.23958333333333337,0.0,0.0,2.49999999975,1.4018425881008214,0.40569869996082475,weak,pessimistic,0.05
adaptive n0=0.05,30025,1.0573845219487428,0.9500395123957247,0.09383090011154094,0.12222031410766136,0.5782300121605404,0.0,-0.23815104166666673,0.0,0.0,2.49999999975,1.4713435567643764,0.39299455895407787,weak,pessimistic,0.05
adaptive n0=0.05,30026,1.0849679720378997,0.9731707035385109,0.09660877637045663,0.12219982875927017,0.5698988169075837,0.0,-0.2377604166666668,0.0,0.0,2.49999999975,1.5106854457588712,0.377245189266587,weak,pessimistic,0.05
adaptive n0=0.05,30027,1.0704248864322994,0.9611592852130035,0.09649561364322995,0.1246196022591357,0.590933471947431,0.0,-0.2109374999999999,0.0,0.0,2.49999999975,1.4346716300145064,0.41189458241497107,weak,pessimistic,0.05
adaptive n0=0.05,30028,1.047689077726393,0.9399356193256535,0.0935384390226393,0.1296418890162357,0.6311019914612062,0.0,-0.2246093750000001,0.0,0.0,2.49999999975,1.5102062503747113,0.41789125909432406,weak,pessimistic,0.05
adaptive n0=0.05,30029,1.0078397522919431,0.9016716052410656,0.08615506897919431,0.11667281071407949,0.5491708032881525,0.0,-0.292578125,0.0,0.0,2.49999999975,1.2324592086136348,0.4455894356989731,weak,pessimistic,0.05
adaptive n0=0.05,30030,1.0625800724521226,0.9511074847761711,0.09134915307854556,0.12310295432275231,0.555721812004188,0.0,-0.2981770833333335,0.0,0.0,2.49999999975,1.4093833849254478,0.39430137884986066,weak,pessimistic,0.05
adaptive n0=0.05,30031,1.110697271607275,0.9974624626262144,0.09829628966072751,0.12641411278301196,0.6006872634197398,0.0,-0.25546874999999997,0.0,0.0,2.49999999975,1.520091122769807,0.39516529925206595,weak,pessimistic,0.05
adaptive n0=0.05,30032,1.0903590725233274,0.979111597420372,0.09688746975233273,0.12187581517517904,0.5670955769316165,0.0,-0.24296875,0.0,0.0,2.49999999975,1.501675120852148,0.377641987309352,weak,pessimistic,0.05
adaptive n0=0.05,30033,1.1148393924992863,1.000735164743006,0.09945919966659529,0.12743816397242352,0.5976819007615432,0.0,-0.2404947916666666,0.0,0.0,2.49999999975,1.4714389063718394,0.4061887300746051,weak,pessimistic,0.05
adaptive n0=0.05,30034,1.064441843707506,0.9549478872030552,0.09397022603741731,0.10993012281387023,0.5015616414434594,0.0,-0.24947916666666664,0.0,0.0,2.49999999975,1.3020235106354558,0.3852170389754874,weak,pessimistic,0.05
adaptive n0=0.05,30035,1.1200374066201881,1.0051323944863102,0.09833837607868547,0.13172791385738591,0.6054013012762475,0.0,-0.2733072916666667,0.0,0.0,2.49999999975,1.378431841719215,0.4391956736295178,weak,pessimistic,0.05
adaptive n0=0.05,30036,1.0873458309975772,0.976966562723572,0.09754968726642438,0.12471637292661478,0.598573317882544,0.0,-0.2236979166666666,0.0,0.0,2.49999999975,1.4489661776146723,0.41310371983142613,weak,pessimistic,0.05
adaptive n0=0.05,30037,1.0842683678497538,0.9722470487932497,0.09167553470164205,0.11753776772397265,0.5528878776265191,0.0,-0.3350260416666666,0.0,0.0,2.49999999975,1.326716122471825,0.4167341213856853,weak,pessimistic,0.05
adaptive n0=0.05,30038,1.0757166823966726,0.9648762180282839,0.09374354323966724,0.12124463429823434,0.5437880240108325,0.0,-0.2765625,0.0,0.0,2.49999999975,1.5072874932359914,0.36077259743154605,weak,pessimistic,0.05
adaptive n0=0.05,30039,1.0422365747978273,0.9358529846867497,0.0926286053964494,0.12408762934373067,0.6016425756239987,0.0,-0.23190104166666664,0.0,0.0,2.49999999975,1.3260682843565814,0.4537040684265519,weak,pessimistic,0.05
adaptive n0=0.05,30040,1.0955607604346849,0.9858685996613595,0.09832560729346848,0.12141761635277018,0.5930484019383666,0.0,-0.22460937500000017,0.0,0.0,2.49999999975,1.45825364063958,0.4066839851524455,weak,pessimistic,0.05
adaptive n0=0.05,30041,1.1236665552455596,1.008558428515118,0.09865571802455594,0.12382297629696448,0.5711478655289584,0.0,-0.2742187500000001,0.0,0.0,2.49999999975,1.5711308764983922,0.3635265998984667,weak,pessimistic,0.05
adaptive n0=0.05,30042,1.0822372399144906,0.9733402591285574,0.09761174482478238,0.11949049196771258,0.6104943597396759,0.0,-0.21223958333333326,0.0,0.0,2.49999999975,1.5443683271122306,0.3953036001982905,weak,pessimistic,0.05
adaptive n0=0.05,30043,1.0587032477697833,0.9482307358304137,0.09412553311031169,0.12191879415049484,0.5834222761737728,0.0,-0.23489583333333336,0.0,0.0,2.49999999975,1.4388343003649384,0.4054826021493904,weak,pessimistic,0.05
adaptive n0=0.05,30044,1.083935125706653,0.9721019789065484,0.09515783548733198,0.11890740887967306,0.5220380274888348,0.0,-0.2647135416666667,0.0,0.0,2.49999999975,1.4218901951179623,0.36714370018250647,weak,pessimistic,0.05
adaptive n0=0.05,30045,1.1016380279910005,0.9880350452142637,0.09761822988243339,0.12077749946143672,0.5401635474255714,0.0,-0.25091145833333317,0.0,0.0,2.49999999975,1.4866188208478084,0.3633504028406689,weak,pessimistic,0.05
adaptive n0=0.05,30046,1.0031929131163126,0.8980707580974914,0.08797554131163127,0.12302559404194337,0.5863262161645844,0.0,-0.24687499999999996,0.0,0.0,2.49999999975,1.4591070420397236,0.4018390695619862,weak,pessimistic,0.05
adaptive n0=0.05,30047,1.079832020676356,0.968273243822402,0.09666158748430229,0.12625398503485089,0.5907544118562328,0.0,-0.22643229166666667,0.0,0.0,2.49999999975,1.4790143993523157,0.3994243816117907,weak,pessimistic,0.05
adaptive n0=0.05,30048,1.1280375190490792,1.0138112942835331,0.09993265815490793,0.12452422204983092,0.5818111028080989,0.0,-0.2574218750000001,0.0,0.0,2.49999999975,1.4112163618220528,0.4122763302268616,weak,pessimistic,0.05
adaptive n0=0.05,30049,1.0702470089349512,0.9625617697337856,0.09565100297682845,0.1246721253901827,0.5895742208894708,0.0,-0.22747395833333334,0.0,0.0,2.49999999975,1.441140184939146,0.40910261683832394,weak,pessimistic,0.05
adaptive n0=0.1,30000,1.1113660245083254,0.9985892064129611,0.09901420661749923,0.1276961988039179,0.5897000128342884,0.0,-0.24244791666666665,0.0,0.0,2.49999999975,1.4773108324426416,0.3991712508187976,weak,pessimistic,0.1
adaptive n0=0.1,30001,1.083878240303835,0.9736655882694841,0.09624589694705016,0.11818215397330441,0.5524524208430576,0.0,-0.24283854166666669,0.0,0.0,2.49999999975,1.5397416709046472,0.3587955247833711,weak,pessimistic,0.1
adaptive n0=0.1,30002,1.0683733067713141,0.9581296886910726,0.09582821609379807,0.1204911020287024,0.5679497109939539,0.0,-0.2201822916666667,0.0,0.0,2.49999999975,1.437014804219048,0.3952288517323999,weak,pessimistic,0.1
adaptive n0=0.1,30003,1.0748019381777638,0.9652226309223727,0.09546196465110972,0.1258165300553527,0.5768138466464183,0.0,-0.24036458333333333,0.0,0.0,2.49999999975,1.356810365784041,0.42512488199712645,weak,pessimistic,0.1
adaptive n0=0.1,30004,1.1060332999480393,0.9922916228026482,0.09567494457813729,0.1226381960628691,0.5644774677588825,0.0,-0.29856770833333324,0.0,0.0,2.49999999975,1.5224290298258414,0.3707742408350267,weak,pessimistic,0.1
adaptive n0=0.1,30005,1.1059785116642924,0.9921931212942985,0.09736868449976258,0.12718053312483174,0.5587969746378862,0.0,-0.26458333333333334,0.0,0.0,2.49999999975,1.4484203588396454,0.3857975146700839,weak,pessimistic,0.1
adaptive n0=0.1,30006,1.0477857182827421,0.9392734307693256,0.09016268641160755,0.10396487838399562,0.4962342140997789,0.0,-0.2923177083333333,0.0,0.0,2.49999999975,1.567103968254576,0.3166568550346276,weak,pessimistic,0.1
adaptive n0=0.1,30007,1.0812419896332905,0.9689953013925807,0.09524659479666239,0.12100103773793838,0.5817789794273003,0.0,-0.25755208333333335,0.0,0.0,2.49999999975,1.379008624399055,0.4218820456477045,weak,pessimistic,0.1
adaptive n0=0.1,30008,1.0769486793963436,0.9666413881665188,0.09629512835630102,0.12397491387472036,0.5863974619539831,0.0,-0.2279947916666667,0.0,0.0,2.49999999975,1.4482909854310018,0.4048892576511309,weak,pessimistic,0.1
adaptive n0=0.1,30009,1.1233704659999977,1.0092669758358677,0.09835267159999977,0.12534537781593927,0.5651550223567156,0.0,-0.2796875,0.0,0.0,2.49999999975,1.4874600875735369,0.3799463441594869,weak,pessimistic,0.1
adaptive n0=0.1,30010,1.076472146750674,0.9648293745439805,0.09365632925840071,0.12499829994398926,0.5721846359369666,0.0,-0.2798177083333333,0.0,0.0,2.49999999975,1.4576381224467996,0.39254231014244756,weak,pessimistic,0.1
adaptive n0=0.1,30011,1.0926412155479879,0.9795697510875051,0.09608703822146544,0.12309368967526754,0.546276978398304,0.0,-0.26354166666666673,0.0,0.0,2.49999999975,1.4075794315720347,0.388096732692522,weak,pessimistic,0.1
adaptive n0=0.1,30012,1.0597177473911032,0.9520705412442414,0.09357594140577698,0.1113365052979122,0.5134092095386177,0.0,-0.24791666666666679,0.0,0.0,2.4999999997500004,1.4614260144065525,0.351307014161165,weak,pessimistic,0.1
adaptive n0=0.1,30013,1.0619564672380173,0.9517904412832934,0.09266700089046839,0.1189662141273024,0.5596668225392732,0.0,-0.2705729166666667,0.0,0.0,2.49999999975,1.4613060098059227,0.3829908443431387,weak,pessimistic,0.1
adaptive n0=0.1,30014,1.061310169813451,0.9482620256072619,0.0924982044813451,0.12330681207716106,0.5642930199475309,0.0,-0.27265625000000004,0.0,0.0,2.49999999975,1.446329454757774,0.3901552430473295,weak,pessimistic,0.1
adaptive n0=0.1,30015,1.0858186055311565,0.9727393576768464,0.09552847513644898,0.12600936724675255,0.59666238878081,0.0,-0.2610677083333335,0.0,0.0,2.49999999975,1.5708824434517332,0.3798262506962336,weak,pessimistic,0.1
adaptive n0=0.1,30016,1.1106851677421017,0.9970410799283524,0.0994995063575435,0.12424631916861645,0.5815653222922093,0.0,-0.2313802083333334,0.0,0.0,2.49999999975,1.4257763608285041,0.40789378914535207,weak,pessimistic,0.1
adaptive n0=0.1,30017,1.032658571574571,0.9259157138772439,0.09088304465745713,0.12231530115015328,0.5957205362876457,0.0,-0.24765624999999997,0.0,0.0,2.49999999975,1.4458713590392462,0.4120148950757905,weak,pessimistic,0.1
adaptive n0=0.1,30018,1.1037808548661616,0.991524776670997,0.09766324173661618,0.11372748409295756,0.5184700441716259,0.0,-0.25429687499999987,0.0,0.0,2.49999999975,1.4506121221646167,0.3574146639543865,weak,pessimistic,0.1
adaptive n0=0.1,30019,1.1151060168861229,1.001147547945018,0.09847023710527894,0.11920559597151328,0.5267383826217978,0.0,-0.2608072916666667,0.0,0.0,2.49999999975,1.489613427488979,0.35360743458771954,weak,pessimistic,0.1
adaptive n0=0.1,30020,1.1146161748485022,1.0042223641923487,0.10039390915151687,0.11400542628914662,0.5409266796844858,0.0,-0.22135416666666663,0.0,0.0,2.49999999975,1.4278384535699498,0.3788430535205402,weak,pessimistic,0.1
adaptive n0=0.1,30021,1.0775512747159202,0.966389181458837,0.09552205455492535,0.12186460660385448,0.5569090221034121,0.0,-0.24466145833333336,0.0,0.0,2.49999999975,1.3374082211403862,0.41640915114799043,weak,pessimistic,0.1
adaptive n0=0.1,30022,1.0569608467231641,0.9478402341135798,0.09421822008898309,0.12956375718270524,0.6231252738636868,0.0,-0.22955729166666666,0.0,0.0,2.49999999975,1.4449544568540449,0.4312421550090618,weak,pessimistic,0.1
adaptive n0=0.1,30023,1.0761826412408901,0.9664881862243742,0.09411565995742235,0.12092981203921813,0.5539496577220466,0.0,-0.27005208333333336,0.0,0.0,2.4999999997499995,1.4424185289271465,0.3840422502989252,weak,pessimistic,0.1
adaptive n0=0.1,30024,1.054318959541253,0.9455493917808714,0.0934201772041253,0.12431221187335915,0.5687264332586565,0.0,-0.24023437500000006,0.0,0.0,2.49999999975,1.4020069004714948,0.40565166481519727,weak,pessimistic,0.1
adaptive n0=0.1,30025,1.0548412572520662,0.9478319228302041,0.0940648548918733,0.12221402077392561,0.5782002381048187,0.0,-0.22838541666666673,0.0,0.0,2.49999999975,1.470530280180881,0.39319165738885553,weak,pessimistic,0.1
adaptive n0=0.1,30026,1.085356059289473,0.9735352567517708,0.09662805384561395,0.12219982875927017,0.5698988169075837,0.0,-0.23815104166666684,0.0,0.0,2.49999999975,1.5120031200439366,0.3769164291744473,weak,pessimistic,0.1
adaptive n0=0.1,30027,1.0697753366911988,0.9605544575996946,0.09646321075245323,0.12461468525894653,0.5909101560329145,0.0,-0.2102864583333332,0.0,0.0,2.4999999997500004,1.4340896487720562,0.4120454788435878,weak,pessimistic,0.1
adaptive n0=0.1,30028,1.0473513836310082,0.9396457982278721,0.0935307112797675,0.1296418890162357,0.6311019914612062,0.0,-0.22408854166666675,0.0,0.0,2.49999999975,1.5090299502248385,0.4182170084610811,weak,pessimistic,0.1
adaptive n0=0.1,30029,1.0020621166759096,0.8972399222659301,0.08724397208425763,0.11667281071407949,0.5491708032881525,0.0,-0.25924479166666664,0.0,0.0,2.49999999975,1.4062695368462825,0.3905160347281146,weak,pessimistic,0.1
adaptive n0=0.1,30030,1.0596397723158624,0.9483749572062405,0.09112022723158623,0.12310295432275231,0.555721812004188,0.0,-0.296875,0.0,0.0,2.49999999975,1.4053787335627126,0.3954249475480553,weak,pessimistic,0.1
adaptive n0=0.1,30031,1.1096504536085916,0.9965306238777485,0.09826973286085917,0.12641411278301196,0.6006872634197398,0.0,-0.25390625,0.0,0.0,2.49999999975,1.5168354482316582,0.3960134661409891,weak,pessimistic,0.1
adaptive n0=0.1,30032,1.0910552110981104,0.9797675291201614,0.09693104194314436,0.12187581517517904,0.5670955769316165,0.0,-0.24348958333333337,0.0,0.0,2.49999999975,1.5020032090997637,0.3775594975402944,weak,pessimistic,0.1
adaptive n0=0.1,30033,1.114576657560145,1.000501040917855,0.0994459470060145,0.12743816397242352,0.5976819007615432,0.0,-0.24023437499999994,0.0,0.0,2.4999999997500004,1.471904205736939,0.40606032541520015,weak,pessimistic,0.1
adaptive n0=0.1,30034,1.0655392265121075,0.9558832508551837,0.09398230806787741,0.10997578906436924,0.5017699959778906,0.0,-0.2514322916666666,0.0,0.0,2.49999999975,1.310962312575959,0.38274936751762445,weak,pessimistic,0.1
adaptive n0=0.1,30035,1.119278166498741,1.0044928872256151,0.09832104581654075,0.13172791385738591,0.6054013012762475,0.0,-0.27213541666666663,0.0,0.0,2.49999999975,1.367290386461113,0.4427744883390692,weak,pessimistic,0.1
adaptive n0=0.1,30036,1.0873384177967225,0.9769517005769849,0.09754243552967225,0.12471637292661478,0.598573317882544,0.0,-0.22382812499999993,0.0,0.0,2.49999999975,1.4466851350051413,0.4137550759311678,weak,pessimistic,0.1
adaptive n0=0.1,30037,1.0832959116290117,0.9714049942751699,0.09166943491290117,0.11753776772397265,0.5528878776265191,0.0,-0.333203125,0.0,0.0,2.49999999975,1.3245983386620837,0.417400400928304,weak,pessimistic,0.1
adaptive n0=0.1,30038,1.074737975487438,0.9640026077042242,0.09406233921541045,0.12124463429823434,0.5437880240108325,0.0,-0.2682291666666667,0.0,0.0,2.49999999975,1.5033608544917505,0.3617149019053539,weak,pessimistic,0.1
adaptive n0=0.1,30039,1.0411096240121505,0.9347968743891305,0.09254195198454837,0.12408762934373067,0.6016425756239987,0.0,-0.23138020833333334,0.0,0.0,2.49999999975,1.3262964255931373,0.45362602508329625,weak,pessimistic,0.1
adaptive n0=0.1,30040,1.0953274521573542,0.9856631420752762,0.09832180771573541,0.12141761635277018,0.5930484019383666,0.0,-0.22421875000000024,0.0,0.0,2.49999999975,1.463582715574904,0.40520320145036265,weak,pessimistic,0.1
adaptive n0=0.1,30041,1.1236679993044656,1.0085595305283357,0.09864935201377989,0.12382297629696448,0.5711478655289584,0.0,-0.27434895833333345,0.0,0.0,2.49999999975,1.5707042988746862,0.36362532778330775,weak,pessimistic,0.1
adaptive n0=0.1,30042,1.0817138212151753,0.9728443706107521,0.09755940295485087,0.11949049196771258,0.6104943597396759,0.0,-0.21223958333333326,0.0,0.0,2.4999999997499995,1.5437026905487938,0.39547405305269123,weak,pessimistic,0.1
adaptive n0=0.1,30043,1.0653427632768058,0.9541822385570182,0.09437932841101393,0.12191879415049484,0.5834222761737728,0.0,-0.24309895833333328,0.0,0.0,2.49999999975,1.4560510471154564,0.4006880647004616,weak,pessimistic,0.1
adaptive n0=0.1,30044,1.0837426805446606,0.9719227527227026,0.09513208055446606,0.11890740887967306,0.5220380274888348,0.0,-0.26484375000000004,0.0,0.0,2.49999999975,1.4210363999223066,0.3673642895547057,weak,pessimistic,0.1
adaptive n0=0.1,30045,1.101669582284661,0.9878874790337007,0.09732190614513274,0.12077749946143672,0.5401635474255714,0.0,-0.2569010416666666,0.0,0.0,2.49999999975,1.4944217295166542,0.36145322083899184,weak,pessimistic,0.1
adaptive n0=0.1,30046,1.0036287967106143,0.8984714840811954,0.08801912967106143,0.12302559404194337,0.5863262161645844,0.0,-0.24687499999999996,0.0,0.0,2.49999999975,1.4597785053295986,0.4016542331757376,weak,pessimistic,0.1
adaptive n0=0.1,30047,1.0811798878474208,0.9694225182542251,0.09667267628474209,0.12625398503485089,0.5907544118562328,0.0,-0.2289062500000001,0.0,0.0,2.49999999975,1.4842684574013987,0.3980104871934713,weak,pessimistic,0.1
adaptive n0=0.1,30048,1.1272753913744138,1.0131160632909353,0.09987597663744138,0.12452422204983092,0.5818111028080989,0.0,-0.25703125,0.0,0.0,2.49999999975,1.4103588036416046,0.41252701178298645,weak,pessimistic,0.1
adaptive n0=0.1,30049,1.0696876755943767,0.9620783607079582,0.09564064255943766,0.1246721253901827,0.5895742208894708,0.0,-0.22656249999999994,0.0,0.0,2.49999999975,1.44101708391527,0.4091375650367633,weak,pessimistic,0.1
adaptive n0=0.25,30000,1.1111169468539341,0.9984097235614412,0.09903487176872676,0.1276961988039179,0.5897000128342884,0.0,-0.24153645833333326,0.0,0.0,2.49999999975,1.4661260426254863,0.402216450488987,weak,pessimistic,0.25
adaptive n0=0.25,30001,1.082793297632596,0.9726476955590349,0.09613740267992626,0.11817354621699099,0.5524121831620414,0.0,-0.24283854166666669,0.0,0.0,2.49999999975,1.537783918702204,0.3592261412307157,weak,pessimistic,0.25
adaptive n0=0.25,30002,1.0696010818958661,0.9592278053455698,0.09587937902291993,0.1204911020287024,0.5679497109939539,0.0,-0.2216145833333334,0.0,0.0,2.49999999975,1.4397567573571242,0.394476155844898,weak,pessimistic,0.25
adaptive n0=0.25,30003,1.0757864779720419,0.9660385832590157,0.09545625196387084,0.1258165300553527,0.5768138466464183,0.0,-0.2424479166666667,0.0,0.0,2.49999999975,1.3573863018629884,0.4249445024270185,weak,pessimistic,0.25
adaptive n0=0.25,30004,1.0830225446627453,0.9715671075995567,0.09537907738294119,0.1226381960628691,0.5644774677588825,0.0,-0.2584635416666666,0.0,0.0,2.49999999975,1.4611464835997565,0.38632503591851136,weak,pessimistic,0.25
adaptive n0=0.25,30005,1.1060792741939145,0.9922278251320154,0.09732667741939147,0.12718053312483174,0.5587969746378862,0.0,-0.26562500000000006,0.0,0.0,2.4999999997500004,1.423539011156575,0.3925406822422685,weak,pessimistic,0.25
adaptive n0=0.25,30006,0.9683027856674411,0.8669911892887657,0.08556074731674411,0.10396487838399562,0.4962342140997789,0.0,-0.2253906249999999,0.0,0.0,2.49999999975,1.4267749742089173,0.34780131630421857,weak,pessimistic,0.25
adaptive n0=0.25,30007,1.0776404044526984,0.9657809812019394,0.09512732169526986,0.12097492510377328,0.5816534285895659,0.0,-0.25273437499999996,0.0,0.0,2.49999999975,1.3667358152363152,0.4255785369091211,weak,pessimistic,0.25
adaptive n0=0.25,30008,1.0770496985567797,0.9667338838420068,0.09629871985567798,0.12397491387472036,0.5863974619539831,0.0,-0.22812500000000002,0.0,0.0,2.49999999975,1.4475469606127525,0.40509736672429525,weak,pessimistic,0.25
adaptive n0=0.25,30009,1.1261622983778234,1.0116767369393136,0.09839096942111569,0.12534537781593927,0.5651550223567156,0.0,-0.28450520833333326,0.0,0.0,2.49999999975,1.4930239797684473,0.37853043890451465,weak,pessimistic,0.25
adaptive n0=0.25,30010,1.0779294398171197,0.9660869230752928,0.09373044398171199,0.12499829994398926,0.5721846359369666,0.0,-0.28125,0.0,0.0,2.49999999975,1.454724645621249,0.39332848155096156,weak,pessimistic,0.25
adaptive n0=0.25,30011,1.0922764415684871,0.9792123026328188,0.09603753999018207,0.12309368967526754,0.546276978398304,0.0,-0.2638020833333334,0.0,0.0,2.49999999975,1.4078971803473643,0.38800914301392625,weak,pessimistic,0.25
adaptive n0=0.25,30012,1.0673246095850442,0.9585001639877195,0.09363350262517109,0.1114228969125745,0.5138075896608952,0.0,-0.26197916666666676,0.0,0.0,2.49999999975,1.4824176954202197,0.3466010903999946,weak,pessimistic,0.25
adaptive n0=0.25,30013,1.0598758360410194,0.9498954323023848,0.09270633360410194,0.1189662141273024,0.5596668225392732,0.0,-0.265625,0.0,0.0,2.49999999975,1.4626291183792395,0.38264438708799137,weak,pessimistic,0.25
adaptive n0=0.25,30014,1.0640163182568827,0.9505516553562579,0.09237819432568826,0.12330681207716106,0.5642930199475309,0.0,-0.28046875000000004,0.0,0.0,2.49999999975,1.496371687585788,0.3771075225687733,weak,pessimistic,0.25
adaptive n0=0.25,30015,1.0852398720529564,0.97222685575869,0.0955226851219623,0.12600936724675255,0.59666238878081,0.0,-0.26002604166666676,0.0,0.0,2.49999999975,1.5709519274593022,0.37980945078681755,weak,pessimistic,0.25
adaptive n0=0.25,30016,1.109615956112212,0.9960465363082427,0.09943164769455455,0.1242322172258758,0.5814993146959295,0.0,-0.23059895833333333,0.0,0.0,2.49999999975,1.4243529857416135,0.4082550607307233,weak,pessimistic,0.25
adaptive n0=0.25,30017,1.0290079418390783,0.9224380036647035,0.09293334626724117,0.12231530115015328,0.5957205362876457,0.0,-0.19934895833333333,0.0,0.0,2.4999999997499995,1.4714649182231756,0.40484861644339476,weak,pessimistic,0.25
adaptive n0=0.25,30018,1.1109479240363989,0.9979582135000977,0.09806093823697319,0.11372748409295756,0.5184700441716259,0.0,-0.26067708333333334,0.0,0.0,2.49999999975,1.466619367845941,0.35351370337698135,weak,pessimistic,0.25
adaptive n0=0.25,30019,1.1156568938629008,1.001579478816974,0.09841464771962342,0.11899508317432005,0.5258081815736755,0.0,-0.26302083333333337,0.0,0.0,2.49999999975,1.4597820809389568,0.3601963528936228,weak,pessimistic,0.25
adaptive n0=0.25,30020,1.1142081288379524,1.003849412641834,0.10037263580046192,0.1139894220591651,0.5408507436938352,0.0,-0.22096354166666654,0.0,0.0,2.49999999975,1.4261810415162777,0.37923007524964514,weak,pessimistic,0.25
adaptive n0=0.25,30021,1.0739956609079173,0.9633578369124247,0.0957459202574584,0.12215702376731963,0.5582453391940748,0.0,-0.2330729166666668,0.0,0.0,2.49999999975,1.4195824365298053,0.3932461580454007,weak,pessimistic,0.25
adaptive n0=0.25,30022,1.057335836919924,0.9481654185403169,0.0942296774419924,0.12956375718270524,0.6231252738636868,0.0,-0.23007812499999997,0.0,0.0,2.49999999975,1.4459172106609124,0.430955015452692,weak,pessimistic,0.25
adaptive n0=0.25,30023,1.069538889396441,0.9606637338450188,0.09398513893964408,0.12084828853632576,0.5535762186522093,0.0,-0.259375,0.0,0.0,2.49999999975,1.3573720543569507,0.40782939126771967,weak,pessimistic,0.25
adaptive n0=0.25,30024,1.0890831593135786,0.9772503608721141,0.0957182117646912,0.12438931413470229,0.5690791749034961,0.0,-0.2638020833333333,0.0,0.0,2.49999999975,1.4827627715427902,0.3837965086696766,weak,pessimistic,0.25
adaptive n0=0.25,30025,1.0525279215275898,0.9456861796949908,0.09409393798609231,0.12218401282381443,0.5780582690918572,0.0,-0.22317708333333341,0.0,0.0,2.49999999975,1.466652404929281,0.3941344705460255,weak,pessimistic,0.25
adaptive n0=0.25,30026,1.0859858290626658,0.9741065790045229,0.09666498915626658,0.12219982875927017,0.5698988169075837,0.0,-0.23867187500000014,0.0,0.0,2.49999999975,1.5140819606069797,0.37639892141579784,weak,pessimistic,0.25
adaptive n0=0.25,30027,1.058565370646225,0.949900436602602,0.09520549539795582,0.12456315048126226,0.5906657833615936,0.0,-0.21302083333333327,0.0,0.0,2.49999999975,1.4279899390318693,0.4136344152130692,weak,pessimistic,0.25
adaptive n0=0.25,30028,1.052713142110206,0.9446137358646791,0.09383251212768728,0.1296418890162357,0.6311019914612062,0.0,-0.22877604166666665,0.0,0.0,2.49999999975,1.5091570973251884,0.4181817735077174,weak,pessimistic,0.25
adaptive n0=0.25,30029,1.0050755594741168,0.9000688533662156,0.08751927469741168,0.11667281071407949,0.5491708032881525,0.0,-0.25976562499999994,0.0,0.0,2.49999999975,1.4045039521163032,0.39100694765626204,weak,pessimistic,0.25
adaptive n0=0.25,30030,1.0629427348503224,0.9511530285034901,0.09130078390169889,0.12310295432275231,0.555721812004188,0.0,-0.2998697916666667,0.0,0.0,2.49999999975,1.4304903735945078,0.38848343355697057,weak,pessimistic,0.25
adaptive n0=0.25,30031,1.108123000008133,0.9951549138773205,0.09820813333414663,0.12641411278301196,0.6006872634197398,0.0,-0.2520833333333333,0.0,0.0,2.4999999997500004,1.5102996822055759,0.39772719977171833,weak,pessimistic,0.25
adaptive n0=0.25,30032,1.0921105122120376,0.98074370765648,0.09699750955453708,0.12187581517517904,0.5670955769316165,0.0,-0.24427083333333338,0.0,0.0,2.49999999975,1.502605091977831,0.37740826246313774,weak,pessimistic,0.25
adaptive n0=0.25,30033,1.1137762705763623,0.9997634060407659,0.09939846039096958,0.12743816397242352,0.5976819007615432,0.0,-0.23958333333333331,0.0,0.0,2.49999999975,1.4700156132420994,0.40658200863823746,weak,pessimistic,0.25
adaptive n0=0.25,30034,1.0628524427788797,0.9534984185987595,0.09420191094455466,0.11039630970685044,0.5036886422806957,0.0,-0.24166666666666664,0.0,0.0,2.49999999975,1.3932758525306785,0.36151393951586835,weak,pessimistic,0.25
adaptive n0=0.25,30035,1.1135521189024935,0.9995284526625788,0.09817812855691602,0.13172791385738591,0.6054013012762475,0.0,-0.2635416666666666,0.0,0.0,2.49999999975,1.3365430293545364,0.452960576636741,weak,pessimistic,0.25
adaptive n0=0.25,30036,1.0882255118378712,0.9776923620600526,0.09753999910045379,0.12471637292661478,0.598573317882544,0.0,-0.2256510416666666,0.0,0.0,2.49999999975,1.397567273354368,0.428296604603426,weak,pessimistic,0.25
adaptive n0=0.25,30037,1.0602772279040629,0.9518288263539098,0.09183501445707296,0.11753776772397265,0.5528878776265191,0.0,-0.28385416666666663,0.0,0.0,2.49999999975,1.4737380122256236,0.37516022050049025,weak,pessimistic,0.25
adaptive n0=0.25,30038,1.0898722809458488,0.9781173244681921,0.09545207184458486,0.12124463429823434,0.5437880240108325,0.0,-0.27070312500000004,0.0,0.0,2.49999999975,1.5144780406036231,0.35905969544074456,weak,pessimistic,0.25
adaptive n0=0.25,30039,1.042013195541755,0.9357480722125114,0.09317267372084216,0.12408762934373067,0.6016425756239987,0.0,-0.22057291666666667,0.0,0.0,2.4999999997500004,1.4730593652298747,0.4084306375053057,weak,pessimistic,0.25
adaptive n0=0.25,30040,1.0952516445591176,0.9855935032968179,0.09831422695591174,0.12141761635277018,0.5930484019383666,0.0,-0.2242187500000002,0.0,0.0,2.49999999975,1.4650301684150837,0.40480285984823455,weak,pessimistic,0.25
adaptive n0=0.25,30041,1.1263642280592165,1.0108434008557412,0.09863251655592166,0.12382297629696448,0.5711478655289584,0.0,-0.28007812500000007,0.0,0.0,2.49999999975,1.55109116454939,0.3682232731271366,weak,pessimistic,0.25
adaptive n0=0.25,30042,1.0773965810507253,0.968812527235,0.0971797622717392,0.11949049196771258,0.6104943597396759,0.0,-0.2111979166666667,0.0,0.0,2.49999999975,1.5363488169158594,0.3973670256506017,weak,pessimistic,0.25
adaptive n0=0.25,30043,1.0695785464138157,0.9581991436497528,0.09486150047471494,0.12191879415049484,0.5834222761737728,0.0,-0.24192708333333335,0.0,0.0,2.49999999975,1.4549774601507859,0.40098372115902753,weak,pessimistic,0.25
adaptive n0=0.25,30044,1.0850821557829267,0.9730148863596736,0.09509675724495932,0.11890740887967306,0.5220380274888348,0.0,-0.26822916666666674,0.0,0.0,2.49999999975,1.4207105793072714,0.3674485395493971,weak,pessimistic,0.25
adaptive n0=0.25,30045,1.1012667570110768,0.987400525453384,0.09713839445110765,0.12077749946143672,0.5401635474255714,0.0,-0.259765625,0.0,0.0,2.49999999975,1.4719690702713426,0.3669666423941895,weak,pessimistic,0.25
adaptive n0=0.25,30046,1.0055504614537842,0.900232401453901,0.08819827531204508,0.12302559404194337,0.5863262161645844,0.0,-0.2471354166666666,0.0,0.0,2.4999999997500004,1.4576492122635187,0.4022409584087137,weak,pessimistic,0.25
adaptive n0=0.25,30047,1.0666218577669553,0.9555857147590116,0.09521036286002887,0.12625398503485089,0.5907544118562328,0.0,-0.22903645833333341,0.0,0.0,2.49999999975,1.4758325639493957,0.40028552444685656,weak,pessimistic,0.25
adaptive n0=0.25,30048,1.1270159604293384,1.0128418004482964,0.09981748145960051,0.12452422204983092,0.5818111028080989,0.0,-0.25768229166666673,0.0,0.0,2.49999999975,1.4060186189328765,0.4138004255232943,weak,pessimistic,0.25
adaptive n0=0.25,30049,1.0692469863682874,0.961681306982666,0.09560308405349541,0.1246721253901827,0.5895742208894708,0.0,-0.22643229166666656,0.0,0.0,2.49999999975,1.4390189880961828,0.4097056576504772,weak,pessimistic,0.25
adaptive n0=0.5,30000,1.1102945443062109,0.9977391611548422,0.09903075651395443,0.1276961988039179,0.5897000128342884,0.0,-0.23997395833333324,0.0,0.0,2.49999999975,1.4569946121655444,0.40473726389270026,weak,pessimistic,0.5
adaptive n0=0.5,30001,1.084740252335405,0.9742942807448164,0.09612376481687382,0.11806497275026127,0.5519046473580511,0.0,-0.2470052083333334,0.0,0.0,2.49999999975,1.5130899176322647,0.3647533705212249,weak,pessimistic,0.5
adaptive n0=0.5,30002,1.0717139689817943,0.9609305642622005,0.0957846781481794,0.1204911020287024,0.5679497109939539,0.0,-0.227734375,0.0,0.0,2.49999999975,1.4535948314822735,0.39072078318742975,weak,pessimistic,0.5
adaptive n0=0.5,30003,1.0772579281994354,0.9672750976976924,0.09546667823661022,0.1258165300553527,0.5768138466464183,0.0,-0.24518229166666666,0.0,0.0,2.49999999975,1.3278669739368776,0.43439128916375785,weak,pessimistic,0.5
adaptive n0=0.5,30004,1.0862780701263062,0.9743123417900237,0.09538561951263061,0.1226381960628691,0.5644774677588825,0.0,-0.26484374999999993,0.0,0.0,2.49999999975,1.4582692521391718,0.38708727275901644,weak,pessimistic,0.5
adaptive n0=0.5,30005,1.1068194226079258,0.9929077233739316,0.09732907767745924,0.12718053312483174,0.5587969746378862,0.0,-0.2670572916666667,0.0,0.0,2.49999999975,1.423883992800939,0.39244557665029306,weak,pessimistic,0.5
adaptive n0=0.5,30006,0.9711936080909398,0.8699159432299766,0.08693706914242731,0.1038590039260728,0.4957288652816278,0.0,-0.20364583333333325,0.0,0.0,2.49999999975,1.3500214165511468,0.3672007415616037,weak,pessimistic,0.5
adaptive n0=0.5,30007,1.0570801517188042,0.9475345744188391,0.09435384850521375,0.12107457468338692,0.5821325487013582,0.0,-0.2270833333333333,0.0,0.0,2.49999999975,1.4135706257731913,0.4118170950128119,weak,pessimistic,0.5
adaptive n0=0.5,30008,1.0814072181773053,0.9704051081639216,0.09629827390106385,0.12397491387472036,0.5863974619539831,0.0,-0.23684895833333336,0.0,0.0,2.49999999975,1.4736376090929215,0.39792514681742713,weak,pessimistic,0.5
adaptive n0=0.5,30009,1.1258661454452028,1.0114037843738122,0.09835484371118694,0.12534537781593927,0.5651550223567156,0.0,-0.2846354166666666,0.0,0.0,2.4999999997500004,1.492429771582408,0.37868115010697456,weak,pessimistic,0.5
adaptive n0=0.5,30010,1.058598370875174,0.9483344806935795,0.09358770167085073,0.12499829994398926,0.5721846359369666,0.0,-0.24544270833333331,0.0,0.0,2.49999999975,1.388159714537243,0.41218933955860404,weak,pessimistic,0.5
adaptive n0=0.5,30011,1.0921087935833294,0.9790558485662324,0.09602077519166628,0.12309368967526754,0.546276978398304,0.0,-0.2638020833333334,0.0,0.0,2.49999999975,1.4081297383068239,0.3879450618344041,weak,pessimistic,0.5
adaptive n0=0.5,30012,1.0667909193548422,0.9580058255512316,0.09358013360215087,0.11139773920035068,0.5136915791833607,0.0,-0.26197916666666676,0.0,0.0,2.49999999975,1.4763048027268968,0.3479576698758387,weak,pessimistic,0.5
adaptive n0=0.5,30013,1.0874265742459368,0.9757339308471366,0.09622312617459368,0.1189662141273024,0.5596668225392732,0.0,-0.25039062500000003,0.0,0.0,2.49999999975,1.5073394393572896,0.3712944861164835,weak,pessimistic,0.5
adaptive n0=0.5,30014,1.05054966108698,0.9378022285843228,0.09073204944203132,0.12330681207716106,0.5642930199475309,0.0,-0.28645833333333337,0.0,0.0,2.4999999997500004,1.5072915890967296,0.3743754851612309,weak,pessimistic,0.5
adaptive n0=0.5,30015,1.085111333827684,0.9721083415489713,0.09551634171610172,0.12600936724675255,0.59666238878081,0.0,-0.2598958333333334,0.0,0.0,2.49999999975,1.570269230319116,0.37997457841006926,weak,pessimistic,0.5
adaptive n0=0.5,30016,1.0978964296603861,0.9851685606708038,0.09835735129937195,0.12384406425082856,0.5796824696453677,0.0,-0.22864583333333327,0.0,0.0,2.49999999975,1.3851748891667648,0.4184904550168887,weak,pessimistic,0.5
adaptive n0=0.5,30017,1.0307661269279094,0.9239406115816051,0.09295291477612427,0.12231530115015328,0.5957205362876457,0.0,-0.20247395833333331,0.0,0.0,2.49999999975,1.4560803381810565,0.40912614549264703,weak,pessimistic,0.5
adaptive n0=0.5,30018,1.1119617308627168,0.9988458911909205,0.09809721475293835,0.11372748409295756,0.5184700441716259,0.0,-0.2619791666666666,0.0,0.0,2.49999999975,1.4662810720478805,0.35359526495660554,weak,pessimistic,0.5
adaptive n0=0.5,30019,1.1149079197308156,1.0008737844181566,0.09834626072308156,0.1189905393173966,0.5257881034571473,0.0,-0.262890625,0.0,0.0,2.49999999975,1.4591381800818033,0.360341543134503,weak,pessimistic,0.5
adaptive n0=0.5,30020,1.1167442051827607,1.0060044547483107,0.10041139968494275,0.11412268645814978,0.5414830492884839,0.0,-0.22526041666666657,0.0,0.0,2.49999999975,1.4399820192238115,0.37603459075159673,weak,pessimistic,0.5
adaptive n0=0.5,30021,1.0751675639815463,0.964373843352282,0.0957459230648213,0.12213329808584929,0.558136915210815,0.0,-0.23541666666666683,0.0,0.0,2.49999999975,1.4129151149666703,0.3950250862904677,weak,pessimistic,0.5
adaptive n0=0.5,30022,1.057826869645335,0.9485998205627779,0.09424622863120016,0.12956375718270524,0.6231252738636868,0.0,-0.23072916666666665,0.0,0.0,2.49999999975,1.4471500177063144,0.4305878908472254,weak,pessimistic,0.5
adaptive n0=0.5,30023,1.0649882760589717,0.9566673835062013,0.09368632760589715,0.1208552667611115,0.5536081841797031,0.0,-0.25625000000000003,0.0,0.0,2.49999999975,1.3646518374346086,0.40567723502312797,weak,pessimistic,0.5
adaptive n0=0.5,30024,1.0893158945279398,0.9774384498796559,0.09570893320279397,0.12439146844962662,0.5690890308607232,0.0,-0.26445312499999996,0.0,0.0,2.4999999997500004,1.4850191720068475,0.38321998906698224,weak,pessimistic,0.5
adaptive n0=0.5,30025,1.0573586430303261,0.9497510035165307,0.0941147705530326,0.12240478687622387,0.5791027614411159,0.0,-0.23242187500000006,0.0,0.0,2.49999999975,1.4951826521092322,0.38731238663328804,weak,pessimistic,0.5
adaptive n0=0.5,30026,1.0863397226350051,0.9744433572402103,0.09669386809683383,0.12219982875927017,0.5698988169075837,0.0,-0.23880208333333347,0.0,0.0,2.49999999975,1.5142178377919988,0.3763651455451076,weak,pessimistic,0.5
adaptive n0=0.5,30027,1.0637233129886072,0.9541619149344063,0.09516139379886074,0.12472084618716771,0.5914135603510285,0.0,-0.2242187499999999,0.0,0.0,2.4999999997500004,1.4539635604897185,0.4067595477783713,weak,pessimistic,0.5
adaptive n0=0.5,30028,1.054975793490886,0.9464807778039155,0.09381789184908862,0.1296418890162357,0.6311019914612062,0.0,-0.23359374999999993,0.0,0.0,2.49999999975,1.5304446956380033,0.41236510751413713,weak,pessimistic,0.5
adaptive n0=0.5,30029,1.0002573384854367,0.8958449264064297,0.08727182759854368,0.11667281071407949,0.5491708032881525,0.0,-0.2550781249999999,0.0,0.0,2.4999999997499995,1.3752723276056757,0.39931786037187916,weak,pessimistic,0.5
adaptive n0=0.5,30030,1.0596468845302893,0.9481762336586352,0.09226677178636225,0.12310295432275231,0.555721812004188,0.0,-0.2739583333333334,0.0,0.0,2.4999999997500004,1.4010551213304225,0.39664521655399415,weak,pessimistic,0.5
adaptive n0=0.5,30031,1.1076980254018576,0.9946928916553031,0.09811355254018575,0.12641411278301196,0.6006872634197398,0.0,-0.25312499999999993,0.0,0.0,2.49999999975,1.480924960855073,0.40561627313845006,weak,pessimistic,0.5
adaptive n0=0.5,30032,1.0953439290605078,0.9834198193394142,0.09696928873938411,0.12187581517517904,0.5670955769316165,0.0,-0.2513020833333333,0.0,0.0,2.49999999975,1.4841841330963437,0.3820924670232978,weak,pessimistic,0.5
adaptive n0=0.5,30033,1.1165183839607835,1.0020742689098656,0.0993992342294117,0.12743816397242352,0.5976819007615432,0.0,-0.24505208333333334,0.0,0.0,2.49999999975,1.4489354538368058,0.41249725733390763,weak,pessimistic,0.5
adaptive n0=0.5,30034,1.062952436593326,0.9535875799707367,0.09420539990933259,0.11039466412646386,0.5036811342385077,0.0,-0.24179687499999997,0.0,0.0,2.49999999975,1.3929537433802357,0.3615921466395869,weak,pessimistic,0.5
adaptive n0=0.5,30035,1.112052901687005,0.9982663473679647,0.0981779464187005,0.13172791385738591,0.6054013012762475,0.0,-0.26054687499999996,0.0,0.0,2.49999999975,1.3383084270236423,0.45236306448629465,weak,pessimistic,0.5
adaptive n0=0.5,30036,1.0883943809733703,0.9778355147163726,0.09754386518067036,0.12471637292661478,0.598573317882544,0.0,-0.22591145833333326,0.0,0.0,2.49999999975,1.3929848048931754,0.4297055615968812,weak,pessimistic,0.5
adaptive n0=0.5,30037,1.0617799525748262,0.9531225182955548,0.0919592452574826,0.11753776772397265,0.5528878776265191,0.0,-0.28437500000000004,0.0,0.0,2.49999999975,1.485790486681152,0.37211698592950265,weak,pessimistic,0.5
adaptive n0=0.5,30038,1.0903113190213558,0.9784654037557649,0.09544389231880226,0.12124463429823434,0.5437880240108325,0.0,-0.2717447916666667,0.0,0.0,2.4999999997500004,1.493528349526973,0.3640962183162173,weak,pessimistic,0.5
adaptive n0=0.5,30039,1.0679287834533535,0.9599355020453963,0.09573819084533536,0.12408762934373067,0.6016425756239987,0.0,-0.22109374999999992,0.0,0.0,2.49999999975,1.4836313702156851,0.40552025772853134,weak,pessimistic,0.5
adaptive n0=0.5,30040,1.095454083920354,0.9857559087060735,0.0983084292253687,0.12141761635277018,0.5930484019383666,0.0,-0.2247395833333335,0.0,0.0,2.49999999975,1.4669581161456189,0.40427084823429077,weak,pessimistic,0.5
adaptive n0=0.5,30041,1.126480882211054,1.0109378386924521,0.09862465072110539,0.12382297629696448,0.5711478655289584,0.0,-0.28046875,0.0,0.0,2.49999999975,1.549858565507935,0.36851612027048164,weak,pessimistic,0.5
adaptive n0=0.5,30042,1.0766388689850768,0.9681337991026339,0.09714305356517436,0.11949049196771258,0.6104943597396759,0.0,-0.21041666666666664,0.0,0.0,2.49999999975,1.4917681291668907,0.4092421253701266,weak,pessimistic,0.5
adaptive n0=0.5,30043,1.0692522689483124,0.9579483308633451,0.09488746647816457,0.12191879415049484,0.5834222761737728,0.0,-0.2407552083333333,0.0,0.0,2.49999999975,1.4425769849700687,0.40443060041324447,weak,pessimistic,0.5
adaptive n0=0.5,30044,1.0846734598067205,0.9726370338124499,0.09506239806400538,0.11890740887967306,0.5220380274888348,0.0,-0.26809895833333336,0.0,0.0,2.49999999975,1.418854203706005,0.36792929543098013,weak,pessimistic,0.5
adaptive n0=0.5,30045,1.0988457626053694,0.9852572715737521,0.09675306584387026,0.12077749946143672,0.5401635474255714,0.0,-0.2626302083333333,0.0,0.0,2.49999999975,1.4618953860877557,0.36949535005451206,weak,pessimistic,0.5
adaptive n0=0.5,30046,1.022168031509901,0.9153714774443662,0.0898144594009901,0.12302559404194337,0.5863262161645844,0.0,-0.24804687499999994,0.0,0.0,2.49999999975,1.4748269731394037,0.39755593492875696,weak,pessimistic,0.5
adaptive n0=0.5,30047,1.069987594292381,0.9584397787357071,0.09515631151257144,0.12625398503485089,0.5907544118562328,0.0,-0.23684895833333347,0.0,0.0,2.49999999975,1.4492011529464364,0.40764141724228087,weak,pessimistic,0.5
adaptive n0=0.5,30048,1.1240003473910343,1.0102192925893008,0.09967868057243677,0.12452422204983092,0.5818111028080989,0.0,-0.25442708333333347,0.0,0.0,2.49999999975,1.400404797622222,0.4154592327846696,weak,pessimistic,0.5
adaptive n0=0.5,30049,1.0685346437465373,0.9610232744147134,0.09555138104132041,0.1246721253901827,0.5895742208894708,0.0,-0.22604166666666659,0.0,0.0,2.49999999975,1.435314106418057,0.41076320385424286,weak,pessimistic,0.5
adaptive n0=1.0,30000,1.1126680359796912,0.9997084317381711,0.09898164734796913,0.1276961988039179,0.5897000128342884,0.0,-0.24570312499999997,0.0,0.0,2.49999999975,1.4470762328184865,0.40751136634019836,weak,pessimistic,1.0
adaptive n0=1.0,30001,1.0848740953500704,0.9744252668959428,0.09613714911834037,0.11805818318206814,0.5518729089503586,0.0,-0.2470052083333334,0.0,0.0,2.49999999975,1.5115456950033392,0.36510501189257094,weak,pessimistic,1.0
adaptive n0=1.0,30002,1.0714284918898074,0.9606333586316562,0.09573008877231406,0.1204911020287024,0.5679497109939539,0.0,-0.2282552083333333,0.0,0.0,2.4999999997499995,1.455134689226858,0.3903073132671429,weak,pessimistic,1.0
adaptive n0=1.0,30003,1.0782792906195304,0.9681524075337051,0.09549068947861969,0.1258165300553527,0.5768138466464183,0.0,-0.24674479166666669,0.0,0.0,2.49999999975,1.3408929156897327,0.4301714476205693,weak,pessimistic,1.0
adaptive n0=1.0,30004,1.0869355259097984,0.9748866716568145,0.09540579217431319,0.1226381960628691,0.5644774677588825,0.0,-0.26575520833333327,0.0,0.0,2.49999999975,1.4597991811239515,0.3866815895349874,weak,pessimistic,1.0
adaptive n0=1.0,30005,1.108713550973791,0.9945548248348208,0.09734921968071245,0.12718053312483174,0.5587969746378862,0.0,-0.2704427083333332,0.0,0.0,2.49999999975,1.4159104951644197,0.39465557783933025,weak,pessimistic,1.0
adaptive n0=1.0,30006,1.005163532883745,0.900759044337442,0.08963744703837448,0.10396487838399562,0.4962342140997789,0.0,-0.2175781249999999,0.0,0.0,2.49999999975,1.426596193173924,0.3478449027651936,weak,pessimistic,1.0
adaptive n0=1.0,30007,1.0544584354298594,0.9451543702770346,0.09429349979298593,0.12100097351367714,0.5817786706338729,0.0,-0.22304687499999992,0.0,0.0,2.49999999975,1.3789784393133022,0.4218910564864122,weak,pessimistic,1.0
adaptive n0=1.0,30008,1.0878972334875905,0.9764105353598995,0.09646550459875905,0.12397491387472036,0.5863974619539831,0.0,-0.24648437499999998,0.0,0.0,2.49999999975,1.4851458131489108,0.39484167599049547,weak,pessimistic,1.0
adaptive n0=1.0,30009,1.1264918272179256,1.0119480694777365,0.09836532855512592,0.12534537781593927,0.5651550223567156,0.0,-0.28567708333333325,0.0,0.0,2.49999999975,1.4766243889643274,0.3827344493159179,weak,pessimistic,1.0
adaptive n0=1.0,30010,1.0683984813049923,0.9572453140106617,0.09448958771383256,0.12499829994398926,0.5721846359369666,0.0,-0.24700520833333328,0.0,0.0,2.49999999975,1.4132212380095264,0.4048797318832181,weak,pessimistic,1.0
adaptive n0=1.0,30011,1.0929915676379525,0.9797983085583006,0.09601790676379524,0.12309368967526754,0.546276978398304,0.0,-0.26562500000000006,0.0,0.0,2.49999999975,1.4126733432744216,0.3866973076253382,weak,pessimistic,1.0
adaptive n0=1.0,30012,1.0686308916998812,0.9595400236256137,0.09354928708665478,0.1113614758477261,0.5135243569487812,0.0,-0.26627604166666674,0.0,0.0,2.49999999975,1.467493429843554,0.34993298539232764,weak,pessimistic,1.0
adaptive n0=1.0,30013,1.0960184381483842,0.9836339139797261,0.09706278131483845,0.1189662141273024,0.5596668225392732,0.0,-0.25078124999999996,0.0,0.0,2.49999999975,1.5041885737356095,0.3720722469984974,weak,pessimistic,1.0
adaptive n0=1.0,30014,1.053703462361687,0.9410644071038591,0.0933781587361687,0.12330681207716106,0.5642930199475309,0.0,-0.2398437499999999,0.0,0.0,2.49999999975,1.3829322996062152,0.4080409576869462,weak,pessimistic,1.0
adaptive n0=1.0,30015,1.0851957923166493,0.9721821152649889,0.09551827714833158,0.12600936724675255,0.59666238878081,0.0,-0.26002604166666676,0.0,0.0,2.49999999975,1.5688907322227799,0.38030844119747464,weak,pessimistic,1.0
adaptive n0=1.0,30016,1.0997852676973454,0.9866258504465226,0.09827930801973453,0.12407473513730041,0.5807621812161579,0.0,-0.2339843749999999,0.0,0.0,2.49999999975,1.4084575814251368,0.41233913528905725,weak,pessimistic,1.0
adaptive n0=1.0,30017,1.0311516894753254,0.9243009436322398,0.09296542936419921,0.12231530115015328,0.5957205362876457,0.0,-0.20299479166666667,0.0,0.0,2.49999999975,1.4393873466729858,0.4138708997717675,weak,pessimistic,1.0
adaptive n0=1.0,30018,1.1138127433431144,1.0004477493323338,0.09813257641764477,0.11372748409295756,0.5184700441716259,0.0,-0.26497395833333326,0.0,0.0,2.49999999975,1.4520188250986668,0.35706840380419663,weak,pessimistic,1.0
adaptive n0=1.0,30019,1.1156494331355618,1.001485005783789,0.09817301623022283,0.11904407992905192,0.5260246854309889,0.0,-0.26783854166666676,0.0,0.0,2.49999999975,1.4667253128456121,0.35863885406766577,weak,pessimistic,1.0
adaptive n0=1.0,30020,1.116751874044348,1.0058462323146733,0.10024289573776815,0.11406360922251066,0.5412027428683477,0.0,-0.22864583333333321,0.0,0.0,2.49999999975,1.4338639290340216,0.37744358576127235,weak,pessimistic,1.0
adaptive n0=1.0,30021,1.075447861430208,0.9646213864735165,0.09575442155968748,0.1221360882831689,0.5581496661325472,0.0,-0.23580729166666686,0.0,0.0,2.49999999975,1.4136992080506754,0.3948150094122001,weak,pessimistic,1.0
adaptive n0=1.0,30022,1.0622665221186403,0.9523516153955147,0.09426050637853067,0.12956375718270524,0.6231252738636868,0.0,-0.23932291666666666,0.0,0.0,2.49999999975,1.4260029817308646,0.4369733316457341,weak,pessimistic,1.0
adaptive n0=1.0,30023,1.0656816032356735,0.9572283664675836,0.09366451449023402,0.12085885339454273,0.5536246136632863,0.0,-0.2580729166666667,0.0,0.0,2.4999999997500004,1.368393464303991,0.40457998967780634,weak,pessimistic,1.0
adaptive n0=1.0,30024,1.0916447131067508,0.9794140082407514,0.09570744006067508,0.1243950096013949,0.5691052315749126,0.0,-0.269140625,0.0,0.0,2.4999999997499995,1.4887281267205714,0.38227613313692127,weak,pessimistic,1.0
adaptive n0=1.0,30025,1.0583165671019408,0.9505681412879347,0.09411941712686075,0.12243493333899809,0.579245385763953,0.0,-0.23424479166666673,0.0,0.0,2.4999999997499995,1.4990784271116273,0.3864009882925359,weak,pessimistic,1.0
adaptive n0=1.0,30026,1.0890174498785903,0.9767336862695234,0.09671424498785901,0.12219982875927017,0.5698988169075837,0.0,-0.24375000000000013,0.0,0.0,2.49999999975,1.484669257234764,0.3838557403478775,weak,pessimistic,1.0
adaptive n0=1.0,30027,1.0601981040802473,0.9505883638073758,0.09448986249135809,0.12472084618716771,0.5914135603510285,0.0,-0.23059895833333316,0.0,0.0,2.49999999975,1.4616615298477216,0.4046173127458879,weak,pessimistic,1.0
adaptive n0=1.0,30028,1.0548714973260624,0.9463878127894044,0.09380746223260623,0.1296418890162357,0.6311019914612062,0.0,-0.23359374999999993,0.0,0.0,2.49999999975,1.5240520343471753,0.4140947797307573,weak,pessimistic,1.0
adaptive n0=1.0,30029,1.019816957331631,0.9140027545508597,0.08927336239982976,0.11667281071407949,0.5491708032881525,0.0,-0.25416666666666654,0.0,0.0,2.49999999975,1.3978204728294934,0.3928764916259318,weak,pessimistic,1.0
adaptive n0=1.0,30030,1.06789967164169,0.9557219793985323,0.09351522758083566,0.12310295432275231,0.555721812004188,0.0,-0.26549479166666673,0.0,0.0,2.49999999975,1.4173151084579085,0.39209474921129855,weak,pessimistic,1.0
adaptive n0=1.0,30031,1.1077749004253508,0.9947420180683464,0.09808868795920174,0.12641411278301196,0.6006872634197398,0.0,-0.2537760416666667,0.0,0.0,2.49999999975,1.4725276270585679,0.40792936742357516,weak,pessimistic,1.0
adaptive n0=1.0,30032,1.089536941252613,0.9777980128121749,0.09628442329192796,0.12187581517517904,0.5670955769316165,0.0,-0.2533854166666667,0.0,0.0,2.49999999975,1.4874266927671689,0.38125951328505947,weak,pessimistic,1.0
adaptive n0=1.0,30033,1.117289973788306,1.0027552843210616,0.09941779946216392,0.12743816397242352,0.5976819007615432,0.0,-0.24622395833333333,0.0,0.0,2.49999999975,1.4328044764771932,0.41714128520246624,weak,pessimistic,1.0
adaptive n0=1.0,30034,1.065697445807981,0.9560454471699363,0.0942455258307981,0.11043024660129078,0.5038434810459521,0.0,-0.24648437500000003,0.0,0.0,2.4999999997500004,1.3999187271823788,0.35990909419437483,weak,pessimistic,1.0
adaptive n0=1.0,30035,1.1059550978826895,0.9927814865832537,0.09798483270493562,0.13172791385738591,0.6054013012762475,0.0,-0.2522135416666667,0.0,0.0,2.49999999975,1.3946556705531405,0.434086573524013,weak,pessimistic,1.0
adaptive n0=1.0,30036,1.087134592075029,0.9767800112691405,0.09754809462416957,0.12471637292661478,0.598573317882544,0.0,-0.22330729166666663,0.0,0.0,2.49999999975,1.4102699626997963,0.4244388193141727,weak,pessimistic,1.0
adaptive n0=1.0,30037,1.073869478223097,0.9643366469840825,0.09459397907230971,0.11753776772397265,0.5528878776265191,0.0,-0.255859375,0.0,0.0,2.49999999975,1.4156936156971416,0.39054204348746463,weak,pessimistic,1.0
adaptive n0=1.0,30038,1.0969651223689887,0.9840892934961394,0.09544521015356552,0.12124463429823434,0.5437880240108325,0.0,-0.28502604166666673,0.0,0.0,2.49999999975,1.5185165883021188,0.35810476368839134,weak,pessimistic,1.0
adaptive n0=1.0,30039,1.1074333391483238,0.9962988472642904,0.09862744849816571,0.12408762934373067,0.6016425756239987,0.0,-0.24231770833333333,0.0,0.0,2.49999999975,1.5052386393861399,0.39969913067695234,weak,pessimistic,1.0
adaptive n0=1.0,30040,1.0954566211331302,0.9857528426460981,0.09830217252997966,0.12141761635277018,0.5930484019383666,0.0,-0.22486979166666682,0.0,0.0,2.4999999997499995,1.467045644609736,0.4042467281896533,weak,pessimistic,1.0
adaptive n0=1.0,30041,1.1233331844342536,1.0078299417924852,0.09791274552675869,0.12382297629696448,0.5711478655289584,0.0,-0.28841145833333337,0.0,0.0,2.49999999975,1.5183628659423474,0.3761603226343952,weak,pessimistic,1.0
adaptive n0=1.0,30042,1.0767626337607699,0.9682222505305527,0.09711636754274365,0.11949049196771258,0.6104943597396759,0.0,-0.21119791666666665,0.0,0.0,2.49999999975,1.4921368560568413,0.40914099619051286,weak,pessimistic,1.0
adaptive n0=1.0,30043,1.0915343529091954,0.9789542799864088,0.09753885195758623,0.12191879415049484,0.5834222761737728,0.0,-0.23229166666666662,0.0,0.0,2.4999999997500004,1.4533680921379184,0.40142774520084107,weak,pessimistic,1.0
adaptive n0=1.0,30044,1.0856997250405447,0.9735571731510193,0.09493064958738781,0.11890740887967306,0.5220380274888348,0.0,-0.2727864583333334,0.0,0.0,2.4999999997500004,1.4207571532348306,0.3674364941962389,weak,pessimistic,1.0
adaptive n0=1.0,30045,1.098091033396743,0.9845621481826802,0.09671665542300763,0.12077749946143672,0.5401635474255714,0.0,-0.26184895833333327,0.0,0.0,2.49999999975,1.4553013938558106,0.3711695389739248,weak,pessimistic,1.0
adaptive n0=1.0,30046,1.027095744370761,0.9199208095477106,0.09180462652040941,0.12302559404194337,0.5863262161645844,0.0,-0.21809895833333331,0.0,0.0,2.4999999997500004,1.4851272587072062,0.3947986360946452,weak,pessimistic,1.0
adaptive n0=1.0,30047,1.0700051447233196,0.958439749514445,0.09512551447233197,0.12625398503485089,0.5907544118562328,0.0,-0.2375000000000001,0.0,0.0,2.49999999975,1.4484846912237046,0.4078430482804436,weak,pessimistic,1.0
adaptive n0=1.0,30048,1.1262980182529323,1.0121728616479477,0.09969360390862655,0.12452422204983092,0.5818111028080989,0.0,-0.25872395833333345,0.0,0.0,2.49999999975,1.3910942578181418,0.418239885283287,weak,pessimistic,1.0
adaptive n0=1.0,30049,1.0861622089086946,0.9768028205689131,0.09614226255753613,0.1246721253901827,0.5895742208894708,0.0,-0.24947916666666659,0.0,0.0,2.49999999975,1.4529266687523823,0.4057838799226763,weak,pessimistic,1.0
adaptive n0=0.02,30000,1.127362068122884,1.0124959738406158,0.09681172764562175,0.1276961988039179,0.5897000128342884,0.0,-0.31848958333333327,0.0,0.0,2.49999999975,1.4756874656874919,0.39961036909638553,weak,optimistic,0.02
adaptive n0=0.02,30001,1.0804580598872913,0.9703424223982329,0.0945366914053958,0.11808963920142816,0.5520199527591003,0.0,-0.27018229166666663,0.0,0.0,2.49999999975,1.5187000670532251,0.3634818781763799,weak,optimistic,0.02
adaptive n0=0.02,30002,1.0652477902426616,0.9550753304325588,0.09399222694093279,0.1204911020287024,0.5679497109939539,0.0,-0.2506510416666668,0.0,0.0,2.49999999975,1.3884066113527385,0.4090658358653268,weak,optimistic,0.02
adaptive n0=0.02,30003,1.1017141183596806,0.9884922285706222,0.0936609951693014,0.1258165300553527,0.5768138466464183,0.0,-0.33020833333333327,0.0,0.0,2.4999999997499995,1.4541974275000737,0.39665442651622973,weak,optimistic,0.02
adaptive n0=0.02,30004,1.117855040348295,1.0025637201040911,0.09496258736816283,0.1226381960628691,0.5644774677588825,0.0,-0.3364583333333333,0.0,0.0,2.49999999975,1.4942952136918295,0.3777549861544932,weak,optimistic,0.02
adaptive n0=0.02,30005,1.132990311127911,1.0147167616092836,0.09367663527945773,0.12718053312483174,0.5587969746378862,0.0,-0.39244791666666673,0.0,0.0,2.49999999975,1.3317862953190298,0.4195845659337005,weak,optimistic,0.02
adaptive n0=0.02,30006,0.9956679630265584,0.8899414377592905,0.08295221296932251,0.10330093281815213,0.4930651390121857,0.0,-0.33229166666666665,0.0,0.0,2.4999999997499995,1.290974460764604,0.38193252771256103,weak,optimistic,0.02
adaptive n0=0.02,30007,1.1055567240952864,0.9904250758208301,0.09282780782619529,0.12125399620646794,0.5829952162663375,0.0,-0.3545572916666666,0.0,0.0,2.49999999975,1.497897855976431,0.3892089263231516,weak,optimistic,0.02
adaptive n0=0.02,30008,1.063981301631604,0.9524043639144194,0.09029135932982706,0.12397491387472036,0.5863974619539831,0.0,-0.3221354166666666,0.0,0.0,2.49999999975,1.493618971503298,0.3926017767193903,weak,optimistic,0.02
adaptive n0=0.02,30009,1.161377636838069,1.0441475349192166,0.1000244824338069,0.12534537781593927,0.5651550223567156,0.0,-0.322265625,0.0,0.0,2.49999999975,1.5676065067646143,0.3605209725259051,weak,optimistic,0.02
adaptive n0=0.02,30010,1.0411633190681144,0.9321007498449245,0.09162284232347812,0.12499829994398926,0.5721846359369666,0.0,-0.24986979166666662,0.0,0.0,2.49999999975,1.4174326565877073,0.4036767696000668,weak,optimistic,0.02
adaptive n0=0.02,30011,1.1245654899084043,1.008929899582517,0.09656462190750711,0.12309368967526754,0.546276978398304,0.0,-0.31783854166666664,0.0,0.0,2.49999999975,1.4443763095899755,0.37820959452968267,weak,optimistic,0.02
adaptive n0=0.02,30012,1.0301145543086916,0.9232139131096812,0.08813515334753583,0.11119999377882753,0.5127797100683529,0.0,-0.2975260416666667,0.0,0.0,2.49999999975,1.4282560560197624,0.3590250557013971,weak,optimistic,0.02
adaptive n0=0.02,30013,1.0546312712058308,0.9442705982644573,0.09098396045391641,0.1189662141273024,0.5596668225392732,0.0,-0.28958333333333336,0.0,0.0,2.49999999975,1.4626042302446298,0.3826508982854955,weak,optimistic,0.02
adaptive n0=0.02,30014,1.0417745607804618,0.9294981726840961,0.08895610191137952,0.12330681207716106,0.5642930199475309,0.0,-0.3044270833333334,0.0,0.0,2.49999999975,1.4125063721059008,0.3994976809246024,weak,optimistic,0.02
adaptive n0=0.02,30015,1.1140522618944935,0.9972755361105905,0.09268777827278267,0.12600936724675255,0.59666238878081,0.0,-0.3743489583333334,0.0,0.0,2.49999999975,1.5211849929014787,0.39223525841045,weak,optimistic,0.02
adaptive n0=0.02,30016,1.072152487357392,0.9598379289887832,0.09328946748573921,0.12387152974279031,0.579811028606241,0.0,-0.27851562500000004,0.0,0.0,2.4999999997500004,1.38794710982648,0.41774720700901097,weak,optimistic,0.02
adaptive n0=0.02,30017,1.0785897704379812,0.9666285262204456,0.09188892496046477,0.12231530115015328,0.5957205362876457,0.0,-0.3194010416666668,0.0,0.0,2.49999999975,1.3997163206751204,0.4256009074755332,weak,optimistic,0.02
adaptive n0=0.02,30018,1.1157664888955807,1.0012690316259347,0.09670685722289141,0.11372748409295756,0.5184700441716259,0.0,-0.29739583333333325,0.0,0.0,2.49999999975,1.4811722906746818,0.35004033456193,weak,optimistic,0.02
adaptive n0=0.02,30019,1.0977017344937088,0.9833119367850964,0.09336392344937086,0.11844043504067177,0.5233573363892606,0.0,-0.32812500000000006,0.0,0.0,2.49999999975,1.3811840056258022,0.37891934330077337,weak,optimistic,0.02
adaptive n0=0.02,30020,1.1166205347023124,1.003681517259432,0.09787299097023122,0.11428769832985855,0.5422659885465291,0.0,-0.2757812499999999,0.0,0.0,2.49999999975,1.457070792971963,0.37216173103056865,weak,optimistic,0.02
adaptive n0=0.02,30021,1.0652310328242116,0.9545711754404035,0.09282518661575449,0.12214078161117174,0.5581711141705077,0.0,-0.27395833333333336,0.0,0.0,2.49999999975,1.4150181133489639,0.39446216900324205,weak,optimistic,0.02
adaptive n0=0.02,30022,1.0763704345902594,0.9648625879817021,0.09351594970902592,0.12956375718270524,0.6231252738636868,0.0,-0.28242187499999993,0.0,0.0,2.49999999975,1.470364375340388,0.42378969751591933,weak,optimistic,0.02
adaptive n0=0.02,30023,1.0903258082275695,0.9772852187297785,0.09040627873942361,0.12094310692725642,0.5540105583267368,0.0,-0.3725260416666667,0.0,0.0,2.4999999997499995,1.4562879447070334,0.38042652233737273,weak,optimistic,0.02
adaptive n0=0.02,30024,1.1004240091187711,0.9874342019256608,0.09521167174521046,0.1244247101402077,0.5692411110774191,0.0,-0.2966145833333334,0.0,0.0,2.49999999975,1.519836071433573,0.3745411243861893,weak,optimistic,0.02
adaptive n0=0.02,30025,1.0860609842410693,0.9760119637076812,0.09475193175744026,0.12252119580175934,0.5796534975026243,0.0,-0.27708333333333346,0.0,0.0,2.49999999975,1.5102259752861973,0.3838190489292679,weak,optimistic,0.02
adaptive n0=0.02,30026,1.0693088609800598,0.9572981247530966,0.09006239651467265,0.12219982875927017,0.5698988169075837,0.0,-0.3373697916666667,0.0,0.0,2.49999999975,1.391561306400729,0.40953913728862296,weak,optimistic,0.02
adaptive n0=0.02,30027,1.0654362442606438,0.9549324565633349,0.09323633275939772,0.12472084618716771,0.5914135603510285,0.0,-0.2661458333333333,0.0,0.0,2.49999999975,1.4505943548092035,0.4077043029915948,weak,optimistic,0.02
adaptive n0=0.02,30028,1.0664995386757283,0.9570233436671554,0.09336219345090617,0.1296418890162357,0.6311019914612062,0.0,-0.26575520833333327,0.0,0.0,2.49999999975,1.5192940052324413,0.4153916156370616,weak,optimistic,0.02
adaptive n0=0.02,30029,1.0417705228771377,0.9326315626406416,0.08761455228771378,0.11667281071407949,0.5491708032881525,0.0,-0.3312499999999999,0.0,0.0,2.49999999975,1.3317273422574296,0.41237480515887387,weak,optimistic,0.02
adaptive n0=0.02,30030,1.1164554860085194,0.9979460950609687,0.09168461110085194,0.12310295432275231,0.555721812004188,0.0,-0.39921875000000007,0.0,0.0,2.49999999975,1.2835230106684714,0.43296599078092307,weak,optimistic,0.02
adaptive n0=0.02,30031,1.0855333945801005,0.9728557519737129,0.09387234987467671,0.12641411278301196,0.6006872634197398,0.0,-0.2936197916666667,0.0,0.0,2.49999999975,1.4227235930616051,0.4222093921470026,weak,optimistic,0.02
adaptive n0=0.02,30032,1.0573177248415109,0.9470284728754518,0.09187760581748441,0.12187581517517904,0.5670955769316165,0.0,-0.2770833333333333,0.0,0.0,2.4999999997500004,1.408337648260493,0.4026701818502573,weak,optimistic,0.02
adaptive n0=0.02,30033,1.1295893153808718,1.0138995071316883,0.09898757737142051,0.1274082887516423,0.5975417867000596,0.0,-0.2794270833333333,0.0,0.0,2.4999999997499995,1.405678411743493,0.4250913876943701,weak,optimistic,0.02
adaptive n0=0.02,30034,1.1011422359452874,0.9889257713149504,0.0950426090111954,0.11111571162172715,0.5069709492230254,0.0,-0.3014322916666666,0.0,0.0,2.4999999997500004,1.5340930022294934,0.33046950118815865,weak,optimistic,0.02
adaptive n0=0.02,30035,1.0864260133546226,0.9733690978346332,0.09387046591879558,0.13172791385738591,0.6054013012762475,0.0,-0.29544270833333336,0.0,0.0,2.49999999975,1.4399219099360425,0.4204403704803254,weak,optimistic,0.02
adaptive n0=0.02,30036,1.0709659863582122,0.9608508383583941,0.09373722363582121,0.12471637292661478,0.598573317882544,0.0,-0.26718749999999997,0.0,0.0,2.4999999997500004,1.486018986142442,0.402803277390406,weak,optimistic,0.02
adaptive n0=0.02,30037,1.100886458254597,0.9882410335340479,0.09300531249212636,0.11753776772397265,0.5528878776265191,0.0,-0.3416666666666667,0.0,0.0,2.49999999975,1.4397792135414236,0.3840087927555096,weak,optimistic,0.02
adaptive n0=0.02,30038,1.0629306557895826,0.9523965913990433,0.0915404614122916,0.12124463429823434,0.5437880240108325,0.0,-0.2950520833333333,0.0,0.0,2.49999999975,1.4744840370172665,0.3687988546222997,weak,optimistic,0.02
adaptive n0=0.02,30039,1.0510254803824233,0.9440415905550124,0.09195150637157565,0.12408762934373067,0.6016425756239987,0.0,-0.2630208333333333,0.0,0.0,2.49999999975,1.4954109001620188,0.40232592631150027,weak,optimistic,0.02
adaptive n0=0.02,30040,1.089408331788333,0.9781100528588189,0.09224161442883329,0.12141761635277018,0.5930484019383666,0.0,-0.33398437500000017,0.0,0.0,2.49999999975,1.5022112798616238,0.39478361658487565,weak,optimistic,0.02
adaptive n0=0.02,30041,1.0810368886408723,0.9688780864803161,0.09340967844742055,0.12382297629696448,0.5711478655289584,0.0,-0.29388020833333345,0.0,0.0,2.49999999975,1.4504379648888586,0.39377614165851155,weak,optimistic,0.02
adaptive n0=0.02,30042,1.1131267080011977,1.0023087861045052,0.09885173330011979,0.11949049196771258,0.6104943597396759,0.0,-0.24921874999999993,0.0,0.0,2.49999999975,1.5355400454402555,0.3975763195186751,weak,optimistic,0.02
adaptive n0=0.02,30043,1.1179470316264764,1.0029375933818323,0.09702907816264764,0.12191879415049484,0.5834222761737728,0.0,-0.2953125,0.0,0.0,2.49999999975,1.469674277554157,0.39697386358609243,weak,optimistic,0.02
adaptive n0=0.02,30044,1.096337947281798,0.982919752546761,0.09393718014484648,0.11890740887967306,0.5220380274888348,0.0,-0.3139322916666667,0.0,0.0,2.49999999975,1.421097079016582,0.367348603552188,weak,optimistic,0.02
adaptive n0=0.02,30045,1.058686189284902,0.947002580096475,0.09220976476182355,0.12077749946143672,0.5401635474255714,0.0,-0.27317708333333335,0.0,0.0,2.49999999975,1.492482351904187,0.36192290430530216,weak,optimistic,0.02
adaptive n0=0.02,30046,0.9857682481100629,0.8816835074048712,0.08548437689433962,0.12302559404194337,0.5863262161645844,0.0,-0.26184895833333327,0.0,0.0,2.49999999975,1.4127570332771004,0.4150226842647623,weak,optimistic,0.02
adaptive n0=0.02,30047,1.0841944044129361,0.9715818572436103,0.0954506904412936,0.12625398503485089,0.5907544118562328,0.0,-0.25937499999999997,0.0,0.0,2.49999999975,1.4983465579949207,0.39427087725737975,weak,optimistic,0.02
adaptive n0=0.02,30048,1.1265718182233861,1.0110571437532,0.09658296307233862,0.12452422204983092,0.5818111028080989,0.0,-0.3214843750000001,0.0,0.0,2.49999999975,1.4821423589563376,0.39254738203271233,weak,optimistic,0.02
adaptive n0=0.02,30049,1.0770315424329269,0.9673645194396241,0.09248831049329269,0.1246721253901827,0.5895742208894708,0.0,-0.3042968750000001,0.0,0.0,2.49999999975,1.496264997099305,0.3940306175927616,weak,optimistic,0.02
adaptive n0=0.05,30000,1.128858404897659,1.0140371793993956,0.09792490298976593,0.1276961988039179,0.5897000128342884,0.0,-0.29921875,0.0,0.0,2.49999999975,1.461537671802529,0.40347917416798806,weak,optimistic,0.05
adaptive n0=0.05,30001,1.0870625336982616,0.9764714314300191,0.09494974295315949,0.11800881436559667,0.5516421302646022,0.0,-0.27513020833333335,0.0,0.0,2.49999999975,1.5003172278327783,0.3676836605158858,weak,optimistic,0.05
adaptive n0=0.05,30002,1.0879825654464654,0.9759326217973675,0.09592716279464657,0.1204911020287024,0.5679497109939539,0.0,-0.2574218750000001,0.0,0.0,2.49999999975,1.3539226241198468,0.4194846152032983,weak,optimistic,0.05
adaptive n0=0.05,30003,1.1168840144503347,1.0021750742408588,0.0950217347783668,0.1258165300553527,0.5768138466464183,0.0,-0.3333333333333333,0.0,0.0,2.49999999975,1.5000704162165224,0.3845245132566898,weak,optimistic,0.05
adaptive n0=0.05,30004,1.1071710174156288,0.99258422798095,0.09386163299156289,0.1226381960628691,0.5644774677588825,0.0,-0.33710937499999993,0.0,0.0,2.49999999975,1.5183297437325396,0.37177528141628613,weak,optimistic,0.05
adaptive n0=0.05,30005,1.1139361276680502,0.9984034118613716,0.0940954356834717,0.12718053312483174,0.5587969746378862,0.0,-0.3459635416666667,0.0,0.0,2.4999999997500004,1.3980782948503532,0.39968932834172816,weak,optimistic,0.05
adaptive n0=0.05,30006,0.9898752511708452,0.8850217622432434,0.08338205636708453,0.10396487838399562,0.4962342140997789,0.0,-0.3121093749999999,0.0,0.0,2.4999999997500004,1.4143654007209499,0.35085290819955833,weak,optimistic,0.05
adaptive n0=0.05,30007,1.0956514008984244,0.9817084327385128,0.09319795258984245,0.12122704598164476,0.5828656382512554,0.0,-0.32734375000000004,0.0,0.0,2.49999999975,1.4852313833389186,0.3924409656230984,weak,optimistic,0.05
adaptive n0=0.05,30008,1.0500805923338468,0.9397476717434821,0.08948722590005136,0.12397491387472036,0.5863974619539831,0.0,-0.31041666666666656,0.0,0.0,2.49999999975,1.4584898730623985,0.40205795925255305,weak,optimistic,0.05
adaptive n0=0.05,30009,1.1506909117814936,1.0349384096704617,0.09988028909481604,0.12534537781593927,0.5651550223567156,0.0,-0.3037760416666667,0.0,0.0,2.49999999975,1.4608765494023859,0.38686021935796605,weak,optimistic,0.05
adaptive n0=0.05,30010,1.040985859131632,0.9319621504436815,0.09164415882982987,0.12499829994398926,0.5721846359369666,0.0,-0.24908854166666666,0.0,0.0,2.49999999975,1.405435900163203,0.4071225417470287,weak,optimistic,0.05
adaptive n0=0.05,30011,1.1314594712057469,1.0152137464435687,0.09728006170390804,0.12309368967526754,0.546276978398304,0.0,-0.3173177083333332,0.0,0.0,2.49999999975,1.4369128586507447,0.38017404821003264,weak,optimistic,0.05
adaptive n0=0.05,30012,1.0605331906231383,0.9507840044770205,0.09032415239564716,0.11139334031429793,0.5136712944743594,0.0,-0.3145833333333334,0.0,0.0,2.49999999975,1.4752359488433766,0.3481960257795311,weak,optimistic,0.05
adaptive n0=0.05,30013,1.0624797164792652,0.9512023949115188,0.0914107320645932,0.1189662141273024,0.5596668225392732,0.0,-0.2967447916666667,0.0,0.0,2.49999999975,1.4483665279854963,0.3864124251184557,weak,optimistic,0.05
adaptive n0=0.05,30014,1.0559970296135595,0.9421993421247263,0.09026767171135595,0.12330681207716106,0.5642930199475309,0.0,-0.30664062500000006,0.0,0.0,2.49999999975,1.4418865479106322,0.39135743430384345,weak,optimistic,0.05
adaptive n0=0.05,30015,1.1133413270602923,0.9966224776674479,0.09274038270602922,0.12600936724675255,0.59666238878081,0.0,-0.3718750000000002,0.0,0.0,2.49999999975,1.5366655376366944,0.38828383546522643,weak,optimistic,0.05
adaptive n0=0.05,30016,1.1014825290976897,0.987133181396579,0.09622898207643563,0.12467310838616644,0.5835630137370436,0.0,-0.2783854166666666,0.0,0.0,2.49999999975,1.4688541942014015,0.39729131457756417,weak,optimistic,0.05
adaptive n0=0.05,30017,1.1086210899938973,0.9931630983949443,0.09304309858272306,0.12231530115015328,0.5957205362876457,0.0,-0.35638020833333334,0.0,0.0,2.49999999975,1.4694791169251933,0.40539571432233695,weak,optimistic,0.05
adaptive n0=0.05,30018,1.1056211740366308,0.9920405171624521,0.09568581532032974,0.11372748409295756,0.5184700441716259,0.0,-0.2975260416666667,0.0,0.0,2.49999999975,1.4260511712701391,0.3635704346498596,weak,optimistic,0.05
adaptive n0=0.05,30019,1.0944556737178126,0.9805075365849181,0.0933257757051146,0.11829790098815893,0.5227275156524297,0.0,-0.3223958333333334,0.0,0.0,2.49999999975,1.360985790731604,0.3840800684417397,weak,optimistic,0.05
adaptive n0=0.05,30020,1.1165119275487547,1.0035784677958293,0.09786213025487547,0.11431038275057641,0.5423736203389699,0.0,-0.2757812499999999,0.0,0.0,2.4999999997499995,1.4594200114205647,0.37163641453089047,weak,optimistic,0.05
adaptive n0=0.05,30021,1.0814690598023011,0.9697658949766875,0.09464430181356345,0.12221077502261202,0.5584909770363979,0.0,-0.2700520833333334,0.0,0.0,2.49999999975,1.4346874569653452,0.38927710305470964,weak,optimistic,0.05
adaptive n0=0.05,30022,1.0842566458722969,0.9724361416903436,0.09463660208722971,0.12956375718270524,0.6231252738636868,0.0,-0.27578124999999987,0.0,0.0,2.49999999975,1.458544432110488,0.42722405992255963,weak,optimistic,0.05
adaptive n0=0.05,30023,1.053649333393975,0.9444719153043307,0.0885420166727308,0.12094238302673022,0.5540072423168799,0.0,-0.33645833333333336,0.0,0.0,2.49999999975,1.4555327614102747,0.38062162323306203,weak,optimistic,0.05
adaptive n0=0.05,30024,1.1167900459334585,1.0023937829857226,0.09608004626001251,0.12444541261780333,0.5693358245899949,0.0,-0.3119791666666668,0.0,0.0,2.49999999975,1.5415195679024163,0.3693341534189567,weak,optimistic,0.05
adaptive n0=0.05,30025,1.0588498842137823,0.9513524990219844,0.0938797800880449,0.12225284825506058,0.5783839327308123,0.0,-0.24010416666666673,0.0,0.0,2.49999999975,1.4755478881020363,0.3919790996920977,weak,optimistic,0.05
adaptive n0=0.05,30026,1.0583512919167128,0.9480291502195178,0.0902491916916713,0.12219982875927017,0.5698988169075837,0.0,-0.31171875,0.0,0.0,2.4999999997499995,1.4157861444725757,0.40253170941992,weak,optimistic,0.05
adaptive n0=0.05,30027,1.0611359980584363,0.9509306800403208,0.09294302688917698,0.12470428706925163,0.5913350386990159,0.0,-0.2634114583333332,0.0,0.0,2.49999999975,1.4446950119775437,0.40931479225471823,weak,optimistic,0.05
adaptive n0=0.05,30028,1.0671393453371598,0.9575803073042365,0.09335455953371599,0.1296418890162357,0.6311019914612062,0.0,-0.2671874999999999,0.0,0.0,2.4999999997500004,1.4863200232953466,0.42460707086619115,weak,optimistic,0.05
adaptive n0=0.05,30029,1.043493260531956,0.9344985496003274,0.08860713855319562,0.11667281071407949,0.5491708032881525,0.0,-0.31484374999999987,0.0,0.0,2.49999999975,1.424259595407003,0.3855833620915286,weak,optimistic,0.05
adaptive n0=0.05,30030,1.1191962397624495,1.0004344410444534,0.09188056147624496,0.12310295432275231,0.555721812004188,0.0,-0.40078125,0.0,0.0,2.49999999975,1.3560669705109705,0.4098041056149242,weak,optimistic,0.05
adaptive n0=0.05,30031,1.088391603650636,0.9755234244524322,0.09409957703173026,0.12641411278301196,0.6006872634197398,0.0,-0.2947916666666667,0.0,0.0,2.49999999975,1.4243457949219986,0.4217285335915463,weak,optimistic,0.05
adaptive n0=0.05,30032,1.0631569471900593,0.9521458276596717,0.09203184055233926,0.12187581517517904,0.5670955769316165,0.0,-0.2856770833333333,0.0,0.0,2.4999999997500004,1.4204176415603942,0.3992456586984064,weak,optimistic,0.05
adaptive n0=0.05,30033,1.1226127088523585,1.0074762803082848,0.09814017713523586,0.12743816397242352,0.5976819007615432,0.0,-0.2824218750000001,0.0,0.0,2.49999999975,1.429358643655764,0.41814691044432123,weak,optimistic,0.05
adaptive n0=0.05,30034,1.1039339180129923,0.991334223577068,0.09510693346796588,0.11102864865589315,0.5065737201202565,0.0,-0.30572916666666666,0.0,0.0,2.49999999975,1.517051125582327,0.33392000544860073,weak,optimistic,0.05
adaptive n0=0.05,30035,1.094678157257447,0.980991830955213,0.0945264094757447,0.13172791385738591,0.6054013012762475,0.0,-0.29882812500000006,0.0,0.0,2.49999999975,1.4414565784230304,0.41999274229860134,weak,optimistic,0.05
adaptive n0=0.05,30036,1.094213435583387,0.9825071592918339,0.09576899980833871,0.12471637292661478,0.598573317882544,0.0,-0.27304687499999986,0.0,0.0,2.49999999975,1.5014630409491696,0.3986600412782375,weak,optimistic,0.05
adaptive n0=0.05,30037,1.1091416556492533,0.9957439700086125,0.09374619681492531,0.11753776772397265,0.5528878776265191,0.0,-0.343359375,0.0,0.0,2.49999999975,1.412114145812724,0.39153200133712396,weak,optimistic,0.05
adaptive n0=0.05,30038,1.064238752675825,0.9536396744496913,0.09170382318424916,0.12124463429823434,0.5437880240108325,0.0,-0.29440104166666664,0.0,0.0,2.49999999975,1.4745256937846887,0.36878843570035263,weak,optimistic,0.05
adaptive n0=0.05,30039,1.0486384777735394,0.9419467018381453,0.09209041027735393,0.12408762934373067,0.6016425756239987,0.0,-0.25546874999999997,0.0,0.0,2.49999999975,1.4862760638700352,0.4047986711549492,weak,optimistic,0.05
adaptive n0=0.05,30040,1.0882242168626786,0.977152677729279,0.09265705710293451,0.12141761635277018,0.5930484019383666,0.0,-0.32330729166666683,0.0,0.0,2.49999999975,1.4844104656340764,0.3995177989297197,weak,optimistic,0.05
adaptive n0=0.05,30041,1.0941478217730956,0.9808806963135438,0.09427806342730953,0.12382297629696448,0.5711478655289584,0.0,-0.30273437500000017,0.0,0.0,2.49999999975,1.4751952126453987,0.3871676511915637,weak,optimistic,0.05
adaptive n0=0.05,30042,1.1250135436582054,1.012471217578495,0.09881645853248719,0.11949049196771258,0.6104943597396759,0.0,-0.27369791666666665,0.0,0.0,2.49999999975,1.5195343735752322,0.40176409981649575,weak,optimistic,0.05
adaptive n0=0.05,30043,1.120531004324146,1.0051417845011665,0.09704007959908127,0.12191879415049484,0.5834222761737728,0.0,-0.3002604166666667,0.0,0.0,2.49999999975,1.4623547333611235,0.3989608423072671,weak,optimistic,0.05
adaptive n0=0.05,30044,1.0976611962360647,0.9839916290230969,0.09391976545693981,0.11890740887967306,0.5220380274888348,0.0,-0.3169270833333334,0.0,0.0,2.49999999975,1.4473755318558024,0.36067904700550363,weak,optimistic,0.05
adaptive n0=0.05,30045,1.0604865401859889,0.9485569409029168,0.09223354985193222,0.12077749946143672,0.5401635474255714,0.0,-0.2763020833333333,0.0,0.0,2.4999999997500004,1.506229585626627,0.3586196636821807,weak,optimistic,0.05
adaptive n0=0.05,30046,0.9783437424823176,0.8752493330612818,0.08531484299823176,0.12302559404194337,0.5863262161645844,0.0,-0.2503906249999999,0.0,0.0,2.49999999975,1.391357761059056,0.4214057897792528,weak,optimistic,0.05
adaptive n0=0.05,30047,1.0869414655105014,0.974082890572228,0.09535430280105016,0.12625398503485089,0.5907544118562328,0.0,-0.26679687500000004,0.0,0.0,2.49999999975,1.5003486732440712,0.3937447490648269,weak,optimistic,0.05
adaptive n0=0.05,30048,1.1181272952951207,1.0035580089680516,0.09597288577951205,0.12452422204983092,0.5818111028080989,0.0,-0.3167968750000001,0.0,0.0,2.49999999975,1.4432693516896042,0.4031202506496692,weak,optimistic,0.05
adaptive n0=0.05,30049,1.0769000079363646,0.9672519439931431,0.09248817787696981,0.1246721253901827,0.5895742208894708,0.0,-0.3040364583333333,0.0,0.0,2.49999999975,1.4964858625399187,0.3939724628529485,weak,optimistic,0.05
adaptive n0=0.1,30000,1.1358407961393797,1.0201674230958218,0.09783538169727132,0.1276961988039179,0.5897000128342884,0.0,-0.31497395833333325,0.0,0.0,2.49999999975,1.5125752583997003,0.3898649072563762,weak,optimistic,0.1
adaptive n0=0.1,30001,1.0890679612197072,0.9781699516952218,0.09481174403863737,0.11794292369785121,0.5513341187951619,0.0,-0.2819010416666666,0.0,0.0,2.49999999975,1.485331022926434,0.3711860253944676,weak,optimistic,0.1
adaptive n0=0.1,30002,1.0931152208437949,0.9804674578627698,0.09616048041771283,0.1204911020287024,0.5679497109939539,0.0,-0.2630208333333333,0.0,0.0,2.49999999975,1.3876891263541684,0.40927733755910456,weak,optimistic,0.1
adaptive n0=0.1,30003,1.0913295914795407,0.9791777224835513,0.09344285498128739,0.1258165300553527,0.5768138466464183,0.0,-0.3138020833333333,0.0,0.0,2.49999999975,1.4360128446472824,0.40167735880391586,weak,optimistic,0.1
adaptive n0=0.1,30004,1.1012143956092433,0.9870827043697491,0.09396258539425764,0.1226381960628691,0.5644774677588825,0.0,-0.3231770833333333,0.0,0.0,2.49999999975,1.5200956227149682,0.3713433940101064,weak,optimistic,0.1
adaptive n0=0.1,30005,1.109205320221875,0.9944030652598281,0.0944947507721875,0.12718053312483174,0.5587969746378862,0.0,-0.3285156250000001,0.0,0.0,2.49999999975,1.4254937311435358,0.39200240760765565,weak,optimistic,0.1
adaptive n0=0.1,30006,1.010743554342867,0.9044746136267097,0.08616550126762001,0.10396487838399562,0.4962342140997789,0.0,-0.29817708333333326,0.0,0.0,2.49999999975,1.4465434182442487,0.3430482679200092,weak,optimistic,0.1
adaptive n0=0.1,30007,1.1153149042436108,0.9996769444409147,0.09456534459102775,0.12130741588481196,0.5832520607242805,0.0,-0.3393229166666667,0.0,0.0,2.49999999975,1.5230048411126487,0.38296139643139876,weak,optimistic,0.1
adaptive n0=0.1,30008,1.0617143347757703,0.9504843317983948,0.09031205847757703,0.12397491387472036,0.5863974619539831,0.0,-0.3171875,0.0,0.0,2.4999999997500004,1.4770352636112156,0.39700979143876036,weak,optimistic,0.1
adaptive n0=0.1,30009,1.1613724265143623,1.0441175013592787,0.09994583640143623,0.12534537781593927,0.5651550223567156,0.0,-0.323828125,0.0,0.0,2.49999999975,1.5519881401078481,0.36414906000341135,weak,optimistic,0.1
adaptive n0=0.1,30010,1.0418788589704027,0.9327504358618218,0.09160976089704029,0.12499829994398926,0.5721846359369666,0.0,-0.25156249999999997,0.0,0.0,2.49999999975,1.3814354192421876,0.4141957184294936,weak,optimistic,0.1
adaptive n0=0.1,30011,1.1373554234375902,1.0203585810080158,0.0975115840104257,0.12309368967526754,0.546276978398304,0.0,-0.3244791666666666,0.0,0.0,2.49999999975,1.4836170709356602,0.3682061827812403,weak,optimistic,0.1
adaptive n0=0.1,30012,1.0617584062158782,0.9523341815552371,0.09100005937158782,0.11131510937257572,0.513310545896491,0.0,-0.303515625,0.0,0.0,2.49999999975,1.456227171423775,0.3524934542971202,weak,optimistic,0.1
adaptive n0=0.1,30013,1.0658047519553175,0.954664549008526,0.09301276686219843,0.1189662141273024,0.5596668225392732,0.0,-0.2713541666666667,0.0,0.0,2.49999999975,1.442575091112864,0.3879637365064458,weak,optimistic,0.1
adaptive n0=0.1,30014,1.0578713533444895,0.9441770833234002,0.09072203116778228,0.12330681207716106,0.5642930199475309,0.0,-0.3013020833333333,0.0,0.0,2.49999999975,1.4304100652288936,0.3944973778251714,weak,optimistic,0.1
adaptive n0=0.1,30015,1.1093996424583155,0.9931665859772332,0.09285402674583154,0.12600936724675255,0.59666238878081,0.0,-0.3617187500000002,0.0,0.0,2.4999999997500004,1.529533120538363,0.3900944548169036,weak,optimistic,0.1
adaptive n0=0.1,30016,1.1023064876338866,0.9878939695983773,0.09625929459672197,0.1246456995400424,0.583434719920885,0.0,-0.27942708333333327,0.0,0.0,2.49999999975,1.4660876910712193,0.39795349451067935,weak,optimistic,0.1
adaptive n0=0.1,30017,1.0897325521461947,0.9767788416722467,0.09300971354795282,0.12231530115015328,0.5957205362876457,0.0,-0.3192708333333334,0.0,0.0,2.49999999975,1.5040212773703487,0.3960851786147677,weak,optimistic,0.1
adaptive n0=0.1,30018,1.111367535457819,0.9973057175252852,0.09614977437911523,0.11372748409295756,0.5184700441716259,0.0,-0.2997395833333333,0.0,0.0,2.49999999975,1.4804632447057382,0.3502079812016399,weak,optimistic,0.1
adaptive n0=0.1,30019,1.1004552336064144,0.9865531324566903,0.09462885669397478,0.11883054979712387,0.5250811515690411,0.0,-0.30833333333333335,0.0,0.0,2.49999999975,1.4364663858381195,0.3655366785785786,weak,optimistic,0.1
adaptive n0=0.1,30020,1.1220683019717401,1.0088646035976985,0.09850240311384068,0.11433235893783866,0.5424778917442427,0.0,-0.27408854166666674,0.0,0.0,2.49999999975,1.461695884593093,0.3711291093189728,weak,optimistic,0.1
adaptive n0=0.1,30021,1.089153249895303,0.9768124613360942,0.09451428332286363,0.12224372876489827,0.5586415723314776,0.0,-0.28802083333333345,0.0,0.0,2.49999999975,1.443948021169044,0.38688482143504876,weak,optimistic,0.1
adaptive n0=0.1,30022,1.0857757809981807,0.9739525844941295,0.09446950518315142,0.12956375718270524,0.6231252738636868,0.0,-0.2821614583333333,0.0,0.0,2.4999999997499995,1.4381125882074177,0.4332938039575897,weak,optimistic,0.1
adaptive n0=0.1,30023,1.066035274033283,0.9561594731381308,0.0903925899033283,0.12093743380779082,0.5539845711649841,0.0,-0.32421874999999994,0.0,0.0,2.49999999975,1.450369666011404,0.3819609470242659,weak,optimistic,0.1
adaptive n0=0.1,30024,1.1223169298516615,1.007309211524246,0.09583846381849949,0.12444628046852842,0.5693397949935461,0.0,-0.32786458333333335,0.0,0.0,2.49999999975,1.5424285430744271,0.36911907365168206,weak,optimistic,0.1
adaptive n0=0.1,30025,1.0850757427065774,0.9752754189172669,0.09491382427065773,0.1221240539361101,0.577774600794819,0.0,-0.27187500000000003,0.0,0.0,2.49999999975,1.458904022054675,0.3960333182035507,weak,optimistic,0.1
adaptive n0=0.1,30026,1.0851243867611626,0.9719797568164967,0.09174811575944959,0.12219982875927017,0.5698988169075837,0.0,-0.3352864583333333,0.0,0.0,2.49999999975,1.4416291388282827,0.3953158281545156,weak,optimistic,0.1
adaptive n0=0.1,30027,1.0494887421681607,0.940049693141596,0.09198012421681609,0.12459965991213547,0.5908389073673971,0.0,-0.2593749999999998,0.0,0.0,2.49999999975,1.4323112331387595,0.4125073473539935,weak,optimistic,0.1
adaptive n0=0.1,30028,1.0657013123627566,0.9563720867551084,0.093321433319609,0.1296418890162357,0.6311019914612062,0.0,-0.26497395833333326,0.0,0.0,2.4999999997500004,1.4946715924628096,0.422234552823288,weak,optimistic,0.1
adaptive n0=0.1,30029,1.0523610616167496,0.9432558751551201,0.09010589782834164,0.11667281071407949,0.5491708032881525,0.0,-0.3026041666666666,0.0,0.0,2.49999999975,1.4302255400493507,0.383974966122618,weak,optimistic,0.1
adaptive n0=0.1,30030,1.1072498395658825,0.9904881160000801,0.09237211937325492,0.12310295432275231,0.555721812004188,0.0,-0.36705729166666673,0.0,0.0,2.49999999975,1.451099956349076,0.38296590773964834,weak,optimistic,0.1
adaptive n0=0.1,30031,1.1109184777590646,0.9962936267785566,0.09536919152590648,0.12641411278301196,0.6006872634197398,0.0,-0.31445312499999994,0.0,0.0,2.4999999997500004,1.5057019830676126,0.3989416698488643,weak,optimistic,0.1
adaptive n0=0.1,30032,1.0528062580449722,0.9425158675258669,0.09137437580449721,0.12187581517517904,0.5670955769316165,0.0,-0.278125,0.0,0.0,2.4999999997499995,1.4094511739824627,0.40235205546657177,weak,optimistic,0.1
adaptive n0=0.1,30033,1.1186197969781384,1.0039300776074043,0.09805989636448051,0.12741124760641556,0.5975556636572428,0.0,-0.27604166666666663,0.0,0.0,2.49999999975,1.405956106396137,0.4250172967269561,weak,optimistic,0.1
adaptive n0=0.1,30034,1.075215196398917,0.9646705914547528,0.09347855088989168,0.11049489161156413,0.5041384271138167,0.0,-0.280859375,0.0,0.0,2.49999999975,1.4125724689930679,0.3568938501776016,weak,optimistic,0.1
adaptive n0=0.1,30035,1.0988938083515107,0.9852347996518032,0.09559250583515107,0.13172791385738591,0.6054013012762475,0.0,-0.2859375,0.0,0.0,2.49999999975,1.4304086992371727,0.4232365907723463,weak,optimistic,0.1
adaptive n0=0.1,30036,1.11792609409062,1.0033913905038379,0.096441046909062,0.12471637292661478,0.598573317882544,0.0,-0.30703125,0.0,0.0,2.49999999975,1.5300331003116672,0.39121592713295866,weak,optimistic,0.1
adaptive n0=0.1,30037,1.0975523962957097,0.985213887490813,0.0927174792129043,0.11753776772397265,0.5528878776265191,0.0,-0.3407552083333334,0.0,0.0,2.49999999975,1.4537286382992067,0.3803239910533589,weak,optimistic,0.1
adaptive n0=0.1,30038,1.0630397316518276,0.9524784656865183,0.09140162941518278,0.12124463429823434,0.5437880240108325,0.0,-0.298046875,0.0,0.0,2.49999999975,1.4902195985143583,0.36490462516594874,weak,optimistic,0.1
adaptive n0=0.1,30039,1.0456841139867412,0.9393247011497324,0.09211398431534078,0.12408762934373067,0.6016425756239987,0.0,-0.24908854166666666,0.0,0.0,2.49999999975,1.4792561952156325,0.4067196592246124,weak,optimistic,0.1
adaptive n0=0.1,30040,1.089623385672264,0.9785648285351698,0.09344150523389305,0.12141761635277018,0.5930484019383666,0.0,-0.31041666666666673,0.0,0.0,2.4999999997500004,1.4863292053285637,0.3990020513707587,weak,optimistic,0.1
adaptive n0=0.1,30041,1.0953259928755485,0.9821863425132183,0.09414197428755484,0.12382297629696448,0.5711478655289584,0.0,-0.3078125000000001,0.0,0.0,2.49999999975,1.4460156806724518,0.3949804093848782,weak,optimistic,0.1
adaptive n0=0.1,30042,1.1226762113896998,1.010371025814111,0.09869991280563664,0.11949049196771258,0.6104943597396759,0.0,-0.27135416666666656,0.0,0.0,2.49999999975,1.51234908527301,0.40367291234845376,weak,optimistic,0.1
adaptive n0=0.1,30043,1.0976898707991576,0.9846330951730713,0.0963054454132491,0.12191879415049484,0.5834222761737728,0.0,-0.26927083333333324,0.0,0.0,2.49999999975,1.4655667959627203,0.3980864453131438,weak,optimistic,0.1
adaptive n0=0.1,30044,1.102816719661612,0.9885485046512963,0.09414885946616121,0.11890740887967306,0.5220380274888348,0.0,-0.32265625000000003,0.0,0.0,2.49999999975,1.4660188913042007,0.3560922922517178,weak,optimistic,0.1
adaptive n0=0.1,30045,1.0606924572867502,0.9487367106533113,0.09231273531200837,0.12077749946143672,0.5401635474255714,0.0,-0.27513020833333324,0.0,0.0,2.49999999975,1.516287186697352,0.3562409233320172,weak,optimistic,0.1
adaptive n0=0.1,30046,1.0162377837812537,0.9097642196125175,0.08857690337812538,0.12302559404194337,0.5863262161645844,0.0,-0.26093749999999993,0.0,0.0,2.49999999975,1.4491757888027617,0.4045928870016373,weak,optimistic,0.1
adaptive n0=0.1,30047,1.091547201306448,0.9786631395480689,0.09617294929731145,0.12625398503485089,0.5907544118562328,0.0,-0.2596354166666667,0.0,0.0,2.4999999997500004,1.4626112891771894,0.40390390545157706,weak,optimistic,0.1
adaptive n0=0.1,30048,1.1363963955496985,1.020754855142139,0.09881542080496984,0.12452422204983092,0.5818111028080989,0.0,-0.2964843750000001,0.0,0.0,2.49999999975,1.4498644638355807,0.4012865459637048,weak,optimistic,0.1
adaptive n0=0.1,30049,1.0770900311973621,0.9674100758901769,0.09248764895306955,0.1246721253901827,0.5895742208894708,0.0,-0.3044270833333334,0.0,0.0,2.49999999975,1.4990342012678006,0.39330271476850986,weak,optimistic,0.1
adaptive n0=0.25,30000,1.12697375925394,1.0123241829565548,0.09843956342539402,0.1276961988039179,0.5897000128342884,0.0,-0.28515624999999994,0.0,0.0,2.49999999975,1.4529941096200123,0.40585161972095474,weak,optimistic,0.25
adaptive n0=0.25,30001,1.1073497213844137,0.9951785854844265,0.0968222117217747,0.11786810959872288,0.550984393995037,0.0,-0.27825520833333345,0.0,0.0,2.49999999975,1.4683152685292737,0.37524937988755375,weak,optimistic,0.25
adaptive n0=0.25,30002,1.1106792275433262,0.9970186986348046,0.09786479775433263,0.1204911020287024,0.5679497109939539,0.0,-0.2640625000000001,0.0,0.0,2.49999999975,1.409864756722176,0.4028398527489913,weak,optimistic,0.25
adaptive n0=0.25,30003,1.0824145971767178,0.9715660923343855,0.09361906388433847,0.1258165300553527,0.5768138466464183,0.0,-0.2924479166666666,0.0,0.0,2.49999999975,1.3798371411632453,0.41803038158557354,weak,optimistic,0.25
adaptive n0=0.25,30004,1.095263228101894,0.982396687191385,0.0948192915601894,0.1226381960628691,0.5644774677588825,0.0,-0.29414062499999993,0.0,0.0,2.49999999975,1.4620090709391822,0.3860971036221184,weak,optimistic,0.25
adaptive n0=0.25,30005,1.1142884565631168,0.9994232950760791,0.095797335239645,0.12718053312483174,0.5587969746378862,0.0,-0.3126302083333333,0.0,0.0,2.49999999975,1.4178892350463923,0.39410481497844424,weak,optimistic,0.25
adaptive n0=0.25,30006,1.0126648810184853,0.9065434486150368,0.08658549851851517,0.10396487838399562,0.4962342140997789,0.0,-0.2936197916666667,0.0,0.0,2.49999999975,1.4637532150465273,0.3390149439118434,weak,optimistic,0.25
adaptive n0=0.25,30007,1.0657981546357669,0.9551947669346899,0.0928493467135767,0.12111343937106224,0.5823194120436419,0.0,-0.274609375,0.0,0.0,2.49999999975,1.4318368371401746,0.4066939730414505,weak,optimistic,0.25
adaptive n0=0.25,30008,1.0789207507319718,0.9663495711205892,0.0921043146565305,0.12397491387472036,0.5863974619539831,0.0,-0.31575520833333326,0.0,0.0,2.49999999975,1.4807407209673542,0.39601630025470974,weak,optimistic,0.25
adaptive n0=0.25,30009,1.1397277139923612,1.024784747817989,0.09871886514923613,0.12534537781593927,0.5651550223567156,0.0,-0.305078125,0.0,0.0,2.49999999975,1.468299646574055,0.3849044189824447,weak,optimistic,0.25
adaptive n0=0.25,30010,1.0655425926925803,0.9535384447850248,0.09205556135259134,0.12499829994398926,0.5721846359369666,0.0,-0.28997395833333334,0.0,0.0,2.4999999997500004,1.4331586292320138,0.3992472460941626,weak,optimistic,0.25
adaptive n0=0.25,30011,1.11362575666675,0.9989275455401413,0.09701361733334166,0.12309368967526754,0.546276978398304,0.0,-0.2869791666666666,0.0,0.0,2.49999999975,1.396564955551907,0.3911575872118468,weak,optimistic,0.25
adaptive n0=0.25,30012,1.0654623179492768,0.9563261222266135,0.09249024221159433,0.11136387614732549,0.5135354255189386,0.0,-0.2811197916666668,0.0,0.0,2.49999999975,1.468076661488482,0.34980150491478107,weak,optimistic,0.25
adaptive n0=0.25,30013,1.0734393755777627,0.9616358619217498,0.09345070839110962,0.1189662141273024,0.5596668225392732,0.0,-0.27786458333333336,0.0,0.0,2.49999999975,1.4356606776986882,0.3898322432543035,weak,optimistic,0.25
adaptive n0=0.25,30014,1.071206513679028,0.9561122689655728,0.09130684928456947,0.12330681207716106,0.5642930199475309,0.0,-0.3162760416666666,0.0,0.0,2.49999999975,1.452001425273401,0.3886311749599548,weak,optimistic,0.25
adaptive n0=0.25,30015,1.0777580189283655,0.9645672190790138,0.09329663522616986,0.12600936724675255,0.59666238878081,0.0,-0.2895833333333334,0.0,0.0,2.49999999975,1.488695274113648,0.40079551480813014,weak,optimistic,0.25
adaptive n0=0.25,30016,1.106305753448785,0.9916518749706458,0.09585192951154517,0.12449691607841559,0.5827383024946649,0.0,-0.29557291666666663,0.0,0.0,2.49999999975,1.4510702798878024,0.4015920597172747,weak,optimistic,0.25
adaptive n0=0.25,30017,1.0823832172860903,0.9697604128051163,0.09282165506194237,0.12231530115015328,0.5957205362876457,0.0,-0.3083333333333333,0.0,0.0,2.49999999975,1.4920003860746265,0.3992763955342898,weak,optimistic,0.25
adaptive n0=0.25,30018,1.112284862248663,0.9986353693531643,0.09693812164153297,0.11372748409295756,0.5184700441716259,0.0,-0.28580729166666663,0.0,0.0,2.49999999975,1.4722324300568213,0.352165890104469,weak,optimistic,0.25
adaptive n0=0.25,30019,1.0939082059003695,0.9810065692874077,0.09513951850670363,0.11862434114721129,0.5241699694231665,0.0,-0.2850260416666667,0.0,0.0,2.49999999975,1.4072449713722635,0.37247954697754326,weak,optimistic,0.25
adaptive n0=0.25,30020,1.1587662862027828,1.0425468392831232,0.10061621195361162,0.11461609112292241,0.543824128619036,0.0,-0.3052083333333334,0.0,0.0,2.49999999975,1.6019180816693748,0.339483107683204,weak,optimistic,0.25
adaptive n0=0.25,30021,1.0949847948226434,0.9821637411588694,0.09537087531559765,0.12229227085054732,0.5588634047913119,0.0,-0.2825520833333334,0.0,0.0,2.4999999997500004,1.4575891759983448,0.3834162698200131,weak,optimistic,0.25
adaptive n0=0.25,30022,1.081042242943431,0.9694695505777606,0.09421750554434309,0.12956375718270524,0.6231252738636868,0.0,-0.2777343749999999,0.0,0.0,2.4999999997499995,1.4321123734077348,0.4351092033238635,weak,optimistic,0.25
adaptive n0=0.25,30023,1.066797496986884,0.9567094149599105,0.09143886428202175,0.12098857187028308,0.55421882202287,0.0,-0.3048177083333333,0.0,0.0,2.49999999975,1.5037176181604583,0.36856575684792603,weak,optimistic,0.25
adaptive n0=0.25,30024,1.112182330459544,0.9982994539703985,0.09587318096262107,0.12442637907660865,0.5692487464354613,0.0,-0.3069010416666667,0.0,0.0,2.49999999975,1.5215840929634745,0.37411586324274626,weak,optimistic,0.25
adaptive n0=0.25,30025,1.065948326287043,0.9580761504836711,0.0939385826287043,0.12193453981555316,0.5768780006425913,0.0,-0.253125,0.0,0.0,2.49999999975,1.4344134415513248,0.40216996294924223,weak,optimistic,0.25
adaptive n0=0.25,30026,1.0740607039716024,0.9625016557005832,0.09318732039716024,0.12219982875927017,0.5698988169075837,0.0,-0.2843750000000001,0.0,0.0,2.49999999975,1.4354120430245745,0.3970280308549891,weak,optimistic,0.25
adaptive n0=0.25,30027,1.0514038755354638,0.9416477368009322,0.09133830422021302,0.12472084618716771,0.5914135603510285,0.0,-0.27604166666666663,0.0,0.0,2.49999999975,1.4588519546380772,0.4053965575264632,weak,optimistic,0.25
adaptive n0=0.25,30028,1.0660920890246812,0.9566530477855267,0.09317170890246813,0.1296418890162357,0.6311019914612062,0.0,-0.26875000000000004,0.0,0.0,2.49999999975,1.4788094154445828,0.4267635740414017,weak,optimistic,0.25
adaptive n0=0.25,30029,1.0321346123912543,0.9244423662515023,0.08821997165579212,0.11667281071407949,0.5491708032881525,0.0,-0.2998697916666666,0.0,0.0,2.49999999975,1.3534495477568675,0.40575639054911045,weak,optimistic,0.25
adaptive n0=0.25,30030,1.0787960358941886,0.96545210111844,0.09202022858941886,0.12310295432275231,0.555721812004188,0.0,-0.3171875,0.0,0.0,2.49999999975,1.4190999141388527,0.39160161061768134,weak,optimistic,0.25
adaptive n0=0.25,30031,1.1166545151850917,1.0017942521977772,0.09615112860184251,0.12641411278301196,0.6006872634197398,0.0,-0.3102864583333333,0.0,0.0,2.49999999975,1.5133079879090832,0.39693655767303593,weak,optimistic,0.25
adaptive n0=0.25,30032,1.0736074446030182,0.962049227932623,0.09372142154363514,0.12187581517517904,0.5670955769316165,0.0,-0.2727864583333334,0.0,0.0,2.49999999975,1.433369850885629,0.39563799711653486,weak,optimistic,0.25
adaptive n0=0.25,30033,1.1251694969960462,1.0103930862522355,0.0992422101162713,0.1269893950391724,0.5955771853398246,0.0,-0.2654947916666668,0.0,0.0,2.49999999975,1.3663643686746576,0.4358845993016643,weak,optimistic,0.25
adaptive n0=0.25,30034,1.0737928160479806,0.963079165404744,0.09340141702146472,0.11058377518049953,0.5045439628085969,0.0,-0.2795572916666666,0.0,0.0,2.49999999975,1.4299707140820916,0.35283517196536945,weak,optimistic,0.25
adaptive n0=0.25,30035,1.1075923779788595,0.9932772124122894,0.09655350863121928,0.13172791385738591,0.6054013012762475,0.0,-0.2841145833333332,0.0,0.0,2.49999999975,1.4337751649240333,0.4222428425926347,weak,optimistic,0.25
adaptive n0=0.25,30036,1.1250515371005037,1.0103099337578403,0.09752468496005036,0.12471637292661478,0.598573317882544,0.0,-0.29960937499999996,0.0,0.0,2.49999999975,1.5083548032859935,0.39683853996323354,weak,optimistic,0.25
adaptive n0=0.25,30037,1.053910647875541,0.9454633527388756,0.09163455437088742,0.11753776772397265,0.5528878776265191,0.0,-0.2751302083333333,0.0,0.0,2.49999999975,1.3550261438563902,0.4080274614134057,weak,optimistic,0.25
adaptive n0=0.25,30038,1.1220826334860612,1.0060276475625045,0.09411581543193945,0.12124463429823434,0.5437880240108325,0.0,-0.3618489583333333,0.0,0.0,2.49999999975,1.4801018590502697,0.36739905479191987,weak,optimistic,0.25
adaptive n0=0.25,30039,1.0673985861901854,0.958757177858105,0.09306798361901855,0.12408762934373067,0.6016425756239987,0.0,-0.2734374999999999,0.0,0.0,2.49999999975,1.4435693455362695,0.41677428069830297,weak,optimistic,0.25
adaptive n0=0.25,30040,1.082307221341944,0.9729155772678211,0.09568514921752772,0.12141761635277018,0.5930484019383666,0.0,-0.2509114583333334,0.0,0.0,2.4999999997499995,1.4664390234828542,0.4044139527396453,weak,optimistic,0.25
adaptive n0=0.25,30041,1.1114439232921407,0.9967789752013506,0.09529803816254741,0.12382297629696448,0.5711478655289584,0.0,-0.31692708333333336,0.0,0.0,2.49999999975,1.4503722571156825,0.3937939813222746,weak,optimistic,0.25
adaptive n0=0.25,30042,1.1129131181254366,1.0012975775708934,0.09810120764587701,0.11949049196771258,0.6104943597396759,0.0,-0.2638020833333332,0.0,0.0,2.49999999975,1.5019283916442219,0.40647367952831825,weak,optimistic,0.25
adaptive n0=0.25,30043,1.1122328256922043,0.9977649258813164,0.09690036590255377,0.12191879415049484,0.5834222761737728,0.0,-0.28645833333333337,0.0,0.0,2.49999999975,1.4054661080502049,0.41510945929756443,weak,optimistic,0.25
adaptive n0=0.25,30044,1.0800722300963435,0.9677907068639344,0.09205670217630099,0.11890740887967306,0.5220380274888348,0.0,-0.31901041666666674,0.0,0.0,2.49999999975,1.360731766690047,0.3836450653009167,weak,optimistic,0.25
adaptive n0=0.25,30045,1.0660522391302116,0.9540282966873606,0.09317423432968783,0.12077749946143672,0.5401635474255714,0.0,-0.26861979166666655,0.0,0.0,2.49999999975,1.4606418815543647,0.3698124463271914,weak,optimistic,0.25
adaptive n0=0.25,30046,1.0031568776230975,0.8971834771055228,0.08840162526230974,0.12302559404194337,0.5863262161645844,0.0,-0.23828124999999994,0.0,0.0,2.49999999975,1.4319880478312093,0.4094490991405925,weak,optimistic,0.25
adaptive n0=0.25,30047,1.126356989690352,1.0098908761989251,0.09749246980236853,0.12625398503485089,0.5907544118562328,0.0,-0.3028645833333334,0.0,0.0,2.49999999975,1.5490279592091492,0.3813710452055626,weak,optimistic,0.25
adaptive n0=0.25,30048,1.136962748487632,1.02129443228426,0.09904132693209652,0.12452422204983092,0.5818111028080989,0.0,-0.2930989583333333,0.0,0.0,2.49999999975,1.4481272574354818,0.40176793843273145,weak,optimistic,0.25
adaptive n0=0.25,30049,1.0918470574712804,0.9818137331937207,0.09542819533046139,0.1246721253901827,0.5895742208894708,0.0,-0.27513020833333335,0.0,0.0,2.49999999975,1.459112640485655,0.40406354145025797,weak,optimistic,0.25
adaptive n0=0.5,30000,1.1293299911882928,1.014803592971399,0.09897466578549596,0.1276961988039179,0.5897000128342884,0.0,-0.27916666666666656,0.0,0.0,2.49999999975,1.447751321891965,0.407321343049199,weak,optimistic,0.5
adaptive n0=0.5,30001,1.1125694063078493,1.0000249013151612,0.09724652396411826,0.11798605629791424,0.5515357457626942,0.0,-0.2802083333333334,0.0,0.0,2.49999999975,1.4951411220619395,0.3688854099618869,weak,optimistic,0.5
adaptive n0=0.5,30002,1.0718877369704178,0.9614853311789867,0.09503382578037513,0.1204911020287024,0.5679497109939539,0.0,-0.2430989583333335,0.0,0.0,2.49999999975,1.3041345794216,0.4354993111568644,weak,optimistic,0.5
adaptive n0=0.5,30003,1.0663843898452479,0.9571095857264786,0.09359807440119146,0.1258165300553527,0.5768138466464183,0.0,-0.2608072916666666,0.0,0.0,2.49999999975,1.3153883635501225,0.43851220113400297,weak,optimistic,0.5
adaptive n0=0.5,30004,1.1394598238250735,1.0223029674835065,0.09703843029917401,0.1226381960628691,0.5644774677588825,0.0,-0.33815104166666665,0.0,0.0,2.4999999997500004,1.6003219573917256,0.3527274403451244,weak,optimistic,0.5
adaptive n0=0.5,30005,1.109362559867764,0.995091865598283,0.09630734973677642,0.12718053312483174,0.5587969746378862,0.0,-0.29257812499999997,0.0,0.0,2.49999999975,1.4243938549097148,0.3923051006656481,weak,optimistic,0.5
adaptive n0=0.5,30006,0.9885099179820869,0.8846664377113801,0.08532234596487537,0.10396487838399562,0.4962342140997789,0.0,-0.27057291666666655,0.0,0.0,2.49999999975,1.4035485701022052,0.3535568520180556,weak,optimistic,0.5
adaptive n0=0.5,30007,1.0865850086390114,0.9741438591616646,0.09431605294723448,0.12113803053519522,0.5824376475781436,0.0,-0.2868489583333333,0.0,0.0,2.49999999975,1.4433945628978742,0.40351935815027273,weak,optimistic,0.5
adaptive n0=0.5,30008,1.0763159293249278,0.9649255068463447,0.0940899262658261,0.12397491387472036,0.5863974619539831,0.0,-0.27083333333333326,0.0,0.0,2.49999999975,1.4481712697307092,0.404922728554769,weak,optimistic,0.5
adaptive n0=0.5,30009,1.1547854497402954,1.0385378941371377,0.09990562830736285,0.12534537781593927,0.5651550223567156,0.0,-0.3114583333333334,0.0,0.0,2.49999999975,1.487477636261076,0.37994186169903654,weak,optimistic,0.5
adaptive n0=0.5,30010,1.036045960380068,0.9266281666653806,0.09069443978800681,0.12499829994398926,0.5721846359369666,0.0,-0.2582031249999999,0.0,0.0,2.49999999975,1.387583008588484,0.4123606533053617,weak,optimistic,0.5
adaptive n0=0.5,30011,1.1062108024791382,0.9923204643324051,0.09644790316458049,0.12309368967526754,0.546276978398304,0.0,-0.28346354166666665,0.0,0.0,2.49999999975,1.3720895702588105,0.3981350709453046,weak,optimistic,0.5
adaptive n0=0.5,30012,1.0630032227196489,0.9542125286801681,0.0924266243552982,0.11122104388156147,0.5128767790088268,0.0,-0.2774739583333333,0.0,0.0,2.49999999975,1.4333708700398842,0.35781163809653516,weak,optimistic,0.5
adaptive n0=0.5,30013,1.0992484129021853,0.9859615275152364,0.09631807045688519,0.1189662141273024,0.5596668225392732,0.0,-0.2721354166666667,0.0,0.0,2.49999999975,1.4762728481719014,0.37910798348172564,weak,optimistic,0.5
adaptive n0=0.5,30014,1.067506327417198,0.9529407269808369,0.09135349732505313,0.12330681207716106,0.5642930199475309,0.0,-0.30794270833333337,0.0,0.0,2.49999999975,1.4316920981610892,0.3941441184681586,weak,optimistic,0.5
adaptive n0=0.5,30015,1.0884177912152848,0.97424277007915,0.09406313328819513,0.12600936724675255,0.59666238878081,0.0,-0.29557291666666685,0.0,0.0,2.49999999975,1.5041778334013063,0.3966701114266612,weak,optimistic,0.5
adaptive n0=0.5,30016,1.111314535537851,0.9961820767114605,0.09661973480378512,0.12451200820246142,0.5828089448770188,0.0,-0.2902343749999999,0.0,0.0,2.49999999975,1.4525935986085017,0.40121954649622243,weak,optimistic,0.5
adaptive n0=0.5,30017,1.0743396854563985,0.9629911773530686,0.09329334354563984,0.12231530115015328,0.5957205362876457,0.0,-0.2828125000000001,0.0,0.0,2.49999999975,1.4301306251385408,0.41654973735698897,weak,optimistic,0.5
adaptive n0=0.5,30018,1.1079120717397815,0.994580482042704,0.09670917592397814,0.11372748409295756,0.5184700441716259,0.0,-0.28164062499999987,0.0,0.0,2.49999999975,1.3976969961247578,0.3709459529562783,weak,optimistic,0.5
adaptive n0=0.5,30019,1.1186175147818127,1.0035543042540525,0.09709612647818128,0.11887731822188018,0.5252878090184094,0.0,-0.29531250000000003,0.0,0.0,2.4999999997500004,1.4430938455702902,0.36400114284377894,weak,optimistic,0.5
adaptive n0=0.5,30020,1.139719366354055,1.0256063147996857,0.10020891580207217,0.1144983056047606,0.5432652663672288,0.0,-0.2752604166666667,0.0,0.0,2.49999999975,1.5300756531043238,0.35505778113978514,weak,optimistic,0.5
adaptive n0=0.5,30021,1.0702980036924736,0.9597676303618118,0.09400896703591402,0.1220735897495204,0.5578640541059954,0.0,-0.2604166666666668,0.0,0.0,2.49999999975,1.3961360530542497,0.3995771421313754,weak,optimistic,0.5
adaptive n0=0.5,30022,1.0913549776340687,0.9789704890118555,0.09483211234674023,0.12956375718270524,0.6231252738636868,0.0,-0.2860677083333332,0.0,0.0,2.4999999997499995,1.4310888486533937,0.4354203964694621,weak,optimistic,0.5
adaptive n0=0.5,30023,1.0772486113941524,0.966539339901913,0.09224309030608191,0.12098006254321586,0.554179842893267,0.0,-0.3096354166666667,0.0,0.0,2.49999999975,1.4948405674651388,0.37072839402064933,weak,optimistic,0.5
adaptive n0=0.5,30024,1.0877376844526248,0.9759149392897984,0.09493262261192914,0.1243755182255358,0.5690160588339195,0.0,-0.2768229166666667,0.0,0.0,2.49999999975,1.4683131219144436,0.3875304595058132,weak,optimistic,0.5
adaptive n0=0.5,30025,1.0906775795477635,0.98102167642584,0.09609249753810968,0.12209423785611584,0.5776335395283386,0.0,-0.25950520833333346,0.0,0.0,2.49999999975,1.4550509418449122,0.3969850971650078,weak,optimistic,0.5
adaptive n0=0.5,30026,1.0802920241956364,0.9682283914201066,0.09365420241956364,0.12219982875927017,0.5698988169075837,0.0,-0.2875,0.0,0.0,2.49999999975,1.3864649373496691,0.41104452161407534,weak,optimistic,0.5
adaptive n0=0.5,30027,1.0543111485880654,0.9444241022170841,0.09185038569213988,0.12472084618716771,0.5914135603510285,0.0,-0.2716145833333332,0.0,0.0,2.49999999975,1.45304974365022,0.40701535713796894,weak,optimistic,0.5
adaptive n0=0.5,30028,1.0818340146327603,0.971117623237919,0.09454407854660936,0.1296418890162357,0.6311019914612062,0.0,-0.27278645833333337,0.0,0.0,2.49999999975,1.4922183059397351,0.4229287289595105,weak,optimistic,0.5
adaptive n0=0.5,30029,1.028007537620005,0.9209992179166921,0.08980596209533384,0.11667281071407949,0.5491708032881525,0.0,-0.2598958333333333,0.0,0.0,2.49999999975,1.3733488979626625,0.39987712088518595,weak,optimistic,0.5
adaptive n0=0.5,30030,1.0830103041929315,0.96935953274727,0.09279321791929315,0.12310295432275231,0.555721812004188,0.0,-0.31015625,0.0,0.0,2.49999999975,1.4165159247132537,0.39231596504408034,weak,optimistic,0.5
adaptive n0=0.5,30031,1.1112866275242235,0.997306707713318,0.09704663150242236,0.12641411278301196,0.6006872634197398,0.0,-0.28164062499999987,0.0,0.0,2.49999999975,1.4467788809949154,0.4151894054512749,weak,optimistic,0.5
adaptive n0=0.5,30032,1.0780909715965092,0.9661866209658151,0.0941567534096509,0.12187581517517904,0.5670955769316165,0.0,-0.27304687499999997,0.0,0.0,2.49999999975,1.4265441463245736,0.397531039184951,weak,optimistic,0.5
adaptive n0=0.5,30033,1.1346857864843147,1.0189269485048293,0.09962743281509814,0.12743816397242352,0.5976819007615432,0.0,-0.27682291666666675,0.0,0.0,2.4999999997500004,1.4182936282107241,0.4214091418541874,weak,optimistic,0.5
adaptive n0=0.5,30034,1.0803871960822946,0.9696409613990367,0.09447752169156279,0.11044590309278571,0.5039149145654683,0.0,-0.27122395833333335,0.0,0.0,2.49999999975,1.402983359707002,0.3591738355832713,weak,optimistic,0.5
adaptive n0=0.5,30035,1.1175340963714082,1.002695825925648,0.09771044088714084,0.13172791385738591,0.6054013012762475,0.0,-0.280859375,0.0,0.0,2.49999999975,1.4359186735198488,0.4216125275341918,weak,optimistic,0.5
adaptive n0=0.5,30036,1.0797075809932166,0.969381982931438,0.09547075809932166,0.12471637292661478,0.598573317882544,0.0,-0.2499999999999999,0.0,0.0,2.49999999975,1.3824626216319118,0.43297613151809133,weak,optimistic,0.5
adaptive n0=0.5,30037,1.0597848936640557,0.9506405781656017,0.09191598936640558,0.11753776772397265,0.5528878776265191,0.0,-0.2812499999999999,0.0,0.0,2.49999999975,1.3917604689746939,0.39725792616730243,weak,optimistic,0.5
adaptive n0=0.5,30038,1.0955903833583347,0.9826471550626695,0.0943962779191668,0.12124463429823434,0.5437880240108325,0.0,-0.3032552083333334,0.0,0.0,2.4999999997499995,1.4882774392992582,0.3653808151972458,weak,optimistic,0.5
adaptive n0=0.5,30039,1.0314914127081256,0.92589548626406,0.09098768293747922,0.12408762934373067,0.6016425756239987,0.0,-0.2432291666666666,0.0,0.0,2.49999999975,1.4183368333890503,0.42418878327117937,weak,optimistic,0.5
adaptive n0=0.5,30040,1.0929541159502756,0.9828722964282098,0.09692561992836089,0.12141761635277018,0.5930484019383666,0.0,-0.24739583333333337,0.0,0.0,2.49999999975,1.468726314489972,0.4037841469084782,weak,optimistic,0.5
adaptive n0=0.5,30041,1.142298433856099,1.025254494810578,0.09811005171894324,0.12382297629696448,0.5711478655289584,0.0,-0.32239583333333344,0.0,0.0,2.49999999975,1.52836426093665,0.37369878380886334,weak,optimistic,0.5
adaptive n0=0.5,30042,1.1173552654933698,1.0057752129617836,0.09894906821600365,0.11949049196771258,0.6104943597396759,0.0,-0.2557291666666666,0.0,0.0,2.49999999975,1.4812812067231849,0.4121394080805093,weak,optimistic,0.5
adaptive n0=0.5,30043,1.096261311452707,0.9828009387350908,0.09602587072860405,0.12191879415049484,0.5834222761737728,0.0,-0.27200520833333336,0.0,0.0,2.4999999997500004,1.3858074351255927,0.42099808486082957,weak,optimistic,0.5
adaptive n0=0.5,30044,1.0775803847971515,0.96566096409741,0.09229579889638181,0.11890740887967306,0.5220380274888348,0.0,-0.3092447916666668,0.0,0.0,2.49999999975,1.3432732263432148,0.38863130541950575,weak,optimistic,0.5
adaptive n0=0.5,30045,1.0895079584705487,0.9761910014114642,0.09527892084705485,0.12077749946143672,0.5401635474255714,0.0,-0.2734374999999999,0.0,0.0,2.49999999975,1.4492136947913608,0.3727287075515369,weak,optimistic,0.5
adaptive n0=0.5,30046,1.0116541289025656,0.9051321890469225,0.08900395455692321,0.12302559404194337,0.5863262161645844,0.0,-0.2432291666666666,0.0,0.0,2.4999999997499995,1.4361291736996697,0.408268439150307,weak,optimistic,0.5
adaptive n0=0.5,30047,1.115076270667091,1.0001522083278231,0.09745163748337576,0.12625398503485089,0.5907544118562328,0.0,-0.28111979166666673,0.0,0.0,2.49999999975,1.493638834644948,0.3955135593382323,weak,optimistic,0.5
adaptive n0=0.5,30048,1.129533222882836,1.0146610320480705,0.0991707702049503,0.12452422204983092,0.5818111028080989,0.0,-0.27565104166666676,0.0,0.0,2.49999999975,1.428979627807985,0.40715143273286614,weak,optimistic,0.5
adaptive n0=0.5,30049,1.1021404624588185,0.9913010309603941,0.09604737957921519,0.1246721253901827,0.5895742208894708,0.0,-0.2833333333333334,0.0,0.0,2.49999999975,1.4798738059286178,0.3983949297078842,weak,optimistic,0.5
adaptive n0=1.0,30000,1.1315538192925767,1.0167551905891294,0.09950303817925768,0.1276961988039179,0.5897000128342884,0.0,-0.27304687499999986,0.0,0.0,2.49999999975,1.4746244128350308,0.3998984471581913,weak,optimistic,1.0
adaptive n0=1.0,30001,1.1088069612199898,0.9964774927989937,0.09703955028866562,0.11805817263101669,0.5518728596285809,0.0,-0.27682291666666675,0.0,0.0,2.49999999975,1.5115432952671597,0.3651055589056345,weak,optimistic,1.0
adaptive n0=1.0,30002,1.0854685123055483,0.973784776669314,0.09603383039722148,0.1204911020287024,0.5679497109939539,0.0,-0.2502604166666667,0.0,0.0,2.49999999975,1.360378863692294,0.417493777764559,weak,optimistic,1.0
adaptive n0=1.0,30003,1.1129417910218347,0.999606331164737,0.09691917910218346,0.1258165300553527,0.5768138466464183,0.0,-0.2874999999999999,0.0,0.0,2.49999999975,1.421171178985809,0.4058721814623698,weak,optimistic,1.0
adaptive n0=1.0,30004,1.131244017847538,1.0151381023164283,0.09716086011808715,0.1226381960628691,0.5644774677588825,0.0,-0.31927083333333334,0.0,0.0,2.49999999975,1.5667721542443902,0.3602805080685864,weak,optimistic,1.0
adaptive n0=1.0,30005,1.1131585347679203,0.9987300359636834,0.09693434306012536,0.12718053312483174,0.5587969746378862,0.0,-0.2876302083333333,0.0,0.0,2.49999999975,1.4347126341525405,0.38948355324685474,weak,optimistic,1.0
adaptive n0=1.0,30006,0.9822624185603948,0.879243969318428,0.08566113768937281,0.10396487838399562,0.4962342140997789,0.0,-0.25130208333333326,0.0,0.0,2.49999999975,1.3843370451939996,0.3584634362148686,weak,optimistic,1.0
adaptive n0=1.0,30007,1.0691966288888806,0.9577417653823368,0.09387278788888806,0.12106563552941045,0.5820895688065193,0.0,-0.26093750000000004,0.0,0.0,2.4999999997500004,1.4093692675288783,0.41301423425184214,weak,optimistic,1.0
adaptive n0=1.0,30008,1.0847475894314853,0.9722765996143723,0.09430809227648188,0.12397491387472036,0.5863974619539831,0.0,-0.2833333333333333,0.0,0.0,2.49999999975,1.4614333734258729,0.40124816677708536,weak,optimistic,1.0
adaptive n0=1.0,30009,1.1503394399230134,1.0344442506796683,0.09978654815896801,0.12534537781593927,0.5651550223567156,0.0,-0.3049479166666667,0.0,0.0,2.49999999975,1.4820111169563903,0.38134330835343244,weak,optimistic,1.0
adaptive n0=1.0,30010,1.0507212531053358,0.9401150529671387,0.09183644822720023,0.12499829994398926,0.5721846359369666,0.0,-0.26471354166666666,0.0,0.0,2.4999999997500004,1.402350234789861,0.4080183550029548,weak,optimistic,1.0
adaptive n0=1.0,30011,1.101280458851617,0.9875948897369963,0.09598091046849502,0.12309368967526754,0.546276978398304,0.0,-0.2829427083333333,0.0,0.0,2.49999999975,1.3890326348324085,0.39327872124776553,weak,optimistic,1.0
adaptive n0=1.0,30012,1.0509182812969677,0.9438080706021393,0.09203844271303012,0.11089105889717803,0.5113551098174094,0.0,-0.2610677083333333,0.0,0.0,2.49999999975,1.353190177057591,0.377888576555671,weak,optimistic,1.0
adaptive n0=1.0,30013,1.1067620028115492,0.9927835642647115,0.09681552319782158,0.1189662141273024,0.5596668225392732,0.0,-0.27721354166666673,0.0,0.0,2.49999999975,1.4791345495501322,0.37837451820018114,weak,optimistic,1.0
adaptive n0=1.0,30014,1.0650817708824005,0.950847354450114,0.0922829166715734,0.12330681207716106,0.5642930199475309,0.0,-0.2845052083333333,0.0,0.0,2.49999999975,1.3985327361716793,0.4034893180206975,weak,optimistic,1.0
adaptive n0=1.0,30015,1.0954482066607736,0.980826049458339,0.09491591441607736,0.12600936724675255,0.59666238878081,0.0,-0.29257812500000013,0.0,0.0,2.49999999975,1.5006216595205881,0.39761014043435106,weak,optimistic,1.0
adaptive n0=1.0,30016,1.1352348664453162,1.0189704382511051,0.09958468456119829,0.12423891143766644,0.5815306485934935,0.0,-0.27877604166666664,0.0,0.0,2.49999999975,1.425028663870815,0.40808347462561056,weak,optimistic,1.0
adaptive n0=1.0,30017,1.0773970582906793,0.9661060950222281,0.09419152874573461,0.12231530115015328,0.5957205362876457,0.0,-0.2709635416666667,0.0,0.0,2.49999999975,1.4602067639452538,0.4079699882214629,weak,optimistic,1.0
adaptive n0=1.0,30018,1.108029793859365,0.9946767057778058,0.0968771981359365,0.11372748409295756,0.5184700441716259,0.0,-0.27851562499999993,0.0,0.0,2.49999999975,1.4807775315286937,0.3501336514988709,weak,optimistic,1.0
adaptive n0=1.0,30019,1.1050455824074361,0.9914210181646532,0.09670898532407693,0.11860839540888729,0.524099509371807,0.0,-0.2759114583333334,0.0,0.0,2.49999999975,1.4049853327551176,0.37302845599396384,weak,optimistic,1.0
adaptive n0=1.0,30020,1.1354127858178464,1.0219328611348306,0.10021445566511795,0.11441207531010286,0.5428561256052872,0.0,-0.26653645833333334,0.0,0.0,2.49999999975,1.4774801058692408,0.36742026065109723,weak,optimistic,1.0
adaptive n0=1.0,30021,1.0738073140643491,0.9629159127954304,0.09434687723976823,0.12199913027781108,0.5575237817928801,0.0,-0.26067708333333345,0.0,0.0,2.49999999975,1.3752116702529125,0.40540943176430944,weak,optimistic,1.0
adaptive n0=1.0,30022,1.0870387227006795,0.9746377066137222,0.09487574727006794,0.12956375718270524,0.6231252738636868,0.0,-0.2765625,0.0,0.0,2.49999999975,1.449589954201595,0.42986312926464204,weak,optimistic,1.0
adaptive n0=1.0,30023,1.0759888010375669,0.9655913820701625,0.09285278635375668,0.12097086887547404,0.5541377289677353,0.0,-0.294921875,0.0,0.0,2.49999999975,1.485249602871131,0.3730940091796917,weak,optimistic,1.0
adaptive n0=1.0,30024,1.0742223550670449,0.9638644901078616,0.09454463134003784,0.12430032785886234,0.5686720640774174,0.0,-0.2575520833333333,0.0,0.0,2.49999999975,1.3895597435944589,0.40924621391693367,weak,optimistic,1.0
adaptive n0=1.0,30025,1.0890970202750736,0.9794972392770955,0.09605813952750737,0.12215656376237112,0.5779284063006508,0.0,-0.25703125000000004,0.0,0.0,2.49999999975,1.4631052104139517,0.3950012631949683,weak,optimistic,1.0
adaptive n0=1.0,30026,1.0786939072138644,0.9670456865211523,0.0945165261380531,0.12219982875927017,0.5698988169075837,0.0,-0.2670572916666667,0.0,0.0,2.4999999997500004,1.4046933667790165,0.4057104777353441,weak,optimistic,1.0
adaptive n0=1.0,30027,1.0713790443842193,0.9605869067519376,0.09402592527175527,0.12455380623236009,0.5906214738842209,0.0,-0.26223958333333325,0.0,0.0,2.49999999975,1.4268839440396632,0.4139239749324724,weak,optimistic,1.0
adaptive n0=1.0,30028,1.091594632712442,0.9804603867351642,0.09554618202124418,0.1296418890162357,0.6311019914612062,0.0,-0.27226562499999996,0.0,0.0,2.4999999997500004,1.5089549008771823,0.41823780889298634,weak,optimistic,1.0
adaptive n0=1.0,30029,1.0587510808497125,0.9494557561684817,0.09278266016830458,0.11667281071407949,0.5491708032881525,0.0,-0.26184895833333327,0.0,0.0,2.49999999975,1.4106137172998285,0.38931338647363034,weak,optimistic,1.0
adaptive n0=1.0,30030,1.0671427690898287,0.954984733353383,0.0920397977423162,0.12310295432275231,0.555721812004188,0.0,-0.29348958333333336,0.0,0.0,2.49999999975,1.3809078067627478,0.4024322328273041,weak,optimistic,1.0
adaptive n0=1.0,30031,1.111394786918051,0.9973736563478652,0.09710302035847176,0.12641411278301196,0.6006872634197398,0.0,-0.2807291666666666,0.0,0.0,2.49999999975,1.4777836533006377,0.4064784869409684,weak,optimistic,1.0
adaptive n0=1.0,30032,1.1087771627120953,0.9946154322231118,0.09628787252120952,0.12187581517517904,0.5670955769316165,0.0,-0.29179687499999996,0.0,0.0,2.49999999975,1.5082611732537137,0.3759929559866897,weak,optimistic,1.0
adaptive n0=1.0,30033,1.1345130668063694,1.018931358062509,0.09997474418063693,0.12729545401342893,0.5970125945122163,0.0,-0.26953125000000006,0.0,0.0,2.49999999975,1.3950886377131486,0.4279388265184704,weak,optimistic,1.0
adaptive n0=1.0,30034,1.0879526232251993,0.9765434931381921,0.09527963732251991,0.11046640397548829,0.5040084508603085,0.0,-0.2703125,0.0,0.0,2.49999999975,1.4069962429212337,0.35821591805666525,weak,optimistic,1.0
adaptive n0=1.0,30035,1.1204419007677426,1.0054541021041432,0.09811189841010758,0.13172791385738591,0.6054013012762475,0.0,-0.27864583333333326,0.0,0.0,2.49999999975,1.4249492729886544,0.4248581424982893,weak,optimistic,1.0
adaptive n0=1.0,30036,1.124556672143615,1.0095823714549228,0.09790488596436152,0.12471637292661478,0.598573317882544,0.0,-0.29101562499999994,0.0,0.0,2.49999999975,1.5395885868313912,0.38878783786937554,weak,optimistic,1.0
adaptive n0=1.0,30037,1.0641072659508524,0.9544589295478426,0.09195109117841857,0.11753776772397265,0.5528878776265191,0.0,-0.2891927083333334,0.0,0.0,2.49999999975,1.3739132610209976,0.40241832822521195,weak,optimistic,1.0
adaptive n0=1.0,30038,1.0929983016582716,0.9804256796473628,0.09475555933249383,0.12124463429823434,0.5437880240108325,0.0,-0.2908854166666666,0.0,0.0,2.49999999975,1.480474227479326,0.3673066466929943,weak,optimistic,1.0
adaptive n0=1.0,30039,1.0494919983801996,0.9423273912705089,0.09276821025468662,0.12408762934373067,0.6016425756239987,0.0,-0.24361979166666664,0.0,0.0,2.49999999975,1.4144583380264268,0.42535192408951533,weak,optimistic,1.0
adaptive n0=1.0,30040,1.0982481283546122,0.9875165125179952,0.09707090658546122,0.12141761635277018,0.5930484019383666,0.0,-0.2550781250000001,0.0,0.0,2.49999999975,1.4603237978615962,0.40610746932070024,weak,optimistic,1.0
adaptive n0=1.0,30041,1.1279363401959144,1.0120234777874235,0.09771550901959145,0.12382297629696448,0.5711478655289584,0.0,-0.30156249999999996,0.0,0.0,2.49999999975,1.5131476079258432,0.3774568076090494,weak,optimistic,1.0
adaptive n0=1.0,30042,1.1045250482246058,0.9940621750307452,0.09873375482246058,0.11949049196771258,0.6104943597396759,0.0,-0.2343749999999999,0.0,0.0,2.49999999975,1.456702405725348,0.4190933970728822,weak,optimistic,1.0
adaptive n0=1.0,30043,1.100961288755151,0.98737922721992,0.09687998304218177,0.12191879415049484,0.5834222761737728,0.0,-0.2643229166666668,0.0,0.0,2.49999999975,1.3704574781990233,0.42571351935739954,weak,optimistic,1.0
adaptive n0=1.0,30044,1.1122532757545152,0.9980470123971373,0.09586074424211818,0.11890740887967306,0.5220380274888348,0.0,-0.3072916666666668,0.0,0.0,2.49999999975,1.4153662189739737,0.36883600900639707,weak,optimistic,1.0
adaptive n0=1.0,30045,1.1002091101356162,0.9858227318723063,0.09588679643022828,0.12077749946143672,0.5401635474255714,0.0,-0.2826822916666667,0.0,0.0,2.49999999975,1.507812432005038,0.35824319786731046,weak,optimistic,1.0
adaptive n0=1.0,30046,1.0438010500053876,0.9350041665403375,0.09191265708387207,0.12302559404194337,0.5863262161645844,0.0,-0.24934895833333331,0.0,0.0,2.49999999975,1.4442212682344486,0.4059808763800885,weak,optimistic,1.0
adaptive n0=1.0,30047,1.1103104251737659,0.9955647667923229,0.09713130293404326,0.12625398503485089,0.5907544118562328,0.0,-0.27799479166666674,0.0,0.0,2.49999999975,1.5106169655938277,0.3910683020986763,weak,optimistic,1.0
adaptive n0=1.0,30048,1.1340704512881898,1.0190880411319683,0.09981980554548564,0.12452422204983092,0.5818111028080989,0.0,-0.27174479166666676,0.0,0.0,2.49999999975,1.4195697975295452,0.40985029677344187,weak,optimistic,1.0
adaptive n0=1.0,30049,1.0921397918979712,0.9821609766805229,0.09559418752313045,0.1246721253901827,0.5895742208894708,0.0,-0.2723958333333333,0.0,0.0,2.49999999975,1.4551079420920503,0.4051755913322987,weak,optimistic,1.0
adaptive n0=0.02,30000,1.0739617742410705,0.9628896763763864,0.09316440659077373,0.1276961988039179,0.5897000128342884,0.0,-0.2846354166666667,0.0,0.0,2.49999999975,1.4690201213800658,0.40142405420580407,weak,class-errors,0.02
adaptive n0=0.02,30001,1.0615243730195665,0.9512365233466122,0.09201181230195664,0.11786532642550088,0.5509713838176759,0.0,-0.2828125,0.0,0.0,2.49999999975,1.467682262283895,0.3754023592002102,weak,class-errors,0.02
adaptive n0=0.02,30002,1.08368879912148,0.9710642191109953,0.093329817412148,0.1204911020287024,0.5679497109939539,0.0,-0.30078125,0.0,0.0,2.49999999975,1.427499578454691,0.3978633125823936,weak,class-errors,0.02
adaptive n0=0.02,30003,1.0547468067763854,0.9445509782549466,0.09203067026097186,0.1258165300553527,0.5768138466464183,0.0,-0.2688802083333333,0.0,0.0,2.49999999975,1.3531951895518761,0.4262606393372089,weak,class-errors,0.02
adaptive n0=0.02,30004,1.1149001737003612,0.9974301115816524,0.09261631945336944,0.1226381960628691,0.5644774677588825,0.0,-0.37747395833333325,0.0,0.0,2.49999999975,1.3646084860860528,0.41365525241449097,weak,class-errors,0.02
adaptive n0=0.02,30005,1.0589990164855214,0.9466326035175789,0.08997542248188548,0.12718053312483174,0.5587969746378862,0.0,-0.3184895833333333,0.0,0.0,2.49999999975,1.466984126934022,0.3809154880262847,weak,class-errors,0.02
adaptive n0=0.02,30006,0.9642023993620394,0.8629635327579666,0.08506607326953726,0.10396487838399562,0.4962342140997789,0.0,-0.2270833333333333,0.0,0.0,2.49999999975,1.4232853586116108,0.34865405668463173,weak,class-errors,0.02
adaptive n0=0.02,30007,1.0440835379323476,0.9341399117359038,0.0892651246265681,0.1211149355148964,0.582326605577261,0.0,-0.3028645833333333,0.0,0.0,2.49999999975,1.4325400173570917,0.40649936373268064,weak,class-errors,0.02
adaptive n0=0.02,30008,1.0658251485528139,0.9544730370796708,0.09154996277194806,0.12397491387472036,0.5863974619539831,0.0,-0.3006510416666666,0.0,0.0,2.49999999975,1.478230783377846,0.39668870960326624,weak,class-errors,0.02
adaptive n0=0.02,30009,1.1411596530905164,1.022940001960661,0.09265112155905164,0.12534537781593927,0.5651550223567156,0.0,-0.429296875,0.0,0.0,2.49999999975,1.3441316966677017,0.4204610483911786,weak,class-errors,0.02
adaptive n0=0.02,30010,1.0572426700263582,0.9436812350886744,0.08670082950263583,0.12499829994398926,0.5721846359369666,0.0,-0.38046874999999997,0.0,0.0,2.49999999975,1.2882958144994001,0.4441407241234447,weak,class-errors,0.02
adaptive n0=0.02,30011,1.0609811880302196,0.9491044506582671,0.08896270213635529,0.12309368967526754,0.546276978398304,0.0,-0.3427083333333333,0.0,0.0,2.49999999975,1.3181173930535093,0.4144372734000695,weak,class-errors,0.02
adaptive n0=0.02,30012,1.0085686724264524,0.9038309467318405,0.08695061724264523,0.11115985320342907,0.512594608685562,0.0,-0.27812499999999996,0.0,0.0,2.4999999997499995,1.4185025844847798,0.36136318276201346,weak,class-errors,0.02
adaptive n0=0.02,30013,1.0678870382360433,0.9551873349158295,0.08869625590693767,0.1189662141273024,0.5596668225392732,0.0,-0.3618489583333334,0.0,0.0,2.49999999975,1.3224205826769158,0.4232139380395647,weak,class-errors,0.02
adaptive n0=0.02,30014,1.0270094155770395,0.9156128202242475,0.0878311498910373,0.12330681207716106,0.5642930199475309,0.0,-0.29739583333333336,0.0,0.0,2.49999999975,1.3838214293620146,0.40777878415113705,weak,class-errors,0.02
adaptive n0=0.02,30015,1.049125327278197,0.9369747015556309,0.08932659522781969,0.12600936724675255,0.59666238878081,0.0,-0.31171875,0.0,0.0,2.49999999975,1.481879245809489,0.40263900750892706,weak,class-errors,0.02
adaptive n0=0.02,30016,1.133456618231918,1.0156026527353685,0.09640555765652513,0.12416675591827374,0.581192907015541,0.0,-0.33880208333333334,0.0,0.0,2.49999999975,1.4177456695646864,0.4099415850756886,weak,class-errors,0.02
adaptive n0=0.02,30017,1.0317854787387657,0.9246590257619803,0.09250146454054324,0.12231530115015328,0.5957205362876457,0.0,-0.21354166666666674,0.0,0.0,2.4999999997500004,1.4866389869874297,0.40071634169559334,weak,class-errors,0.02
adaptive n0=0.02,30018,1.099891509430835,0.9861026703428881,0.09561415094308352,0.11372748409295756,0.5184700441716259,0.0,-0.28749999999999987,0.0,0.0,2.49999999975,1.4274957258773104,0.36320251947023136,weak,class-errors,0.02
adaptive n0=0.02,30019,1.0897562140210268,0.9759845124135115,0.09277119431876936,0.11846417773069172,0.523462249132981,0.0,-0.32408854166666673,0.0,0.0,2.49999999975,1.3845485346399857,0.3780743224498758,weak,class-errors,0.02
adaptive n0=0.02,30020,1.048216323045731,0.9400783659763842,0.08981512188790644,0.11365973717093192,0.5392864729591965,0.0,-0.3001302083333333,0.0,0.0,2.49999999975,1.392038586159217,0.38740770429873317,weak,class-errors,0.02
adaptive n0=0.02,30021,1.0915823943344172,0.9763733301526087,0.09019339568344174,0.12176894501270505,0.5564718582322558,0.0,-0.37929687500000003,0.0,0.0,2.49999999975,1.3105256807913668,0.4246172863214918,weak,class-errors,0.02
adaptive n0=0.02,30022,1.0974754722894167,0.982595046124111,0.092182443062275,0.12956375718270524,0.6231252738636868,0.0,-0.3513020833333334,0.0,0.0,2.49999999975,1.415209565439278,0.44030600773269224,weak,class-errors,0.02
adaptive n0=0.02,30023,1.072571839733349,0.962349085825006,0.09173635064000155,0.12102063576450117,0.5543656988179946,0.0,-0.3104166666666667,0.0,0.0,2.49999999975,1.5371671274121448,0.3606411358479163,weak,class-errors,0.02
adaptive n0=0.02,30024,1.0999876591756503,0.986157532223944,0.0942630888342317,0.12437200164784455,0.5689999705457499,0.0,-0.3147135416666666,0.0,0.0,2.49999999975,1.464629905758484,0.38849402726833127,weak,class-errors,0.02
adaptive n0=0.02,30025,1.0284767760450169,0.9226066757281396,0.08985939635450169,0.12230097198550778,0.5786116083463175,0.0,-0.2597656250000001,0.0,0.0,2.49999999975,1.4817668341688521,0.3904876226163278,weak,class-errors,0.02
adaptive n0=0.02,30026,1.097797988722638,0.9839047828646136,0.09538526762226379,0.12219982875927017,0.5698988169075837,0.0,-0.2878906250000001,0.0,0.0,2.49999999975,1.474438037619442,0.38651933982096354,weak,class-errors,0.02
adaptive n0=0.02,30027,1.0650422843957352,0.9537732326426744,0.0924873013562402,0.12472084618716771,0.5914135603510285,0.0,-0.2803385416666665,0.0,0.0,2.49999999975,1.4718964225017444,0.40180378952604434,weak,class-errors,0.02
adaptive n0=0.02,30028,1.0364007283347696,0.9287148495196825,0.09209710408347697,0.1296418890162357,0.6311019914612062,0.0,-0.23085937499999987,0.0,0.0,2.49999999975,1.5066802454153307,0.41886922814683675,weak,class-errors,0.02
adaptive n0=0.02,30029,1.0019756307343346,0.8960753074380681,0.08329001099010015,0.11667281071407949,0.5491708032881525,0.0,-0.33815104166666665,0.0,0.0,2.49999999975,1.2493229499983731,0.43957473388995827,weak,class-errors,0.02
adaptive n0=0.02,30030,1.0833397144132746,0.969663910203437,0.09324282560799411,0.12310295432275231,0.555721812004188,0.0,-0.3018229166666666,0.0,0.0,2.4999999997500004,1.505200443944078,0.36920120123538475,weak,class-errors,0.02
adaptive n0=0.02,30031,1.086326483008037,0.9730595081683784,0.09275374205080372,0.12641411278301196,0.6006872634197398,0.0,-0.317578125,0.0,0.0,2.49999999975,1.4159220077408516,0.42423753577935785,weak,class-errors,0.02
adaptive n0=0.02,30032,1.0514254002899805,0.9417882371276746,0.0931763941956647,0.12187581517517904,0.5670955769316165,0.0,-0.2393229166666666,0.0,0.0,2.49999999975,1.4894902014314257,0.3807313243058785,weak,class-errors,0.02
adaptive n0=0.02,30033,1.140552457087775,1.0221717729654138,0.09472581862544416,0.12743816397242352,0.5976819007615432,0.0,-0.3865885416666667,0.0,0.0,2.4999999997500004,1.4395953453251287,0.41517354352556507,weak,class-errors,0.02
adaptive n0=0.02,30034,1.0480196527782597,0.9377258785732231,0.08880587152782597,0.11081166380306437,0.5055837159597276,0.0,-0.3199218750000001,0.0,0.0,2.4999999997500004,1.4745780825290589,0.3428666965486138,weak,class-errors,0.02
adaptive n0=0.02,30035,1.0739963173289098,0.9621324624968749,0.09504937131622432,0.13172791385738591,0.6054013012762475,0.0,-0.2470052083333334,0.0,0.0,2.49999999975,1.3739285912722263,0.44063520121934413,weak,class-errors,0.02
adaptive n0=0.02,30036,1.0361031289488165,0.9278625704271845,0.08919625039488165,0.12471637292661478,0.598573317882544,0.0,-0.28828124999999993,0.0,0.0,2.49999999975,1.3710891351792607,0.4365677639216976,weak,class-errors,0.02
adaptive n0=0.02,30037,1.0636609845532785,0.9520282676453361,0.08869031720532784,0.11753776772397265,0.5528878776265191,0.0,-0.35351562500000006,0.0,0.0,2.49999999975,1.3024021101203167,0.42451396026642113,weak,class-errors,0.02
adaptive n0=0.02,30038,0.996228655441042,0.8896915253406166,0.08449916762743752,0.12124463429823434,0.5437880240108325,0.0,-0.30247395833333335,0.0,0.0,2.49999999975,1.380528311115283,0.39389849496930934,weak,class-errors,0.02
adaptive n0=0.02,30039,1.0719496899091117,0.9617205176492297,0.0915829898242445,0.12408762934373067,0.6016425756239987,0.0,-0.3122395833333333,0.0,0.0,2.49999999975,1.5439552004573507,0.38967618713663454,weak,class-errors,0.02
adaptive n0=0.02,30040,1.0464948071114053,0.9381900322025886,0.09002057446114049,0.12141761635277018,0.5930484019383666,0.0,-0.2925781250000002,0.0,0.0,2.49999999975,1.4607598316924852,0.4059862470692673,weak,class-errors,0.02
adaptive n0=0.02,30041,1.0815347213074529,0.9686384909078107,0.09142821171407862,0.12382297629696448,0.5711478655289584,0.0,-0.3345052083333334,0.0,0.0,2.49999999975,1.43270907425842,0.3986488784016311,weak,class-errors,0.02
adaptive n0=0.02,30042,1.0457194240048446,0.9365017596471638,0.08800293198381778,0.11949049196771258,0.6104943597396759,0.0,-0.3313802083333332,0.0,0.0,2.4999999997500004,1.3162588423295634,0.46381026292609784,weak,class-errors,0.02
adaptive n0=0.02,30043,1.0494189693209321,0.9385580299708222,0.09113981359875989,0.12191879415049484,0.5834222761737728,0.0,-0.27604166666666663,0.0,0.0,2.49999999975,1.3657305473129453,0.427186956696288,weak,class-errors,0.02
adaptive n0=0.02,30044,1.0750128778239778,0.9628739973460242,0.09298956903239777,0.11890740887967306,0.5220380274888348,0.0,-0.2902343750000001,0.0,0.0,2.49999999975,1.3591649979668605,0.38408730968626903,weak,class-errors,0.02
adaptive n0=0.02,30045,1.0705153774212577,0.9573830473758308,0.09230544399212576,0.12077749946143672,0.5401635474255714,0.0,-0.294921875,0.0,0.0,2.49999999975,1.3830919444028824,0.39054782266031807,weak,class-errors,0.02
adaptive n0=0.02,30046,1.03507221946569,0.9272447242646238,0.09090956569656902,0.12302559404194337,0.5863262161645844,0.0,-0.251953125,0.0,0.0,2.49999999975,1.4152589488033622,0.4142890010766851,weak,class-errors,0.02
adaptive n0=0.02,30047,1.0715876732620293,0.9585078794490751,0.09154678815953628,0.12625398503485089,0.5907544118562328,0.0,-0.31223958333333335,0.0,0.0,2.49999999975,1.4113782300985354,0.4185656256119164,weak,class-errors,0.02
adaptive n0=0.02,30048,1.1085402034940603,0.9943004821052569,0.09730584326607271,0.12452422204983092,0.5818111028080989,0.0,-0.2709635416666667,0.0,0.0,2.4999999997499995,1.4187458323757416,0.4100883255697992,weak,class-errors,0.02
adaptive n0=0.02,30049,1.0705943564498137,0.9624720816354128,0.09466360231164803,0.1246721253901827,0.5895742208894708,0.0,-0.24791666666666673,0.0,0.0,2.4999999997500004,1.4468955852396195,0.40747530568477874,weak,class-errors,0.02
adaptive n0=0.05,30000,1.068525896872935,0.9574774015179245,0.0927705584372935,0.1276961988039179,0.5897000128342884,0.0,-0.2816406250000001,0.0,0.0,2.49999999975,1.4722490467662144,0.4005436540302476,weak,class-errors,0.05
adaptive n0=0.05,30001,1.0377092203006155,0.9292988551442983,0.0895391511967282,0.1177462448593437,0.550414727018916,0.0,-0.2846354166666667,0.0,0.0,2.4999999997500004,1.4405982940671094,0.38207370457518763,weak,class-errors,0.05
adaptive n0=0.05,30002,1.0736851067276503,0.9619085269063066,0.09249871900609835,0.1204911020287024,0.5679497109939539,0.0,-0.2973958333333334,0.0,0.0,2.49999999975,1.415986255066084,0.4010983220790146,weak,class-errors,0.05
adaptive n0=0.05,30003,1.042052293624864,0.9322562666335813,0.0878966356124864,0.1258165300553527,0.5768138466464183,0.0,-0.32617187500000006,0.0,0.0,2.49999999975,1.3876074506856053,0.4156894994772617,weak,class-errors,0.05
adaptive n0=0.05,30004,1.0861460299737251,0.9705352158653586,0.08948048841403919,0.1226381960628691,0.5644774677588825,0.0,-0.38268229166666656,0.0,0.0,2.49999999975,1.3347988512159914,0.42289328256811726,weak,class-errors,0.05
adaptive n0=0.05,30005,1.0610768137260926,0.9484265634473609,0.08988372303927591,0.12718053312483174,0.5587969746378862,0.0,-0.3244791666666667,0.0,0.0,2.49999999975,1.4398582624657763,0.3880916540222084,weak,class-errors,0.05
adaptive n0=0.05,30006,0.9673375119109079,0.8655702623171685,0.08504104285775745,0.10396487838399562,0.4962342140997789,0.0,-0.23385416666666664,0.0,0.0,2.49999999975,1.3978254895904165,0.3550044106329631,weak,class-errors,0.05
adaptive n0=0.05,30007,1.0634364190702144,0.9507949957806341,0.08913010024035478,0.12080837581073489,0.5808526513438528,0.0,-0.3442708333333334,0.0,0.0,2.49999999975,1.2884584696142865,0.45081208672386397,weak,class-errors,0.05
adaptive n0=0.05,30008,1.0433108997240452,0.9339669190611767,0.09131676705573785,0.12397491387472036,0.5863974619539831,0.0,-0.2602864583333333,0.0,0.0,2.49999999975,1.3762505606322346,0.4260833591846811,weak,class-errors,0.05
adaptive n0=0.05,30009,1.1241960327049452,1.0091781505682043,0.0964625720204945,0.12534537781593927,0.5651550223567156,0.0,-0.31914062499999996,0.0,0.0,2.49999999975,1.4685458752018166,0.38483988270305036,weak,class-errors,0.05
adaptive n0=0.05,30010,1.061212559618305,0.947475040029704,0.08713037054516384,0.12499829994398926,0.5721846359369666,0.0,-0.3798177083333334,0.0,0.0,2.49999999975,1.262070038697635,0.4533699544340818,weak,class-errors,0.05
adaptive n0=0.05,30011,1.075253148480703,0.9604466011618173,0.08861255443140366,0.12309368967526754,0.546276978398304,0.0,-0.37825520833333326,0.0,0.0,2.49999999975,1.256897975016847,0.4346231669209125,weak,class-errors,0.05
adaptive n0=0.05,30012,1.0122786438166922,0.9069891989480743,0.08698958313166921,0.11106316458384292,0.5121487456901296,0.0,-0.28476562499999997,0.0,0.0,2.49999999975,1.3950089078364662,0.36712937301914894,weak,class-errors,0.05
adaptive n0=0.05,30013,1.0349450826122975,0.9263525856293615,0.08798669576122975,0.1189662141273024,0.5596668225392732,0.0,-0.3101562500000001,0.0,0.0,2.4999999997500004,1.3618636419119425,0.4109565784086488,weak,class-errors,0.05
adaptive n0=0.05,30014,1.026783915366282,0.9154019270377843,0.08780859986996155,0.12330681207716106,0.5642930199475309,0.0,-0.2973958333333334,0.0,0.0,2.49999999975,1.3825565397633595,0.40815185760440303,weak,class-errors,0.05
adaptive n0=0.05,30015,1.0494589306657378,0.937259433574913,0.08934693473324043,0.12600936724675255,0.59666238878081,0.0,-0.3119791666666667,0.0,0.0,2.49999999975,1.4830451660277209,0.40232246626645035,weak,class-errors,0.05
adaptive n0=0.05,30016,1.120792668228397,1.0046834520122583,0.09669515223950638,0.12524048214333489,0.586218745545887,0.0,-0.30768229166666655,0.0,0.0,2.4999999997500004,1.5755163791144595,0.3720803879394636,weak,class-errors,0.05
adaptive n0=0.05,30017,1.0336103286388165,0.9261846870913611,0.09246259536388166,0.12231530115015328,0.5957205362876457,0.0,-0.21796875,0.0,0.0,2.49999999975,1.4714431545580342,0.40485460443531546,weak,class-errors,0.05
adaptive n0=0.05,30018,1.1013577830181107,0.9871954282655633,0.0954873408018111,0.11372748409295756,0.5184700441716259,0.0,-0.29296874999999983,0.0,0.0,2.49999999975,1.4291660219288103,0.3627780371323801,weak,class-errors,0.05
adaptive n0=0.05,30019,1.0853000302643356,0.9720528914101507,0.09300916969310023,0.11858554440120395,0.5239985367393538,0.0,-0.31041666666666673,0.0,0.0,2.49999999975,1.4017471622576112,0.3738181541209028,weak,class-errors,0.05
adaptive n0=0.05,30020,1.050668086919399,0.9423240466490063,0.09005378785860657,0.11375483230652936,0.5397376751311213,0.0,-0.30026041666666675,0.0,0.0,2.49999999975,1.4018867215687978,0.3850080515258191,weak,class-errors,0.05
adaptive n0=0.05,30021,1.0963089158437271,0.9805792962986722,0.09039912075103937,0.12183032643003043,0.5567523651493225,0.0,-0.38463541666666673,0.0,0.0,2.49999999975,1.3277749070283758,0.41931231129782465,weak,class-errors,0.05
adaptive n0=0.05,30022,1.0777108099720014,0.9659966224957611,0.09447029974720014,0.12956375718270524,0.6231252738636868,0.0,-0.266015625,0.0,0.0,2.49999999975,1.3888251080809617,0.44867080112391056,weak,class-errors,0.05
adaptive n0=0.05,30023,1.0718246210521156,0.9616460024786022,0.09166162877187822,0.12102003239435113,0.5543629349280782,0.0,-0.3104166666666667,0.0,0.0,2.49999999975,1.536537683113237,0.36078707409561384,weak,class-errors,0.05
adaptive n0=0.05,30024,1.0951716181211402,0.9814846447907681,0.09365127639544735,0.12435257383700353,0.5689110886137246,0.0,-0.31731770833333334,0.0,0.0,2.49999999975,1.444281478096935,0.39390596448232046,weak,class-errors,0.05
adaptive n0=0.05,30025,1.033127907533077,0.9264878464300831,0.08984273866997436,0.12241670893121039,0.5791591652398638,0.0,-0.26940104166666673,0.0,0.0,2.49999999975,1.4967233185595987,0.3869513877803608,weak,class-errors,0.05
adaptive n0=0.05,30026,1.0835629631221266,0.9711449536419066,0.09398129631221265,0.12219982875927017,0.5698988169075837,0.0,-0.28750000000000003,0.0,0.0,2.49999999975,1.4514833027716134,0.3926320170678915,weak,class-errors,0.05
adaptive n0=0.05,30027,1.0639468967093346,0.9527306455624762,0.0923842730042668,0.12472084618716771,0.5914135603510285,0.0,-0.28020833333333317,0.0,0.0,2.49999999975,1.4804936668581654,0.39947051013470314,weak,class-errors,0.05
adaptive n0=0.05,30028,1.0190705192377556,0.9120869586329143,0.08655548942377558,0.1296418890162357,0.6311019914612062,0.0,-0.3070312499999999,0.0,0.0,2.49999999975,1.3538615896829505,0.4661495652661205,weak,class-errors,0.05
adaptive n0=0.05,30029,0.9803619092107437,0.877569137013873,0.08265858675440772,0.11667281071407949,0.5491708032881525,0.0,-0.30755208333333317,0.0,0.0,2.49999999975,1.2223583600864978,0.4492715239819618,weak,class-errors,0.05
adaptive n0=0.05,30030,1.0864925409208719,0.9720708837359457,0.09150732700875384,0.12310295432275231,0.555721812004188,0.0,-0.3428385416666667,0.0,0.0,2.4999999997500004,1.4534041893801581,0.3823587520008388,weak,class-errors,0.05
adaptive n0=0.05,30031,1.0848009424351734,0.9715888015021905,0.09174832341018399,0.12641411278301196,0.6006872634197398,0.0,-0.33463541666666663,0.0,0.0,2.49999999975,1.4209062858447448,0.42274938847400795,weak,class-errors,0.05
adaptive n0=0.05,30032,1.0635950183657294,0.9522715546303357,0.09321497058657295,0.12187581517517904,0.5670955769316165,0.0,-0.26289062499999993,0.0,0.0,2.49999999975,1.4161894652666205,0.40043764682633876,weak,class-errors,0.05
adaptive n0=0.05,30033,1.1425598855558394,1.0240831994249682,0.09489400938891727,0.12743816397242352,0.5976819007615432,0.0,-0.3872395833333334,0.0,0.0,2.49999999975,1.4395072328025182,0.41519895638033055,weak,class-errors,0.05
adaptive n0=0.05,30034,1.0341622840880869,0.9252378531918095,0.08831857215880869,0.110685914621431,0.5050099790772811,0.0,-0.3019531249999999,0.0,0.0,2.49999999975,1.4499636897002566,0.3482914659619367,weak,class-errors,0.05
adaptive n0=0.05,30035,1.0897354103954702,0.9758142066404017,0.09537328062288036,0.13172791385738591,0.6054013012762475,0.0,-0.2720052083333334,0.0,0.0,2.49999999975,1.3843133925454278,0.4373296570966899,weak,class-errors,0.05
adaptive n0=0.05,30036,1.0395751490872451,0.9304984749306747,0.0879874628253912,0.12471637292661478,0.598573317882544,0.0,-0.3194010416666666,0.0,0.0,2.49999999975,1.372537773976182,0.43610699044624707,weak,class-errors,0.05
adaptive n0=0.05,30037,1.0450569766740758,0.9351886662003042,0.0865760101674076,0.11753776772397265,0.5528878776265191,0.0,-0.35859375,0.0,0.0,2.4999999997500004,1.2393912626402768,0.44609631703284836,weak,class-errors,0.05
adaptive n0=0.05,30038,1.0145830477120612,0.9053254142504028,0.08462236727120612,0.12124463429823434,0.5437880240108325,0.0,-0.33671875,0.0,0.0,2.49999999975,1.2596498592359318,0.43169776110694685,weak,class-errors,0.05
adaptive n0=0.05,30039,1.0685293151307094,0.9586457692454449,0.09136465026307092,0.12408762934373067,0.6016425756239987,0.0,-0.309765625,0.0,0.0,2.49999999975,1.5023443901968536,0.4004691464552711,weak,class-errors,0.05
adaptive n0=0.05,30040,1.0487895095656563,0.9402697220671639,0.08982686762323228,0.12141761635277018,0.5930484019383666,0.0,-0.3010416666666669,0.0,0.0,2.49999999975,1.4489886570884933,0.4092843646754287,weak,class-errors,0.05
adaptive n0=0.05,30041,1.0840150415172534,0.9708608846540354,0.09220358748505866,0.12382297629696448,0.5711478655289584,0.0,-0.3239583333333334,0.0,0.0,2.49999999975,1.4490005660717944,0.39416676494290576,weak,class-errors,0.05
adaptive n0=0.05,30042,1.0421112691980514,0.933226764729213,0.08775279358647183,0.11949049196771258,0.6104943597396759,0.0,-0.3291666666666666,0.0,0.0,2.49999999975,1.2989242505022778,0.4699999707477979,weak,class-errors,0.05
adaptive n0=0.05,30043,1.0493131486518834,0.9383020074293825,0.09111621069852167,0.12191879415049484,0.5834222761737728,0.0,-0.2763020833333334,0.0,0.0,2.49999999975,1.3840532829721712,0.42153165875298426,weak,class-errors,0.05
adaptive n0=0.05,30044,1.0731933134002447,0.9615213085470488,0.0932698521733578,0.11890740887967306,0.5220380274888348,0.0,-0.28098958333333335,0.0,0.0,2.49999999975,1.3223333909003665,0.39478548381311246,weak,class-errors,0.05
adaptive n0=0.05,30045,1.0742622095532357,0.9606708454464382,0.0924197105386569,0.12077749946143672,0.5401635474255714,0.0,-0.30013020833333326,0.0,0.0,2.49999999975,1.4238612812837839,0.3793652896710193,weak,class-errors,0.05
adaptive n0=0.05,30046,1.0335989778688015,0.9259030435330364,0.09080130403688012,0.12302559404194337,0.5863262161645844,0.0,-0.251171875,0.0,0.0,2.49999999975,1.4124241946815415,0.41512048460539364,weak,class-errors,0.05
adaptive n0=0.05,30047,1.0666587229581461,0.9540583304547782,0.09131430979581462,0.12625398503485089,0.5907544118562328,0.0,-0.30703125000000003,0.0,0.0,2.49999999975,1.3973277189162323,0.4227744170955272,weak,class-errors,0.05
adaptive n0=0.05,30048,1.0758853918808724,0.9629161300545293,0.09252994543808726,0.12452422204983092,0.5818111028080989,0.0,-0.30117187500000003,0.0,0.0,2.49999999975,1.4395416193252522,0.4041641415555653,weak,class-errors,0.05
adaptive n0=0.05,30049,1.0782443109149287,0.9690224148699128,0.09451713942482619,0.1246721253901827,0.5895742208894708,0.0,-0.2661458333333334,0.0,0.0,2.49999999975,1.4029958971283403,0.4202251924586626,weak,class-errors,0.05
adaptive n0=0.1,30000,1.0831391183043935,0.9707782264299969,0.09538422433043936,0.1276961988039179,0.5897000128342884,0.0,-0.25859375,0.0,0.0,2.49999999975,1.3974619124833696,0.4219793094656568,weak,class-errors,0.1
adaptive n0=0.1,30001,1.0324325933544145,0.9244908162478659,0.0891091447521081,0.11772126731687386,0.5502979673954005,0.0,-0.28268229166666675,0.0,0.0,2.49999999975,1.4349173898917598,0.3835049817306285,weak,class-errors,0.1
adaptive n0=0.1,30002,1.0691299807081482,0.9578637067264577,0.09218643557081481,0.1204911020287024,0.5679497109939539,0.0,-0.2945312500000001,0.0,0.0,2.49999999975,1.4053437537538698,0.40413579202731054,weak,class-errors,0.1
adaptive n0=0.1,30003,1.0375171896977007,0.928515561296409,0.08942229188643673,0.1258165300553527,0.5768138466464183,0.0,-0.28658854166666664,0.0,0.0,2.4999999997500004,1.3720818331012268,0.42039318117249885,weak,class-errors,0.1
adaptive n0=0.1,30004,1.0892242459029065,0.9733718610566684,0.08903961209029064,0.1226381960628691,0.5644774677588825,0.0,-0.3976562499999999,0.0,0.0,2.49999999975,1.3208894159394853,0.42734649922029755,weak,class-errors,0.1
adaptive n0=0.1,30005,1.0749886230394343,0.9597431705793259,0.08844938313727677,0.12718053312483174,0.5587969746378862,0.0,-0.3809895833333334,0.0,0.0,2.49999999975,1.2552183071833842,0.445179114612967,weak,class-errors,0.1
adaptive n0=0.1,30006,0.9745691638585287,0.87158427692592,0.0827629059691862,0.10313080318948833,0.4922530941765899,0.0,-0.29388020833333334,0.0,0.0,2.4999999997499995,1.2729738215644917,0.38669537883474164,weak,class-errors,0.1
adaptive n0=0.1,30007,1.064992500322671,0.9519915931943569,0.0889797187822671,0.12075704502132013,0.5806058503672894,0.0,-0.35039062499999996,0.0,0.0,2.49999999975,1.2643332519639776,0.4592189989983998,weak,class-errors,0.1
adaptive n0=0.1,30008,1.0139227312812633,0.9059270247715484,0.08622951271145966,0.12397491387472036,0.5863974619539831,0.0,-0.3032552083333332,0.0,0.0,2.49999999975,1.3914106508191568,0.4214409754652639,weak,class-errors,0.1
adaptive n0=0.1,30009,1.0835152650535163,0.9706752659364639,0.09090360983868497,0.12534537781593927,0.5651550223567156,0.0,-0.34895833333333337,0.0,0.0,2.49999999975,1.432683815512838,0.39447295784130487,weak,class-errors,0.1
adaptive n0=0.1,30010,1.0483703882202686,0.9351416683932756,0.0860219346553602,0.12499829994398926,0.5721846359369666,0.0,-0.3763020833333333,0.0,0.0,2.49999999975,1.2599637483487296,0.45412785620765234,weak,class-errors,0.1
adaptive n0=0.1,30011,1.0687975878420146,0.9552711362286008,0.08861804003420146,0.12309368967526754,0.546276978398304,0.0,-0.36523437499999994,0.0,0.0,2.49999999975,1.2913197489700183,0.4230377323927905,weak,class-errors,0.1
adaptive n0=0.1,30012,0.9838476521072381,0.8808545948771074,0.08264257771072381,0.11080298825031176,0.510948987125933,0.0,-0.3148437500000001,0.0,0.0,2.49999999975,1.3317905200085876,0.38365567215678803,weak,class-errors,0.1
adaptive n0=0.1,30013,1.0381251720502302,0.9292430363023624,0.08806381928835634,0.1189662141273024,0.5596668225392732,0.0,-0.3149739583333334,0.0,0.0,2.49999999975,1.3737325262855158,0.4074059628278412,weak,class-errors,0.1
adaptive n0=0.1,30014,1.026304404215866,0.9149366289067459,0.08766299250491992,0.12330681207716106,0.5642930199475309,0.0,-0.29934895833333336,0.0,0.0,2.49999999975,1.3805568518333793,0.4087430511812316,weak,class-errors,0.1
adaptive n0=0.1,30015,1.0499583087393742,0.937670992893651,0.0893382787906041,0.12600936724675255,0.59666238878081,0.0,-0.3131510416666667,0.0,0.0,2.49999999975,1.4814224672803507,0.4027631563305399,weak,class-errors,0.1
adaptive n0=0.1,30016,1.0971906648392753,0.9831540371194744,0.09680891023392754,0.12437167463671547,0.5821520792576784,0.0,-0.258203125,0.0,0.0,2.49999999975,1.4384290749672441,0.404713787692963,weak,class-errors,0.1
adaptive n0=0.1,30017,1.0522387827203539,0.9410621728930004,0.0879517428553687,0.12231530115015328,0.5957205362876457,0.0,-0.3454427083333334,0.0,0.0,2.49999999975,1.3860731598245288,0.4297901103308727,weak,class-errors,0.1
adaptive n0=0.1,30018,1.1140857241579838,0.9985038732847288,0.09493070783246507,0.11372748409295756,0.5184700441716259,0.0,-0.3295572916666665,0.0,0.0,2.49999999975,1.4772154001027873,0.350977957673302,weak,class-errors,0.1
adaptive n0=0.1,30019,1.0821636622911022,0.9691577488315266,0.09232443914577687,0.11823269758053659,0.5224393988304591,0.0,-0.3178385416666666,0.0,0.0,2.49999999975,1.3517459465275652,0.3864922992168228,weak,class-errors,0.1
adaptive n0=0.1,30020,1.050116242050961,0.94206207327005,0.08973167628842943,0.11336347914651417,0.537880804170487,0.0,-0.30559895833333334,0.0,0.0,2.49999999975,1.361357846052948,0.39510611095384757,weak,class-errors,0.1
adaptive n0=0.1,30021,1.0775379551623023,0.9646731954386627,0.09218738926623023,0.12227506388224854,0.5587847706730418,0.0,-0.31132812500000007,0.0,0.0,2.4999999997499995,1.452753724130794,0.38463833297510336,weak,class-errors,0.1
adaptive n0=0.1,30022,1.0558292153649012,0.9446624429324453,0.09168318195315679,0.12956375718270524,0.6231252738636868,0.0,-0.27799479166666663,0.0,0.0,2.49999999975,1.4883614480358163,0.41866528771356065,weak,class-errors,0.1
adaptive n0=0.1,30023,1.077090257412362,0.9646232921895563,0.08964912990790287,0.12084246312939954,0.5535495338991409,0.0,-0.3611979166666666,0.0,0.0,2.49999999975,1.3512949072221887,0.40964376535471,weak,class-errors,0.1
adaptive n0=0.1,30024,1.0742730768247697,0.9619423588124812,0.09120334934914363,0.12434095225329175,0.56885792004924,0.0,-0.3244791666666667,0.0,0.0,2.49999999975,1.4321091876929326,0.39721686372646353,weak,class-errors,0.1
adaptive n0=0.1,30025,1.0314020633354282,0.9246621793797589,0.08868057091687614,0.12206839101267475,0.5775112569053035,0.0,-0.2891927083333334,0.0,0.0,2.49999999975,1.4517107991780158,0.39781425972190915,weak,class-errors,0.1
adaptive n0=0.1,30026,1.086719084554519,0.9735717497146487,0.09446617928878523,0.12219982875927017,0.5698988169075837,0.0,-0.2841145833333334,0.0,0.0,2.49999999975,1.478802019332377,0.38537871159039355,weak,class-errors,0.1
adaptive n0=0.1,30027,1.0574114511029842,0.9469325771650111,0.09202369719363176,0.12442420424978766,0.5900069144718618,0.0,-0.2743489583333333,0.0,0.0,2.49999999975,1.4115441189552027,0.41798687447939875,weak,class-errors,0.1
adaptive n0=0.1,30028,1.0184974581534991,0.9115664435400992,0.08627031873201654,0.1296418890162357,0.6311019914612062,0.0,-0.3115885416666666,0.0,0.0,2.4999999997500004,1.3710129305060363,0.4603180447235231,weak,class-errors,0.1
adaptive n0=0.1,30029,1.0247581775194827,0.9178657322008306,0.08764508858528161,0.11667281071407949,0.5491708032881525,0.0,-0.29661458333333324,0.0,0.0,2.49999999975,1.3852802892824512,0.39643298727119874,weak,class-errors,0.1
adaptive n0=0.1,30030,1.0866548057087368,0.9722088752711084,0.09114594932087369,0.12310295432275231,0.555721812004188,0.0,-0.35039062500000007,0.0,0.0,2.49999999975,1.443643760076596,0.38494386729777635,weak,class-errors,0.1
adaptive n0=0.1,30031,1.0833531101122609,0.9701156689706403,0.0912454672612261,0.12641411278301196,0.6006872634197398,0.0,-0.3417968749999999,0.0,0.0,2.49999999975,1.4601692725154698,0.4113819368249826,weak,class-errors,0.1
adaptive n0=0.1,30032,1.036144698374085,0.9271214165036077,0.09066525108740849,0.12187581517517904,0.5670955769316165,0.0,-0.258984375,0.0,0.0,2.49999999975,1.3515778455022232,0.41958040287416337,weak,class-errors,0.1
adaptive n0=0.1,30033,1.1379986804298408,1.0197922545677711,0.09441184720965075,0.12743816397242352,0.5976819007615432,0.0,-0.38776041666666666,0.0,0.0,2.4999999997500004,1.4372586823983582,0.4158485233598933,weak,class-errors,0.1
adaptive n0=0.1,30034,1.0278715593609855,0.9194130777977959,0.0866478330194319,0.11049003564935621,0.5041162715452296,0.0,-0.32278645833333325,0.0,0.0,2.49999999975,1.4116219533730168,0.35711846953121057,weak,class-errors,0.1
adaptive n0=0.1,30035,1.083747450162449,0.970284609154572,0.09489167209957824,0.13172791385738591,0.6054013012762475,0.0,-0.2696614583333334,0.0,0.0,2.49999999975,1.3714315761250229,0.4414374816910718,weak,class-errors,0.1
adaptive n0=0.1,30036,1.0763879993439498,0.9647442573201004,0.09461796660106164,0.12471637292661478,0.598573317882544,0.0,-0.2604166666666667,0.0,0.0,2.49999999975,1.4000420867978403,0.42753951722379563,weak,class-errors,0.1
adaptive n0=0.1,30037,1.0524341993393924,0.9421441167674208,0.08704680535060591,0.11753776772397265,0.5528878776265191,0.0,-0.3639322916666667,0.0,0.0,2.49999999975,1.3437903772862279,0.41143908080594466,weak,class-errors,0.1
adaptive n0=0.1,30038,1.027848632586882,0.9171596265383672,0.08506350909202155,0.12116759455632377,0.5434424970581031,0.0,-0.3544270833333333,0.0,0.0,2.49999999975,1.2344203776436973,0.44024102882637456,weak,class-errors,0.1
adaptive n0=0.1,30039,1.0546623135234512,0.9461147509595563,0.08969800218567844,0.12408762934373067,0.6016425756239987,0.0,-0.3153645833333333,0.0,0.0,2.49999999975,1.4571660828462876,0.41288538259743746,weak,class-errors,0.1
adaptive n0=0.1,30040,1.0447181508116559,0.9364535007192956,0.08844967966449889,0.12141761635277018,0.5930484019383666,0.0,-0.3204427083333335,0.0,0.0,2.49999999975,1.4505235837859756,0.40885126485876616,weak,class-errors,0.1
adaptive n0=0.1,30041,1.0736577543398145,0.9614479562909325,0.09108322335064813,0.12382297629696448,0.5711478655289584,0.0,-0.32565104166666675,0.0,0.0,2.49999999975,1.4373598835365449,0.3973589857841868,weak,class-errors,0.1
adaptive n0=0.1,30042,1.0501412832978452,0.9404623603867309,0.08819772207978452,0.11949049196771258,0.6104943597396759,0.0,-0.336328125,0.0,0.0,2.49999999975,1.313872781722905,0.46465256623942214,weak,class-errors,0.1
adaptive n0=0.1,30043,1.0565821534233102,0.9449671595196207,0.09155665284233103,0.12191879415049484,0.5834222761737728,0.0,-0.2820312499999999,0.0,0.0,2.49999999975,1.4052023201500734,0.4151873846261969,weak,class-errors,0.1
adaptive n0=0.1,30044,1.0835109525232414,0.9685733622816153,0.08801906400232413,0.11890740887967306,0.5220380274888348,0.0,-0.40664062500000003,0.0,0.0,2.49999999975,1.2679450157907444,0.41171976780339303,weak,class-errors,0.1
adaptive n0=0.1,30045,1.0689710387923674,0.9555694875071847,0.09029554137923673,0.12077749946143672,0.5401635474255714,0.0,-0.33203124999999994,0.0,0.0,2.49999999975,1.4076410175261675,0.3837367203002309,weak,class-errors,0.1
adaptive n0=0.1,30046,1.0511724008621472,0.9400522878398015,0.08707036508621471,0.12272447029408141,0.5848910940742899,0.0,-0.3609374999999999,0.0,0.0,2.49999999975,1.3216590658123013,0.44254309541985515,weak,class-errors,0.1
adaptive n0=0.1,30047,1.0585248801222178,0.9466387255864963,0.0898108213455551,0.12625398503485089,0.5907544118562328,0.0,-0.32083333333333336,0.0,0.0,2.49999999975,1.3548253280734412,0.43603732497109743,weak,class-errors,0.1
adaptive n0=0.1,30048,1.0687683414487628,0.9563327728601605,0.09095886539487627,0.12452422204983092,0.5818111028080989,0.0,-0.318359375,0.0,0.0,2.49999999975,1.4512866254443093,0.40089331260113986,weak,class-errors,0.1
adaptive n0=0.1,30049,1.054729021042163,0.9469092056756265,0.09178800627088295,0.1246721253901827,0.5895742208894708,0.0,-0.27369791666666665,0.0,0.0,2.49999999975,1.3998570584628722,0.42116744515104915,weak,class-errors,0.1
adaptive n0=0.25,30000,1.0432740285417097,0.933415410707646,0.08821412160417098,0.1276961988039179,0.5897000128342884,0.0,-0.32226562500000006,0.0,0.0,2.49999999975,1.4031859297601192,0.42025792899384345,weak,class-errors,0.25
adaptive n0=0.25,30001,1.0289871098093653,0.921322401497414,0.08857579431426987,0.11765630507784508,0.5499942959441004,0.0,-0.28645833333333337,0.0,0.0,2.49999999975,1.4201423472556518,0.3872811039026719,weak,class-errors,0.25
adaptive n0=0.25,30002,1.0539309318626002,0.943948460024116,0.09013918693626002,0.1204911020287024,0.5679497109939539,0.0,-0.30507812500000014,0.0,0.0,2.49999999975,1.3959171427878476,0.4068649159646227,weak,class-errors,0.25
adaptive n0=0.25,30003,1.0466380996529496,0.9363693709506653,0.0888760495486283,0.1258165300553527,0.5768138466464183,0.0,-0.31575520833333326,0.0,0.0,2.49999999975,1.4146900451256479,0.407731607806138,weak,class-errors,0.25
adaptive n0=0.25,30004,1.074626302012022,0.9593946646165803,0.08763190103453553,0.1226381960628691,0.5644774677588825,0.0,-0.3966145833333332,0.0,0.0,2.49999999975,1.313617982819455,0.4297120434872007,weak,class-errors,0.25
adaptive n0=0.25,30005,1.0848705995953902,0.9687883399731795,0.08885164329287236,0.12718053312483174,0.5587969746378862,0.0,-0.3927083333333334,0.0,0.0,2.49999999975,1.344690389392965,0.4155580935550113,weak,class-errors,0.25
adaptive n0=0.25,30006,1.0169952765350643,0.9095932912440955,0.08464874640350643,0.10396487838399562,0.4962342140997789,0.0,-0.34101562499999993,0.0,0.0,2.4999999997500004,1.3771615256711096,0.3603311629388987,weak,class-errors,0.25
adaptive n0=0.25,30007,1.05900604535837,0.9467111053829154,0.08814018786917034,0.12105927397724103,0.5820589821487693,0.0,-0.35520833333333335,0.0,0.0,2.49999999975,1.4063793694106357,0.4138705350837803,weak,class-errors,0.25
adaptive n0=0.25,30008,0.9954194389327065,0.8889698394279404,0.08507579805993733,0.12397491387472036,0.5863974619539831,0.0,-0.28932291666666665,0.0,0.0,2.49999999975,1.391631059442906,0.42137422700864996,weak,class-errors,0.25
adaptive n0=0.25,30009,1.1043751490740352,0.9884854646511734,0.08993621282407019,0.12534537781593927,0.5651550223567156,0.0,-0.4100260416666667,0.0,0.0,2.4999999997499995,1.3937735999128735,0.4054855267685111,weak,class-errors,0.25
adaptive n0=0.25,30010,1.060413013202291,0.9459341087052611,0.08680953048689578,0.12499829994398926,0.5721846359369666,0.0,-0.3846354166666666,0.0,0.0,2.49999999975,1.3168442884395035,0.43451199276948754,weak,class-errors,0.25
adaptive n0=0.25,30011,1.0837985519997169,0.9683819694694742,0.08871839686663834,0.12309368967526754,0.546276978398304,0.0,-0.3932291666666667,0.0,0.0,2.49999999975,1.2674384410149493,0.4310086870655841,weak,class-errors,0.25
adaptive n0=0.25,30012,1.0156530946383933,0.9093768329502745,0.08515905946383932,0.11102257240216541,0.5119615618023945,0.0,-0.32812500000000006,0.0,0.0,2.49999999975,1.385145703719259,0.36960845377329254,weak,class-errors,0.25
adaptive n0=0.25,30013,1.04834848052668,0.9383299363034724,0.08781661888600131,0.1189662141273024,0.5596668225392732,0.0,-0.34036458333333336,0.0,0.0,2.49999999975,1.3853409553488378,0.40399211499406334,weak,class-errors,0.25
adaptive n0=0.25,30014,1.020071176965793,0.9093932659806898,0.08655138852991265,0.12330681207716106,0.5642930199475309,0.0,-0.30911458333333336,0.0,0.0,2.49999999975,1.3635713007048942,0.4138346265104152,weak,class-errors,0.25
adaptive n0=0.25,30015,1.062187909991446,0.9471259098146984,0.08715629099914457,0.12600936724675255,0.59666238878081,0.0,-0.3812500000000001,0.0,0.0,2.49999999975,1.3528624681145907,0.4410369884917757,weak,class-errors,0.25
adaptive n0=0.25,30016,1.0922326458271001,0.9756164769978896,0.09001102499937666,0.12352845479898712,0.5782051823196198,0.0,-0.38424479166666653,0.0,0.0,2.49999999975,1.3533189499390048,0.42724974947382505,weak,class-errors,0.25
adaptive n0=0.25,30017,1.0329641894769055,0.9247652631550947,0.08883027311435723,0.12231530115015328,0.5957205362876457,0.0,-0.28932291666666665,0.0,0.0,2.49999999975,1.387402044813629,0.42937844766379113,weak,class-errors,0.25
adaptive n0=0.25,30018,1.0898934478124538,0.9759543606585135,0.09031095936457872,0.11372748409295756,0.5184700441716259,0.0,-0.3735677083333332,0.0,0.0,2.49999999975,1.3315748163091632,0.3893660632668861,weak,class-errors,0.25
adaptive n0=0.25,30019,1.1283592354488388,1.0096167371197224,0.09157941312821721,0.1184870199554272,0.5235631829558824,0.0,-0.42513020833333337,0.0,0.0,2.49999999975,1.3877854605235638,0.377265217030275,weak,class-errors,0.25
adaptive n0=0.25,30020,1.081298484961221,0.9696586300032561,0.09111161932945545,0.11422913482041004,0.5419881196261822,0.0,-0.3403645833333333,0.0,0.0,2.49999999975,1.4510059047157438,0.37352578501902045,weak,class-errors,0.25
adaptive n0=0.25,30021,1.0583293371483697,0.9466411408591056,0.08865194413150365,0.12192819024937145,0.5571995929823034,0.0,-0.34361979166666673,0.0,0.0,2.4999999997500004,1.3552763110980395,0.41113357358903624,weak,class-errors,0.25
adaptive n0=0.25,30022,1.0229538034088308,0.9146049025426413,0.08845423450754974,0.12956375718270524,0.6231252738636868,0.0,-0.27682291666666653,0.0,0.0,2.49999999975,1.39862808276973,0.4455260705402825,weak,class-errors,0.25
adaptive n0=0.25,30023,1.0574296272261614,0.9456711509672935,0.08575598355594947,0.12079139323764229,0.553315595314587,0.0,-0.39973958333333337,0.0,0.0,2.4999999997500004,1.2980180717511116,0.42627726636203755,weak,class-errors,0.25
adaptive n0=0.25,30024,1.0448499611016937,0.9347619745764506,0.0882480169435027,0.12430537160998108,0.5686951391602333,0.0,-0.32473958333333336,0.0,0.0,2.49999999975,1.3948425006493101,0.4077127983234675,weak,class-errors,0.25
adaptive n0=0.25,30025,1.0380089410963094,0.9305879961097085,0.08875532119296425,0.12167904444712534,0.5756692401262108,0.0,-0.3009114583333334,0.0,0.0,2.49999999975,1.4013962190334446,0.41078264113146745,weak,class-errors,0.25
adaptive n0=0.25,30026,1.0830559162853428,0.9696525395586253,0.0905647062118676,0.12219982875927017,0.5698988169075837,0.0,-0.3548177083333334,0.0,0.0,2.49999999975,1.3803491837307234,0.41286568907680016,weak,class-errors,0.25
adaptive n0=0.25,30027,1.067867974739951,0.955889669954484,0.09041309955732846,0.12472084618716771,0.5914135603510285,0.0,-0.3274739583333332,0.0,0.0,2.49999999975,1.4485503382177858,0.4082796053043419,weak,class-errors,0.25
adaptive n0=0.25,30028,1.028354253882326,0.9189404259082603,0.08566094622156595,0.12917419018410067,0.6288252145135366,0.0,-0.34348958333333335,0.0,0.0,2.49999999975,1.279776327114827,0.4913555604917168,weak,class-errors,0.25
adaptive n0=0.25,30029,1.0146008788817962,0.9088141262357029,0.08597831705484629,0.11667281071407949,0.5491708032881525,0.0,-0.3096354166666665,0.0,0.0,2.4999999997500004,1.3289688124749635,0.41323076819644955,weak,class-errors,0.25
adaptive n0=0.25,30030,1.1143734953684161,0.9958589910920759,0.09033057870350827,0.12310295432275231,0.555721812004188,0.0,-0.4221354166666667,0.0,0.0,2.4999999997500004,1.3515692529346512,0.4111678412316304,weak,class-errors,0.25
adaptive n0=0.25,30031,1.083820919699252,0.970385352184242,0.09101230030325855,0.12641411278301196,0.6006872634197398,0.0,-0.3473958333333333,0.0,0.0,2.49999999975,1.4731601733493012,0.40775421049704874,weak,class-errors,0.25
adaptive n0=0.25,30032,1.0178821836074572,0.909764296445809,0.08766061419407907,0.12187581517517904,0.5670955769316165,0.0,-0.28255208333333326,0.0,0.0,2.4999999997500004,1.3959730866366948,0.40623675510672963,weak,class-errors,0.25
adaptive n0=0.25,30033,1.135766655541753,1.0177093247383808,0.0942407280541753,0.12743816397242352,0.5976819007615432,0.0,-0.38671874999999994,0.0,0.0,2.49999999975,1.434461736263286,0.41665935427352696,weak,class-errors,0.25
adaptive n0=0.25,30034,1.0211132998122079,0.9132528479271661,0.08556185081455411,0.11028052223422558,0.5031603561900246,0.0,-0.3309895833333334,0.0,0.0,2.4999999997499995,1.370611384270744,0.3671065058734641,weak,class-errors,0.25
adaptive n0=0.25,30035,1.015744047890637,0.9070036645209918,0.08612518603906369,0.13172791385738591,0.6054013012762475,0.0,-0.3089843750000001,0.0,0.0,2.49999999975,1.369485698123738,0.4420647123994626,weak,class-errors,0.25
adaptive n0=0.25,30036,1.0351390058125163,0.9258010490719575,0.08751129641458497,0.12471637292661478,0.598573317882544,0.0,-0.32005208333333324,0.0,0.0,2.49999999975,1.4603562007348403,0.4098817244596533,weak,class-errors,0.25
adaptive n0=0.25,30037,1.047254320555177,0.9377117260923069,0.08749235913885102,0.11753776772397265,0.5528878776265191,0.0,-0.34466145833333334,0.0,0.0,2.49999999975,1.4107850570960465,0.39190086033699634,weak,class-errors,0.25
adaptive n0=0.25,30038,1.0375862269738882,0.925893021054593,0.08434456019738881,0.12105981078114732,0.5429590816355331,0.0,-0.38828125,0.0,0.0,2.49999999975,1.2246358287514514,0.44336370771472056,weak,class-errors,0.25
adaptive n0=0.25,30039,1.0827124245696718,0.9700946128441443,0.0890524924569672,0.12408762934373067,0.6016425756239987,0.0,-0.38437499999999997,0.0,0.0,2.4999999997500004,1.4070235949384375,0.4275994928502409,weak,class-errors,0.25
adaptive n0=0.25,30040,1.0441688499938526,0.9356254786400268,0.0877892808327186,0.12141761635277018,0.5930484019383666,0.0,-0.3325520833333335,0.0,0.0,2.49999999975,1.471817573683436,0.40293607886076355,weak,class-errors,0.25
adaptive n0=0.25,30041,1.06836429359359,0.9566219408327105,0.08973356477602566,0.12382297629696448,0.5711478655289584,0.0,-0.3420572916666667,0.0,0.0,2.4999999997499995,1.4013622696852188,0.40756617891336017,weak,class-errors,0.25
adaptive n0=0.25,30042,1.0512431919339125,0.9414504285837347,0.08826234002672459,0.11949049196771258,0.6104943597396759,0.0,-0.3372395833333333,0.0,0.0,2.4999999997500004,1.3282629302821825,0.4596186085009386,weak,class-errors,0.25
adaptive n0=0.25,30043,1.0390241415814199,0.9292385245069956,0.08884382040814198,0.12191879415049484,0.5834222761737728,0.0,-0.3011718749999999,0.0,0.0,2.49999999975,1.3637956185943336,0.42779304187463746,weak,class-errors,0.25
adaptive n0=0.25,30044,1.0601905019908369,0.9485321366482046,0.08890967519908369,0.11890740887967306,0.5220380274888348,0.0,-0.3421875000000001,0.0,0.0,2.49999999975,1.3996221870259355,0.3729849614617185,weak,class-errors,0.25
adaptive n0=0.25,30045,1.0625590846946538,0.9485156035721584,0.08675070013613204,0.12077749946143672,0.5401635474255714,0.0,-0.3901041666666666,0.0,0.0,2.49999999975,1.3064966465450178,0.41344426627807573,weak,class-errors,0.25
adaptive n0=0.25,30046,1.0519272287793,0.9410005152203266,0.08708725412792998,0.12247590439023395,0.583706456787997,0.0,-0.36210937500000007,0.0,0.0,2.49999999975,1.2989064578475418,0.44938298155455714,weak,class-errors,0.25
adaptive n0=0.25,30047,1.0634880124840624,0.950817969300753,0.08900505124840624,0.12625398503485089,0.5907544118562328,0.0,-0.3468750000000001,0.0,0.0,2.49999999975,1.319870707906797,0.44758506141341614,weak,class-errors,0.25
adaptive n0=0.25,30048,1.0789333768236136,0.9647368039822699,0.0892344835156947,0.12452422204983092,0.5818111028080989,0.0,-0.3731770833333334,0.0,0.0,2.49999999975,1.370592471944733,0.4244960589799296,weak,class-errors,0.25
adaptive n0=0.25,30049,0.9757068179728892,0.874315811223469,0.08302641096395559,0.1246721253901827,0.5895742208894708,0.0,-0.2908854166666666,0.0,0.0,2.49999999975,1.345822561989424,0.43807723064023346,weak,class-errors,0.25
adaptive n0=0.5,30000,1.0486165304731438,0.9377946633554641,0.08771972596398107,0.1276961988039179,0.5897000128342884,0.0,-0.3428385416666667,0.0,0.0,2.49999999975,1.4157543280100149,0.4165270775920361,weak,class-errors,0.5
adaptive n0=0.5,30001,1.0586491594912042,0.9478662255156447,0.0882672596991204,0.11783415338556616,0.5508256628200634,0.0,-0.3519531250000001,0.0,0.0,2.4999999997500004,1.4605922512095058,0.37712486997238875,weak,class-errors,0.5
adaptive n0=0.5,30002,1.0393411876902063,0.9304793882779028,0.08796406668568729,0.1204911020287024,0.5679497109939539,0.0,-0.3194010416666667,0.0,0.0,2.49999999975,1.377164834738849,0.4124050343629736,weak,class-errors,0.5
adaptive n0=0.5,30003,1.0313468321643269,0.9214844942726563,0.08496411029976603,0.1258165300553527,0.5768138466464183,0.0,-0.3634114583333333,0.0,0.0,2.4999999997500004,1.3172712147213592,0.4378854105366836,weak,class-errors,0.5
adaptive n0=0.5,30004,1.0571859565962525,0.9447431996342838,0.08799724149295858,0.1226381960628691,0.5644774677588825,0.0,-0.3544270833333332,0.0,0.0,2.4999999997499995,1.4450728149185803,0.39062216237919256,weak,class-errors,0.5
adaptive n0=0.5,30005,1.0899653442846617,0.9737977947602473,0.08968012817846618,0.12718053312483174,0.5587969746378862,0.0,-0.386328125,0.0,0.0,2.4999999997500004,1.4043552670326303,0.39790285816965043,weak,class-errors,0.5
adaptive n0=0.5,30006,0.9811372778265037,0.8763755335891628,0.08129081111598371,0.1031723791459679,0.49245154015574916,0.0,-0.3364583333333332,0.0,0.0,2.4999999997499995,1.277372783684521,0.3855190485077474,weak,class-errors,0.5
adaptive n0=0.5,30007,1.0461768910126958,0.9340448214493801,0.08625831410126958,0.1208538978065556,0.5810715233532601,0.0,-0.3671875000000001,0.0,0.0,2.49999999975,1.3098535829483975,0.4436156307221032,weak,class-errors,0.5
adaptive n0=0.5,30008,0.9970753201459797,0.8904005929331005,0.0849353965979313,0.12397491387472036,0.5863974619539831,0.0,-0.2954427083333333,0.0,0.0,2.49999999975,1.383483282836849,0.4238558349267279,weak,class-errors,0.5
adaptive n0=0.5,30009,1.0732329857898453,0.9603327831216293,0.08847564232898453,0.12534537781593927,0.5651550223567156,0.0,-0.37695312499999994,0.0,0.0,2.49999999975,1.4387711791736992,0.3928039639223867,weak,class-errors,0.5
adaptive n0=0.5,30010,1.05391769519547,0.9401702532231642,0.08633577993621368,0.12499829994398926,0.5721846359369666,0.0,-0.38111979166666665,0.0,0.0,2.49999999975,1.2860773160266907,0.44490687208815655,weak,class-errors,0.5
adaptive n0=0.5,30011,1.0616141494783322,0.9485730102421157,0.08801688369783325,0.12309368967526754,0.546276978398304,0.0,-0.362890625,0.0,0.0,2.4999999997500004,1.2696721161428912,0.43025043351966075,weak,class-errors,0.5
adaptive n0=0.5,30012,1.0212623504598084,0.9136968132781855,0.08390357879598086,0.1108887112359679,0.511344283980161,0.0,-0.36445312500000004,0.0,0.0,2.49999999975,1.3526197356387006,0.3780399402044113,weak,class-errors,0.5
adaptive n0=0.5,30013,1.0554603962850415,0.9448165495662878,0.08913327921183749,0.1189662141273024,0.5596668225392732,0.0,-0.32825520833333344,0.0,0.0,2.49999999975,1.4259344010646169,0.39249128299409874,weak,class-errors,0.5
adaptive n0=0.5,30014,1.015349625051003,0.9055823727562845,0.08529147292176696,0.12330681207716106,0.5642930199475309,0.0,-0.32486979166666663,0.0,0.0,2.49999999975,1.3496160443689993,0.41811374598125867,weak,class-errors,0.5
adaptive n0=0.5,30015,1.0480478264782667,0.9354095761857858,0.08716155348115999,0.12600936724675255,0.59666238878081,0.0,-0.35286458333333337,0.0,0.0,2.49999999975,1.462303957589443,0.40802897761720286,weak,class-errors,0.5
adaptive n0=0.5,30016,1.094216540765187,0.9773944943739644,0.09011175824318537,0.1235775652222238,0.5784350556817335,0.0,-0.38619791666666664,0.0,0.0,2.49999999975,1.3582758948243763,0.42585976669822634,weak,class-errors,0.5
adaptive n0=0.5,30017,1.0208030539146509,0.9130959871534784,0.08655947205813176,0.12231530115015328,0.5957205362876457,0.0,-0.3104166666666667,0.0,0.0,2.4999999997500004,1.3578985219821729,0.4387076991718432,weak,class-errors,0.5
adaptive n0=0.5,30018,1.0816044509069076,0.9683504089489992,0.08953414300735743,0.11372748409295756,0.5184700441716259,0.0,-0.37252604166666653,0.0,0.0,2.4999999997500004,1.3531189904151777,0.38316663046207317,weak,class-errors,0.5
adaptive n0=0.5,30019,1.1270196389638378,1.008121941446239,0.09113295347971713,0.11845396441510075,0.5234171191599144,0.0,-0.43138020833333335,0.0,0.0,2.49999999975,1.383101226158594,0.3784373184409978,weak,class-errors,0.5
adaptive n0=0.5,30020,1.0814736533373286,0.9697903068626239,0.0910119486670662,0.11408861737913312,0.541321400195171,0.0,-0.3427083333333333,0.0,0.0,2.49999999975,1.4364537956051384,0.37684567498888977,weak,class-errors,0.5
adaptive n0=0.5,30021,1.0751038409173348,0.9609034119660067,0.0886171549250668,0.12178290579152161,0.5565356575903729,0.0,-0.37786458333333334,0.0,0.0,2.49999999975,1.314448897991987,0.42339847402250674,weak,class-errors,0.5
adaptive n0=0.5,30022,1.0008309316860386,0.893578946319383,0.08349455150193719,0.12956375718270524,0.6231252738636868,0.0,-0.33177083333333335,0.0,0.0,2.49999999975,1.2369070425443836,0.5037769633697654,weak,class-errors,0.5
adaptive n0=0.5,30023,1.0567912826437988,0.9450717186319608,0.08567912826437987,0.12080268752638386,0.5533673316670802,0.0,-0.3999999999999999,0.0,0.0,2.49999999975,1.30980043396766,0.42248217157083584,weak,class-errors,0.5
adaptive n0=0.5,30024,1.039203715909447,0.9294252711979163,0.08637479867427802,0.12427624202799911,0.5685618717763354,0.0,-0.3509114583333334,0.0,0.0,2.49999999975,1.3643325684383298,0.4167326097236939,weak,class-errors,0.5
adaptive n0=0.5,30025,1.0560321629341247,0.9446029023047094,0.08682066421007914,0.12133671445341167,0.5740496609435423,0.0,-0.3756510416666667,0.0,0.0,2.4999999997500004,1.3571575087720762,0.4229793942362141,weak,class-errors,0.5
adaptive n0=0.5,30026,1.047546334277218,0.936924148079994,0.08698770634438847,0.12219982875927017,0.5698988169075837,0.0,-0.35533854166666673,0.0,0.0,2.49999999975,1.2687059046245313,0.4491969453521564,weak,class-errors,0.5
adaptive n0=0.5,30027,1.0602605332529442,0.948886367207031,0.08879949082529442,0.1242070679207323,0.5889772760964497,0.0,-0.3445312499999999,0.0,0.0,2.49999999975,1.385843637827683,0.42499547569426704,weak,class-errors,0.5
adaptive n0=0.5,30028,0.9807359469261142,0.875692912650621,0.08233140719261142,0.12895048153506505,0.627736191706288,0.0,-0.31484375000000003,0.0,0.0,2.49999999975,1.2619035704803836,0.49745179139743645,weak,class-errors,0.5
adaptive n0=0.5,30029,1.0446590340232138,0.9346248961828072,0.08607397631898803,0.11667281071407949,0.5491708032881525,0.0,-0.36783854166666663,0.0,0.0,2.49999999975,1.307934599196777,0.4198763482710885,weak,class-errors,0.5
adaptive n0=0.5,30030,1.1135004699667101,0.99506641229033,0.09028233866333767,0.12310295432275231,0.555721812004188,0.0,-0.4213541666666667,0.0,0.0,2.49999999975,1.3467102681151966,0.41265135134222647,weak,class-errors,0.5
adaptive n0=0.5,30031,1.088612839779596,0.9743521666350642,0.0902675339779596,0.12641411278301196,0.6006872634197398,0.0,-0.37187499999999996,0.0,0.0,2.49999999975,1.4795426884498926,0.4059952227867626,weak,class-errors,0.5
adaptive n0=0.5,30032,1.0166927666115178,0.9084591096492939,0.08538021416115175,0.12187581517517904,0.5670955769316165,0.0,-0.3257812499999999,0.0,0.0,2.49999999975,1.3578231189886902,0.41765055330181045,weak,class-errors,0.5
adaptive n0=0.5,30033,1.1276036758928614,1.0101920591411395,0.09350255508928615,0.12725454814099565,0.5968207469617955,0.0,-0.38515625,0.0,0.0,2.49999999975,1.3912495368082347,0.42898181179704453,weak,class-errors,0.5
adaptive n0=0.5,30034,1.0316913842378146,0.9220055701496658,0.08495299259044814,0.10952045019069687,0.49969248976716063,0.0,-0.3643229166666667,0.0,0.0,2.49999999975,1.2218333833756438,0.4089694196983107,weak,class-errors,0.5
adaptive n0=0.5,30035,1.0124867315474706,0.90369758517816,0.08564971482141373,0.13172791385738591,0.6054013012762475,0.0,-0.3119791666666667,0.0,0.0,2.49999999975,1.335239805958865,0.45340267611441937,weak,class-errors,0.5
adaptive n0=0.5,30036,1.0238865691822925,0.9153503137956256,0.08609308400156257,0.12471637292661478,0.598573317882544,0.0,-0.3259114583333333,0.0,0.0,2.49999999975,1.3708871454000253,0.43663208885650473,weak,class-errors,0.5
adaptive n0=0.5,30037,1.036613507711091,0.927207618098736,0.08577723618777576,0.11753776772397265,0.5528878776265191,0.0,-0.3576822916666667,0.0,0.0,2.49999999975,1.3776157412652077,0.4013367886742821,weak,class-errors,0.5
adaptive n0=0.5,30038,1.0360005197202378,0.9243584252175892,0.08420552072202378,0.1210914604800953,0.5431010320595752,0.0,-0.387890625,0.0,0.0,2.49999999975,1.227508970152145,0.44244159942249534,weak,class-errors,0.5
adaptive n0=0.5,30039,1.0806222071452152,0.9681717643186187,0.08893461654785483,0.12408762934373067,0.6016425756239987,0.0,-0.38255208333333335,0.0,0.0,2.49999999975,1.4207092478792958,0.4234804387471085,weak,class-errors,0.5
adaptive n0=0.5,30040,1.0435109558666376,0.9350263146474576,0.0876583872533304,0.12141761635277018,0.5930484019383666,0.0,-0.33385416666666684,0.0,0.0,2.49999999975,1.4521925354979524,0.4083813870693201,weak,class-errors,0.5
adaptive n0=0.5,30041,1.0676356416835655,0.9559920694394949,0.08885340791835654,0.12382297629696448,0.5711478655289584,0.0,-0.35820312500000007,0.0,0.0,2.49999999975,1.3377531462799486,0.42694563426534865,weak,class-errors,0.5
adaptive n0=0.5,30042,1.0439386789968057,0.9355087580874415,0.08869725331634723,0.11949049196771258,0.6104943597396759,0.0,-0.3139322916666666,0.0,0.0,2.49999999975,1.4228100930072265,0.4290764893643295,weak,class-errors,0.5
adaptive n0=0.5,30043,1.0506843735840017,0.9393471444861039,0.0877377081917335,0.12191879415049484,0.5834222761737728,0.0,-0.34661458333333334,0.0,0.0,2.49999999975,1.3286895207978535,0.43909601682072313,weak,class-errors,0.5
adaptive n0=0.5,30044,1.0639758544814457,0.9511835217044874,0.08670357503147791,0.11890740887967306,0.5220380274888348,0.0,-0.3938802083333334,0.0,0.0,2.49999999975,1.2673386190597602,0.4119167676560944,weak,class-errors,0.5
adaptive n0=0.5,30045,1.054450767386432,0.9418401751828211,0.08644768090530988,0.12077749946143672,0.5401635474255714,0.0,-0.37994791666666655,0.0,0.0,2.49999999975,1.1883114676800286,0.45456394398023164,weak,class-errors,0.5
adaptive n0=0.5,30046,1.0534802317187804,0.9423368162648293,0.08716442942187803,0.12271138750323408,0.5848287429569137,0.0,-0.36367187500000003,0.0,0.0,2.49999999975,1.3204615258173495,0.4428972230712378,weak,class-errors,0.5
adaptive n0=0.5,30047,1.0689105748870302,0.9556917210722813,0.08897439082203636,0.12625398503485089,0.5907544118562328,0.0,-0.3583333333333334,0.0,0.0,2.4999999997500004,1.3250772463186067,0.44582639502526744,weak,class-errors,0.5
adaptive n0=0.5,30048,1.0785033863950135,0.96380481005887,0.08846882822283471,0.12452422204983092,0.5818111028080989,0.0,-0.38763020833333334,0.0,0.0,2.49999999975,1.315399793472785,0.44230743055847704,weak,class-errors,0.5
adaptive n0=0.5,30049,0.9828891506276591,0.8806581682975242,0.08308709214609923,0.1246721253901827,0.5895742208894708,0.0,-0.3040364583333334,0.0,0.0,2.4999999997500004,1.3396588583083624,0.44009280215856467,weak,class-errors,0.5
adaptive n0=1.0,30000,1.0483798642692332,0.9374980503676598,0.08746819476025665,0.1276961988039179,0.5897000128342884,0.0,-0.34739583333333335,0.0,0.0,2.49999999975,1.3732975701585086,0.42940439541171266,weak,class-errors,1.0
adaptive n0=1.0,30001,1.0514816142588472,0.9412870013830267,0.08770024475921806,0.11776242878323315,0.5504903801326126,0.0,-0.34895833333333337,0.0,0.0,2.49999999975,1.4442791734373341,0.3811523355435949,weak,class-errors,1.0
adaptive n0=1.0,30002,1.050987208685503,0.9403509152448088,0.08741642920188364,0.1204911020287024,0.5679497109939539,0.0,-0.3536458333333334,0.0,0.0,2.49999999975,1.2069676160025917,0.4705591960080678,weak,class-errors,1.0
adaptive n0=1.0,30003,1.025257907857738,0.9158727281583484,0.08442683245244047,0.1258165300553527,0.5768138466464183,0.0,-0.36197916666666663,0.0,0.0,2.49999999975,1.3156924256130713,0.4384108591167432,weak,class-errors,1.0
adaptive n0=1.0,30004,1.0737771632600273,0.9584698322958489,0.08744282049266941,0.1226381960628691,0.5644774677588825,0.0,-0.3986979166666665,0.0,0.0,2.49999999975,1.327947252163799,0.4250752180398018,weak,class-errors,1.0
adaptive n0=1.0,30005,1.0872615862732162,0.9710405215389953,0.08909725237732162,0.12718053312483174,0.5587969746378862,0.0,-0.39257812500000006,0.0,0.0,2.49999999975,1.4047996473881241,0.3977769895350062,weak,class-errors,1.0
adaptive n0=1.0,30006,0.9880558930003835,0.8827674742440988,0.08221704763337169,0.10367515124649804,0.49485131902392004,0.0,-0.3317708333333333,0.0,0.0,2.49999999975,1.3305688039933419,0.37190960553017466,weak,class-errors,1.0
adaptive n0=1.0,30007,1.0581170391676649,0.9457058514180912,0.08824659975009982,0.12119556876309916,0.5827142942262535,0.0,-0.35130208333333346,0.0,0.0,2.49999999975,1.4704372459975454,0.3962864078779097,weak,class-errors,1.0
adaptive n0=1.0,30008,1.0121150107648242,0.9024229994275056,0.0834575948264824,0.12397491387472036,0.5863974619539831,0.0,-0.35507812499999997,0.0,0.0,2.49999999975,1.3315218315801096,0.4403964306451577,weak,class-errors,1.0
adaptive n0=1.0,30009,1.0719638123579993,0.9587495030191678,0.08746981873579993,0.12534537781593927,0.5651550223567156,0.0,-0.39453125,0.0,0.0,2.49999999975,1.3432325677784207,0.42074249531592905,weak,class-errors,1.0
adaptive n0=1.0,30010,1.0524813734842495,0.9388825663095939,0.0862312102650916,0.12499829994398926,0.5721846359369666,0.0,-0.3803385416666667,0.0,0.0,2.49999999975,1.2895954836778403,0.44369311398729017,weak,class-errors,1.0
adaptive n0=1.0,30011,1.063596186783413,0.94981853082829,0.0869650874283413,0.12309368967526754,0.546276978398304,0.0,-0.38789062499999993,0.0,0.0,2.49999999975,1.1785782640361788,0.4635050510158865,weak,class-errors,1.0
adaptive n0=1.0,30012,1.0178078800416388,0.909789294936916,0.08264016300416388,0.11063441101634724,0.5101716221080141,0.0,-0.38281249999999994,0.0,0.0,2.4999999997499995,1.2908291427339034,0.39522784636508856,weak,class-errors,1.0
adaptive n0=1.0,30013,1.0704917494992656,0.9573201192585823,0.0879801645332599,0.1189662141273024,0.5596668225392732,0.0,-0.38138020833333347,0.0,0.0,2.4999999997500004,1.3576276233898792,0.41223882962975766,weak,class-errors,1.0
adaptive n0=1.0,30014,0.9961786244906481,0.8877645315004719,0.08289260203239815,0.12295333672996502,0.5626753990895572,0.0,-0.33450520833333336,0.0,0.0,2.49999999975,1.2568611309868223,0.4476830297455166,weak,class-errors,1.0
adaptive n0=1.0,30015,1.0482551770238533,0.9355709446387218,0.08674609061905199,0.12600936724675255,0.59666238878081,0.0,-0.36158854166666665,0.0,0.0,2.4999999997500004,1.3794662845783154,0.43253133146577905,weak,class-errors,1.0
adaptive n0=1.0,30016,1.0817299095812456,0.9661728209303653,0.08934486595812455,0.1231317837996566,0.5763484665705073,0.0,-0.37656249999999986,0.0,0.0,2.49999999975,1.3132810893034605,0.43886146786457697,weak,class-errors,1.0
adaptive n0=1.0,30017,1.01614723263409,0.9087454430620759,0.08531915034674234,0.12193853411924364,0.593885542173267,0.0,-0.3259114583333333,0.0,0.0,2.49999999975,1.2938778031584823,0.4589966229604791,weak,class-errors,1.0
adaptive n0=1.0,30018,1.081358219117662,0.968078751370813,0.08945092607843289,0.11372748409295756,0.5184700441716259,0.0,-0.37369791666666646,0.0,0.0,2.4999999997500004,1.3551428213799104,0.38259439226020464,weak,class-errors,1.0
adaptive n0=1.0,30019,1.1148517880327655,0.9976349231989684,0.09101642880327655,0.11892933721329345,0.5255176673499695,0.0,-0.40937500000000004,0.0,0.0,2.49999999975,1.4504653525794582,0.3623097004112555,weak,class-errors,1.0
adaptive n0=1.0,30020,1.0899472102448255,0.9762576140510033,0.09008847102448256,0.11380614979627099,0.5399811635354826,0.0,-0.37812499999999993,0.0,0.0,2.49999999975,1.4072012056870364,0.383727047243289,weak,class-errors,1.0
adaptive n0=1.0,30021,1.0721731345400722,0.9581417773516385,0.08834361553734058,0.12178862929110597,0.5565618134090751,0.0,-0.3774739583333334,0.0,0.0,2.49999999975,1.3160572990928723,0.42290089785049645,weak,class-errors,1.0
adaptive n0=1.0,30022,1.0022885059717632,0.8946965180653124,0.08339291309717631,0.12956375718270524,0.6231252738636868,0.0,-0.33671874999999996,0.0,0.0,2.49999999975,1.2344778184102712,0.5047683033026317,weak,class-errors,1.0
adaptive n0=1.0,30023,1.01032440523916,0.9023017683302968,0.08206759677391601,0.12075907420802119,0.5531675498070763,0.0,-0.37929687500000003,0.0,0.0,2.49999999975,1.2643024016279354,0.43752788027200545,weak,class-errors,1.0
adaptive n0=1.0,30024,1.0392168494267602,0.9288345475635365,0.08544512244267599,0.12425676811399994,0.5684727789230797,0.0,-0.36953125000000003,0.0,0.0,2.49999999975,1.3439358529493455,0.42299100636055886,weak,class-errors,1.0
adaptive n0=1.0,30025,1.0576075170972532,0.9460027300210372,0.08688705379305865,0.12136789350019278,0.5741971704695242,0.0,-0.3774739583333333,0.0,0.0,2.49999999975,1.3611867228114924,0.42183571206420256,weak,class-errors,1.0
adaptive n0=1.0,30026,1.0621826356989903,0.9504693568836056,0.08835368023656569,0.12219982875927017,0.5698988169075837,0.0,-0.3572916666666668,0.0,0.0,2.49999999975,1.275166914607866,0.4469209562913077,weak,class-errors,1.0
adaptive n0=1.0,30027,1.0620996900497124,0.9501830448865493,0.08830632317163792,0.12423261768847818,0.589098430495018,0.0,-0.3580729166666666,0.0,0.0,2.49999999975,1.3888677348390994,0.42415733026101665,weak,class-errors,1.0
adaptive n0=1.0,30028,0.996943665835692,0.8901705690063542,0.08331415825023587,0.12930812164366856,0.6294771983090058,0.0,-0.3276041666666667,0.0,0.0,2.49999999975,1.290476514134264,0.4877866364978368,weak,class-errors,1.0
adaptive n0=1.0,30029,1.038139548982855,0.9292654603813097,0.08637254864828552,0.11667281071407949,0.5491708032881525,0.0,-0.34882812499999993,0.0,0.0,2.49999999975,1.326406809802348,0.4140289383541284,weak,class-errors,1.0
adaptive n0=1.0,30030,1.106041934271569,0.9882468536485228,0.08973179759382356,0.12310295432275231,0.555721812004188,0.0,-0.4174479166666667,0.0,0.0,2.49999999975,1.3453516680645987,0.4130680662875607,weak,class-errors,1.0
adaptive n0=1.0,30031,1.1005789993432191,0.984364237456367,0.0899407124343219,0.12641411278301196,0.6006872634197398,0.0,-0.40234375,0.0,0.0,2.4999999997499995,1.3781544175464764,0.43586354023313384,weak,class-errors,1.0
adaptive n0=1.0,30032,0.9952511568808133,0.8884798009406969,0.08272824068808134,0.12187581517517904,0.5670955769316165,0.0,-0.3359375,0.0,0.0,2.49999999975,1.2334762418206344,0.4597539520457829,weak,class-errors,1.0
adaptive n0=1.0,30033,1.1249526798267142,1.0076768944339416,0.09311375756600475,0.12690050093295785,0.5951602741358911,0.0,-0.38763020833333334,0.0,0.0,2.49999999975,1.3580214725741808,0.4382554224328592,weak,class-errors,1.0
adaptive n0=1.0,30034,1.0123572557559517,0.9044694445398144,0.08363806932559516,0.10979134888293517,0.5009284784958732,0.0,-0.35195312500000003,0.0,0.0,2.49999999975,1.2748596276895403,0.39292834098426843,weak,class-errors,1.0
adaptive n0=1.0,30035,1.0088007422813576,0.9000784499407511,0.08384882422813576,0.13172791385738591,0.6054013012762475,0.0,-0.34062500000000007,0.0,0.0,2.4999999997499995,1.30761786259157,0.46298029309296956,weak,class-errors,1.0
adaptive n0=1.0,30036,1.0287906636349515,0.9190519611947692,0.08555484761349516,0.12471637292661478,0.598573317882544,0.0,-0.34648437499999996,0.0,0.0,2.49999999975,1.2262812270374144,0.4881207545912152,weak,class-errors,1.0
adaptive n0=1.0,30037,1.029642569434467,0.9207357451754923,0.08503456944344669,0.11753776772397265,0.5528878776265191,0.0,-0.35859375000000004,0.0,0.0,2.49999999975,1.3415611705133927,0.41212274906178026,weak,class-errors,1.0
adaptive n0=1.0,30038,1.0332113001515975,0.9223935629365546,0.08446696334849309,0.12124463429823434,0.5437880240108325,0.0,-0.3770833333333334,0.0,0.0,2.49999999975,1.3359869050827102,0.4070309536283717,weak,class-errors,1.0
adaptive n0=1.0,30039,1.0582699909031013,0.9489203664049197,0.08876970742364346,0.12408762934373067,0.6016425756239987,0.0,-0.3411458333333334,0.0,0.0,2.4999999997500004,1.4737763134904593,0.40823194817067027,weak,class-errors,1.0
adaptive n0=1.0,30040,1.0420479233832773,0.9333699106537159,0.08694567775499439,0.12141761635277018,0.5930484019383666,0.0,-0.34518229166666675,0.0,0.0,2.49999999975,1.3979617063988794,0.424223638761928,weak,class-errors,1.0
adaptive n0=1.0,30041,1.079496543860007,0.9656244274077654,0.08828168563600071,0.12382297629696448,0.5711478655289584,0.0,-0.3933593750000001,0.0,0.0,2.49999999975,1.2768799461861429,0.44729958147975857,weak,class-errors,1.0
adaptive n0=1.0,30042,1.0555068407221584,0.9452933078508605,0.08855198615554917,0.11949049196771258,0.6104943597396759,0.0,-0.3399739583333332,0.0,0.0,2.49999999975,1.3536913279698073,0.4509849085428228,weak,class-errors,1.0
adaptive n0=1.0,30043,1.0614379968802838,0.9488115465752788,0.08821411218802837,0.12191879415049484,0.5834222761737728,0.0,-0.35859374999999993,0.0,0.0,2.49999999975,1.3277881460986292,0.43939409904208904,weak,class-errors,1.0
adaptive n0=1.0,30044,1.0542222023094463,0.9420485728054587,0.08563055356427794,0.11890740887967306,0.5220380274888348,0.0,-0.39583333333333354,0.0,0.0,2.49999999975,1.2493670636907903,0.41784199588763576,weak,class-errors,1.0
adaptive n0=1.0,30045,1.0616031701077984,0.9483629909570175,0.08702620242744649,0.12077749946143672,0.5401635474255714,0.0,-0.3826822916666667,0.0,0.0,2.49999999975,1.1891291922728797,0.45425135547560874,weak,class-errors,1.0
adaptive n0=1.0,30046,1.0518379887959257,0.9408233456573496,0.08700020512959257,0.12270550924974001,0.5848007278584646,0.0,-0.363671875,0.0,0.0,2.49999999975,1.3199234568577802,0.44305654605960687,weak,class-errors,1.0
adaptive n0=1.0,30047,1.0585912483356088,0.9458498676166249,0.08779271858356089,0.12625398503485089,0.5907544118562328,0.0,-0.361328125,0.0,0.0,2.49999999975,1.312516164121479,0.4500930563789658,weak,class-errors,1.0
adaptive n0=1.0,30048,1.0602230129276122,0.9479987871593243,0.08796240545942789,0.12452422204983092,0.5818111028080989,0.0,-0.3611979166666666,0.0,0.0,2.4999999997500004,1.3931134762718163,0.41763367645047406,weak,class-errors,1.0
adaptive n0=1.0,30049,1.0054073861995307,0.9002321296607201,0.08365922820328642,0.1246721253901827,0.5895742208894708,0.0,-0.3376302083333333,0.0,0.0,2.4999999997500004,1.3779785748801692,0.4278544177950959,weak,class-errors,1.0
adaptive n0=0.02,30000,1.1321572801678172,1.0177161988351509,0.10031859260011507,0.1276961988039179,0.5897000128342884,0.0,-0.25794270833333327,0.0,0.0,2.49999999975,1.4452003480192115,0.4080403202521574,weak,dispersion,0.02
adaptive n0=0.02,30001,1.1133326373056396,1.0006616009811378,0.09766789914723062,0.11790248998018421,0.5511451079804337,0.0,-0.2733072916666668,0.0,0.0,2.49999999975,1.4761347588906466,0.37337045595663193,weak,dispersion,0.02
adaptive n0=0.02,30002,1.1159635718255807,1.0020529280660546,0.09862760718255806,0.1204911020287024,0.5679497109939539,0.0,-0.2593750000000001,0.0,0.0,2.49999999975,1.4724519884719414,0.3857169642477457,weak,dispersion,0.02
adaptive n0=0.02,30003,1.1082080967222705,0.9952543263369238,0.09714893467222704,0.1258165300553527,0.5768138466464183,0.0,-0.27343749999999994,0.0,0.0,2.49999999975,1.4107731748601022,0.40886363373305384,weak,dispersion,0.02
adaptive n0=0.02,30004,1.1015686488169576,0.9883268620014336,0.0961790002983624,0.1226381960628691,0.5644774677588825,0.0,-0.2795572916666666,0.0,0.0,2.49999999975,1.4820637437027773,0.38087259752309716,weak,dispersion,0.02
adaptive n0=0.02,30005,1.1229968017735303,1.0075690309170262,0.09819811767735305,0.12718053312483174,0.5587969746378862,0.0,-0.28203125,0.0,0.0,2.49999999975,1.4487494220931072,0.38570988613790375,weak,dispersion,0.02
adaptive n0=0.02,30006,1.0148399292304724,0.9080384864904847,0.0852209720897139,0.10396487838399562,0.4962342140997789,0.0,-0.32526041666666666,0.0,0.0,2.49999999975,1.457780950768897,0.34040382667783076,weak,dispersion,0.02
adaptive n0=0.02,30007,1.0955285690125045,0.9821283921220426,0.0952690027345838,0.12109251835663692,0.5822188227706201,0.0,-0.2856770833333333,0.0,0.0,2.49999999975,1.4220040636287206,0.4094354141892488,weak,dispersion,0.02
adaptive n0=0.02,30008,1.096398523017335,0.9817314670073477,0.09208776896840018,0.12397491387472036,0.5863974619539831,0.0,-0.3510416666666667,0.0,0.0,2.49999999975,1.407099000285669,0.4167421495111096,weak,dispersion,0.02
adaptive n0=0.02,30009,1.1483824173027155,1.0332827797377782,0.10063902298027154,0.12534537781593927,0.5651550223567156,0.0,-0.283984375,0.0,0.0,2.49999999975,1.4466405702596683,0.3906672009449256,weak,dispersion,0.02
adaptive n0=0.02,30010,1.0368335797675265,0.9273831399359191,0.09030445172675268,0.12499829994398926,0.5721846359369666,0.0,-0.26757812499999994,0.0,0.0,2.49999999975,1.388639494128907,0.4120469267625848,weak,dispersion,0.02
adaptive n0=0.02,30011,1.1193548877211135,1.0051971050809794,0.09881699918877802,0.12309368967526754,0.546276978398304,0.0,-0.26236979166666663,0.0,0.0,2.49999999975,1.4285802811317938,0.38239151527803233,weak,dispersion,0.02
adaptive n0=0.02,30012,1.0517337964268372,0.9450731691941016,0.09294030672601705,0.11111641584029441,0.5123943047312414,0.0,-0.24466145833333341,0.0,0.0,2.49999999975,1.4079480500596033,0.36392983726178674,weak,dispersion,0.02
adaptive n0=0.02,30013,1.061699304592325,0.9508437362949357,0.09170378462589919,0.1189662141273024,0.5596668225392732,0.0,-0.2893229166666667,0.0,0.0,2.49999999975,1.4765857861092813,0.3790276378143685,weak,dispersion,0.02
adaptive n0=0.02,30014,1.0495547596761423,0.9371067936088582,0.09022891346761423,0.12330681207716106,0.5642930199475309,0.0,-0.29453125,0.0,0.0,2.49999999975,1.4229564665585697,0.39656379742401926,weak,dispersion,0.02
adaptive n0=0.02,30015,1.0815720642509692,0.9686648955232499,0.09488246684176357,0.12600936724675255,0.59666238878081,0.0,-0.2654947916666668,0.0,0.0,2.49999999975,1.4813276513024074,0.40278893616561784,weak,dispersion,0.02
adaptive n0=0.02,30016,1.099515809175583,0.9854237518946224,0.09614298716755831,0.12492897545269363,0.5847606621986201,0.0,-0.27617187499999996,0.0,0.0,2.49999999975,1.494680054846934,0.39122798240490597,weak,dispersion,0.02
adaptive n0=0.02,30017,1.0841605564392145,0.9712797546634638,0.09199027439392146,0.12231530115015328,0.5957205362876457,0.0,-0.3285156250000001,0.0,0.0,2.49999999975,1.3525153691434304,0.4404538017670919,weak,dispersion,0.02
adaptive n0=0.02,30018,1.1311799313327056,1.0167710196401951,0.09956981604993721,0.11372748409295756,0.5184700441716259,0.0,-0.2709635416666666,0.0,0.0,2.49999999975,1.4589740888440548,0.3553661769157324,weak,dispersion,0.02
adaptive n0=0.02,30019,1.1109735443869229,0.9968090240209075,0.09718459402202562,0.1188176236584875,0.5250240343397418,0.0,-0.27825520833333334,0.0,0.0,2.49999999975,1.4346346486404082,0.36596358162498227,weak,dispersion,0.02
adaptive n0=0.02,30020,1.1361315446119917,1.0234631345993868,0.10129544612786583,0.1144203056330592,0.5428951763892228,0.0,-0.2463541666666667,0.0,0.0,2.49999999975,1.482500132085466,0.36620244723049034,weak,dispersion,0.02
adaptive n0=0.02,30021,1.0610555133536768,0.9511068070264825,0.09317586383536768,0.12230946225515685,0.5589419677850842,0.0,-0.25859375000000007,0.0,0.0,2.49999999975,1.4624202542035005,0.3822033824945272,weak,dispersion,0.02
adaptive n0=0.02,30022,1.1178827772858952,1.002284521646555,0.09490676731192285,0.12956375718270524,0.6231252738636868,0.0,-0.33763020833333335,0.0,0.0,2.49999999975,1.4676847300434792,0.42456343730252416,weak,dispersion,0.02
adaptive n0=0.02,30023,1.0808340523255802,0.9681504275710888,0.08792064481589132,0.12079955049977126,0.5533529617214976,0.0,-0.40325520833333345,0.0,0.0,2.49999999975,1.3065278433090324,0.42352940624673185,weak,dispersion,0.02
adaptive n0=0.02,30024,1.1118141523061726,0.9982403403524316,0.09692360273061726,0.12439502085108212,0.5691052830420563,0.0,-0.28515625000000006,0.0,0.0,2.49999999975,1.48873990949155,0.3822731421477262,weak,dispersion,0.02
adaptive n0=0.02,30025,1.089967685600826,0.9806951707282738,0.09676369564341596,0.12250857195614401,0.5795937734996469,0.0,-0.24466145833333336,0.0,0.0,2.4999999997500004,1.5085946176522944,0.3841945123744525,weak,dispersion,0.02
adaptive n0=0.02,30026,1.086254009340322,0.9725900610901842,0.09076081760069885,0.12219982875927017,0.5698988169075837,0.0,-0.3572916666666667,0.0,0.0,2.49999999975,1.3621874548328377,0.41837033140018126,weak,dispersion,0.02
adaptive n0=0.02,30027,1.0506229231323332,0.9410611273227214,0.09193078189656664,0.12437907594141788,0.5897929206260732,0.0,-0.2626302083333333,0.0,0.0,2.4999999997500004,1.4062026855680723,0.41942241092208626,weak,dispersion,0.02
adaptive n0=0.02,30028,1.0629400613254667,0.9536206880392949,0.09287603738254666,0.1296418890162357,0.6311019914612062,0.0,-0.268359375,0.0,0.0,2.49999999975,1.4066991949227772,0.44864033031301437,weak,dispersion,0.02
adaptive n0=0.02,30029,1.000357385191303,0.8958980149680351,0.086702405185797,0.11667281071407949,0.5491708032881525,0.0,-0.2666666666666666,0.0,0.0,2.49999999975,1.3874379651282849,0.3958164740269128,weak,dispersion,0.02
adaptive n0=0.02,30030,1.0743139284837255,0.9594483288697144,0.08852514284837255,0.12310295432275231,0.555721812004188,0.0,-0.378125,0.0,0.0,2.49999999975,1.2375201953274102,0.4490608024842463,weak,dispersion,0.02
adaptive n0=0.02,30031,1.139341861735799,1.0231707301815158,0.0994875715902466,0.12641411278301196,0.6006872634197398,0.0,-0.28893229166666656,0.0,0.0,2.49999999975,1.5574769867069347,0.3856797041282826,weak,dispersion,0.02
adaptive n0=0.02,30032,1.0819561346054143,0.9696311588649064,0.09439353012720808,0.12187581517517904,0.5670955769316165,0.0,-0.2760416666666667,0.0,0.0,2.49999999975,1.4486783060888195,0.3914572162419387,weak,dispersion,0.02
adaptive n0=0.02,30033,1.1484889378497447,1.031979539701862,0.10149602920164114,0.12743816397242352,0.5976819007615432,0.0,-0.2670572916666667,0.0,0.0,2.49999999975,1.4902533189662384,0.40106060704910507,weak,dispersion,0.02
adaptive n0=0.02,30034,1.0894450108265092,0.9779558651571805,0.09511637608265093,0.11051172048367214,0.5042152096780683,0.0,-0.27656249999999993,0.0,0.0,2.4999999997500004,1.4158665856111547,0.35611774075480795,weak,dispersion,0.02
adaptive n0=0.02,30035,1.1326548267805845,1.017052296941378,0.0997954305947251,0.13172791385738591,0.6054013012762475,0.0,-0.2694010416666666,0.0,0.0,2.49999999975,1.4021399152291574,0.43176953647832234,weak,dispersion,0.02
adaptive n0=0.02,30036,1.11724203913719,1.0042755125307585,0.09869686016371901,0.12471637292661478,0.598573317882544,0.0,-0.26054687499999996,0.0,0.0,2.49999999975,1.5038792369673657,0.3980195371867702,weak,dispersion,0.02
adaptive n0=0.02,30037,1.0611385169102656,0.9506805169882189,0.08892635169102656,0.11753776772397265,0.5528878776265191,0.0,-0.34375,0.0,0.0,2.49999999975,1.2811325830061746,0.43156179536794625,weak,dispersion,0.02
adaptive n0=0.02,30038,1.0961986967207107,0.9833940220291895,0.09487377592207107,0.12124463429823434,0.5437880240108325,0.0,-0.294921875,0.0,0.0,2.4999999997500004,1.4838615722099922,0.36646816266084764,weak,dispersion,0.02
adaptive n0=0.02,30039,1.0255475427716587,0.9205794537334122,0.09079694177716588,0.12408762934373067,0.6016425756239987,0.0,-0.23515624999999996,0.0,0.0,2.49999999975,1.316137513175108,0.4571274426883933,weak,dispersion,0.02
adaptive n0=0.02,30040,1.0729038064909555,0.9649319546342495,0.09603387023242885,0.12141761635277018,0.5930484019383666,0.0,-0.22513020833333347,0.0,0.0,2.49999999975,1.4862628300250245,0.39901987048171106,weak,dispersion,0.02
adaptive n0=0.02,30041,1.1021092318453083,0.9890198563305848,0.09525649610119749,0.12382297629696448,0.5711478655289584,0.0,-0.29908854166666676,0.0,0.0,2.49999999975,1.4865467754513537,0.3842111630530719,weak,dispersion,0.02
adaptive n0=0.02,30042,1.1052789306427115,0.9946760839264073,0.09901747639760447,0.11949049196771258,0.6104943597396759,0.0,-0.2302083333333333,0.0,0.0,2.49999999975,1.4573586526402647,0.4189046798011297,weak,dispersion,0.02
adaptive n0=0.02,30043,1.1036089792464743,0.9892643760244139,0.09699501250798077,0.12191879415049484,0.5834222761737728,0.0,-0.2673177083333333,0.0,0.0,2.49999999975,1.4116084597801155,0.4133031876733381,weak,dispersion,0.02
adaptive n0=0.02,30044,1.0929268471417586,0.9797503975546173,0.09305570554750921,0.11890740887967306,0.5220380274888348,0.0,-0.3247395833333333,0.0,0.0,2.49999999975,1.4074666304165073,0.37090614882595807,weak,dispersion,0.02
adaptive n0=0.02,30045,1.0881294741936909,0.9754601556548846,0.0964106036693691,0.12077749946143672,0.5401635474255714,0.0,-0.24804687499999994,0.0,0.0,2.49999999975,1.4963071911004282,0.36099776211615964,weak,dispersion,0.02
adaptive n0=0.02,30046,0.9733318730151539,0.8703280832733609,0.08470948938484872,0.12302559404194337,0.5863262161645844,0.0,-0.25247395833333325,0.0,0.0,2.49999999975,1.4041154535839002,0.41757692693149295,weak,dispersion,0.02
adaptive n0=0.02,30047,1.1140376652462138,0.9993785790397162,0.0983503811079547,0.12625398503485089,0.5907544118562328,0.0,-0.2610677083333334,0.0,0.0,2.49999999975,1.5123693940826137,0.3906151593437778,weak,dispersion,0.02
adaptive n0=0.02,30048,1.1462010633008541,1.0298938497375805,0.10076593966341876,0.12452422204983092,0.5818111028080989,0.0,-0.2770833333333333,0.0,0.0,2.49999999975,1.4602176262871858,0.3984413640365633,weak,dispersion,0.02
adaptive n0=0.02,30049,1.0763328612674354,0.9683262544341247,0.09547182779341021,0.1246721253901827,0.5895742208894708,0.0,-0.24322916666666666,0.0,0.0,2.49999999975,1.4480854223691568,0.40714049860738954,weak,dispersion,0.02
adaptive n0=0.05,30000,1.131760954516942,1.01736068904324,0.10031802253502756,0.1276961988039179,0.5897000128342884,0.0,-0.2571614583333332,0.0,0.0,2.49999999975,1.4479827510980452,0.40725624140695227,weak,dispersion,0.05
adaptive n0=0.05,30001,1.1152365227429069,1.0024258743085608,0.09774110019095736,0.11791295791316422,0.5511940412137656,0.0,-0.27565104166666676,0.0,0.0,2.49999999975,1.4785155905615022,0.37280231925348606,weak,dispersion,0.05
adaptive n0=0.05,30002,1.1176153746419157,1.0034485347940638,0.0986300270475249,0.1204911020287024,0.5679497109939539,0.0,-0.2626302083333334,0.0,0.0,2.49999999975,1.4710626823790112,0.3860812443936531,weak,dispersion,0.05
adaptive n0=0.05,30003,1.1078734715612153,0.9949500714992017,0.09713500340612151,0.1258165300553527,0.5768138466464183,0.0,-0.2730468749999999,0.0,0.0,2.49999999975,1.4106006258531592,0.4089136471902172,weak,dispersion,0.05
adaptive n0=0.05,30004,1.1016372457310024,0.9883916770133611,0.09631606832310022,0.1226381960628691,0.5644774677588825,0.0,-0.27695312499999986,0.0,0.0,2.49999999975,1.481565859703027,0.3810005907344743,weak,dispersion,0.05
adaptive n0=0.05,30005,1.1011786448291394,0.987917886339943,0.09608791656624727,0.12718053312483174,0.5587969746378862,0.0,-0.2805989583333333,0.0,0.0,2.49999999975,1.4526316327869986,0.38467906248591477,weak,dispersion,0.05
adaptive n0=0.05,30006,1.0202336241001675,0.9131823215930392,0.0853697165766834,0.10396487838399562,0.4962342140997789,0.0,-0.3330729166666667,0.0,0.0,2.4999999997500004,1.427213178589037,0.3476945291314946,weak,dispersion,0.05
adaptive n0=0.05,30007,1.0868277773775286,0.9750553848785317,0.09478303815441953,0.1212319010748888,0.5828889817799172,0.0,-0.27799479166666663,0.0,0.0,2.4999999997500004,1.4875132531983533,0.3918546476991903,weak,dispersion,0.05
adaptive n0=0.05,30008,1.0926890512515517,0.9786915293453105,0.09228973845848852,0.12397491387472036,0.5863974619539831,0.0,-0.3395833333333333,0.0,0.0,2.49999999975,1.4228200414478218,0.41213747689221575,weak,dispersion,0.05
adaptive n0=0.05,30009,1.1578957051001413,1.0414985657518334,0.1007179559266808,0.12534537781593927,0.5651550223567156,0.0,-0.30143229166666663,0.0,0.0,2.49999999975,1.5389440620700299,0.3672355846362128,weak,dispersion,0.05
adaptive n0=0.05,30010,1.0406616101850605,0.9307040842338005,0.09040079643517271,0.12499829994398926,0.5721846359369666,0.0,-0.2733072916666666,0.0,0.0,2.49999999975,1.386990174183806,0.41253690659609515,weak,dispersion,0.05
adaptive n0=0.05,30011,1.1238939336802003,1.0092369418799374,0.09902350795135337,0.12309368967526754,0.546276978398304,0.0,-0.26731770833333335,0.0,0.0,2.4999999997499995,1.4306028162416355,0.3818509038262897,weak,dispersion,0.05
adaptive n0=0.05,30012,1.0622190063293624,0.9542367178535046,0.09341591104960292,0.1113434895410519,0.513441416178659,0.0,-0.2561197916666667,0.0,0.0,2.49999999975,1.4631230657313066,0.35092155144313014,weak,dispersion,0.05
adaptive n0=0.05,30013,1.0816558469658446,0.9695332799378574,0.09388824094658448,0.1189662141273024,0.5596668225392732,0.0,-0.28554687500000003,0.0,0.0,2.49999999975,1.5078919522066343,0.37115843858723585,weak,dispersion,0.05
adaptive n0=0.05,30014,1.0507095778750606,0.9383170598633979,0.0911972598708394,0.12330681207716106,0.5642930199475309,0.0,-0.2774739583333334,0.0,0.0,2.4999999997500004,1.4414659621500672,0.3914716231702347,weak,dispersion,0.05
adaptive n0=0.05,30015,1.0698178091358257,0.9580476227921667,0.09421485383024926,0.12600936724675255,0.59666238878081,0.0,-0.2553385416666667,0.0,0.0,2.4999999997500004,1.5029492058500105,0.3969943804211006,weak,dispersion,0.05
adaptive n0=0.05,30016,1.1052917342453523,0.990630050274844,0.09664245467453524,0.12478017521773467,0.5840641662607113,0.0,-0.2777343749999999,0.0,0.0,2.49999999975,1.4796609506525762,0.3947283774726372,weak,dispersion,0.05
adaptive n0=0.05,30017,1.0884302018607461,0.9753149462390707,0.09233260351940795,0.12231530115015328,0.5957205362876457,0.0,-0.3302083333333333,0.0,0.0,2.49999999975,1.4259860866125718,0.4177604128682483,weak,dispersion,0.05
adaptive n0=0.05,30018,1.1284876201760596,1.0144608215328592,0.09954798076760599,0.11372748409295756,0.5184700441716259,0.0,-0.2660156249999999,0.0,0.0,2.49999999975,1.4575453860484813,0.3557145109403683,weak,dispersion,0.05
adaptive n0=0.05,30019,1.067298761835938,0.9568655435521517,0.09385227201692713,0.1184365403577978,0.5233401268032413,0.0,-0.2575520833333333,0.0,0.0,2.49999999975,1.3806320979220168,0.3790583513094605,weak,dispersion,0.05
adaptive n0=0.05,30020,1.1368930337381005,1.0240949485638102,0.10131300129047674,0.11444934393758868,0.5430329557402948,0.0,-0.24752604166666664,0.0,0.0,2.49999999975,1.5002118368126478,0.361970851325919,weak,dispersion,0.05
adaptive n0=0.05,30021,1.062013674589105,0.9519181316923607,0.0931740237089105,0.12219688935054929,0.5584275209086081,0.0,-0.26054687500000007,0.0,0.0,2.49999999975,1.430785346044854,0.3902944089078627,weak,dispersion,0.05
adaptive n0=0.05,30022,1.1071848191327278,0.9931234269491129,0.09495676316327277,0.12956375718270524,0.6231252738636868,0.0,-0.315234375,0.0,0.0,2.4999999997500004,1.479839329768713,0.4210763028990967,weak,dispersion,0.05
adaptive n0=0.05,30023,1.0822566837644503,0.9694229355124525,0.08804988712644503,0.12085769809580692,0.553619321524578,0.0,-0.4035156250000001,0.0,0.0,2.49999999975,1.367188240275682,0.4049327702035715,weak,dispersion,0.05
adaptive n0=0.05,30024,1.1119215368335682,0.9983386609970648,0.09692783076669015,0.12439505966718536,0.5691054606251241,0.0,-0.2852864583333333,0.0,0.0,2.49999999975,1.488780564955842,0.38226282235354414,weak,dispersion,0.05
adaptive n0=0.05,30025,1.0903718651819077,0.9810416646340744,0.09676505110152411,0.12253387754721225,0.5797134954324366,0.0,-0.24544270833333337,0.0,0.0,2.49999999975,1.5118648152155143,0.3834426792648119,weak,dispersion,0.05
adaptive n0=0.05,30026,1.0743885691815969,0.9615644657770268,0.08998442983482637,0.12219982875927017,0.5698988169075837,0.0,-0.34908854166666675,0.0,0.0,2.49999999975,1.3024444458947633,0.43756094066343865,weak,dispersion,0.05
adaptive n0=0.05,30027,1.0496515816697571,0.9402256479407336,0.09191828316697571,0.12433541520749151,0.5895858858689471,0.0,-0.2609375,0.0,0.0,2.49999999975,1.40103495581429,0.4208216814449688,weak,dispersion,0.05
adaptive n0=0.05,30028,1.0868841026098324,0.9758401980353806,0.09413111859431655,0.1296418890162357,0.6311019914612062,0.0,-0.2911458333333332,0.0,0.0,2.49999999975,1.540226941302485,0.4097461059391144,weak,dispersion,0.05
adaptive n0=0.05,30029,1.004973335204201,0.9002236277997825,0.08737233352042009,0.11667281071407949,0.5491708032881525,0.0,-0.26249999999999996,0.0,0.0,2.49999999975,1.3769637946368751,0.3988273369475024,weak,dispersion,0.05
adaptive n0=0.05,30030,1.083535348992482,0.9678311495645624,0.08921942031591487,0.12310295432275231,0.555721812004188,0.0,-0.3826822916666667,0.0,0.0,2.49999999975,1.2610721739776238,0.4406740735951316,weak,dispersion,0.05
adaptive n0=0.05,30031,1.1415030098873244,1.0251173267728109,0.09950186348873244,0.12641411278301196,0.6006872634197398,0.0,-0.29296875,0.0,0.0,2.49999999975,1.5618166769564357,0.3846080479754635,weak,dispersion,0.05
adaptive n0=0.05,30032,1.0951640928315924,0.9820226524016819,0.09566224261649259,0.12187581517517904,0.5670955769316165,0.0,-0.27708333333333335,0.0,0.0,2.49999999975,1.4739543060362283,0.3847443401801615,weak,dispersion,0.05
adaptive n0=0.05,30033,1.1481370785515301,1.0316651022437786,0.10148688493848634,0.12743816397242352,0.5976819007615432,0.0,-0.26653645833333334,0.0,0.0,2.49999999975,1.490166071817705,0.4010840885891937,weak,dispersion,0.05
adaptive n0=0.05,30034,1.0917277122421907,0.9800194931963639,0.09514933372421909,0.1106409148643079,0.5048046654519571,0.0,-0.28046875000000004,0.0,0.0,2.4999999997500004,1.4411553484876765,0.3502777587313473,weak,dispersion,0.05
adaptive n0=0.05,30035,1.13231514851069,1.0167493470485989,0.09976797318440234,0.13172791385738591,0.6054013012762475,0.0,-0.26927083333333324,0.0,0.0,2.49999999975,1.4021458953562753,0.4317676949889864,weak,dispersion,0.05
adaptive n0=0.05,30036,1.1173082567573933,1.0043430484772191,0.09865790900907265,0.12471637292661478,0.598573317882544,0.0,-0.2614583333333332,0.0,0.0,2.49999999975,1.5019850634440899,0.3985214849673672,weak,dispersion,0.05
adaptive n0=0.05,30037,1.0610017289060205,0.9505868247371391,0.08891918330726874,0.11753776772397265,0.5528878776265191,0.0,-0.3436197916666666,0.0,0.0,2.49999999975,1.2795421128925846,0.4320982264324528,weak,dispersion,0.05
adaptive n0=0.05,30038,1.081977579100001,0.9709590167929362,0.09492301832666676,0.12124463429823434,0.5437880240108325,0.0,-0.26549479166666673,0.0,0.0,2.49999999975,1.5007604489102113,0.36234165446304795,weak,dispersion,0.05
adaptive n0=0.05,30039,1.03075768462539,0.9253078091545107,0.091064049712539,0.12408762934373067,0.6016425756239987,0.0,-0.240234375,0.0,0.0,2.49999999975,1.3275035707522678,0.4532135271644209,weak,dispersion,0.05
adaptive n0=0.05,30040,1.0732014736935982,0.9652115492284115,0.09605712653602648,0.12141761635277018,0.5930484019383666,0.0,-0.2252604166666668,0.0,0.0,2.49999999975,1.4866711743702994,0.39891027159355574,weak,dispersion,0.05
adaptive n0=0.05,30041,1.1188920487600227,1.0037199566873607,0.09596472570933559,0.12382297629696448,0.5711478655289584,0.0,-0.31848958333333344,0.0,0.0,2.49999999975,1.4933166122274193,0.38246937109809465,weak,dispersion,0.05
adaptive n0=0.05,30042,1.0970437367441765,0.9875527709502158,0.09916400909108433,0.11949049196771258,0.6104943597396759,0.0,-0.21080729166666662,0.0,0.0,2.49999999975,1.4842012934109134,0.4113285458313204,weak,dispersion,0.05
adaptive n0=0.05,30043,1.1023683810755665,0.988140078797026,0.09691652560755666,0.12191879415049484,0.5834222761737728,0.0,-0.26640624999999996,0.0,0.0,2.49999999975,1.4128505792496786,0.4129398286997981,weak,dispersion,0.05
adaptive n0=0.05,30044,1.0930136808883897,0.9798375887187483,0.09307740975550563,0.11890740887967306,0.5220380274888348,0.0,-0.32447916666666665,0.0,0.0,2.49999999975,1.4073304546682908,0.3709420383515254,weak,dispersion,0.05
adaptive n0=0.05,30045,1.0888939635445318,0.9761249265927329,0.09644147968778653,0.12077749946143672,0.5401635474255714,0.0,-0.24895833333333323,0.0,0.0,2.49999999975,1.499107901532691,0.36032332754253854,weak,dispersion,0.05
adaptive n0=0.05,30046,0.9930949104415656,0.8885595405876919,0.08687459521082325,0.12302559404194337,0.5863262161645844,0.0,-0.24869791666666663,0.0,0.0,2.49999999975,1.4201612386334412,0.41285890659062086,weak,dispersion,0.05
adaptive n0=0.05,30047,1.1135085666286806,0.9989340488685845,0.09834955457953473,0.12625398503485089,0.5907544118562328,0.0,-0.26002604166666676,0.0,0.0,2.49999999975,1.5033414122651543,0.392960911630922,weak,dispersion,0.05
adaptive n0=0.05,30048,1.1456602944841645,1.0294068806000505,0.10075092528174975,0.12452422204983092,0.5818111028080989,0.0,-0.27630208333333334,0.0,0.0,2.49999999975,1.4570506374142356,0.3993074007644743,weak,dispersion,0.05
adaptive n0=0.05,30049,1.0806430398279452,0.9714913105786022,0.09471794981612786,0.1246721253901827,0.5895742208894708,0.0,-0.2669270833333333,0.0,0.0,2.49999999975,1.4333710935224477,0.4113200158380601,weak,dispersion,0.05
adaptive n0=0.1,30000,1.1326169834227104,1.0181080599213999,0.10031247959227105,0.1276961988039179,0.5897000128342884,0.0,-0.25898437499999993,0.0,0.0,2.49999999975,1.4501161382117658,0.40665709269430417,weak,dispersion,0.1
adaptive n0=0.1,30001,1.1096538284823882,0.9974840589866103,0.09767111201490548,0.11803680162052466,0.5517729590421959,0.0,-0.26588541666666665,0.0,0.0,2.49999999975,1.5066826624454195,0.36621710250958983,weak,dispersion,0.1
adaptive n0=0.1,30002,1.0905352686697305,0.9794376268537813,0.09792071436697306,0.1204911020287024,0.5679497109939539,0.0,-0.22265624999999994,0.0,0.0,2.49999999975,1.4327636903781031,0.3964015244161256,weak,dispersion,0.1
adaptive n0=0.1,30003,1.1071247008091214,0.9942801175352517,0.09709918883091215,0.1258165300553527,0.5768138466464183,0.0,-0.2722656249999999,0.0,0.0,2.49999999975,1.408625953874258,0.40948687979229725,weak,dispersion,0.1
adaptive n0=0.1,30004,1.101549076184459,0.9883107494889691,0.09630725136844592,0.1226381960628691,0.5644774677588825,0.0,-0.2769531249999999,0.0,0.0,2.49999999975,1.4813324744383678,0.3810606177204739,weak,dispersion,0.1
adaptive n0=0.1,30005,1.0975227009894177,0.9845452771422583,0.09584602009894179,0.12718053312483174,0.5587969746378862,0.0,-0.27812499999999996,0.0,0.0,2.49999999975,1.4460347447704995,0.3864339889886761,weak,dispersion,0.1
adaptive n0=0.1,30006,1.0274118029973969,0.9198691107187107,0.08576852404973968,0.10396487838399562,0.4962342140997789,0.0,-0.33945312499999997,0.0,0.0,2.49999999975,1.4197054258910264,0.34953322361808653,weak,dispersion,0.1
adaptive n0=0.1,30007,1.0936306571016456,0.9791129422153416,0.09163520112683123,0.12116477018746571,0.5825662131499685,0.0,-0.3545572916666667,0.0,0.0,2.49999999975,1.4559620674750247,0.40012458165223574,weak,dispersion,0.1
adaptive n0=0.1,30008,1.0839451950575123,0.9712288551330354,0.09239842575575123,0.12397491387472036,0.5863974619539831,0.0,-0.31992187499999997,0.0,0.0,2.49999999975,1.4327705593451474,0.409275203297029,weak,dispersion,0.1
adaptive n0=0.1,30009,1.151122182698361,1.0356983424409092,0.1006851349365028,0.12534537781593927,0.5651550223567156,0.0,-0.28854166666666664,0.0,0.0,2.49999999975,1.5045481789639192,0.3756310567242185,weak,dispersion,0.1
adaptive n0=0.1,30010,1.0492468978578027,0.9389711312568779,0.0914416168691136,0.12499829994398926,0.5721846359369666,0.0,-0.26966145833333327,0.0,0.0,2.49999999975,1.379961407915606,0.41463814325158255,weak,dispersion,0.1
adaptive n0=0.1,30011,1.115392391205279,1.001173771703171,0.09811475995386125,0.12309368967526754,0.546276978398304,0.0,-0.2684895833333333,0.0,0.0,2.49999999975,1.3999494953698606,0.3902119185049458,weak,dispersion,0.1
adaptive n0=0.1,30012,1.050832882853977,0.9442167970295587,0.0928371945353977,0.11100057531956901,0.5118601260266105,0.0,-0.24492187500000007,0.0,0.0,2.49999999975,1.3798007898303717,0.3709666857702965,weak,dispersion,0.1
adaptive n0=0.1,30013,1.096427902630895,0.9837209037095294,0.0966740402630895,0.1189662141273024,0.5596668225392732,0.0,-0.259375,0.0,0.0,2.49999999975,1.402747292711729,0.3989790787315298,weak,dispersion,0.1
adaptive n0=0.1,30014,1.0496075540891416,0.9372732526080784,0.09108054707558083,0.12330681207716106,0.5642930199475309,0.0,-0.27760416666666665,0.0,0.0,2.49999999975,1.4680503111685343,0.3843826166273325,weak,dispersion,0.1
adaptive n0=0.1,30015,1.0673245899873538,0.9558191692651179,0.09402412566540204,0.12600936724675255,0.59666238878081,0.0,-0.25416666666666676,0.0,0.0,2.4999999997499995,1.4972715734255513,0.3984997774423304,weak,dispersion,0.1
adaptive n0=0.1,30016,1.1165868728621429,1.0006416239784912,0.09559097895288096,0.12509840700094516,0.5855537280505883,0.0,-0.32135416666666666,0.0,0.0,2.49999999975,1.5117815740596,0.3873269380299403,weak,dispersion,0.1
adaptive n0=0.1,30017,1.0682565583552208,0.9580602107522808,0.09252878083552207,0.12231530115015328,0.5957205362876457,0.0,-0.28593749999999996,0.0,0.0,2.49999999975,1.4915721785888847,0.39939102166093793,weak,dispersion,0.1
adaptive n0=0.1,30018,1.1263758680962885,1.0124973019681003,0.09929774305962887,0.11372748409295756,0.5184700441716259,0.0,-0.2667968749999999,0.0,0.0,2.49999999975,1.458567752297609,0.35546517695520546,weak,dispersion,0.1
adaptive n0=0.1,30019,1.0802201931607187,0.9682659076129632,0.0946366026494052,0.1181214237008008,0.5219477086294882,0.0,-0.2677083333333334,0.0,0.0,2.49999999975,1.3359775480614138,0.390685988238999,weak,dispersion,0.1
adaptive n0=0.1,30020,1.1338629968524392,1.0215519097483876,0.10131598718524393,0.11441363346466263,0.5428635186513893,0.0,-0.24140625,0.0,0.0,2.49999999975,1.4784304910217814,0.3671890710778038,weak,dispersion,0.1
adaptive n0=0.1,30021,1.0629023862475364,0.9528303030822837,0.09329544695808697,0.12210654565731552,0.5580146592972333,0.0,-0.25989583333333344,0.0,0.0,2.4999999997500004,1.4053972258028793,0.3970512030706828,weak,dispersion,0.1
adaptive n0=0.1,30022,1.0800774738310677,0.9687026059995428,0.09509759113310676,0.12956375718270524,0.6231252738636868,0.0,-0.2582031249999999,0.0,0.0,2.49999999975,1.3718747262885773,0.45421441325730116,weak,dispersion,0.1
adaptive n0=0.1,30023,1.0614642456384673,0.9514183971045326,0.08822324748051343,0.12091204729809335,0.553868281822261,0.0,-0.3584635416666666,0.0,0.0,2.49999999975,1.4238860990054567,0.38898355859300965,weak,dispersion,0.1
adaptive n0=0.1,30024,1.1112651470620527,0.9977617962474998,0.09714865012287191,0.12439913694188523,0.5691241140933757,0.0,-0.27955729166666676,0.0,0.0,2.49999999975,1.493051047614103,0.38118195288957907,weak,dispersion,0.1
adaptive n0=0.1,30025,1.0939295723210398,0.9843533511619139,0.09703618639877065,0.12254979458866797,0.5797887996986847,0.0,-0.24713541666666672,0.0,0.0,2.49999999975,1.5139217468256818,0.3829714454623285,weak,dispersion,0.1
adaptive n0=0.1,30026,1.0795265413454782,0.9659918207325577,0.09017270621788115,0.12219982875927017,0.5698988169075837,0.0,-0.3555989583333334,0.0,0.0,2.49999999975,1.3136846604391845,0.4338170598087504,weak,dispersion,0.1
adaptive n0=0.1,30027,1.0507840335063723,0.9415873733814859,0.0919794450173039,0.12468409905135126,0.5912393091725744,0.0,-0.26197916666666654,0.0,0.0,2.49999999975,1.4423055372392248,0.40992653353067576,weak,dispersion,0.1
adaptive n0=0.1,30028,1.0997148461967907,0.9867835942517118,0.09429440128634572,0.1296418890162357,0.6311019914612062,0.0,-0.31354166666666666,0.0,0.0,2.49999999975,1.4270491615265046,0.44224264200269087,weak,dispersion,0.1
adaptive n0=0.1,30029,1.0041058831955372,0.8992184016807205,0.08710329665288705,0.11667281071407949,0.5491708032881525,0.0,-0.2661458333333333,0.0,0.0,2.49999999975,1.3806875029835304,0.39775170130927395,weak,dispersion,0.1
adaptive n0=0.1,30030,1.0760252559063352,0.9620007635928143,0.09028481725730017,0.12310295432275231,0.555721812004188,0.0,-0.34635416666666674,0.0,0.0,2.49999999975,1.3760158683935677,0.4038629384797477,weak,dispersion,0.1
adaptive n0=0.1,30031,1.141583007847049,1.025180729601217,0.09949684245137155,0.12641411278301196,0.6006872634197398,0.0,-0.29322916666666665,0.0,0.0,2.49999999975,1.562514782503725,0.384436211513607,weak,dispersion,0.1
adaptive n0=0.1,30032,1.0947354051664262,0.9816623034150473,0.09567145718330927,0.12187581517517904,0.5670955769316165,0.0,-0.27604166666666674,0.0,0.0,2.49999999975,1.47297497616449,0.38500014332102805,weak,dispersion,0.1
adaptive n0=0.1,30033,1.1489848037611419,1.032215606307041,0.10135030329278086,0.12743816397242352,0.5976819007615432,0.0,-0.27096354166666675,0.0,0.0,2.49999999975,1.4400641931871896,0.41503837369828434,weak,dispersion,0.1
adaptive n0=0.1,30034,1.0949459724183608,0.9829461718733481,0.09575110765850275,0.11067566461798832,0.5049632129278406,0.0,-0.27486979166666675,0.0,0.0,2.49999999975,1.4479573338102583,0.34874177652669114,weak,dispersion,0.1
adaptive n0=0.1,30035,1.1314635985498351,1.0159421645792848,0.09961771402165019,0.13172791385738591,0.6054013012762475,0.0,-0.27057291666666655,0.0,0.0,2.49999999975,1.377111753074849,0.4396166831954579,weak,dispersion,0.1
adaptive n0=0.1,30036,1.117744121249453,1.0047255167397673,0.09867545379161197,0.12471637292661478,0.598573317882544,0.0,-0.2619791666666666,0.0,0.0,2.49999999975,1.503821384561345,0.3980348491035349,weak,dispersion,0.1
adaptive n0=0.1,30037,1.0598492124148433,0.9495049077338852,0.08893413999148432,0.11753776772397265,0.5528878776265191,0.0,-0.3410156250000001,0.0,0.0,2.49999999975,1.2836857816815546,0.4307034365545966,weak,dispersion,0.1
adaptive n0=0.1,30038,1.081248413004257,0.9702059646104604,0.09466129963375902,0.12124463429823434,0.5437880240108325,0.0,-0.2692708333333334,0.0,0.0,2.49999999975,1.4805860241659647,0.3672789119545796,weak,dispersion,0.1
adaptive n0=0.1,30039,1.028318305007505,0.9232413170103692,0.09123026800075053,0.12408762934373067,0.6016425756239987,0.0,-0.23203124999999997,0.0,0.0,2.4999999997500004,1.3098494592722272,0.459321925405291,weak,dispersion,0.1
adaptive n0=0.1,30040,1.074280141270284,0.966200976940783,0.0961194203770284,0.12141761635277018,0.5930484019383666,0.0,-0.22617187500000008,0.0,0.0,2.4999999997500004,1.4831476162186035,0.399857974656891,weak,dispersion,0.1
adaptive n0=0.1,30041,1.1189142906594192,1.0037449716499596,0.09600601239927524,0.12382297629696448,0.5711478655289584,0.0,-0.3177083333333335,0.0,0.0,2.49999999975,1.4913704549183826,0.3829684728199978,weak,dispersion,0.1
adaptive n0=0.1,30042,1.1023890493886006,0.9923376219537634,0.09944463410552676,0.11949049196771258,0.6104943597396759,0.0,-0.21588541666666655,0.0,0.0,2.49999999975,1.493790131901367,0.408688172924673,weak,dispersion,0.1
adaptive n0=0.1,30043,1.102268795649031,0.988060816959957,0.09691307748156977,0.12191879415049484,0.5834222761737728,0.0,-0.26627604166666663,0.0,0.0,2.49999999975,1.4091950026638704,0.41401103117091753,weak,dispersion,0.1
adaptive n0=0.1,30044,1.1280835370651547,1.0121917226845685,0.0961612182898488,0.11890740887967306,0.5220380274888348,0.0,-0.3329427083333334,0.0,0.0,2.49999999975,1.4952616612294674,0.349128210148579,weak,dispersion,0.1
adaptive n0=0.1,30045,1.0904587071412029,0.9776939936422825,0.09672816238078694,0.12077749946143672,0.5401635474255714,0.0,-0.2463541666666666,0.0,0.0,2.49999999975,1.4885103507466568,0.3628886740052685,weak,dispersion,0.1
adaptive n0=0.1,30046,0.9858356201467344,0.8818988896998765,0.08621377034800679,0.12302559404194337,0.5863262161645844,0.0,-0.24739583333333331,0.0,0.0,2.4999999997500004,1.4107264480278445,0.41562006368013565,weak,dispersion,0.1
adaptive n0=0.1,30047,1.117659918159169,1.0027356585485043,0.0985823980659169,0.12625398503485089,0.5907544118562328,0.0,-0.26367187500000006,0.0,0.0,2.49999999975,1.5144645744363978,0.3900747642618711,weak,dispersion,0.1
adaptive n0=0.1,30048,1.136454009607339,1.0211982920479084,0.10027300512740059,0.12452422204983092,0.5818111028080989,0.0,-0.2674479166666667,0.0,0.0,2.49999999975,1.4137393686893114,0.41154056800971767,weak,dispersion,0.1
adaptive n0=0.1,30049,1.0858537640800083,0.9766881216650896,0.09578589724133416,0.1246721253901827,0.5895742208894708,0.0,-0.2559895833333333,0.0,0.0,2.49999999975,1.4729493989972005,0.400267803694315,weak,dispersion,0.1
adaptive n0=0.25,30000,1.1326138241375179,1.0180357764725687,0.10030565324708511,0.1276961988039179,0.5897000128342884,0.0,-0.2591145833333333,0.0,0.0,2.49999999975,1.4600795587729953,0.4038821099104035,weak,dispersion,0.25
adaptive n0=0.25,30001,1.110294935013357,0.9979598861786254,0.09771569141800238,0.11792767707582398,0.5512628471778708,0.0,-0.2662760416666668,0.0,0.0,2.49999999975,1.4818633239388774,0.3720065395184912,weak,dispersion,0.25
adaptive n0=0.25,30002,1.1098821230368605,0.9962200035344927,0.09834498313701939,0.1204911020287024,0.5679497109939539,0.0,-0.25286458333333334,0.0,0.0,2.49999999975,1.470949128262617,0.38611104903728155,weak,dispersion,0.25
adaptive n0=0.25,30003,1.116542083933167,1.0026264690532034,0.09677139589331671,0.1258165300553527,0.5768138466464183,0.0,-0.29765624999999996,0.0,0.0,2.49999999975,1.4653006606957808,0.3936487999483499,weak,dispersion,0.25
adaptive n0=0.25,30004,1.1059649946213377,0.9924740771525058,0.09657306196213376,0.1226381960628691,0.5644774677588825,0.0,-0.28046874999999993,0.0,0.0,2.49999999975,1.4847028348109872,0.38019558831834815,weak,dispersion,0.25
adaptive n0=0.25,30005,1.1069236695741895,0.9932061176068688,0.0969553877907523,0.12718053312483174,0.5587969746378862,0.0,-0.2747395833333333,0.0,0.0,2.49999999975,1.4457636277356467,0.3865064550787416,weak,dispersion,0.25
adaptive n0=0.25,30006,0.9806656321067221,0.8775526907353511,0.08337255279400554,0.10317804982746127,0.4924786068557542,0.0,-0.2938802083333332,0.0,0.0,2.49999999975,1.2779727726011045,0.38535923253935567,weak,dispersion,0.25
adaptive n0=0.25,30007,1.0766728353916741,0.9635883177389284,0.09070113770583407,0.12116733116429507,0.5825785264533415,0.0,-0.33932291666666664,0.0,0.0,2.49999999975,1.457165713943558,0.3998025213458372,weak,dispersion,0.25
adaptive n0=0.25,30008,1.0712072886617872,0.9602626263140736,0.09391760386617871,0.12397491387472036,0.5863974619539831,0.0,-0.2640625,0.0,0.0,2.49999999975,1.4457011805580784,0.40561456948359026,weak,dispersion,0.25
adaptive n0=0.25,30009,1.144813051986175,1.030170153515922,0.10054901353195082,0.12534537781593927,0.5651550223567156,0.0,-0.27864583333333337,0.0,0.0,2.49999999975,1.418417986260056,0.3984403947434848,weak,dispersion,0.25
adaptive n0=0.25,30010,1.0637332870331746,0.9519223770011023,0.0924800995366508,0.12499829994398926,0.5721846359369666,0.0,-0.27786458333333325,0.0,0.0,2.49999999975,1.4301382487213992,0.4000904363256647,weak,dispersion,0.25
adaptive n0=0.25,30011,1.1236208126567024,1.0082131871603257,0.09809124793233692,0.12309368967526754,0.546276978398304,0.0,-0.2854166666666667,0.0,0.0,2.49999999975,1.4003649879926812,0.3900961414219241,weak,dispersion,0.25
adaptive n0=0.25,30012,1.055658023385049,0.9482681590254013,0.09281840650517156,0.11097348059185161,0.511735183334159,0.0,-0.2549479166666667,0.0,0.0,2.4999999997499995,1.3732172355859114,0.37265420945275035,weak,dispersion,0.25
adaptive n0=0.25,30013,1.0970345611537924,0.9843721615838962,0.09679981028204591,0.1189662141273024,0.5596668225392732,0.0,-0.2580729166666667,0.0,0.0,2.49999999975,1.4065938866424836,0.3978879958558534,weak,dispersion,0.25
adaptive n0=0.25,30014,1.0573688374024792,0.9441491880253179,0.09129677957358127,0.12330681207716106,0.5642930199475309,0.0,-0.28880208333333335,0.0,0.0,2.49999999975,1.4707385315623145,0.3836800409030571,weak,dispersion,0.25
adaptive n0=0.25,30015,1.0700012609118894,0.9581475804392016,0.09402486567452226,0.12600936724675255,0.59666238878081,0.0,-0.2595052083333334,0.0,0.0,2.49999999975,1.5035203668164059,0.39684356923225383,weak,dispersion,0.25
adaptive n0=0.25,30016,1.1205230098941918,1.0049518496215208,0.09784657182275251,0.12440633742303134,0.5823143269172487,0.0,-0.2841145833333332,0.0,0.0,2.49999999975,1.4419277522340117,0.4038443160658055,weak,dispersion,0.25
adaptive n0=0.25,30017,1.065153007930647,0.9553961644812006,0.09347493620973138,0.12231530115015328,0.5957205362876457,0.0,-0.2608072916666667,0.0,0.0,2.49999999975,1.4922445235809123,0.3992110722297079,weak,dispersion,0.25
adaptive n0=0.25,30018,1.1255622132363727,1.0117710085118046,0.09927497132363727,0.11372748409295756,0.5184700441716259,0.0,-0.2656249999999999,0.0,0.0,2.49999999975,1.464853786387469,0.35393979180013885,weak,dispersion,0.25
adaptive n0=0.25,30019,1.1037573035779646,0.9903100654706182,0.09690567827446311,0.11862620742786642,0.5241782160297608,0.0,-0.26940104166666673,0.0,0.0,2.49999999975,1.4075094382632185,0.3724154181705275,weak,dispersion,0.25
adaptive n0=0.25,30020,1.136489714256181,1.0237779332883443,0.10132475267561811,0.11442726122619855,0.5429281789051956,0.0,-0.24648437500000003,0.0,0.0,2.49999999975,1.4867426460297162,0.3651796633096269,weak,dispersion,0.25
adaptive n0=0.25,30021,1.0655983728576306,0.9553195458841064,0.09444395186909638,0.12183839491546676,0.5567892373180302,0.0,-0.24231770833333338,0.0,0.0,2.49999999975,1.3300422891897234,0.418625213531543,weak,dispersion,0.25
adaptive n0=0.25,30022,1.0812875034600657,0.9697093166736496,0.0950948961793399,0.12956375718270524,0.6231252738636868,0.0,-0.2606770833333332,0.0,0.0,2.49999999975,1.4014199632789544,0.4446385025126497,weak,dispersion,0.25
adaptive n0=0.25,30023,1.0835000692946064,0.9722354415289461,0.09328490276279396,0.12099931343260686,0.5542680264718997,0.0,-0.3013020833333334,0.0,0.0,2.49999999975,1.5149233683380219,0.3658719893402733,weak,dispersion,0.25
adaptive n0=0.25,30024,1.1125136680748091,0.9988124214392456,0.09714329389081423,0.12439059373614594,0.569085029060172,0.0,-0.28216145833333334,0.0,0.0,2.49999999975,1.4841030088770646,0.3834538611243474,weak,dispersion,0.25
adaptive n0=0.25,30025,1.095762079512031,0.9857092602067932,0.09688740586786977,0.12238123577848242,0.5789913400981677,0.0,-0.2537760416666667,0.0,0.0,2.49999999975,1.4921391846700958,0.38802770280855514,weak,dispersion,0.25
adaptive n0=0.25,30026,1.059380817060062,0.9489753072777294,0.0920708942060062,0.12219982875927017,0.5698988169075837,0.0,-0.27734375000000006,0.0,0.0,2.49999999975,1.4151193080658557,0.4027213915175145,weak,dispersion,0.25
adaptive n0=0.25,30027,1.0713394091602058,0.9602332899914949,0.09413914924935392,0.12472084618716771,0.5914135603510285,0.0,-0.2598958333333332,0.0,0.0,2.49999999975,1.4621008820725194,0.4044957277590198,weak,dispersion,0.25
adaptive n0=0.25,30028,1.0971430295812274,0.9846035444900373,0.09429112587478941,0.1296418890162357,0.6311019914612062,0.0,-0.30846354166666673,0.0,0.0,2.49999999975,1.4621706229339044,0.4316199365262,weak,dispersion,0.25
adaptive n0=0.25,30029,1.0250295307310426,0.9176569644763668,0.08688446348977093,0.11667281071407949,0.5491708032881525,0.0,-0.31236979166666656,0.0,0.0,2.49999999975,1.287280614713956,0.4266131230525697,weak,dispersion,0.25
adaptive n0=0.25,30030,1.0602247315807833,0.9486732084516674,0.09171908774141167,0.12310295432275231,0.555721812004188,0.0,-0.28606770833333334,0.0,0.0,2.49999999975,1.3917888712601236,0.39928600054190566,weak,dispersion,0.25
adaptive n0=0.25,30031,1.1342979896977896,1.0184627078009862,0.09911990313644561,0.12641411278301196,0.6006872634197398,0.0,-0.28619791666666666,0.0,0.0,2.49999999975,1.5524450014329079,0.3869298190050565,weak,dispersion,0.25
adaptive n0=0.25,30032,1.087964904773601,0.9757293571332403,0.09559336547736008,0.12187581517517904,0.5670955769316165,0.0,-0.26406250000000003,0.0,0.0,2.49999999975,1.421283617042787,0.39900240186511937,weak,dispersion,0.25
adaptive n0=0.25,30033,1.1472289591787677,1.03068715653665,0.1013374792512101,0.12743816397242352,0.5976819007615432,0.0,-0.2677083333333333,0.0,0.0,2.49999999975,1.4280538430762497,0.41852896769917547,weak,dispersion,0.25
adaptive n0=0.25,30034,1.0987360863399347,0.9865899454640468,0.09643610863399346,0.11068223742686271,0.504993201694555,0.0,-0.26875000000000004,0.0,0.0,2.49999999975,1.4492439083829058,0.3484528717171122,weak,dispersion,0.25
adaptive n0=0.25,30035,1.1220010081100475,1.0070048967764653,0.09856077789433806,0.13172791385738591,0.6054013012762475,0.0,-0.2727864583333333,0.0,0.0,2.49999999975,1.378769361337885,0.4390881595227776,weak,dispersion,0.25
adaptive n0=0.25,30036,1.098633635946002,0.9872822732446935,0.09780607192793352,0.12471637292661478,0.598573317882544,0.0,-0.24114583333333328,0.0,0.0,2.49999999975,1.4557374247503763,0.41118220065351746,weak,dispersion,0.25
adaptive n0=0.25,30037,1.0604102750638345,0.9503319451291469,0.08949154833971676,0.11753776772397265,0.5528878776265191,0.0,-0.3309895833333334,0.0,0.0,2.49999999975,1.3875774075556242,0.39845552011436547,weak,dispersion,0.25
adaptive n0=0.25,30038,1.1041017258401153,0.9908702541890239,0.09592449550067819,0.12124463429823434,0.5437880240108325,0.0,-0.2897135416666667,0.0,0.0,2.49999999975,1.4924568682264012,0.36435761433900377,weak,dispersion,0.25
adaptive n0=0.25,30039,1.0512831871173753,0.9439782039963622,0.09320123537840419,0.12408762934373067,0.6016425756239987,0.0,-0.23854166666666676,0.0,0.0,2.49999999975,1.3975924588032955,0.430484989979956,weak,dispersion,0.25
adaptive n0=0.25,30040,1.0905072553390656,0.9807938757122469,0.09711713178390655,0.12141761635277018,0.5930484019383666,0.0,-0.2386718750000001,0.0,0.0,2.4999999997500004,1.475898561148839,0.40182192567268166,weak,dispersion,0.25
adaptive n0=0.25,30041,1.1200517672713701,1.004878816275109,0.096223926727137,0.12382297629696448,0.5711478655289584,0.0,-0.31562500000000004,0.0,0.0,2.49999999975,1.4895611015442303,0.3834336603828124,weak,dispersion,0.25
adaptive n0=0.25,30042,1.0926165165691941,0.9832781447214278,0.09881894332358607,0.11949049196771258,0.6104943597396759,0.0,-0.20885416666666656,0.0,0.0,2.49999999975,1.4921666092962387,0.4091328380733622,weak,dispersion,0.25
adaptive n0=0.25,30043,1.1078921480277235,0.9933341662423493,0.09731916271943904,0.12191879415049484,0.5834222761737728,0.0,-0.26940104166666673,0.0,0.0,2.49999999975,1.4115288823163137,0.413326488379309,weak,dispersion,0.25
adaptive n0=0.25,30044,1.1196551797960232,1.004366986845464,0.09563088256293567,0.11890740887967306,0.5220380274888348,0.0,-0.32669270833333336,0.0,0.0,2.49999999975,1.4869274359021205,0.3510850730735987,weak,dispersion,0.25
adaptive n0=0.25,30045,1.1115768996006348,0.9966728169314446,0.09760951287673014,0.12077749946143672,0.5401635474255714,0.0,-0.2709635416666666,0.0,0.0,2.49999999975,1.4777712363323396,0.36552582304023995,weak,dispersion,0.25
adaptive n0=0.25,30046,1.0193399956108242,0.9123676279035021,0.0887959787277491,0.12302559404194337,0.5863262161645844,0.0,-0.2627604166666666,0.0,0.0,2.4999999997500004,1.4558368521609801,0.4027417050847885,weak,dispersion,0.25
adaptive n0=0.25,30047,1.1116679464241146,0.9972081478335624,0.09819804464241146,0.12625398503485089,0.5907544118562328,0.0,-0.259375,0.0,0.0,2.4999999997500004,1.5077486671653832,0.39181225937799724,weak,dispersion,0.25
adaptive n0=0.25,30048,1.1454709642108172,1.0292008939739188,0.10047808600441503,0.12452422204983092,0.5818111028080989,0.0,-0.2813802083333334,0.0,0.0,2.49999999975,1.4571612782998786,0.39927708172901655,weak,dispersion,0.25
adaptive n0=0.25,30049,1.0813513423067278,0.9722723673237429,0.09498409256400611,0.1246721253901827,0.5895742208894708,0.0,-0.2630208333333334,0.0,0.0,2.49999999975,1.4618603418055958,0.4033040667628117,weak,dispersion,0.25
adaptive n0=0.5,30000,1.1298977899621212,1.0154335862851012,0.09989733107954543,0.1276961988039179,0.5897000128342884,0.0,-0.2618489583333333,0.0,0.0,2.49999999975,1.4712123013881828,0.4008259122615198,weak,dispersion,0.5
adaptive n0=0.5,30001,1.108187930720086,0.9961215913374335,0.09755056390534193,0.11795484054171902,0.5513898250843285,0.0,-0.2653645833333334,0.0,0.0,2.49999999975,1.4880413955808702,0.3705473696644633,weak,dispersion,0.5
adaptive n0=0.5,30002,1.095501757929591,0.9828513625178343,0.09714132162629242,0.1204911020287024,0.5679497109939539,0.0,-0.24817708333333333,0.0,0.0,2.49999999975,1.4369831023331403,0.39523757104158647,weak,dispersion,0.5
adaptive n0=0.5,30003,1.1093650418516625,0.9962491743482657,0.09681541043516624,0.1258165300553527,0.5768138466464183,0.0,-0.2824218749999999,0.0,0.0,2.49999999975,1.429550098119239,0.4034932720478231,weak,dispersion,0.5
adaptive n0=0.5,30004,1.1083029536191096,0.9945337855333019,0.09648133702857763,0.1226381960628691,0.5644774677588825,0.0,-0.2869791666666666,0.0,0.0,2.49999999975,1.50006628422461,0.37630168326239205,weak,dispersion,0.5
adaptive n0=0.5,30005,1.1268017775347876,1.011141375282986,0.09835075067014543,0.12718053312483174,0.5587969746378862,0.0,-0.2865885416666667,0.0,0.0,2.49999999975,1.4700414735352259,0.3801232718244776,weak,dispersion,0.5
adaptive n0=0.5,30006,0.9763902172633385,0.8744097142261481,0.08629787589300052,0.103699028363376,0.4949652867648829,0.0,-0.22682291666666654,0.0,0.0,2.49999999975,1.333095132707701,0.3712902962593073,weak,dispersion,0.5
adaptive n0=0.5,30007,1.0633925848192995,0.9527924709321729,0.09402155014859663,0.12105788613264698,0.5820523093232578,0.0,-0.2463541666666667,0.0,0.0,2.49999999975,1.4057270893019627,0.41405783082140474,weak,dispersion,0.5
adaptive n0=0.5,30008,1.0781224786106418,0.9668204433628206,0.09471979994439753,0.12397491387472036,0.5863974619539831,0.0,-0.2618489583333333,0.0,0.0,2.49999999975,1.4525840848728606,0.4036926110238282,weak,dispersion,0.5
adaptive n0=0.5,30009,1.1527602359755307,1.0370795817482894,0.10071873193088639,0.12534537781593927,0.5651550223567156,0.0,-0.2911458333333333,0.0,0.0,2.49999999975,1.4562985258993493,0.38807635406188395,weak,dispersion,0.5
adaptive n0=0.5,30010,1.0523361310505759,0.941682462367659,0.0923039256050576,0.12499829994398926,0.5721846359369666,0.0,-0.25859374999999984,0.0,0.0,2.49999999975,1.4055884647990957,0.40707835206854115,weak,dispersion,0.5
adaptive n0=0.5,30011,1.1081087220572206,0.9940807665739029,0.09703483053905539,0.12309368967526754,0.546276978398304,0.0,-0.2755208333333333,0.0,0.0,2.49999999975,1.3796874772280974,0.3959425503345281,weak,dispersion,0.5
adaptive n0=0.5,30012,1.05507881289025,0.9477624433111822,0.09279954795569167,0.11096040410358182,0.5116748833499969,0.0,-0.25416666666666665,0.0,0.0,2.49999999975,1.3700398731576926,0.3734744465288294,weak,dispersion,0.5
adaptive n0=0.5,30013,1.0981152908145089,0.9854033440273502,0.09685579991478424,0.1189662141273024,0.5596668225392732,0.0,-0.2591145833333334,0.0,0.0,2.49999999975,1.3640235007372135,0.41030585047602935,weak,dispersion,0.5
adaptive n0=0.5,30014,1.0723451530739914,0.9575328564835434,0.09227357780739916,0.12330681207716106,0.5642930199475309,0.0,-0.29921875000000003,0.0,0.0,2.4999999997500004,1.4529814119051268,0.388369056426977,weak,dispersion,0.5
adaptive n0=0.5,30015,1.0836915430422218,0.9706350498396338,0.09481446680422216,0.12600936724675255,0.59666238878081,0.0,-0.2710937500000001,0.0,0.0,2.49999999975,1.491862818554776,0.3999445400474686,weak,dispersion,0.5
adaptive n0=0.5,30016,1.1363155545428005,1.0201886122516306,0.10035030545428006,0.12438171446192507,0.5821990731181231,0.0,-0.265625,0.0,0.0,2.49999999975,1.4394424415184157,0.4044615167133619,weak,dispersion,0.5
adaptive n0=0.5,30017,1.0660144744484739,0.9560157805265279,0.09401681202818073,0.12231530115015328,0.5957205362876457,0.0,-0.25169270833333335,0.0,0.0,2.49999999975,1.5001396284605408,0.397110058947633,weak,dispersion,0.5
adaptive n0=0.5,30018,1.1198066464052723,1.0061623140239762,0.0986668625571939,0.11372748409295756,0.5184700441716259,0.0,-0.2662760416666665,0.0,0.0,2.49999999975,1.4362172722336222,0.36099694259023574,weak,dispersion,0.5
adaptive n0=0.5,30019,1.1200039403143371,1.005123692922045,0.09806810236476705,0.11903885314469766,0.526001589636579,0.0,-0.27864583333333337,0.0,0.0,2.49999999975,1.465984635711063,0.35880429905150163,weak,dispersion,0.5
adaptive n0=0.5,30020,1.1326479917060097,1.0200947932383477,0.10086896583726764,0.11408296871634481,0.5412945987304847,0.0,-0.24791666666666662,0.0,0.0,2.4999999997500004,1.4358688151466756,0.3769805382082839,weak,dispersion,0.5
adaptive n0=0.5,30021,1.0735925234644323,0.9628485383636793,0.0951001377631099,0.12190843899019625,0.5571093317100676,0.0,-0.24518229166666683,0.0,0.0,2.49999999975,1.3497258700553705,0.4127573932380899,weak,dispersion,0.5
adaptive n0=0.5,30022,1.0825208016657053,0.9707454743195785,0.09509452808323719,0.12956375718270524,0.6231252738636868,0.0,-0.2631510416666666,0.0,0.0,2.49999999975,1.4436558544137261,0.43163006748359717,weak,dispersion,0.5
adaptive n0=0.5,30023,1.0777077973496954,0.9680206527863634,0.0936171339016362,0.12091196487234084,0.553867904250208,0.0,-0.28307291666666673,0.0,0.0,2.4999999997500004,1.4238001112913372,0.3890067853329981,weak,dispersion,0.5
adaptive n0=0.5,30024,1.1107715824536917,0.99734424777293,0.09713835616203584,0.12436676547137605,0.5689760151199558,0.0,-0.2787760416666667,0.0,0.0,2.49999999975,1.4591456049814457,0.38993779179918836,weak,dispersion,0.5
adaptive n0=0.5,30025,1.0961368272069136,0.9859903264221325,0.09692488063735803,0.12233598967635465,0.57877727867659,0.0,-0.2537760416666667,0.0,0.0,2.4999999997500004,1.486292109510867,0.38941018052438114,weak,dispersion,0.5
adaptive n0=0.5,30026,1.0656275649457907,0.955188882061745,0.09406926691124576,0.12219982875927017,0.5698988169075837,0.0,-0.24986979166666662,0.0,0.0,2.49999999975,1.3406130170096584,0.4251031503325153,weak,dispersion,0.5
adaptive n0=0.5,30027,1.0854448118746987,0.9737602046713376,0.09583614785413655,0.12472084618716771,0.5914135603510285,0.0,-0.2541666666666665,0.0,0.0,2.49999999975,1.4688786563878664,0.40262928307868484,weak,dispersion,0.5
adaptive n0=0.5,30028,1.085358911681734,0.974466706583694,0.09463615158484007,0.1296418890162357,0.6311019914612062,0.0,-0.2779947916666667,0.0,0.0,2.4999999997500004,1.5067971244809801,0.41883673734683474,weak,dispersion,0.5
adaptive n0=0.5,30029,1.0211697582221926,0.9147942237220854,0.08901801748888592,0.11667281071407949,0.5491708032881525,0.0,-0.26197916666666665,0.0,0.0,2.49999999975,1.3761113511029133,0.39907439383303395,weak,dispersion,0.5
adaptive n0=0.5,30030,1.0676696361521532,0.9556642204646011,0.09275654694854865,0.12310295432275231,0.555721812004188,0.0,-0.2802083333333334,0.0,0.0,2.49999999975,1.3899018325594439,0.3998281022342782,weak,dispersion,0.5
adaptive n0=0.5,30031,1.1354471627070244,1.0194391049627267,0.09911112252070245,0.12641411278301196,0.6006872634197398,0.0,-0.28867187499999997,0.0,0.0,2.49999999975,1.5568474658930467,0.38583565608026377,weak,dispersion,0.5
adaptive n0=0.5,30032,1.089528531486833,0.9772720801813692,0.09578228023201663,0.12187581517517904,0.5670955769316165,0.0,-0.26341145833333335,0.0,0.0,2.49999999975,1.4786554893768464,0.3835210980555106,weak,dispersion,0.5
adaptive n0=0.5,30033,1.1383871748562304,1.022453975447928,0.10062908206895638,0.12733733090193253,0.5972089961044758,0.0,-0.2641927083333333,0.0,0.0,2.49999999975,1.3990188704887108,0.42687701267092726,weak,dispersion,0.5
adaptive n0=0.5,30034,1.0864069786185893,0.9751675078970246,0.09565892702852558,0.11049341963721497,0.504131711157791,0.0,-0.25963541666666673,0.0,0.0,2.49999999975,1.4122843418307454,0.356961906484274,weak,dispersion,0.5
adaptive n0=0.5,30035,1.1227568881411927,1.0076516282811236,0.09855824089745259,0.13172791385738591,0.6054013012762475,0.0,-0.2743489583333333,0.0,0.0,2.4999999997500004,1.404250077786351,0.43112071763641807,weak,dispersion,0.5
adaptive n0=0.5,30036,1.107205483864433,0.9951865767205316,0.09852002755310997,0.12471637292661478,0.598573317882544,0.0,-0.24401041666666656,0.0,0.0,2.49999999975,1.4623071322349661,0.409334882315519,weak,dispersion,0.5
adaptive n0=0.5,30037,1.0749440441287985,0.9641494545551554,0.09253346691287985,0.11753776772397265,0.5528878776265191,0.0,-0.29921875,0.0,0.0,2.49999999975,1.4254969205279806,0.3878562413321374,weak,dispersion,0.5
adaptive n0=0.5,30038,1.1041113237587035,0.9908728256083636,0.09592545529253702,0.12124463429823434,0.5437880240108325,0.0,-0.2897135416666667,0.0,0.0,2.49999999975,1.4968161241575424,0.3632964765908667,weak,dispersion,0.5
adaptive n0=0.5,30039,1.0761597488544703,0.9668757205220596,0.09553264155211369,0.12408762934373067,0.6016425756239987,0.0,-0.24166666666666664,0.0,0.0,2.49999999975,1.446774114011924,0.4158510784766779,weak,dispersion,0.5
adaptive n0=0.5,30040,1.0972252415989936,0.987158341818729,0.09797773249323269,0.12141761635277018,0.5930484019383666,0.0,-0.23489583333333347,0.0,0.0,2.49999999975,1.4769726917071804,0.401529700087334,weak,dispersion,0.5
adaptive n0=0.5,30041,1.1316318641445207,1.0157633817411227,0.09863193641445206,0.12382297629696448,0.5711478655289584,0.0,-0.2906249999999999,0.0,0.0,2.4999999997500004,1.5088247645645454,0.3785382364755887,weak,dispersion,0.5
adaptive n0=0.5,30042,1.0928588204261211,0.9834560058967665,0.09879109037594548,0.11949049196771258,0.6104943597396759,0.0,-0.20989583333333323,0.0,0.0,2.49999999975,1.4799172470414708,0.41251925468138584,weak,dispersion,0.5
adaptive n0=0.5,30043,1.1174747505984142,1.0023286935316378,0.09833601672650807,0.12191879415049484,0.5834222761737728,0.0,-0.2682291666666667,0.0,0.0,2.49999999975,1.4558017889699402,0.40075666934478504,weak,dispersion,0.5
adaptive n0=0.5,30044,1.0917979952027534,0.9791434396907597,0.09460297660360867,0.11890740887967306,0.5220380274888348,0.0,-0.29153645833333347,0.0,0.0,2.49999999975,1.4041788404517512,0.37177460053513206,weak,dispersion,0.5
adaptive n0=0.5,30045,1.1107299289580037,0.9957770800812804,0.09730346164580037,0.12077749946143672,0.5401635474255714,0.0,-0.275390625,0.0,0.0,2.49999999975,1.482993519797691,0.3642386431326147,weak,dispersion,0.5
adaptive n0=0.5,30046,1.0230982997750695,0.9168570961809089,0.09151555914417361,0.12302559404194337,0.5863262161645844,0.0,-0.2158854166666666,0.0,0.0,2.49999999975,1.3898118706504314,0.42187452024725036,weak,dispersion,0.5
adaptive n0=0.5,30047,1.1137130994975817,0.9990535849877414,0.09821375786642482,0.12625398503485089,0.5907544118562328,0.0,-0.26315104166666675,0.0,0.0,2.49999999975,1.5120564454729801,0.39069600452081094,weak,dispersion,0.5
adaptive n0=0.5,30048,1.1452427171139878,1.0289515221627292,0.1003836467113988,0.12452422204983092,0.5818111028080989,0.0,-0.2828125000000001,0.0,0.0,2.49999999975,1.4770445389594977,0.39390220637351603,weak,dispersion,0.5
adaptive n0=0.5,30049,1.08568706278495,0.9762583592347696,0.095443706278495,0.1246721253901827,0.5895742208894708,0.0,-0.26249999999999996,0.0,0.0,2.49999999975,1.4675115193654833,0.4017510003222247,weak,dispersion,0.5
adaptive n0=1.0,30000,1.1285953160449598,1.0142183225373165,0.09979963577116266,0.1276961988039179,0.5897000128342884,0.0,-0.2611979166666667,0.0,0.0,2.4999999997500004,1.4717854954956064,0.40066980863655943,weak,dispersion,1.0
adaptive n0=1.0,30001,1.108800389516546,0.9965260126229308,0.09746858061832124,0.11807365845769677,0.5519452494281449,0.0,-0.26822916666666674,0.0,0.0,2.49999999975,1.5150653990750664,0.36430457045953424,weak,dispersion,1.0
adaptive n0=1.0,30002,1.0932678502083495,0.9809614258137102,0.09706116002083494,0.1204911020287024,0.5679497109939539,0.0,-0.2453125,0.0,0.0,2.49999999975,1.3832546328463848,0.41058941535967125,weak,dispersion,1.0
adaptive n0=1.0,30003,1.1027745572223517,0.9903458978084827,0.09659907030556851,0.1258165300553527,0.5768138466464183,0.0,-0.2735677083333333,0.0,0.0,2.4999999997500004,1.399817647583521,0.4120635624519817,weak,dispersion,1.0
adaptive n0=1.0,30004,1.1048459993065605,0.9913843100261932,0.09643512076398938,0.1226381960628691,0.5644774677588825,0.0,-0.2809895833333333,0.0,0.0,2.4999999997500004,1.478087228615911,0.3818972634568139,weak,dispersion,1.0
adaptive n0=1.0,30005,1.1276832907510683,1.0118443022684296,0.09841286032510681,0.12718053312483174,0.5587969746378862,0.0,-0.287109375,0.0,0.0,2.49999999975,1.4792312132086356,0.3777617519480179,weak,dispersion,1.0
adaptive n0=1.0,30006,0.9972307965140575,0.8930442900999479,0.0876853192347391,0.10396487838399562,0.4962342140997789,0.0,-0.24075520833333314,0.0,0.0,2.49999999975,1.3683629617394746,0.3626480897063757,weak,dispersion,1.0
adaptive n0=1.0,30007,1.0680862333848113,0.9569264304198968,0.09417841500514781,0.12097748847430373,0.5816657534019724,0.0,-0.25260416666666674,0.0,0.0,2.49999999975,1.3679405867325196,0.4252127314910267,weak,dispersion,1.0
adaptive n0=1.0,30008,1.082875389998381,0.9711476134415047,0.09518207024983812,0.12397491387472036,0.5863974619539831,0.0,-0.262109375,0.0,0.0,2.49999999975,1.4616373294237817,0.4011921768481087,weak,dispersion,1.0
adaptive n0=1.0,30009,1.1479975849361719,1.0327873958171312,0.10043126891028387,0.12534537781593927,0.5651550223567156,0.0,-0.28736979166666665,0.0,0.0,2.49999999975,1.4425617643050739,0.3917718023179188,weak,dispersion,1.0
adaptive n0=1.0,30010,1.0590422942341648,0.94819040123584,0.09341725025674982,0.12499829994398926,0.5721846359369666,0.0,-0.2497395833333333,0.0,0.0,2.49999999975,1.3925299698488547,0.41089574251609934,weak,dispersion,1.0
adaptive n0=1.0,30011,1.1062876359160265,0.992487754927647,0.09700897192493599,0.12309368967526754,0.546276978398304,0.0,-0.2723958333333334,0.0,0.0,2.49999999975,1.3650894484164011,0.4001766910088005,weak,dispersion,1.0
adaptive n0=1.0,30012,1.0573185247152346,0.9497893034268869,0.09298445663819012,0.11094128204154133,0.5115867052386875,0.0,-0.2549479166666667,0.0,0.0,2.4999999997500004,1.3653935399661212,0.37468077170731395,weak,dispersion,1.0
adaptive n0=1.0,30013,1.1118290342323862,0.9978512943241746,0.09771285133990529,0.1189662141273024,0.5596668225392732,0.0,-0.2694010416666666,0.0,0.0,2.49999999975,1.4621343556519049,0.382773867788464,weak,dispersion,1.0
adaptive n0=1.0,30014,1.055973079802295,0.9427151010636694,0.09256996423022952,0.12330681207716106,0.5642930199475309,0.0,-0.260546875,0.0,0.0,2.49999999975,1.3858895688428583,0.40717026279278845,weak,dispersion,1.0
adaptive n0=1.0,30015,1.0863069674875885,0.9730224548297695,0.0951671550820922,0.12600936724675255,0.59666238878081,0.0,-0.26927083333333335,0.0,0.0,2.49999999975,1.4909555136863635,0.40018792197600306,weak,dispersion,1.0
adaptive n0=1.0,30016,1.1364430093990117,1.0203007978448055,0.10036305093990117,0.1243498063341147,0.5820497193122482,0.0,-0.265625,0.0,0.0,2.49999999975,1.4362218048281405,0.40526450535396014,weak,dispersion,1.0
adaptive n0=1.0,30017,1.0520372929140702,0.9433577715640128,0.09406440637474034,0.12231530115015328,0.5957205362876457,0.0,-0.22278645833333338,0.0,0.0,2.49999999975,1.4401035595132106,0.4136650675934816,weak,dispersion,1.0
adaptive n0=1.0,30018,1.1312457857344023,1.0159344783713464,0.09878213065677355,0.11372748409295756,0.5184700441716259,0.0,-0.2868489583333333,0.0,0.0,2.49999999975,1.524436153280599,0.3401061061533303,weak,dispersion,1.0
adaptive n0=1.0,30019,1.119890311442533,1.005022218134936,0.09806324989425332,0.11894816324018728,0.5256008546439589,0.0,-0.278515625,0.0,0.0,2.49999999975,1.4531331511167336,0.3617017850291519,weak,dispersion,1.0
adaptive n0=1.0,30020,1.130892443771908,1.018347082587272,0.10062830687719079,0.11413077750650025,0.5415214392499256,0.0,-0.24921874999999993,0.0,0.0,2.49999999975,1.4408199352671751,0.37584255047769716,weak,dispersion,1.0
adaptive n0=1.0,30021,1.0775917015033418,0.9663791567617364,0.09535682640033419,0.1219832751460601,0.5574513254319658,0.0,-0.2480468750000001,0.0,0.0,2.49999999975,1.370756107535293,0.4066743327770386,weak,dispersion,1.0
adaptive n0=1.0,30022,1.0794212891004638,0.9680411711306391,0.09507754557671307,0.12956375718270524,0.6231252738636868,0.0,-0.2572916666666666,0.0,0.0,2.4999999997500004,1.4238888278323194,0.4376221385291096,weak,dispersion,1.0
adaptive n0=1.0,30023,1.0823810458347856,0.9718446778250321,0.09398680250014521,0.12097149386903183,0.5541405919091521,0.0,-0.28502604166666673,0.0,0.0,2.49999999975,1.4859016050157685,0.37293222514775565,weak,dispersion,1.0
adaptive n0=1.0,30024,1.1125429711901602,0.9988474748656795,0.09713971378568269,0.12439085470099161,0.5690862229702766,0.0,-0.28229166666666666,0.0,0.0,2.49999999975,1.4843763399449297,0.3833840567624445,weak,dispersion,1.0
adaptive n0=1.0,30025,1.0897986609137535,0.980101925094103,0.09627153275804202,0.12224916241772092,0.5783664948622772,0.0,-0.2541666666666668,0.0,0.0,2.49999999975,1.4750715737470754,0.39209385168549615,weak,dispersion,1.0
adaptive n0=1.0,30026,1.0973345114480098,0.9845061922981244,0.09694048239480098,0.12219982875927017,0.5698988169075837,0.0,-0.255859375,0.0,0.0,2.49999999975,1.4527150833632128,0.39229909803662144,weak,dispersion,1.0
adaptive n0=1.0,30027,1.0854394083729293,0.9737232483629182,0.09586815958729294,0.12472084618716771,0.5914135603510285,0.0,-0.25351562499999986,0.0,0.0,2.49999999975,1.466742881879973,0.4032155653572998,weak,dispersion,1.0
adaptive n0=1.0,30028,1.0934338213580155,0.9816782923550985,0.09545015296913488,0.1296418890162357,0.6311019914612062,0.0,-0.27786458333333336,0.0,0.0,2.49999999975,1.5475803240281163,0.40779918280334787,weak,dispersion,1.0
adaptive n0=1.0,30029,1.0450877117676767,0.9367699324354568,0.091963198260101,0.11667281071407949,0.5491708032881525,0.0,-0.2509114583333332,0.0,0.0,2.49999999975,1.409925938319894,0.38950329826725455,weak,dispersion,1.0
adaptive n0=1.0,30030,1.0722440568610219,0.9599503081956982,0.09324654110276885,0.12310295432275231,0.555721812004188,0.0,-0.27955729166666676,0.0,0.0,2.49999999975,1.3829430150810382,0.4018399933648919,weak,dispersion,1.0
adaptive n0=1.0,30031,1.1363886375416,1.0202505605859904,0.09910110333749333,0.12641411278301196,0.6006872634197398,0.0,-0.29075520833333324,0.0,0.0,2.49999999975,1.5506404598695682,0.38738010452162874,weak,dispersion,1.0
adaptive n0=1.0,30032,1.0897780441190204,0.977489300945969,0.09578118982856869,0.12187581517517904,0.5670955769316165,0.0,-0.26393229166666665,0.0,0.0,2.49999999975,1.4700133976811742,0.3857757880480296,weak,dispersion,1.0
adaptive n0=1.0,30033,1.1384647514067288,1.0226069509272178,0.10070845430733952,0.1273689465811057,0.5973572728736404,0.0,-0.2627604166666667,0.0,0.0,2.49999999975,1.4019860675023212,0.42607932184222747,weak,dispersion,1.0
adaptive n0=1.0,30034,1.088411710144284,0.9769360959273512,0.09562502518109506,0.11054646999272048,0.5043737560378059,0.0,-0.2643229166666667,0.0,0.0,2.49999999975,1.4226685230489509,0.3545265449163603,weak,dispersion,1.0
adaptive n0=1.0,30035,1.1142949378999836,1.000098233968779,0.09818079587333169,0.13172791385738591,0.6054013012762475,0.0,-0.2649739583333333,0.0,0.0,2.49999999975,1.4035879772488242,0.4313240859065321,weak,dispersion,1.0
adaptive n0=1.0,30036,1.1161711016717226,1.002617109697046,0.09854419350050557,0.12471637292661478,0.598573317882544,0.0,-0.2614583333333333,0.0,0.0,2.49999999975,1.483414678232855,0.4035104456399241,weak,dispersion,1.0
adaptive n0=1.0,30037,1.0678333173665642,0.9585308324447126,0.0939317692366564,0.11753776772397265,0.5528878776265191,0.0,-0.25703124999999993,0.0,0.0,2.49999999975,1.379824882935543,0.40069423624993916,weak,dispersion,1.0
adaptive n0=1.0,30038,1.104125427014925,0.9908661986640154,0.09592686561815915,0.12124463429823434,0.5437880240108325,0.0,-0.2897135416666667,0.0,0.0,2.49999999975,1.499215503068493,0.36271504856896414,weak,dispersion,1.0
adaptive n0=1.0,30039,1.1079881564377632,0.9963275185126532,0.09805793022710964,0.12408762934373067,0.6016425756239987,0.0,-0.2548177083333333,0.0,0.0,2.49999999975,1.4774821844435184,0.40720800694500586,weak,dispersion,1.0
adaptive n0=1.0,30040,1.0961772318679774,0.9862425816543785,0.09797709818679774,0.12141761635277018,0.5930484019383666,0.0,-0.23281250000000014,0.0,0.0,2.49999999975,1.4684461198964183,0.40386119306862905,weak,dispersion,1.0
adaptive n0=1.0,30041,1.1308851310125347,1.0150952955226347,0.09856377351792014,0.12382297629696448,0.5711478655289584,0.0,-0.29049479166666675,0.0,0.0,2.49999999975,1.5035959055491737,0.3798546294393853,weak,dispersion,1.0
adaptive n0=1.0,30042,1.0993370775014581,0.9894858344174404,0.09886599941681248,0.11949049196771258,0.6104943597396759,0.0,-0.22135416666666657,0.0,0.0,2.49999999975,1.4928337633887514,0.40894999477627436,weak,dispersion,1.0
adaptive n0=1.0,30043,1.1287238644215154,1.0128125431462935,0.09936978227548487,0.12191879415049484,0.5834222761737728,0.0,-0.27005208333333336,0.0,0.0,2.49999999975,1.4875971166196933,0.3921910506922055,weak,dispersion,1.0
adaptive n0=1.0,30044,1.1012681908932707,0.9876651185075733,0.09534817325599373,0.11890740887967306,0.5220380274888348,0.0,-0.29557291666666674,0.0,0.0,2.49999999975,1.4540108157177325,0.3590331116148851,weak,dispersion,1.0
adaptive n0=1.0,30045,1.1162821149283384,1.0006190007968514,0.09718159690950048,0.12077749946143672,0.5401635474255714,0.0,-0.2889322916666666,0.0,0.0,2.49999999975,1.5305864729145133,0.35291279322298097,weak,dispersion,1.0
adaptive n0=1.0,30046,1.035629190798075,0.9278030115036364,0.09208505449647417,0.12302559404194337,0.5863262161645844,0.0,-0.22955729166666666,0.0,0.0,2.4999999997500004,1.440290015206743,0.4070889959480984,weak,dispersion,1.0
adaptive n0=1.0,30047,1.1074491239233026,0.9930148677237319,0.09737902697566359,0.12625398503485089,0.5907544118562328,0.0,-0.26731770833333335,0.0,0.0,2.49999999975,1.5134756995218488,0.3903296313530963,weak,dispersion,1.0
adaptive n0=1.0,30048,1.1443262982387599,1.0281742574661736,0.10037012982387598,0.12452422204983092,0.5818111028080989,0.0,-0.2812500000000001,0.0,0.0,2.49999999975,1.465101430063409,0.3971131901652149,weak,dispersion,1.0
adaptive n0=1.0,30049,1.0968016857690734,0.9865670854691149,0.09649006441024068,0.1246721253901827,0.5895742208894708,0.0,-0.2638020833333334,0.0,0.0,2.49999999975,1.4823486893785147,0.3977297818751767,weak,dispersion,1.0
