policy,scenario_seed,return_sum,return_disc,dpeak_frac_mean,dpeak_frac_final,dpeak_mw_final,overload_delta_sum,volt_delta_sum,overload_frac_sum,rpf_max_mw,offered_total_mw,installed_total_mw,budget_efficiency,algo
ppo-bass-s0,10000,0.874538768014348,0.782776897247479,0.08738877263476813,0.1102925049304511,0.5144036365994634,0.0,-0.0013020833333333333,0.0,0.0,2.4962070645741665,1.1417404718278985,0.4505434021935964,ppo-bass
ppo-bass-s0,10001,0.8384753598708259,0.7476255747235547,0.08360665057041593,0.1234256125363634,0.5866301289111625,0.0,-0.0048177083333333336,0.0,0.0,2.4972085082496314,1.106126338772436,0.5303464065074127,ppo-bass
ppo-bass-s0,10002,0.8869930200224025,0.7920470217003406,0.08869930200224026,0.127461396723498,0.5825256462142406,0.0,0.0,0.0,0.0,2.495249783684435,1.1613547353729046,0.5015914849024962,ppo-bass
ppo-bass-s0,10003,0.8059260277303708,0.7183942228590341,0.08041031110637042,0.10477214518121275,0.49693674404035026,0.0,-0.0036458333333333334,0.0,0.0,2.496162327762271,1.1155670813701724,0.4454566223216249,ppo-bass
ppo-bass-s0,10004,0.8674369123852823,0.7757033981729041,0.08663301415519489,0.12707667488010604,0.5984228549486689,0.0,-0.0022135416666666666,0.0,0.0,2.495358321327737,1.1692156409087955,0.5118156429070116,ppo-bass
ppo-bass-s0,10005,0.8616668528672683,0.7691433422544168,0.08616017487006015,0.11770011728083322,0.5391191447317333,0.0,-0.00013020833333333333,0.0,0.0,2.496150259573881,1.1497225414372152,0.4689123899908975,ppo-bass
ppo-bass-s0,10006,0.8966737466933818,0.800433237603784,0.08966737466933819,0.12831738447147198,0.5685176867568671,0.0,0.0,0.0,0.0,2.4963641142333457,1.1359880522011472,0.5004609737358406,ppo-bass
ppo-bass-s0,10007,0.8326316658004221,0.7419161900325011,0.08233217699670888,0.12342440629765178,0.6061982824070874,-0.00013020833333333333,-0.018489583333333334,0.0,0.0,2.496948794538139,1.0887553696084202,0.5567809806762299,ppo-bass
ppo-bass-s0,10008,0.9073366764903976,0.8126852924524377,0.0906880947323731,0.12218833071573183,0.5721755456677919,0.0,-0.0009114583333333333,0.0,0.0,2.49562287099017,1.1899982406495666,0.48082049714247227,ppo-bass
ppo-bass-s0,10009,0.885986808153282,0.7911760351244044,0.0885986808153282,0.11993675513111539,0.5377006737364,0.0,0.0,0.0,0.0,2.496238376928536,1.139266608839491,0.4719708886088801,ppo-bass
ppo-bass-s0,10010,0.880626907779195,0.7875992843681724,0.08806269077791949,0.1177572488526416,0.530434439625381,0.0,0.0,0.0,0.0,2.495592431917969,1.1527766082196416,0.4601363662683862,ppo-bass
ppo-bass-s0,10011,0.8976846584031996,0.8024454613373393,0.08968383042365329,0.12565237467426127,0.5883366549564889,0.0,-0.0016927083333333334,0.0,0.0,2.49639746714672,1.1409927254087873,0.5156357633618598,ppo-bass
ppo-bass-s0,10012,0.8199583368857352,0.7319774479873542,0.08197630243857353,0.12680551873294862,0.5859550073814153,0.0,-0.000390625,0.0,0.0,2.4962980100297165,1.1267901860593297,0.5200213976220792,ppo-bass
ppo-bass-s0,10013,0.9064402796290458,0.8113880620247016,0.09064402796290458,0.1183858534640187,0.5359705410238161,0.0,0.0,0.0,0.0,2.495359569435976,1.1586394980192605,0.462586112367202,ppo-bass
ppo-bass-s0,10014,0.8226511059157822,0.7336759255130284,0.0819591210082449,0.1274470505851905,0.6102357108008173,0.0,-0.006119791666666667,0.0,0.0,2.4964487715678354,1.1265961755720948,0.5416632188467483,ppo-bass
ppo-bass-s0,10015,0.787122534523091,0.7008664831213552,0.0786145972023091,0.11337643894226862,0.5302621787850321,0.0,-0.001953125,0.0,0.0,2.4963945399715683,1.094124087390214,0.48464537514191175,ppo-bass
ppo-bass-s0,10016,0.8252701144587383,0.735153292206958,0.08252050102920716,0.12131953131160092,0.5630609680125972,0.0,-0.00013020833333333333,0.0,0.0,2.4967468498811387,1.1149235378514404,0.505022047608455,ppo-bass
ppo-bass-s0,10017,0.8607364541359159,0.7691088672861236,0.08604109333025825,0.12565053529928497,0.5870645891511885,0.0,-0.0006510416666666666,0.0,0.0,2.4963420205957103,1.114566129512097,0.5267202847875675,ppo-bass
ppo-bass-s0,10018,0.8642464949162082,0.7714893439086917,0.08632699324162083,0.12300985064452735,0.5775965481382273,0.0,-0.001953125,0.0,0.0,2.4955520893184278,1.1548442515468813,0.50015103540114,ppo-bass
ppo-bass-s0,10019,0.8713360242499552,0.7798924082604286,0.08712709200832885,0.12493386665234348,0.5792556501264203,0.0,-0.00013020833333333333,0.0,0.0,2.4961004980701547,1.1424615781142395,0.5070241846404555,ppo-bass
ppo-bass-s0,10020,0.8320230202793217,0.7431793672853522,0.08313068744459885,0.10970095426821565,0.5133593185316322,0.0,-0.0014322916666666666,0.0,0.0,2.496047130255664,1.128424939090471,0.4549343963856455,ppo-bass
ppo-bass-s0,10021,0.8685802566832634,0.7781473791615698,0.08623953608499302,0.10284488788588676,0.4962680710642071,0.0,-0.012369791666666666,0.0,0.0,2.496966729433879,1.1205738632625912,0.4428695754328097,ppo-bass
ppo-bass-s0,10022,0.8472714772140356,0.757260395483873,0.0842909498047369,0.11712882755598926,0.5629484764163472,0.0,-0.008723958333333334,0.0,0.0,2.4969269865222743,1.1056553618422769,0.5091536620220836,ppo-bass
ppo-bass-s0,10023,0.8259352900197565,0.7357927233582171,0.082508893585309,0.12454580421474287,0.5887366554796627,0.0,-0.0016927083333333334,0.0,0.0,2.496238936509972,1.139702260612522,0.5165705779711728,ppo-bass
ppo-bass-s0,10024,0.8529570229645661,0.7595462969687501,0.08447538979645661,0.12692248498498698,0.6191799869510396,0.0,-0.01640625,0.0,0.0,2.4962421843945917,1.1559160736109297,0.5356617154883943,ppo-bass
ppo-bass-s0,10025,0.9091094188633706,0.8141872610450304,0.09091094188633705,0.11133312579357812,0.48255134066085337,0.0,0.0,0.0,0.0,2.4955306201255123,1.1720508118572672,0.41171537597093416,ppo-bass
ppo-bass-s0,10026,0.8556046356379551,0.7632759219873326,0.08490942189712883,0.12079641676930143,0.5896207796685894,0.0,-0.013020833333333334,0.0,0.0,2.49628403337536,1.1310736700746498,0.5212929937885257,ppo-bass
ppo-bass-s0,10027,0.8489964225752656,0.7582363229965176,0.0848931318408599,0.12372030740078609,0.5677050144279893,0.0,-0.00013020833333333333,0.0,0.0,2.4955644458524757,1.1588590331987856,0.48988271926479227,ppo-bass
ppo-bass-s0,10028,0.8538485293645205,0.762412361065769,0.08538485293645205,0.12493360023396419,0.5661993597552591,0.0,0.0,0.0,0.0,2.495723179534139,1.155660164211903,0.48993586288524194,ppo-bass
ppo-bass-s0,10029,0.8799914149445973,0.7862116234323958,0.08774523524445973,0.12479933392323724,0.5960136780879739,0.0,-0.005078125,0.0,0.0,2.496915322626131,1.1461568167110165,0.5200105861589517,ppo-bass
ppo-bass-s0,10030,0.8529585725426582,0.7615258817274557,0.08512007600426581,0.12661203713849406,0.6023002009676438,0.0,-0.003515625,0.0,0.0,2.4964920770042647,1.0991627291149122,0.5479627220008078,ppo-bass
ppo-bass-s0,10031,0.8604136979102098,0.7692317723250283,0.08604136979102098,0.12080648439856136,0.5542028506693982,0.0,0.0,0.0,0.0,2.4956181109688242,1.1565721699870952,0.47917705876977995,ppo-bass
ppo-bass-s0,10032,0.8492607732825194,0.7568673162260708,0.08410576482825194,0.12518013724862323,0.6139050399747339,0.0,-0.01640625,0.0,0.0,2.4966265206819944,1.1127376041999837,0.5517069232293165,ppo-bass
ppo-bass-s0,10033,0.8917772643706274,0.7988328643431097,0.08885871602039608,0.11904388501005822,0.562328962014184,0.0,-0.006380208333333333,0.0,0.0,2.493565628206648,1.2144202561708015,0.46304313449716994,ppo-bass
ppo-bass-s0,10034,0.8866203161813533,0.794052514687721,0.08866203161813532,0.12562670617250055,0.5680810249714005,0.0,0.0,0.0,0.0,2.494242380343623,1.185608450501957,0.47914724691013216,ppo-bass
ppo-bass-s0,10035,0.8725974305634773,0.781914945600392,0.08719463888968107,0.11215839607301534,0.5253847106754002,0.0,-0.0013020833333333333,0.0,0.0,2.4943238061004482,1.1868544476881788,0.44266987556795506,ppo-bass
ppo-bass-s0,10036,0.8177416853815167,0.7294059518416358,0.08163744978815167,0.11559542155975655,0.5461833502808376,0.0,-0.002734375,0.0,0.0,2.4962637898227094,1.127725367956721,0.4843230149823132,ppo-bass
ppo-bass-s0,10037,0.8292637218847131,0.7404218767162538,0.0828677784384713,0.11938368263714995,0.5592138379004382,0.0,-0.001171875,0.0,0.0,2.4967539807308423,1.1105610452531054,0.5035417371162961,ppo-bass
ppo-bass-s0,10038,0.8577001415921135,0.7660746598930701,0.08577001415921134,0.11673145828044201,0.5367798925712863,0.0,0.0,0.0,0.0,2.4960772906932496,1.1474098527381318,0.46781879316299824,ppo-bass
ppo-bass-s0,10039,0.8492014856152362,0.7563635167057938,0.08339671106152362,0.12457946460638109,0.6196643779066153,0.0,-0.030468750000000003,0.0,0.0,2.496792719574293,1.1123231496425023,0.5570902467558765,ppo-bass
ppo-bass-s0,10040,0.8817392267911491,0.789123623057328,0.08815439142911491,0.12463530071616415,0.5787115949095487,0.0,-0.000390625,0.0,0.0,2.49434707001399,1.1747932400930492,0.4926071883625343,ppo-bass
ppo-bass-s0,10041,0.841528414761121,0.7517369023856936,0.0841528414761121,0.11673712103586509,0.5379993997994275,0.0,0.0,0.0,0.0,2.4955351292261985,1.1799553919930643,0.455948931163145,ppo-bass
ppo-bass-s0,10042,0.8255409541418004,0.734971424615019,0.08255409541418005,0.12420726124384475,0.552525701521683,0.0,0.0,0.0,0.0,2.4972143492585666,1.0919663530658086,0.5059915078614006,ppo-bass
ppo-bass-s0,10043,0.8748643794853129,0.7815540806005241,0.0874864379485313,0.12145610589850693,0.5513753888913443,0.0,0.0,0.0,0.0,2.4953147261395516,1.1455519036312523,0.48131855670926404,ppo-bass
ppo-bass-s0,10044,0.8244037056457048,0.733736197390224,0.08244037056457047,0.12407308223882757,0.5627620348331434,0.0,0.0,0.0,0.0,2.4953830634984966,1.1242141013956504,0.5005826151215369,ppo-bass
ppo-bass-s0,10045,0.872021753791431,0.7796388905142814,0.08719566496247642,0.11752656254896267,0.5401247999562288,0.0,-0.00013020833333333333,0.0,0.0,2.4961328733368098,1.1406149888240524,0.4735382274022936,ppo-bass
ppo-bass-s0,10046,0.8220883850921916,0.7319416689116361,0.0822023280925525,0.11265022038167488,0.5171362525824061,0.0,-0.00013020833333333333,0.0,0.0,2.4967101805505343,1.1262477010213225,0.45916742126394405,ppo-bass
ppo-bass-s0,10047,0.8371211245899156,0.7476059156872131,0.08371211245899156,0.11206508084379005,0.5126792272771304,0.0,0.0,0.0,0.0,2.4965609879419985,1.0994173254614332,0.4663190359147336,ppo-bass
ppo-bass-s0,10048,0.8487979651949367,0.75727852380526,0.08467146318616033,0.12820656070489495,0.608597714068168,0.0,-0.004166666666666667,0.0,0.0,2.4963050420611976,1.1444753773988792,0.5317700372474296,ppo-bass
ppo-bass-s0,10049,0.89264636590992,0.796940706964795,0.08888052200765867,0.12638659596053178,0.6072960136851098,0.0,-0.007682291666666666,0.0,0.0,2.495814293342666,1.1486161831128148,0.5287197086491532,ppo-bass
ppo-bass-s0,10050,0.8572770436788373,0.7658427225902507,0.08471858978455041,0.12707653744087308,0.6222297278926199,0.0,-0.020182291666666664,0.0,0.0,2.495416987035929,1.1511265732574905,0.5405398001818486,ppo-bass
ppo-bass-s0,10051,0.8458587654785753,0.7541336859695634,0.08438405363119086,0.12708696022381866,0.600820914537122,0.0,-0.004036458333333334,0.0,0.0,2.4963176374473273,1.1176897209518732,0.5375560884870954,ppo-bass
ppo-bass-s0,10052,0.8605343961623881,0.7667979630825756,0.08605343961623882,0.1267253527752616,0.5661694290899076,0.0,0.0,0.0,0.0,2.4974329525565726,1.0794446684652181,0.5245006489261759,ppo-bass
ppo-bass-s0,10053,0.8335252802355781,0.744493727018522,0.08324836135689115,0.12715180822715602,0.5941197848312463,0.0,-0.0020833333333333333,0.0,0.0,2.4965631490384887,1.1344299104782904,0.5237166080897476,ppo-bass
ppo-bass-s0,10054,0.865490726375524,0.7724312478843587,0.0861975101375524,0.1251514835269436,0.5982227998192994,-0.00013020833333333333,-0.0069010416666666664,0.0,0.0,2.496570023809207,1.110217104394276,0.5388340689866098,ppo-bass
ppo-bass-s0,10055,0.8311995901701931,0.7437467206418314,0.08256006318368594,0.11788217366426881,0.5706917472760579,0.0,-0.011197916666666667,0.0,0.0,2.4957654295931406,1.1439993902097005,0.49885668835142244,ppo-bass
ppo-bass-s0,10056,0.8618056729827206,0.7699248545393588,0.08618056729827206,0.12277625408282698,0.5404950424144909,0.0,0.0,0.0,0.0,2.495828618111701,1.1628273549440356,0.46481108318999237,ppo-bass
ppo-bass-s0,10057,0.8796994065895511,0.7860948508752176,0.08796994065895511,0.1253056238454684,0.574724836580092,0.0,0.0,0.0,0.0,2.495337976315655,1.1861163990826165,0.48454336945733495,ppo-bass
ppo-bass-s0,10058,0.8985368796288724,0.8039383716723754,0.08977556296288725,0.12693358889785708,0.5971268300319471,0.0,-0.0015625,0.0,0.0,2.495148566784642,1.1492014594264215,0.5196015242879863,ppo-bass
ppo-bass-s0,10059,0.8893903186433231,0.7967530539292198,0.0889390318643323,0.1163387800020057,0.5283143252772216,0.0,0.0,0.0,0.0,2.495057616765087,1.1651848146660633,0.45341676155351723,ppo-bass
ppo-bass-s0,10060,0.8610168120378786,0.7696018106502232,0.08582824370378786,0.12754095892674605,0.6069295090543637,0.0,-0.00546875,0.0,0.0,2.4957012232583335,1.128670216751516,0.5377385706173756,ppo-bass
ppo-bass-s0,10061,0.8882105364940428,0.7929160005206602,0.08882105364940428,0.12853191723589777,0.5833930736457746,0.0,0.0,0.0,0.0,2.495955452446132,1.1187578246839613,0.5214650219859492,ppo-bass
ppo-bass-s0,10062,0.8758847835177024,0.7841806494670369,0.08758847835177024,0.1138374763986003,0.5198538147501868,0.0,0.0,0.0,0.0,2.4956829354378716,1.1786815757054947,0.44104686580769753,ppo-bass
ppo-bass-s0,10063,0.8777933206276053,0.7848256360151767,0.08775980081276054,0.1279245928466127,0.59306786658495,0.0,-0.000390625,0.0,0.0,2.4949899962431523,1.16561119102451,0.5088041974474139,ppo-bass
ppo-bass-s0,10064,0.8649998402702516,0.7728223829077583,0.08602472361035848,0.11133134192817876,0.5325201546445333,0.0,-0.009505208333333334,0.0,0.0,2.4959715370772617,1.1505684745149483,0.46283221419657866,ppo-bass
ppo-bass-s0,10065,0.8430503579176876,0.7518193915725744,0.08430503579176876,0.12335157249022273,0.570544372655514,0.0,0.0,0.0,0.0,2.4962037987224184,1.1221027103352617,0.5084600254508315,ppo-bass
ppo-bass-s0,10066,0.8493008145111544,0.7598753454959224,0.08493008145111544,0.11029034479255105,0.5030221406687424,0.0,0.0,0.0,0.0,2.4950642672577192,1.1814467642412794,0.42576792784377493,ppo-bass
ppo-bass-s0,10067,0.8696474430964276,0.7784426803027367,0.08687359847630942,0.11765751403195603,0.5516908460213226,0.0,-0.0018229166666666667,0.0,0.0,2.4957919837852605,1.1746747807356388,0.46965411624469094,ppo-bass
ppo-bass-s0,10068,0.8576466789711166,0.7643412424742397,0.08574513664711167,0.12350908058167197,0.5733412179004508,0.0,-0.000390625,0.0,0.0,2.496269072420853,1.1167737080937956,0.5133906840259325,ppo-bass
ppo-bass-s0,10069,0.822646669219348,0.7350638064692683,0.0822451356719348,0.12360352694601166,0.5732673789836372,0.0,-0.000390625,0.0,0.0,2.495766310686854,1.152507198247317,0.497408935801388,ppo-bass
ppo-bass-s0,10070,0.8058244147782626,0.7185658348974909,0.08058244147782626,0.10910648320093531,0.5020186123607482,0.0,0.0,0.0,0.0,2.4962769037810535,1.1191196182048389,0.44858351528680007,ppo-bass
ppo-bass-s0,10071,0.8541667409562108,0.7618448472431816,0.08541667409562108,0.11986314448208166,0.5478062713769032,0.0,0.0,0.0,0.0,2.495610518507726,1.1590963775575704,0.4726149455589119,ppo-bass
ppo-bass-s0,10072,0.8944755035771518,0.8000865916187279,0.08944755035771518,0.11878634537702425,0.5239020889100148,0.0,0.0,0.0,0.0,2.495938657741523,1.131495252339776,0.46301748754725885,ppo-bass
ppo-bass-s0,10073,0.9300778177587178,0.8329892607828926,0.09296871927587178,0.11493854903757604,0.5359541551293496,0.0,-0.00078125,0.0,0.0,2.494850783661933,1.1879135244894456,0.45117270245719093,ppo-bass
ppo-bass-s0,10074,0.8900418714044467,0.7963828075944176,0.08900418714044467,0.12740173377961525,0.5758692685889218,0.0,0.0,0.0,0.0,2.496487673086102,1.1266954114183703,0.5111135296663485,ppo-bass
ppo-bass-s0,10075,0.8506292077786669,0.7595782521412202,0.08476344161120002,0.12767077559712098,0.6101733028571079,0.0,-0.005989583333333333,0.0,0.0,2.4970485675272567,1.10020774361969,0.5545982623696449,ppo-bass
ppo-bass-s0,10076,0.8204310423219647,0.7311737732994755,0.08106654173219648,0.11919880979040601,0.582532352754024,0.0,-0.01953125,0.0,0.0,2.4970052057401113,1.0896877187218097,0.534586508359778,ppo-bass
ppo-bass-s0,10077,0.8746245855758072,0.7804178801248944,0.08731271897424739,0.12972673566973916,0.6145603265351955,0.0,-0.002994791666666667,0.0,0.0,2.495919907078345,1.137408301997381,0.5403163713997672,ppo-bass
ppo-bass-s0,10078,0.8510049405118235,0.7596516449614589,0.08508096280118235,0.12148018321753075,0.5655861365168453,0.0,-0.000390625,0.0,0.0,2.496110761702009,1.1397287830364455,0.4962462516828088,ppo-bass
ppo-bass-s0,10079,0.8650044731643535,0.7729507208581194,0.08650044731643534,0.12812970683418293,0.5801078815102715,0.0,0.0,0.0,0.0,2.496262699805546,1.138678299754866,0.509457220388899,ppo-bass
ppo-bass-s0,10080,0.913144656289594,0.8195229831421976,0.0913144656289594,0.11377369876602661,0.5096632965685448,0.0,0.0,0.0,0.0,2.4948406102380716,1.17478748284819,0.433834462836548,ppo-bass
ppo-bass-s0,10081,0.846193836451993,0.7540941008436652,0.08437849822853263,0.1287239158837028,0.6135185491455922,0.0,-0.0048177083333333336,0.0,0.0,2.4962897459764077,1.1269479493457273,0.5444071747073882,ppo-bass
ppo-bass-s0,10082,0.7856602703254766,0.6994054161472252,0.07816238119921433,0.12458726582350478,0.5971817618372097,0.0,-0.008072916666666666,0.0,0.0,2.4973684846512416,1.0706035944600703,0.5577991377269587,ppo-bass
ppo-bass-s0,10083,0.8971543726273541,0.8016598932219836,0.08971543726273541,0.12468852529491953,0.5668167304351582,0.0,0.0,0.0,0.0,2.494809258807261,1.182599396936201,0.4792973274835324,ppo-bass
ppo-bass-s0,10084,0.8765540653870711,0.7846717411459975,0.08725827112204046,0.11519898732632124,0.5555950564456716,0.0,-0.007942708333333333,0.0,0.0,2.495873959793424,1.1435570894966396,0.48584811510392395,ppo-bass
ppo-bass-s0,10085,0.8669374760803791,0.7732488897537464,0.08621848719137123,0.12125060285201755,0.5862651079504185,0.0,-0.009505208333333333,0.0,0.0,2.496286233577187,1.1304733405873297,0.5186014449892542,ppo-bass
ppo-bass-s0,10086,0.8639682058186825,0.7722016722273211,0.08624057058186826,0.12097744207805412,0.5704881756880322,0.0,-0.003125,0.0,0.0,2.496444863291758,1.1342863604270026,0.5029489867737382,ppo-bass
ppo-bass-s0,10087,0.8763781387828464,0.7826214263937724,0.08759224096161797,0.12630813587012735,0.5891837571541769,0.0,-0.0009114583333333333,0.0,0.0,2.4953643172855626,1.1782445010460765,0.5000522019250538,ppo-bass
ppo-bass-s0,10088,0.8674241878996307,0.7744238384508421,0.08648200212329642,0.1256199305980078,0.5943725246146842,0.0,-0.005208333333333333,0.0,0.0,2.4961258397252464,1.1550940401012122,0.5145663504268482,ppo-bass
ppo-bass-s0,10089,0.8179074222291727,0.7290038960532733,0.08034542972291728,0.12734165782064857,0.6349410918607755,0.0,-0.028906249999999998,0.0,0.0,2.4959709713922154,1.127448821067487,0.5631662209372865,ppo-bass
ppo-bass-s0,10090,0.8828971163861763,0.7888986136569178,0.0882376283052843,0.12712117302180742,0.5950280728134739,0.0,-0.0010416666666666667,0.0,0.0,2.4959142472800835,1.1533988318372654,0.5158909965823749,ppo-bass
ppo-bass-s0,10091,0.8856527179157874,0.7903923765565294,0.08803792804157873,0.12937125459550453,0.6265671301788162,0.0,-0.010546875,0.0,0.0,2.4960454235250578,1.1345545648566102,0.5522582602785652,ppo-bass
ppo-bass-s0,10092,0.8565443747068607,0.7646645791445935,0.0854135520540194,0.11578944495064832,0.5480069314421598,0.0,-0.0048177083333333336,0.0,0.0,2.495933597026718,1.140956495617888,0.4803048438278843,ppo-bass
ppo-bass-s0,10093,0.8196905182764194,0.7301566237717261,0.08144170807764194,0.11751633245104517,0.5635244520343067,0.0,-0.010546875,0.0,0.0,2.4967753084924893,1.1171458353530603,0.5044323079414351,ppo-bass
ppo-bass-s0,10094,0.8559607439810655,0.7640272837446983,0.08557003273143989,0.11915035809632359,0.5541671491494381,0.0,-0.0005208333333333333,0.0,0.0,2.4960909478709867,1.125857369385249,0.49221789919271,ppo-bass
ppo-bass-s0,10095,0.8742508741094385,0.7811025999516836,0.08739253532761052,0.12346008035175465,0.5756121587974021,0.0,-0.0006510416666666666,0.0,0.0,2.496197726631853,1.1407274605162487,0.5046009487111869,ppo-bass
ppo-bass-s0,10096,0.8883231438194736,0.7945449564141699,0.08883231438194736,0.1269818449793373,0.5739454005005278,0.0,0.0,0.0,0.0,2.4954494975844903,1.1592464260686675,0.49510215222050674,ppo-bass
ppo-bass-s0,10097,0.8811902207065232,0.7873330875212644,0.08787162623731899,0.12694006595372342,0.6064907014168129,0.0,-0.0049479166666666664,0.0,0.0,2.4954459587704205,1.1547426937153928,0.5252171801714759,ppo-bass
ppo-bass-s0,10098,0.876298233972698,0.7825264939313982,0.0876298233972698,0.1203332116429542,0.5372852842485341,0.0,0.0,0.0,0.0,2.4962019115840475,1.1515802901360543,0.46656345966554885,ppo-bass
ppo-bass-s0,10099,0.8736743825427759,0.7814349442538153,0.0873479070042776,0.12322530666384152,0.5658848251566956,0.0,-0.000390625,0.0,0.0,2.4954248591343964,1.1763685097489143,0.4810438399761983,ppo-bass
ppo-bass-s1,10000,0.8686878686622734,0.7772937623838776,0.08678415144956067,0.11064430639008396,0.5172794715040363,0.0,-0.0016927083333333334,0.0,0.0,2.497122989157693,1.1637985691958241,0.4444750880399109,ppo-bass
ppo-bass-s1,10001,0.8436062354468765,0.7526221724047049,0.08411973812802098,0.12366465054785727,0.5877662537122933,0.0,-0.0048177083333333336,0.0,0.0,2.497498026604208,1.1250406311647894,0.5224400234360964,ppo-bass
ppo-bass-s1,10002,0.8965347111141695,0.8009234475263102,0.08965347111141694,0.12870299869860283,0.5877003905199877,0.0,0.0,0.0,0.0,2.497485290454739,1.1802334459590191,0.4979526656630558,ppo-bass
ppo-bass-s1,10003,0.8047967634324674,0.717438726924405,0.08034295759324675,0.10534806078218995,0.4975280990125457,0.0,-0.002734375,0.0,0.0,2.4975081898450755,1.129673875055893,0.4404174602939538,ppo-bass
ppo-bass-s1,10004,0.8811434190894496,0.7877662299109571,0.08811434190894496,0.12755344216463776,0.5710947270425986,0.0,0.0,0.0,0.0,2.497333061925792,1.171121259768491,0.48764781808802055,ppo-bass
ppo-bass-s1,10005,0.8542457585851545,0.7622735973693723,0.08542457585851546,0.11770011728083304,0.5300191200368818,0.0,0.0,0.0,0.0,2.4972610300598928,1.1480805444474327,0.46165673880657754,ppo-bass
ppo-bass-s1,10006,0.8922129957064258,0.7966465212507091,0.08922129957064258,0.12831738447147203,0.5717086679842637,0.0,0.0,0.0,0.0,2.497155590520219,1.1991065433274177,0.4767788743757675,ppo-bass
ppo-bass-s1,10007,0.8404432408079653,0.7499447734137689,0.08404432408079653,0.11501879122875201,0.5302823816765654,0.0,0.0,0.0,0.0,2.4973597993441157,1.1654905989881739,0.4549864084162777,ppo-bass
ppo-bass-s1,10008,0.903751463273756,0.8088425207822223,0.09017332341070894,0.13136341706287502,0.6214581737269437,0.0,-0.004036458333333334,0.0,0.0,2.497690249034588,1.2117249594482855,0.5128706550782793,ppo-bass
ppo-bass-s1,10009,0.8739356080758385,0.7804634511220374,0.08739356080758384,0.11993675513111546,0.5383685398323332,0.0,0.0,0.0,0.0,2.497609644301894,1.1642041201399138,0.4624348346814236,ppo-bass
ppo-bass-s1,10010,0.8779618188821022,0.7852222801512022,0.08779618188821023,0.11784768954899319,0.5395810211476301,0.0,0.0,0.0,0.0,2.4971164801576307,1.1855165149021683,0.4551442467186192,ppo-bass
ppo-bass-s1,10011,0.8938638679956027,0.7987833064064793,0.0893017513828936,0.12565237467426127,0.5883366549564889,0.0,-0.0016927083333333334,0.0,0.0,2.4979033897451495,1.163800746338203,0.5055303984016496,ppo-bass
ppo-bass-s1,10012,0.8407147316687473,0.7502997716195491,0.08407147316687473,0.11724088384235795,0.5172335979014396,0.0,0.0,0.0,0.0,2.497327079972548,1.1473313258881324,0.4508144999013748,ppo-bass
ppo-bass-s1,10013,0.9061780001142692,0.810988976024577,0.09061780001142691,0.11840679511797653,0.536337129863864,0.0,0.0,0.0,0.0,2.4972052173707646,1.1733552472087405,0.45709697139015676,ppo-bass
ppo-bass-s1,10014,0.8668959016034355,0.7725678937921836,0.08668959016034355,0.1315332815740565,0.5970196746120355,0.0,0.0,0.0,0.0,2.4974295770170523,1.1539507220188479,0.5173701642714378,ppo-bass
ppo-bass-s1,10015,0.8026174236727185,0.7147654386201163,0.08026174236727185,0.11395008897205706,0.520516364937389,0.0,0.0,0.0,0.0,2.497725318830314,1.1484050437866278,0.45325154896663816,ppo-bass
ppo-bass-s1,10016,0.8229960150763537,0.7329031452379131,0.08229309109096869,0.12186929526711249,0.565612499671368,0.0,-0.00013020833333333333,0.0,0.0,2.497917838112119,1.134215181486859,0.49868182766686153,ppo-bass
ppo-bass-s1,10017,0.8634346179813943,0.771045202533779,0.08631090971480611,0.12678651578762573,0.5923721186183976,0.0,-0.0006510416666666666,0.0,0.0,2.4982821881495356,1.1535751584422558,0.5135097737526825,ppo-bass
ppo-bass-s1,10018,0.8693376064854909,0.7761842580129987,0.0868361043985491,0.12300985064452735,0.5775965481382273,0.0,-0.001953125,0.0,0.0,2.497758161193375,1.1769903390727459,0.49074026265438014,ppo-bass
ppo-bass-s1,10019,0.8691667380648848,0.7777191144246285,0.08691016338982181,0.12493386665234348,0.5792556501264203,0.0,-0.00013020833333333333,0.0,0.0,2.4976544547160757,1.1470044891489348,0.5050160270568966,ppo-bass
ppo-bass-s1,10020,0.8381622722677355,0.7487364949524291,0.08374461264344023,0.10980691873778524,0.5138551925032825,0.0,-0.0014322916666666666,0.0,0.0,2.497136908468395,1.1566686009717966,0.44425446672586905,ppo-bass
ppo-bass-s1,10021,0.8886556549570985,0.794431295321059,0.08802572174570984,0.1256073671480187,0.6109497525843335,0.0,-0.016796875,0.0,0.0,2.498023817623974,1.1481361822918252,0.5321230721644887,ppo-bass
ppo-bass-s1,10022,0.8563856130435785,0.7650722734841314,0.08539767588769119,0.12247234498122257,0.5809282130582378,0.0,-0.0048177083333333336,0.0,0.0,2.497895386962951,1.1101611136615135,0.5232827973430189,ppo-bass
ppo-bass-s1,10023,0.8367233476058941,0.7456510539190044,0.08358769934392274,0.12494108156005346,0.590605158908841,0.0,-0.0016927083333333334,0.0,0.0,2.497625317072702,1.17069110612762,0.5044927358015289,ppo-bass
ppo-bass-s1,10024,0.8513322289386006,0.7578479795438189,0.08431291039386006,0.12699983999793354,0.6195573564605674,0.0,-0.01640625,0.0,0.0,2.497706609379418,1.1779966081596784,0.5259415453058638,ppo-bass
ppo-bass-s1,10025,0.8979841646072635,0.8040339435176864,0.08979841646072635,0.12184175863698081,0.5495812813870389,0.0,0.0,0.0,0.0,2.4972999714690323,1.1874999655216758,0.4628053030263496,ppo-bass
ppo-bass-s1,10026,0.8603319149103201,0.7675750691811329,0.08537563940769868,0.12142308021114799,0.5926795938044179,0.0,-0.013151041666666667,0.0,0.0,2.4978585565115243,1.157410280910863,0.5120738977175741,ppo-bass
ppo-bass-s1,10027,0.8433191637187725,0.7529994421306596,0.08432540595521057,0.12365708634186305,0.5674149172489401,0.0,-0.00013020833333333333,0.0,0.0,2.497309439642592,1.1529175844000068,0.49215566223168516,ppo-bass
ppo-bass-s1,10028,0.8626965777190011,0.7702925632801957,0.08626965777190011,0.12607539899167916,0.57186287178346,0.0,0.0,0.0,0.0,2.496959327498799,1.1724720653185587,0.48774114855187256,ppo-bass
ppo-bass-s1,10029,0.8717080550462848,0.7781343138670848,0.08625283675462848,0.12479933392323726,0.6131682123496084,0.0,-0.018359374999999997,0.0,0.0,2.4976765889671704,1.1521576261651685,0.5321912544123604,ppo-bass
ppo-bass-s1,10030,0.8234032587923491,0.736554900409058,0.08234032587923491,0.10889554542548088,0.4956388155931627,0.0,0.0,0.0,0.0,2.4977920467529833,1.094180340667668,0.45297726267931687,ppo-bass
ppo-bass-s1,10031,0.8553325897740413,0.7640020854946243,0.08552674856073746,0.12477475537952579,0.5787382378945686,0.0,-0.00013020833333333333,0.0,0.0,2.4976360285184946,1.154343931788376,0.5013568503781659,ppo-bass
ppo-bass-s1,10032,0.8598137216685979,0.7663388329207108,0.0851610596668598,0.12674888411657587,0.6215984458923831,0.0,-0.01640625,0.0,0.0,2.497689761392126,1.156498530151245,0.5374831265986058,ppo-bass
ppo-bass-s1,10033,0.9042409772484723,0.8090652423524092,0.09041758730818056,0.12734827461129952,0.5904424872028234,0.0,-0.00013020833333333333,0.0,0.0,2.4976393056623207,1.184917212672009,0.4982985147724923,ppo-bass
ppo-bass-s1,10034,0.8720188759136975,0.7805031190836238,0.08720188759136975,0.12562670617250055,0.5680810249714005,0.0,0.0,0.0,0.0,2.4973985097005804,1.1624373518420286,0.4886981858172438,ppo-bass
ppo-bass-s1,10035,0.8699956544140347,0.7793470555174445,0.08693446127473681,0.11215839607301534,0.5253847106754002,0.0,-0.0013020833333333333,0.0,0.0,2.497065334477747,1.221189631791959,0.4302236908975856,ppo-bass
ppo-bass-s1,10036,0.8208707019498748,0.7318257254101088,0.08208707019498748,0.11759389103431184,0.5379008477797516,0.0,0.0,0.0,0.0,2.497810850998924,1.1592218177199305,0.4640189129960881,ppo-bass
ppo-bass-s1,10037,0.8428345983947985,0.7516908456767956,0.08387330358947984,0.13064940046721887,0.6342395632253484,0.0,-0.008203125,0.0,0.0,2.4982106230505474,1.1146399605727357,0.5690084562368075,ppo-bass
ppo-bass-s1,10038,0.8656592805455258,0.7723851832862999,0.08646176138788592,0.12621474845595845,0.5963861405844364,0.0,-0.0020833333333333333,0.0,0.0,2.4977974439058284,1.1751191474117901,0.5075112101593969,ppo-bass
ppo-bass-s1,10039,0.8560508770393058,0.7631763071216152,0.08456342103726391,0.1221626102917844,0.5990031673940257,0.0,-0.020833333333333336,0.0,0.0,2.497754309135025,1.149449832354137,0.5211216275243906,ppo-bass
ppo-bass-s1,10040,0.8788357905505719,0.7866821506893119,0.08787055822172385,0.12463190636808003,0.5758697301646862,0.0,-0.00026041666666666666,0.0,0.0,2.4965080616468143,1.1687212482039722,0.4927348852856503,ppo-bass
ppo-bass-s1,10041,0.8334063883262867,0.7443612900620711,0.08334063883262867,0.11670323094077338,0.5378432125416238,0.0,0.0,0.0,0.0,2.497349284222093,1.1750510914999772,0.45771900169468865,ppo-bass
ppo-bass-s1,10042,0.8380401636831002,0.7461101275726473,0.08380401636831002,0.12616098921309557,0.5679156400309002,0.0,0.0,0.0,0.0,2.497543804422488,1.119553994817515,0.5072695400666846,ppo-bass
ppo-bass-s1,10043,0.8771191355729794,0.784136450134788,0.08771191355729793,0.11591259870808611,0.5283064594797298,0.0,0.0,0.0,0.0,2.497481162611428,1.1311254794748704,0.4670626460691153,ppo-bass
ppo-bass-s1,10044,0.8409947770774656,0.7489639814341376,0.0840929672910799,0.12407308223882804,0.5704643108842024,0.0,-0.00013020833333333333,0.0,0.0,2.4976555486100485,1.1495134519238592,0.4962658853008259,ppo-bass
ppo-bass-s1,10045,0.8769236026927277,0.7841974265481134,0.08768584985260611,0.11752656254896267,0.5401247999562288,0.0,-0.00013020833333333333,0.0,0.0,2.497504996410167,1.1725631452957017,0.46063600252421194,ppo-bass
ppo-bass-s1,10046,0.8280764677226831,0.7374284292535199,0.08280113635560163,0.11290680750525799,0.5183141508865646,0.0,-0.00013020833333333333,0.0,0.0,2.4970000231455955,1.1470670852968938,0.4518603641672885,ppo-bass
ppo-bass-s1,10047,0.8484291337080742,0.7578030946707914,0.08484291337080742,0.11248487297798995,0.5145997069248328,0.0,0.0,0.0,0.0,2.4976807420863048,1.1501310925981838,0.4474270022231424,ppo-bass
ppo-bass-s1,10048,0.8432311369991715,0.7522614446708288,0.08427103036658383,0.12445519429042269,0.5824517590771174,0.0,-0.0010416666666666667,0.0,0.0,2.497350190067211,1.173057062440767,0.4965246599898699,ppo-bass
ppo-bass-s1,10049,0.883852694981139,0.7899602018737211,0.08792302991478057,0.11955063787942513,0.5774649924475025,0.0,-0.009244791666666667,0.0,0.0,2.497841187639206,1.1691265103418913,0.4939285760260732,ppo-bass
ppo-bass-s1,10050,0.8666668229875409,0.7742596821320612,0.0856575677154208,0.12707653744087308,0.6222297278926199,0.0,-0.020182291666666664,0.0,0.0,2.4972506558331937,1.1944256333542238,0.5209447206397059,ppo-bass
ppo-bass-s1,10051,0.8404073465856287,0.7503407497209696,0.08402120340856287,0.11287136429971872,0.5228120574595551,0.0,-0.000390625,0.0,0.0,2.4972958264377576,1.175138471705571,0.4448940018964376,ppo-bass
ppo-bass-s1,10052,0.8579983924617087,0.7646008178483693,0.08579983924617088,0.1266761126982086,0.5659494397531025,0.0,0.0,0.0,0.0,2.4979799270797605,1.0781044060242062,0.5249486381752116,ppo-bass
ppo-bass-s1,10053,0.8457997266939834,0.7552846659210196,0.08457997266939835,0.12346393367218887,0.5452217108469054,0.0,0.0,0.0,0.0,2.497282525096842,1.151395333931082,0.47353128398168426,ppo-bass
ppo-bass-s1,10054,0.8760211670510174,0.7819875448081033,0.08725055420510175,0.12570564775036724,0.6008716990888379,-0.00013020833333333333,-0.0069010416666666664,0.0,0.0,2.497884566796821,1.153631007033593,0.5208525910151277,ppo-bass
ppo-bass-s1,10055,0.8212519383056279,0.7342123098928309,0.08137649591389613,0.11777703383343512,0.5752481503454974,0.0,-0.014973958333333334,0.0,0.0,2.4981932200251253,1.1297673680440594,0.5091739827301008,ppo-bass
ppo-bass-s1,10056,0.8598237094032539,0.7681264181734582,0.08598237094032539,0.11890384241033798,0.5475877295090973,0.0,0.0,0.0,0.0,2.4981028188776504,1.1388352303724436,0.48083139237799544,ppo-bass
ppo-bass-s1,10057,0.8779684383732972,0.7844686814545921,0.08779684383732972,0.1253056238454684,0.574724836580092,0.0,0.0,0.0,0.0,2.4977407667570692,1.2054173076313264,0.47678495483812156,ppo-bass
ppo-bass-s1,10058,0.9103934849101062,0.8146376421377869,0.09103934849101061,0.12355915407771481,0.5686935101283952,0.0,0.0,0.0,0.0,2.4972184686533994,1.2375410931805468,0.45953505161337505,ppo-bass
ppo-bass-s1,10059,0.8889441738863468,0.7964527367414558,0.08889441738863468,0.11633878000200588,0.5245920279463635,0.0,0.0,0.0,0.0,2.4978710590168838,1.2102772125352455,0.4334478270870414,ppo-bass
ppo-bass-s1,10060,0.8621957197095164,0.7713176685359407,0.08575733238761829,0.11740586908163203,0.5654138133733823,0.0,-0.009244791666666667,0.0,0.0,2.4975365177342033,1.1901571812279617,0.4750749079966131,ppo-bass
ppo-bass-s1,10061,0.8947543127770101,0.7989155701850046,0.08947543127770101,0.12853191723589777,0.5833930736457746,0.0,0.0,0.0,0.0,2.4980325417975724,1.1662353275159303,0.5002361529284112,ppo-bass
ppo-bass-s1,10062,0.8891591824068339,0.7946015184186408,0.08891591824068339,0.13174774400354988,0.6059091282732406,0.0,0.0,0.0,0.0,2.4968135801409663,1.2066210773680361,0.5021536086497765,ppo-bass
ppo-bass-s1,10063,0.8945058512600894,0.7999738369063247,0.08943105387600894,0.1281586989372149,0.5941531997223747,0.0,-0.000390625,0.0,0.0,2.4971293982099625,1.218618729784418,0.48756283257478283,ppo-bass
ppo-bass-s1,10064,0.8717431243098814,0.778873575597378,0.08669905201432147,0.11145133013900631,0.5330940823407126,0.0,-0.009505208333333334,0.0,0.0,2.4969611720321683,1.201544071928427,0.44367418124340574,ppo-bass
ppo-bass-s1,10065,0.8571791126440294,0.7640100562552308,0.08571791126440294,0.12371363220493765,0.5686053956830833,0.0,0.0,0.0,0.0,2.497203363668744,1.1479281288945762,0.4953318778159352,ppo-bass
ppo-bass-s1,10066,0.8859435622259082,0.7911558695556404,0.08859435622259082,0.12907991653482553,0.5930411311907687,0.0,0.0,0.0,0.0,2.497087517396157,1.1937863968633144,0.4967732357723209,ppo-bass
ppo-bass-s1,10067,0.8973111650300278,0.8026570453631247,0.08972460608633612,0.12821151674099943,0.5919457412891811,0.0,-0.00013020833333333333,0.0,0.0,2.4977660677849425,1.1659154078478753,0.5077089961284877,ppo-bass
ppo-bass-s1,10068,0.8510974053634484,0.758539116997515,0.08510974053634483,0.12852976104213143,0.5951994987155822,0.0,0.0,0.0,0.0,2.497892522841578,1.1388145873311126,0.5226482917737044,ppo-bass
ppo-bass-s1,10069,0.8103132436237838,0.7251033965083115,0.0810248139457117,0.10739242373603776,0.4969985944716691,0.0,-0.00013020833333333333,0.0,0.0,2.4977030694624918,1.1662923048163911,0.4261355343075091,ppo-bass
ppo-bass-s1,10070,0.8112717108751403,0.7238713946798605,0.08112717108751402,0.10738200092118579,0.4938721082176362,0.0,0.0,0.0,0.0,2.4973306903070505,1.136621495483404,0.43450885820841606,ppo-bass
ppo-bass-s1,10071,0.8544099838398902,0.7626921211866495,0.08544099838398903,0.11986314448208178,0.537836967004061,0.0,0.0,0.0,0.0,2.4974857692337724,1.1638372770244207,0.4621238532410194,ppo-bass
ppo-bass-s1,10072,0.8994613999176232,0.8036847310744976,0.08967270249176232,0.12840820575980266,0.6154672100096259,0.0,-0.0054687500000000005,0.0,0.0,2.4977713428124226,1.1361446245837932,0.5417155498448022,ppo-bass
ppo-bass-s1,10073,0.9173441450764186,0.8216619282306021,0.09161722700764185,0.11372083928061608,0.5347169822448586,0.0,-0.00234375,0.0,0.0,2.497804402258124,1.1899909472223027,0.4493454202260985,ppo-bass
ppo-bass-s1,10074,0.9117216470818348,0.8161948869787914,0.09117216470818348,0.1264266981676891,0.5656914124271197,0.0,0.0,0.0,0.0,2.4975052642725366,1.1838289563050794,0.47784894043539333,ppo-bass
ppo-bass-s1,10075,0.845163423140542,0.7551528529704644,0.08417780064738753,0.11141704926765147,0.5307814828044293,0.0,-0.0067708333333333336,0.0,0.0,2.4975656035427143,1.1952461751137027,0.444077123069594,ppo-bass
ppo-bass-s1,10076,0.8380808742100725,0.7468760950476558,0.08380157700434057,0.12633413637265747,0.5841045666102364,0.0,-0.00013020833333333333,0.0,0.0,2.4974698155705877,1.1399078359820538,0.5124138532717589,ppo-bass
ppo-bass-s1,10077,0.87006058501108,0.7775438299310511,0.08696048558444133,0.11764752991232064,0.5500508729200064,0.0,-0.0009114583333333333,0.0,0.0,2.4976301053756074,1.1712705145246987,0.46961898732951285,ppo-bass
ppo-bass-s1,10078,0.8452409790820803,0.754435950165554,0.08450456665820802,0.12156040431665409,0.5659596290513359,0.0,-0.000390625,0.0,0.0,2.497518365320406,1.1477827040803814,0.4930895256038818,ppo-bass
ppo-bass-s1,10079,0.8735333309354217,0.780959685182727,0.08735333309354218,0.12828454336056094,0.580808904649377,0.0,0.0,0.0,0.0,2.49769557208912,1.166510679431056,0.49790277525162113,ppo-bass
ppo-bass-s1,10080,0.9196491701320829,0.8254823414611838,0.09196491701320829,0.11412381576319784,0.5112316887795596,0.0,0.0,0.0,0.0,2.4978071244777835,1.185750967155139,0.43114591760031185,ppo-bass
ppo-bass-s1,10081,0.8480832882545251,0.7556850853059612,0.08456744340878583,0.12910388375990978,0.6153295361601813,0.0,-0.0048177083333333336,0.0,0.0,2.4974919860862763,1.142076492589268,0.5387813689826781,ppo-bass
ppo-bass-s1,10082,0.7847689259480155,0.6982253020201675,0.0780732467614682,0.12525296772325384,0.600372658039344,0.0,-0.008072916666666666,0.0,0.0,2.4974577436210357,1.094735769907203,0.548417868989734,ppo-bass
ppo-bass-s1,10083,0.8771586403708598,0.7837370154002523,0.08763773903708597,0.12620981769773545,0.5916753857394679,0.0,-0.0015625,0.0,0.0,2.4976221376315424,1.1836402858296804,0.49987770171638685,ppo-bass
ppo-bass-s1,10084,0.8813960911486031,0.7886348538757222,0.08813960911486031,0.12663618208720975,0.5804888662189597,0.0,0.0,0.0,0.0,2.4972332357259903,1.1794431292785101,0.4921719850740551,ppo-bass
ppo-bass-s1,10085,0.8325055076270873,0.7433313400302295,0.08325055076270874,0.12554160070312398,0.5662028654381461,0.0,0.0,0.0,0.0,2.4972233124870598,1.1409398056744982,0.49626006790377486,ppo-bass
ppo-bass-s1,10086,0.8685212699728782,0.7761214100853537,0.08669587699728783,0.12097744207805412,0.5704881756880322,0.0,-0.003125,0.0,0.0,2.497513448249836,1.1648371313560602,0.4897578900355718,ppo-bass
ppo-bass-s1,10087,0.869705643513043,0.7771965975888234,0.0869705643513043,0.11658467541131394,0.5338381667075746,0.0,0.0,0.0,0.0,2.497330236624205,1.2041241050740368,0.44334148320596156,ppo-bass
ppo-bass-s1,10088,0.8779141872600438,0.783597507081678,0.08757006455933772,0.13110691635478916,0.624675479052803,0.0,-0.004427083333333334,0.0,0.0,2.497270212280463,1.1802639189577289,0.529267623129955,ppo-bass
ppo-bass-s1,10089,0.8275808390645956,0.7377624746298369,0.0813062609897929,0.12818823918322597,0.6391622501518114,0.0,-0.029036458333333334,0.0,0.0,2.4976346564616825,1.153013142842732,0.5543408192000041,ppo-bass
ppo-bass-s1,10090,0.8888091985890015,0.7943091945412005,0.0888288365255668,0.12732175072387603,0.5959669357949442,0.0,-0.0010416666666666667,0.0,0.0,2.497635806566643,1.2052498920900294,0.4944758258899117,ppo-bass
ppo-bass-s1,10091,0.8608142340032462,0.7685018316394174,0.08605538173365795,0.1296262874710686,0.6020589234267159,0.0,-0.0005208333333333333,0.0,0.0,2.4975303725055733,1.153347007213528,0.5220102186602823,ppo-bass
ppo-bass-s1,10092,0.8568581016093119,0.7652020146403518,0.08529518516093118,0.11197442427439058,0.5386491375631003,0.0,-0.0078125,0.0,0.0,2.4975245742180956,1.1799602179534745,0.4564977101493595,ppo-bass
ppo-bass-s1,10093,0.8348793936796315,0.7429033866515028,0.08262205395129647,0.12152214948214082,0.5966660744349356,0.0,-0.017317708333333334,0.0,0.0,2.4974763422064683,1.1490036912598889,0.5192899543957844,ppo-bass
ppo-bass-s1,10094,0.8609752973282866,0.7683719252415784,0.086071488066162,0.12023531913970328,0.5592132923415707,0.0,-0.0005208333333333333,0.0,0.0,2.497459822590585,1.15927848032476,0.48238046494653536,ppo-bass
ppo-bass-s1,10095,0.8882474961738189,0.7936380593065375,0.08882474961738189,0.12408474794603012,0.5673377382339408,0.0,0.0,0.0,0.0,2.4970294311136274,1.2037278523032664,0.4713172808524548,ppo-bass
ppo-bass-s1,10096,0.884622226545566,0.7911775752189212,0.0884622226545566,0.1269818449793373,0.5739454005005278,0.0,0.0,0.0,0.0,2.4975223795618646,1.197167484990611,0.47941946945295544,ppo-bass
ppo-bass-s1,10097,0.8778090974379762,0.7841084104753857,0.0875335139104643,0.1272188880863641,0.6078228500140685,0.0,-0.0049479166666666664,0.0,0.0,2.49742666523373,1.1766382673788134,0.5165757963729245,ppo-bass
ppo-bass-s1,10098,0.8534264970001093,0.7617311139085132,0.08534264970001093,0.1203332116429542,0.5372852842485341,0.0,0.0,0.0,0.0,2.4975351658944143,1.10994945489116,0.4840628389706444,ppo-bass
ppo-bass-s1,10099,0.8654956044349917,0.7737711016196569,0.08653002919349917,0.12322530666384152,0.5658848251566956,0.0,-0.000390625,0.0,0.0,2.4976886972342776,1.1731899633241483,0.4823471414239704,ppo-bass
ppo-nominal-in-bass,10000,0.8523291066954488,0.7622892452700125,0.08523291066954489,0.11126900546592938,0.5039056474795093,0.0,0.0,0.0,0.0,2.4954153343685594,1.1885235384194373,0.4239761613384874,
ppo-nominal-in-bass,10001,0.8194343919427962,0.7302417518565455,0.08170255377761296,0.12399121545615979,0.5893183854807212,0.0,-0.0048177083333333336,0.0,0.0,2.496084226336883,1.150880639296174,0.5120586491411668,
ppo-nominal-in-bass,10002,0.860810358039407,0.7690254170136885,0.08608103580394069,0.12267941645432663,0.5500225919187673,0.0,0.0,0.0,0.0,2.4952824543968086,1.1998696652796759,0.4584019480070474,
ppo-nominal-in-bass,10003,0.7772007644470234,0.6921982950361022,0.07758335769470233,0.10567787687506039,0.4990857240176119,0.0,-0.002734375,0.0,0.0,2.496241100228648,1.1624080219615545,0.42935502387140156,
ppo-nominal-in-bass,10004,0.8690223591555504,0.7771267481288433,0.0867915588322217,0.12755344216463801,0.6006680225990257,0.0,-0.0022135416666666666,0.0,0.0,2.495146301878043,1.2194786255341274,0.4925613372976793,
ppo-nominal-in-bass,10005,0.8398254907805257,0.7493239980701789,0.08398254907805257,0.11770011728083304,0.5300191200368818,0.0,0.0,0.0,0.0,2.4958987806785418,1.16415125977269,0.45528372330273675,
ppo-nominal-in-bass,10006,0.8756658131271016,0.7811447882408338,0.08756658131271015,0.12803890810655114,0.5626196436519595,0.0,0.0,0.0,0.0,2.495160424469724,1.1753361833616838,0.47868826946411275,
ppo-nominal-in-bass,10007,0.8119871707865438,0.7232080707660663,0.08117267541198772,0.12398809326606341,0.574144810010473,0.0,-0.0005208333333333333,0.0,0.0,2.495898990641649,1.157612331744487,0.4959733014810355,
ppo-nominal-in-bass,10008,0.9021856548426499,0.8071831333975712,0.09008184673426499,0.13136341706287502,0.6196017460877274,0.0,-0.002734375,0.0,0.0,2.4949860595083764,1.222280804328736,0.5069225859502934,
ppo-nominal-in-bass,10009,0.8286538774168675,0.7396758169520183,0.08260497107502009,0.11603078371445864,0.5508710033712223,0.0,-0.005208333333333333,0.0,0.0,2.495702004970807,1.1693520751665536,0.4710907989732352,
ppo-nominal-in-bass,10010,0.856849683784701,0.7659522086565627,0.0856849683784701,0.11797378960111485,0.5314098417487457,0.0,0.0,0.0,0.0,2.4952505726851104,1.1851927638648467,0.44837418684185026,
ppo-nominal-in-bass,10011,0.9114146634747988,0.8144502356894696,0.09071177884747988,0.12565237467426138,0.6049434368659203,0.0,-0.008593749999999999,0.0,0.0,2.494329010501024,1.2064362711010466,0.5014300807732036,
ppo-nominal-in-bass,10012,0.8142719703287283,0.7263983902900262,0.08142719703287284,0.1277399144834085,0.5888276901874737,0.0,0.0,0.0,0.0,2.495647886561921,1.1634097881356507,0.506122345017453,
ppo-nominal-in-bass,10013,0.8905634629060356,0.7967914605135473,0.08905634629060356,0.11849670081757435,0.5364723823698714,0.0,0.0,0.0,0.0,2.4950004365402916,1.2333850068151468,0.43495938365194914,
ppo-nominal-in-bass,10014,0.8292881895866293,0.7381962168162465,0.08292881895866293,0.12942008501389096,0.5935462378350985,0.0,0.0,0.0,0.0,2.495790933575676,1.1650044301668727,0.5094798118064497,
ppo-nominal-in-bass,10015,0.7667974144153922,0.6824553882329306,0.07632166852487254,0.1135199047182747,0.5433120360365264,0.0,-0.007161458333333333,0.0,0.0,2.4968192001014926,1.1309452974191663,0.48040523027627635,
ppo-nominal-in-bass,10016,0.7878770403001975,0.7018596633403688,0.07878119361335309,0.12375333400892816,0.5732035123024216,0.0,-0.00013020833333333333,0.0,0.0,2.495884679827267,1.1338523905807991,0.5055362735609761,
ppo-nominal-in-bass,10017,0.8291652376357672,0.7409661440797304,0.08291652376357672,0.11565442869227822,0.5317139407812896,0.0,0.0,0.0,0.0,2.4960158846721145,1.1773715245793883,0.451611007809317,
ppo-nominal-in-bass,10018,0.8448853351573389,0.7536786515879026,0.08439087726573388,0.12300985064452735,0.5775965481382273,0.0,-0.001953125,0.0,0.0,2.4954102026352447,1.1783477102743058,0.4901749654215133,
ppo-nominal-in-bass,10019,0.8836662480609445,0.7901163812021325,0.08831454147276112,0.12343845016511704,0.576323995308675,0.0,-0.0010416666666666667,0.0,0.0,2.495302708956747,1.2118244051313738,0.4755837503092667,
ppo-nominal-in-bass,10020,0.8101342286630882,0.7230660380742033,0.08094180828297548,0.10994161128372329,0.5144855030967983,0.0,-0.0014322916666666666,0.0,0.0,2.495906876114322,1.1925694150924464,0.43140927193484674,
ppo-nominal-in-bass,10021,0.8633834133541256,0.7718825503167517,0.0861365184187459,0.12257530558280906,0.5789220187492364,0.0,-0.004036458333333334,0.0,0.0,2.49542507660684,1.1948215805421782,0.48452591430976416,
ppo-nominal-in-bass,10022,0.8508287844401181,0.7602803772766129,0.08469225344401181,0.11772917968575952,0.5624766670289973,0.0,-0.0078125,0.0,0.0,2.495393250388834,1.1779780272696823,0.4774933436854556,
ppo-nominal-in-bass,10023,0.8043328461885757,0.7167707036185827,0.08039422211885758,0.12115464720032798,0.5628909920556115,0.0,-0.00078125,0.0,0.0,2.4958488647256,1.1894393350150245,0.4732406062966644,
ppo-nominal-in-bass,10024,0.8065451136372084,0.7179079513484631,0.07983419886372084,0.12685337922575823,0.6188428606876941,0.0,-0.01640625,0.0,0.0,2.4963560419882325,1.1492768545919638,0.5384628240054538,
ppo-nominal-in-bass,10025,0.8774764477861515,0.7853459964945713,0.08774764477861516,0.11133312579357821,0.4819708475273901,0.0,0.0,0.0,0.0,2.495374438385007,1.2266952380705436,0.3929018655729659,
ppo-nominal-in-bass,10026,0.8020735809336298,0.7153453970120527,0.08003808726002964,0.11921143438107662,0.56296652924113,0.0,-0.0033854166666666668,0.0,0.0,2.4954534352599103,1.1694220154014332,0.48140579006277534,
ppo-nominal-in-bass,10027,0.8197118808685345,0.7316011547012627,0.08196467767018678,0.12407145422484668,0.5693162924550789,0.0,-0.00013020833333333333,0.0,0.0,2.4958061082080105,1.1918594433714214,0.4776706646252261,
ppo-nominal-in-bass,10028,0.8397837431134293,0.7500615467210175,0.08397837431134293,0.1115376107568629,0.508439300902236,0.0,0.0,0.0,0.0,2.495803699927075,1.1867075966803338,0.4284453072724329,
ppo-nominal-in-bass,10029,0.8777186904335228,0.7834218336315658,0.08685390029335228,0.12479933392323726,0.6131682123496084,0.0,-0.018359374999999997,0.0,0.0,2.494914314714542,1.2265306113541137,0.4999208390507749,
ppo-nominal-in-bass,10030,0.807701648889876,0.7221759507504345,0.0807701648889876,0.10889554542548088,0.4956388155931627,0.0,0.0,0.0,0.0,2.496514263864733,1.1359702986006128,0.4363131819588362,
ppo-nominal-in-bass,10031,0.82525719492016,0.7372911783932814,0.08252571949201601,0.12105538152366871,0.5553446726249386,0.0,0.0,0.0,0.0,2.4959405397704972,1.1849644008290383,0.46865937258233414,
ppo-nominal-in-bass,10032,0.858916582632611,0.7649256742022057,0.08506483534659444,0.12802832996292154,0.6278730695723871,0.0,-0.016536458333333334,0.0,0.0,2.4954528044263515,1.2031365215434269,0.5218635278122294,
ppo-nominal-in-bass,10033,0.8941953577098081,0.7992987616328652,0.08815651493764745,0.130301411817666,0.6442260362944462,0.0,-0.025260416666666667,0.0,0.0,2.4953535907149345,1.22052416254665,0.5278273516111756,
ppo-nominal-in-bass,10034,0.866842159965949,0.7757275656874152,0.0866842159965949,0.12213589570423629,0.54325179839891,0.0,0.0,0.0,0.0,2.4939080924745767,1.2455501588162101,0.4361540918715187,
ppo-nominal-in-bass,10035,0.8787033238223562,0.7874785486842399,0.08780522821556895,0.11215839607301534,0.5253847106754002,0.0,-0.0013020833333333333,0.0,0.0,2.494386568795691,1.2619698582205077,0.41632112467110777,
ppo-nominal-in-bass,10036,0.7727590004473304,0.6885071828935175,0.07713267087806637,0.11995432611886794,0.5675643704168569,0.0,-0.002864583333333333,0.0,0.0,2.496129554267572,1.1423582816839246,0.4968356946475873,
ppo-nominal-in-bass,10037,0.7953292286472361,0.7093830846800117,0.0794743291147236,0.11978932538837074,0.5611139387744924,0.0,-0.001171875,0.0,0.0,2.496217732290447,1.1557726202391365,0.4854881738402788,
ppo-nominal-in-bass,10038,0.850535309369374,0.7592767894392496,0.08502748927027073,0.11673145828044232,0.5420743016985407,0.0,-0.0005208333333333333,0.0,0.0,2.4951807928039003,1.2072688078994975,0.44900878590716237,
ppo-nominal-in-bass,10039,0.8292958324246014,0.7383883337810204,0.08188791657579349,0.1221626102917844,0.5990031673940257,0.0,-0.020833333333333336,0.0,0.0,2.495669726763462,1.1825301302899,0.5065436829480012,
ppo-nominal-in-bass,10040,0.857978293719624,0.7674010017754717,0.0857978293719624,0.12133362655063591,0.5467020553708216,0.0,0.0,0.0,0.0,2.494762835446128,1.2130582763403028,0.450680784290246,
ppo-nominal-in-bass,10041,0.8162654435544523,0.7287192965710124,0.08162654435544522,0.11689288529007187,0.5387172612177137,0.0,0.0,0.0,0.0,2.495398358290462,1.2024963351992208,0.44799908777140923,
ppo-nominal-in-bass,10042,0.811912837718076,0.7223250386428937,0.08119128377180759,0.1261609892130955,0.5707329573521183,0.0,0.0,0.0,0.0,2.4969285963964816,1.1227869330831444,0.5083181327955965,
ppo-nominal-in-bass,10043,0.844769584033449,0.7540355112434718,0.08446393757001155,0.12269532203758021,0.5681886724239821,0.0,-0.00026041666666666666,0.0,0.0,2.4961782603263387,1.1695037915071342,0.4858373923625847,
ppo-nominal-in-bass,10044,0.7983198040771919,0.7099810326973809,0.07983198040771919,0.12407308223882757,0.5627620348331434,0.0,0.0,0.0,0.0,2.49629568401557,1.145237448575467,0.49139332243557815,
ppo-nominal-in-bass,10045,0.8548302516716174,0.7631236251485478,0.08548302516716175,0.1184390452931392,0.5359370865444971,0.0,0.0,0.0,0.0,2.495724242006597,1.1809373216452008,0.4538234813324947,
ppo-nominal-in-bass,10046,0.7785636996500236,0.6922919045177307,0.07784334913166902,0.11297326496404562,0.5210746208990895,0.0,-0.00026041666666666666,0.0,0.0,2.4962561638724132,1.1579157051347537,0.4500108415391506,
ppo-nominal-in-bass,10047,0.8235415594716073,0.7343000221578809,0.0818723851138274,0.120727655454893,0.5880121596174603,0.0,-0.009635416666666667,0.0,0.0,2.495604977489984,1.1763553456973341,0.4998592999710401,
ppo-nominal-in-bass,10048,0.7964214666270679,0.7107980705700034,0.07924501124604014,0.1227512382285279,0.5903043246487314,0.0,-0.007942708333333333,0.0,0.0,2.4961288944883075,1.1560438663288877,0.5106245029639673,
ppo-nominal-in-bass,10049,0.8566261787933868,0.7642908568508127,0.08536964912933867,0.1269220572479367,0.6090074638007346,0.0,-0.005859375,0.0,0.0,2.495019128787277,1.1909252422925527,0.5113733777515573,
ppo-nominal-in-bass,10050,0.8331954753041836,0.7442783970536173,0.08257736003041836,0.12432630202786592,0.6047553244177607,0.0,-0.01484375,0.0,0.0,2.4944627663569814,1.2163515349909237,0.497187948566426,
ppo-nominal-in-bass,10051,0.8169953541173799,0.7289233714698938,0.08161489999507132,0.1127780765145212,0.5278442216310941,0.0,-0.0016927083333333332,0.0,0.0,2.4952311189598015,1.1738331039793368,0.4496756990765408,
ppo-nominal-in-bass,10052,0.8282093570016811,0.7376885154748334,0.0828209357001681,0.12439032535214062,0.5615749711640752,0.0,0.0,0.0,0.0,2.4961841765300283,1.1177604482580294,0.50241084486328,
ppo-nominal-in-bass,10053,0.826670149100053,0.7377000023990365,0.0826670149100053,0.12346393367218887,0.5452217108469054,0.0,0.0,0.0,0.0,2.495623514051792,1.1679740195204802,0.46680979348389096,
ppo-nominal-in-bass,10054,0.8248698003491848,0.7361569897411887,0.08242187586825181,0.12116530080057161,0.5649141247625339,0.0,-0.0013020833333333333,0.0,0.0,2.4953254778510128,1.1825249517068546,0.47771856648533106,
ppo-nominal-in-bass,10055,0.8353571361984372,0.7472578794133604,0.08297581778651039,0.11796111050469701,0.5710738966883746,0.0,-0.011197916666666667,0.0,0.0,2.4959096149375855,1.1621987145414023,0.49137371220868836,
ppo-nominal-in-bass,10056,0.8380283800640356,0.7480280891383746,0.08380283800640356,0.12277625408282698,0.5404950424144909,0.0,0.0,0.0,0.0,2.495231415978028,1.1815055285268898,0.45746298207202146,
ppo-nominal-in-bass,10057,0.8527313969517027,0.761618289914489,0.08527313969517028,0.1253056238454684,0.574724836580092,0.0,0.0,0.0,0.0,2.4958970110914227,1.206243202048421,0.4764585082047338,
ppo-nominal-in-bass,10058,0.8888216492582265,0.7949800127246434,0.08880403992582264,0.1269681397305095,0.5972893656488459,0.0,-0.0015625,0.0,0.0,2.494980274726279,1.2031535787725014,0.4964365116697912,
ppo-nominal-in-bass,10059,0.8972669888180819,0.8020781787396004,0.0894923238818082,0.12921313949855445,0.6153210695316457,0.0,-0.004687500000000001,0.0,0.0,2.49479433440835,1.2146496714079338,0.5065831605737069,
ppo-nominal-in-bass,10060,0.8414184623375773,0.751470133991238,0.08386840873375774,0.12754095892674605,0.6069295090543637,0.0,-0.00546875,0.0,0.0,2.494479212148541,1.2151586082732746,0.49946525903873823,
ppo-nominal-in-bass,10061,0.8429423595500488,0.7524505781362586,0.08428772553833822,0.11656715935039776,0.5307391160268384,0.0,-0.00013020833333333333,0.0,0.0,2.4954508445192527,1.1828732788983423,0.44868636860335304,
ppo-nominal-in-bass,10062,0.8191338994501146,0.734157281083258,0.08185479619501146,0.10432092146428519,0.48599298089827153,0.0,-0.0011718750000000002,0.0,0.0,2.4954680135479794,1.169571425776625,0.41553082623881643,
ppo-nominal-in-bass,10063,0.8430388111516016,0.753249707902092,0.08428434986516017,0.12812841194271796,0.5940127869775547,0.0,-0.000390625,0.0,0.0,2.4943034715755665,1.181264898409776,0.5028616255144949,
ppo-nominal-in-bass,10064,0.8510855806133879,0.759452419562077,0.08445751639467212,0.1209007233375518,0.5824823605478195,0.0,-0.013020833333333332,0.0,0.0,2.4946722955294445,1.2048034133186158,0.4834667250347334,
ppo-nominal-in-bass,10065,0.8434533094443639,0.7513825914073042,0.0843062684444364,0.12399186647077294,0.5818406259753347,0.0,-0.00078125,0.0,0.0,2.4950369241734793,1.1978346122528414,0.48574370787385346,
ppo-nominal-in-bass,10066,0.838192956849927,0.7491217895261153,0.0838192956849927,0.11490993326749596,0.5277361810197435,0.0,0.0,0.0,0.0,2.4948766213731197,1.202058755618388,0.43902694319484786,
ppo-nominal-in-bass,10067,0.8486860235191676,0.7590823115638666,0.08486860235191676,0.11133715331191137,0.5148728698671557,0.0,0.0,0.0,0.0,2.494939266302788,1.1850973254634758,0.4344561909004358,
ppo-nominal-in-bass,10068,0.8266936870827056,0.7368251830106457,0.08266936870827056,0.12487965262820656,0.5714763210446459,0.0,0.0,0.0,0.0,2.4962622542080664,1.156130402020071,0.49430091972853835,
ppo-nominal-in-bass,10069,0.7879946605818252,0.7045511632134533,0.07879295564151587,0.1076372016223451,0.49813139566210973,0.0,-0.00013020833333333333,0.0,0.0,2.4957899543258093,1.1823256111224305,0.4213148991919519,
ppo-nominal-in-bass,10070,0.7904104072274417,0.7042677442862361,0.07904104072274418,0.1074894010898632,0.4931689608742454,0.0,0.0,0.0,0.0,2.4959212992091144,1.1553281395745603,0.426864839504256,
ppo-nominal-in-bass,10071,0.8509251328884855,0.7583201565490055,0.08509251328884855,0.12477319092812647,0.5665775222030798,0.0,0.0,0.0,0.0,2.495952109654024,1.2101275249679158,0.4681965416976211,
ppo-nominal-in-bass,10072,0.8652229772384453,0.7733339241887711,0.0863139643905112,0.12103255677444938,0.5725039643446289,0.0,-0.004166666666666667,0.0,0.0,2.4956186261843527,1.1625711424611667,0.492446391824793,
ppo-nominal-in-bass,10073,0.8914255619832119,0.7980194409517176,0.08899281661498785,0.11372083928061634,0.5364276393639084,0.0,-0.002994791666666667,0.0,0.0,2.495595642931392,1.1974549421603204,0.4479731307435609,
ppo-nominal-in-bass,10074,0.8683350990823433,0.7769734274643592,0.08678142657490098,0.12579165852401053,0.5872972426108081,0.0,-0.0010416666666666667,0.0,0.0,2.495428074297907,1.1465190908700307,0.5122437535384956,
ppo-nominal-in-bass,10075,0.8248363793916142,0.7358931657693759,0.08218415877249476,0.12856819351331153,0.6144623067532939,0.0,-0.005989583333333333,0.0,0.0,2.496419287845197,1.1376499426261137,0.5401154465273292,
ppo-nominal-in-bass,10076,0.7897764874765878,0.7033377587016852,0.07792296124765878,0.1251553079720104,0.6124589721339525,-0.00013020833333333333,-0.020963541666666665,0.0,0.0,2.495978031584749,1.1423191922671945,0.5361539719195185,
ppo-nominal-in-bass,10077,0.8450882789313336,0.7547035072619195,0.0844632549764667,0.11968492277209833,0.5598275727056625,0.0,-0.0009114583333333333,0.0,0.0,2.4943099917521367,1.2119718438757223,0.4619146686736629,
ppo-nominal-in-bass,10078,0.8278323883804888,0.7388242527821424,0.08276370758804888,0.11757636715097161,0.5462900344024283,0.0,-0.000390625,0.0,0.0,2.495664318787131,1.1920902448257389,0.4582623142615227,
ppo-nominal-in-bass,10079,0.8296569689076662,0.7409457054666062,0.08296569689076662,0.12828454336056094,0.580808904649377,0.0,0.0,0.0,0.0,2.495957555576834,1.178843583336168,0.49269378300865646,
ppo-nominal-in-bass,10080,0.8871481969526103,0.7954848940418433,0.08871481969526103,0.11514349558814206,0.512229454044811,0.0,0.0,0.0,0.0,2.49557818495769,1.2092530234543402,0.42359162566456227,
ppo-nominal-in-bass,10081,0.8161080187218982,0.7266528569402328,0.08123970812218982,0.12919746465902882,0.621542180477808,0.0,-0.007421875,0.0,0.0,2.496439493254718,1.1614557031947097,0.5351406676709141,
ppo-nominal-in-bass,10082,0.7490975106224137,0.6676513839634828,0.07490975106224138,0.1101316648454181,0.4998574422504803,0.0,0.0,0.0,0.0,2.49677617162377,1.1151955105086422,0.44822404460944665,
ppo-nominal-in-bass,10083,0.8502232069172981,0.7591441662518439,0.08494419569172981,0.12620981769773545,0.5916753857394679,0.0,-0.0015625,0.0,0.0,2.4956954686239285,1.1785644954229755,0.502030553302152,
ppo-nominal-in-bass,10084,0.8396875148946378,0.7508312732755678,0.08351302232279711,0.1176145285090083,0.56604522668763,0.0,-0.009114583333333334,0.0,0.0,2.4960229707565693,1.1799860319974593,0.47970502305814483,
ppo-nominal-in-bass,10085,0.850698531653191,0.7584828491189324,0.08459459274865243,0.12156496172271467,0.5877850809066713,0.0,-0.009505208333333333,0.0,0.0,2.495660657577992,1.1704337201191746,0.5021942471435482,
ppo-nominal-in-bass,10086,0.8446708027222564,0.7545990609676217,0.08431083027222565,0.12097744207805412,0.5704881756880322,0.0,-0.003125,0.0,0.0,2.4957394462003566,1.1976177963120378,0.47635245354970684,
ppo-nominal-in-bass,10087,0.8582788687607961,0.7664849791085163,0.0857106993760796,0.12624530137919482,0.5960442521322465,0.0,-0.00234375,0.0,0.0,2.4947663966711784,1.2096488170817528,0.4927415657464852,
ppo-nominal-in-bass,10088,0.8483542688888812,0.7567945879113701,0.08457501022222144,0.1256199305980078,0.5943725246146842,0.0,-0.005208333333333333,0.0,0.0,2.494918483695624,1.2004752206584195,0.4951143633674431,
ppo-nominal-in-bass,10089,0.8066544940159589,0.7186129868676094,0.07940242856826255,0.1283441527085434,0.6363671137236534,0.0,-0.025260416666666667,0.0,0.0,2.496521404087813,1.1736230216500148,0.5422244638904365,
ppo-nominal-in-bass,10090,0.8675191147963783,0.7750362108366853,0.08674540106297116,0.12382016447769165,0.5747777684149664,0.0,-0.00013020833333333333,0.0,0.0,2.4943441633991528,1.2368775346594747,0.4647006290507239,
ppo-nominal-in-bass,10091,0.8303336780074784,0.7412823351058239,0.08298128446741451,0.1296262874710683,0.6070505858446177,0.0,-0.0010416666666666667,0.0,0.0,2.496412081342152,1.1619442829641748,0.5224437993670428,
ppo-nominal-in-bass,10092,0.8154107074894716,0.7276210943449765,0.08109836241561383,0.11197442427439068,0.5397097099211469,0.0,-0.008854166666666666,0.0,0.0,2.495129606361365,1.1628231701776974,0.46413738886770795,
ppo-nominal-in-bass,10093,0.8136315415773676,0.7243578608230172,0.08120690415773676,0.1223561023873744,0.5760035142224551,0.0,-0.003125,0.0,0.0,2.495640814218812,1.1737548734010206,0.490735780762684,
ppo-nominal-in-bass,10094,0.83337669077715,0.743781331475238,0.083337669077715,0.11292899394621567,0.5218584750460331,0.0,0.0,0.0,0.0,2.4957009086429798,1.1685168086165056,0.44659903152261915,
ppo-nominal-in-bass,10095,0.8299699167120365,0.7410398792511401,0.08299699167120364,0.11771935226435623,0.5336804401969648,0.0,0.0,0.0,0.0,2.4954578779375254,1.1965977395329994,0.44599820187295874,
ppo-nominal-in-bass,10096,0.8564712527163336,0.7668405160915676,0.08564712527163336,0.10840121729724467,0.48628342160621785,0.0,0.0,0.0,0.0,2.495337842347939,1.2123332657500585,0.4011136503009007,
ppo-nominal-in-bass,10097,0.8664655720246516,0.7742953783163936,0.08664655720246515,0.12343220353964121,0.5672863522926537,0.0,0.0,0.0,0.0,2.4953094263171876,1.2185059106653209,0.46555896637621363,
ppo-nominal-in-bass,10098,0.8564061697212663,0.7647203128984115,0.08564061697212663,0.1203332116429542,0.5372852842485341,0.0,0.0,0.0,0.0,2.49524237046096,1.1823811535756625,0.4544095468907965,
ppo-nominal-in-bass,10099,0.8526636781581148,0.7619949833570705,0.08526636781581148,0.125054879706455,0.5746138472320991,0.0,0.0,0.0,0.0,2.4941302950212143,1.2309393040389551,0.46680924505918164,
rolling-lp,10000,0.8592625687334041,0.7704690556149195,0.0857504756233404,0.11018706450821629,0.5242805137794212,0.0,-0.003515625,0.0,0.0,2.2578622908114148,0.9602229698635181,0.5459987213739952,
rolling-lp,10001,0.7835656518900225,0.6971197587273175,0.07811567977233558,0.12067947408502222,0.5735779955604484,0.0,-0.0048177083333333336,0.0,0.0,2.2879948462198794,0.9991643484241122,0.5740577077886125,
rolling-lp,10002,0.8282781664950083,0.7386782762584828,0.08282781664950083,0.12314658462788403,0.5406394732126337,0.0,0.0,0.0,0.0,1.9632347551586495,0.942505332244797,0.5736195379658747,
rolling-lp,10003,0.7841112969840817,0.6972621268231853,0.07822232761507483,0.11855655504453327,0.5645782886040888,0.0,-0.0037760416666666667,0.0,0.0,2.302886120334754,0.9740328001064397,0.5796296475256205,
rolling-lp,10004,0.80238005305448,0.7152130570075392,0.080101286555448,0.12001477636968425,0.5647808219931021,0.0,-0.002734375,0.0,0.0,2.096615381240478,0.9696045172919894,0.5824857577710959,
rolling-lp,10005,0.787781446495672,0.701872149447856,0.0787586133995672,0.11913397164966927,0.5535550378909438,0.0,-0.000390625,0.0,0.0,2.2785734903556127,0.953618994261653,0.5804782006460958,
rolling-lp,10006,0.8398689503759057,0.7493516025795187,0.08398689503759058,0.11945168624200332,0.5293141430322362,0.0,0.0,0.0,0.0,2.018925442151633,0.9280912777142205,0.570325522653197,
rolling-lp,10007,0.8104421629482454,0.7224260050450717,0.08084890379482454,0.11649189748456706,0.5480144610141297,0.0,-0.00390625,0.0,0.0,2.1215095930385823,0.9881824958946884,0.5545680714754657,
rolling-lp,10008,0.8602102731747947,0.7697794752363756,0.08561087106747947,0.11757502675452305,0.5648124137354517,0.0,-0.008203124999999999,0.0,0.0,2.2570138100020354,1.0115080998774624,0.5583864467361902,
rolling-lp,10009,0.8454652236294983,0.754974601286009,0.08454652236294982,0.11689369078907286,0.5244692740238338,0.0,0.0,0.0,0.0,1.9859140407554163,0.9464773496164588,0.5541276547572581,
rolling-lp,10010,0.8304952390573259,0.7438893362198143,0.08304301348906593,0.11982817652199215,0.5570132949242066,0.0,-0.00013020833333333333,0.0,0.0,2.2337261040611973,0.9912762715507667,0.5619152913373051,
rolling-lp,10011,0.8076477630935978,0.717915078985149,0.08033508880935977,0.12316477906933487,0.5929671042364898,0.0,-0.008593749999999999,0.0,0.0,2.2530468874519354,1.0143167144814533,0.5845975874898511,
rolling-lp,10012,0.7493813819266444,0.6678536379395452,0.07493813819266444,0.11352990222656877,0.511239841420133,0.0,0.0,0.0,0.0,2.3167347664197018,0.94006055897396,0.5438371353204432,
rolling-lp,10013,0.8610484120507548,0.770485206924447,0.08610484120507547,0.10924137322515905,0.4948213024395404,0.0,0.0,0.0,0.0,1.9899801433106388,0.9168260255234248,0.5397112305543924,
rolling-lp,10014,0.7743078249746982,0.6895646861745199,0.07727453249746982,0.12104559749356768,0.5730311344892544,0.0,-0.0031249999999999997,0.0,0.0,2.334734101370641,0.9608864271194996,0.5963567788204276,
rolling-lp,10015,0.7799084447098696,0.6945932529742539,0.07799084447098696,0.11148499579222329,0.5092559846009271,0.0,0.0,0.0,0.0,2.142571605536469,0.9593812833134961,0.5308170937440709,
rolling-lp,10016,0.7694155141778429,0.6844363434710843,0.0769220201677843,0.11507192392825816,0.5301128408617541,0.0,-0.000390625,0.0,0.0,2.3245983562310624,0.9567333304354393,0.5540863101534084,
rolling-lp,10017,0.755970235711102,0.6719528387264848,0.07556447148777687,0.11865071099567923,0.5543600012308998,0.0,-0.0006510416666666666,0.0,0.0,2.233794048206011,0.9733006378687095,0.5695670789292944,
rolling-lp,10018,0.8425362814177002,0.751828697226498,0.08380440939177003,0.12131860843213554,0.5846220608240191,0.0,-0.008984375,0.0,0.0,2.175028233709153,1.0116720655587497,0.5778770421036885,
rolling-lp,10019,0.7928145326554916,0.7076722946295129,0.07928145326554917,0.11882543001676477,0.542198256159446,0.0,0.0,0.0,0.0,2.153698530216294,0.9750933921551865,0.5560475135218175,
rolling-lp,10020,0.8343577848010841,0.7462239362184769,0.08336416389677509,0.10613765627069292,0.4966844204513391,0.0,-0.0014322916666666666,0.0,0.0,2.097341680278038,1.0004937570860764,0.49643930002914294,
rolling-lp,10021,0.8264536445800846,0.7390773264990453,0.08245005195800847,0.11896332641135132,0.5602473771123104,0.0,-0.00390625,0.0,0.0,2.232654372169099,1.0012666291340477,0.5595386491576616,
rolling-lp,10022,0.8453427889993479,0.7557076252568913,0.0839678726499348,0.11915397078359946,0.5774686046601073,0.0,-0.011328124999999998,0.0,0.0,2.234908300707435,0.9951520278391079,0.5802817946460237,
rolling-lp,10023,0.7704259832883947,0.6861694328293525,0.07664546291217281,0.11745452529217149,0.5592091718698057,0.0,-0.007942708333333333,0.0,0.0,2.343805397078741,1.0199407140687993,0.5482761538550412,
rolling-lp,10024,0.7379710555083824,0.6548589246126009,0.07359528263417156,0.11682086530532873,0.5514743629906825,0.0,-0.004036458333333334,0.0,0.0,2.351808372836698,0.999066869243256,0.5519894413157722,
rolling-lp,10025,0.9174163098988468,0.8239764333417485,0.09174163098988468,0.1160148066486529,0.5253725863712193,0.0,0.0,0.0,0.0,1.924000013880879,0.9584342584407691,0.5481571445765334,
rolling-lp,10026,0.8234783795773358,0.7348777704088099,0.08216554629106691,0.11351131949166605,0.5377964793288156,0.0,-0.0036458333333333334,0.0,0.0,2.109273438882886,0.9541035228769249,0.5636667997065858,
rolling-lp,10027,0.781717225934129,0.6963435000702439,0.07816521217674623,0.11952332247010178,0.5484466611254089,0.0,-0.00013020833333333333,0.0,0.0,2.2582070021609733,0.9745167674643094,0.5627883269289106,
rolling-lp,10028,0.7759077991880099,0.6909181649282352,0.07759077991880099,0.12112290414265117,0.548929276422331,0.0,0.0,0.0,0.0,2.2414252126867025,0.9530668897449447,0.5759609134771568,
rolling-lp,10029,0.8421734395932188,0.7526779210019343,0.08396343770932188,0.11851798860848548,0.5660153791652519,0.0,-0.005078125,0.0,0.0,2.380698185036512,0.9595209237210804,0.5898937325620893,
rolling-lp,10030,0.7544731930368379,0.6728332930712578,0.07510877763701714,0.10706625027432502,0.5112776611268482,0.0,-0.0067708333333333336,0.0,0.0,2.449324509140518,0.9932348258390793,0.5147601028738835,
rolling-lp,10031,0.8116475601262507,0.7239000975076363,0.08071553726262508,0.12012649063530575,0.5815546447311927,0.0,-0.008984375,0.0,0.0,2.1284646001589484,0.9837447876249614,0.5911641434311742,
rolling-lp,10032,0.84363500990321,0.7532690024275019,0.08356923015698768,0.12107773579888789,0.5937861538531269,0.0,-0.015885416666666666,0.0,0.0,2.247371606408975,1.0309674371262418,0.5759504446699784,
rolling-lp,10033,0.7994743665219729,0.7116939925103353,0.07963493665219729,0.12229307992268065,0.5831085986505022,0.0,-0.0062499999999999995,0.0,0.0,2.2833651265951804,1.006593636008664,0.5792889779858327,
rolling-lp,10034,0.7847780803772242,0.7000203219551604,0.07847780803772242,0.12129844914711854,0.5428307207147445,0.0,0.0,0.0,0.0,2.0932577171166042,0.9310810726886274,0.5830112292447794,
rolling-lp,10035,0.8263808412560485,0.739133536348856,0.08257297995893817,0.11099696466064003,0.5199442057473261,0.0,-0.0013020833333333333,0.0,0.0,2.047451584670058,1.0022534534689818,0.5187751700407761,
rolling-lp,10036,0.6772914771510786,0.6007652483832573,0.06772914771510787,0.11176149813177576,0.5112221737494538,0.0,0.0,0.0,0.0,2.4808328046035775,0.955865210125234,0.5348266349002024,
rolling-lp,10037,0.7967294057631906,0.7105910261220205,0.0791781489096524,0.11875507863868479,0.5805598321847483,0.0,-0.009895833333333333,0.0,0.0,2.236695830852231,0.9702562793413356,0.5983572016445643,
rolling-lp,10038,0.8296596182579938,0.7394363986780377,0.08286179515913271,0.12304302433277106,0.5813992049690132,0.0,-0.0020833333333333333,0.0,0.0,1.9968588077403395,1.0002070695813914,0.5812788398029836,
rolling-lp,10039,0.8541968184627,0.7638054949439825,0.08401994226293667,0.1186742296859717,0.5902914492709879,0.0,-0.027994791666666668,0.0,0.0,2.3366301049236164,1.0249088595303093,0.5759453084847993,
rolling-lp,10040,0.8465277162302784,0.7559777642328354,0.08464626120636118,0.11743575684777773,0.5416517472411424,0.0,-0.00013020833333333333,0.0,0.0,2.210288521633101,0.9609974939599764,0.5636349216782672,
rolling-lp,10041,0.8133435050313739,0.7247274813874315,0.08052705883647072,0.117256488408743,0.5738097764475096,0.0,-0.01614583333333333,0.0,0.0,2.2630654315752463,1.035396243035564,0.554193411756276,
rolling-lp,10042,0.8028379883114842,0.7155849506723972,0.08028379883114842,0.11613279596658369,0.5240177505053498,0.0,0.0,0.0,0.0,2.1324390625499685,0.9277817742158811,0.5648071185147238,
rolling-lp,10043,0.8222194623920048,0.734004740748248,0.08222194623920048,0.11495958409747509,0.5239628093469919,0.0,0.0,0.0,0.0,2.2457775151868473,0.9720205741580581,0.5390449783440402,
rolling-lp,10044,0.7463678456063574,0.6625761418287432,0.07463678456063574,0.12008679868329844,0.5446813278445534,0.0,0.0,0.0,0.0,2.3322139925075085,0.9372668447227386,0.5811379447714066,
rolling-lp,10045,0.8073242427584467,0.7213588409216041,0.08067383052584468,0.11588520790827839,0.5422298853704833,0.0,-0.001171875,0.0,0.0,2.3754232059013427,0.9722831691951787,0.5576872073382921,
rolling-lp,10046,0.8071849645309865,0.7185311810793852,0.08071198603643198,0.11004572825834892,0.5051799750715964,0.0,-0.00013020833333333333,0.0,0.0,2.1893604399550357,0.99453518713264,0.5079558587847341,
rolling-lp,10047,0.7881275924801858,0.7024403503063883,0.07881275924801859,0.10781243278475111,0.4932240651126667,0.0,0.0,0.0,0.0,2.2204895592933034,0.953520737428311,0.5172662174531354,
rolling-lp,10048,0.753483209645083,0.6698113626301321,0.07446941471450831,0.11753952800691478,0.5747837596169857,0.0,-0.017578125,0.0,0.0,2.3991702469132186,0.9997715790320294,0.5749150822765802,
rolling-lp,10049,0.806640686139438,0.7191647541984345,0.08020833944727714,0.11228929189204093,0.5423905404818624,0.0,-0.009114583333333334,0.0,0.0,2.3799937041753263,0.9988921681243107,0.5429920844212313,
rolling-lp,10050,0.7868396754083049,0.7004606454661723,0.07770089462416382,0.12283800381615259,0.6014757659332718,0.0,-0.019661458333333333,0.0,0.0,2.2436542341149375,1.0078854539244049,0.5967699638796302,
rolling-lp,10051,0.8184965668148579,0.7285571109764981,0.08164783376481913,0.12147992168400189,0.5758912533177054,0.0,-0.004036458333333334,0.0,0.0,2.1967409874094024,1.0080575516192252,0.5712880702026004,
rolling-lp,10052,0.849652473744668,0.7591003735349816,0.0849652473744668,0.11971445887201954,0.5377634268318812,0.0,0.0,0.0,0.0,2.291864057600562,0.9329903427172894,0.5763869165737248,
rolling-lp,10053,0.8123796705680489,0.7259845494365091,0.08123796705680489,0.11935858286195351,0.5269380964247221,0.0,0.0,0.0,0.0,2.0997608207802627,0.9415892746880841,0.5596262729301781,
rolling-lp,10054,0.7935847453412836,0.7065565828156986,0.07920222453412837,0.11723282131835482,0.5523491304366916,0.0,-0.003125,0.00013020833333333333,0.0,2.266029433875664,0.9546615588544658,0.5785810953773776,
rolling-lp,10055,0.7407585999043148,0.659765254432259,0.07333367249043146,0.11437563985111614,0.5586350167553573,0.0,-0.01484375,0.0,0.0,2.412159627551872,1.0176927137334832,0.5489230778767809,
rolling-lp,10056,0.8643301928940893,0.77396917589915,0.08643301928940893,0.1160604590378849,0.5344930993147905,0.0,0.0,0.0,0.0,2.148517231601812,0.9601075105149983,0.5567013000742909,
rolling-lp,10057,0.8067411134477149,0.7200308265836824,0.0806741113447715,0.12050734477925382,0.5527171240164743,0.0,0.0,0.0,0.0,2.1381134584750106,0.9537286768313749,0.579532877057652,
rolling-lp,10058,0.8884265771335565,0.7949582383802622,0.08884265771335566,0.12174005571319502,0.5603209258232541,0.0,0.0,0.0,0.0,1.9199835661166909,0.9758805913508461,0.5741695559777855,
rolling-lp,10059,0.8237407902551678,0.7357506646162569,0.08223084985885011,0.1193108548011683,0.5643892909967871,0.0,-0.002864583333333333,0.0,0.0,2.16394303480841,0.9799434160007239,0.5759406939026469,
rolling-lp,10060,0.8168935894004049,0.7309291407644282,0.08122711935670715,0.10877965098882898,0.5238708913287355,0.0,-0.009244791666666667,0.0,0.0,2.2050260634482086,0.9809147717512894,0.5340636173654879,
rolling-lp,10061,0.8669129093849403,0.7749566564181014,0.0865415513551607,0.1204352146099179,0.569031211918028,0.0,-0.002994791666666667,0.0,0.0,2.0608703693993213,0.9737251114738337,0.5843858859270256,
rolling-lp,10062,0.7576380543853661,0.6750541747909086,0.07576380543853661,0.10096294249504956,0.4518257890078662,0.0,0.0,0.0,0.0,2.1486273495479704,0.9470958039304928,0.47706450301307174,
rolling-lp,10063,0.8820363812523159,0.7904912354853433,0.0881841068752316,0.12321912624286786,0.5712529756568561,0.0,-0.000390625,0.0,0.0,2.1301976785154815,0.9985650521728061,0.5720738718162132,
rolling-lp,10064,0.8163002043664749,0.7291546657070782,0.08116127043664748,0.10867792880248535,0.5198283470766192,0.0,-0.009375,0.0,0.0,2.3562103683672158,1.000093598997056,0.5197796962183631,
rolling-lp,10065,0.80972947201242,0.7210541990684446,0.080972947201242,0.11714684452553081,0.5384235083658432,0.0,0.0,0.0,0.0,2.1150621885653305,0.9525553553726207,0.5652411750445964,
rolling-lp,10066,0.770460172601435,0.684646749337299,0.07702648601014349,0.12281971448099362,0.5703242391398657,0.0,-0.000390625,0.0,0.0,2.3261687532093602,0.9873725988567839,0.5776180540154832,
rolling-lp,10067,0.9014447099086761,0.8085478479625757,0.09013145015753428,0.11579469929908084,0.536847597596282,0.0,-0.00026041666666666666,0.0,0.0,1.9575405397683046,0.9463969382814061,0.5672541571945081,
rolling-lp,10068,0.7738835222967175,0.6878003844460634,0.07726465431300508,0.12083812745951275,0.5699783377625809,0.0,-0.0024739583333333332,0.0,0.0,2.281986390757312,0.9897406173944996,0.575886578508876,
rolling-lp,10069,0.7363102285891526,0.6572331318286366,0.07362451244224859,0.10187079627888213,0.47144519889743697,0.0,-0.00013020833333333333,0.0,0.0,2.3586236193632804,0.9699556519758437,0.48604820018016465,
rolling-lp,10070,0.7779169729883,0.6939578670389562,0.07779169729883,0.10443975604279451,0.48054615881386326,0.0,0.0,0.0,0.0,2.193258648886774,0.9529698612287278,0.5042616543971946,
rolling-lp,10071,0.8031293389659941,0.715701658458604,0.08031293389659941,0.11985360144120889,0.5479687522728887,0.0,0.0,0.0,0.0,2.1888518337470395,0.9826337250836314,0.5576531094800876,
rolling-lp,10072,0.8103893681962147,0.7234403289312117,0.0808566451529548,0.11693263286091635,0.5569615259974698,0.0,-0.0036458333333333334,0.0,0.0,2.395459833143388,0.9680554631988036,0.5753405121614298,
rolling-lp,10073,0.8198545204301124,0.732411467571047,0.08183571245967791,0.10868424677756168,0.5126697472841224,0.0,-0.002994791666666667,0.0,0.0,2.2946177548641273,0.9715591220258024,0.5276773545341763,
rolling-lp,10074,0.8239865884749268,0.7364734550053234,0.08198199218082602,0.12046545670208328,0.5793608444627761,0.0,-0.008333333333333333,0.0,0.0,2.250440321257455,1.0118522078140937,0.5725745716505086,
rolling-lp,10075,0.7784887573455918,0.6912573107349855,0.0777251778178925,0.12411543519885741,0.5834176341210168,0.0,-0.0024739583333333332,0.0,0.0,2.1569923113195753,1.011283075306109,0.5769083339444002,
rolling-lp,10076,0.772593173333717,0.6882751729282084,0.07687520275003837,0.1135890548334822,0.5473231403195259,0.0,-0.007682291666666666,0.0,0.0,2.4613051830724357,0.943715352804027,0.5799663412206707,
rolling-lp,10077,0.8779478672670948,0.7872392433018789,0.08774921381004282,0.11524842897529262,0.5375012655476085,0.0,-0.0009114583333333333,0.0,0.0,1.9306655131003916,0.9575990132470218,0.5613009810077518,
rolling-lp,10078,0.8038884664962196,0.7159434603571921,0.08029119039962196,0.12113335714664765,0.5678227878143852,0.0,-0.001953125,0.0,0.0,2.088397901650355,0.9607906896015483,0.590995306219993,
rolling-lp,10079,0.801833943073792,0.7143381590532514,0.0801833943073792,0.12265177511890141,0.5619296715227265,0.0,0.0,0.0,0.0,2.136494947574068,0.982214078119275,0.5721050879241101,
rolling-lp,10080,0.8806115406017553,0.7897510054417358,0.08806115406017553,0.10511478436625611,0.47087462303893246,0.0,0.0,0.0,0.0,1.8060668106081745,0.9629014288871872,0.4890164339906694,
rolling-lp,10081,0.8133936891742318,0.7240792617081413,0.08070134808408985,0.11824551881895307,0.5763309007838762,0.0,-0.012760416666666666,0.0,0.0,2.1806961297060203,1.006602214488532,0.5725507976124586,
rolling-lp,10082,0.7007577023559709,0.6231531328729518,0.07007577023559709,0.10782984312922032,0.48941010435551424,0.0,0.0,0.0,0.0,2.4304063700561613,0.9473387879415769,0.5166157140244706,
rolling-lp,10083,0.8017438094299286,0.7145813098458544,0.08017438094299287,0.12169010295781395,0.5561310694162653,0.0,0.0,0.0,0.0,2.2359816880718455,0.9679986005157267,0.5745163981848443,
rolling-lp,10084,0.8437299216904787,0.7556637378195685,0.08437299216904787,0.12152465746496362,0.5570580971945542,0.0,0.0,0.0,0.0,2.222797856608015,0.9884436998036423,0.5635708915998106,
rolling-lp,10085,0.8382108694238044,0.7497092613378731,0.08382108694238044,0.12005467396631327,0.5502954259110052,0.0,0.0,0.0,0.0,2.1186008425459617,0.9633802196372985,0.5712131250921729,
rolling-lp,10086,0.8484667210307268,0.7587153220666725,0.08469042210307268,0.1203482165125506,0.5675209634640478,0.0,-0.003125,0.0,0.0,2.232152601147616,1.0016273669540614,0.5665988991393808,
rolling-lp,10087,0.7514363458924593,0.6684748919721134,0.07514363458924593,0.11096866787772604,0.5081226157111051,0.0,0.0,0.0,0.0,2.3634261499715734,0.9820514298790846,0.5174093741441503,
rolling-lp,10088,0.7472825326123416,0.66496486185418,0.07455898242790082,0.11666339309534166,0.5526238494486261,0.0,-0.0033854166666666668,0.0,0.0,2.4674175646190193,0.9530536536690539,0.5798454759825344,
rolling-lp,10089,0.7161278063870532,0.6345840748919828,0.07073387438870532,0.11838640235364052,0.5751020446051743,0.0,-0.017578125,0.0,0.0,2.2581589350169313,1.025386536421219,0.5608636589011424,
rolling-lp,10090,0.8379610679385605,0.747756184026545,0.08190157554385605,0.1227008808676809,0.6137335064963372,-0.00013020833333333333,-0.03776041666666667,0.00013020833333333333,0.0,2.4098826701602123,1.028131333063673,0.5969407669616544,
rolling-lp,10091,0.7438985120974113,0.6616386173939487,0.07434427829307447,0.11137437944730397,0.5195109057593027,0.0,-0.0009114583333333333,0.0,0.0,2.35846715803182,0.9740622318403385,0.5333446763229572,
rolling-lp,10092,0.7747585050652861,0.6893602250202657,0.07648626717319527,0.11728893422260345,0.5764009430423884,0.0,-0.019791666666666666,0.0,0.0,2.382764320769624,0.9863313152652609,0.5843887688868248,
rolling-lp,10093,0.7565416458467117,0.6727650902976969,0.07525051875133784,0.11067196484704772,0.5325794742678972,0.0,-0.008072916666666667,0.0,0.0,2.419232049320495,0.9422342870044561,0.5652304120253039,
rolling-lp,10094,0.8466679498809841,0.7570557711332843,0.0846277324880984,0.10804297985508085,0.506386212412147,0.0,-0.00078125,0.0,0.0,1.9485604756975796,0.9814383797887234,0.5159633277446903,
rolling-lp,10095,0.9090597255708457,0.8150243437829525,0.0908994621404179,0.12253170796961299,0.5698120337878764,0.0,-0.00013020833333333333,0.0,0.0,2.0401081937642833,0.9826384861373996,0.5798796218818171,
rolling-lp,10096,0.8492827814907632,0.7616947230752684,0.08488921564907631,0.09973522803792971,0.46333522719268966,0.0,-0.00078125,0.0,0.0,2.035243118914514,0.97485262696104,0.4752874582049076,
rolling-lp,10097,0.8239518371658192,0.7369474144292757,0.08239518371658192,0.10877808815485177,0.4983475332939802,0.0,0.0,0.0,0.0,2.014119082666589,0.9746265037291667,0.5113215487031975,
rolling-lp,10098,0.8253818066578146,0.7359948980999325,0.08253818066578146,0.12278030870960024,0.5364920720649606,0.0,0.0,0.0,0.0,2.096669506281711,0.9083495236576669,0.5906229464453933,
rolling-lp,10099,0.7935963963004155,0.706885092109248,0.07934010838004155,0.11955196752639632,0.5490158318320932,0.0,-0.000390625,0.0,0.0,2.197110396580882,0.9496113013081549,0.578147954932493,
peak-first,10000,0.7543709860684632,0.6717948224999514,0.07543709860684632,0.10367489085008783,0.469369910264822,0.0,0.0,0.0,0.0,2.49999999975,1.1751505503503568,0.399412577499015,
peak-first,10001,0.7378604800736543,0.6547208278569332,0.07339542300736544,0.12353666723624297,0.59260214983888,0.0,-0.0078125,0.0,0.0,2.49999999975,1.1252513262115411,0.5266398146217106,
peak-first,10002,0.7920566481425504,0.7039207579476934,0.07920566481425503,0.12870299869860277,0.5924717593250062,0.0,0.0,0.0,0.0,2.49999999975,1.1707168772118886,0.5060760384150287,
peak-first,10003,0.7389605122064694,0.6569735590454019,0.07381141580398028,0.10926961410553729,0.5112287359329676,0.0,-0.0016927083333333334,0.0,0.0,2.49999999975,1.1578712601988346,0.4415246785252941,
peak-first,10004,0.7585910405923697,0.6741049250571236,0.07535129155923696,0.12216126746439784,0.5930191718599963,0.0,-0.01015625,0.0,0.0,2.49999999975,1.1796433653471214,0.5027105558174311,
peak-first,10005,0.772525221398012,0.6868477975320135,0.0771939283898012,0.11770011728083307,0.5502095690800225,0.0,-0.001171875,0.0,0.0,2.49999999975,1.1748792988492096,0.4683115700642193,
peak-first,10006,0.7726627262412743,0.6870566705846435,0.07726627262412743,0.12178796244131362,0.5360999726488612,0.0,0.0,0.0,0.0,2.4999999997500004,1.1686534607287016,0.4587330553187099,
peak-first,10007,0.7427664469152521,0.6601956503654965,0.0742766446915252,0.11490931883709324,0.5272949536829574,0.0,0.0,0.0,0.0,2.49999999975,1.150472235349338,0.458329143008693,
peak-first,10008,0.7723831465239088,0.6871172598061526,0.07714716881905755,0.12218833071573168,0.5739172885522312,0.0,-0.0018229166666666667,0.0,0.0,2.49999999975,1.184716782036341,0.48443416794160554,
peak-first,10009,0.7523987905053882,0.6688960411863623,0.07497946238387214,0.11603078371445864,0.5508710033712223,0.0,-0.005208333333333333,0.0,0.0,2.4999999997500004,1.130157387391725,0.4874285736808482,
peak-first,10010,0.764936405582103,0.6819479747640789,0.0764936405582103,0.1091036779552378,0.49763371833692965,0.0,0.0,0.0,0.0,2.49999999975,1.1918484951600887,0.41753102039205714,
peak-first,10011,0.8089891558200097,0.7193468747528615,0.08046922808200098,0.12565237467426138,0.6049434368659203,0.0,-0.008593749999999999,0.0,0.0,2.49999999975,1.21333915946074,0.49857736161320565,
peak-first,10012,0.7478717853226701,0.6654236085855058,0.074787178532267,0.12742733454045616,0.5821679522151817,0.0,0.0,0.0,0.0,2.49999999975,1.1502676351786976,0.5061152156339165,
peak-first,10013,0.8006297714379134,0.7125524268507496,0.08006297714379133,0.11729893311715496,0.516179002954364,0.0,0.0,0.0,0.0,2.49999999975,1.1850183484327073,0.4355873507250389,
peak-first,10014,0.7856499236656973,0.6978099780042994,0.0785129090332364,0.1294200850138909,0.6053628252660274,0.0,-0.0010416666666666667,0.0,0.0,2.49999999975,1.189760630270691,0.5088106043047473,
peak-first,10015,0.7064419271117268,0.6262756553306347,0.07022752604450601,0.12801171509489429,0.6177576130559664,0.0,-0.008333333333333333,0.0,0.0,2.4999999997500004,1.1016256992748064,0.560769064721922,
peak-first,10016,0.7296348949061187,0.6474739105057759,0.0729569790739452,0.12189024882328356,0.5657097480656985,0.0,-0.00013020833333333333,0.0,0.0,2.49999999975,1.1354147126977603,0.4982406355485431,
peak-first,10017,0.7392239358926779,0.657437223581713,0.07392239358926779,0.11530118822192548,0.5300899400001831,0.0,0.0,0.0,0.0,2.49999999975,1.14945861862887,0.4611648748456034,
peak-first,10018,0.77839099755496,0.6918920733917207,0.07761774558882933,0.12212378578754092,0.5798926831381895,0.0,-0.004427083333333333,0.0,0.0,2.49999999975,1.1673506541705576,0.4967596335055151,
peak-first,10019,0.7328310816891959,0.6511220006613161,0.07323753525225292,0.12493386665234352,0.5860035370888654,0.0,-0.0009114583333333333,0.0,0.0,2.49999999975,1.1472299214951027,0.5107986865659578,
peak-first,10020,0.7278930302667866,0.6471405700886856,0.07271768844334534,0.10979586777946168,0.5138034781634032,0.0,-0.0014322916666666666,0.0,0.0,2.49999999975,1.1537230897865738,0.445343846120347,
peak-first,10021,0.7521132395113467,0.6688705592097998,0.07424127186780133,0.12020312698086495,0.586736420635546,0.0,-0.01940104166666667,0.0,0.0,2.49999999975,1.1688455917547262,0.501979410090181,
peak-first,10022,0.7516542474870468,0.6680671461372714,0.07492453933203802,0.12310101547525307,0.5839102121924552,0.0,-0.0048177083333333336,0.0,0.0,2.49999999975,1.133791722404498,0.5150065930576058,
peak-first,10023,0.7444394334332032,0.6614344330912341,0.07410540167665365,0.12226921753011438,0.5806763506240613,0.0,-0.0067708333333333336,0.0,0.0,2.49999999975,1.1441130801999966,0.5075340546954994,
peak-first,10024,0.7608961368374635,0.6752500528381046,0.07569247826707967,0.12699983999793366,0.609471942958924,0.0,-0.007942708333333333,0.0,0.0,2.4999999997500004,1.1677310794369857,0.5219283392309616,
peak-first,10025,0.7996379437937687,0.711966446986141,0.07996379437937687,0.12184175863698081,0.5495812813870389,0.0,0.0,0.0,0.0,2.49999999975,1.2039801202083131,0.4564703952852229,
peak-first,10026,0.7639230448226765,0.6788995577810021,0.07574777323226767,0.12119523741497602,0.5834501189011516,-0.00013020833333333333,-0.012760416666666666,0.0,0.0,2.49999999975,1.1662945728303393,0.5002596535155326,
peak-first,10027,0.7619209617692444,0.6778469109101204,0.07618558576025777,0.12422896884290952,0.5700390665929599,0.0,-0.00013020833333333333,0.0,0.0,2.49999999975,1.2066625019443413,0.4724096967250032,
peak-first,10028,0.7712572681578486,0.6868591530185818,0.07712572681578486,0.10731502822653678,0.4834709711291057,0.0,0.0,0.0,0.0,2.4999999997500004,1.1771011971348453,0.41073016687597563,
peak-first,10029,0.7586520880500303,0.6731535520242977,0.07585869838833637,0.12650202486970094,0.5857363637528297,0.0,-0.00013020833333333333,0.0,0.0,2.4999999997500004,1.1578732678050896,0.5058726028481292,
peak-first,10030,0.7321854031227469,0.651645920847777,0.07321854031227469,0.10889554542548088,0.4956388155931627,0.0,0.0,0.0,0.0,2.49999999975,1.1381923893017025,0.43546136861558554,
peak-first,10031,0.7448219172039856,0.6622779937136398,0.07448219172039856,0.12104459818027961,0.5552952037601194,0.0,0.0,0.0,0.0,2.49999999975,1.1837343216362128,0.4691045901182999,
peak-first,10032,0.772758728391157,0.6857103535004762,0.07644904992244904,0.1278045314889978,0.6267755231556775,0.0,-0.016536458333333334,0.0,0.0,2.4999999997500004,1.1942088798320905,0.5248458069109352,
peak-first,10033,0.8096710259308653,0.7200359513191125,0.08090199842641986,0.1279793188677688,0.5972793997227199,0.0,-0.0013020833333333333,0.0,0.0,2.49999999975,1.1832561675037048,0.5047760714256745,
peak-first,10034,0.7658463771001556,0.680906951525279,0.07658463771001556,0.12372953699612352,0.5639803447906729,0.0,0.0,0.0,0.0,2.49999999975,1.1947060458076675,0.47206620136370064,
peak-first,10035,0.7616714098958836,0.6787744477486992,0.07610203682292169,0.11215839607301534,0.5253847106754002,0.0,-0.0013020833333333333,0.0,0.0,2.49999999975,1.176113267099202,0.44671268097436173,
peak-first,10036,0.7240972315651211,0.6431922525033458,0.0722730044065121,0.1154731289157084,0.545605522844944,0.0,-0.002734375,0.0,0.0,2.49999999975,1.1175960731493346,0.4881956334254581,
peak-first,10037,0.7518203320075423,0.6683259642410634,0.07512343945075423,0.11978932538837074,0.5611139387744924,0.0,-0.001171875,0.0,0.0,2.49999999975,1.1762798426710959,0.47702418966928406,
peak-first,10038,0.788072721731205,0.7005971754093335,0.07870310550645383,0.1262307734257099,0.5964618612904551,0.0,-0.0020833333333333333,0.0,0.0,2.49999999975,1.2077128505973407,0.49387721675350404,
peak-first,10039,0.7481173782532967,0.66355129213492,0.073770071158663,0.1221626102917844,0.5990031673940257,0.0,-0.020833333333333336,0.0,0.0,2.4999999997500004,1.1691971755752724,0.5123200602150806,
peak-first,10040,0.7513801386642281,0.6688064561417854,0.07513150344975614,0.12446614685242222,0.5712761141643209,0.0,-0.00013020833333333333,0.0,0.0,2.49999999975,1.1447017021338408,0.499061120551672,
peak-first,10041,0.7356550290929396,0.6540483733425372,0.07356550290929395,0.11656774326217184,0.5372187985666942,0.0,0.0,0.0,0.0,2.49999999975,1.1554444103391561,0.4649456034055373,
peak-first,10042,0.7734331868087974,0.6868698560984072,0.07734331868087974,0.12616098921309543,0.5679788775432444,0.0,0.0,0.0,0.0,2.49999999975,1.1558857656599617,0.49137976642436854,
peak-first,10043,0.7953078384138459,0.7080889988279477,0.0795307838413846,0.12165577957803729,0.5553899774791757,0.0,0.0,0.0,0.0,2.49999999975,1.1821062344962607,0.4698308504530035,
peak-first,10044,0.7394983842058052,0.6559426298787472,0.07394983842058052,0.12407308223882757,0.5627620348331434,0.0,0.0,0.0,0.0,2.49999999975,1.129066873304537,0.4984310922045382,
peak-first,10045,0.7658058531618024,0.6804805255773103,0.07658058531618024,0.11832032894650019,0.5353998946684105,0.0,0.0,0.0,0.0,2.49999999975,1.1722799183239168,0.4567167673006852,
peak-first,10046,0.7356789211274627,0.6527411073288435,0.07356789211274627,0.1130417627411638,0.5104228118729939,0.0,0.0,0.0,0.0,2.49999999975,1.1390250225148222,0.44812256252812194,
peak-first,10047,0.7427083741503482,0.6599333384394744,0.07427083741503482,0.11232244020905274,0.5138566038472623,0.0,0.0,0.0,0.0,2.49999999975,1.1305081007692532,0.45453597678566743,
peak-first,10048,0.7490373824732219,0.6654523620671559,0.07489071741398887,0.12445519429042232,0.5798584041440572,0.0,-0.00026041666666666666,0.0,0.0,2.4999999997500004,1.1654624105229352,0.4975350546774637,
peak-first,10049,0.7582267608909586,0.6730182232717654,0.07552970733909586,0.12648221636807996,0.6068969844677831,0.0,-0.005859375,0.0,0.0,2.49999999975,1.1548388027030658,0.5255252794132425,
peak-first,10050,0.7345660215718995,0.6524860752132587,0.07322222715718996,0.12432630202786536,0.5902278855059349,0.0,-0.004687500000000001,0.0,0.0,2.49999999975,1.1579040396679696,0.5097381693868029,
peak-first,10051,0.754546900362691,0.6698142427999031,0.07495338795293577,0.12307801150801807,0.5914246549077343,0.0,-0.010026041666666667,0.0,0.0,2.4999999997500004,1.14140880884934,0.5181532246136706,
peak-first,10052,0.7532501729241212,0.6691821063475085,0.07532501729241212,0.12439032535214062,0.5615749711640752,0.0,0.0,0.0,0.0,2.49999999975,1.0804419429666203,0.5197641343153824,
peak-first,10053,0.7553742805846647,0.6714954692979528,0.07553742805846647,0.12346393367218887,0.5452217108469054,0.0,0.0,0.0,0.0,2.49999999975,1.1574828301384847,0.47104086268102435,
peak-first,10054,0.7478856041949077,0.664401659476567,0.07469090416949076,0.12528382565773935,0.5895850106707703,-0.00013020833333333333,-0.0018229166666666667,0.0,0.0,2.49999999975,1.1032381034332284,0.5344132049428022,
peak-first,10055,0.7281035912416456,0.6480781879401968,0.07225046329083121,0.11805054712794617,0.5715068776998878,0.0,-0.011197916666666667,0.0,0.0,2.49999999975,1.1828188217665339,0.4831736417977736,
peak-first,10056,0.7735152198599458,0.6879670393477992,0.07735152198599457,0.12277625408282698,0.5404950424144909,0.0,0.0,0.0,0.0,2.49999999975,1.1671213372897682,0.4631009862861405,
peak-first,10057,0.7643067603109662,0.679645997185054,0.07643067603109663,0.1253056238454684,0.574724836580092,0.0,0.0,0.0,0.0,2.49999999975,1.1680706517635775,0.49202917281789454,
peak-first,10058,0.7812766007283201,0.6947875293364228,0.078049535072832,0.1269681397305095,0.5972893656488459,0.0,-0.0015625,0.0,0.0,2.49999999975,1.1844489845776272,0.5042761431061875,
peak-first,10059,0.7634569978981665,0.6784886748942919,0.07626757478981665,0.12883518147466777,0.6036133672434008,0.0,-0.0015625,0.0,0.0,2.49999999975,1.1605982902819156,0.5200881065375168,
peak-first,10060,0.7667517859155651,0.6821990834893366,0.07667517859155651,0.12754095892674602,0.58621115841036,0.0,0.0,0.0,0.0,2.49999999975,1.1244255868793194,0.5213427773707144,
peak-first,10061,0.7669155646770304,0.6821459037418772,0.07668504605103638,0.11617343053687464,0.5289464388816796,0.0,-0.00013020833333333333,0.0,0.0,2.49999999975,1.1339064079571066,0.46648156776417876,
peak-first,10062,0.7760306180285148,0.6892916473511133,0.07760306180285148,0.13174774400354988,0.6059091282732406,0.0,0.0,0.0,0.0,2.49999999975,1.197871918101246,0.5058212978510013,
peak-first,10063,0.7882587587160167,0.7014366734825591,0.07880634462160166,0.1281586989372149,0.5941531997223747,0.0,-0.000390625,0.0,0.0,2.49999999975,1.219999070791593,0.48701119037480906,
peak-first,10064,0.7584126052289981,0.6743412244506415,0.07572407302289982,0.11329232811085732,0.5299194809046321,0.0,-0.00234375,0.0,0.0,2.49999999975,1.1585808364854655,0.45738671331051317,
peak-first,10065,0.765409906457047,0.6795090060622773,0.0765409906457047,0.13217894734788121,0.6001022860250314,0.0,0.0,0.0,0.0,2.49999999975,1.1242188191418998,0.5337949123490753,
peak-first,10066,0.7456400358558183,0.6636391079725652,0.07456400358558182,0.11490993326749596,0.5277361810197435,0.0,0.0,0.0,0.0,2.49999999975,1.1459425026593726,0.46052588135533296,
peak-first,10067,0.7444704640525214,0.662415712219963,0.07419314015525214,0.11091775328385592,0.5305453179575743,0.0,-0.005078125,0.0,0.0,2.49999999975,1.2099044919890978,0.43850181685444556,
peak-first,10068,0.7575740824891066,0.6727923415955552,0.07575740824891067,0.12852976104213149,0.5675106763837657,0.0,0.0,0.0,0.0,2.4999999997500004,1.112673481728201,0.5100424209825779,
peak-first,10069,0.7349304121377546,0.6541874361771444,0.07347350996377545,0.1237333300446201,0.5738693996861348,0.0,-0.000390625,0.0,0.0,2.49999999975,1.1653585314204933,0.4924402097838738,
peak-first,10070,0.7748373240978947,0.6885686860695311,0.07748373240978948,0.12538804872180903,0.5588899317359046,0.0,0.0,0.0,0.0,2.49999999975,1.1868585377041438,0.4708985224279718,
peak-first,10071,0.7648334849681617,0.6793430083091687,0.07639220266348284,0.12477319092812666,0.5839603042699218,0.0,-0.0018229166666666667,0.0,0.0,2.49999999975,1.2120913990800186,0.4817791007453313,
peak-first,10072,0.7816441444373317,0.6946757926248003,0.07816441444373316,0.12847055292009363,0.5934433837902903,0.0,0.0,0.0,0.0,2.49999999975,1.2170979972040414,0.48758882616976484,
peak-first,10073,0.8046506360641852,0.7163333998355097,0.08044553235641852,0.11493854903757592,0.5338024561386338,0.0,-0.000390625,0.0,0.0,2.49999999975,1.1857217177020418,0.4501920207493173,
peak-first,10074,0.7766782770137416,0.6909285922110555,0.07640480686804083,0.12585719571794704,0.623644308959605,0.0,-0.025260416666666667,0.0,0.0,2.49999999975,1.1695252558167042,0.5332456959418982,
peak-first,10075,0.7654395123766449,0.6801281654492514,0.07650488873766449,0.12902668830874586,0.6035773750025578,0.0,-0.00078125,0.0,0.0,2.4999999997500004,1.1433216982942151,0.5279156128175195,
peak-first,10076,0.7525136795595221,0.6679394950628893,0.07426178462261888,0.12036862522282861,0.5882493170201551,0.0,-0.019791666666666666,0.0,0.0,2.49999999975,1.1474068474889831,0.5126771888345413,
peak-first,10077,0.7633588540794936,0.6784769025928875,0.07633588540794936,0.11764752991232073,0.5326043124906037,0.0,0.0,0.0,0.0,2.49999999975,1.1417102520231672,0.46649691683752725,
peak-first,10078,0.7395072256725781,0.6570859941890377,0.07393119131725781,0.12150635955589091,0.5657080080327515,0.0,-0.000390625,0.0,0.0,2.49999999975,1.1423567969215362,0.4952113118749252,
peak-first,10079,0.7549839123084902,0.6714073610819117,0.07549839123084902,0.12828454336056094,0.580808904649377,0.0,0.0,0.0,0.0,2.49999999975,1.1671038630071024,0.49764971487018583,
peak-first,10080,0.7803582411712661,0.6963140941009442,0.0780358241171266,0.10040293371935541,0.45242389762013224,0.0,0.0,0.0,0.0,2.49999999975,1.219655912853824,0.3709438808536776,
peak-first,10081,0.7472687070518751,0.6636943034780649,0.07377634987185418,0.11998315080446159,0.5874091413778088,0.0,-0.019010416666666665,0.0,0.0,2.49999999975,1.165094757123427,0.5041728475614282,
peak-first,10082,0.6965540586515602,0.6188680692594581,0.06965540586515602,0.11000594500170599,0.5071988039960388,0.0,0.0,0.0,0.0,2.49999999975,1.1199545379339588,0.4528744576826271,
peak-first,10083,0.7447099863445462,0.66190018088864,0.07441240488445462,0.12467349358780642,0.5825341151989392,0.0,-0.001171875,0.0,0.0,2.4999999997500004,1.1664576112706462,0.4994044443367066,
peak-first,10084,0.7549552347899884,0.6718225508886049,0.07519604431233218,0.11284927420477296,0.5395216431300223,0.0,-0.005989583333333333,0.0,0.0,2.49999999975,1.1422463489985002,0.4723338740395752,
peak-first,10085,0.7729009791864161,0.6873209060691466,0.07729009791864161,0.12351355274556791,0.566361592888492,0.0,0.0,0.0,0.0,2.49999999975,1.1856979211151941,0.4776609478709445,
peak-first,10086,0.7490867910419508,0.66595817676475,0.07475242910419508,0.12097744207805412,0.5704881756880322,0.0,-0.003125,0.0,0.0,2.49999999975,1.1418400824463206,0.4996217810691994,
peak-first,10087,0.7621497777046637,0.6774269378397767,0.07609779027046637,0.1255608385476984,0.5928126852378381,0.0,-0.00234375,0.0,0.0,2.49999999975,1.1711672460038676,0.5061725276732001,
peak-first,10088,0.725124348749404,0.6453490724732954,0.0722585286249404,0.1114401320426643,0.5316553933037512,0.0,-0.005078125,0.0,0.0,2.49999999975,1.1570715768216053,0.45948358247998056,
peak-first,10089,0.7273791087500624,0.6453276422552807,0.0714748900416729,0.1283441527085434,0.6363671137236534,0.0,-0.025260416666666667,0.0,0.0,2.49999999975,1.1752551393821347,0.5414714578982482,
peak-first,10090,0.7655130498512964,0.6806058149024239,0.07651224248512964,0.12382016447769169,0.57903487781494,0.0,-0.00078125,0.0,0.0,2.49999999975,1.2045029481614509,0.4807251644329944,
peak-first,10091,0.7285220216453628,0.6467288921335168,0.07285220216453628,0.12962628747106808,0.5957664801541837,0.0,0.0,0.0,0.0,2.49999999975,1.1226249970002746,0.5306905527189485,
peak-first,10092,0.7571949512751587,0.6728988978916373,0.07527678679418254,0.11197442427439068,0.5397097099211469,0.0,-0.008854166666666666,0.0,0.0,2.49999999975,1.165725560744348,0.4629817927098787,
peak-first,10093,0.7604314792908549,0.6750146963005698,0.07572413751241883,0.12449552647125368,0.5954056294620504,0.0,-0.006380208333333333,0.0,0.0,2.49999999975,1.1831413377825808,0.5032413376561987,
peak-first,10094,0.7736994223329399,0.6878690190442116,0.07736994223329399,0.11793958006015426,0.5419029257350971,0.0,0.0,0.0,0.0,2.49999999975,1.1737402123784846,0.4616889836610241,
peak-first,10095,0.7639717295725039,0.6784922815111317,0.07639717295725039,0.12550882256076926,0.5771427164540337,0.0,0.0,0.0,0.0,2.49999999975,1.175601852565131,0.49093382695401855,
peak-first,10096,0.7582124902918989,0.6759828954035266,0.07582124902918988,0.10798214843936711,0.4922337570484683,0.0,0.0,0.0,0.0,2.49999999975,1.1625702878041573,0.423401287829393,
peak-first,10097,0.7687531286455651,0.6834215129506401,0.07687531286455651,0.12343220353964121,0.5672863522926537,0.0,0.0,0.0,0.0,2.49999999975,1.1758701726805318,0.48243961405999347,
peak-first,10098,0.7625707545854675,0.677465456648747,0.07625707545854675,0.1203332116429542,0.5372852842485341,0.0,0.0,0.0,0.0,2.49999999975,1.1344238334854748,0.473619531244989,
peak-first,10099,0.7551388046161712,0.6709062370031977,0.07551388046161712,0.125054879706455,0.5746138472320991,0.0,0.0,0.0,0.0,2.4999999997500004,1.1761400376036966,0.48855903962153585,
random,10000,0.7309128916160926,0.6508218746280595,0.07307175791160928,0.11105650826583296,0.513090658071681,0.0,-0.000390625,0.0,0.0,2.49999999975,1.0202930578559761,0.5028855720628734,
random,10001,0.6659817376390083,0.5906457507422409,0.06630520501390082,0.11683289508156636,0.5564082433819157,0.0,-0.005859375,0.0,0.0,2.49999999975,0.9692937314007417,0.5740347072892357,
random,10002,0.7092142576413617,0.6296266785182566,0.07092142576413617,0.12267941645432646,0.5456335824780681,0.0,0.0,0.0,0.0,2.49999999975,1.0115191908832661,0.5394199016645614,
random,10003,0.6963714662350934,0.6195396162618118,0.06955251120684267,0.10716934631447722,0.5014024245953315,0.0,-0.0016927083333333334,0.0,0.0,2.49999999975,1.0089342007019992,0.4969624622165293,
random,10004,0.6582269920543805,0.583840155903469,0.0654646262887714,0.11695915059866947,0.5621513992818218,0.0,-0.007161458333333333,0.0,0.0,2.49999999975,0.9670573458119978,0.5813009970053086,
random,10005,0.7703605935459741,0.6856786722931363,0.07703605935459741,0.12666904949249802,0.5710777198093324,0.0,0.0,0.0,0.0,2.49999999975,1.0419697416384266,0.5480751474715105,
random,10006,0.6900810138959032,0.6127614650602066,0.06900810138959032,0.11985623136316632,0.5275966611770173,0.0,0.0,0.0,0.0,2.49999999975,0.9925512097456664,0.5315561111574383,
random,10007,0.7038200811226338,0.6253027184487164,0.07038200811226339,0.10972476460103772,0.5093562369576466,0.0,0.0,0.0,0.0,2.49999999975,1.0332849744883137,0.4929484600411243,
random,10008,0.7403292628074454,0.6582752078414487,0.07394178044741119,0.12218833071573168,0.5739172885522312,0.0,-0.0018229166666666667,0.0,0.0,2.49999999975,1.056542209660889,0.5432033697323247,
random,10009,0.727083741261426,0.6463149597183936,0.07267582204280927,0.12133931565101769,0.5673164651598317,0.0,-0.0006510416666666666,0.0,0.0,2.49999999975,0.9978899906751761,0.5685160393040752,
random,10010,0.7068691166948511,0.6295290826485496,0.07053066166948511,0.11737564659777719,0.5559623369215806,0.0,-0.003125,0.0,0.0,2.49999999975,0.9740944712069292,0.5707478620967106,
random,10011,0.7728628869874552,0.6873569497578638,0.07685660119874553,0.12460385441214523,0.5998954188508815,0.0,-0.008593749999999999,0.0,0.0,2.49999999975,1.0668139406545682,0.5623243154123031,
random,10012,0.6905617195449656,0.6152725340880424,0.06903664070449657,0.12138798358106026,0.5609211454357128,0.0,-0.000390625,0.0,0.0,2.49999999975,0.9639363823406704,0.5819068101503346,
random,10013,0.7102163336660777,0.6305440720418433,0.07102163336660777,0.11593990756080748,0.5101985525101618,0.0,0.0,0.0,0.0,2.49999999975,0.9524994988490857,0.535641806769074,
random,10014,0.7436403730345356,0.6607248665652741,0.0741752352201202,0.12420823700499507,0.5887780422578189,0.0,-0.003776041666666667,0.0,0.0,2.49999999975,0.9976319114754691,0.5901756303956166,
random,10015,0.6856588045470676,0.6086815953613826,0.06814921378804009,0.12181393826461746,0.5878484456169771,0.0,-0.008333333333333333,0.0,0.0,2.49999999975,0.9857476266646725,0.5963478173475217,
random,10016,0.6441675010475152,0.5714397689050615,0.06441023968808486,0.11404228541973382,0.5292862487069633,0.0,-0.00013020833333333333,0.0,0.0,2.4999999997500004,0.9474598681243431,0.5586371164773183,
random,10017,0.7048911472056042,0.6272186790474231,0.07031984388722709,0.11306833140104781,0.5346950558092048,0.0,-0.0033854166666666668,0.0,0.0,2.49999999975,1.0489669056689943,0.5097349143424073,
random,10018,0.7160807870391701,0.6358114832310258,0.07082682870391702,0.11939819548193437,0.5789707123936587,0.0,-0.015625,0.0,0.0,2.49999999975,1.0311892312011808,0.5614592306392151,
random,10019,0.697596778877988,0.6201442435564933,0.06971410497113213,0.12159913433379244,0.5703619421692638,0.0,-0.0009114583333333333,0.0,0.0,2.49999999975,0.9998947134766774,0.570421999918462,
random,10020,0.6514860362983461,0.5789492272688651,0.06507698904650128,0.10398103061097065,0.4865922212869091,0.0,-0.0014322916666666666,0.0,0.0,2.49999999975,0.9665090054130571,0.5034533755626561,
random,10021,0.6855351460332934,0.6101733269786795,0.06824101460332933,0.11058791724070481,0.5252619269755696,0.0,-0.00625,0.0,0.0,2.49999999975,0.9703059080011873,0.5413364204466194,
random,10022,0.7177898784640234,0.638339757873278,0.07153810242973567,0.11962626687363995,0.5674282913451716,0.0,-0.0048177083333333336,0.0,0.0,2.49999999975,1.031387872718648,0.5501599411378382,
random,10023,0.6982435754218591,0.6203272564081658,0.06948581587551925,0.11789643854811498,0.5599093138126282,0.0,-0.0067708333333333336,0.0,0.0,2.49999999975,1.026754823339573,0.5453193898729342,
random,10024,0.6954491254799344,0.6172247822548674,0.06858137088132676,0.12008953221172355,0.588798965638296,0.0,-0.019270833333333334,0.0,0.0,2.49999999975,1.0148059619416985,0.5802084218264802,
random,10025,0.7572800318536228,0.6736225010977743,0.07572800318536228,0.11387983306259929,0.5210421211042772,0.0,0.0,0.0,0.0,2.49999999975,1.018757707775038,0.5114485192384268,
random,10026,0.7223367567696908,0.6412429174272519,0.07158914442696909,0.11951927838709152,0.5753818274818732,-0.00013020833333333333,-0.012760416666666666,0.0,0.0,2.49999999975,1.0360311441760872,0.5553711688266385,
random,10027,0.7209717250656589,0.6409940489880339,0.07208415167323255,0.12127379886172472,0.5621267894622352,0.0,-0.00026041666666666666,0.0,0.0,2.49999999975,1.0371173680507728,0.542008847579839,
random,10028,0.7447285694501729,0.6617096936454165,0.07447285694501729,0.12482486852791712,0.5592442138208021,0.0,0.0,0.0,0.0,2.49999999975,1.0728876131484903,0.52125144047441,
random,10029,0.7063206253296497,0.6259695996976895,0.07062555211629831,0.12198678120445768,0.5648296438116926,0.0,-0.00013020833333333333,0.0,0.0,2.49999999975,1.0073686109088476,0.5606980778387601,
random,10030,0.6705242517419423,0.5958623228914549,0.06705242517419423,0.107729565915402,0.4903318519233139,0.0,0.0,0.0,0.0,2.49999999975,0.9938978934665429,0.4933422790676432,
random,10031,0.6855350400768515,0.6095810147621095,0.06840376442435181,0.11690539373511445,0.55242302848098,0.0,-0.0029947916666666664,0.0,0.0,2.49999999975,0.9555707107162066,0.5781079540068106,
random,10032,0.7056215149967962,0.6262343123380888,0.07050355774967962,0.12449493492728643,0.5835541890584919,0.0,-0.001171875,0.0,0.0,2.49999999975,1.025255507225298,0.5691792776980976,
random,10033,0.7478028763739265,0.6643021133274571,0.07471518347072599,0.12639755713877918,0.5898973187399993,0.0,-0.0013020833333333333,0.0,0.0,2.49999999975,1.0320553449041556,0.5715752761251206,
random,10034,0.7134606778965705,0.6334409811621095,0.07133955737299039,0.1230363704190624,0.565664164521128,0.0,-0.00013020833333333333,0.0,0.0,2.49999999975,0.9862366917940556,0.5735582231199822,
random,10035,0.7037427225040888,0.6267208061446341,0.07030916808374221,0.11154876277351367,0.5225289992361222,0.0,-0.0013020833333333333,0.0,0.0,2.49999999975,1.0259340914469943,0.5093202415168198,
random,10036,0.6836017172900586,0.6075684145667326,0.06822345297900587,0.11246773532840271,0.5314051685724471,0.0,-0.002734375,0.0,0.0,2.49999999975,0.9881376591099824,0.5377845522567016,
random,10037,0.7150578428189054,0.6350188138115789,0.07144719053189054,0.11831847423406808,0.5542242173250561,0.0,-0.001171875,0.0,0.0,2.49999999975,1.047361908715545,0.5291620906900663,
random,10038,0.7392863932168438,0.6572848494276684,0.07382447265501771,0.12418677668283075,0.5868036292394027,0.0,-0.0020833333333333333,0.0,0.0,2.49999999975,1.0318826505305876,0.5686728320683286,
random,10039,0.6742321752568287,0.59762595153727,0.06638155085901619,0.11680889645708091,0.5727521603416308,0.0,-0.020833333333333336,0.0,0.0,2.49999999975,0.9754607204258885,0.5871606599305873,
random,10040,0.7270535131097163,0.6473899891695819,0.07269884089430496,0.1218190133308659,0.5609537499747844,0.0,-0.00013020833333333333,0.0,0.0,2.49999999975,1.004925224480044,0.558204467665767,
random,10041,0.6891674576196525,0.612589556210169,0.06891674576196524,0.11219054942458982,0.5170458866726158,0.0,0.0,0.0,0.0,2.49999999975,0.9933793322234136,0.5204918905604237,
random,10042,0.7291410903833203,0.6473196105331267,0.07291410903833204,0.12520085473988216,0.5636563361317695,0.0,0.0,0.0,0.0,2.4999999997500004,0.985173234095893,0.5721393117719491,
random,10043,0.7475785788455319,0.66480723276977,0.07475785788455319,0.1159125987080863,0.5194223358051367,0.0,0.0,0.0,0.0,2.4999999997500004,1.0771421744993326,0.48222263328104287,
random,10044,0.6808924055801169,0.6034210039432591,0.06808924055801169,0.12170160107083065,0.5520056359141459,0.0,0.0,0.0,0.0,2.49999999975,0.9732359301804077,0.567185837263346,
random,10045,0.7020398720070404,0.6237044749982964,0.07020398720070405,0.11327146378165859,0.5160691519031807,0.0,0.0,0.0,0.0,2.49999999975,0.9855421807393936,0.5236398420978844,
random,10046,0.7073618415320231,0.6276064654398998,0.0707361841532023,0.11199353412204471,0.5056896956663613,0.0,0.0,0.0,0.0,2.49999999975,1.0553670659842165,0.4791600116825364,
random,10047,0.7230409849259639,0.6432799489543308,0.07230409849259639,0.1103809157645511,0.5049744503302872,0.0,0.0,0.0,0.0,2.49999999975,1.0271483955666922,0.49162755110149947,
random,10048,0.71906834530662,0.6401280358588582,0.07187428244732867,0.11544862033692047,0.5380253508863089,0.0,-0.0006510416666666666,0.0,0.0,2.49999999975,0.9988552097653007,0.5386419829684101,
random,10049,0.706529821736453,0.6274132374446639,0.07028188842364529,0.12027622606181974,0.5746590945977869,0.0,-0.007421875,0.0,0.0,2.49999999975,1.0025355067952009,0.5732057275804585,
random,10050,0.7036876633322302,0.6251738463281197,0.07013439133322302,0.1225477329707273,0.5817842896078955,0.0,-0.004687500000000001,0.0,0.0,2.49999999975,1.0121149912107952,0.5748203461663045,
random,10051,0.6890871778305391,0.6122079058674591,0.06882408236638723,0.10850437344241676,0.5078416684638841,0.0,-0.0016927083333333332,0.0,0.0,2.49999999975,0.9661234612291288,0.525648831483498,
random,10052,0.731305471692784,0.6496707417277561,0.0731305471692784,0.12282483382415203,0.5545073728022331,0.0,0.0,0.0,0.0,2.49999999975,0.968872238392045,0.5723224908606133,
random,10053,0.7241211916528931,0.6443013273188797,0.07241211916528931,0.12223280980398737,0.5397850181892141,0.0,0.0,0.0,0.0,2.49999999975,0.9957112686277634,0.5421099822774098,
random,10054,0.6744431668346355,0.5988558289188098,0.06741176460013022,0.1199918791455918,0.5607715501013208,0.0,-0.0006510416666666666,0.0,0.0,2.49999999975,0.9620679668972241,0.582881427712297,
random,10055,0.6619522483500937,0.588854830811377,0.06563532900167604,0.11167244650954779,0.5406291862468706,0.0,-0.011197916666666667,0.0,0.0,2.49999999975,0.9677268889581436,0.5586588451922762,
random,10056,0.7086682047244197,0.6297368586350892,0.07086682047244197,0.12093741823857777,0.5477007608662838,0.0,0.0,0.0,0.0,2.49999999975,1.0056043560845231,0.544648357529836,
random,10057,0.7264684905831317,0.6454217732874267,0.07264684905831317,0.12495694821752357,0.5731256063369451,0.0,0.0,0.0,0.0,2.49999999975,1.043213354348386,0.5493848443829901,
random,10058,0.7277105474921078,0.6470930381328941,0.07274501308254412,0.12189617541082973,0.5639361421524063,0.0,-0.0005208333333333333,0.0,0.0,2.49999999975,0.9904677632885256,0.5693634493262456,
random,10059,0.6958896875865893,0.6175376332995193,0.06950433334199227,0.12151681268925814,0.5725385747058644,0.0,-0.0016927083333333334,0.0,0.0,2.49999999975,0.9861704235026331,0.5805675784438447,
random,10060,0.7088023288568346,0.6290581274940168,0.07088023288568346,0.126891575931968,0.5832264265969552,0.0,0.0,0.0,0.0,2.49999999975,1.050043628911319,0.5554306607256329,
random,10061,0.6734582234345363,0.597158703751752,0.06733931192678697,0.11373375400524333,0.5178384066279537,0.0,-0.00013020833333333333,0.0,0.0,2.49999999975,0.9752298146437759,0.530991155984198,
random,10062,0.7004477237330003,0.6235553667036964,0.07004477237330003,0.10217207558181,0.4572368586284633,0.0,0.0,0.0,0.0,2.49999999975,0.9959267884316593,0.459106898157142,
random,10063,0.7374753461200918,0.6562365007505576,0.07372800336200917,0.12225697324286144,0.5667923632418037,0.0,-0.000390625,0.0,0.0,2.49999999975,0.9859908483455101,0.5748454604755001,
random,10064,0.7281291740344685,0.6467790591137569,0.07216187573678019,0.11724074402390988,0.5648491046721356,0.0,-0.013020833333333332,0.0,0.0,2.49999999975,1.0411806786573419,0.5425082468880796,
random,10065,0.7097070215200085,0.6295176147751707,0.07093163965200085,0.1241112994231857,0.5829596251683324,0.0,-0.00078125,0.0,0.0,2.49999999975,0.9674925022544196,0.6025469177383171,
random,10066,0.7226111163261822,0.6423966221413867,0.07177934079928489,0.12109840089962579,0.5824746750548356,0.0,-0.009635416666666667,0.0,0.0,2.49999999975,1.0423949462048254,0.558785014428094,
random,10067,0.6740671707856878,0.5992142569507366,0.06740671707856878,0.10443289330991536,0.48294447888721154,0.0,0.0,0.0,0.0,2.49999999975,0.9975046113697634,0.4841526278500477,
random,10068,0.7245559687419865,0.6435057198342305,0.07245559687419864,0.12821126840975844,0.5661044030992303,0.0,0.0,0.0,0.0,2.49999999975,0.9753388653345861,0.5804181738467178,
random,10069,0.7129625743902052,0.6339592623251167,0.07118558035568719,0.12349842345910028,0.5827852445429252,0.0,-0.0022135416666666666,0.0,0.0,2.49999999975,1.0109778693802123,0.576456975166238,
random,10070,0.7201477198606777,0.63884006577913,0.07201477198606777,0.12447155407793734,0.5548048563704988,0.0,0.0,0.0,0.0,2.49999999975,1.0448499183332967,0.5309899983104766,
random,10071,0.7171121849202636,0.6369926452704657,0.07148335390869304,0.11848251467804427,0.5614689012280368,0.0,-0.004557291666666667,0.0,0.0,2.49999999975,1.0443900591022517,0.5376046012068235,
random,10072,0.7067555504337643,0.6278890477865955,0.07067555504337643,0.12350984844176419,0.5679859677841896,0.0,0.0,0.0,0.0,2.49999999975,0.9969370757787062,0.5697310106964741,
random,10073,0.7177659699110303,0.6383179230434276,0.0717049824077697,0.11998321992081044,0.5656310096183279,0.0,-0.0014322916666666666,0.0,0.0,2.49999999975,0.9771882862855963,0.5788352332469678,
random,10074,0.6866299416585621,0.6113272030491891,0.06822679624918954,0.10372003179030058,0.4968964608325923,0.0,-0.008723958333333334,0.0,0.0,2.49999999975,0.9547746236713288,0.5204332504375857,
random,10075,0.6864046865740124,0.6097343181588752,0.06861442699073458,0.11316781668402671,0.5244515370588951,0.0,-0.0005208333333333333,0.0,0.0,2.4999999997500004,1.0064091638670272,0.5211116471194899,
random,10076,0.6950150742392132,0.6162043236331292,0.06950150742392132,0.12363292975459733,0.5698165293816555,0.0,0.0,0.0,0.0,2.49999999975,0.9893061898353946,0.5759759063839116,
random,10077,0.7159655474568123,0.6359417513014597,0.07159655474568123,0.11840147022484553,0.5276190184480083,0.0,0.0,0.0,0.0,2.49999999975,0.9899954937715914,0.5329509293400267,
random,10078,0.6928149761985296,0.6150110608905428,0.06926196636985296,0.11908364633467655,0.5544283657538026,0.0,-0.000390625,0.0,0.0,2.49999999975,1.0186322501001803,0.5442870728855048,
random,10079,0.7044222069064966,0.6274407495185148,0.06914013735731633,0.10711733799050639,0.5283061981636129,0.0,-0.026041666666666668,0.0,0.0,2.49999999975,1.0125957472954374,0.5217345614720156,
random,10080,0.7090863875863601,0.6315556730177797,0.07090863875863601,0.09573175875781284,0.4313751981023088,0.0,0.0,0.0,0.0,2.4999999997500004,0.9935367457676733,0.43418142302225504,
random,10081,0.7157296651973373,0.6360059447664088,0.0710911956864004,0.11759728981942344,0.564120833764473,0.0,-0.009635416666666667,0.0,0.0,2.49999999975,0.9868028920605472,0.5716651605940574,
random,10082,0.6891598826190932,0.6128884738887493,0.06875973826190931,0.10927992772627769,0.5165903542100477,0.0,-0.003125,0.0,0.0,2.49999999975,1.010666790491578,0.5111381506448663,
random,10083,0.6829680129789517,0.6059204327065746,0.06823820754789518,0.1222928320595606,0.5714105273613359,0.0,-0.001171875,0.0,0.0,2.49999999975,1.0120425755666704,0.5646111548631119,
random,10084,0.6946860922793755,0.6166937122067726,0.06931886964460421,0.117944709310904,0.5550850710047717,0.0,-0.002994791666666667,0.0,0.0,2.49999999975,0.9885574458201735,0.5615101816811828,
random,10085,0.7327786966615472,0.6511312959279275,0.07327786966615471,0.12302617538517742,0.5641267626853873,0.0,0.0,0.0,0.0,2.49999999975,1.0353546941955298,0.5448632877679794,
random,10086,0.6680904289803029,0.5938306790868619,0.06637935539803029,0.11166462475067265,0.5332122281311676,0.0,-0.00859375,0.0,0.0,2.49999999975,1.0024027396700346,0.5319341288978195,
random,10087,0.7027613916946581,0.6234437002927042,0.07026962875279916,0.12200369254162266,0.5619796525325983,0.0,-0.00013020833333333333,0.0,0.0,2.49999999975,0.9934249583670104,0.5656991479823289,
random,10088,0.6861933724153437,0.6107630731655806,0.06836543099153437,0.1079863676820338,0.5151782731148905,0.0,-0.005078125,0.0,0.0,2.49999999975,1.0147643804387132,0.5076826532797332,
random,10089,0.634388183421223,0.562927537245783,0.06216277667545563,0.11549358485646946,0.5688417469923679,0.0,-0.025520833333333333,0.0,0.0,2.49999999975,0.9852423509942243,0.5773622565233217,
random,10090,0.7351214097655516,0.6528393186952267,0.07348609930988849,0.1201424536755337,0.5608835147701011,0.0,-0.0005208333333333333,0.0,0.0,2.49999999975,1.0200280826562147,0.5498706597464715,
random,10091,0.6999442858494308,0.6206913511275586,0.06992281400160974,0.12520415542785812,0.5885974218694501,0.0,-0.0014322916666666666,0.0,0.0,2.49999999975,0.9950765894289479,0.5915096668159311,
random,10092,0.7377365206660094,0.6562612365935971,0.07358484998326761,0.12603429963548238,0.5968212277996563,0.0,-0.0037760416666666667,0.0,0.0,2.49999999975,1.0784563275713435,0.553403241783265,
random,10093,0.7136900049206126,0.6331378671028891,0.0710499900753946,0.11869362182563457,0.567657751401538,0.0,-0.006380208333333333,0.0,0.0,2.49999999975,1.0183979821198539,0.5574026670986972,
random,10094,0.7374421823977345,0.6563840879569444,0.07374421823977345,0.11246405430719034,0.5167442519128262,0.0,0.0,0.0,0.0,2.49999999975,1.0397607918987337,0.4969837831345673,
random,10095,0.7541590684652947,0.6706264492943096,0.07541590684652946,0.12017613509072325,0.5478494557510613,0.0,0.0,0.0,0.0,2.49999999975,1.031998761920497,0.5308625125979234,
random,10096,0.7231923182958641,0.6440048965079868,0.07215647141291974,0.1032982183046985,0.4881087572169881,0.0,-0.0032552083333333335,0.0,0.0,2.49999999975,1.077556718886326,0.45297732236448507,
random,10097,0.6910487339482847,0.6126864749543255,0.06910487339482847,0.12343220353964121,0.5672863522926537,0.0,0.0,0.0,0.0,2.49999999975,1.012391667321531,0.5603427710873149,
random,10098,0.743348807230804,0.6599432981754197,0.0743348807230804,0.12125658860877889,0.5396426979461089,0.0,0.0,0.0,0.0,2.49999999975,1.0182685442067703,0.5299610805187838,
random,10099,0.710635101459399,0.6305629210881021,0.06939033306260657,0.11749556376244531,0.5838720751842866,0.0,-0.033463541666666666,0.0,0.0,2.49999999975,0.9869402570751707,0.5915981955327371,
