feeder,scenario_seed,policy,installed_final_mw,energy_programme_gwh,energy_final_year_mwh,co2_programme_t,offered_total_mw,rpf_max_mw,installed_y1_mw,installed_y2_mw,installed_y3_mw,installed_y4_mw,installed_y5_mw,installed_y6_mw,installed_y7_mw,installed_y8_mw,installed_y9_mw,installed_y10_mw,budget_efficiency,energy_per_mw_offered_mwh
stiff,10000,max-exp-cap,1.4929345667486347,13.76501095817467,2323.977918112252,7846.056246159562,2.4999999997499995,0.0,0.17589825368336423,0.3559087774397738,0.5398548818918072,0.699969274398489,0.8416074382602918,0.9686839089651369,1.1277990987998945,1.2513616090542028,1.3886912849246338,1.4929345667486347,0.5971738267591714,5506.00438382047
stiff,10000,accept-greedy,1.4323198715001892,12.78166264288488,2229.621998966193,7285.54770644438,2.49999999975,0.0,0.11192838712889894,0.3009283911780294,0.47327942808034634,0.6439056372506701,0.7964923014998678,0.9206596777911777,1.0531614606585034,1.1790716974693969,1.2992545650393694,1.4323198715001892,0.5729279486573685,5112.665057665218
stiff,10000,rolling-lp,0.9729503606144111,10.64690407228835,1514.5440422158488,6068.73532120436,1.7369214008982998,0.0,0.11192838712889894,0.2782462552301984,0.4388770192045424,0.6027645105419638,0.7543267562777551,0.8701457410312441,0.909765719874729,0.9457108155970211,0.9549067022045888,0.9729503606144111,0.560157966912735,6129.7558235980005
stiff,10000,peak-first,1.4122232412480298,12.400731501328053,2198.338561651054,7068.416955756989,2.49999999975,0.0,0.14095492700274614,0.29000283522939224,0.43719822950695225,0.5842622028560671,0.7303218429417135,0.8757611999033134,1.0265859349174562,1.1703770166181067,1.2986019940491054,1.4122232412480298,0.5648892965557009,4960.29260102725
stiff,10000,ppo-s0,1.3983436600917363,13.01747678082157,2176.732899327808,7419.961765068294,2.490555136500869,0.0,0.17114763717726778,0.3438308965435168,0.5090232673512485,0.6581554231156944,0.7969481919744196,0.9288338830919222,1.0657836823823639,1.1884800705865297,1.30194283910175,1.3983436600917363,0.5614586240625669,5226.737039482132
stiff,10000,ppo-s1,1.3613136596665214,12.824917805980233,2119.0901163066437,7310.203149408732,2.4920284232949457,0.0,0.16806535269976142,0.33790295557228045,0.500157840821231,0.6474410359600735,0.7888260965055975,0.9257371816899091,1.0610158737323934,1.1744365155746053,1.2738922297165787,1.3613136596665214,0.5462673085672917,5146.377018053108
stiff,10000,ppo-s2,1.4268859663275735,13.177035851511949,2221.163305657365,7510.91043536181,2.493533614889965,0.0,0.1779843839751496,0.350076219347262,0.5204747710562339,0.6666857918230923,0.7980224140116503,0.928789384105922,1.0678069604287288,1.2048857692978787,1.3233794037360975,1.4268859663275735,0.5722345019962922,5284.482941327193
stiff,10000,ppo-s3,1.3942544001405928,12.907167432307507,2170.36734919618,7357.085436415277,2.4888157457433224,0.0,0.17173371809419213,0.3469670480183632,0.5029993409299263,0.6639100244333084,0.7926043359651744,0.9111815826550588,1.044899451457042,1.1726075975035166,1.2904687973885505,1.3942544001405928,0.5602079633758414,5186.067893689167
stiff,10000,ppo-s4,1.4247664603039811,12.898576579200839,2217.863974724957,7352.188650144478,2.494725207803538,0.0,0.16994517727246972,0.3427932136906645,0.4937909765853375,0.6349776086069678,0.7752849967947361,0.9081594820794372,1.0441775887387037,1.1829166922989125,1.3092952949535663,1.4247664603039811,0.5711115820881957,5170.339618509444
stiff,10001,max-exp-cap,1.5240241558457022,13.964967256625823,2372.373554568122,7960.031336276718,2.49999999975,0.0,0.16321847079373492,0.3556612098104619,0.5417795232715914,0.7126569783146506,0.8522290003232041,0.9880598398064121,1.143307155025346,1.2813703708305493,1.4088552758068096,1.5240241558457022,0.6096096623992419,5585.986903208928
stiff,10001,accept-greedy,1.4223830861298992,13.089010477385163,2214.1538932019416,7460.735972109542,2.49999999975,0.0,0.16463342754900825,0.3418212111039211,0.510679710706362,0.6674736290250609,0.7947828666795123,0.9296303691599599,1.063905426664864,1.1933184158501793,1.3198149984913616,1.4223830861298992,0.568953234508855,5235.604191477625
stiff,10001,rolling-lp,0.9901267413044189,11.355684020259014,1541.2816704587271,6472.739891547637,1.5764565923165907,0.0,0.16463342754900825,0.33160842630900467,0.4915954673164046,0.6514386673052007,0.8031046814907947,0.8920583233003447,0.9901267184911189,0.9901267232240429,0.9901267312382516,0.9901267413044189,0.6280710462502715,7203.296351834162
stiff,10001,peak-first,1.432852653017291,12.636247590176646,2230.4513537875628,7202.661126400688,2.49999999975,0.0,0.13913847601642304,0.28830944277922377,0.43758646481548935,0.5973182895932153,0.7402559245853734,0.8943803807741271,1.0515095126260297,1.197635381797306,1.3385995639239523,1.432852653017291,0.5731410612642305,5054.499036576109
stiff,10001,ppo-s0,1.4248754900297569,13.355497945522638,2218.0336959443357,7612.633828947904,2.490986610424617,0.0,0.16338810046542035,0.3549873316979357,0.5222280411514367,0.6798461732623907,0.8181721635100287,0.9583231938092687,1.0993748019130494,1.2210497115833414,1.337390962271658,1.4248754900297569,0.5720125046303924,5361.529399488038
stiff,10001,ppo-s1,1.3719393536056699,13.247221701457523,2135.6306122059245,7550.9163698307875,2.492381241802833,0.0,0.177276961187205,0.3712383202551407,0.5406550898375155,0.6881281887272238,0.8258796401984049,0.9647512623864805,1.0851419774128814,1.1959715860875426,1.2890964112198282,1.3719393536056699,0.5504532495250585,5315.086423887266
stiff,10001,ppo-s2,1.4527181822452773,13.617208896025668,2261.3750474883514,7761.80907073463,2.4916210763875886,0.0,0.17869141121872675,0.36968020109464445,0.5416085499778504,0.7021004921508983,0.8332636671912015,0.9751152259361254,1.1152709881771865,1.2339183269658949,1.3453932952210306,1.4527181822452773,0.5830413765609427,5465.200557609755
stiff,10001,ppo-s3,1.4022255565344774,12.921012691492448,2182.775656870073,7364.977234150694,2.4905515019272113,0.0,0.1431787371261656,0.33072654826882286,0.5021360628750875,0.6515624753454412,0.7909752722808299,0.9309573778403228,1.0638787198595894,1.1832575824000249,1.3016222249950937,1.4022255565344774,0.5630180927595445,5188.012647597952
stiff,10001,ppo-s4,1.4620338336555,13.47230580331527,2275.8762645224892,7679.214307889703,2.4938862551998846,0.0,0.1619476915460099,0.3547187050928303,0.5208141403560254,0.6790400691665315,0.8158604954282167,0.9630999964122392,1.1049061035639838,1.2352027691025333,1.3570500937463155,1.4620338336555,0.5862471997698702,5402.133226896295
stiff,10002,max-exp-cap,1.4917683549284302,13.772212886193982,2322.162533447471,7850.161345130569,2.4999999997500004,0.0,0.19464926286201345,0.37125882653438913,0.5543517168986767,0.7183126109826053,0.8414642698500578,0.9624176532862778,1.1023955706882014,1.2450631637944012,1.3656542174609219,1.4917683549284302,0.5967073420310427,5508.885155028481
stiff,10002,accept-greedy,1.4597576804297807,13.569573355908112,2272.333088583887,7734.656812867624,2.49999999975,0.0,0.18900000485492996,0.37800000853224613,0.5458931375641183,0.7073401358220832,0.8448411618756251,0.9782019577064587,1.0812628367415758,1.20945378293693,1.3234083341532537,1.4597576804297807,0.5839030722303026,5427.829342906028
stiff,10002,rolling-lp,0.9839766930353662,11.525833211128633,1531.7081923633477,6569.72493034332,1.571225046069442,0.0,0.18900000485492996,0.3484649999747195,0.5216287820399372,0.679930761802662,0.8231416159437219,0.9333408887187631,0.9668552535826759,0.9739348818412059,0.983976682450066,0.9839766930353662,0.6262480957116046,7335.571209204895
stiff,10002,peak-first,1.4131601466805135,12.63894878152241,2199.79699632391,7204.2008054677735,2.49999999975,0.0,0.16812180895231618,0.31141959631805866,0.4551064749674973,0.6072394012438405,0.7481323022420298,0.8892837806763054,1.0334187224569171,1.1837003610659353,1.309738753607836,1.4131601466805135,0.5652640587287318,5055.579513114522
stiff,10002,ppo-s0,1.4143448928269813,13.302594031328047,2201.6412324641155,7582.478597856985,2.4911245342454906,0.0,0.19455384530965342,0.371622988169529,0.522785988725802,0.674280930618741,0.8086189641772323,0.9413595587734443,1.0855759937647491,1.2177184014731153,1.3147886775045878,1.4143448928269813,0.5677535881422149,5339.995591732681
stiff,10002,ppo-s1,1.374089689096607,13.119285107056232,2138.9779338560315,7477.992511022052,2.492685890332638,0.0,0.2009857436920595,0.3748783558580432,0.5294143341758986,0.6741642822899498,0.8059635961146432,0.9435587718337727,1.0687218945342776,1.1846112216139768,1.2715038195315094,1.374089689096607,0.5512486328204156,5263.112034266588
stiff,10002,ppo-s2,1.4156690283092823,13.343700051005266,2203.7024491376355,7605.909029073001,2.4920738650497176,0.0,0.2023166986907793,0.3744791200885046,0.5284487818907453,0.6819250111102741,0.8160519572133975,0.9473569787113045,1.0803716354146413,1.2121107251040675,1.3133270091083635,1.4156690283092823,0.5680686468260199,5354.456076982716
stiff,10002,ppo-s3,1.3819874735890025,12.877674036833055,2151.2720270943637,7340.27420099484,2.4928009090932726,0.0,0.1840727623435882,0.3614431489759647,0.5106266830794138,0.650987179665644,0.7771918903352336,0.9061217166798627,1.0410019041890446,1.1790029275135447,1.2802439114306576,1.3819874735890025,0.5543914351714853,5165.945659702586
stiff,10002,ppo-s4,1.4409522222669962,13.26695902027422,2243.0595554474185,7562.166641556305,2.494761792728782,0.0,0.19327000366213026,0.36871740774078804,0.5125352672518588,0.6614955816956939,0.7988420521215985,0.9315867269975798,1.0759670116099005,1.2157398958244563,1.3236519700688927,1.4409522222669962,0.577591105678621,5317.926167917923
stiff,10003,max-exp-cap,1.5014227357138108,13.464425694238555,2337.191033864027,7674.722645715976,2.49999999975,0.0,0.1643076333562778,0.30986517732192465,0.5004498132540672,0.6529060531260658,0.8051784713336394,0.968859954330784,1.1022167016003195,1.2599574231960773,1.384447714951785,1.5014227357138108,0.6005690943455813,5385.770278233999
stiff,10003,accept-greedy,1.4391675818970002,12.715029271978802,2240.2814934318308,7247.566685027916,2.49999999975,0.0,0.15654341733539895,0.2897721723230963,0.45919645125362607,0.6198471312314948,0.7727670925417338,0.9167028609921242,1.0435189475498428,1.1710146661510332,1.2996654990951686,1.4391675818970002,0.5756670328163668,5086.011709300122
stiff,10003,rolling-lp,0.9930330920244093,11.158793220154578,1545.8058438860041,6360.512135488109,1.6090333529210545,0.0,0.15654341733539895,0.30473003701355883,0.5112736959347682,0.6555975648166523,0.8026218730134911,0.8815048295681169,0.9362129154338276,0.9585776225923979,0.9683672649821777,0.9930330920244093,0.6171612852037203,6935.091308018445
stiff,10003,peak-first,1.4375549884404673,12.458695074096074,2237.7712483967543,7101.456192234762,2.49999999975,0.0,0.14902476140216786,0.287019183726248,0.4391717844779124,0.5760166129434132,0.7212536698261052,0.8779680692227458,1.0170410864196011,1.181463359370514,1.3170119857416875,1.4375549884404673,0.5750219954336891,4983.478030136777
stiff,10003,ppo-s0,1.3914483648484306,12.654776314068984,2165.999331868649,7213.22249901932,2.490912583639119,0.0,0.16089726326572043,0.3012943581093541,0.475686153179144,0.6155825293122719,0.7604269258409834,0.9110762194888953,1.0431313418664434,1.1818345062396536,1.2881113689204007,1.3914483648484306,0.5586098741432277,5080.3775279744605
stiff,10003,ppo-s1,1.3379164328302233,12.498592427281997,2082.66880238996,7124.197683550738,2.4933313564508497,0.0,0.16334596621570985,0.3049976581518311,0.47957338186281073,0.6149994363377488,0.7623425279164581,0.9150163613642557,1.0436020752816102,1.161087651646184,1.2462742611074784,1.3379164328302233,0.5365979252491695,5012.8084239365635
stiff,10003,ppo-s2,1.3867937534317698,12.606536769349505,2158.7537268765486,7185.725958529217,2.4920523113694832,0.0,0.1642414139499146,0.3051091022374004,0.47823092312835863,0.6165030117414609,0.7560625473428466,0.9081276254783549,1.0301334798734934,1.1738587226552455,1.2794391362158848,1.3867937534317698,0.5564866143077353,5058.696686195044
stiff,10003,ppo-s3,1.4038723484371503,12.80655828207787,2185.33913694668,7299.738220784385,2.4898598280765434,0.0,0.15780448107378714,0.3007456860835575,0.492326952114156,0.638909997233497,0.7768998002727574,0.9263001960212305,1.0532387993386223,1.1838258184731023,1.2930704166337315,1.4038723484371503,0.5638358965458968,5143.485644318837
stiff,10003,ppo-s4,1.394784358271687,12.576800163663547,2171.192308991216,7168.776093288221,2.493526560533321,0.0,0.16008212133185368,0.30127330381928213,0.4804654163526674,0.6200810906228063,0.7489481699086147,0.8978500291769442,1.0264500946206987,1.166935700754371,1.2825264930050655,1.394784358271687,0.5593621420953975,5043.7803080684225
stiff,10004,max-exp-cap,1.5011655799011612,13.883391277007584,2336.7907320400736,7913.533027894322,2.4999999997500004,0.0,0.19211835508977318,0.38811488431156954,0.5613148440690929,0.7046705217173037,0.8552258445664794,0.9905364901814118,1.112016543990731,1.2396568621324557,1.3739372531002496,1.5011655799011612,0.600466232020511,5553.356511358368
stiff,10004,accept-greedy,1.4868002503921782,13.678374511332345,2314.4289291125756,7796.673471459437,2.4999999997500004,0.0,0.18900000401062775,0.3780000078258707,0.552736912321174,0.6979874954741736,0.8328541834959784,0.9802106868731837,1.096964799469466,1.2185321041126493,1.3539669809940997,1.4868002503921782,0.5947201002163433,5471.349805080073
stiff,10004,rolling-lp,1.0180435707147146,11.429593169110145,1584.738427732777,6514.8681063927825,1.6469016024198346,0.0,0.18900000401062775,0.3430251117341125,0.5276615310115637,0.6735107572054577,0.7971852674460087,0.8854604576224205,0.9249618801480128,0.965533358081723,1.018043561446308,1.0180435707147146,0.6181568888019037,6940.058320616333
stiff,10004,peak-first,1.422649775859582,12.593882925351165,2214.5690360063045,7178.513267450164,2.49999999975,0.0,0.14921833407354662,0.3035545287105773,0.4484597923294936,0.5957151348978895,0.7483510549898637,0.894658392617557,1.0398939252128043,1.1802072799737524,1.30766260728269,1.422649775859582,0.5690599104007388,5037.553170644222
stiff,10004,ppo-s0,1.4103582575651807,13.524480152684166,2195.4354331462196,7708.9536870299735,2.4919338051984385,0.0,0.1949656546079374,0.3941158029830777,0.543384466587967,0.694052649562849,0.8443913497263125,0.9730781947549741,1.1015186416476452,1.213695802088856,1.3186301309508206,1.4103582575651807,0.5659693907691382,5427.303134806656
stiff,10004,ppo-s1,1.3849274397428681,13.449203173670197,2155.848528016612,7666.045808992012,2.4916323355457557,0.0,0.19664081355753066,0.39111309342323597,0.5501462963297288,0.6964635566102597,0.8464439907818491,0.976344297337078,1.0973621239209268,1.202277154943331,1.298113891275994,1.3849274397428681,0.5558313800898398,5397.747886717943
stiff,10004,ppo-s2,1.4288253664256965,13.65390089898885,2224.1822745410705,7782.723512423644,2.491859805946259,0.0,0.19846108305411242,0.39140936413000166,0.5500333887269516,0.7078512298335142,0.8530449154012463,0.983175858430759,1.112452076920059,1.219865164484891,1.3262130115503368,1.4288253664256965,0.57339717227114,5479.401716905144
stiff,10004,ppo-s3,1.404087898663887,13.378307363343108,2185.674673398402,7625.635197105571,2.490667227969948,0.0,0.1908533247334677,0.3915442807842526,0.5424885362381676,0.6825860557409473,0.8258467004538133,0.9576666386038526,1.0871448461441782,1.203356922193958,1.3087136456019755,1.404087898663887,0.563739660961576,5371.374872205341
stiff,10004,ppo-s4,1.4491641257146988,13.62960023351167,2255.8426222362687,7768.872133101651,2.494229185887282,0.0,0.1949466570564325,0.3899516719695402,0.5347851841335833,0.6922813733331769,0.8407228499471942,0.9757440725204944,1.1099621767206163,1.231310108410279,1.3368523750365668,1.4491641257146988,0.5810068031896524,5464.453832322213
stiff,10005,max-exp-cap,1.4909927116321007,13.572246874280264,2320.9551276219586,7736.1807183397505,2.49999999975,0.0,0.1523802994614119,0.30606114364828263,0.5021522718704499,0.6695369840137342,0.8272580117028685,1.0003358388035009,1.118893244844299,1.2624458304806765,1.3888201851914528,1.4909927116321007,0.59639708471248,5428.898750254996
stiff,10005,accept-greedy,1.3717987421911322,12.375982572894966,2135.4117293227105,7054.31006655013,2.49999999975,0.0,0.15570528868639832,0.2859694952711278,0.46032453561031084,0.6036663124166262,0.7636413624837814,0.9068301956325444,1.0187016568664824,1.1415180441347115,1.242234960590812,1.3717987421911322,0.5487194969313248,4950.393029653025
stiff,10005,rolling-lp,1.0033253222004102,11.30856606118304,1561.827253122476,6445.882654874332,1.6253261749642083,0.0,0.15570528868639832,0.31413614407969276,0.49163507670695117,0.6576891380464985,0.8108824754770546,0.9275423644205236,0.9486396861171171,0.9765170072562447,0.9786046015207103,1.0033253222004102,0.6173070597491022,6957.721001098175
stiff,10005,peak-first,1.4322301001307998,12.757875391045783,2229.482256284373,7271.988972896096,2.4999999997500004,0.0,0.15120666054408116,0.2988935678265465,0.4511252342344317,0.5991202382460543,0.7566290493331127,0.9193731728872088,1.057638526490881,1.2019357982412076,1.3275680249319812,1.4322301001307998,0.572892040109609,5103.150156928627
stiff,10005,ppo-s0,1.3792962613788062,12.709972795471389,2147.082749219265,7244.684493418691,2.491211129760827,0.0,0.15088777903878023,0.3022591425073631,0.47696630841555443,0.6264896049550142,0.7708039480962351,0.9321200723950316,1.0552462250688055,1.180967604781797,1.2899105689600816,1.3792962613788062,0.5536649402779555,5101.925181544782
stiff,10005,ppo-s1,1.3382086320345215,12.443774468936214,2083.123654540619,7092.951447293641,2.4919932209583004,0.0,0.14415795174404766,0.29740417268345437,0.46524361816936155,0.6145924339197291,0.7661678894154765,0.9185614473112003,1.0379990024709091,1.1534749189852986,1.2581303664821448,1.3382086320345215,0.5370033195836347,4993.502536154949
stiff,10005,ppo-s2,1.379506581741034,12.625812251877946,2147.4101445977585,7196.712983570428,2.493105021302222,0.0,0.14302743981551513,0.2949103002904504,0.4676919926564135,0.6194628686992805,0.7642031178760388,0.9287858100039023,1.0462203935396097,1.1815086605858414,1.2855652133208404,1.379506581741034,0.553328708559769,5064.292175418713
stiff,10005,ppo-s3,1.4099083539997914,13.072905061207404,2194.735090361926,7451.55588488822,2.489616664150821,0.0,0.16170258711419613,0.3154058773735849,0.5024050266535335,0.6605718886815757,0.8039364286507777,0.9537377581502346,1.0763882121012014,1.2035112846510252,1.3105295273459987,1.4099083539997914,0.5663154389596339,5250.97106291519
stiff,10005,ppo-s4,1.4090757734928876,12.753728293607837,2193.439053177048,7269.625127356467,2.494558168825611,0.0,0.15146854133362772,0.3051151024517253,0.4740444842343983,0.62120052621495,0.7630584580614403,0.924429270057329,1.0494891956703336,1.1859512031918051,1.3092237028628504,1.4090757734928876,0.5648598581913417,5112.620123671858
stiff,10006,max-exp-cap,1.5457179712640299,14.005128702854382,2406.1432515894685,7982.923360626996,2.49999999975,0.0,0.14487354118135112,0.3394245116915317,0.5367580072748573,0.7126212530530697,0.8564862836255409,1.0027480521741716,1.1375964798614113,1.2976637089393561,1.4230720765444926,1.5457179712640299,0.6182871885674407,5602.0514817019575
stiff,10006,accept-greedy,1.4703653774915286,13.248622935989966,2288.845569627992,7551.71507351428,2.49999999975,0.0,0.13181693763804245,0.3208169415209247,0.48974798543624,0.6668471400560853,0.8083991885164955,0.9468714550506268,1.0960797734583552,1.2191288100375661,1.3609053414998222,1.4703653774915286,0.5881461510554261,5299.449174925931
stiff,10006,rolling-lp,0.9637716191145486,10.984620639396143,1500.2559461151625,6261.2337644558,1.5517380477130998,0.0,0.13181693763804245,0.30076443222710025,0.4957734978610884,0.6604737397826939,0.8109298235202778,0.8664488698101356,0.9368756981891864,0.9368757047925937,0.952842688091916,0.9637716191145486,0.6210916981348259,7078.914289422053
stiff,10006,peak-first,1.4453295384318379,12.439047963659084,2249.8735085397116,7090.2573392856775,2.49999999975,0.0,0.13736698939452707,0.2853121920280954,0.44113034034778353,0.5739473930929888,0.7288554781073355,0.8730382027520622,1.0199543078492364,1.1707096022561296,1.3152600592848742,1.4453295384318379,0.5781318154305484,4975.619185961195
stiff,10006,ppo-s0,1.4100802453512897,12.958232453387376,2195.0026651867665,7386.192498430803,2.4915712848264304,0.0,0.14048297509351157,0.3316318664411719,0.49737786347807045,0.6400515849957272,0.7925867454990367,0.9352045569873375,1.0683638520946408,1.1959330142192264,1.3127180070149058,1.4100802453512897,0.565940157497649,5200.827498816709
stiff,10006,ppo-s1,1.388016040585566,12.857669263461668,2160.6564012591243,7328.87148017315,2.492072617103513,0.0,0.13885789234384796,0.32688157869421897,0.5019778310815198,0.6432737600986795,0.7943205421464546,0.9302316810687116,1.062837742121275,1.185033487064398,1.2883978801859097,1.388016040585566,0.5569725501012205,5159.4280099292955
stiff,10006,ppo-s2,1.4496450628039692,13.132431158898775,2256.5912733830496,7485.485760572301,2.4924877761608975,0.0,0.13981598616246255,0.3306733211841781,0.511785030939136,0.6542945552532651,0.8004950469817855,0.9398101873399515,1.0714741513657429,1.2071732672901854,1.3311701862081255,1.4496450628039692,0.5816056859612018,5268.8046394860385
stiff,10006,ppo-s3,1.4324844817112639,13.113002099515205,2229.878239597332,7474.411196723666,2.4907897285751748,0.0,0.14428179515454959,0.3329152657097724,0.5122468620709327,0.6623531363278489,0.8043745214571474,0.9391698455492917,1.069432558709464,1.2080433910419424,1.318553616813682,1.4324844817112639,0.575112569831697,5264.59618372376
stiff,10006,ppo-s4,1.4629861934475104,12.99447722028613,2277.358756237816,7406.852015563094,2.4937686141090945,0.0,0.1408173699100547,0.3303078465694778,0.49472414021856387,0.6289385708686394,0.777702699951592,0.9230005515514943,1.0533441197961877,1.2000007316136883,1.3358922994324882,1.4629861934475104,0.5866567512199468,5210.779038105924
stiff,10007,max-exp-cap,1.4657875479113156,13.39940754430851,2281.7194871497322,7637.66230025585,2.4999999997500004,0.0,0.15409179592354538,0.3387397195114833,0.5189448309250795,0.6569711855539637,0.8114669163029365,0.9724179535935242,1.099363284176824,1.2317488095409999,1.3583116632251702,1.4657875479113156,0.5863150192231577,5359.763018259379
stiff,10007,accept-greedy,1.417505057878214,13.008717971342048,2206.5605061953474,7414.969243664967,2.49999999975,0.0,0.15795387525933932,0.3216019817243934,0.4971019845253787,0.6500085603614754,0.8008695799519927,0.953663891898769,1.068631595699243,1.182385536588152,1.3071407862886455,1.417505057878214,0.5670020232079858,5203.4871890571685
stiff,10007,rolling-lp,0.9916607311464398,11.211289569349779,1543.6695571075231,6390.435054529374,1.6583638248083687,0.0,0.15795387525933932,0.3295779116297405,0.49697216280234724,0.6523690639043576,0.784329375548298,0.9162168566014889,0.9510218346755357,0.9510297845681079,0.9710546232181902,0.9916607311464398,0.5979753756754979,6760.452321519551
stiff,10007,peak-first,1.3874865178467077,12.26815000171517,2159.8321192177987,6992.845500977646,2.49999999975,0.0,0.14342348137536834,0.2901756149994126,0.4393865216628269,0.5771986535740079,0.720866121560439,0.8774759090434184,1.0169607825844407,1.146973590286382,1.2811712397651278,1.3874865178467077,0.5549946071941826,4907.2600011767945
stiff,10007,ppo-s0,1.371696959523147,12.783909469986826,2135.2532892422723,7286.82839789249,2.4907185780140417,0.0,0.15031100214415338,0.3333862742698897,0.5023018542858446,0.6378762688842784,0.7775748563919478,0.9275803723995943,1.0554174467789093,1.1762219113889198,1.2800778440419833,1.371696959523147,0.5507233822525468,5132.618989087074
stiff,10007,ppo-s1,1.3460569546052699,12.660801122531494,2095.3407528347284,7216.65663984295,2.492945446232575,0.0,0.14983939055487389,0.3341584578453153,0.5096882451777064,0.6416010571434622,0.7792019808075368,0.9273064117775771,1.0440973688090602,1.1503711681560547,1.2510383620622125,1.3460569546052699,0.5399464142464399,5078.651497033331
stiff,10007,ppo-s2,1.3843181022556759,12.809426503519367,2154.900002276467,7301.3731070060385,2.4925852185436543,0.0,0.1486936366513982,0.33099770268133516,0.5044336372084857,0.641572996460382,0.7829966971301365,0.929774446119533,1.0518670994234638,1.1721130823326271,1.2820696546364072,1.3843181022556759,0.5553744329208905,5139.012463133977
stiff,10007,ppo-s3,1.3453323479577335,12.468844219977603,2094.212793253848,7107.241205387233,2.4920774410796214,0.0,0.15106706091215882,0.33102129664503294,0.4919152411379065,0.619822052419823,0.7632697780995379,0.900291241298702,1.0197573867581786,1.1387456631009207,1.2488232932582217,1.3453323479577335,0.5398437166442576,5003.393560103747
stiff,10007,ppo-s4,1.398872743862897,12.861819417001813,2177.556498049677,7331.237067691032,2.493115224209395,0.0,0.15014801959225374,0.335131064662774,0.5037823147542377,0.6358376775656329,0.7781666284810297,0.9298735768941928,1.0537201066939121,1.180261587114243,1.2967007943190818,1.398872743862897,0.5610943009288714,5158.935011148749
stiff,10008,max-exp-cap,1.4861614620039165,13.673891019040111,2313.4345586011473,7794.117880852863,2.49999999975,0.0,0.1852632841889664,0.37358784302642495,0.5359195148010667,0.6962997795709874,0.8347378924256027,0.9718254954136196,1.0987552335836837,1.2375759799615271,1.3640467230299844,1.4861614620039165,0.5944645848610131,5469.556408163
stiff,10008,accept-greedy,1.457961726211165,13.525982002401435,2269.5374148558058,7709.809741368817,2.49999999975,0.0,0.1890000041068647,0.37800000803306344,0.5355612863888779,0.692356024138019,0.8354876724243551,0.9603882798940655,1.0977622628947112,1.210384691770658,1.3322537900791938,1.457961726211165,0.5831846905427845,5410.392801501614
stiff,10008,rolling-lp,1.0137017697615844,11.608722004510515,1577.9797594263098,6616.971542570993,1.6816389815301835,0.0,0.1890000041068647,0.34268023283672666,0.5275721291178643,0.6767323328499368,0.8064679891947427,0.9341176502098834,0.9533117547216693,1.001623079173965,1.012291780900655,1.0137017697615844,0.6028058227094504,6903.21890251814
stiff,10008,peak-first,1.4326827627994316,12.556476515119297,2230.186894029177,7157.191613617999,2.49999999975,0.0,0.15020317236975775,0.3076977161105554,0.4513116899707493,0.5899744650452929,0.733411000972366,0.8859310017619593,1.032354424449364,1.1693241418267053,1.3134503932051875,1.4326827627994316,0.57307310517708,5022.590606549978
stiff,10008,ppo-s0,1.4159013027124765,13.378745827544458,2204.0640192934807,7625.885121700341,2.490661520889656,0.0,0.18320690791401756,0.38249766061004853,0.5355072403008698,0.6774810992956712,0.8210383167509823,0.9603705011168084,1.0869712411283037,1.2072835455845294,1.3243127052518124,1.4159013027124765,0.568484031586404,5371.563223398422
stiff,10008,ppo-s1,1.4168856475487719,13.36473839497707,2205.5963005563763,7617.900885136929,2.4900784050134073,0.0,0.17789912315814724,0.37660207555070685,0.5315882055525671,0.6695549725763779,0.8144341463749292,0.9502525191792515,1.0964344884007862,1.2198032035119968,1.332117696912743,1.4168856475487719,0.5690124635015832,5367.195815227798
stiff,10008,ppo-s2,1.422598799714699,13.281923946445222,2214.4896839451376,7570.696649473776,2.4928150906735107,0.0,0.17203236476709877,0.37398806456922856,0.5357038435673763,0.6735689354583461,0.8116663211519111,0.9521256702919034,1.0794827243098877,1.200423945474888,1.3107810103195174,1.422598799714699,0.5706796324513344,5328.082293844226
stiff,10008,ppo-s3,1.4336099659564434,13.487805892247842,2231.63022564631,7688.049358581269,2.490048191957638,0.0,0.19259525701874458,0.38962890252711413,0.5498131253729394,0.6865988878705418,0.8203327892180291,0.951840029653267,1.0859055196491962,1.2147341022026446,1.3395726501123624,1.4336099659564434,0.5757358313733523,5416.6846793611385
stiff,10008,ppo-s4,1.4576980483841058,13.532012896171887,2269.1269605323346,7713.2473508179755,2.4935909220812764,0.0,0.18560498810225284,0.3862196460118907,0.5397578040583458,0.6743974452616802,0.8164862360049865,0.957503557465499,1.0952628713310748,1.2300469604351891,1.3500524639847475,1.4576980483841058,0.5845778613788976,5426.717259973576
stiff,10009,max-exp-cap,1.5071334099983376,13.628865496751834,2346.0805600565072,7768.4533331485445,2.4999999997500004,0.0,0.1749567485644332,0.34272446662762024,0.4970121383154491,0.684611463615536,0.8262043937013659,0.975252400397048,1.103466745973381,1.251319415626174,1.3925674136029127,1.5071334099983376,0.6028533640596203,5451.546199245888
stiff,10009,accept-greedy,1.434426713546729,12.954853164147856,2232.9016165074845,7384.266303564277,2.49999999975,0.0,0.18900000405335346,0.31416759410147005,0.4641339703143022,0.637313267550026,0.7846740945869997,0.9327852636062551,1.0490029574186737,1.1924763135472933,1.3242796608260345,1.434426713546729,0.5737706854760687,5181.941266177337
stiff,10009,rolling-lp,0.9861737359787162,11.25722260475278,1535.1282212107,6416.616884709084,1.6279301445876864,0.0,0.18900000405335346,0.3597768393631047,0.5212029160493851,0.6704191610189771,0.7975862102611915,0.877718814290186,0.9119390093215681,0.949244775092496,0.9686323562882024,0.9861737359787162,0.6057838164969229,6915.052615850387
stiff,10009,peak-first,1.401856188049587,12.298349590385005,2182.2006790903024,7010.059266519453,2.49999999975,0.0,0.14471043627729857,0.2975569402702657,0.4300386617091776,0.591056912816689,0.7261136796216564,0.8751285734807372,1.0077258947638672,1.1510096642704843,1.2753218421196832,1.401856188049587,0.560742475275909,4919.339836645936
stiff,10009,ppo-s0,1.3944772738677718,12.906405820445398,2170.714285781364,7356.6513176538765,2.492642973754296,0.0,0.18286968197763911,0.34600957219910555,0.4906582786460604,0.650938294011081,0.7821777287116976,0.9270641075332846,1.0526346906784116,1.1759622426646226,1.2883451631810583,1.3944772738677718,0.5594372272927153,5177.799611232092
stiff,10009,ppo-s1,1.3640833802337011,12.865587848381772,2123.401604285307,7333.38507357761,2.491998749775072,0.0,0.18617095407512388,0.3534457105787988,0.4961345354631353,0.6601476875587856,0.7957661897690746,0.9344327569768601,1.0458372842914279,1.1627481576334375,1.2661487157620988,1.3640833802337011,0.5473852586630805,5162.758548551848
stiff,10009,ppo-s2,1.3906860743282463,12.807822145713455,2164.8127116539713,7300.458623056668,2.493754552747803,0.0,0.18489556872052604,0.34731469496489675,0.48346716067270756,0.6443966406572045,0.7747224104532471,0.9192399337829906,1.0373282110889663,1.1628181970626388,1.2829375160146146,1.3906860743282463,0.5576675831211558,5135.959403703484
stiff,10009,ppo-s3,1.3821184597900675,12.745548642038141,2151.4759268804846,7264.962725961739,2.4898865243464128,0.0,0.1772680313461038,0.3400985702878488,0.49335595539310995,0.6494959643985917,0.7698472496499231,0.9135802798984924,1.035248900422324,1.1538170693560998,1.272971129608436,1.3821184597900675,0.5550929515363634,5118.927516338845
stiff,10009,ppo-s4,1.4031351652265027,12.872470372568323,2184.191600047672,7337.308112363943,2.494167167121503,0.0,0.18208079188801352,0.3497422900058686,0.49463623589048394,0.6472974862394549,0.7689104611421279,0.9180740472854524,1.0452259564604804,1.1712253172098648,1.2890089875590416,1.4031351652265027,0.5625666088956857,5161.029518091336
stiff,10010,max-exp-cap,1.4942292662024428,13.883636189564175,2325.993313165898,7913.672628051579,2.4999999997500004,0.0,0.20157604523664913,0.36623302099589355,0.5349976327686868,0.6917410024935802,0.8526334236389665,0.9920498306156047,1.1305844176997764,1.2581459005240023,1.3967239718862492,1.4942292662024428,0.5976917065407462,5553.4544763810145
stiff,10010,accept-greedy,1.3695560990214364,12.644943668050152,2131.920716842553,7207.617890788586,2.49999999975,0.0,0.18900000445491197,0.3140110555273541,0.46881462406475227,0.6408795275953098,0.8061437798737792,0.9042558230727491,1.0304632600255341,1.1360234654414787,1.2640248530072338,1.3695560990214364,0.5478224396633568,5057.977467725858
stiff,10010,rolling-lp,0.9863211952481299,11.619297540759398,1535.3577638132836,6622.999598232856,1.5204597537380806,0.0,0.18900000445491197,0.36450000759320783,0.5392277490536478,0.6828357757087411,0.8341416059625939,0.9478118963826672,0.9478118995457989,0.9863211779982328,0.9863211861614365,0.9863211952481299,0.6486993113913339,7641.963236575729
stiff,10010,peak-first,1.4229879670477426,12.592903595326886,2215.0954816194544,7177.955049336325,2.4999999997500004,0.0,0.16384705537980732,0.3097669080541043,0.4490657648829385,0.5911150895365893,0.7436689963315757,0.8895069296912994,1.0263556703842864,1.1765966541414343,1.3168306641908383,1.4229879670477426,0.5691951868760164,5037.16143863447
stiff,10010,ppo-s0,1.392413844362446,12.956013145248173,2167.502246410877,7384.927492791458,2.490949978511938,0.0,0.19650419067266203,0.34425553655213736,0.5019594271840101,0.6366560134775834,0.7831365765590761,0.9168468205871443,1.0587223868632392,1.187335562723214,1.3051746579949093,1.392413844362446,0.5589890830301846,5201.233769049
stiff,10010,ppo-s1,1.3502847673671061,12.762375761052267,2101.9219813220684,7274.554183799791,2.49141074987353,0.0,0.19420516617659125,0.3438725926970959,0.4944027919898933,0.6331516251913305,0.7779734398258821,0.9171247603143662,1.0434153022087982,1.1656543450833594,1.278526641300128,1.3502847673671061,0.5419759738275391,5122.549849196932
stiff,10010,ppo-s2,1.4080449421507404,12.908461410591883,2191.8344086535676,7357.823004037373,2.493073346971663,0.0,0.18939521106562335,0.33974544341628105,0.49108910589040583,0.6248361332787931,0.778595672438807,0.9180806726289054,1.0507637656628597,1.183332660162502,1.308573947750149,1.4080449421507404,0.5647827986533541,5177.730300743777
stiff,10010,ppo-s3,1.406045499802167,13.144824295353827,2188.721974947419,7492.54984835168,2.4893717330997593,0.0,0.20166715892145,0.35249858138346235,0.5184558117709358,0.6513416475607839,0.7967023468675567,0.9324254342332572,1.0698831784239338,1.1969196752513305,1.3183588716440227,1.406045499802167,0.5648194205416491,5280.378225788691
stiff,10010,ppo-s4,1.4238437076804074,13.05101870457618,2216.4275710346496,7439.080661608422,2.4940150500387626,0.0,0.1983781301482086,0.3470642801864089,0.5038880866980786,0.6321739393719895,0.7860764889753268,0.9187836652125212,1.0587555939971558,1.1933363878201377,1.3217367641049682,1.4238437076804074,0.5709042163391427,5232.935023536982
stiff,10011,max-exp-cap,1.5245834988338791,13.921875922193916,2373.2442563270106,7935.469275650532,2.49999999975,0.0,0.17512697411935488,0.3556972296668779,0.5352755215559947,0.7206981555915035,0.8566893604982341,0.9800119906425477,1.1178203160023512,1.2699511171949989,1.4076257356997854,1.5245834988338791,0.609833399594535,5568.750369434441
stiff,10011,accept-greedy,1.4661280488077144,13.13924160621642,2282.2495281722613,7489.367715543358,2.49999999975,0.0,0.13466993693208099,0.31616898058731135,0.4837608798188338,0.6674547063750949,0.8393962944739057,0.9465872059506061,1.0768041919250955,1.1854622079301633,1.324279406766379,1.4661280488077144,0.5864512195817309,5255.696643012137
stiff,10011,rolling-lp,0.9886163900254412,10.863653764840947,1538.9305808000686,6192.282645959339,1.6809966205717886,0.0,0.13466993693208099,0.2871754341529916,0.47125269889208,0.6266818134341375,0.7646093690451292,0.8804636553517718,0.9206846066403909,0.9343342985039815,0.9703751073473913,0.9886163900254412,0.5881132525353708,6462.626772649722
stiff,10011,peak-first,1.4509210312907206,12.800932174223984,2258.5775108602056,7296.53133930767,2.4999999997500004,0.0,0.15182858673353564,0.30230089047442776,0.4565919144377157,0.6131747291600476,0.7583088680765702,0.9040440594880177,1.0500144293098714,1.1985351962876574,1.3376605517394926,1.4509210312907206,0.580368412574325,5120.372870201631
stiff,10011,ppo-s0,1.4220787901127143,13.397091917824751,2213.680210536768,7636.342393160107,2.490048183063677,0.0,0.173793531210364,0.36324602291555713,0.5216654785783188,0.6852958022754408,0.825352211589494,0.9608706242231851,1.0952043495816932,1.226303582485822,1.3325457441270094,1.4220787901127143,0.5711049287259307,5380.254088634298
stiff,10011,ppo-s1,1.3659370549473673,12.991544707410256,2126.2871286732275,7405.180483223845,2.491555037755007,0.0,0.16905683597659396,0.3592038502236365,0.5148625827145361,0.6749643457908698,0.8080270563087925,0.9405000783577182,1.0617736903695438,1.1671942045406358,1.2843109637861883,1.3659370549473673,0.5482267235718511,5214.231478151961
stiff,10011,ppo-s2,1.4326720441911744,13.387457953354406,2230.170208898122,7630.85103341201,2.4930431617595206,0.0,0.17485537699510964,0.36223933096740385,0.5192886238123728,0.6894741800395148,0.8272318150937725,0.9572120378048432,1.0919724526813253,1.2187926842482606,1.3264286862592323,1.4326720441911744,0.5746679665104693,5369.926264696481
stiff,10011,ppo-s3,1.4299754709895032,13.338840080830245,2225.9725858308866,7603.138846073239,2.490980254007141,0.0,0.1781579430874557,0.36750051846947024,0.532250950535339,0.693271455272682,0.8124020967179573,0.9457822388240499,1.0798135322590947,1.2071086376894886,1.3226720336341788,1.4299754709895032,0.5740613433965036,5354.855808018784
stiff,10011,ppo-s4,1.4719892308543208,13.523524563437297,2291.373342406139,7708.409001159259,2.4940772555109527,0.0,0.1723295324950026,0.3621314428251325,0.5171139524123153,0.681925012732748,0.8204388164708274,0.9614473131357955,1.1001170203619695,1.2381238613274859,1.3619608927422164,1.4719892308543208,0.5901939194552975,5422.255679352154
stiff,10012,max-exp-cap,1.4776889282107994,13.248942126876532,2300.2457813538326,7551.897012319623,2.49999999975,0.0,0.1699140805345853,0.33907043537093673,0.5119027084501401,0.6479630300722002,0.8031174177460095,0.9430407638350266,1.071878043248001,1.2039953307605509,1.3426132622346802,1.4776889282107994,0.5910755713434274,5299.576851280571
stiff,10012,accept-greedy,1.5063720674186893,13.949490834672744,2344.8954154543067,7951.209775763464,2.49999999975,0.0,0.18900000443722947,0.37800000817373924,0.5480443468971976,0.6880336807218059,0.8660416860304169,1.001009293127749,1.1264048088699365,1.2632918773853574,1.3950220790364427,1.5063720674186893,0.6025488270277306,5579.796334427077
stiff,10012,rolling-lp,0.9757447218041304,10.747672674417274,1518.8938870414531,6126.173424417845,1.7591544315707253,0.0,0.18900000443722947,0.30691839712661695,0.44771200186073656,0.5634494286073564,0.7270264620466038,0.840932032306638,0.9111241748581163,0.9667045650479892,0.9757447131793351,0.9757447218041304,0.5546668923960821,6109.56746123808
stiff,10012,peak-first,1.4114937706611594,12.43583027992702,2197.203030614693,7088.4232595584,2.49999999975,0.0,0.15515168000314516,0.3029083618862403,0.4461589628956658,0.5835004599256676,0.7278473186805927,0.8738492898988119,1.019551250460653,1.1672953607390713,1.3010805929235736,1.4114937706611594,0.5645975083209235,4974.332112468241
stiff,10012,ppo-s0,1.4070500250492042,12.940438833082633,2190.2856700646034,7376.050134857101,2.4911362176592715,0.0,0.16451947292854094,0.34804355299031425,0.4981889955905494,0.6390707796203623,0.7865438296854065,0.9202236361778302,1.0569235470839877,1.1884531108812664,1.3039830540968276,1.4070500250492042,0.5648225958399419,5194.593030019758
stiff,10012,ppo-s1,1.376986509570255,12.778719375835335,2143.487272016883,7283.870044226141,2.492598968488043,0.0,0.16422087073952266,0.34919103208558777,0.5007148673374151,0.6344438432947257,0.7757953363458558,0.9165463793444021,1.0511051445466344,1.1637189857925223,1.2763876796629439,1.376986509570255,0.5524300246362956,5126.664793409038
stiff,10012,ppo-s2,1.4404991732462906,13.027736528608981,2242.3543162873157,7425.809821307118,2.4905739387517074,0.0,0.15625768727516573,0.34180773590300095,0.4991992435585556,0.6405673687099899,0.7875372586629998,0.9268354635822255,1.063130932094713,1.194739828358408,1.3185057712375392,1.4404991732462906,0.5783804089623931,5230.817012057298
stiff,10012,ppo-s3,1.394759988239338,12.851409454986694,2171.1543733587346,7325.303389342414,2.4908229944379574,0.0,0.1677706973987586,0.3524445595561681,0.4981165248401842,0.6432255950585253,0.7773794312553166,0.9132874746838642,1.042316439552714,1.174240795835853,1.2922655979663755,1.394759988239338,0.5599594958589417,5159.50329818059
stiff,10012,ppo-s4,1.434785706543793,13.023710960769861,2233.460443274923,7423.515247638821,2.493565983061619,0.0,0.1654426486463111,0.34817352453506767,0.5006800192191575,0.6394426024800647,0.7842120072878573,0.9227606883512939,1.0607563401330822,1.1915908845832872,1.318649996751495,1.434785706543793,0.5753951234056186,5222.92614241523
stiff,10013,max-exp-cap,1.487556001346914,13.718764639707508,2315.6053695068945,7819.695844633279,2.49999999975,0.0,0.17505430461962615,0.3655911876172371,0.5540721571056957,0.7046250304824444,0.8359785085826503,0.9725300997654002,1.0984288415979475,1.2460295430176282,1.3731345631235703,1.487556001346914,0.5950224005982678,5487.505856431753
stiff,10013,accept-greedy,1.403885290923069,12.950638585456709,2185.35928387887,7381.8639937103235,2.49999999975,0.0,0.18900000405702194,0.374749238648985,0.5131294316822771,0.6705608681012438,0.7976384170699654,0.9178560422620191,1.0264325055255294,1.144048956242988,1.2822516194622,1.403885290923069,0.561554116425383,5180.255434700709
stiff,10013,rolling-lp,0.9515181301698343,11.120381926764747,1481.181541676014,6338.617698255905,1.47634799383983,0.0,0.18900000405702194,0.35404615018860547,0.5430461537894647,0.6868821920606647,0.8057042692840157,0.8758251631886891,0.8790848100061371,0.9071617231221507,0.9515181176489822,0.9515181301698343,0.6445080253030541,7532.358206307289
stiff,10013,peak-first,1.4172781863566561,12.600382111937307,2206.207346439996,7182.217803804265,2.49999999975,0.0,0.1484087113063972,0.2976501759904067,0.45271688950013494,0.5970476850743802,0.7484995022295704,0.8899905382669162,1.0424749433202742,1.1848294329856515,1.3156498695681784,1.4172781863566561,0.5669112745993536,5040.152845278939
stiff,10013,ppo-s0,1.4148211303314775,13.38227244072092,2202.382567998088,7627.8952912109235,2.4929811872984002,0.0,0.17454052655317306,0.37482969978879505,0.5333379591046675,0.6803006221152059,0.8219442007333186,0.9615689098507693,1.0934548967788988,1.2182626332307365,1.3237754554063161,1.4148211303314775,0.5675217837743469,5367.979713967698
stiff,10013,ppo-s1,1.3503511188006483,12.930897273232489,2102.02526733997,7370.611445742518,2.49277310558035,0.0,0.1793731450577243,0.3754661783505663,0.5220446164061895,0.6613639103747075,0.7996019171182559,0.9339776590458739,1.0558769414571816,1.1621161226537895,1.266698851004206,1.3503511188006483,0.5417063894735293,5187.354294013056
stiff,10013,ppo-s2,1.4289731470212168,13.34110500834975,2224.412317336223,7604.429854759357,2.4930001873638594,0.0,0.17663274975782112,0.377348258826898,0.533575013199328,0.6802724353036882,0.8187298030835979,0.9490168458252777,1.0798755004011014,1.2051259604271098,1.3208401639404963,1.4289731470212168,0.5731941594967296,5351.425593937423
stiff,10013,ppo-s3,1.4341849683849426,13.46717308660185,2232.5253036868726,7676.288659363054,2.487385612305455,0.0,0.16833606663079637,0.36461646946872817,0.5452615780318629,0.6948841032055639,0.831114845215702,0.9678782866453138,1.0923683597257594,1.220375062170345,1.3323568767439251,1.4341849683849426,0.576583285394039,5414.1879007331245
stiff,10013,ppo-s4,1.431814041965635,13.340980113087317,2228.834598972372,7604.35866445977,2.4921650903328905,0.0,0.17525070196034295,0.37815820133841316,0.5402803637185927,0.6808342454177754,0.8138946202630215,0.9498472002698042,1.0791757737151966,1.2019782879795127,1.319076207842315,1.431814041965635,0.5745261610154329,5353.168682458872
stiff,10014,max-exp-cap,1.5273652492025938,14.272996384127978,2377.574470506908,8135.607938952947,2.49999999975,0.0,0.184396016127072,0.3757941624291979,0.5689774580662503,0.7428894702237323,0.877878802647862,1.023729308695938,1.1556473437934618,1.2909045050231587,1.4214590532766236,1.5273652492025938,0.6109460997421321,5709.198554222111
stiff,10014,accept-greedy,1.4896174920501042,13.897812302808173,2318.814390839317,7921.753012600659,2.49999999975,0.0,0.1890000042979958,0.3769717791363597,0.5524717816106891,0.7206652529483357,0.8537769645809705,0.9972376639062439,1.1191831862433885,1.2501348635295348,1.3789623269335796,1.4896174920501042,0.5958469968796264,5559.124921679182
stiff,10014,rolling-lp,1.0608946497808736,11.903337809068761,1651.4425979858077,6784.9025511691925,1.740627063276558,0.0,0.1890000042979958,0.36450000779731184,0.5427172161874005,0.7095040453887667,0.8417779696412888,0.9228699878992684,0.9533074740366088,1.001295333181625,1.0608946412940343,1.0608946497808736,0.6094899201347844,6838.53426170561
stiff,10014,peak-first,1.4154946441908347,12.684313713007924,2203.430993944911,7230.0588164145165,2.49999999975,0.0,0.157262039944723,0.3227621938782738,0.47312472935308214,0.6151135463322588,0.7448487584029243,0.8916618890304859,1.03498034845143,1.1800699494823712,1.3131458988254283,1.4154946441908347,0.5661978577329537,5073.725485710543
stiff,10014,ppo-s0,1.3988563993179837,13.308145792808073,2177.531055299334,7585.6431019006,2.4893046561034278,0.0,0.18869424166426707,0.3737752359342677,0.5357125066054229,0.6840355067517564,0.8168166694116696,0.9574310543047422,1.0790494298508406,1.200583255089072,1.314262420630012,1.3988563993179837,0.5619466447741472,5346.129795795929
stiff,10014,ppo-s1,1.377044448030556,13.221996136351198,2143.577461972523,7536.5377977201815,2.4923542150620923,0.0,0.185552163110392,0.37095170598270266,0.5411594531543765,0.6854241393574573,0.8135561628683815,0.9600028451135659,1.077759008334015,1.1876681234673878,1.2947557174239617,1.377044448030556,0.5525075206841132,5305.022880153412
stiff,10014,ppo-s2,1.4166207053796458,13.327438170646456,2205.183878093705,7596.639757268479,2.4924458898850874,0.0,0.18440313593196758,0.37107166232051697,0.5378200242834947,0.6881295386131923,0.8158395620918852,0.9506842502758616,1.084169090264404,1.1992542139818794,1.313618052519566,1.4166207053796458,0.5683656809275639,5347.132399035113
stiff,10014,ppo-s3,1.4068087493699042,13.414329090151252,2189.9100880643205,7646.167581386213,2.4905975799057747,0.0,0.19331182939638555,0.38004134216622554,0.5514903733468183,0.6870884423813155,0.8211006853034641,0.9652324682984441,1.087440827077908,1.202987539834841,1.3219271221434523,1.4068087493699042,0.5648478745503026,5385.988165401955
stiff,10014,ppo-s4,1.4262009647283707,13.356272095869057,2220.096997310117,7613.075094645362,2.49458253264186,0.0,0.189460541182271,0.3737700641796573,0.5297226237181801,0.6804854874248617,0.8142991765946634,0.9527246239418544,1.0814521598453468,1.2053252547669846,1.326692391209578,1.4262009647283707,0.5717192941369507,5354.1111272531225
stiff,10015,max-exp-cap,1.4982063761516917,13.647517514139578,2332.184284897558,7779.084983059559,2.49999999975,0.0,0.1464591500820959,0.33201709306312555,0.5280372222261569,0.6939019935526569,0.8333984729787061,0.9835915867965838,1.137845740913415,1.2498564336975069,1.3639166724362877,1.4982063761516917,0.599282550520605,5459.007006201732
stiff,10015,accept-greedy,1.4569880370126862,13.095559807219823,2268.0217207009728,7464.469090115298,2.49999999975,0.0,0.15589134058010987,0.3024031978033385,0.47989134772797964,0.6416767998294347,0.7920074684877185,0.9345361856099644,1.0906945550206846,1.2382715504269444,1.3202899797755496,1.4569880370126862,0.5827952148633541,5238.2239234117515
stiff,10015,rolling-lp,1.02278853824009,11.490855013250986,1592.124685641687,6549.787357553062,1.6889579994613,0.0,0.15589134058010987,0.3247726504582128,0.5146971194637073,0.6743439229421463,0.8031299554487394,0.9066377896930871,0.9765883534760583,0.9866287929301757,1.016301938844031,1.02278853824009,0.605573696069596,6803.517326609685
stiff,10015,peak-first,1.4155866016254874,12.383167337359346,2203.5741395671635,7058.405382294826,2.49999999975,0.0,0.1357059739353927,0.2807143656492428,0.4328835974527894,0.5850808229038627,0.7285794550625517,0.8784432018521924,1.0223467714850143,1.1706954463994261,1.3049698846876625,1.4155866016254874,0.5662346407068184,4953.2669354390655
stiff,10015,ppo-s0,1.3922345096124202,12.922476380641086,2167.223084813113,7365.811536965419,2.4891591329208085,0.0,0.14683948771141486,0.33052766323074134,0.5056176520545703,0.6579240390052928,0.7938610248233867,0.934591801225559,1.0638283575132914,1.1881973458772588,1.2878389574048614,1.3922345096124202,0.5593192059114179,5191.5027085784195
stiff,10015,ppo-s1,1.3624508738812482,12.783425405226133,2120.8603618231264,7286.552480978895,2.4934436498092403,0.0,0.14909738562357727,0.3362030007494645,0.5129645970817828,0.6613068173621859,0.7960227630710388,0.9349145412316906,1.0489523853555185,1.1600691341496059,1.2501523260773852,1.3624508738812482,0.5464133404360199,5126.815441048417
stiff,10015,ppo-s2,1.429284393227863,13.04202467642108,2224.896819019989,7433.954065560015,2.491885743577054,0.0,0.14840303652003983,0.3317698983207036,0.49731346650484387,0.6531063805770949,0.7937466048443108,0.9348837555324745,1.0744501895890395,1.208233575006382,1.307067937225661,1.429284393227863,0.5735754124810525,5233.797219650812
stiff,10015,ppo-s3,1.3829224216540565,12.714090315373808,2152.7274148294737,7247.03147976307,2.4913489640335515,0.0,0.14432776447973178,0.32612957087643335,0.498494937693533,0.6478858165878707,0.7715309949617201,0.9112936696662249,1.0436488907409538,1.1705517594071182,1.270806804074025,1.3829224216540565,0.555089809423997,5103.295643814346
stiff,10015,ppo-s4,1.412020068537461,12.903371798512463,2198.0222926708584,7354.9219251521035,2.4945631660617935,0.0,0.14674394989415582,0.33577839139021076,0.5038264127781873,0.652107331518516,0.784699307875794,0.9239391195370419,1.056178633486482,1.1817877505719654,1.2921069976317368,1.412020068537461,0.5660390114581222,5172.597741384606
stiff,10016,max-exp-cap,1.5429566134156985,14.532212540318884,2401.8447814445217,8283.361147981763,2.49999999975,0.0,0.2067565518625435,0.40207091713758725,0.5855401218136503,0.7499822110542226,0.9004013171639778,1.0324938562784078,1.165109442787471,1.3159764326202397,1.434275607998677,1.5429566134156985,0.6171826454279976,5812.885016708842
stiff,10016,accept-greedy,1.424595643659176,13.976869431899894,2217.598072843244,7966.815576182939,2.49999999975,0.0,0.18900000426189836,0.3780000081587296,0.539087287723186,0.7105950752506144,0.8850185661029826,1.0271551611105956,1.1484436818544763,1.287026856184088,1.3898857100341613,1.424595643659176,0.5698382575206542,5590.747773319033
stiff,10016,rolling-lp,1.012004567155997,11.645851828178499,1575.337807484278,6638.135542061744,1.5461752094137369,0.0,0.18900000426189836,0.3503085959318366,0.5393085990070372,0.7012556117948497,0.863015285250341,0.9215892087899924,0.9338034798147327,0.9854570736165542,0.9856086741511363,1.012004567155997,0.6545212735235346,7532.0389030129745
stiff,10016,peak-first,1.4293901292480258,12.84996192777091,2225.061413089602,7324.478298829418,2.49999999975,0.0,0.16084273218838463,0.31630264864030005,0.4658589957997345,0.6126459527382286,0.7713038046486254,0.918442179835596,1.054990396826343,1.2060689548825505,1.3190314111495904,1.4293901292480258,0.5717560517563859,5139.984771622362
stiff,10016,ppo-s0,1.4470163506541913,13.825836838236759,2252.499286282462,7880.726997794952,2.490311656718659,0.0,0.20854474865420117,0.3997490665906078,0.5593141059012678,0.7036443716202008,0.8563004499722435,0.9861365057659209,1.1146765221277208,1.248042940630421,1.3583588694885969,1.4470163506541913,0.5810583373170416,5551.85002685739
stiff,10016,ppo-s1,1.4105288625475443,13.695990401264302,2195.7010055434052,7806.714528720651,2.491666379856306,0.0,0.21563043569356935,0.40297562451911334,0.5708798291408248,0.7166445847738245,0.8631289245542138,0.9877613994610908,1.1017276125735338,1.2141807659813009,1.314911917950655,1.4105288625475443,0.5660986053152466,5496.719188406815
stiff,10016,ppo-s2,1.4503463968753554,13.980952623156359,2257.6830056876147,7969.142995199124,2.493027814051523,0.0,0.21798439654167068,0.4060527811381702,0.5704821080470034,0.7157208454011258,0.8676627266097406,1.0031385012369851,1.130132177171341,1.2571057255128495,1.362805397462971,1.4503463968753554,0.5817610171457883,5608.021115671121
stiff,10016,ppo-s3,1.434991139510936,13.648270647645974,2233.780230685521,7779.514269158204,2.4896075770673387,0.0,0.1964518666148597,0.3897689367884167,0.556715228927502,0.7038982116161495,0.8466427410584665,0.9731595722606938,1.0997478065904391,1.2284252194978555,1.3379138356115035,1.434991139510936,0.5763925016653829,5482.097167989466
stiff,10016,ppo-s4,1.4516444955489378,13.771334317833755,2259.703692139739,7849.660561165239,2.4943013914045467,0.0,0.2081817064266598,0.39941518189960296,0.5502190095995189,0.6950477199545195,0.8483158396922635,0.9826512831453059,1.1109412582879088,1.247175133778434,1.353179622422197,1.4516444955489378,0.5819843987384032,5521.118805165355
stiff,10017,max-exp-cap,1.5357622816017074,14.3236043332055,2390.6457184422493,8164.454469927134,2.49999999975,0.0,0.17266265485761184,0.36457520899350293,0.5490289231749964,0.7469835286789789,0.8893731488193117,1.0275556296219754,1.160990289682624,1.3192699717097103,1.4353505216869884,1.5357622816017074,0.6143049127021134,5729.441733855144
stiff,10017,accept-greedy,1.425025769335087,13.313380655042588,2218.2676283583305,7588.626973374274,2.4999999997500004,0.0,0.1577493224591628,0.33999232866703266,0.48254891437434067,0.6617800105492929,0.8337650074447348,0.9670193375217504,1.0973614456510816,1.2359342230173969,1.3514032611603195,1.425025769335087,0.5700103077910357,5325.352262549569
stiff,10017,rolling-lp,0.9865705204951165,11.37080670083817,1535.7458761802486,6481.359819477756,1.569187629950739,0.0,0.1577493224591628,0.3332493256179214,0.5288521598204814,0.6990188496841988,0.8347841686522206,0.9266596302151138,0.9266596338420003,0.9488649462336349,0.9622522330825201,0.9865705204951165,0.6287141841196439,7246.301515386742
stiff,10017,peak-first,1.4330492909282952,12.803975376297625,2230.757450366218,7298.265964489646,2.49999999975,0.0,0.15413543840190524,0.30545147762482605,0.45508306507398977,0.6116162796219571,0.7655705376798914,0.9134141978642831,1.0577132972691334,1.1989089075375494,1.3303927326118532,1.4330492909282952,0.5732197164286401,5121.590151031209
stiff,10017,ppo-s0,1.3927020661210254,13.136486296850393,2167.9509070671284,7487.7971892047235,2.4902389816458554,0.0,0.16038946488279504,0.3462971926067612,0.5068473209740274,0.665439611973786,0.8103913149941724,0.9473928086165746,1.0789261583228105,1.212811930269846,1.3177439668466537,1.3927020661210254,0.5592644225658041,5275.191013260981
stiff,10017,ppo-s1,1.3604772700313936,12.927170590747876,2117.7881496389364,7368.487236726289,2.4917030028576987,0.0,0.1548094958756141,0.34076728884771185,0.49948292313159215,0.6607294204635459,0.8060407212912688,0.941544477092464,1.0698217973430193,1.1847899731065623,1.2860130543744954,1.3604772700313936,0.5460029820853776,5188.086451684606
stiff,10017,ppo-s2,1.433284310716846,13.194785401393828,2231.123294128615,7521.027678794481,2.4917605010115915,0.0,0.15407130568713598,0.340526665996313,0.4971564472942516,0.6581985026554982,0.8090257901796281,0.9475255033581226,1.0833164859003799,1.2189991853573383,1.334289262983574,1.433284310716846,0.5752094995225139,5295.366627746559
stiff,10017,ppo-s3,1.4046287585496637,13.092918712850182,2186.5166034195386,7462.963666324603,2.489702281507221,0.0,0.16967525745751966,0.3486194782847856,0.5114000444395732,0.6680884506710684,0.7985369175426913,0.9309356618684783,1.0622635985298827,1.2034458335593885,1.3133598096743904,1.4046287585496637,0.564175391163367,5258.829061651486
stiff,10017,ppo-s4,1.4431208737720924,13.363068660534825,2246.4353887372195,7616.94913650485,2.4936101509031467,0.0,0.160855121612103,0.34772134664460125,0.5143852158850117,0.6721456378742428,0.8192004179196117,0.9590689527898344,1.0908480066932151,1.2274094039764507,1.3497444561808036,1.4431208737720924,0.5787275421739106,5358.924551897148
stiff,10018,max-exp-cap,1.5093097993527267,13.757905507531152,2349.4684384762763,7842.0061392927555,2.49999999975,0.0,0.1935979447638741,0.33065144351679815,0.49907089820727657,0.6830346773907128,0.8367367067196009,1.0003360051909636,1.1288125473890667,1.2563863152743258,1.4002081807703146,1.5093097993527267,0.6037239198014631,5503.162203562777
stiff,10018,accept-greedy,1.4140797223965405,12.540341159469754,2201.2284546782657,7147.994460897759,2.49999999975,0.0,0.17758000413484493,0.2825252879272026,0.4392897098371072,0.6062876079610992,0.7636183269209302,0.9080532721400449,1.015899437338801,1.153565827827663,1.2950761421285797,1.4140797223965405,0.5656318890151794,5016.136464289515
stiff,10018,rolling-lp,1.0040860907883562,11.512788479512412,1563.011504219984,6562.289433322074,1.585888450551376,0.0,0.17758000413484493,0.33489543332349025,0.4992753368930814,0.6681087406771448,0.8192330943913604,0.9217180677673971,0.9900090650561922,0.990044613779955,0.9909201192437596,1.0040860907883562,0.6331379047746134,7259.5197193785525
stiff,10018,peak-first,1.4252007851590596,12.31351050680358,2218.540066896021,7018.700988878039,2.49999999975,0.0,0.1537910175747232,0.28015098369603164,0.42205603230043237,0.563879329508855,0.7114550484964153,0.8723664610614943,1.0178789251189606,1.1618328425518003,1.3016468133721804,1.4252007851590596,0.5700803141206319,4925.404203213972
stiff,10018,ppo-s0,1.383851567781025,12.69551142462251,2154.173770972514,7236.441512034829,2.4892335739698392,0.0,0.19015319720258525,0.31777892811220043,0.467503757920344,0.6113175736405533,0.7542626923500151,0.9114917867300457,1.0508513417377083,1.1744994845077377,1.2939471315856532,1.383851567781025,0.5559347994708481,5100.168805925135
stiff,10018,ppo-s1,1.3604740743735384,12.601931177753714,2117.7831751153003,7183.100771319617,2.4911080923326345,0.0,0.18777517266625937,0.31954264999996945,0.4661607832484828,0.6117658574432138,0.7565276698125848,0.9082089692644104,1.0384750224448753,1.1688889721696074,1.2777218904896406,1.3604740743735384,0.5461320922046429,5058.76530068732
stiff,10018,ppo-s2,1.4153089752466532,12.769623231026513,2203.141972218194,7278.685241685112,2.493108160781688,0.0,0.19106225454488204,0.3232076839790619,0.47344112406328087,0.6126052691347074,0.7570860257115399,0.9082222178307958,1.0419937219698348,1.1750068171318055,1.3053331520321305,1.4153089752466532,0.5676885574041433,5121.969207714892
stiff,10018,ppo-s3,1.4036339754226423,12.885183496257497,2184.9680733821215,7344.554592866773,2.4905242849896743,0.0,0.1922349362875201,0.3169731429579454,0.47888951864150814,0.632995572281617,0.7817838427363337,0.9251024228728884,1.056803790961606,1.1852626803422022,1.3038238280678596,1.4036339754226423,0.563589756535324,5173.683137288067
stiff,10018,ppo-s4,1.417499699877114,12.714314886423956,2206.552165658181,7247.1594852616545,2.4941145290547095,0.0,0.18988035553230215,0.32151640327063713,0.47010379924503626,0.6007885540883087,0.7430946825116297,0.9057208668662634,1.0443978928437028,1.1731669686754167,1.3015676727515297,1.417499699877114,0.5683378543223347,5097.726964143378
stiff,10019,max-exp-cap,1.45090179151891,13.482174356117834,2258.5475612523437,7684.839382987165,2.49999999975,0.0,0.17236904980086964,0.35835625175252217,0.5197068765280332,0.6750318337589194,0.8378873009348826,0.9772594887901038,1.1029529990142515,1.2218337282483958,1.3447141834002299,1.45090179151891,0.5803607166656001,5392.8697429864205
stiff,10019,accept-greedy,1.4411954553505884,13.313776184926514,2243.43818444283,7588.852425408112,2.49999999975,0.0,0.17268523085653764,0.35515178356692856,0.5208773944883155,0.6795702360745784,0.8377148095454262,0.9487715938396712,1.0694433870233606,1.2061509404479889,1.3212728792822823,1.4411954553505884,0.5764781821978832,5325.510474503157
stiff,10019,rolling-lp,0.9813082429822064,11.014875014894127,1527.5543472201982,6278.478758489652,1.6990099289529241,0.0,0.17268523085653764,0.34818523397807183,0.4747006665589557,0.6154783531457139,0.7748173867861367,0.8798369149038723,0.907127042960345,0.9551825337441264,0.9666869611142421,0.9813082429822064,0.5775765204544584,6483.113975491856
stiff,10019,peak-first,1.3987708344104484,12.17410484156931,2177.397860610092,6939.239759694506,2.49999999975,0.0,0.13517551284110454,0.28443137093495396,0.42110706225961647,0.5642831081789619,0.713852052547356,0.8567185315403114,1.0080733400455095,1.1467961385071372,1.2914954192572652,1.3987708344104484,0.5595083338201302,4869.641937114688
stiff,10019,ppo-s0,1.3998212563183685,13.156723677415124,2179.033000805167,7499.33249612662,2.491288616868732,0.0,0.1703379437495819,0.36013096803345007,0.5097655368107654,0.658569242459269,0.8078405460936411,0.9449786094750221,1.0825228295074545,1.199689508670382,1.31828598487912,1.3998212563183685,0.5618864256995585,5281.091716282812
stiff,10019,ppo-s1,1.3539730509233283,12.813740751846764,2107.663351192728,7303.832228552655,2.4929080316769063,0.0,0.1640916299288379,0.35420072855838275,0.5125449965203134,0.6485665950812494,0.7946726941451662,0.9285521859875101,1.0536860123602467,1.151974041156537,1.2693466140663239,1.3539730509233283,0.5431299645709554,5140.077607767718
stiff,10019,ppo-s2,1.426826094174047,13.271219642937691,2221.070105616449,7564.595196474484,2.4916718118815275,0.0,0.16483336675009344,0.3551704168206678,0.5178158342438967,0.6680229083647651,0.8155727558843948,0.9487919548374495,1.0893385187676032,1.2086620089645883,1.3304613248770016,1.426826094174047,0.5726380526400917,5326.230998662798
stiff,10019,ppo-s3,1.3957576286561317,13.100116463500473,2172.7073511988115,7467.066384195269,2.49011395801027,0.0,0.17792565292729387,0.36309570056430335,0.5084849272949644,0.6620085333842652,0.8049164884115401,0.9347771073393526,1.0684392236823563,1.188293868320883,1.3118785495541951,1.3957576286561317,0.560519579502062,5260.850179711512
stiff,10019,ppo-s4,1.4468614342049446,13.33705815291946,2252.258135454274,7602.123147164091,2.4937504578788476,0.0,0.17105605869276364,0.36190593507283453,0.5118517492503795,0.6659395518326946,0.8177122796101441,0.9545731258452013,1.0896591834458604,1.2069497147188275,1.3412811257646817,1.4468614342049446,0.5801949548053924,5348.192763546915
stiff,10020,max-exp-cap,1.4996692783999095,13.817350411059033,2334.4615129803797,7875.889734303648,2.49999999975,0.0,0.17202986316866092,0.3537328515711314,0.5342535104433959,0.7207463226693226,0.8424889842358755,0.9744644464712746,1.127211463313581,1.2680863890495417,1.3836491005395934,1.4996692783999095,0.5998677114199505,5526.940164976308
stiff,10020,accept-greedy,1.4805103374688486,13.770585841439102,2304.6377305790043,7849.233929620287,2.49999999975,0.0,0.1890000040017782,0.37800000773798564,0.5535000102951788,0.7249556764029185,0.8486437331358134,0.9685545046775984,1.1055475138941135,1.2351726374940317,1.3624060008194172,1.4805103374688486,0.5922041350467598,5508.234337126464
stiff,10020,rolling-lp,1.0052634171717962,11.569143899120547,1564.8441903794883,6594.412022498711,1.5401693468814164,0.0,0.1890000040017782,0.3634025393403279,0.5287828888832329,0.6941600299428918,0.8304957302557611,0.8977951205223902,0.9516470191691844,0.9662634015832642,1.005263407175926,1.0052634171717962,0.6526966785875108,7511.605085860276
stiff,10020,peak-first,1.4120827886006475,12.458716403661727,2198.119925912873,7101.468350087183,2.49999999975,0.0,0.14667815769332349,0.2944240130658937,0.4455974742661031,0.5961784680525115,0.7322693109335681,0.8783871133520351,1.0290698194573729,1.1721551829056929,1.296696875459045,1.4120827886006475,0.5648331154967423,4983.486561963039
stiff,10020,ppo-s0,1.3743139857643811,12.947162157169117,2139.3270854629563,7379.882429586396,2.490770695130291,0.0,0.17232121193256594,0.35106502352514796,0.513376828366812,0.6614283365449187,0.7866748685389457,0.9211466651942499,1.0606132025595212,1.1878254328384807,1.288553544495872,1.3743139857643811,0.551762548215018,5198.054635250901
stiff,10020,ppo-s1,1.3798644083853073,13.041320287453157,2147.9671557610905,7433.552563848299,2.491522527043806,0.0,0.17280069917688076,0.34760052857353724,0.5214012276960489,0.6754410444541888,0.8070740614415326,0.9416538711373402,1.0687368769316878,1.1816613858846248,1.2815726308140936,1.3798644083853073,0.5538237737800098,5234.277493339261
stiff,10020,ppo-s2,1.3966973297834553,13.041103074350952,2174.1701377925206,7433.428752380041,2.4929741873923117,0.0,0.16900076883927984,0.34882961626843895,0.5200412189444604,0.6695740909360569,0.7967446467056511,0.928970435732926,1.0701766287930379,1.1865827259963921,1.2910497337563385,1.3966973297834553,0.5602534261473527,5231.142440344374
stiff,10020,ppo-s3,1.3754075879217265,12.883051951778617,2141.0294422316156,7343.339612513811,2.490202023111338,0.0,0.17238665833996672,0.34874897563888335,0.5124117238097364,0.6678695137884791,0.7894767548337409,0.918312125699534,1.0510274920632456,1.1688378817522358,1.2716556823226242,1.3754075879217265,0.5523277128348197,5173.496701156045
stiff,10020,ppo-s4,1.4173843809842133,12.975014971759098,2206.3726544012166,7395.758533902685,2.4945623242471995,0.0,0.17319370707753623,0.34932406091194856,0.5119770942819976,0.6497710165960983,0.777458148734272,0.9131265765805536,1.0565015714143133,1.185975217208969,1.3005001077218623,1.4173843809842133,0.5681896047283351,5201.319223673698
stiff,10021,max-exp-cap,1.5324730459541107,14.436473553904545,2385.5255268526544,8228.78992572559,2.49999999975,0.0,0.19876557477616597,0.3972147412852958,0.5660893676528317,0.7397977284971559,0.8854831848335536,1.0375301845771085,1.1842295626597832,1.3040448273425294,1.4284316702553774,1.5324730459541107,0.6129892184429432,5774.589422139277
stiff,10021,accept-greedy,1.498397104603999,13.889641399964246,2332.4811825120887,7917.09559797962,2.49999999975,0.0,0.18900000410900986,0.37800000819470386,0.5350623096612674,0.6936872511383204,0.8655843084603579,0.998611268418957,1.1332769700643792,1.2531722421267841,1.37798082126249,1.498397104603999,0.5993588419015354,5555.856560541284
stiff,10021,rolling-lp,1.0191284375767298,11.82375180703963,1586.4271866962094,6739.538530012588,1.477747590885611,0.0,0.18900000410900986,0.36349616829394826,0.5785934662241343,0.7454489911782969,0.8698626341017963,0.9130355517757378,0.9384944559213194,0.9874735217483631,0.9911016689602195,1.0191284375767298,0.6896498724562077,8001.198499639359
stiff,10021,peak-first,1.4213856330816987,12.697576431631497,2212.601207029352,7237.6185660299525,2.49999999975,0.0,0.15374179274617447,0.30836084964173327,0.45247151014073417,0.6109934547563294,0.7591653797907949,0.9000956003329418,1.0443324953759052,1.1869336109366886,1.3195037051768619,1.4213856330816987,0.5685542532895349,5079.030573160501
stiff,10021,ppo-s0,1.4033282330362997,13.436831814482566,2184.492139225115,7658.994134255062,2.4905680237298613,0.0,0.19735696995207852,0.3935187553214388,0.5358355495594465,0.6872015615082435,0.8294437743147826,0.9645571137956689,1.093852359959415,1.2078050589555245,1.318985861010899,1.4033282330362997,0.5634570988086015,5395.087259796919
stiff,10021,ppo-s1,1.3691094386993745,13.232665029459895,2131.225422655863,7542.619066792139,2.492185565514708,0.0,0.19579114022180705,0.38831038326136386,0.5384597548985155,0.6937358817522646,0.824030361002625,0.9514448713837187,1.0745892406002628,1.1804253896693417,1.284831053483737,1.3691094386993745,0.5493609535518733,5309.662816671907
stiff,10021,ppo-s2,1.424503298968967,13.429712766614834,2217.454324399286,7654.936276970455,2.492316431867745,0.0,0.19264079936738282,0.3872952539252381,0.5323841164836823,0.685521589303773,0.8297761722773959,0.9639934284501197,1.08912817080207,1.2054704015910058,1.316598695731509,1.424503298968967,0.5715579614027753,5388.446103751999
stiff,10021,ppo-s3,1.4087166989262176,13.586862678659505,2192.88009943421,7744.511726835917,2.4898784539968517,0.0,0.19920004031060015,0.3909153475280955,0.5555592941313479,0.7107282889820382,0.8490389236356228,0.980121560683757,1.1007229824186497,1.2156341325669828,1.3176285153360558,1.4087166989262176,0.565777295941852,5456.837725090289
stiff,10021,ppo-s4,1.437210601647024,13.552199782669842,2237.235158389143,7724.753876121809,2.4945278856809088,0.0,0.198640190737911,0.3931242598457549,0.5317559060347458,0.6850241335528975,0.8319117118025466,0.9664761287793321,1.1030612886422675,1.2215349480245474,1.337259004730542,1.437210601647024,0.5761453339114394,5432.771411561359
stiff,10022,max-exp-cap,1.4978253887103583,13.904931774072335,2331.5912204589304,7925.81111122123,2.49999999975,0.0,0.1751769707017742,0.35443698113676275,0.545116707801026,0.7261346276852805,0.866139658292054,0.9998675513878393,1.1333175948861591,1.256636547412299,1.3779428697282006,1.4978253887103583,0.5991301555440564,5561.972710185131
stiff,10022,accept-greedy,1.4401598104283022,13.398075252028951,2241.8260468555545,7636.902893656502,2.49999999975,0.0,0.18900000415797122,0.37128368141819723,0.5271883098350447,0.697550789363188,0.8348794692212445,0.9617685944416776,1.0767285386919676,1.1874285010933392,1.3210001370602042,1.4401598104283022,0.5760639242289273,5359.2301013475035
stiff,10022,rolling-lp,1.0488606312100668,11.741989460752553,1632.7098322989532,6692.933992628955,1.644682651318597,0.0,0.18900000415797122,0.35428515546675593,0.5481553619769207,0.7165399412502199,0.8427209212789789,0.9143153088202434,0.953872835869064,0.9804995929246418,0.9948606233240718,1.0488606312100668,0.637728275645858,7139.364819917452
stiff,10022,peak-first,1.4326333839400334,12.846718575441642,2230.1100283838773,7322.629588001735,2.49999999975,0.0,0.1498588859193371,0.3020754024577069,0.4618376166757613,0.6181276088433626,0.7690686819020515,0.9155360494226163,1.0600087728708971,1.2085343119112326,1.3351129469140715,1.4326333839400334,0.5730533536333187,5138.687430690526
stiff,10022,ppo-s0,1.4167919843711485,13.37980003026979,2205.450499687815,7626.486017253779,2.491202739739791,0.0,0.18022098041183274,0.3633815352806635,0.5293526628182227,0.6883690726745335,0.8244337079517647,0.9576808397124178,1.090379057033745,1.2202709872520796,1.324366918048705,1.4167919843711485,0.5687180580570227,5370.819410574077
stiff,10022,ppo-s1,1.4014418700941718,13.246623151400653,2181.5557306773526,7550.575196298372,2.4914884316027366,0.0,0.1754364269657659,0.3570150835403306,0.5350152785422757,0.6811117674889354,0.8209613630220615,0.9580152511854383,1.082265163153471,1.200265153480152,1.2981669220164767,1.4014418700941718,0.5624918230877137,5316.7508158483815
stiff,10022,ppo-s2,1.4480221925280925,13.464149987278349,2254.0650309280227,7674.565492748658,2.4923010260011482,0.0,0.17229189397538236,0.35467654819812017,0.5316655367885386,0.6920502874531111,0.8309048072522058,0.9692883370960264,1.097229016453331,1.220113855009316,1.3331920879563453,1.4480221925280925,0.5809981127566352,5402.2968521107305
stiff,10022,ppo-s3,1.3931556333658373,13.186544354598118,2168.656952921246,7516.330282120926,2.49135838753758,0.0,0.1860261238069292,0.3701352286868687,0.5223560618179989,0.6765053747613048,0.8107773489351302,0.9415241716171006,1.07003019496427,1.1989682446705368,1.3016209894949484,1.3931556333658373,0.5591951926044693,5292.913464622604
stiff,10022,ppo-s4,1.4632524164636687,13.603273356695471,2277.773172532157,7753.865813316417,2.4943807518577374,0.0,0.1808348802132755,0.36277338230394773,0.5377238182570857,0.698757717813924,0.8368159424690063,0.9728689663120633,1.1037482134308616,1.2314344621426443,1.3505982834336823,1.4632524164636687,0.5866195108240326,5453.567321895093
stiff,10023,max-exp-cap,1.4452537614362708,13.186698558217202,2249.75555021232,7516.418178183804,2.49999999975,0.0,0.15250077419313854,0.3201201353737858,0.5114676199137009,0.6391549146554298,0.808765363885439,0.9681890282722246,1.0894214286545238,1.2035624991512541,1.33276290773004,1.4452537614362708,0.5781015046323185,5274.679423814348
stiff,10023,accept-greedy,1.3990582674498735,13.015672559298402,2177.845293505972,7418.933358800088,2.49999999975,0.0,0.1597636085774713,0.34124460004076573,0.5167446029069104,0.6411086126849226,0.8053495198675077,0.956518335647301,1.0676885559639258,1.1815601146448098,1.2922942930684986,1.3990582674498735,0.5596233070359118,5206.269024239988
stiff,10023,rolling-lp,1.0102723521791874,11.329453175697662,1572.6413535035147,6457.788310147666,1.6434349773266554,0.0,0.1597636085774713,0.31864384728458406,0.5042777455125579,0.6402342029510106,0.8042342670319527,0.943330002851872,0.9433300054237133,0.9666609840328364,0.987348071262328,1.0102723521791874,0.6147321714075834,6893.764178079664
stiff,10023,peak-first,1.4064873475664244,12.350811641664295,2189.409777661732,7039.962635748648,2.49999999975,0.0,0.14080901002615082,0.28955414446031946,0.4376345892718111,0.5861874612053201,0.732697702394372,0.8834374117934128,1.01603160009194,1.1477542307672426,1.293627169295731,1.4064873475664244,0.5625949390828292,4940.32465715975
stiff,10023,ppo-s0,1.3738470559894016,12.643225758468553,2138.6002388143957,7206.638682327074,2.490718836502194,0.0,0.14822518062724777,0.31159790939022214,0.4837351035553332,0.6216826107261801,0.7736992416213487,0.9245601087823434,1.0464060868493583,1.1595012181105153,1.2788143830735779,1.3738470559894016,0.5515865684457361,5076.135279975595
stiff,10023,ppo-s1,1.3451359868007433,12.515046093998844,2093.9071274845746,7133.5762735793405,2.4925611371906733,0.0,0.14894792614849883,0.31085675945913066,0.4786600588644563,0.6179117020009322,0.769067727282321,0.9141465142569924,1.041001701387182,1.1579603943233387,1.256036896646397,1.3451359868007433,0.5396601779312121,5020.958526258801
stiff,10023,ppo-s2,1.3747161661339102,12.62140219723344,2139.953139892066,7194.19925242306,2.491175895639696,0.0,0.14767782821862516,0.31063173247788095,0.4822482245668176,0.62106750176509,0.7754986102406839,0.9260307934281706,1.0465494301872114,1.155215853204469,1.2684131980397533,1.3747161661339102,0.5518342436357366,5066.443609752597
stiff,10023,ppo-s3,1.379367426768384,12.67026249549632,2147.193528886101,7222.049622432903,2.489804728387198,0.0,0.14800696337466068,0.31025522839413344,0.49714508705037996,0.6286151717493222,0.7801588394454111,0.9251654406301182,1.0431977953257647,1.1576020245858882,1.2699234510102324,1.379367426768384,0.5540062684602123,5088.857913649976
stiff,10023,ppo-s4,1.4144829349589654,12.735823739024937,2201.856115871363,7259.419531244214,2.4949500281825387,0.0,0.14882323635475775,0.31001926043345995,0.4796622194141936,0.6202613026497356,0.7779177812956828,0.9286664422898911,1.0450312393139476,1.16343296048781,1.2932569085896433,1.4144829349589654,0.5669383831263963,5104.640812506544
stiff,10024,max-exp-cap,1.4849290085703006,13.61973695069104,2311.5160588700687,7763.250061893892,2.49999999975,0.0,0.15436490491454596,0.3216571317522604,0.5040828438606035,0.6852509246045184,0.8381964451891387,0.9769511818786037,1.1246160209842322,1.2698885319115787,1.3894473809615497,1.4849290085703006,0.5939716034875174,5447.894780821205
stiff,10024,accept-greedy,1.3746094912226166,12.100637932764041,2139.7870842967404,6897.363621675502,2.49999999975,0.0,0.12634610570099544,0.2632113516221319,0.4365191163241812,0.5962300357001223,0.721396896329009,0.8855735353039699,0.9925527108582095,1.1299692535614698,1.2470993791352538,1.3746094912226166,0.549843796544031,4840.255173589642
stiff,10024,rolling-lp,1.0154607021844466,10.979208440202518,1580.7178031431793,6258.148810915434,1.7880684430159695,0.0,0.12634610570099544,0.2836149729659585,0.4514877831156679,0.6206487024443609,0.7499328442820768,0.8628752730140988,0.9689840889570019,0.9710681995122353,1.002677516117048,1.0154607021844466,0.5679093024379143,6140.2618468472465
stiff,10024,peak-first,1.4286723160862465,12.498362910407959,2223.9440285943538,7124.066858932536,2.49999999975,0.0,0.14808112058820572,0.2870090338237483,0.4327434780274182,0.5817701917365132,0.7281841019380179,0.8776925445844299,1.0370399604351932,1.1855089297712644,1.3223066329819997,1.4286723160862465,0.5714689264916455,4999.345164663118
stiff,10024,ppo-s0,1.3841008897150604,12.804054318193609,2154.5618781823705,7298.310961370356,2.4896707130602445,0.0,0.15087102785155146,0.3157826735823543,0.480675538295672,0.6359745648155485,0.7756592989818454,0.9155322443388021,1.0647764328281717,1.2014639030937673,1.3005493637637109,1.3841008897150604,0.5559373303683829,5142.870601733177
stiff,10024,ppo-s1,1.350987294403815,12.489440353644202,2103.015570657162,7118.981001577195,2.4923398484275627,0.0,0.14168372820902322,0.310898619386327,0.473581126112016,0.6219727138569489,0.7618680365666217,0.8936319243360568,1.0379365716557907,1.1646201085715349,1.2660962935928841,1.350987294403815,0.5420558096265097,5011.130549280384
stiff,10024,ppo-s2,1.4154139900429121,12.84258583368081,2203.3054435939775,7320.27392519806,2.4927392679891947,0.0,0.14417627745906147,0.3089479193193106,0.47660290675163114,0.6281370704346918,0.7739447728663105,0.9154190697247657,1.0675864058412396,1.2024190189528523,1.3174913363252032,1.4154139900429121,0.5678146961533915,5151.997241990123
stiff,10024,ppo-s3,1.4077068318942227,13.113560849533641,2191.308089022731,7474.729684234175,2.4899814877043855,0.0,0.16325276513141462,0.32691175140174333,0.49977303949379415,0.6632864273886685,0.8014824412123509,0.9384787594943342,1.0838117240316674,1.217792488215672,1.3217181899751647,1.4077068318942227,0.5653483123651832,5266.529455856944
stiff,10024,ppo-s4,1.4217111963557287,12.967977672439602,2213.107995388765,7391.747273290573,2.494649280151215,0.0,0.15063638400160997,0.321509584152069,0.48447371080477164,0.6319409851993727,0.7823901373933576,0.9260346951170609,1.0703047124923115,1.2092841222081847,1.3324055589343204,1.4217111963557287,0.5699042377089378,5198.316964079831
stiff,10025,max-exp-cap,1.4756428190485582,13.567701126665568,2297.060703710777,7733.589642199373,2.49999999975,0.0,0.18237926515214567,0.38154172572911216,0.5310138593187602,0.692765338572828,0.8300781572984677,0.9578213812654048,1.0816677377367907,1.2283105262843577,1.3547355011608342,1.4756428190485582,0.590257127678449,5427.080451208935
stiff,10025,accept-greedy,1.4222019816395208,13.183095292352569,2213.8719767362877,7514.364316640964,2.49999999975,0.0,0.18900000428918792,0.3780000081653719,0.5219049539704991,0.6816659129912029,0.8113201246629533,0.9468268338456324,1.0584965359318204,1.1649538850821337,1.2945134374049274,1.4222019816395208,0.5688807927126964,5273.238117468351
stiff,10025,rolling-lp,0.9606575819975885,10.805049439566028,1495.4084774737485,6158.878180552635,1.6651710685919578,0.0,0.18900000428918792,0.3591499874814654,0.4595864074977137,0.6264545338063441,0.7540996079333036,0.8534715396586899,0.8906000471305677,0.9150138779865016,0.9331820227608194,0.9606575819975885,0.576912246505643,6488.8524929169025
stiff,10025,peak-first,1.409216073157572,12.503839115280314,2193.657450774577,7127.188295709779,2.49999999975,0.0,0.15176471000923375,0.3130252175196889,0.44939462115184664,0.6024100103418719,0.7458409833545403,0.8870247447569413,1.0200318507472983,1.1597833499628338,1.2940346892600647,1.409216073157572,0.5636864293193975,5001.535646612279
stiff,10025,ppo-s0,1.406239521017054,13.205657356899762,2189.023998243741,7527.224693432863,2.491823493380708,0.0,0.18307117820327656,0.3836389653740753,0.5240604289000232,0.6726101959579195,0.8088633372031622,0.9409772093529084,1.065810811953936,1.1907220003777599,1.3073840081776118,1.406239521017054,0.5643415453592903,5299.595814863827
stiff,10025,ppo-s1,1.3526738861216365,12.953793722805477,2105.6410051513367,7383.662421999121,2.493396214850532,0.0,0.1836327011932751,0.38194164765410255,0.5222156637120691,0.670064168410215,0.8094658821660529,0.9406107345660757,1.0521768552941184,1.1496286052048057,1.259169105026463,1.3526738861216365,0.5425025826481906,5195.240790714844
stiff,10025,ppo-s2,1.398595711156024,13.075422397621736,2177.1252548406933,7452.990766644389,2.4926509292110683,0.0,0.1793437387442923,0.3805704215319798,0.519345999726477,0.6672767253568279,0.8047347821115863,0.9303768747558383,1.0476759319279352,1.1812176873338815,1.2905762210696723,1.398595711156024,0.5610876736754649,5245.589041125846
stiff,10025,ppo-s3,1.394678688912099,13.047605425548902,2171.027818688846,7437.135092562873,2.4895328617817896,0.0,0.18180345200811668,0.38184996636544366,0.5194337412480802,0.6579971791266205,0.8019475528557386,0.9260776371422479,1.0543170670163533,1.1735747150257332,1.290164337668226,1.394678688912099,0.5602170231703268,5240.985417726348
stiff,10025,ppo-s4,1.4147990809268642,13.143719686139264,2202.3482447728306,7491.92022109938,2.492611262857654,0.0,0.1830870015382316,0.38215665948005584,0.5223121280671327,0.6685898156062049,0.8049994290744482,0.9319588033527809,1.055230467130626,1.1802004304474858,1.300254783974907,1.4147990809268642,0.5675971628664102,5273.072412852154
stiff,10026,max-exp-cap,1.4965101496940016,13.540367354387206,2329.543852477017,7718.009392000707,2.4999999997500004,0.0,0.18788682475221374,0.34790613824518696,0.49820718433192185,0.6761679548327915,0.8188569983195447,0.9565433686674772,1.1002272189998505,1.2375431071628067,1.3785480200823235,1.4965101496940016,0.5986040599374609,5416.1469422964965
stiff,10026,accept-greedy,1.4762160012505643,13.541450637735604,2297.952948294154,7718.626863509294,2.49999999975,0.0,0.1875408897269926,0.3494140674551336,0.5187749859772449,0.6805223305775272,0.8316946445173385,0.9625352499042406,1.099549378100094,1.2282757229701362,1.3645696010302468,1.4762160012505643,0.5904864005592744,5416.5802556359
stiff,10026,rolling-lp,1.0394797933744646,11.48608304838217,1618.1071427579038,6547.067337577836,1.7295575424698995,0.0,0.1875408897269926,0.3538652505334041,0.4974845958149012,0.6451012446918902,0.7596241610560515,0.8790796839336065,0.9375796858650742,1.0394797791750023,1.0394797847738495,1.0394797933744646,0.6010090834503445,6641.052850996468
stiff,10026,peak-first,1.424642171104916,12.480369233027597,2217.670499832942,7113.81046282573,2.49999999975,0.0,0.15733131823957258,0.29787479565239533,0.43797380387729384,0.5889483610147688,0.7266363050963743,0.8795955041539114,1.0273966163664112,1.1782377646825974,1.2988124450887693,1.424642171104916,0.5698568684989521,4992.147693710253
stiff,10026,ppo-s0,1.3732714542041884,12.716181770282361,2137.7042277846726,7248.223609060945,2.4911333986766357,0.0,0.18406908074320236,0.33345305337247344,0.4829564615260169,0.6327003734806783,0.7700708385402824,0.9065142357841912,1.0428404973088903,1.16766446395954,1.2753957318917972,1.3732714542041884,0.5512637159189111,5104.576807102171
stiff,10026,ppo-s1,1.3659331926545608,12.743666463372882,2126.281116431703,7263.889884122543,2.4919774124883407,0.0,0.1835362319806506,0.33137741692007117,0.4903810535203066,0.6364398530271467,0.7735967880342219,0.9187295352709935,1.051822684165132,1.1658137614626431,1.268961972508633,1.3659331926545608,0.5481322526477561,5113.877196281573
stiff,10026,ppo-s2,1.3918901287086702,12.79798422765001,2166.687003973698,7294.851009760506,2.4923475177349723,0.0,0.18380721203724093,0.334937339341967,0.4865908839267254,0.6287822162521737,0.7736098206485794,0.9142081593942601,1.0520388154181324,1.1738242922106275,1.2817976140341467,1.3918901287086702,0.558465510449205,5134.911619099061
stiff,10026,ppo-s3,1.3724516454332847,12.624502169633503,2136.428071733973,7195.966236691096,2.489796498903793,0.0,0.18456951954732786,0.33538168793298573,0.4708035310117117,0.6296835355641062,0.7667658618518659,0.8979109205309744,1.0314609428830663,1.1540789578916544,1.2669341727613812,1.3724516454332847,0.5512304503751801,5070.495590780939
stiff,10026,ppo-s4,1.416487361948014,12.731862742923665,2204.9763089225307,7257.161763466489,2.4943865673359458,0.0,0.18382237592821835,0.33166589837522603,0.47690301631949716,0.6190701063046389,0.7552890462092096,0.8948278829021697,1.0371499332697716,1.1697059552811628,1.294088146346954,1.416487361948014,0.5678700248377502,5104.205943716875
stiff,10027,max-exp-cap,1.5164838594362875,13.729810697351452,2360.6359454713856,7825.992097490327,2.4999999997500004,0.0,0.1738218190162882,0.3308694771805737,0.5156551955734489,0.6627142295978361,0.8235209486694822,0.9870660864680227,1.1393437993352764,1.2695097389614045,1.4011111234580622,1.5164838594362875,0.6065935438351743,5491.924279489772
stiff,10027,accept-greedy,1.4799356918925368,12.97310023579699,2303.743208032716,7394.667134404283,2.49999999975,0.0,0.1597876524072257,0.31536586670471284,0.4854001067171011,0.6196968533469789,0.7745328779358288,0.9151255624542954,1.064734245166075,1.1927158340319157,1.3266871552847264,1.4799356918925368,0.5919742768162122,5189.24009483772
stiff,10027,rolling-lp,0.9968101878998556,11.321033742703202,1551.6854635321934,6452.989233340825,1.5928682521835642,0.0,0.1597876524072257,0.31466733306820394,0.5036673369220857,0.6608139448566739,0.8196876696230382,0.8979602675116625,0.9306463722249418,0.9918354604809801,0.9968101779545815,0.9968101878998556,0.6257957533734447,7107.325874053865
stiff,10027,peak-first,1.451962551399942,12.656183029515951,2260.1987940624367,7214.024326824091,2.49999999975,0.0,0.15777964449040066,0.2965408111197303,0.4452779273150016,0.5837760275824375,0.7329982709408924,0.8892566985003437,1.0416884016133832,1.1920075311907956,1.3391048476719563,1.451962551399942,0.5807850206180553,5062.473212312628
stiff,10027,ppo-s0,1.4106744915317602,12.99236151323027,2195.9276990309113,7405.646062541253,2.491691671278317,0.0,0.1731549960396832,0.3279740808562851,0.49193967795114496,0.6352341600846392,0.7815051405282818,0.9330870556716546,1.0693501881559022,1.205181822814159,1.3182537693607836,1.4106744915317602,0.566151305072204,5214.273364153751
stiff,10027,ppo-s1,1.3735314388205166,12.69525115957394,2138.108933068382,7236.293160957145,2.492649754669824,0.0,0.1693933506566918,0.3247500319632106,0.48632245032844357,0.6196741673433693,0.7681462561210337,0.9157311689987164,1.0521867058077612,1.1691555705509327,1.2765991254610471,1.3735314388205166,0.5510326656391621,5093.074602956222
stiff,10027,ppo-s2,1.432631407607429,13.062039742036323,2230.106951923975,7445.362652960703,2.4929534557688795,0.0,0.17193800600779818,0.3278910273302381,0.49228751785279384,0.6378737147507066,0.7875821117335042,0.9369213236878227,1.0702815977881857,1.205034368112754,1.3286759366753995,1.432631407607429,0.5746723446810502,5239.584281772206
stiff,10027,ppo-s3,1.4052822302138062,12.960469175886827,2187.5338306653957,7387.46743025549,2.4906551620633346,0.0,0.17872651764208622,0.3325599545881736,0.5080220531639169,0.6402394824235712,0.7843989138303757,0.9237493725119512,1.054819676777473,1.1924284802421958,1.305640911048453,1.4052822302138062,0.5642219170355272,5203.63853386672
stiff,10027,ppo-s4,1.4518723923073251,13.163914732464502,2260.0584478309106,7503.431397504765,2.4920788547132044,0.0,0.17311728207649635,0.32875803828133,0.4942672604228302,0.6429351703017432,0.7887282060112355,0.9415439448395467,1.0773570542050628,1.216750339123875,1.3412323066992948,1.4518723923073251,0.5825948844120387,5282.302647674222
stiff,10028,max-exp-cap,1.4806004803955217,13.755917601779892,2304.7780516458,7840.873033014538,2.49999999975,0.0,0.16822131977823104,0.3672869007825081,0.5418467950030768,0.7013693329203303,0.8701264013755093,1.0000300292703685,1.1202151272999805,1.231284704804196,1.3558863867518958,1.4806004803955217,0.5922401922174327,5502.367041262194
stiff,10028,accept-greedy,1.4084205026958057,12.938578485965339,2192.4190253093043,7374.989737000243,2.49999999975,0.0,0.15905927553008872,0.34224926734340405,0.5047921035679573,0.6633695044596157,0.846628148016351,0.9336148651848676,1.03659082018009,1.1453505112648399,1.2717299099458073,1.4084205026958057,0.5633682011346591,5175.431394903679
stiff,10028,rolling-lp,0.9929563957144407,11.290590560245066,1545.6864545070337,6435.636619339687,1.6438515970423793,0.0,0.15905927553008872,0.32548593299885603,0.5144859362650736,0.6629160110838375,0.825281902694631,0.8990470449060826,0.9240141254690243,0.9735266648152139,0.9763562669721402,0.9929563957144407,0.6040426018388579,6868.375819665909
stiff,10028,peak-first,1.440250651968641,12.66978117896623,2241.967455419933,7221.77527201075,2.49999999975,0.0,0.14737639827538115,0.30186807487465095,0.4403873081426716,0.5951513968120539,0.7489285188125951,0.8990594997578077,1.0493416661809472,1.1899959681896033,1.3267687452713006,1.440250651968641,0.5761002608450665,5067.912472093283
stiff,10028,ppo-s0,1.4097150945202113,13.24437306361331,2194.434252821545,7549.292646259586,2.491570199983964,0.0,0.16411790505356427,0.3610151357691711,0.5107933654549129,0.6645793176176127,0.8288068113141989,0.9639044580591616,1.0919914351313653,1.1992237862974875,1.3141015030792265,1.4097150945202113,0.5657938494084109,5315.673250425997
stiff,10028,ppo-s1,1.4048729968113474,13.195951570523768,2186.8967971263173,7521.692395198547,2.4917589810501077,0.0,0.1604445389670309,0.3603847182511418,0.5235724240756057,0.6718738643282829,0.8254915387339601,0.9546007334535994,1.0789022728665765,1.1912413332065488,1.3057581920802037,1.4048729968113474,0.5638077388284514,5295.837868300797
stiff,10028,ppo-s2,1.4297512198774718,13.347251661048995,2225.6235051383496,7607.933446797926,2.4907636163476967,0.0,0.16119579859435804,0.35736412368296905,0.5145993091486133,0.6754763248660882,0.8360407353180824,0.9712771641729423,1.09763445832027,1.2116528088381444,1.319346574157747,1.4297512198774718,0.5740212401102804,5358.6986631114305
stiff,10028,ppo-s3,1.3838303588033176,12.97155775241255,2154.1407559985455,7393.787918875153,2.4932715690273266,0.0,0.1688774754887339,0.36649669219860354,0.5137766538508032,0.6581569410414803,0.8056385664833066,0.9264957169066688,1.0547972085157697,1.1668542871864824,1.2880670467380981,1.3838303588033176,0.5550259249710117,5202.62530305634
stiff,10028,ppo-s4,1.451200078002329,13.516149614052745,2259.0118891714483,7704.205280010064,2.4943588690486838,0.0,0.16471982850023242,0.3641954243482806,0.5198580285556629,0.6802762700101364,0.8479422081684758,0.9776064920414274,1.1099044516197167,1.2261596028031507,1.3409769884333411,1.451200078002329,0.58179281899232,5418.6868544732015
stiff,10029,max-exp-cap,1.4682140688938088,13.76797070592188,2285.496733190348,7847.743302375471,2.49999999975,0.0,0.18980103539941887,0.3702829700317654,0.5390701798381479,0.7089780559514542,0.8686619537441956,0.9828287460893779,1.121735047980067,1.2486995379689483,1.3463388544248962,1.4682140688938088,0.5872856276162521,5507.188282919471
stiff,10029,accept-greedy,1.4380058123467345,13.363390672404114,2238.4730238304924,7617.132683270344,2.49999999975,0.0,0.1890000039353376,0.35512842646860576,0.5265584506956165,0.685068603387045,0.8246171606802739,0.9603098056876481,1.0820191525877063,1.2002257645601797,1.3237731149689005,1.4380058123467345,0.575202324996214,5345.356269496181
stiff,10029,rolling-lp,0.9750821922352776,11.272744285139703,1517.8625598001906,6425.46424252963,1.5877600145755402,0.0,0.1890000039353376,0.3515311467882342,0.4921068001450128,0.664000011801265,0.8132292723133011,0.930444250107156,0.9361560976285264,0.9366393196028617,0.9534759291251924,0.9750821922352776,0.6141244163375337,7099.778418436412
stiff,10029,peak-first,1.417420103530798,12.332297038133632,2206.4282619350565,7029.40931173617,2.49999999975,0.0,0.14251038087902607,0.28939727274774013,0.4272017429712577,0.5711334975419897,0.7234765818392503,0.8687492730324751,1.0148385289848079,1.1680793171558608,1.299520098034752,1.417420103530798,0.566968041469016,4932.918815746745
stiff,10029,ppo-s0,1.405952128265926,13.202044984828774,2188.5766280626744,7525.165641352401,2.4915468944591805,0.0,0.18558428001868424,0.36446243456413596,0.5111336972442166,0.654274279057203,0.8054883473855885,0.9396441729198277,1.0872605978201801,1.213130115967849,1.3141269981208996,1.405952128265926,0.5642888485834036,5298.734298033123
stiff,10029,ppo-s1,1.3742742683911011,13.02965425341466,2139.265259378596,7426.902924446356,2.491178469466123,0.0,0.18374063078496822,0.36246494300598187,0.5152268049791395,0.655254562627992,0.8036561604912104,0.9347846271641552,1.0713140755194748,1.185545176739407,1.284051168543281,1.3742742683911011,0.5516562884736306,5230.317463448136
stiff,10029,ppo-s2,1.431420501328093,13.269457829707621,2228.221993589727,7563.590962933343,2.493506138106878,0.0,0.18193695482743763,0.3603393751544288,0.5154292442528233,0.6546735533401311,0.8087292853304756,0.9360891563430456,1.0802925572710567,1.2237165218976185,1.331736236665925,1.431420501328093,0.5740593453741636,5321.60624227782
stiff,10029,ppo-s3,1.402722408335017,13.058181038302475,2183.5490816662737,7443.16319183241,2.4908199652124114,0.0,0.18780088180327068,0.36793098075633424,0.5088990500461544,0.6511985984527422,0.7995086367279942,0.9196761582346006,1.0655060247453931,1.191386707667024,1.2940087149825827,1.402722408335017,0.5631568832456327,5242.5230328475
stiff,10029,ppo-s4,1.4266215916141982,13.102335313005126,2220.7517665251917,7468.331128412921,2.4937966544603922,0.0,0.18695278954167258,0.36662042806288725,0.5060216401721023,0.6426397263985737,0.7950827449268616,0.9238786000984096,1.0630139098229603,1.1955710101012103,1.3106006389658669,1.4266215916141982,0.5720681311615965,5253.971004239802
stiff,10030,max-exp-cap,1.4529152764913218,13.380253602219561,2261.6818544213515,7626.74455326515,2.49999999975,0.0,0.19826674643294834,0.34674905303145925,0.5039986811275736,0.6679835633582945,0.8238692246698204,0.9533576218440342,1.0872844309579168,1.2190006343737878,1.3421138900650604,1.4529152764913218,0.5811661106546453,5352.101441423035
stiff,10030,accept-greedy,1.3598674711857015,12.656270801231498,2116.8389057246736,7214.074356701954,2.49999999975,0.0,0.1878928856927155,0.3242446952296182,0.49905484954657303,0.648287559539873,0.8023418441000066,0.9149951611703012,1.0086651669366204,1.1316281353933906,1.2534713280013434,1.3598674711857015,0.5439469885286753,5062.50832099885
stiff,10030,rolling-lp,0.9907729784934343,11.521744041705007,1542.2876361524584,6567.394103771854,1.5225437356297904,0.0,0.1878928856927155,0.3445234553722638,0.5321240707803087,0.6945402029427415,0.8408992976063618,0.8998088076787026,0.9295160317029354,0.9907729625700233,0.9907729693439862,0.9907729784934343,0.6507353157140063,7567.430591370902
stiff,10030,peak-first,1.4102627297462629,12.38087680537124,2195.286729682133,7057.099779061607,2.49999999975,0.0,0.1582280985012831,0.29099363164541525,0.4361710394522183,0.5937086493926913,0.7416122061078064,0.8698470724980139,1.014814722895898,1.150108065913721,1.2877884561594977,1.4102627297462629,0.5641050919549156,4952.350722643731
stiff,10030,ppo-s0,1.3721107554725438,12.979412016111187,2135.8974250740907,7398.264849183376,2.490792167661711,0.0,0.19933833741349358,0.34049955030516815,0.5044745091213674,0.664755266688968,0.8069564115683411,0.9291166314436357,1.064855393009073,1.1749845324691832,1.2809451764120219,1.3721107554725438,0.5508732415682215,5210.957455473257
stiff,10030,ppo-s1,1.3486071118386356,12.84383315686354,2099.3104573549763,7320.984899412218,2.492372746352733,0.0,0.19651757146748042,0.3390726046265987,0.5038493355462289,0.6628834755653769,0.8043874018466977,0.9225227932561757,1.0537552962591545,1.1554816799951801,1.26386278371461,1.3486071118386356,0.5410936681971622,5153.2553369711
stiff,10030,ppo-s2,1.396920320516811,13.009199606055523,2174.517256515474,7415.243775451648,2.4930836468338002,0.0,0.19992878392617877,0.34290099181241823,0.5010638799927669,0.6527003309433751,0.8017468791809569,0.926989014033872,1.0593383082503003,1.1797343702019791,1.295849375768118,1.396920320516811,0.5603182718280996,5218.11597560199
stiff,10030,ppo-s3,1.354252158819739,12.688686422598717,2108.097824747347,7232.551260881269,2.493274434145611,0.0,0.20014492466339007,0.3404522759368496,0.49439059079320435,0.650006287451523,0.7843945781893789,0.8981601464962149,1.0315211059109823,1.1428270842554884,1.255123894999639,1.354252158819739,0.543162092496974,5089.165576330487
stiff,10030,ppo-s4,1.4082275040699206,13.01915794977089,2192.118593827059,7420.920031369406,2.4935366844373106,0.0,0.1988174556040492,0.3420737238909744,0.5027395429273039,0.6567274234250353,0.8028772573358894,0.9245639593827146,1.0543494974077716,1.1745670881927401,1.2986260901805768,1.4082275040699206,0.5647510673730874,5221.161585881694
stiff,10031,max-exp-cap,1.5026206298671518,13.609946441056435,2339.0557368607983,7757.669471402167,2.49999999975,0.0,0.17961454434675697,0.3547480396761546,0.5016887761957798,0.6876541450991728,0.8400609179868606,0.9654198251855929,1.0984258258240465,1.2315299554144872,1.3813322446600016,1.5026206298671518,0.6010482520069655,5443.978576966972
stiff,10031,accept-greedy,1.4323297449868702,13.271855439773331,2229.6373685379963,7564.9576006707985,2.49999999975,0.0,0.1887098909419881,0.37770989511868336,0.5230844472453832,0.6924549515031349,0.8213083268651257,0.9514454943516782,1.067429816097239,1.1751989492346924,1.2962321062779463,1.4323297449868702,0.5729318980520413,5308.742176440207
stiff,10031,rolling-lp,0.9758781562797328,11.346145321435154,1519.1015979363053,6467.3028332180365,1.5223769446077295,0.0,0.1887098909419881,0.339867640694577,0.510197125946406,0.6701560504345007,0.8312105804166423,0.9215385465296271,0.9324534986542997,0.9568560905844831,0.9619506211482014,0.9758781562797328,0.6410226847800741,7452.914576526717
stiff,10031,peak-first,1.4428329414464574,12.674445209924498,2245.987178627018,7224.433769656963,2.49999999975,0.0,0.15455381929102696,0.3084740623392943,0.4491358926524316,0.6032289181314557,0.7504438278646768,0.888919642469169,1.0365561848636067,1.1820904749917402,1.325888660104832,1.4428329414464574,0.5771331766362963,5069.778084476777
stiff,10031,ppo-s0,1.4022110252475957,13.073715825715215,2182.753036729454,7452.0180206576715,2.4905456693783807,0.0,0.17674325009963404,0.3579645863297316,0.4997249460718423,0.6598203140546306,0.8052591014231292,0.9342239904558081,1.0673057236788532,1.1842372858237828,1.311127560547372,1.4022110252475957,0.5630135766984653,5249.3379207851685
stiff,10031,ppo-s1,1.3709602151684166,12.91118238255931,2134.106435488718,7359.373958058806,2.491610024296456,0.0,0.16879529912176347,0.34838398253705916,0.5036205905972401,0.6600347158490332,0.8055998349523856,0.9365291811262029,1.057678821212563,1.1637490149850418,1.2788538643444578,1.3709602151684166,0.5502306547974047,5181.863235682309
stiff,10031,ppo-s2,1.3960840904311163,12.758218520453745,2173.215538210533,7272.184556658634,2.493419352391754,0.0,0.1663157503052509,0.347861662272326,0.4894325774670371,0.6431687415579334,0.7807275512183885,0.9031347042177928,1.0336821774009868,1.1551825396586304,1.280351006315104,1.3960840904311163,0.5599074576412328,5116.7560355283695
stiff,10031,ppo-s3,1.4080138193596026,13.247436210205278,2191.7859613331257,7551.038639817008,2.4904451191485912,0.0,0.18738251434164135,0.36679647507199964,0.5151759413793469,0.6795433354205924,0.8254620837440233,0.9488294133726647,1.0768231699981383,1.191745422126329,1.3104444175524845,1.4080138193596026,0.5653663309155595,5319.304612797162
stiff,10031,ppo-s4,1.422819729056286,13.06577339528926,2214.833593800765,7447.490835314878,2.494665598445145,0.0,0.17750806419577445,0.35672851149737117,0.5057800063077299,0.655657815424642,0.7996032118510688,0.9279836023528756,1.0583706125260326,1.178179265168402,1.310884709932947,1.422819729056286,0.570344871049286,5237.484897147253
stiff,10032,max-exp-cap,1.4676614453948096,13.252113152350564,2284.6364913302505,7553.704496839821,2.49999999975,0.0,0.15841912878109385,0.3155287770011269,0.4859417725014874,0.6709720274418849,0.8102361279978701,0.937571007287877,1.0835125272421977,1.2278813109099695,1.355496957886042,1.4676614453948096,0.5870645782166303,5300.84526147031
stiff,10032,accept-greedy,1.39107733337047,12.835565104927335,2165.4217653892397,7316.27210980858,2.49999999975,0.0,0.17840885396771672,0.3411552737151345,0.5026746181635021,0.6629566758940357,0.8035899771282505,0.9117222627731574,1.0257585544309122,1.1462813787313444,1.2820036897016105,1.39107733337047,0.5564309334038311,5134.226042484356
stiff,10032,rolling-lp,1.020676857535903,11.390568563713408,1588.8375359996755,6492.624081316642,1.7019559419802757,0.0,0.17840885396771672,0.3190920086476332,0.473086115112047,0.649558241234519,0.8006399901051728,0.8870291567517934,0.9832237441864214,0.9849640881488995,1.0206768499552532,1.020676857535903,0.5997081548117607,6692.63421147092
stiff,10032,peak-first,1.4194878340881485,12.360049786911864,2209.646996541995,7045.228378539762,2.49999999975,0.0,0.14310926912058522,0.2856877089953039,0.4364515637731655,0.5857218603075892,0.718803636404493,0.8613446582311461,1.018440011123364,1.1709455929197865,1.300163160747589,1.4194878340881485,0.5677951336920389,4944.019915259148
stiff,10032,ppo-s0,1.360544885116557,12.512351688003298,2117.8934027212554,7132.040462161879,2.4903172945524985,0.0,0.1530831892940661,0.3116791225520915,0.47243079357461415,0.6286797857962835,0.756006516447922,0.8901325363534658,1.0315712595546755,1.163059495749125,1.2708071833899142,1.360544885116557,0.5463339503334422,5024.400591592777
stiff,10032,ppo-s1,1.3647876686067364,12.643432670859077,2124.4979354061556,7206.756622389674,2.4920362864767025,0.0,0.15925667864570459,0.3197741225734516,0.4770269424262003,0.6346921687204155,0.7672752560827514,0.9013131498224942,1.0445617413864638,1.174120437756455,1.279393654217448,1.3647876686067364,0.5476596292007867,5073.534739229119
stiff,10032,ppo-s2,1.3962635424785361,12.694345222360477,2173.494882399389,7235.776776745471,2.491818884205539,0.0,0.15600609156897785,0.3155730572865787,0.48048560224539044,0.6381541111989169,0.7599077400962577,0.8946805273055527,1.0381500283674108,1.1756108793335476,1.300076707757274,1.3962635424785361,0.5603390966048095,5094.409269800436
stiff,10032,ppo-s3,1.3734530664499762,12.516402883569315,2137.986934648235,7134.349643634509,2.491508674446926,0.0,0.1461938304473816,0.30356123305669447,0.47302248661423807,0.6370325263788903,0.7586017692346771,0.8919639034272167,1.0243090159695734,1.1618407241519446,1.2706187195703436,1.3734530664499762,0.551253576010471,5023.624044314335
stiff,10032,ppo-s4,1.395322737777257,12.515597416681258,2172.0303779263027,7133.890527508316,2.4944394714558986,0.0,0.15228806527797198,0.31025199359639544,0.46678285255709173,0.6165903351080281,0.7428644619951285,0.8782346202773931,1.0223547350318603,1.169704028731305,1.285686009154395,1.395322737777257,0.5593732595014087,5017.398722197269
stiff,10033,max-exp-cap,1.5223970964288458,14.088735386137333,2369.840791083071,8030.57917009828,2.49999999975,0.0,0.1633449384668922,0.36533828455684975,0.5550893188760732,0.7240550418390389,0.8705878255757273,1.0179588598182092,1.1469167419512991,1.279185932293743,1.4057971803503877,1.5223970964288458,0.6089588386324342,5635.494155018483
stiff,10033,accept-greedy,1.4201493334921769,12.961205025368294,2210.6767201762696,7387.886864459927,2.49999999975,0.0,0.14040172245050234,0.3294017266779129,0.5033633701410926,0.6708525891134294,0.7910857890611016,0.9333088362790523,1.0520494833904064,1.1789633606974137,1.3067640943769545,1.4201493334921769,0.5680597334536768,5184.482010665765
stiff,10033,rolling-lp,0.9968404750862283,11.269735174664829,1551.7326101077363,6423.749049558952,1.5599421331693535,0.0,0.14040172245050234,0.29667600320052434,0.49350077203844267,0.6529913780659008,0.8249117396033676,0.9120481911628749,0.9741204897082629,0.974120494705336,0.9741206906517433,0.9968404750862283,0.6390240085771229,7224.457199426988
stiff,10033,peak-first,1.4251275357694373,12.676930274484299,2218.4260431686666,7225.8502564560495,2.49999999975,0.0,0.14499177711424913,0.3085100856433557,0.46955727813793235,0.6083193441059059,0.752721549979924,0.9108084066462971,1.0491594885693576,1.1759491323197897,1.2985762432668233,1.4251275357694373,0.57005101436478,5070.772110300797
stiff,10033,ppo-s0,1.4135444600675284,13.391220046956084,2200.3952380988344,7632.995426764967,2.491675000250304,0.0,0.16216784434139897,0.37155698429107553,0.5437907888398474,0.6848377950213135,0.8258618341847259,0.9738621263846421,1.0974112946235077,1.214236833050952,1.315314058271025,1.4135444600675284,0.5673069160004933,5374.38471935981
stiff,10033,ppo-s1,1.3925652547165166,13.162020710424077,2167.7379394728973,7502.351804941723,2.491025554051199,0.0,0.15501750055092692,0.36329351537731064,0.5344326711139112,0.6725781384397023,0.8122530453982729,0.9601627735134586,1.0825661800344983,1.186576291498739,1.2958998947777236,1.3925652547165166,0.5590329061264598,5283.775868544763
stiff,10033,ppo-s2,1.4242330519869804,13.404268587327916,2217.033644194968,7640.433094776912,2.4934726310662034,0.0,0.1582302596414103,0.36879002253042587,0.5459801236345565,0.6860638387361074,0.8198786463545135,0.964734809026287,1.1036812249941865,1.2211247744855906,1.318249712637308,1.4242330519869804,0.5711845537193571,5375.743218643744
stiff,10033,ppo-s3,1.4303286347139488,13.548079608343887,2226.5223384559313,7722.405376756015,2.491133147819386,0.0,0.17089623902430956,0.38058372636666954,0.5590362521453197,0.695321662959351,0.8391810823884687,0.9794093020584632,1.107567497768215,1.2174073294278607,1.3236196271863463,1.4303286347139488,0.5741678785680273,5438.520867583173
stiff,10033,ppo-s4,1.4424063072764703,13.497374038556734,2245.323058167726,7693.503201977338,2.4942649314921157,0.0,0.16156358268399365,0.36980549954556374,0.5395097037219714,0.6817947645913415,0.8249298526062432,0.973430292376211,1.1088696128233662,1.229377025542988,1.3390912115169629,1.4424063072764703,0.5782891340310012,5411.363431422802
stiff,10034,max-exp-cap,1.5086972063969228,13.856825266463904,2348.5148451080286,7898.390401884424,2.49999999975,0.0,0.17424872336008465,0.3653220518771026,0.5185141743813816,0.6932816118599585,0.8550641603089818,0.983586291534171,1.1394882300003415,1.266249292960854,1.3972393037239348,1.5086972063969228,0.603478882619117,5542.730107139834
stiff,10034,accept-greedy,1.4186616855004208,13.228426368503687,2208.360971609811,7540.2030300471015,2.49999999975,0.0,0.18900000407079814,0.3780000075191556,0.5288934957607931,0.6994745513680964,0.8371334512040921,0.9366019981211147,1.0492360101800373,1.1638445560974862,1.2971588190125396,1.4186616855004208,0.5674646742569148,5291.370547930612
stiff,10034,rolling-lp,0.9623427794688295,11.04135341147154,1498.0317416127466,6293.5714445387775,1.5752503607452886,0.0,0.18900000407079814,0.3197302985873077,0.4840272945482209,0.6480943022704103,0.8086132958770675,0.8679398487634596,0.9310557338551522,0.9410520849733774,0.9411627736397139,0.9623427794688295,0.6109141781205637,7009.268930589302
stiff,10034,peak-first,1.427415621454037,12.495431587201653,2221.987793779974,7122.396004704941,2.49999999975,0.0,0.14408115313489683,0.2853716616518774,0.4348970532330835,0.5784999402211477,0.7422169727692969,0.8833853698599179,1.035581920798791,1.1800487356305407,1.3156267851250747,1.427415621454037,0.5709662486387115,4998.172635380478
stiff,10034,ppo-s0,1.4409670280115572,13.487010125588384,2243.0826028228275,7687.595771585378,2.492455363175547,0.0,0.1665947897197162,0.3690955845314851,0.5315969182923583,0.680877149456092,0.8324844010593637,0.9619917264736444,1.1108019048348918,1.2276318707121634,1.3420786521693022,1.4409670280115572,0.5781315281713504,5411.1340667722425
stiff,10034,ppo-s1,1.3921890105933898,13.173522984490857,2167.152258724765,7508.908101159788,2.490146951894025,0.0,0.15964197967341381,0.36147402354505537,0.5134564252666488,0.6676676914798855,0.816083777892544,0.9493357017546048,1.0900254102123066,1.2038408018573787,1.309019559202694,1.3921890105933898,0.5590790573763047,5290.25926541041
stiff,10034,ppo-s2,1.425839397654741,13.277612542532326,2219.534163604108,7568.239149243425,2.49350742514362,0.0,0.1536242853672366,0.3563185858762003,0.5188693361610287,0.6741155196142495,0.8215328886844459,0.957476044981372,1.0893348127400913,1.2125062689268769,1.3199848730556867,1.425839397654741,0.5718207947877341,5324.873873903772
stiff,10034,ppo-s3,1.431804400580794,13.621121143076158,2228.8195907021036,7764.039051553409,2.4888063367717934,0.0,0.17682390824710154,0.3776823626149689,0.5511465032117498,0.694605968122905,0.8468166843557241,0.9793338077614191,1.1188461505422616,1.230686245493309,1.3425275555276714,1.431804400580794,0.5752976354270994,5472.953416192271
stiff,10034,ppo-s4,1.47377982986396,13.605372659209845,2294.1606799434144,7755.06241574961,2.492147622804267,0.0,0.16782700544129828,0.3710895719475636,0.5341727150711331,0.6800131983682024,0.8381349671962172,0.969301892132795,1.1144574813038388,1.2309005464196594,1.3604794771047235,1.47377982986396,0.5913693941635778,5459.296445649765
stiff,10035,max-exp-cap,1.5258766911843828,13.859057874677568,2375.2573053469605,7899.662988566213,2.4999999997500004,0.0,0.18102782318820598,0.37673054939508765,0.5197127275412234,0.66756777606369,0.8183078886215998,0.9795889196456564,1.1409511844059135,1.2801936408894146,1.4131680836987104,1.5258766911843828,0.6103506765347881,5543.623150425388
stiff,10035,accept-greedy,1.4080672491273316,13.36541877733964,2191.869132828473,7618.288703083595,2.49999999975,0.0,0.18761702744562578,0.37089449404320296,0.5444639156899883,0.6804643784676679,0.8076437198459625,0.9477870023858366,1.0793626868700401,1.2109828971133458,1.3487257886719661,1.4080672491273316,0.5632268997072554,5346.167511470473
stiff,10035,rolling-lp,1.0114910152956107,11.372570506761683,1574.538386525098,6482.365188854159,1.6052235276764042,0.0,0.18761702744562578,0.3527845188263658,0.494626222766291,0.6539633437244485,0.7966073294393148,0.9136073308297965,0.9256386852336647,0.9716831532188454,0.9977752407117084,1.0114910152956107,0.6301247133847869,7084.727024418665
stiff,10035,peak-first,1.4213802466093732,12.361737269280226,2212.5928221724266,7046.190243489728,2.49999999975,0.0,0.14318522518834892,0.2947864870976602,0.42522480742789565,0.5677390635588095,0.7194424176627807,0.8728196193803424,1.0244210355732446,1.1652694528616239,1.3069709871223065,1.4213802466093732,0.5685520987006045,4944.694908206559
stiff,10035,ppo-s0,1.425907876640396,13.274486099885527,2219.640761477894,7566.45707693475,2.4910791586279952,0.0,0.17690061839345939,0.3742370569092783,0.5203933627555254,0.6584285430281394,0.8011499888607166,0.946685608588464,1.089298221214888,1.2086219300666043,1.3259703648451848,1.425907876640396,0.5724056867890699,5328.809425388425
stiff,10035,ppo-s1,1.395099615821739,13.157931393470419,2171.683054936254,7500.020894278138,2.491564631633597,0.0,0.1735701393665613,0.37094646668089515,0.5288566117813794,0.661484306119317,0.8097977262687517,0.9483272105663265,1.0832810204055194,1.189786689766881,1.2915684818091147,1.395099615821739,0.5599291297159892,5280.991400509409
stiff,10035,ppo-s2,1.407545441185825,13.11399347166222,2191.056860033291,7474.9762788474645,2.4925750674188567,0.0,0.17201637169522913,0.36954810153271184,0.5236174940809967,0.6523874237714553,0.7937008101040124,0.9383562061067231,1.0735236634123604,1.1870993591945467,1.30669746568661,1.407545441185825,0.5646953063056129,5261.223079328234
stiff,10035,ppo-s3,1.39577027636683,13.016360679312607,2172.727039268893,7419.325587208185,2.489744932886135,0.0,0.1812803894171977,0.3781376194524515,0.5057590338211824,0.6409175061914142,0.7775431384271129,0.9256348051933705,1.06959180370331,1.18650146086321,1.3006365290151387,1.39577027636683,0.5606077385400441,5227.989625517151
stiff,10035,ppo-s4,1.4177300082525226,13.094177969600432,2206.9106753951287,7463.681442672246,2.493519297302974,0.0,0.17790844114006832,0.37682052313767217,0.516746196057586,0.6484928226857877,0.781397672365207,0.9300215390871098,1.0675494087633008,1.1896411446109594,1.3054550070564293,1.4177300082525226,0.5685658858890563,5251.283991972023
stiff,10036,max-exp-cap,1.4832541781923352,13.606795592652391,2308.9089326760172,7755.873487811863,2.4999999997500004,0.0,0.16726514536275452,0.32733851706515016,0.5252944216056258,0.7037764586645338,0.8358513597435189,0.9694720088883666,1.1178254233847302,1.2458682827046592,1.365124988509488,1.4832541781923352,0.5933016713362641,5442.718237605228
stiff,10036,accept-greedy,1.4054472410947607,13.077843826686685,2187.790694999659,7454.37098121141,2.4999999997500004,0.0,0.14700798334756135,0.320835839245868,0.4978278632530452,0.663948094027569,0.8109415882050519,0.9477283420656297,1.0841827847893057,1.2129745809534875,1.3103753143833543,1.4054472410947607,0.5621788964941221,5231.137531197787
stiff,10036,rolling-lp,1.015771745527932,11.245666603918952,1581.2019890398258,6410.029964233801,1.6980449486883087,0.0,0.14700798334756135,0.30098023397499984,0.48820563870441813,0.6339381095443393,0.7755884482632291,0.8833896762567296,0.9478448892127023,1.0157717303546572,1.0157717361407783,1.015771745527932,0.5982007403941731,6622.71432367318
stiff,10036,peak-first,1.4241296020437684,12.480601230186847,2216.872608749069,7113.942701206502,2.49999999975,0.0,0.1439336596900464,0.28463819857208544,0.4432311517047746,0.596572875709126,0.7448923433014509,0.8787232509440526,1.021850076347702,1.1775708347322047,1.302056128320194,1.4241296020437684,0.5696518408744725,4992.240492573963
stiff,10036,ppo-s0,1.3812838353024373,12.850389143642676,2150.176707931196,7324.721811876325,2.492214780546483,0.0,0.16642841837141079,0.32494064438283343,0.49973247393107334,0.6503994865288865,0.7880222992225306,0.9208115868208302,1.0583153783728436,1.182662289645939,1.2825552389047126,1.3812838353024373,0.5542394845277159,5156.212555975972
stiff,10036,ppo-s1,1.362360188200995,12.759656523234694,2120.719195878489,7273.0042182437755,2.492943393863042,0.0,0.16140022872159476,0.31798623764943423,0.4982079103096516,0.6480733747712002,0.7898567568907762,0.9201391879727692,1.0558666245112922,1.1750768400731009,1.267897231630828,1.362360188200995,0.546486611591246,5118.309767741035
stiff,10036,ppo-s2,1.3939810709446485,12.767707814288354,2169.9418710607697,7277.59345414436,2.49279460639235,0.0,0.16513745264798171,0.32426918169341723,0.498602393271133,0.6494786096107399,0.7785914670262155,0.9023440375253242,1.0392347685690004,1.1702981435163178,1.2800996439357428,1.3939810709446485,0.5592041427601054,5121.845089662713
stiff,10036,ppo-s3,1.3907886028531795,12.835751430201485,2164.972312773289,7316.378315214846,2.4913526523664227,0.0,0.1708619191586677,0.3291253129987186,0.5115894295024221,0.6594310426516186,0.7777228363128585,0.9087958487236956,1.0476721309842436,1.1719025126895688,1.2778586782514012,1.3907886028531795,0.5582463813511639,5152.1214461587315
stiff,10036,ppo-s4,1.4338049140140483,13.02981012846528,2231.933691713172,7426.991773225209,2.4945638827790035,0.0,0.1657876188764422,0.3226855934991599,0.5032954161997255,0.6570790555809001,0.788310347529219,0.9210698664927045,1.0620496373730237,1.1969431884963313,1.3193869150656778,1.4338049140140483,0.5747717763061475,5223.281800243882
stiff,10037,max-exp-cap,1.4889382054560514,13.471991774617827,2317.7569787599077,7679.03531153216,2.4999999997500004,0.0,0.18503783471269808,0.3586872770100319,0.5207885039130047,0.6785803234840235,0.8193644988353377,0.9374073294417076,1.079603166781635,1.2209685481621362,1.3650964767313807,1.4889382054560514,0.595575282241978,5388.796710386009
stiff,10037,accept-greedy,1.4085959829484629,13.00966304644733,2192.6921868003187,7415.507936474977,2.49999999975,0.0,0.18900000421944996,0.35291968407576224,0.5160410543160772,0.6677788397046795,0.8062982607451881,0.90155403736097,1.0359849259784615,1.1779470712508822,1.3013501103584657,1.4085959829484629,0.563438393235729,5203.865219099318
stiff,10037,rolling-lp,1.0029442691989359,11.608758848773606,1561.2340866295965,6616.992543800955,1.6004502926059136,0.0,0.18900000421944996,0.3645000074373604,0.5535000104702698,0.6976583033048513,0.8290150234965663,0.8911836493793651,0.9300673753242957,0.9992424229058181,1.0004113260683967,1.0029442691989359,0.6266638044508737,7253.432925974718
stiff,10037,peak-first,1.448511866625973,12.723258831013807,2254.82728254701,7252.257533677869,2.49999999975,0.0,0.15185892075784552,0.3026157684270441,0.44463049516608627,0.6036970561364126,0.7563809688594939,0.8989485381348397,1.0500119939276522,1.1910725105952995,1.3257544099554301,1.448511866625973,0.5794047467083298,5089.303532914453
stiff,10037,ppo-s0,1.4007240798810443,13.061934423464287,2180.438381905143,7445.3026213746425,2.489558316759154,0.0,0.18526223406692754,0.3460103158242038,0.5053347491497376,0.6591503745120277,0.8036065036484638,0.9307448965520565,1.065645415108753,1.188585517377684,1.3059852682696618,1.4007240798810443,0.5626395937189663,5246.6874688310145
stiff,10037,ppo-s1,1.400110813688181,13.152265530380273,2179.48374054183,7496.791352316755,2.490459834148671,0.0,0.18494836811240026,0.34578069406426554,0.5051361329861307,0.6617254166037827,0.8108798192375074,0.9491955782221542,1.0829220689781758,1.1958788877074877,1.3125007113483167,1.400110813688181,0.5621896785847138,5281.059083964786
stiff,10037,ppo-s2,1.4395705495134852,13.146344840541415,2240.908773329613,7493.416559108606,2.49103305814057,0.0,0.18183913158865447,0.3431591861784264,0.4980848578843726,0.65699186718039,0.8046533114180515,0.9358339611445586,1.068277138436566,1.1994644164587394,1.317400591580856,1.4395705495134852,0.5779010217504106,5277.467032233805
stiff,10037,ppo-s3,1.3796474417674682,12.80361771412139,2147.629414482902,7298.062097049192,2.4912029856954754,0.0,0.18456131274730958,0.34352256387040797,0.491277418750071,0.6439622583193982,0.7801381700630404,0.9117066492655332,1.044140173777489,1.1665221331524562,1.2796273390021697,1.3796474417674682,0.5538077184755414,5139.532100611614
stiff,10037,ppo-s4,1.45928497664805,13.272779248203246,2271.5972538225933,7565.4841714758495,2.493792758227055,0.0,0.1861179588253811,0.3465588773942973,0.5049811621391539,0.6637261261593028,0.8055169281574459,0.9344683304249974,1.0740756915679848,1.207979437329921,1.3437875929446963,1.45928497664805,0.5851668996286279,5322.326486199053
stiff,10038,max-exp-cap,1.5258653674374367,13.760738802931042,2375.2396782262285,7843.621117670694,2.49999999975,0.0,0.1395426497308967,0.3118790846674979,0.5041491222693959,0.6950166977917418,0.849912837925241,0.9790588718479402,1.1445189732557512,1.277894889076722,1.412126147134157,1.5258653674374367,0.6103461470360093,5504.295521722846
stiff,10038,accept-greedy,1.4300489607478004,13.06756046925771,2226.0869837283526,7448.509467476894,2.49999999975,0.0,0.11647947806728973,0.3054794822476317,0.4764992306419625,0.6630497902472664,0.8389770695592759,0.9561291706357123,1.080445831910947,1.199031194219224,1.3285233449290477,1.4300489607478004,0.5720195843563222,5227.024188225787
stiff,10038,rolling-lp,1.0056947734133863,11.096434230728288,1565.5156614557313,6324.967511515123,1.6813783455927582,0.0,0.11647947806728973,0.2846907908828223,0.4688695273337055,0.6391093614781758,0.7804870902343518,0.8958011004908649,0.9258809533384736,1.0056947589547869,1.0056947644692507,1.0056947734133863,0.5981371034363093,6599.605769762853
stiff,10038,peak-first,1.4547974458693527,12.823754948488821,2264.611735053841,7309.540320638627,2.49999999975,0.0,0.13857752011660454,0.2895849789707365,0.44753490705231813,0.6072387658611667,0.7588849163988798,0.9092191043570116,1.0703082456595614,1.2204277966677355,1.3414680357528586,1.4547974458693527,0.581918978405933,5129.5019799084785
stiff,10038,ppo-s0,1.4127381618970365,12.763269792414684,2199.1401133362547,7275.06378167637,2.4914889709745465,0.0,0.13360190646079476,0.29806119868368414,0.4651832531224499,0.6272501555304972,0.777954619275581,0.9137732766759971,1.0663691110474898,1.1967602400904043,1.3074938394080524,1.4127381618970365,0.5670256534767817,5122.74785925395
stiff,10038,ppo-s1,1.3540732270587346,12.431320692174724,2107.8192904628013,7085.852794539592,2.492528072117008,0.0,0.1201675988748079,0.2821361724468061,0.46197016267245017,0.6263111303711064,0.7701869477681523,0.9080908457211897,1.0447349640586587,1.162004602979041,1.2562644153112454,1.3540732270587346,0.5432529495680519,4987.4345774634685
stiff,10038,ppo-s2,1.4019101626287838,12.483824143285355,2182.284698666904,7115.779761672652,2.49263428848818,0.0,0.12114533130960713,0.2859703789772074,0.4472701761633217,0.6090910388803572,0.7585956857054281,0.89119473154341,1.0426141546902876,1.1738447242940322,1.2880321520133553,1.4019101626287838,0.5624211177320614,5008.285491754582
stiff,10038,ppo-s3,1.41523885111367,13.098371416809918,2203.0328134243596,7466.071707581653,2.4910512643711837,0.0,0.15137873709411295,0.31538722076020387,0.509112243987448,0.6807085033327173,0.8139590837847421,0.9393434775947803,1.074334221858721,1.20427195986663,1.31072235437423,1.41523885111367,0.5681291554916751,5258.170156572968
stiff,10038,ppo-s4,1.4378456650491915,12.93434327758592,2238.223730397662,7372.5756682239735,2.4943687554896137,0.0,0.13406042784795152,0.2939640542992909,0.47835512697295346,0.6413530331101445,0.7914138163210265,0.9268105485635152,1.0709868372477547,1.2104583860908953,1.323836294499524,1.4378456650491915,0.5764366883945193,5185.417452459658
stiff,10039,max-exp-cap,1.493446300549764,13.467199545394994,2324.7745089878767,7676.303740875146,2.49999999975,0.0,0.1624905387794937,0.35012987370946824,0.5091954281176614,0.6697281204190559,0.8111868666570149,0.9450047764145559,1.1044168200985882,1.2375685540837198,1.368226334649302,1.493446300549764,0.5973785202796434,5386.879818696686
stiff,10039,accept-greedy,1.359916676465755,12.227786456488152,2116.915501167532,6969.838280198246,2.49999999975,0.0,0.08577267211482285,0.2747726759542101,0.433486891015604,0.6039205683261517,0.762737369153569,0.8894408715261125,1.0493439794381358,1.148882669355759,1.2469143242002336,1.359916676465755,0.5439666706406987,4891.1145830843725
stiff,10039,rolling-lp,1.0180175803225915,10.737173410426445,1584.6979697658153,6120.188843943073,1.7963000629749026,0.0,0.08577267211482285,0.2520269369918926,0.3972740597593078,0.5672635770389988,0.729070592686797,0.8561501118527926,0.9648866929693152,1.0135550866526035,1.013594413314741,1.0180175803225915,0.5667302480837328,5977.3829727781185
stiff,10039,peak-first,1.395614936311298,12.285860319806696,2172.4852290336053,7002.940382289816,2.49999999975,0.0,0.14387275426799476,0.2938475707675682,0.4389742855697366,0.5885203625143491,0.7267890769131238,0.873237596659274,1.006177094462631,1.1490900420362529,1.2763719065250154,1.395614936311298,0.5582459745803438,4914.344128414113
stiff,10039,ppo-s0,1.398008520912472,13.025303543929438,2176.211204627014,7424.423020039779,2.4902789719428973,0.0,0.15946702490738032,0.35130771435915525,0.5103712151751656,0.663348034523449,0.7961647693363514,0.9320401903660298,1.0650099963101554,1.1930522778342787,1.2987477578710669,1.398008520912472,0.5613863091899924,5230.459595363001
stiff,10039,ppo-s1,1.3906260372290715,12.866019624728276,2164.7192548502658,7333.631186095117,2.4913561687367305,0.0,0.15105961228766035,0.3404620871896896,0.5019621938866841,0.6548353461877292,0.7859388217389488,0.9246052660549611,1.0508380030102713,1.1766443977188292,1.2882209822355715,1.3906260372290715,0.5581803415664183,5164.26345866562
stiff,10039,ppo-s2,1.4068148961767526,12.975978133645237,2189.9196564966555,7396.307536177784,2.4911536519464015,0.0,0.1615401507568459,0.3539580867745664,0.5101577015812988,0.658239182127927,0.7877001920676799,0.925222637354034,1.0539887946092135,1.1805123282966554,1.2976966515844048,1.4068148961767526,0.5647242574048262,5208.822877507686
stiff,10039,ppo-s3,1.4028790322182123,13.021585983780675,2183.7928903730326,7422.304010754984,2.4902164041766763,0.0,0.16880489123169296,0.36087644380905937,0.5114783675832718,0.6686823821080452,0.7870965270913397,0.9253090719552372,1.0580012100109075,1.1848041353902556,1.2971972617183316,1.4028790322182123,0.5633562729187935,5229.098146627106
stiff,10039,ppo-s4,1.4282920184167425,13.051038219345926,2223.352037889656,7439.091785027177,2.4952390297284324,0.0,0.1589622213172225,0.34864137043511223,0.5066340445906878,0.6520648660087712,0.7844297971490444,0.9293599927676313,1.0625623657390237,1.1966077021587989,1.316495201993899,1.4282920184167425,0.5724068922455856,5230.37595350788
stiff,10040,max-exp-cap,1.5197638664964275,13.842038983449772,2365.741771372127,7889.96222056637,2.49999999975,0.0,0.18278121926019936,0.36633575897795434,0.5469993222717857,0.6860628256801666,0.8263988796901993,1.006387790351174,1.1114771004476107,1.2532981899858266,1.3926873140786635,1.5197638664964275,0.6079055466593616,5536.815593933591
stiff,10040,accept-greedy,1.4122540510812414,12.88424581709348,2198.3865218052624,7344.020115743283,2.49999999975,0.0,0.17648255408533653,0.35889571155221983,0.5131415536365028,0.6413754251128413,0.7876499029348707,0.9276386261002221,1.0205014589652086,1.15118952430461,1.287772533204433,1.4122540510812414,0.5649016204889867,5153.698327352762
stiff,10040,rolling-lp,0.9619991080406036,11.367812652299012,1497.4967651790357,6479.653211810436,1.5174808530028308,0.0,0.17648255408533653,0.33849570559791187,0.5470279673227444,0.6739582152193039,0.8133711760022584,0.9461239192420966,0.9483836689853862,0.9484103892341463,0.9484846952233826,0.9619991080406036,0.633944808026391,7491.239596074038
stiff,10040,peak-first,1.4130815686506408,12.452239710405124,2199.674677763981,7097.7766349309195,2.49999999975,0.0,0.15004727834615617,0.3030940997402898,0.4491892974983689,0.5883892430192302,0.7200599344743339,0.881065638323917,1.0238264008249436,1.1691655395100464,1.3014595445702906,1.4130815686506408,0.5652326275167796,4980.895884660139
stiff,10040,ppo-s0,1.399388558112936,13.06747028887589,2178.3594407597175,7448.458064659258,2.4914860876922176,0.0,0.1761968742258642,0.3576097640323759,0.5089830466959899,0.6512769356762812,0.7820651270992204,0.9400923486856343,1.0715424081072953,1.195850598862871,1.3115999593976573,1.399388558112936,0.5616682208364824,5244.849792029087
stiff,10040,ppo-s1,1.3622122075714125,12.925685921283977,2120.4888417001357,7367.640975131866,2.492536066876359,0.0,0.18041942223743895,0.3611764744758485,0.5171063258304671,0.6455402637130346,0.7782345376529533,0.9385930674641734,1.0642445822186688,1.1769911433584326,1.2790046382470952,1.3622122075714125,0.5465165482153018,5185.7568253696
stiff,10040,ppo-s2,1.420921407048099,13.219542242415162,2211.8785691622097,7535.139078176641,2.492832401354246,0.0,0.1808693029577996,0.3625164089852055,0.5154815713001691,0.652686530002324,0.7886060973860124,0.9518717613263992,1.0828076988320627,1.2102260575024064,1.3263105382622231,1.420921407048099,0.5700027832902745,5303.020867040065
stiff,10040,ppo-s3,1.4011523128742132,12.947427880805913,2181.10499117396,7380.03389205937,2.4906372940818238,0.0,0.16950301829047193,0.34994180724171164,0.5164664637625022,0.6432396964353223,0.7713159446725495,0.9311060496957746,1.0563703492485694,1.181038836960713,1.297355322718481,1.4011523128742132,0.5625677878523655,5198.439737319921
stiff,10040,ppo-s4,1.4503936491179517,13.209166758681807,2257.7565609329827,7529.22505244863,2.4941880649277994,0.0,0.1757630936365231,0.3576828568422294,0.5132296238693149,0.6527476512605723,0.7818059437946181,0.940975868863984,1.0723540304902177,1.2038327169155143,1.336846678272276,1.4503936491179517,0.5815093374524415,5295.978657112281
stiff,10041,max-exp-cap,1.5511616616584547,13.867965547229554,2414.6171770725086,7904.740361920845,2.49999999975,0.0,0.16329922301069172,0.3422257481848391,0.5179258485014593,0.6963196951517759,0.8386670031404979,0.9866706518753674,1.1271323210101687,1.2809459073229086,1.4044995563706746,1.5511616616584547,0.6204646647254284,5547.18621944654
stiff,10041,accept-greedy,1.4287834674651134,12.738944446258971,2224.117052486899,7261.198334367613,2.49999999975,0.0,0.16754923087655543,0.30902077080920903,0.4673304258170218,0.6294588663124245,0.7711229931415909,0.916109406714094,1.0360932222791583,1.1693610327106372,1.28872962696487,1.4287834674651134,0.5715133870431968,5095.577779013146
stiff,10041,rolling-lp,1.0032572863661546,11.443741523804023,1561.7213450807092,6522.932668568293,1.6302663680690006,0.0,0.16754923087655543,0.34304923454579483,0.5030316200719419,0.6718916067472485,0.8152636093320992,0.9085786251800825,0.93237871341462,1.0032572686388583,1.0032572751971416,1.0032572863661546,0.6153947023727672,7019.553214091496
stiff,10041,peak-first,1.4395811830289231,12.586292024835998,2240.9253260008554,7174.186454156518,2.49999999975,0.0,0.14391166717952175,0.3007969392508065,0.45250004996946863,0.6015608725461403,0.7429353424803058,0.8849258342121324,1.0342270376736802,1.1802631674137722,1.3047923012753462,1.4395811830289231,0.5758324732691525,5034.516810437851
stiff,10041,ppo-s0,1.4159284792501847,12.959215328879337,2204.1063236750197,7386.752737461221,2.490538598155376,0.0,0.16421423781144512,0.33820663505802806,0.49602408537751563,0.6448938782851634,0.7824576127693152,0.9214543662871786,1.0619207918998348,1.1967315428432141,1.303230485525632,1.4159284792501847,0.5685230015302296,5203.378634034267
stiff,10041,ppo-s1,1.375020092579778,12.767397612954195,2140.4262472637206,7277.4166393838905,2.492366474383706,0.0,0.1611791561801384,0.3401492892684018,0.49488529661831093,0.6461341365700273,0.78438191791559,0.9208881919391809,1.0470254355141966,1.1610873837875912,1.2710865935416695,1.375020092579778,0.5516925808110875,5122.600445871919
stiff,10041,ppo-s2,1.437148771806483,13.00065264413787,2237.138910912999,7410.372007158585,2.491821426445463,0.0,0.16098574423697715,0.3358176401771466,0.4888755619558476,0.6432970990313112,0.7845784898003747,0.926730742461688,1.0641840799763336,1.1994756172603798,1.3105878985697326,1.437148771806483,0.5767462935161245,5217.329181843926
stiff,10041,ppo-s3,1.4264967289907116,13.02107190540781,2220.5573990115417,7422.010986082451,2.4902008126699866,0.0,0.16881530052594534,0.341444954173608,0.5036001969740147,0.6500712678508815,0.7911517791686635,0.9266149882194732,1.0585845520009354,1.1935501469736003,1.3044691618248667,1.4264967289907116,0.5728440540749907,5228.924446236387
stiff,10041,ppo-s4,1.4676744327451325,13.301026447041632,2284.656708100655,7581.58507481373,2.493621926712382,0.0,0.16456496294593134,0.34335049293415953,0.5091697751370141,0.6622738279991252,0.8003661160111891,0.9478980833740381,1.0850990935869342,1.2229321282190546,1.3413143047232432,1.4676744327451325,0.5885713535893271,5334.01888416094
stiff,10042,max-exp-cap,1.516846493686531,13.992280762926873,2361.200440398817,7975.600034868317,2.49999999975,0.0,0.1721350613726042,0.37232137288680356,0.5584504445369097,0.7331659179207523,0.8705318817164599,0.9953225765670628,1.1163423951427391,1.263570749281682,1.3900214142349827,1.516846493686531,0.6067385975352863,5596.9123057304405
stiff,10042,accept-greedy,1.4521246662126874,13.255563814789417,2260.4511502295527,7555.671374429967,2.49999999975,0.0,0.15692936901433227,0.345929373152339,0.5080665409986441,0.6763695942962364,0.8072104206103323,0.9488657574237744,1.0761232266468084,1.2054870594994775,1.3383317966992587,1.4521246662126874,0.58084986654316,5302.225526445989
stiff,10042,rolling-lp,1.000683650035083,11.362468641235733,1557.715091802183,6476.607125504367,1.5947181518155296,0.0,0.15692936901433227,0.3257537691046803,0.5076160113145871,0.670670320013497,0.8268938561917618,0.9245417414322747,0.9516660575326452,0.9654274069471388,0.9691221990156298,1.000683650035083,0.6274987519868891,7125.063841720224
stiff,10042,peak-first,1.4419448942353936,12.827138628827974,2244.6047991478904,7311.469018431944,2.49999999975,0.0,0.14770766471172653,0.3070021711283764,0.45682017366374755,0.6141111761008764,0.7718113023007429,0.9124284967618597,1.048678653280155,1.2028909789772997,1.336819898033303,1.4419448942353936,0.5767779577518353,5130.855452044275
stiff,10042,ppo-s0,1.4126573922291006,13.296285299500642,2199.01438316099,7578.882620715365,2.4912110697472483,0.0,0.16423520340862016,0.37202860920919384,0.5246167916796041,0.6844206514786205,0.8292180664754305,0.960418310285259,1.0783329887572797,1.2067541003328373,1.308915367888035,1.4126573922291006,0.5670564848495254,5337.277704393649
stiff,10042,ppo-s1,1.389238896210136,13.151584462700693,2162.5599605522348,7496.403143739395,2.491814289860617,0.0,0.1656037302049547,0.3731705562045912,0.5305901795019972,0.6807643968740676,0.8200761055087229,0.9517065875470833,1.067420016547863,1.1893035402003092,1.2807669610030512,1.389238896210136,0.5575210407384914,5277.915178597176
stiff,10042,ppo-s2,1.4376143542032358,13.35821040978601,2237.8636601640474,7614.179933578025,2.4914581605169532,0.0,0.16702904148905878,0.3736384918177084,0.5263849929038364,0.694959903083426,0.8351549760217569,0.9559452056436788,1.0721811990241785,1.1993182847089405,1.3191520208576513,1.4376143542032358,0.5770172571972652,5361.60334597564
stiff,10042,ppo-s3,1.4060204566453374,13.100597396911562,2188.6829914951177,7467.340516239589,2.4906597227464067,0.0,0.16232209623550975,0.3675059495084364,0.5294428786132415,0.6665428858125699,0.8099535169491182,0.9311139235908914,1.0590834026813307,1.1885931623027797,1.295308361727224,1.4060204566453374,0.5645172818288254,5259.890492975798
stiff,10042,ppo-s4,1.4572387005463012,13.465953895096357,2268.4119163130053,7675.593720204923,2.493731897667393,0.0,0.16499786829269636,0.37367089938347925,0.5298615890710151,0.6922090316127133,0.8326511197939053,0.9571589396837835,1.0784307550641823,1.2188821413253592,1.345492356975798,1.4572387005463012,0.5843606130672607,5399.920459650153
stiff,10043,max-exp-cap,1.4603510252895135,13.274122868141674,2273.2567193863056,7566.250034840754,2.49999999975,0.0,0.1617141103907957,0.3241068606180716,0.5016776678734831,0.6658658163519502,0.8150960256880909,0.9692019506159568,1.0873382142337702,1.2063028731747696,1.335705685250951,1.4603510252895135,0.5841404101742195,5309.649147787634
stiff,10043,accept-greedy,1.4235991640313634,13.027542350119344,2216.046901946365,7425.699139568025,2.49999999975,0.0,0.17581773698933345,0.3551002629219723,0.4851586110462077,0.6449623836318567,0.8073926898449955,0.9564333880712069,1.046868570989594,1.169729952188573,1.303892961720233,1.4235991640313634,0.5694396656694893,5211.016940568839
stiff,10043,rolling-lp,1.0233675604415151,11.43130005326044,1593.0260210653412,6515.841030358451,1.6535441114877947,0.0,0.17581773698933345,0.34814484760344167,0.5371448509744448,0.6873727874012937,0.8350618894336762,0.8857034703322999,0.9232471704049816,0.9582941450236425,0.9693675513853539,1.0233675604415151,0.6188934140503387,6913.211431036455
stiff,10043,peak-first,1.4119251736568752,12.233578530787469,2197.8745744707876,6973.139762548856,2.49999999975,0.0,0.14592517075421577,0.28464853867256856,0.4305618954308196,0.5695397196697285,0.7116982495286034,0.8578596986594069,1.0094677906468021,1.1538846935790452,1.2833986232767947,1.4119251736568752,0.564770069519227,4893.431412804331
stiff,10043,ppo-s0,1.393463773019793,12.744409655446741,2169.1366187870094,7264.313503604642,2.490369344279282,0.0,0.167327069330289,0.3197924653314938,0.47788693510937136,0.6271157930633983,0.7713738701092064,0.9165810938835761,1.0495128710966357,1.1762383613958793,1.2877776873593456,1.393463773019793,0.5595410079315221,5117.477728643901
stiff,10043,ppo-s1,1.354420662039229,12.485047708255902,2108.360125433491,7116.477193705863,2.492029709836223,0.0,0.17773467103722357,0.3239744243151663,0.47178832606705,0.6134838872956007,0.7529267206083647,0.8941902808692352,1.0329346796946215,1.1475805020620293,1.2514204062259124,1.354420662039229,0.5435010091144707,5009.991517748166
stiff,10043,ppo-s2,1.3874540744814268,12.811927539582602,2159.781616224445,7302.7986975620815,2.493097147806626,0.0,0.17843716895041847,0.33215347406530005,0.48464698100661063,0.6317626580918037,0.7825640999224105,0.9292147208139732,1.0493128226522315,1.1705293790506028,1.2843683534334962,1.3874540744814268,0.5565182550957067,5138.960409486755
stiff,10043,ppo-s3,1.3908404619434798,12.75989539897007,2165.053039272223,7273.1403774129385,2.4899115575679382,0.0,0.1515791550447573,0.31078571630979535,0.49066461739940953,0.6423128498583133,0.7860074246875065,0.9268048866696108,1.0493949633212996,1.1686312875327747,1.2799966728834007,1.3908404619434798,0.5585903072404732,5124.638005790658
stiff,10043,ppo-s4,1.4378968004911594,12.871992125549223,2238.3033304287774,7337.035511563056,2.4939943152442408,0.0,0.1656136430335427,0.31515058675256113,0.47577482326195525,0.6244502339640533,0.774401794376179,0.9214801693849126,1.054281365343409,1.1873288456436963,1.3126512484757724,1.4378968004911594,0.5765437361673954,5161.195455366806
stiff,10044,max-exp-cap,1.512154877534464,13.3242047170196,2353.89723195251,7594.796688701171,2.49999999975,0.0,0.13582141981295168,0.30732702496910397,0.4971433067958302,0.6493327376503415,0.8004768909137466,0.9512559652686252,1.090104190633541,1.2357669097540154,1.3801497262034141,1.512154877534464,0.6048619510742718,5329.681887340807
stiff,10044,accept-greedy,1.338915837011453,11.685867489457832,2084.224525795511,6660.944468990964,2.49999999975,0.0,0.07883149165107488,0.20850527948607542,0.3905423876081537,0.5703007376859046,0.7265437358373664,0.8668912317219054,0.9950188899459291,1.1063828391043138,1.2251249225525824,1.338915837011453,0.5355663348581378,4674.346996250568
stiff,10044,rolling-lp,1.0187215325253645,10.917184798502953,1585.7937775869268,6222.795335146682,1.7433942712813801,0.0,0.07883149165107488,0.2506680138669985,0.43489742458806235,0.6131077663306328,0.769308360731978,0.8872877037859112,0.9444377894573496,1.0079959072957432,1.0079959129979783,1.0187215325253645,0.5843322702767704,6262.0286061161105
stiff,10044,peak-first,1.4053006754669775,12.08611970903954,2187.5625434851127,6889.088234152538,2.4999999997500004,0.0,0.12843280168299365,0.27112465944773007,0.42643868142396174,0.5660607474723623,0.7050134231086271,0.8544054998106346,0.9992730230349619,1.1393560239403742,1.268775763779614,1.4053006754669775,0.5621202702430029,4834.44788409926
stiff,10044,ppo-s0,1.3847805836683733,12.529795483594015,2155.6199243779342,7141.983425648587,2.490338542718225,0.0,0.12849371854491187,0.29250501566689613,0.47213438074903863,0.6141252212004358,0.7531213848916116,0.9044917233278447,1.0455612895833029,1.1743340334286008,1.2796533947633215,1.3847805836683733,0.5560611779942473,5031.362310249449
stiff,10044,ppo-s1,1.345382107616571,12.29401346545238,2094.2902516709323,7007.587675307856,2.493271715263707,0.0,0.13010120821247317,0.29579511323988217,0.4756509881807105,0.6134143658241998,0.7518450953123506,0.889225562797433,1.0225500477685738,1.1395801092509736,1.2341886477116473,1.345382107616571,0.5396050897221498,4930.87592105944
stiff,10044,ppo-s2,1.3840100628320204,12.2440247276485,2154.4204924342894,6979.094094759644,2.493017592318449,0.0,0.13731813952294458,0.29778806719046735,0.45931265278651384,0.592805726341422,0.7211155374164591,0.8707645162160219,1.0093751459361002,1.1392015352520535,1.2539288573729106,1.3840100628320204,0.5551545512941699,4911.327046136821
stiff,10044,ppo-s3,1.3881150338231971,12.49531010599655,2160.8104991703262,7122.326760418033,2.4905242299493398,0.0,0.12435737850589536,0.2865696693428702,0.4718346749727755,0.6201859851126177,0.7552396131812411,0.9017620555189565,1.0358472846151519,1.1661883066284664,1.2769471720683794,1.3881150338231971,0.5573585742032444,5017.140550465843
stiff,10044,ppo-s4,1.395863910700387,12.418910009619612,2172.8727952373124,7078.778705483179,2.4947842040007346,0.0,0.1269852431598762,0.2975238810127982,0.476603488647063,0.6072235869698213,0.7370280705504488,0.8848506660707499,1.0252504015509996,1.1560560919539105,1.270582044617163,1.395863910700387,0.5595128863097355,4977.949591673763
stiff,10045,max-exp-cap,1.5298247895408466,14.132330116121825,2381.4031161569674,8055.428166189439,2.49999999975,0.0,0.19755619272191505,0.39388744676578413,0.5364983692707619,0.7146142389019703,0.8602778802011348,1.0180505349188347,1.1430423150309208,1.274059408371602,1.410865508174874,1.5298247895408466,0.6119299158775316,5652.932047014023
stiff,10045,accept-greedy,1.4293492596675041,13.490471736702323,2224.997793420817,7689.568889920324,2.49999999975,0.0,0.18900000429502797,0.3780000086256677,0.5345255441236914,0.703646522004186,0.8231919400656988,0.9791123843357172,1.0885758092965077,1.221675311709057,1.319266996728464,1.4293492596675041,0.5717397039241756,5396.188695220549
stiff,10045,rolling-lp,0.9291298842062871,10.882637915467663,1446.3308587302356,6203.1036118165675,1.4971917742357392,0.0,0.18900000429502797,0.36450000782942704,0.4805322686678583,0.6440512180239708,0.7920638575875989,0.8617348251007269,0.8767099636799782,0.9242069174341571,0.9291298729628661,0.9291298842062871,0.6205817452347234,7268.700044136193
stiff,10045,peak-first,1.4342732985678115,12.744756213356034,2232.662802944417,7264.511041612938,2.49999999975,0.0,0.15571665666283735,0.3201118376503788,0.4610721949121582,0.6109413467304237,0.7604289269750595,0.8951856586047032,1.0516449855008942,1.187674175759883,1.3102434687988076,1.4342732985678115,0.5737093194844956,5097.902485852203
stiff,10045,ppo-s0,1.4261753352361093,13.588592189601444,2220.057101138246,7745.497548072823,2.492639680267522,0.0,0.19911103731944654,0.3866651020166871,0.5388386879252343,0.6918627202677363,0.8351446184023813,0.9753144684045778,1.1091642326092712,1.226618214273411,1.3404824141930791,1.4261753352361093,0.5721546305012064,5451.486750039641
stiff,10045,ppo-s1,1.375049759109228,13.37267177348508,2140.4724276931142,7622.422910886496,2.4918973302353598,0.0,0.20169416431277618,0.38864243015750727,0.541319218657452,0.6947716360842855,0.8380773737933513,0.9772401521759944,1.0989779647418774,1.184331242417695,1.2905645777398358,1.375049759109228,0.5518083519834883,5366.461776425609
stiff,10045,ppo-s2,1.4518861365567908,13.620822511905306,2260.0798428290377,7763.868831786023,2.4928916488144175,0.0,0.2022201644903665,0.39079403232184245,0.5456478090742416,0.6979117573601485,0.8345187878566316,0.9710521275181044,1.101375538302638,1.2169496558704773,1.337725735009457,1.4518861365567908,0.5824104458159208,5463.864632216634
stiff,10045,ppo-s3,1.4329340269043245,13.509431941322205,2230.578024521022,7700.376206553657,2.487552653857503,0.0,0.19351678934169658,0.38080081480719413,0.5374011343680318,0.6864352146576381,0.8335174343419987,0.970860429001341,1.1019392904176928,1.2140472683280672,1.3270715051163404,1.4329340269043245,0.5760416868693179,5430.812457526409
stiff,10045,ppo-s4,1.463583341805435,13.60848486598565,2278.28830775907,7756.83637361182,2.4926565736449096,0.0,0.19948362403090297,0.38658820201075367,0.538846195101863,0.6870327519584808,0.8270521963518294,0.9693384260773829,1.1030684212870456,1.219774360123432,1.3473884626696964,1.463583341805435,0.5871580374448844,5459.43031618131
stiff,10046,max-exp-cap,1.4812592392601847,13.214846967357634,2305.8035092170394,7532.46277139385,2.4999999997500004,0.0,0.14384978672250143,0.2951255449973072,0.4962508334956435,0.6556769053679848,0.8088582677806496,0.9426923214637367,1.0784023685766313,1.2317372471652954,1.355428591544432,1.4812592392601847,0.5925036957633242,5285.938787471646
stiff,10046,accept-greedy,1.3773112883573595,11.944060880821118,2143.9928392040274,6808.114702068036,2.4999999997500004,0.0,0.11815156121117643,0.21939172719584557,0.39715156902254667,0.5751698596694428,0.738418485906875,0.8792166172982427,0.9879339176870452,1.125580482015311,1.254596517854259,1.3773112883573595,0.5509245153980361,4777.624352806209
stiff,10046,rolling-lp,0.969509945629085,10.974957366594008,1509.1885171760252,6255.725698958584,1.5358480636018705,0.0,0.11815156121117643,0.28081614998908744,0.4826515679195019,0.6419984447339206,0.8170000132903712,0.906985111424197,0.9172319815340699,0.9478335226906336,0.9681869797859677,0.969509945629085,0.6312538125388462,7145.861382183561
stiff,10046,peak-first,1.4289198992528613,12.208921793254182,2224.329429150362,6959.085422154884,2.49999999975,0.0,0.12838151422350863,0.26561205560012524,0.41852737769324805,0.5638373829213773,0.7165981817779146,0.8637234435144626,1.0069147045208486,1.1603677971306259,1.290187590727366,1.4289198992528613,0.5715679597583013,4883.56871779003
stiff,10046,ppo-s0,1.3719135714050694,12.336676700673616,2135.5904783204815,7031.90571938396,2.490977103939513,0.0,0.13780041616034036,0.28008760511640396,0.4618920619405909,0.6043654882170881,0.7477080675616588,0.8838664828311429,1.0229178664840979,1.15043827546384,1.2641504777702472,1.3719135714050694,0.5507531840559153,4952.54520050104
stiff,10046,ppo-s1,1.3486574989847941,12.437825212644418,2099.388892550756,7089.560371207318,2.492738112154776,0.0,0.1380906941562018,0.28668578419283275,0.47854408852947605,0.6248962167836883,0.7655265865950495,0.9095633993507772,1.0348788555780981,1.1484680668563287,1.2548074113981453,1.3486574989847941,0.5410345725484118,4989.623720196141
stiff,10046,ppo-s2,1.3854099771127586,12.471353340680713,2156.59967024164,7108.671404188006,2.4919422301578322,0.0,0.14122181191198824,0.2827685131984988,0.46577100426030116,0.609832140485438,0.7578256232925487,0.8958417186214742,1.035148182644705,1.163727799084647,1.2741104621561368,1.3854099771127586,0.5559558967083321,5004.671934104514
stiff,10046,ppo-s3,1.387893207991739,12.414201848413523,2160.4651937929457,7076.095053595707,2.4907224152904126,0.0,0.13640807442585032,0.2794041689244151,0.4749956788061944,0.6210175537574875,0.7478463051885732,0.8856684214563281,1.0206561271568586,1.1506347697723585,1.2704185324014032,1.387893207991739,0.5572251646636881,4984.177189799793
stiff,10046,ppo-s4,1.4104509912908967,12.326442715364204,2195.579787182644,7026.072347757595,2.4937001498583946,0.0,0.13709256605600187,0.28665079510926766,0.45779358769934303,0.5958080696325572,0.7297923072150232,0.8691188970807451,1.0059394030865005,1.1465241969743782,1.279395137532821,1.4104509912908967,0.565605688948204,4943.033233592324
stiff,10047,max-exp-cap,1.5133026556891511,13.694157971883449,2355.6839218355058,7805.670043973565,2.4999999997499995,0.0,0.17179635598622778,0.35591793255104764,0.5256980074916574,0.6764697394271176,0.8277123683172636,0.9680218182771267,1.1125614427955064,1.2468088544484357,1.3989036207845342,1.5133026556891511,0.6053210623361927,5477.663189301147
stiff,10047,accept-greedy,1.3784590135195318,12.674803223064416,2145.7794465961783,7224.637837146716,2.49999999975,0.0,0.14608065331571685,0.33508065710759394,0.5051921882361649,0.6448633998902532,0.7817463904105502,0.9124246389129602,1.0283154214618515,1.1469782802558457,1.2632137704033157,1.3784590135195318,0.5513836054629511,5069.921289732758
stiff,10047,rolling-lp,1.0203630103454315,11.194225527059928,1588.34898549213,6380.708550424158,1.6549095328219476,0.0,0.14608065331571685,0.3188813240201446,0.4826557282491902,0.6393895293254626,0.7875451135582882,0.9259147759330202,0.9300577082899563,0.9504248924362156,0.9899114612276073,1.0203630103454315,0.6165672443771056,6764.252247657044
stiff,10047,peak-first,1.4374401900565186,12.416969008164873,2237.592547390512,7077.6723346539775,2.49999999975,0.0,0.1438646155379869,0.2903009282492053,0.43401988384496193,0.5811620077372444,0.7194831250395846,0.8696222338296585,1.0267915455695238,1.1651606232789558,1.3088753234407022,1.4374401900565186,0.574976076080105,4966.787603762628
stiff,10047,ppo-s0,1.4095875542804404,13.07336595107543,2194.2357171941308,7451.818592112995,2.490304966223924,0.0,0.16314829416694976,0.3457646957086411,0.5055953301905459,0.6565097938704425,0.7944824366173654,0.9332772107298531,1.0752584708185389,1.1984567851234638,1.316312451078586,1.4095875542804404,0.5660300940642675,5249.7048065959225
stiff,10047,ppo-s1,1.3880373770030139,12.906050989950645,2160.6896146122776,7356.449064271867,2.4915981308821533,0.0,0.16062566861046726,0.3349366391225089,0.5023663510867991,0.6464638121782932,0.7850938277002387,0.9254210318478746,1.0673410332955788,1.177789463730005,1.3028338840833866,1.3880373770030139,0.5570871802314195,5179.8284923986685
stiff,10047,ppo-s2,1.4214645714940783,13.070401449215117,2212.72408657903,7450.128826052615,2.4917887352280097,0.0,0.162869337078238,0.34919531563521794,0.5108390631748007,0.6621304075716241,0.7904400735260131,0.9276209501067303,1.063845312000293,1.1868756091438701,1.3212079726330375,1.4214645714940783,0.5704595062165284,5245.389091149863
stiff,10047,ppo-s3,1.4210247639874332,13.126862619178187,2212.0394598335397,7482.3116929315665,2.4893562952889092,0.0,0.16573314431960637,0.3487743031115757,0.5094739288757297,0.6566099611053665,0.7995345491445045,0.9384206216374976,1.0764380793953554,1.1965206762278118,1.3202295110854703,1.4210247639874332,0.5708402476080717,5273.19558233616
stiff,10047,ppo-s4,1.4614853629742708,13.171418215048874,2275.022487149858,7507.708382577857,2.4939204824751773,0.0,0.16267874926872167,0.3391803750363296,0.4965810125713579,0.6516244223547397,0.7852059904534351,0.9283531692226097,1.077764528672097,1.209237217942567,1.3492714389920355,1.4614853629742708,0.5860192308632749,5281.41065747872
stiff,10048,max-exp-cap,1.4817762052218066,13.51935084391727,2306.6082447399376,7706.029981032842,2.49999999975,0.0,0.17560886847780707,0.33250915297350275,0.5105497502461962,0.6862917376745272,0.8303137809380565,0.9655310714496088,1.1042470530105148,1.2375035946901334,1.3605646432274217,1.4817762052218066,0.5927104821479937,5407.740338107682
stiff,10048,accept-greedy,1.44745272712897,12.963640273264918,2253.178572109153,7389.274955761003,2.49999999975,0.0,0.15551298514271675,0.3107019277018772,0.47907883647072125,0.6634641648620639,0.8065408373025328,0.9411269070325293,1.0551283963181928,1.1715535594229296,1.2973443792324106,1.44745272712897,0.5789810909094861,5185.456109824513
stiff,10048,rolling-lp,1.0036065774525529,11.107929820256304,1562.265069360301,6331.519997546093,1.6649183376013816,0.0,0.15551298514271675,0.29732732340086804,0.4583093223055973,0.6331965253012317,0.7823761128093047,0.9172172944029917,0.948339695472685,0.9688894686549763,0.9710121155972637,1.0036065774525529,0.6027962782237303,6671.756547687079
stiff,10048,peak-first,1.4309123472196266,12.489444906845693,2227.4309750458624,7118.983596902044,2.49999999975,0.0,0.14890612953947724,0.28942491731179654,0.4370324407186281,0.5903620166530763,0.738183443112449,0.8807241631339705,1.026170213894106,1.174272996652043,1.307290673454332,1.4309123472196266,0.5723649389450871,4995.777963237855
stiff,10048,ppo-s0,1.3826355486108635,12.86915877435312,2152.280853652225,7335.420501381278,2.49135961515211,0.0,0.16657469781943363,0.3255328784723252,0.49438049697690556,0.6454697243356649,0.789724543159283,0.9236198861672582,1.0641623843117207,1.184583486571423,1.290525705897486,1.3826355486108635,0.5549722891074667,5165.5163293507085
stiff,10048,ppo-s1,1.3437247129850312,12.620449164752277,2091.710266847026,7193.656023908798,2.492847000511049,0.0,0.1607239903822083,0.32083784905456686,0.4858195911558173,0.6407846811363407,0.782192183218238,0.9164489663850268,1.0467054718704616,1.15731293465855,1.252886724777123,1.3437247129850312,0.5390321639112066,5062.664961854863
stiff,10048,ppo-s2,1.3986264594692481,12.789209588943079,2177.173119229759,7289.8494656975545,2.4939033298409576,0.0,0.16151178445470843,0.31979470483034833,0.49634941586049885,0.6427580062242612,0.7826505342936176,0.9120926677398513,1.0478865316724293,1.1741666648673292,1.2800128425477346,1.3986264594692481,0.5608182333027487,5128.1897882379735
stiff,10048,ppo-s3,1.390137511191523,12.999388228286568,2163.9587903604133,7409.651290123344,2.490027300326264,0.0,0.17550082303476428,0.3341251690109686,0.5043618212452529,0.6678143256585134,0.7995859319659675,0.9245551979870776,1.062670384480113,1.1971567053813064,1.2949615085103152,1.390137511191523,0.5582820361083495,5220.580604310355
stiff,10048,ppo-s4,1.4148721953798642,12.763322319478915,2202.462058450972,7275.093722102981,2.493920469270771,0.0,0.16708245054577656,0.3272054471464728,0.4879628622138419,0.624356697698466,0.7630614618985382,0.8968778466146154,1.0431631489560855,1.1777293938956963,1.2969080014807561,1.4148721953798642,0.5673285146071946,5117.774394470143
stiff,10049,max-exp-cap,1.5305305936694382,14.098232789557926,2382.501806780048,8035.992690048017,2.49999999975,0.0,0.16943151349737737,0.3708322979552394,0.5669180276959289,0.7475430232372164,0.8740360943320424,0.9954468097013004,1.128897020198096,1.2643093492239343,1.4088276681794012,1.5305305936694382,0.6122122375289966,5639.2931163871
stiff,10049,accept-greedy,1.3883940646994817,12.694340613769471,2161.2448528314976,7235.7741498485975,2.49999999975,0.0,0.12330407119912058,0.3123040753499072,0.4781139934523105,0.6570433553989917,0.7990750443051022,0.9356926153476226,1.0327814500909385,1.159425183070887,1.2687714741431029,1.3883940646994817,0.5553576259353284,5077.736246015562
stiff,10049,rolling-lp,1.018204801172224,11.418915173146543,1584.9894072675297,6508.781648693529,1.657537264878067,0.0,0.12330407119912058,0.2988040745899016,0.49583930563913625,0.6562009077494101,0.8131713703886176,0.913949665361313,0.9900063668558505,1.0130426665031067,1.0130426741143805,1.018204801172224,0.6142877283951296,6889.08503905434
stiff,10049,peak-first,1.412120167665974,12.384252368736467,2198.1781120680826,7059.023850179785,2.49999999975,0.0,0.13981582770284987,0.29949140018305137,0.4461148168211659,0.5913199319784331,0.7261164162890746,0.869346900057293,1.015304759699204,1.1593521419459596,1.2967207880740568,1.412120167665974,0.5648480671228744,4953.700947989957
stiff,10049,ppo-s0,1.392332475185245,12.940753076752483,2167.3755830089826,7376.229253748914,2.4899888287682197,0.0,0.16287321386708964,0.3576984804886044,0.505215773898892,0.6575428957160668,0.7908911608549618,0.9185384591190874,1.0521931357001482,1.176897016210015,1.2990192647056618,1.392332475185245,0.5591721774406604,5197.112905584473
stiff,10049,ppo-s1,1.3834719197513485,12.927189047750199,2153.58279153023,7368.497757217612,2.491753547246979,0.0,0.16240465933876086,0.35494117772910694,0.5101503072858177,0.6560148111759394,0.7907427335565511,0.9266353980441017,1.0551774454895986,1.173902580093503,1.2910472459598017,1.3834719197513485,0.5552202067816383,5187.98862031634
stiff,10049,ppo-s2,1.4076444094289868,13.120129586810098,2191.21091903683,7478.473864481754,2.4924982277244663,0.0,0.16797285388087116,0.36372607964748793,0.5260074878932992,0.6744032094621597,0.8057025550568483,0.9307793634784302,1.0586068993802908,1.1886190837625743,1.304972264596107,1.4076444094289868,0.564752421394538,5263.847107641942
stiff,10049,ppo-s3,1.4130365155557305,13.15367869381905,2199.6045458238104,7497.596855476857,2.490009299880089,0.0,0.16360100546998305,0.3598734789561774,0.532440576676611,0.6872313844840714,0.8100598111148569,0.9324899361288432,1.0585715031746856,1.185666607711337,1.307015494650571,1.4130365155557305,0.5674824249145487,5282.582155196163
stiff,10049,ppo-s4,1.4235796648013586,12.933112108369595,2216.0165484526747,7371.873901770669,2.4947113849136953,0.0,0.16152233958090323,0.3542116012914604,0.5053712290592713,0.6499112976239714,0.7772225175143002,0.910228868818184,1.0433543278144062,1.176948307909736,1.305943126576035,1.4235796648013586,0.5706390219767276,5184.211763565194
stiff,10050,max-exp-cap,1.5004638895781952,13.584339119826085,2335.698445176171,7743.0732983008675,2.49999999975,0.0,0.19071536678059736,0.3702736357676575,0.5489883082631529,0.6824725574467829,0.8166811627690431,0.9353043383710691,1.0789819080228147,1.2287899227520616,1.3739735484635156,1.5004638895781952,0.6001855558912966,5433.7356484738075
stiff,10050,accept-greedy,1.4613833264314908,13.095910590574164,2274.863651874996,7464.669036627272,2.49999999975,0.0,0.17213070766053265,0.3520075248668618,0.5171242095037393,0.6499707778633111,0.7910522768312972,0.9115797903903661,1.046983989238625,1.1826972039561867,1.3279460004421442,1.4613833264314908,0.5845533306310516,5238.364236753502
stiff,10050,rolling-lp,1.0332860632789802,11.427101385873222,1608.4656673086474,6513.447789947736,1.7763047971688808,0.0,0.17213070766053265,0.3406520641214347,0.5043105345380802,0.6436666017307305,0.7816868156242938,0.8834166494605277,0.9708437358277323,0.977545538391468,1.0332860552783634,1.0332860632789802,0.5817053835163073,6433.074663811089
stiff,10050,peak-first,1.4303133637657692,12.555879021872096,2226.498566920897,7156.851042467095,2.49999999975,0.0,0.15242625529340223,0.29826468094666714,0.44315707860705666,0.5893862894877433,0.7369527133210723,0.8809699685486366,1.0373411687853382,1.1842733882637426,1.312872028962728,1.4303133637657692,0.5721253455635202,5022.351609251074
stiff,10050,ppo-s0,1.4152301155538964,13.163809524685721,2203.0192152074865,7503.37142907086,2.490807793280597,0.0,0.18890588725543633,0.36888255716216184,0.519918537387561,0.6590415348281766,0.7965032405015785,0.9223830989768598,1.0682667958178773,1.2015565892910494,1.3158060515121899,1.4152301155538964,0.5681811817723289,5284.9559729969815
stiff,10050,ppo-s1,1.382383358355453,13.014130261383366,2151.888281467355,7418.054248988518,2.4925436480398067,0.0,0.1883303028732511,0.36806977819903375,0.5171956398544362,0.6568996947818875,0.7999162264885795,0.9328496479867554,1.0550920331642524,1.1730318403654998,1.286571209201141,1.382383358355453,0.5546074827787232,5221.224619925102
stiff,10050,ppo-s2,1.4354098350133881,13.266788310571755,2234.4319934109503,7562.0693370259,2.4910687954996455,0.0,0.1920277972101617,0.37090164630564876,0.5250501499828731,0.6691425046713118,0.8059363171529199,0.9318912460374099,1.0718165446900247,1.2004810552376024,1.3199913782065016,1.4354098350133881,0.5762224783219931,5325.741438590327
stiff,10050,ppo-s3,1.421526684137023,13.272039043534882,2212.8207742797867,7565.062254814882,2.489587026542466,0.0,0.18871605067689234,0.3675667100173899,0.5313934572450449,0.6765622824206462,0.8092144591359631,0.9318115958868614,1.0752002755711678,1.2047268165398937,1.3193032389293464,1.421526684137023,0.570988950770376,5331.020326679267
stiff,10050,ppo-s4,1.4506362449257217,13.304211267450334,2258.1341979124195,7583.400422446691,2.4944610053427327,0.0,0.1886146485372582,0.3685678557890148,0.5255103652504204,0.6713421633997925,0.8044152652082041,0.9293148731730998,1.0733219194093269,1.2052300735054147,1.3297357523912272,1.4506362449257217,0.5815429633170024,5333.501401286636
stiff,10051,max-exp-cap,1.5033261244519283,13.679077433334417,2340.1539456322243,7797.074137000616,2.49999999975,0.0,0.16635151566517953,0.32240705537761727,0.5081257669391074,0.6884179151390374,0.8360821075989086,0.9806137331269255,1.1367177318743764,1.260239786193401,1.3852232490701855,1.5033261244519283,0.6013304498409043,5471.63097388093
stiff,10051,accept-greedy,1.3691833033337728,12.567607785294312,2131.340404104544,7163.536437617758,2.4999999997500004,0.0,0.1440108894181164,0.2917763490360478,0.4711946311407761,0.6397163489194362,0.7857224961276768,0.923418070752361,1.045953235533121,1.143887388290877,1.258628837335626,1.3691833033337728,0.5476733213882764,5027.043114620428
stiff,10051,rolling-lp,1.031508679911021,11.438840970414462,1605.6989019117198,6520.139353136244,1.7010543785170507,0.0,0.1440108894181164,0.3088784187253234,0.4874166235489287,0.6604333099976294,0.7982425682181811,0.9025793208521786,1.0000793234546783,1.0032876620214182,1.0119295352091116,1.031508679911021,0.6063937125926991,6724.559258585633
stiff,10051,peak-first,1.4224802566667938,12.508539233806205,2214.3051538044247,7129.867363269536,2.49999999975,0.0,0.13821124044421687,0.28618056933345665,0.43778705296751397,0.5851072354614928,0.7303403457160782,0.8866245301151048,1.049234928612766,1.1868728124945398,1.312706657145584,1.4224802566667938,0.5689921027236168,5003.415694022823
stiff,10051,ppo-s0,1.3873900417161447,12.785703329119064,2159.681939563548,7287.850897597866,2.489599905530465,0.0,0.167900628461774,0.3147516048270784,0.4866093505961182,0.6348253050517049,0.7735915651970042,0.9177886966101396,1.0621556814420838,1.1841794958444785,1.2844048040769431,1.3873900417161447,0.5572742988277589,5135.645812291587
stiff,10051,ppo-s1,1.3637322134325336,12.671349962403687,2122.854960172655,7222.669478570101,2.4922740169901574,0.0,0.1689319206414857,0.3153933424415647,0.4795086156644861,0.6309651814797337,0.7718141729888547,0.9200329805761299,1.0579494823304505,1.1676142412002044,1.2641938715386063,1.3637322134325336,0.5471838987750918,5084.252323790017
stiff,10051,ppo-s2,1.3710940161164213,12.653569341426266,2134.31471685316,7212.534524612971,2.4921081295637304,0.0,0.17427163494535003,0.32289954010158833,0.48865621144104787,0.6307634137074773,0.7630243302723052,0.9023427710832893,1.0393301914088182,1.1677265606514085,1.2686049963259678,1.3710940161164213,0.5501743683796119,5077.455986486993
stiff,10051,ppo-s3,1.3759796035434537,12.694134329146952,2141.919870856766,7235.656567613762,2.489112136151408,0.0,0.1638863491868116,0.3098423018918999,0.4863805330781107,0.6461829044088367,0.7760688131527294,0.9167614640867904,1.0480337822865051,1.1626857658179004,1.2689512913730154,1.3759796035434537,0.5527993630977803,5099.864383279352
stiff,10051,ppo-s4,1.411393475831742,12.801728363367086,2197.046906579482,7296.985167119239,2.494921751771473,0.0,0.1673344682687059,0.31550424759589873,0.48309764236907426,0.6233724809656167,0.7630470159886994,0.9102051365568347,1.0578439223945733,1.1902527279107973,1.301840614842345,1.411393475831742,0.5657065095647221,5131.114173932492
stiff,10052,max-exp-cap,1.4572064971146088,13.274557507677576,2268.361786812485,7566.497779376218,2.49999999975,0.0,0.17404029277729394,0.3300900892246915,0.5086022791357295,0.6763746548960972,0.8168034522026528,0.9503970905697698,1.0759480738778202,1.2055415172055826,1.3326354970066894,1.4572064971146088,0.5828825989041317,5309.823003602013
stiff,10052,accept-greedy,1.4048051623789886,12.552877920266248,2186.791202596992,7155.140414551761,2.49999999975,0.0,0.17742192666559153,0.28781122737751097,0.46073896274958037,0.6216807958078808,0.7710225590918742,0.9081353502885823,1.0137973808726497,1.1425484865737028,1.2760671621027062,1.4048051623789886,0.5619220650077876,5021.151168608614
stiff,10052,rolling-lp,0.9569059886128842,11.316850433190762,1489.5685563024028,6450.604746918734,1.5571147749187289,0.0,0.17742192666559153,0.3529219300656364,0.5264989129177945,0.6829106891758633,0.8271707301546396,0.9291785840344909,0.9291785866731221,0.9361149079669601,0.9516967685768826,0.9569059886128842,0.6145378645339926,7267.833184475067
stiff,10052,peak-first,1.3719861089964946,12.050256050969363,2135.7033940265414,6868.645949052537,2.49999999975,0.0,0.15344300924128956,0.29608361429992036,0.4337537803163845,0.5713891859946288,0.7125036808795233,0.8527567120916764,0.9791894247145785,1.1200466247772,1.249990171812082,1.3719861089964946,0.5487944436534773,4820.102420869755
stiff,10052,ppo-s0,1.3498930525295214,12.386794289174999,2101.312218072547,7060.472744829749,2.49159351640546,0.0,0.17344764357716158,0.308949488665813,0.4726002475229283,0.616692624329268,0.754291719523668,0.8894222628425696,1.0148110236301422,1.1361458274449818,1.2410822022387242,1.3498930525295214,0.5417790035338379,4971.434629130445
stiff,10052,ppo-s1,1.28983853820257,12.10306347459355,2007.8283050550185,6898.746180518324,2.494712462842173,0.0,0.17122196665100692,0.31127005875295766,0.4697962457354967,0.6093134302544142,0.7470057379123973,0.880186406023204,1.0001975222271073,1.1038880559700472,1.1923480937395663,1.28983853820257,0.5170289391720457,4851.4863555877655
stiff,10052,ppo-s2,1.359291301661248,12.322603879705639,2115.9420109231583,7023.884211432213,2.4934372328407695,0.0,0.1710547170627858,0.3075873175706245,0.46809549719759247,0.6118174467217015,0.7483873408994224,0.8802529593135145,1.0061209336214958,1.1270729795050078,1.2364193716755254,1.359291301661248,0.5451475913482728,4942.01486903543
stiff,10052,ppo-s3,1.3534388356637748,12.437953414645056,2106.8317645348984,7089.6334463476815,2.49173170384107,0.0,0.17648784625037187,0.3094514821853253,0.48337618303951735,0.6320326481627179,0.7643156748769409,0.8873714627962779,1.010443364939063,1.132386014660006,1.2408974474318155,1.3534388356637748,0.5431719769738504,4991.690475933514
stiff,10052,ppo-s4,1.3597699161263477,12.26933495799855,2116.687046554963,6993.520926059173,2.4946515967517198,0.0,0.1733069199167994,0.3137289578826312,0.47251756405510453,0.6054940699886318,0.7356911726810078,0.869509549433631,0.9921273641042796,1.119712320674809,1.2400218194376227,1.3597699161263477,0.5450740768357798,4918.255909552429
stiff,10053,max-exp-cap,1.5202163117033403,13.949529372444369,2366.4460706049535,7951.231742293289,2.4999999997500004,0.0,0.17898946629163126,0.3539304625036688,0.5366809869875406,0.7103843553522118,0.8517474133467683,0.9881637735126203,1.1385269260900293,1.2750356497449298,1.4075692634152466,1.5202163117033403,0.6080865247421446,5579.811749535728
stiff,10053,accept-greedy,1.4904436984488882,13.432148039636122,2320.100505763134,7656.324382592589,2.49999999975,0.0,0.18900000394373204,0.3470280621036339,0.501009310933031,0.6520017899049547,0.8099004871668266,0.9483319661506043,1.0991608387485736,1.2311002277020915,1.360899972873913,1.4904436984488882,0.5961774794391731,5372.859216391735
stiff,10053,rolling-lp,1.0106831374627152,11.534112068860523,1573.280802779636,6574.443879250497,1.5416296578372486,0.0,0.18900000394373204,0.3626423691384343,0.5516423722334384,0.7187586048723525,0.8347531629405928,0.8886535906674595,0.9059458311120354,0.936806742081742,1.0106831277265522,1.0106831374627152,0.6555939893376221,7481.7658120574315
stiff,10053,peak-first,1.4091933794600264,12.279889490577585,2193.622124610155,6999.537009629223,2.49999999975,0.0,0.14176113123096623,0.2864876506075801,0.4299540878564953,0.5802193165177344,0.7278346599183403,0.8560592480822539,1.008663296539172,1.1605008151095109,1.2879863513559602,1.4091933794600264,0.5636773518403783,4911.95579672223
stiff,10053,ppo-s0,1.40065102423445,13.053537441169869,2180.3246597680454,7440.516341466824,2.491327042585289,0.0,0.17559143391049786,0.3453244328589064,0.4995213434320855,0.6560054033265569,0.7963296504848132,0.9284383815682439,1.0698924748474736,1.2004158532263656,1.313485094780345,1.40065102423445,0.5622108219003525,5239.592080060275
stiff,10053,ppo-s1,1.3648354049068951,12.823215022575386,2124.5722441601574,7309.23256286797,2.4920675447532776,0.0,0.1780666301958241,0.3468123287641152,0.49248369057735686,0.6513066155009719,0.789309295833035,0.9218757869877491,1.0508509630681517,1.163723647475933,1.2784305023984421,1.3648354049068951,0.5476719151454693,5145.612946797124
stiff,10053,ppo-s2,1.4128980307190848,12.980130526206693,2199.388973279959,7398.674399937814,2.4929026559218954,0.0,0.17317815785842589,0.3436814422698309,0.49160465163628236,0.6474427308768166,0.7900504896338849,0.9186764358841223,1.0599533968899184,1.194419424769403,1.3065933776993184,1.4128980307190848,0.5667682319495078,5206.834087713921
stiff,10053,ppo-s3,1.3900542839148526,12.908559457911227,2163.829234546331,7357.878891009399,2.4904611242874624,0.0,0.17249462355650264,0.34408413243653957,0.49723226722278135,0.6498930047170293,0.78566126869446,0.917196374050617,1.0575818042371972,1.1811575283967595,1.297165253286777,1.3900542839148526,0.5581513681778737,5183.2005454831
stiff,10053,ppo-s4,1.439739811264886,13.256861577948365,2241.1722547851286,7556.411099430568,2.4924559430357283,0.0,0.17668341213493743,0.34696738627696333,0.5068083965312203,0.6604800623394147,0.8052477142181202,0.9378919162876195,1.081814002306079,1.2195771520657805,1.3410616404097992,1.439739811264886,0.5776390211781761,5318.794747401614
stiff,10054,max-exp-cap,1.5343690840585842,13.837184112340926,2388.4769962504674,7887.194944034328,2.49999999975,0.0,0.17254975495101368,0.3357281911003649,0.5116498832461449,0.6975061084706391,0.8502844961651237,0.9792666046616733,1.1237437759322293,1.2763784337869235,1.4075971423697493,1.5343690840585842,0.6137476336848084,5534.873645489858
stiff,10054,accept-greedy,1.4257821406480569,12.793920203221647,2219.445034433845,7292.534515836338,2.49999999975,0.0,0.16605275454609367,0.3101099106020313,0.47344745559250495,0.640978003126982,0.7855537928663274,0.9130309474614746,1.0339031029970345,1.171095180759572,1.2989224445774905,1.4257821406480569,0.5703128563162541,5117.568081800416
stiff,10054,rolling-lp,1.0037680555082067,11.261549063367365,1562.516434318925,6419.0829661193975,1.6165270039662514,0.0,0.16605275454609367,0.31326010087948863,0.4832044664945823,0.6639429000749665,0.8246460120029121,0.8835174454834832,0.9288703645724099,0.9775632843098163,0.9896477756207577,1.0037680555082067,0.6209410996818477,6966.508468919134
stiff,10054,peak-first,1.4415595772490373,12.61330788027493,2244.0049951191604,7189.585491756709,2.49999999975,0.0,0.1453374923608451,0.2863673275200819,0.4345340138237266,0.5948797940620365,0.7477406858766977,0.8931787057731863,1.04231733703878,1.1866774002981186,1.3302571762034763,1.4415595772490373,0.5766238309572773,5045.323152614505
stiff,10054,ppo-s0,1.4054287552033364,13.048894333823311,2187.7619189203697,7437.869770279287,2.49161008076371,0.0,0.17361334313766674,0.3397499152592365,0.489979225508352,0.6537093961421026,0.8014705354095346,0.9313235156207326,1.074851032504547,1.2051921451175236,1.3073544743262353,1.4054287552033364,0.5640644842681624,5237.133383977825
stiff,10054,ppo-s1,1.3759407736917346,12.926040230677943,2141.8594263336313,7367.842931486427,2.492334867048525,0.0,0.17567580500366342,0.34521790172347744,0.4936395287649287,0.6566902493924043,0.8032848100876737,0.9374300061432492,1.0576207244003653,1.1782037758536092,1.2800466977633391,1.3759407736917346,0.5520689823358899,5186.317617899087
stiff,10054,ppo-s2,1.427602689857161,13.160385338251885,2222.2789939756954,7501.419642803574,2.4932180948641625,0.0,0.17901211730808872,0.3437285225021375,0.49514003829575104,0.662236020388017,0.8117894712769897,0.942432291961637,1.0780907809174103,1.2008585969523229,1.313404165030414,1.427602689857161,0.5725943882718936,5278.473377584282
stiff,10054,ppo-s3,1.3887053866946306,12.797810588895597,2161.7294724915037,7294.75203567049,2.4906283474909663,0.0,0.1682546325832567,0.3342339026529927,0.4836963407725488,0.6391171705383655,0.788731362062508,0.9118843281076632,1.0462599838304747,1.1753414688807342,1.2851503594802658,1.3887053866946306,0.5575723042314195,5138.386303917236
stiff,10054,ppo-s4,1.4520162073204248,13.163380708232966,2260.282317598669,7503.12700369279,2.4929104704865996,0.0,0.17228409614470913,0.34129544388061583,0.49196402769810554,0.6535733909994864,0.8019334838545673,0.9270804712123399,1.074033336887647,1.2094054579204168,1.3326330186214483,1.4520162073204248,0.5824582248382955,5280.326294936521
stiff,10055,max-exp-cap,1.5449932065170107,14.037207918973094,2405.015045902888,8001.208513814663,2.49999999975,0.0,0.17952805701077887,0.3566764759630681,0.5524255456692942,0.7150296984652669,0.8568627202575033,0.9913083291030746,1.125446611890446,1.2765817535731283,1.4187173295345468,1.5449932065170107,0.617997282668604,5614.883168150726
stiff,10055,accept-greedy,1.4126571923913618,12.95989292629989,2199.0140720833965,7387.138967990937,2.49999999975,0.0,0.17598390175343212,0.35283075255022467,0.5232055557241995,0.6609049655401439,0.8002992826904479,0.9057682846106054,1.0415032303665765,1.1661209665096106,1.286223274805482,1.4126571923913618,0.565062877013051,5183.957171038352
stiff,10055,rolling-lp,1.0646052531346881,11.799488228419788,1657.2187119891953,6725.708290199279,1.643812131031171,0.0,0.17598390175343212,0.33824495137446664,0.5238215926054218,0.6801210068512604,0.8179670920276836,0.9155019418964739,0.934591640753615,1.0646052365184586,1.064605243634195,1.0646052531346881,0.6476441151866036,7178.124559172047
stiff,10055,peak-first,1.437212491912251,12.559236862744454,2237.238100872186,7158.765011764338,2.4999999997500004,0.0,0.1496161386631478,0.29364980490648573,0.4435875668649026,0.5906226528008417,0.7328720829291973,0.8907468467943762,1.0290915099834927,1.1791356853764499,1.3215792488408,1.437212491912251,0.5748849968223888,5023.69474560015
stiff,10055,ppo-s0,1.3949260939950365,12.853029886116127,2171.41294203074,7326.227035086193,2.488472151780724,0.0,0.17434056998082728,0.34599006721786246,0.4950121364284163,0.6374625416405716,0.7751027154014232,0.9159141166231288,1.045001236427268,1.1765939002062997,1.296504699199832,1.3949260939950365,0.5605552358690623,5165.028620842166
stiff,10055,ppo-s1,1.38203735428105,12.72943596607805,2151.3496739179022,7255.778500664488,2.4923550344307386,0.0,0.16762020220903762,0.3375733211193496,0.48857116451165417,0.6318700560580771,0.7696063906731887,0.9194289549773438,1.0400053519228918,1.1606485421434298,1.2800894118977555,1.38203735428105,0.5545106275746591,5107.392723037748
stiff,10055,ppo-s2,1.4170673705472272,12.813337596492984,2205.879179823177,7303.602430001,2.49024234216149,0.0,0.16694364324196428,0.3372420258461831,0.49318609969148663,0.6362909938979121,0.7736874969578578,0.9132929645407966,1.0359381265922734,1.163758764117644,1.2939420743606478,1.4170673705472272,0.5690479784056822,5145.4179296345965
stiff,10055,ppo-s3,1.4087696167978727,13.014515132451809,2192.9624740860795,7418.27362549753,2.4884397013145887,0.0,0.18516187134539644,0.35648276922986977,0.510976430235815,0.6507307165117305,0.7883092362843632,0.9299608004977593,1.053223112194952,1.1787387181688582,1.2982337030249331,1.4087696167978727,0.5661256794985429,5229.990152293633
stiff,10055,ppo-s4,1.4265822336603948,12.920908115208782,2220.6904999314784,7364.917625669005,2.4943152333175176,0.0,0.17552401565672865,0.34528792542576203,0.5011303943024248,0.637642353623429,0.7741922665024076,0.9137735401811369,1.0411535507818008,1.175511906056825,1.309655191028483,1.4265822336603948,0.571933416676847,5180.142406468635
stiff,10056,max-exp-cap,1.5473227138115946,13.985386754271731,2408.641275500133,7971.670449934886,2.49999999975,0.0,0.15962501863690498,0.3334762176088611,0.537332337229586,0.7152720757126354,0.8552289503631427,1.0018033936249582,1.1457501245508537,1.2736134406208166,1.4148552909445926,1.5473227138115946,0.6189290855865307,5594.154702268108
stiff,10056,accept-greedy,1.4810949565934148,13.345659206548095,2305.547778458033,7607.025747732414,2.49999999975,0.0,0.18217024669553186,0.32626721172629347,0.5061702540202824,0.6701780010951215,0.8188669584291085,0.953436721380869,1.0850294489404004,1.2059352742153207,1.3441664434672003,1.4810949565934148,0.5924379826966097,5338.263683153065
stiff,10056,rolling-lp,0.937786942297173,11.302883778679604,1459.806875889413,6442.643753847374,1.3515263942740614,0.0,0.18217024669553186,0.3576702499766098,0.5535000104851132,0.7240939674577905,0.8584501284571211,0.8768715528754859,0.9000689874957006,0.9352073411859774,0.935207352037125,0.937786942297173,0.6938724587771604,8363.050715521294
stiff,10056,peak-first,1.4296511091605435,12.63924556651809,2225.467667702008,7204.36997291531,2.49999999975,0.0,0.14147121454967831,0.29264432026048004,0.45329461422741446,0.6062369724284827,0.7485736447181215,0.9021532422786018,1.0477658017237708,1.181783467304663,1.3159376176649111,1.4296511091605435,0.5718604437214034,5055.698227112805
stiff,10056,ppo-s0,1.3852664994620345,12.717838329079557,2156.376325629323,7249.167847575347,2.4921827386858952,0.0,0.15607589369203695,0.3189567950432155,0.4890385942415635,0.6382469420667056,0.7733064855428851,0.9120550127794603,1.054282145780529,1.16535742298533,1.277414580538204,1.3852664994620345,0.5558446730083977,5103.092213769828
stiff,10056,ppo-s1,1.3662120757259517,12.760625870312623,2126.715240012256,7273.556746078194,2.4926206926825287,0.0,0.15054823775176207,0.31396923063799803,0.4971463751475964,0.6502704217390141,0.792281983758855,0.932814896849463,1.0632358606713694,1.160936704842026,1.2700715068221062,1.3662120757259517,0.5481026775299898,5119.361284199157
stiff,10056,ppo-s2,1.4156943813163902,12.86989267425693,2203.7419149186476,7335.838824326449,2.4931421765029076,0.0,0.14628422978371064,0.30832838160311615,0.49109687328740814,0.6472794302687161,0.7890161421688769,0.9294356818533036,1.0658715215310142,1.1794350315688702,1.2952391397609544,1.4156943813163902,0.5678353985018869,5162.11742577366
stiff,10056,ppo-s3,1.417768356538327,12.980975829958005,2206.9703702882553,7399.156223076063,2.4902840022318413,0.0,0.16530505813854748,0.3297984316747062,0.5127249377957872,0.6514985702410051,0.7844209638994616,0.9282523012150442,1.0671706137261716,1.1802632791365124,1.3018386530577561,1.417768356538327,0.5693199471496806,5212.648765491888
stiff,10056,ppo-s4,1.4374497251700458,12.973907655181215,2237.6073902334456,7395.127363453292,2.4922086421003686,0.0,0.1572179766031382,0.32022509529337845,0.5080049184966877,0.649441997189818,0.7797525538844247,0.9215450502678257,1.0625348603637672,1.1856079388179555,1.3127204199413711,1.4374497251700458,0.5767774418592019,5205.787122320201
stiff,10057,max-exp-cap,1.5149544532493038,13.947073892729604,2358.2551939732707,7949.832118855874,2.49999999975,0.0,0.16851993500257073,0.34237149761912905,0.5271450652522834,0.7135860969252429,0.8494026387871492,1.009390477393367,1.1506745035211787,1.2768227281713362,1.4067998010744662,1.5149544532493038,0.6059817813603197,5578.829557649725
stiff,10057,accept-greedy,1.446645171962727,13.214792265276225,2251.9214906430216,7532.431591207447,2.49999999975,0.0,0.1890000043157303,0.33953195635794814,0.5047973076747929,0.673185543335968,0.8028414337698009,0.939971075519944,1.067694633550126,1.203204148534112,1.3223746904736207,1.446645171962727,0.5786580688429566,5285.916906639081
stiff,10057,rolling-lp,1.0027666540025155,11.45023284702967,1560.9576017764787,6526.63272280691,1.5901099891938735,0.0,0.1890000043157303,0.34553039221454473,0.5005155249436064,0.6780457764141397,0.8162600327229454,0.8881590543251479,0.9715393000544479,0.9736588380534505,0.9902089505142584,1.0027666540025155,0.6306272275610827,7200.90617934833
stiff,10057,peak-first,1.4176708409222847,12.494652689217244,2206.818572518011,7121.952032853828,2.49999999975,0.0,0.15308896756642715,0.30528233531447047,0.4495358221391115,0.5942173913185547,0.7380190596788816,0.8805752341461734,1.0217638136641425,1.1588263703593238,1.3076450109663875,1.4176708409222847,0.5670683364256207,4997.861076186684
stiff,10057,ppo-s0,1.4043617863666433,13.069860272094546,2186.101020933937,7449.820355093891,2.490487219862854,0.0,0.17518533877651607,0.3485801914135527,0.4966607706402459,0.6531062252464662,0.79372677296136,0.9397603962531648,1.0724862719261101,1.1999905181079809,1.312282685892644,1.4043617863666433,0.5638903806316173,5247.913005879338
stiff,10057,ppo-s1,1.3750415966991536,12.969733188084676,2140.4597216702286,7392.747917208265,2.4912110843083664,0.0,0.17260388694171458,0.3480788904646986,0.5048814688106767,0.6588166598850183,0.7988521362409988,0.9396287285592784,1.0604110577371413,1.1792176547281072,1.2942867582666504,1.3750415966991536,0.551957080377597,5206.196002329308
stiff,10057,ppo-s2,1.4068932190359509,13.041179516604315,2190.041577844928,7433.472324464458,2.4911025791006653,0.0,0.17065637342033008,0.3432960014102822,0.4987741121441155,0.6561077054980746,0.7984609413695762,0.9362968186744229,1.0621434092763846,1.1982702344131997,1.306817487384086,1.4068932190359509,0.5647672764819929,5235.1033739094055
stiff,10057,ppo-s3,1.3794032659584508,12.888480724795576,2147.249317993121,7346.4340131334775,2.490646687167731,0.0,0.17844857287311316,0.35270422228812953,0.49610589510868525,0.6494891848729859,0.7810011196506499,0.9243211683893386,1.0537467903996782,1.1800906848078427,1.284310961658636,1.3794032659584508,0.5538333771166298,5174.752722334883
stiff,10057,ppo-s4,1.4273666971303713,13.087043129558628,2221.9116356881254,7459.614583848417,2.4946526326675165,0.0,0.17549113025973964,0.3504383661942215,0.49522159590138953,0.6494344383374493,0.7857867190654505,0.9328113327139931,1.069621672408604,1.1983194945518787,1.3226878611124848,1.4273666971303713,0.5721705212336906,5246.038249247044
stiff,10058,max-exp-cap,1.526909974505009,13.976731276691986,2376.865766744916,7966.7368277144315,2.49999999975,0.0,0.1999817898315781,0.3767442282323288,0.5452765242997127,0.7022121369897008,0.8498912798395337,1.001267539198377,1.1242003082827927,1.2585186842105136,1.3937167773818304,1.526909974505009,0.61076398986308,5590.692511235864
stiff,10058,accept-greedy,1.476050229960813,13.549869807910962,2297.694900268862,7723.425790509247,2.49999999975,0.0,0.1890000040773243,0.3451477997718166,0.5206478022987578,0.6818270931883548,0.8466322004204876,0.9854200527277015,1.0874239361720124,1.2204030402038029,1.351949228010462,1.476050229960813,0.5904200920433672,5419.94792370638
stiff,10058,rolling-lp,0.9835832592805778,11.441222555726187,1531.0957533598357,6521.496856763925,1.5400222774749033,0.0,0.1890000040773243,0.36450000711381403,0.5309753678604913,0.6764058046007562,0.834381478091456,0.9004739251064944,0.9034099383646534,0.9835832404958513,0.9835832481980147,0.9835832592805778,0.6386811890106613,7429.257825078856
stiff,10058,peak-first,1.4423657330351336,12.640003560959563,2245.2598982389445,7204.80202974695,2.49999999975,0.0,0.15403331545594015,0.30138845211007737,0.4420609311643827,0.5912442485818539,0.745670151465328,0.8938023658594401,1.0386102158695552,1.183866153770688,1.3269573762708853,1.4423657330351336,0.5769462932717481,5056.001424889426
stiff,10058,ppo-s0,1.4396863180274917,13.389558670042888,2241.0889844896706,7632.048441924446,2.4915541024996983,0.0,0.20480882776487344,0.3757384797422708,0.5229515906415088,0.6683106245304051,0.8123283511253859,0.9484832472958263,1.0780710682314534,1.2138123269141101,1.337325908301147,1.4396863180274917,0.5778266330171596,5373.978697315689
stiff,10058,ppo-s1,1.4033764392675787,13.337139473816697,2184.567179497812,7602.169500075516,2.491016812810729,0.0,0.21147648161839086,0.3822288557948582,0.5321601363730919,0.6774940148608686,0.8240641675253633,0.9546055314051741,1.0760473035135028,1.1955961632018595,1.3107933058122678,1.4033764392675787,0.5633749367127251,5354.094522857831
stiff,10058,ppo-s2,1.4580475649647238,13.51443593961879,2269.6710358277037,7703.22848558271,2.491365306985376,0.0,0.21297997388552992,0.3865406402842741,0.5349866718984175,0.681135132390679,0.8288480274594006,0.9620789679356352,1.0837345332121024,1.2024028980428252,1.3309840897293237,1.4580475649647238,0.5852403743748859,5424.50996717605
stiff,10058,ppo-s3,1.4268803250758981,13.143519834532453,2221.154524197939,7491.806305683498,2.488662606286019,0.0,0.1936177645713617,0.36052395346776167,0.5094128094059109,0.6621797927042049,0.7987687805186312,0.9320614625624409,1.0609991401170755,1.189131532947234,1.3098846525969703,1.4268803250758981,0.5733522581453167,5281.358670851458
stiff,10058,ppo-s4,1.4698140639183694,13.483093510557635,2287.9873668651157,7685.363301017852,2.4944263804992985,0.0,0.2041194665583315,0.375954906188105,0.5241030638068984,0.6736025038844577,0.8193353479814716,0.9564405488553195,1.0831512093374094,1.210356721047764,1.3447261413918983,1.4698140639183694,0.5892393038371263,5405.288212137487
stiff,10059,max-exp-cap,1.5648864996170286,14.297936102302966,2435.9819582597106,8149.82357831269,2.49999999975,0.0,0.20501535232036616,0.38752022464915786,0.5542406928284775,0.6995710533267621,0.8301425206243584,1.0112752726687149,1.172894598850323,1.3218624675106256,1.4376540817247785,1.5648864996170286,0.6259545999094069,5719.1744414931045
stiff,10059,accept-greedy,1.439414367176139,13.329786356581936,2240.665651955592,7597.978223251703,2.49999999975,0.0,0.1890000038648511,0.37685787057005293,0.5417268991996743,0.6719134919051333,0.7798585543921177,0.9318342039446027,1.088664764129908,1.2280222982101003,1.3158262681831072,1.439414367176139,0.5757657469280322,5331.914543165965
stiff,10059,rolling-lp,0.9901235480646389,11.08360618026583,1541.27669969919,6317.655522751523,1.6988661968836944,0.0,0.1890000038648511,0.3607057761641391,0.4833048696082569,0.6145828567192531,0.7409278332307281,0.8803359308335472,0.9455181461540156,0.9455199076936637,0.9701429251545197,0.9901235480646389,0.5828143204455221,6524.119557265299
stiff,10059,peak-first,1.4444353925008278,12.63026774150108,2248.4816354827676,7199.252612655614,2.49999999975,0.0,0.15340073588389522,0.30427193830767063,0.43950694685275143,0.582040922642793,0.7181399715568191,0.8900942588828421,1.0488084044205346,1.1956807740466573,1.337365261348748,1.4444353925008278,0.5777741570581085,5052.107097105642
stiff,10059,ppo-s0,1.441801032217076,13.584185125879474,2244.3808562094173,7742.9855217512995,2.490635249808118,0.0,0.20814097627053657,0.38267830519812684,0.5316511244859411,0.6741790511585459,0.8083771855939119,0.9706464904012907,1.1160644122116758,1.246169854544395,1.3468372796831094,1.441801032217076,0.5788888727597324,5454.104581120828
stiff,10059,ppo-s1,1.3889780590844496,13.27347608772403,2162.153928209076,7565.881370002696,2.491164819709331,0.0,0.20618747364482576,0.37982196029975657,0.5330519122720627,0.6700926323457872,0.7954068406966175,0.9543096247157896,1.085676613319601,1.207447071328541,1.3059725469359,1.3889780590844496,0.5575616868443556,5328.220751476724
stiff,10059,ppo-s2,1.4597650007091554,13.627740011243807,2272.344483703271,7767.811806408969,2.4924890142268668,0.0,0.20906751609164945,0.3837685509933026,0.5359448323636025,0.6806823404551061,0.8068595519883759,0.9737337367970373,1.1192400568700926,1.2369232997539292,1.3485406931087431,1.4597650007091554,0.5856655705910716,5467.522598277501
stiff,10059,ppo-s3,1.4272930324603048,13.544782798111958,2221.7969655140987,7720.526194923816,2.490183177425082,0.0,0.20867472422603128,0.38417647038331537,0.5415951686471426,0.683633334839103,0.8141997057590897,0.9703538337133574,1.1115694799331672,1.2301634995884396,1.3295742177754928,1.4272930324603048,0.5731678879688542,5439.27166519438
stiff,10059,ppo-s4,1.4645719967508752,13.581799441269718,2279.827298357191,7741.625681523738,2.493603384335967,0.0,0.20718518372792039,0.3796539631213391,0.524043492566163,0.6717829789193348,0.8054443490334801,0.9705967111761953,1.1118145959703194,1.2391945891123854,1.350725276145021,1.4645719967508752,0.5873315724348372,5446.655842138455
stiff,10060,max-exp-cap,1.5125277559818409,13.755367244263924,2354.4776735185,7840.559329230436,2.49999999975,0.0,0.17213305118272992,0.3420892138323342,0.522630863009013,0.7025773019835488,0.846515932482129,0.9713896066944808,1.120303082472312,1.2631015070444231,1.3832456113895288,1.5125277559818409,0.6050111024532374,5502.146898255784
stiff,10060,accept-greedy,1.4300284490162776,13.107728241800993,2226.055054123276,7471.405097826565,2.49999999975,0.0,0.18900000428267455,0.3555389694036925,0.5046594730006073,0.6687308438204134,0.8014904253651648,0.9279653078621979,1.0512870833399353,1.191784930080539,1.2999820368709392,1.4300284490162776,0.5720113796637122,5243.091297244706
stiff,10060,rolling-lp,0.985013537428584,11.48566607444585,1533.3221971081132,6546.829662434135,1.5037076981135804,0.0,0.18900000428267455,0.34802980865386873,0.5393603622500581,0.703148420669671,0.8546716166508924,0.8894013997274289,0.9536568123330394,0.9549047395184745,0.9612603013729076,0.985013537428584,0.655056523727514,7638.230547635527
stiff,10060,peak-first,1.4416749011847765,12.710824978469402,2244.1845142260636,7245.170237727559,2.49999999975,0.0,0.1534770460623623,0.2996281455874036,0.44933153888539606,0.5995981629094531,0.7432645653744157,0.8946382542740696,1.0502890602647204,1.2002073002333669,1.3333859872688285,1.4416749011847765,0.5766699605315776,5084.329991896194
stiff,10060,ppo-s0,1.410864208746095,13.168182347888562,2196.223022500955,7505.863938296479,2.49101218251022,0.0,0.17800568111296747,0.34710076762323044,0.5059542322608519,0.6613590580150659,0.8009177166079494,0.9389696353889252,1.0889784395054323,1.217453437739865,1.3097003538959269,1.410864208746095,0.5663818983511963,5286.277779106982
stiff,10060,ppo-s1,1.3728299815748344,12.992445078551544,2137.0170090244396,7405.693694774379,2.4916496352711324,0.0,0.18264036704142123,0.3511966740448856,0.5059294461520999,0.6568952488830597,0.7956025422828412,0.9354044305220757,1.0767646902550243,1.1877396097005724,1.2814060753008736,1.3728299815748344,0.5509723205628178,5214.394871025979
stiff,10060,ppo-s2,1.4246350574775273,13.198995073556558,2217.659426398555,7523.427191927238,2.4930679718480495,0.0,0.18242949502381803,0.35124479357001254,0.5101897047338425,0.6657643824570716,0.8039921511542903,0.938366133957466,1.0832720980728103,1.204491883168495,1.3147120741121898,1.4246350574775273,0.5714385141378558,5294.278063254116
stiff,10060,ppo-s3,1.421493647025713,13.20824287012657,2212.7693470311497,7528.698435972145,2.4899888166201825,0.0,0.1703617006578885,0.33910058250686975,0.5182546780050283,0.6713082637685132,0.8100457137699106,0.9419564397470017,1.0875937717956115,1.2113963290443261,1.313527476300959,1.421493647025713,0.5708835467603405,5304.539033253549
stiff,10060,ppo-s4,1.4460578169806297,13.313243209075845,2251.0071839889397,7588.54862917323,2.49332010603005,0.0,0.17894027288025696,0.3482495192001158,0.516326022772296,0.6667327663917965,0.807486195405463,0.9468521955809679,1.0967063510638895,1.2161141546831395,1.3290260292730438,1.4460578169806297,0.5799727894879462,5339.564373173747
stiff,10061,max-exp-cap,1.5350881285341393,13.995234651696567,2389.5962974713975,7977.283751467042,2.4999999997500004,0.0,0.18467855776066613,0.33410571568554953,0.5161060366801139,0.7079437988145076,0.8671498735904887,1.0075769438103657,1.1590573494173384,1.2722275725904553,1.4066719227834827,1.5350881285341393,0.6140352514750591,5598.093861238435
stiff,10061,accept-greedy,1.3975514112755172,12.851586884269835,2175.4996445050238,7325.4045240338055,2.49999999975,0.0,0.18900000396982353,0.3353120062350546,0.5067702477699654,0.6762768531918765,0.8197725509122826,0.9011123771008969,1.0166657811333846,1.1370879245679237,1.276371929653299,1.3975514112755172,0.5590205645661089,5140.634754221997
stiff,10061,rolling-lp,0.9591081084530456,11.205584504626206,1492.9964881056817,6387.183167636937,1.5839686944393467,0.0,0.18900000396982353,0.36450000699119456,0.5263266131252855,0.6941608702068102,0.831745182692001,0.8603674671817193,0.8993674701742395,0.9324102026330283,0.9415353329711812,0.9591081084530456,0.6055095102700414,7074.372456958486
stiff,10061,peak-first,1.41696184103676,12.385266792343987,2205.7149072170646,7059.602071636073,2.49999999975,0.0,0.14889451511092938,0.2807095657767316,0.42435579795373274,0.583767847745458,0.7306350208206328,0.8787867339992167,1.024825778180045,1.1696225945708512,1.2977951258161258,1.41696184103676,0.5667847364713825,4954.1067174330055
stiff,10061,ppo-s0,1.3879040526303954,12.882611076647065,2160.4820751093334,7343.088313688826,2.4920487822462345,0.0,0.19362699228434613,0.3119561970474879,0.48095994472903014,0.6382683782109025,0.7881768011079994,0.9305780354711572,1.0718289842607327,1.1882843618216246,1.2842674283063458,1.3879040526303954,0.5569329390813103,5169.485913929497
stiff,10061,ppo-s1,1.348142113943107,12.631619287862334,2098.586617968277,7200.02299408153,2.4924511341450617,0.0,0.19868468606695538,0.3160498231634124,0.4728687191720533,0.6316619169019494,0.7799420174705716,0.921319268276118,1.0465238175770428,1.1544991908215472,1.2449212929189635,1.348142113943107,0.5408900882646731,5067.950626921766
stiff,10061,ppo-s2,1.4081580502976079,12.821464364694021,2192.010478550758,7308.234687875592,2.4939036973370654,0.0,0.20199214474741892,0.32145905548722026,0.4791233361430772,0.6264454184181788,0.7782890814343382,0.9148914504495568,1.0474026458910934,1.168845400532104,1.2899636512839479,1.4081580502976079,0.5646401069139949,5141.122481347013
stiff,10061,ppo-s3,1.384908075918542,12.62006490434925,2155.8183853022915,7193.436995479072,2.4895711434815855,0.0,0.1825980782292851,0.30690528559308466,0.47365378209838943,0.6336762048419361,0.7728648253519685,0.9063763335327946,1.0340799309510547,1.1519199359959016,1.26020780238354,1.384908075918542,0.5562837919071444,5069.172229679885
stiff,10061,ppo-s4,1.4256468071161494,12.834135842850948,2219.234367371311,7315.45743042504,2.4935522581192426,0.0,0.1916729865815818,0.30958682566904233,0.4739626405884817,0.626162422625031,0.7778274168721135,0.9146415153073213,1.0529855420790952,1.174718600035131,1.2975056961856664,1.4256468071161494,0.5717332782876751,5146.928764400981
stiff,10062,max-exp-cap,1.5158617948440636,13.44788107653008,2359.6676080719,7665.292213622145,2.49999999975,0.0,0.16875340274557538,0.3135393449942844,0.507578342345381,0.6657653642318959,0.810675452793944,0.9350181096619113,1.0958809203136841,1.2400354993274136,1.3858751051174438,1.5158617948440636,0.60634471799826,5379.152431149948
stiff,10062,accept-greedy,1.412898389101564,12.736043191927914,2199.389531156363,7259.544619398911,2.49999999975,0.0,0.16984379023542553,0.2936175863561386,0.4678145552698778,0.6404763049805128,0.781399653800386,0.9119666269264673,1.046025749830139,1.1715686308170783,1.2860839760684657,1.412898389101564,0.5651593556971416,5094.417277280608
stiff,10062,rolling-lp,0.955211606231056,11.108885378094255,1486.9309944641886,6332.064665513725,1.4812035732500244,0.0,0.16984379023542553,0.3252084405915032,0.5335922298117656,0.6943734429688154,0.8219715338695458,0.8609715356853104,0.8807585473376032,0.9392585539554577,0.9552115947942742,0.955211606231056,0.6448888076438755,7499.904522724977
stiff,10062,peak-first,1.4344469778476308,12.334720919534233,2232.9331609494648,7030.790924134512,2.49999999975,0.0,0.1450623983759574,0.28445979919850406,0.42753284263823216,0.5771167589408706,0.7202078087124681,0.8601143707347266,1.0161508003040725,1.1648656908347215,1.293926462174083,1.4344469778476308,0.5737787911964302,4933.888368307082
stiff,10062,ppo-s0,1.3907533493967357,12.68075718708411,2164.917435449033,7228.031596637942,2.4899268879341085,0.0,0.16575902003932957,0.30539760664441,0.4745492888090075,0.6211332142836496,0.7599115976213724,0.8933370989993002,1.0522060892705078,1.1927133750302714,1.290418628476945,1.3907533493967357,0.5585518820396542,5092.823105984983
stiff,10062,ppo-s1,1.3338892344245097,12.451396629428308,2076.3998604180974,7097.296078774135,2.4940791813059966,0.0,0.16969423960444516,0.31178301049842866,0.4781503287762212,0.6245320086633218,0.7654842512422351,0.8989195132374266,1.0292910259767587,1.1486864351333252,1.2384068981363172,1.3338892344245097,0.5348223281852799,4992.382247827542
stiff,10062,ppo-s2,1.413580381120802,12.741331841743529,2200.4511546382882,7262.559149793811,2.490936940552354,0.0,0.1696208682886426,0.30889474998154104,0.46727745650067115,0.6214857347844227,0.7662848222140701,0.9009799420508504,1.0541339627684838,1.1871079407634264,1.295726858933523,1.413580381120802,0.5674894286193158,5115.076031960166
stiff,10062,ppo-s3,1.4003117707731474,12.785763356868122,2179.7965605664654,7287.885113414828,2.4898511367213687,0.0,0.1593614712176447,0.2987932867535303,0.4858208007297901,0.6379787938077248,0.7849876560225969,0.9092974871912569,1.0545191701741001,1.1930754775135632,1.2894898217541677,1.4003117707731474,0.5624078283720509,5135.151723851407
stiff,10062,ppo-s4,1.4352126012370359,12.782277138259818,2234.1249692779725,7285.897968808096,2.493682402286468,0.0,0.16528806694669806,0.3067591914010377,0.4742558606414944,0.6285191561576734,0.7684006993340258,0.8953642044488341,1.0434113823797961,1.1876204878433696,1.3065645219841433,1.4352126012370359,0.5755394511831512,5125.864114267196
stiff,10063,max-exp-cap,1.5209753524979641,14.160587395269097,2367.6276321314535,8071.534815303384,2.49999999975,0.0,0.17251937200812106,0.3724469808564635,0.5561772758466998,0.7405698359863234,0.8712763035203119,1.0162525007126346,1.157777190297235,1.2905370742338003,1.398297409662483,1.5209753524979641,0.6083901410600246,5664.234958674062
stiff,10063,accept-greedy,1.3928817366589272,13.263329960522986,2168.230591369387,7560.098077498102,2.49999999975,0.0,0.18900000421356528,0.3780000082945264,0.5469015854113126,0.7173365188813909,0.8133414129885068,0.9413202989863333,1.0588230448563034,1.1887231018490083,1.2940991017009336,1.3928817366589272,0.5571526947192862,5305.331984739728
stiff,10063,rolling-lp,0.9755503751342154,11.186135476818542,1518.591357125273,6376.097221786569,1.689424854720662,0.0,0.18900000421356528,0.3379841163482735,0.5269841198386603,0.6838002432333858,0.777282679263724,0.8912521645533167,0.9243253009239265,0.934914090346699,0.9449340157481957,0.9755503751342154,0.577445260384498,6621.268442666611
stiff,10063,peak-first,1.431690466813407,12.739357732059895,2228.642235602,7261.43390727414,2.49999999975,0.0,0.1497551457813042,0.310875869930768,0.46290707869107295,0.6141968960861193,0.7554984680197417,0.9020593068399132,1.0485914494749422,1.1921503807953986,1.3160994774397716,1.431690466813407,0.5726761867826304,5095.743093333533
stiff,10063,ppo-s0,1.4157160899808687,13.464254745445913,2203.7757077304714,7674.62520490417,2.490502467044444,0.0,0.1715665567578674,0.3789163796269434,0.5411512149763636,0.6920419569344701,0.8243664795750105,0.9617467585228314,1.1068944110633914,1.2361555973992375,1.320946415023035,1.4157160899808687,0.568445969724713,5406.240276254117
stiff,10063,ppo-s1,1.3915504828051672,13.463711767222255,2166.158293876619,7674.315707316685,2.4915099913470558,0.0,0.17396186188964533,0.38011801990241106,0.5534052698254603,0.7043912012731638,0.8429955757701516,0.9733482661722869,1.1092373799504296,1.2206714001224248,1.299473590332394,1.3915504828051672,0.5585169185104547,5403.836153168701
stiff,10063,ppo-s2,1.4112685561504283,13.267760247470706,2196.8524502467153,7562.623341058302,2.4918439954380496,0.0,0.16880568671122057,0.375199835427451,0.5411827027049008,0.6788878021267936,0.8099622977174672,0.9463279355688899,1.0865495767019226,1.20692353863393,1.2981649196927902,1.4112685561504283,0.5663551003731021,5324.474674883619
stiff,10063,ppo-s3,1.4298403288227666,13.5321361964975,2225.762216657115,7713.3176320035745,2.4893077986943286,0.0,0.170068030462445,0.3789796442595241,0.5507971033872873,0.693894598048282,0.8308330933995536,0.9691302381931279,1.1139139075055373,1.2346346575924023,1.3210176280897044,1.4298403288227666,0.574392740653741,5436.104046110837
stiff,10063,ppo-s4,1.422936108104072,13.238468283980355,2215.014755348772,7545.926921868802,2.493681434327242,0.0,0.1734375492830569,0.3785577855214834,0.5416806121248933,0.6700269660635578,0.7966478563529786,0.9329291685296295,1.0726745291557007,1.2079078296897552,1.307657148700106,1.422936108104072,0.5706166347137916,5308.804926621228
stiff,10064,max-exp-cap,1.521927688465508,13.738816428842124,2369.1100867604036,7831.12536444001,2.49999999975,0.0,0.18610351421382706,0.35677657673147134,0.5412743081350757,0.6912109047698901,0.8132673588364296,0.9633421188944715,1.0990322849671939,1.2642039434389734,1.3887429043695654,1.521927688465508,0.6087710754470803,5495.526572086403
stiff,10064,accept-greedy,1.4159301488599074,13.092768468617193,2204.108922674476,7462.878027111799,2.49999999975,0.0,0.18900000430991007,0.37800000826573343,0.5471900677520899,0.6792853020228572,0.7790147137637713,0.9082166795539811,1.0455442065532854,1.171100919075023,1.2975752428046288,1.4159301488599074,0.5663720596006002,5237.107387970587
stiff,10064,rolling-lp,1.0879866565362373,12.081765725950877,1693.615394342136,6886.606463792,1.7432492878609842,0.0,0.18900000430991007,0.3572938668188845,0.5430689174905637,0.6941512341058236,0.7989878517675694,0.9309500037047826,0.9839724556575768,1.0879866419868462,1.0879866471602762,1.0879866565362373,0.6241142125296534,6930.601268608888
stiff,10064,peak-first,1.4339076761985141,12.696342304050447,2232.093656558808,7236.9151133087535,2.4999999997500004,0.0,0.15316900878914907,0.30272703163516723,0.4550801697408652,0.6049767375229627,0.745443852591407,0.9043017771911811,1.0494411203598142,1.1966453495140046,1.3104984989564792,1.4339076761985141,0.5735630705367618,5078.536922128031
stiff,10064,ppo-s0,1.3752088634022632,13.001573102137161,2140.7200975320516,7410.896668218181,2.4906791564435014,0.0,0.18924921229082828,0.3530537474685815,0.5138889376920531,0.6560381227839622,0.7924997787203397,0.9381422042385041,1.067291463620873,1.1887240818577394,1.2781765398369078,1.3752088634022632,0.5521421174800997,5220.0915033562205
stiff,10064,ppo-s1,1.402178228112477,13.11948577920353,2182.7019830399686,7478.106894146011,2.492511506014152,0.0,0.19078321327124836,0.3515295111724607,0.520749633019105,0.6594068792413948,0.7923594424696616,0.939982267409466,1.0799594439880362,1.1955325093089355,1.2955394934983493,1.402178228112477,0.5625563712461016,5263.560768946372
stiff,10064,ppo-s2,1.4177274196140228,13.201283324361516,2206.906645788711,7524.731494886063,2.4925349315520893,0.0,0.18978744590703636,0.3555602070307776,0.5257161110091342,0.6707917884561458,0.7957651554398463,0.9465742483299744,1.0699278463357833,1.200122927611592,1.308594607291024,1.4177274196140228,0.5687893885327461,5296.328311090565
stiff,10064,ppo-s3,1.4007886331758532,13.152093277385498,2180.53886884879,7496.693168109733,2.492740178636447,0.0,0.18695494646257932,0.35417481427408454,0.5276858549425385,0.6699872292555794,0.7985106038277096,0.9452107546265568,1.0725032394862688,1.196794501510215,1.2963572572365751,1.4007886331758532,0.5619473080993537,5276.158899392323
stiff,10064,ppo-s4,1.420323690592742,13.106037792441752,2210.948133311583,7470.441541691798,2.49474405484555,0.0,0.1884577111226661,0.34897318612467326,0.5071803371414534,0.6576642144791338,0.7873801969789898,0.9390363837884168,1.0654765799200072,1.1980135131010585,1.3068757570129068,1.420323690592742,0.5693264156032529,5253.459875767956
stiff,10065,max-exp-cap,1.4774617366964453,13.413113620157965,2299.8921234814106,7645.47476349004,2.49999999975,0.0,0.1437326336456935,0.3484537532367366,0.5201189910609175,0.6681884336854439,0.824616024445756,0.9472924887580314,1.0855364629000515,1.2274695012788992,1.3737785298543792,1.4774617366964453,0.5909846947376766,5365.2454485997105
stiff,10065,accept-greedy,1.4116236036868737,12.683584509386634,2197.405135309381,7229.64317035038,2.49999999975,0.0,0.1332688016954047,0.3222688060272889,0.4656240233384569,0.6341267887003113,0.799313509134747,0.8953762083810233,1.0217302209217518,1.1640505036392355,1.3006130884611475,1.4116236036868737,0.5646494415312144,5073.433804261997
stiff,10065,rolling-lp,0.9722432936092895,10.981838126243257,1513.4433857348972,6259.647731958657,1.5864870119694137,0.0,0.1332688016954047,0.3087688053794123,0.4908465592861383,0.6279602198813223,0.7852485390994545,0.8773044302270743,0.9146583011395071,0.972243276892824,0.9722432840152004,0.9722432936092895,0.6128277674346531,6922.110325133238
stiff,10065,peak-first,1.4345623985231288,12.403102865538107,2233.1128306463997,7069.768633356721,2.49999999975,0.0,0.13306494300721247,0.298914958035201,0.4433999311087251,0.5829176720727905,0.7256815338518041,0.8668235998244431,1.0206733703426445,1.1554759718833036,1.3062984213717141,1.4345623985231288,0.573824959466634,4961.241146711367
stiff,10065,ppo-s0,1.379956767429378,12.8082976864522,2148.110926549,7300.729681277753,2.4913592321026847,0.0,0.1429562365566592,0.3405448654827715,0.4959868481808281,0.636956918690655,0.784728314388868,0.9165979207229671,1.057262037365371,1.1828309469627414,1.2902910416183615,1.379956767429378,0.5538971456415408,5141.08825472034
stiff,10065,ppo-s1,1.3309597255086305,12.572012132465197,2071.8396377646404,7166.046915505161,2.4937231663249193,0.0,0.1476510909987172,0.3427267415198491,0.4908355878233765,0.6338891484281871,0.7755371912671227,0.9122937900024063,1.0502851869403496,1.1499997482157127,1.2421427129413276,1.3309597255086305,0.5337239287350845,5041.462621928872
stiff,10065,ppo-s2,1.4241209354307176,13.046340280900212,2216.8591178581732,7436.413960113121,2.4929999395614946,0.0,0.1499176675719491,0.3474012942916065,0.5044600717132166,0.6476698588445552,0.797714211742597,0.9278919227593639,1.0672363157058011,1.1953080053701122,1.319311318945327,1.4241209354307176,0.5712478820521805,5233.189168546468
stiff,10065,ppo-s3,1.4052038905926962,12.831507686205581,2187.411883224679,7313.959381137181,2.4913710351501797,0.0,0.13605922195329484,0.3334081919562452,0.502867692943913,0.6467944037553933,0.7816519913318315,0.9091637069459011,1.04975634151204,1.1771494415316825,1.3009672300958068,1.4052038905926962,0.5640283485546707,5150.380053861427
stiff,10065,ppo-s4,1.4269853796047673,12.960702578408796,2221.318057423525,7387.600469693013,2.4944719989726187,0.0,0.14250102061651243,0.34183909281089936,0.5017938903395133,0.6424798172109013,0.7911656133172424,0.9172981248486765,1.0593835602344286,1.1875604507800777,1.3150105815791342,1.4269853796047673,0.5720590891348911,5195.769919945717
stiff,10066,max-exp-cap,1.5211779340742984,13.804366432613982,2367.9429809220187,7868.488866589969,2.49999999975,0.0,0.1662015573818488,0.36493308748192194,0.5432224801383961,0.7124711796146713,0.8473608038763465,0.9743380691232073,1.1043799802452074,1.247516280327821,1.386389867538803,1.5211779340742984,0.6084711736905665,5521.746573597768
stiff,10066,accept-greedy,1.4066291648293474,12.93137688545414,2189.630537629905,7370.88482470886,2.49999999975,0.0,0.15665852252270243,0.3346276690234438,0.5093936580507906,0.676179375859239,0.808452769934002,0.9179848770753897,1.0417145436965887,1.1697524195041678,1.2857855649661922,1.4066291648293474,0.5626516659880041,5172.550754698912
stiff,10066,rolling-lp,0.9871464415918894,11.163076343314,1536.6423842665943,6362.95351568898,1.545396108251351,0.0,0.15665852252270243,0.3321585257635302,0.5160564595181296,0.6764259866647102,0.8272115840823475,0.8802217096714497,0.9192217132498928,0.9251919904429224,0.9509208780784077,0.9871464415918894,0.6387659683631964,7223.440180618328
stiff,10066,peak-first,1.4221017413683912,12.47152996501546,2213.7159376292834,7108.772080058811,2.49999999975,0.0,0.14317798968500195,0.29416667009889697,0.44478869714424274,0.5985125462753715,0.7380820120230045,0.8800682931366851,1.0264209383945002,1.162301503636178,1.302150305326438,1.4221017413683912,0.5688406966042405,4988.611986505045
stiff,10066,ppo-s0,1.4150258601510286,13.19298176453517,2202.701260853363,7519.999605785047,2.490857464287779,0.0,0.16099555306802293,0.35398654627045933,0.5213812182740377,0.6740107326129151,0.80453234602969,0.9404913069701117,1.07854334220816,1.2061574056150943,1.3201104839563906,1.4150258601510286,0.5680878494408883,5296.562309841962
stiff,10066,ppo-s1,1.3961894852884238,13.070528896625051,2173.3796012086846,7450.201471076279,2.493002471813254,0.0,0.15744796783550638,0.35139518144732224,0.526455652920276,0.671698921300711,0.8057612820468281,0.9411127635005081,1.0679068706342854,1.1857353253338085,1.2928670348839628,1.3961894852884238,0.560043361799366,5242.886456955001
stiff,10066,ppo-s2,1.4327134897248779,13.255297298688136,2230.234725124939,7555.519460252237,2.4906866039000835,0.0,0.15814262505522342,0.35113320641951723,0.5259051987335915,0.6829320870062949,0.8098984063457794,0.9470583109718093,1.0782599643118238,1.2040928483778521,1.325130456384718,1.4327134897248779,0.5752283275950654,5321.945072468012
stiff,10066,ppo-s3,1.4196794368176495,13.140769615413612,2209.945255100895,7490.238680785758,2.491474868556153,0.0,0.16720108642141485,0.35690618430472687,0.5198577339390686,0.6713160819897579,0.803303153347447,0.9347073270100934,1.063776796158804,1.1928226468257799,1.3121230131932318,1.4196794368176495,0.5698148734048339,5274.293464187695
stiff,10066,ppo-s4,1.4558177395865237,13.31463435305128,2266.1999761740517,7589.3415812392295,2.493832003995753,0.0,0.16152974554810182,0.35660165971085656,0.5251624815562825,0.6808592505342667,0.8137556602327721,0.9496148707664624,1.073601497036477,1.2050094467276813,1.3314326500977254,1.4558177395865237,0.5837673657463428,5339.026178073684
stiff,10067,max-exp-cap,1.5147875007459286,14.121776106572032,2357.9953072107432,8049.412380746057,2.49999999975,0.0,0.19695956951473367,0.37276961888743443,0.5501823021285771,0.7228208029016663,0.8548695505530497,1.0018040987444081,1.1630682919549216,1.2881125145706367,1.4065224875166111,1.5147875007459286,0.605915000358963,5648.710443193684
stiff,10067,accept-greedy,1.4414258800221988,13.66568457004541,2243.796875212364,7789.440204925883,2.49999999975,0.0,0.18900000405629577,0.3780000078902004,0.5421050155652517,0.7034727235862805,0.8396210141266839,0.9777372873576884,1.1150928718541486,1.2347456213552013,1.357700919977064,1.4414258800221988,0.5765703520665366,5466.273828564792
stiff,10067,rolling-lp,0.9820657647367188,11.580364885245947,1528.7335441315608,6600.807984590189,1.4867851503158036,0.0,0.18900000405629577,0.3567797943744956,0.5457797975005936,0.7088410183795415,0.8380883376144722,0.9123498245828316,0.9513498284338517,0.9729618485820966,0.9820657551191461,0.9820657647367188,0.6605297103808988,7788.862353640131
stiff,10067,peak-first,1.421931143071531,12.507954682500952,2213.4503756390927,7129.534169025542,2.4999999997500004,0.0,0.1523838636712862,0.2970456234046649,0.44465249321027545,0.5926894283689217,0.7375691644988068,0.8884940383397661,1.0325714671440465,1.1715902430110452,1.2962426456735994,1.421931143071531,0.5687724572854895,5003.181873500698
stiff,10067,ppo-s0,1.4096413698667214,13.335996964789553,2194.319489274269,7601.518269930044,2.490942780447945,0.0,0.19670394203110414,0.36558450755640776,0.5266844544460212,0.6711806815408676,0.8078972014403023,0.9556402396392902,1.0992116669897494,1.2185091052704653,1.3160552773103922,1.4096413698667214,0.5659067646721401,5353.7949845605635
stiff,10067,ppo-s1,1.37744226133516,13.242358559512489,2144.196718406142,7548.144378922118,2.4914935393865023,0.0,0.2048559498386771,0.37140946628055826,0.5333649839337034,0.6720333708123059,0.8112316018380015,0.9536142650224103,1.0925117024505013,1.2011921305057651,1.2892989531783945,1.37744226133516,0.5528580506270697,5315.028255210024
stiff,10067,ppo-s2,1.4254246569399551,13.478301468808038,2218.888557102409,7682.6318372205815,2.4918066972166972,0.0,0.2038939873041173,0.37180438145428546,0.5382286622383488,0.683683067068042,0.8207491155501736,0.9601727210520327,1.1061901807553338,1.2236683969409239,1.324710373051134,1.4254246569399551,0.5720446367417379,5409.047773995894
stiff,10067,ppo-s3,1.410826612728092,13.233532424069027,2196.1644986261686,7543.113481719345,2.4910298767317323,0.0,0.18263550517486069,0.3506601058605976,0.5262134407666117,0.6685166846493702,0.8058689596906257,0.9456986837626163,1.0880561168762182,1.2107811676192617,1.3120274563040613,1.410826612728092,0.566362782681321,5312.474389681595
stiff,10067,ppo-s4,1.429673236270096,13.423492382853341,2225.5021118867276,7651.3906582264035,2.493964144946354,0.0,0.19664458778774488,0.3676291319289635,0.5270278969965042,0.6705294741811748,0.809383991224472,0.9572399154804517,1.1013695683861977,1.2309993322268706,1.3328187880403157,1.429673236270096,0.5732533240973473,5382.391888052618
stiff,10068,max-exp-cap,1.5346612243576667,13.785677105827817,2388.9317567062703,7857.835950321855,2.49999999975,0.0,0.17451753682477664,0.343663914971329,0.48661042823851947,0.6818754872462597,0.8306519655722325,0.981237346594411,1.1230129113578675,1.2848809809940107,1.4148733304328953,1.5346612243576667,0.6138644898044532,5514.2708428825545
stiff,10068,accept-greedy,1.456088233475994,13.212577423956384,2266.6210407271233,7531.169131655138,2.4999999997499995,0.0,0.18123417160184263,0.3373728121569923,0.49440477263964133,0.6599732061126247,0.8051859813751343,0.9321123577388566,1.0738534377497106,1.2104535634579552,1.3371446044937163,1.456088233475994,0.5824352934486412,5285.030970111057
stiff,10068,rolling-lp,0.9809579879262043,11.195435146779866,1527.0091223764673,6381.398033664523,1.6112761481164182,0.0,0.18123417160184263,0.33291904665663935,0.46690800681253186,0.6371290455150813,0.7928532359463184,0.9178568346982053,0.9374856759131772,0.9636992781105126,0.9809579790332522,0.9809579879262043,0.6088081109330292,6948.179031798695
stiff,10068,peak-first,1.4381306232370459,12.58770211994248,2238.667310813649,7174.990208367213,2.49999999975,0.0,0.14244863128262786,0.2896837664956209,0.4255099767060366,0.5881138347572697,0.7477500765269145,0.8955205380558281,1.0415978750096513,1.1935602094995608,1.3240847153226163,1.4381306232370459,0.5752522493523435,5035.0808484805
stiff,10068,ppo-s0,1.413774278220955,13.054842788393191,2200.7529847312994,7441.260389384118,2.491859123762574,0.0,0.16503765571162865,0.3327909752916762,0.4737658803911615,0.6427134908944082,0.7937454745968318,0.9380477374174055,1.0849768823043817,1.218166160269242,1.3234751188923226,1.413774278220955,0.5673572252697141,5238.997126242465
stiff,10068,ppo-s1,1.3652992848156544,12.849759580136931,2125.2943432317597,7324.3629606780505,2.491043772649682,0.0,0.16414858857974637,0.33456309102355286,0.48010641290405426,0.6381242605201995,0.7882401175414553,0.9393174753875786,1.0703741953268184,1.1852473068569345,1.2893264839103036,1.3652992848156544,0.5480832170859078,5158.3836949074785
stiff,10068,ppo-s2,1.427552415416485,13.028324703862546,2222.200734223005,7426.145081201651,2.493139106150764,0.0,0.16155959661618835,0.3290604676922929,0.4685643763359928,0.642321008780258,0.7919218563833168,0.941637849619867,1.0824039542992991,1.2073283227384806,1.3171084613520976,1.427552415416485,0.5725923643388388,5225.670991129487
stiff,10068,ppo-s3,1.3987906868467306,12.889848124620778,2177.428763922647,7347.213431033842,2.490937532999933,0.0,0.16688913840932115,0.33698809121589196,0.47419683596904105,0.6335001986202982,0.7848302305148647,0.9255354293681864,1.0683877942217364,1.1899865192929164,1.3013953657580206,1.3987906868467306,0.561551892938123,5174.697459834343
stiff,10068,ppo-s4,1.4471629662817573,13.11478253757885,2252.727515629215,7475.426046419944,2.4932101308969203,0.0,0.1650405897449894,0.33368721869830953,0.4730035133638264,0.6433293862305954,0.7904456806642408,0.9369197237671603,1.0794800696947093,1.2177906715730717,1.338139416483172,1.4471629662817573,0.5804416356037938,5260.199441296539
stiff,10069,max-exp-cap,1.497707331057246,13.683106833396112,2331.4074459084522,7799.370895035783,2.49999999975,0.0,0.18486797047944994,0.35391620720287487,0.5297013305353913,0.6956401540657456,0.8367830912385612,0.9550846231278637,1.1069652248511104,1.2450902556786279,1.3843373031354531,1.497707331057246,0.5990829324828066,5473.2427339057695
stiff,10069,accept-greedy,1.4329088106032115,13.474031667155167,2230.5387715435186,7680.1980502784445,2.49999999975,0.0,0.1890000042130468,0.3780000083083942,0.5458310842011272,0.7036263617997748,0.8416204298120131,0.955585707985577,1.0860446617366295,1.1991909486025194,1.323974584020604,1.4329088106032115,0.573163524298601,5389.6126674010275
stiff,10069,rolling-lp,0.9983790761675226,11.26467046145284,1554.127674846239,6420.862163028118,1.7239206932785514,0.0,0.1890000042130468,0.35156754461744966,0.47977975928025435,0.6499612329276903,0.7759466804774826,0.8601355645561026,0.9349503699548845,0.9983790608171356,0.9983790675900177,0.9983790761675226,0.5791328336971266,6534.332179765007
stiff,10069,peak-first,1.4340533253824437,12.68662827227936,2232.3203814902167,7231.378115199234,2.49999999975,0.0,0.15216243848571787,0.30257342312981994,0.45360794652794484,0.6037517136352697,0.7483817951328284,0.893886984360794,1.0459971082411013,1.1811772763342203,1.3343588706445986,1.4340533253824437,0.5736213302103396,5074.65130941921
stiff,10069,ppo-s0,1.3919859556510992,13.050229425382323,2166.836173068664,7438.630772467924,2.4905647750629916,0.0,0.18339351819962418,0.34726595409356026,0.5148737838788607,0.6575457165004854,0.8039014423896684,0.929489697203721,1.0641522594860613,1.1877390596994877,1.3031826203509609,1.3919859556510992,0.5589037352445061,5239.867501559865
stiff,10069,ppo-s1,1.3848203678990862,13.02800573334289,2155.6818545359765,7425.9632680054465,2.491600225992956,0.0,0.18662358395743245,0.34612862772300995,0.5112208693165563,0.6622212636025179,0.8056709297497932,0.9377588872492169,1.062205160135595,1.1811500994142103,1.2914536119943762,1.3848203678990862,0.5557955700325905,5228.7704895158095
stiff,10069,ppo-s2,1.4063556916856326,13.148165087146326,2189.20483541807,7494.454099673405,2.490691193685289,0.0,0.18526914319229934,0.3501151270758757,0.5325639601402365,0.6715169403594301,0.8113820198583839,0.9373350714535111,1.0672580558609848,1.1802235885461672,1.3044247483654543,1.4063556916856326,0.5646447440980242,5278.922220659548
stiff,10069,ppo-s3,1.3844896157692386,12.827883126569397,2155.1669889395503,7311.893382144555,2.4900469927514406,0.0,0.1766597180229805,0.3417208601440846,0.5141604842489957,0.6513248099015266,0.7914749444969735,0.9080845293324094,1.036709239209577,1.1545667481046409,1.2815027288847913,1.3844896157692386,0.5560094326731608,5151.663066565223
stiff,10069,ppo-s4,1.4331483469198842,12.974857541504146,2230.9116459634242,7395.668798657363,2.4941943082757914,0.0,0.1844204178961404,0.3439065663750032,0.5061791760935289,0.6396226412388462,0.7824752575899205,0.9091749295202521,1.049121650196496,1.1705825326759522,1.316479229054494,1.4331483469198842,0.5745937043335664,5202.023554641788
stiff,10070,max-exp-cap,1.5170454062092107,13.755549736656903,2361.5100777537555,7840.663349894434,2.49999999975,0.0,0.144361140593026,0.33097915051446253,0.5107565745336542,0.6930910604073262,0.8431442360483232,0.9933411360298203,1.1378593752161374,1.2665655940573983,1.399487486451964,1.5170454062092107,0.606818162544366,5502.219895212984
stiff,10070,accept-greedy,1.5032934863181864,13.500462225287533,2340.103139452373,7695.263468413893,2.49999999975,0.0,0.16100828709708534,0.35000829094880015,0.5134198751374072,0.6667816599122953,0.8341592030836814,0.969831541538902,1.10745490546474,1.2153523155093389,1.3514521536499264,1.5032934863181864,0.6013173945874063,5400.184890655031
stiff,10070,rolling-lp,0.9449979021332824,10.869215140134031,1471.0318229170707,6195.452629876397,1.5261096794693974,0.0,0.16100828709708534,0.31619479937881007,0.48967392456915776,0.6434110782723542,0.796616510737144,0.8701613110922987,0.9091613141264063,0.9113909235588387,0.9398199135358603,0.9449979021332824,0.6192201745695252,7122.171680290419
stiff,10070,peak-first,1.4493136760480523,12.641368739515622,2256.0754198953896,7205.580181523904,2.4999999997500004,0.0,0.1424751539591348,0.28736425475713934,0.4396989923930049,0.5946244485097484,0.7458131487762178,0.8973726740344519,1.0502764411459917,1.1911638119600911,1.3227733392549919,1.4493136760480523,0.5797254704771934,5056.547496311902
stiff,10070,ppo-s0,1.3989538124889982,12.943875575525347,2177.6826935984354,7378.0090780494465,2.492035638984501,0.0,0.14436285183806877,0.327679847574733,0.48784449353541665,0.6415562324926558,0.7886550516025681,0.9389894019802737,1.0780709676659994,1.199784644286669,1.3093104804761198,1.3989538124889982,0.5613699060335545,5194.097296618096
stiff,10070,ppo-s1,1.3666170553596815,12.899282616426214,2127.3456519184674,7352.591091362942,2.4899309616944625,0.0,0.14910337803897797,0.33309642080504853,0.49016438419476505,0.6495083105589943,0.7938112387299419,0.942771417425402,1.0829884999383,1.185799281954292,1.2927010660210407,1.3666170553596815,0.5488574086526733,5180.578423607343
stiff,10070,ppo-s2,1.4336279540889563,13.211670331136627,2231.6582268887487,7530.652088747877,2.4945669617414694,0.0,0.14688587470999737,0.33194084939516133,0.498212711702406,0.6551586375210953,0.8038971713112943,0.9507819902876762,1.1024060268181013,1.2242692832499984,1.3400599209374717,1.4336279540889563,0.5747001287502556,5296.177867245342
stiff,10070,ppo-s3,1.4129671593627005,12.94157537005859,2199.4965824443857,7376.697960933396,2.489932675574728,0.0,0.13897424886785928,0.31996928231023447,0.49670861686707496,0.6601977071130096,0.7900057384037578,0.9333414874190021,1.0668285716915462,1.1901050748518345,1.3046322340245626,1.4129671593627005,0.5674720337715791,5197.560358563272
stiff,10070,ppo-s4,1.4606585573346422,13.115730908102384,2273.7354394172494,7475.966617618358,2.493279197207734,0.0,0.14460135788345949,0.32584052113301115,0.4904686749132703,0.6408299591393036,0.7895705397061138,0.9374688182711678,1.0786299022909178,1.2107519117613592,1.3467882318438833,1.4606585573346422,0.585838344526541,5260.434099314234
stiff,10071,max-exp-cap,1.5340111325308454,13.962110413350029,2387.9197906871777,7958.402935609515,2.49999999975,0.0,0.1629846996594964,0.3470202875351009,0.5285296045977693,0.6893204024474443,0.854956939506426,1.0061242120574418,1.1513463157945507,1.2831393826784496,1.4118937531913356,1.5340111325308454,0.6136044530736986,5584.844165898496
stiff,10071,accept-greedy,1.4956380604934396,13.253217212918786,2328.1863140490977,7554.333811363707,2.49999999975,0.0,0.1528816729040637,0.3162248696794012,0.48841063431096654,0.6544668675627837,0.8142789893719509,0.9363665568676938,1.0837954524628668,1.2141720688898252,1.3576951637084869,1.4956380604934396,0.5982552242572013,5301.286885697643
stiff,10071,rolling-lp,0.9996048934903876,11.225250780162137,1556.0358444696283,6398.392944692417,1.6991253841731608,0.0,0.1528816729040637,0.32838167629101334,0.5145397050908094,0.6592936547470186,0.7925295483142205,0.8873610936226183,0.9424519833618398,0.9424519887321784,0.9916587516216983,0.9996048934903876,0.5883055499031472,6606.487599280166
stiff,10071,peak-first,1.4550007296813072,12.647389916719353,2264.9281769801078,7209.012252530031,2.49999999975,0.0,0.14463196901815628,0.2950095528977491,0.43827146443495807,0.5801517113493193,0.7370679321761144,0.89085643319281,1.0483755921484659,1.1982009054445835,1.3371776836250713,1.4550007296813072,0.5820002919307229,5058.955967193638
stiff,10071,ppo-s0,1.4207384185087322,13.089141089531582,2211.5937198900256,7460.810421033001,2.491386335595787,0.0,0.15459951469022187,0.3323446106100506,0.49429139144293804,0.6437699894621476,0.7952196548663629,0.9430694946769793,1.0857672644173997,1.209977892463966,1.3287488160909637,1.4207384185087322,0.5702601793266152,5253.758079395367
stiff,10071,ppo-s1,1.398439176607353,12.983159338040839,2176.8815851966006,7400.4008226832775,2.48986914055873,0.0,0.15522607021884283,0.3355340327828705,0.4980054719282481,0.6414798819959503,0.7919159912687616,0.9357627586785796,1.0758529371547803,1.19624720241433,1.3119803384440902,1.398439176607353,0.5616516763180338,5214.394253317024
stiff,10071,ppo-s2,1.4487030547424298,13.129457665139151,2255.1248956981462,7483.790869129315,2.492276046903979,0.0,0.15553116306788617,0.33311142791196063,0.49505557603666517,0.6512875865206242,0.8026318354259433,0.9379715376071469,1.0754938703571355,1.2053640240236008,1.3292765331752183,1.4487030547424298,0.5812771247960579,5268.059162807897
stiff,10071,ppo-s3,1.4116317180297673,13.021041985256778,2197.4177665084467,7421.993931596363,2.4888821601409594,0.0,0.15274302403593934,0.3293643330418956,0.4878223885566395,0.6446659888261249,0.8020083120185069,0.9390087845887338,1.0766798316123616,1.2034422005222063,1.317413274621922,1.4116317180297673,0.5671749915029398,5231.682798722509
stiff,10071,ppo-s4,1.4779988288986665,13.386904393966757,2300.728188534597,7630.535504561051,2.494460318505826,0.0,0.1543043345031745,0.3350612757045949,0.49514839219540474,0.6586885730886771,0.8124289484890098,0.9581876259511217,1.102450957267323,1.239657675133854,1.3658850116541745,1.4779988288986665,0.5925124636915384,5366.653578191804
stiff,10072,max-exp-cap,1.4959991728163682,13.386798802124286,2328.748439867024,7630.475317210842,2.49999999975,0.0,0.18001915648516187,0.32921221593176075,0.491969360106307,0.6657126513756307,0.8222266951462093,0.961524115086346,1.0847236443383355,1.2089941034387377,1.3593626754548325,1.4959991728163682,0.5983996691863872,5354.719521385186
stiff,10072,accept-greedy,1.4979661211069972,13.648970549906743,2331.8102916690395,7779.913213446843,2.49999999975,0.0,0.18844828059764754,0.35954251545773974,0.5198500395099025,0.6872388041211955,0.8561448788109418,0.9882380600336194,1.0932772081235438,1.222745855784197,1.3547124155020012,1.4979661211069972,0.5991864485027175,5459.5882205086555
stiff,10072,rolling-lp,0.9761760840143601,11.201834581494895,1519.5653674087844,6385.04571145209,1.5637272971214082,0.0,0.18844828059764754,0.3273498328334383,0.4836724848162886,0.6583851560256073,0.8006175596714797,0.9034819804866717,0.9218791780983597,0.9680263675992544,0.9680753656407827,0.9761760840143601,0.6242623543192963,7163.547379466882
stiff,10072,peak-first,1.3936001477024376,12.302186617152799,2169.348906557763,7012.246371777094,2.49999999975,0.0,0.1528103945661287,0.2949614653745339,0.4427309981022682,0.5893558379561072,0.7354439970576317,0.8797333471676825,1.005987450104015,1.1426394818339394,1.265720597923205,1.3936001477024376,0.557440059136719,4920.8746473532065
stiff,10072,ppo-s0,1.3703583143858662,12.727502493763943,2133.169486101453,7254.676421445447,2.4913324855939503,0.0,0.17874346383854794,0.3284470228885599,0.48815011299878225,0.6363323969888945,0.7796504941148118,0.9161315541170966,1.0468756454259964,1.1651416814891884,1.266377991653232,1.3703583143858662,0.5500503534995506,5108.712934688692
stiff,10072,ppo-s1,1.3463115019586827,12.454706909656352,2095.7369941982956,7099.18293850412,2.4935081511248196,0.0,0.1737796548814518,0.32063707239408606,0.47798016023155904,0.6280144681885915,0.765086507745832,0.8996607345225548,1.0163365665145752,1.1359881941098315,1.2371686250494758,1.3463115019586827,0.539926649668806,4994.853096444879
stiff,10072,ppo-s2,1.3766778470036272,12.617594636934268,2143.006792158644,7192.028943052532,2.4928431395223676,0.0,0.17345889278441254,0.32358377781404246,0.483488508464429,0.6318942945237616,0.778053272535228,0.9066212617879419,1.0297066465152522,1.1485073553013874,1.2536114865248709,1.3766778470036272,0.5522520952792083,5061.52771383434
stiff,10072,ppo-s3,1.3767875551285846,12.790706002208907,2143.177569408711,7290.702421259076,2.4912665515013215,0.0,0.1851511749807184,0.3355321619246641,0.5001787425842744,0.648197457123054,0.7834249221381735,0.9164784484692765,1.0434522653754033,1.1631668364603243,1.2644413508384118,1.3767875551285846,0.5526456228856306,5134.218172881097
stiff,10072,ppo-s4,1.4013137603476582,12.708117298873336,2181.356308526762,7243.626860357801,2.4937690612042376,0.0,0.17929850228639035,0.3261273883180314,0.48527528731795094,0.625166736014385,0.7749449851532151,0.9122521976108416,1.0320364534867776,1.155658825260082,1.271681399883513,1.4013137603476582,0.5619260348313752,5095.9479354261475
stiff,10073,max-exp-cap,1.4929515062659608,13.926369814285993,2324.0042870269294,7938.030794143015,2.49999999975,0.0,0.18693066023842486,0.3820246021334479,0.5737700195096411,0.7164252291823802,0.8515480289328331,0.9776398768961129,1.1240783845471425,1.259680750791679,1.3813177391528502,1.4929515062659608,0.5971806025661024,5570.547926271452
stiff,10073,accept-greedy,1.4194693862470713,13.003199754467348,2209.6182796938124,7411.823860046387,2.49999999975,0.0,0.17014904476124523,0.3384349573911769,0.4993029120496387,0.6483426211882966,0.7959129173437632,0.9056266641546246,1.0512627129053373,1.1924992421790308,1.332317462954652,1.4194693862470713,0.5677877545556073,5201.279902307067
stiff,10073,rolling-lp,0.983453364154393,11.251088189892325,1530.8935519963952,6413.120268238625,1.5048358950400587,0.0,0.17014904476124523,0.34111783221188263,0.5428823474721424,0.6892239091858539,0.8309987610733999,0.8808195100852263,0.8915055164973658,0.9478756332060829,0.949727125525802,0.983453364154393,0.6535286454794551,7476.621355840812
stiff,10073,peak-first,1.4206200720378572,12.682313896195021,2211.4094957511215,7228.918920831161,2.4999999997500004,0.0,0.1524813894441504,0.3109790986600524,0.45553628230211035,0.6014692418646336,0.7409652317009494,0.8911077697704675,1.0541062474382836,1.1977649692033614,1.3221490035527452,1.4206200720378572,0.5682480288719676,5072.9255589853
stiff,10073,ppo-s0,1.4080222730875094,13.300708594542565,2191.7991208361736,7581.403898889261,2.4916649530652566,0.0,0.18360896567652013,0.3812619067542504,0.5263498563994449,0.670281370772248,0.8087942011303608,0.9444388203581594,1.088784578278459,1.2132847750718827,1.3196122801762957,1.4080222730875094,0.565092939704977,5338.080699084352
stiff,10073,ppo-s1,1.3766332617360906,13.079097821541051,2142.93738846237,7455.085758278398,2.492698934164575,0.0,0.1815200511521955,0.37783446381405594,0.5263946619100526,0.6699701117836345,0.8041687341347422,0.9374157573458212,1.06865871344856,1.17974640569099,1.2797330426615232,1.3766332617360906,0.5522661573237554,5246.962496064329
stiff,10073,ppo-s2,1.421218416874836,13.254743522291662,2212.3409097725566,7555.203807706246,2.4927937830701303,0.0,0.1846200689101676,0.3824808081670418,0.5244018877637674,0.6614206863194635,0.798979200775093,0.9351247739703688,1.0868480882151845,1.202630927937977,1.3171859857830672,1.421218416874836,0.5701307611271641,5317.224237444579
stiff,10073,ppo-s3,1.4286066002380553,13.533627764450875,2223.8417319609525,7714.167825736999,2.4888523814346737,0.0,0.18522861318592534,0.37968881971676527,0.5489682803839344,0.6957363491493271,0.8267684571444951,0.9613435900108023,1.1013196531242668,1.2267371686763102,1.339669888541636,1.4286066002380553,0.5740021428729933,5437.698059315818
stiff,10073,ppo-s4,1.423880811798171,13.291767771086874,2216.485329192491,7576.307629519518,2.492604706386788,0.0,0.18330038878230528,0.38504985907892186,0.538291511006388,0.6724692525231007,0.8028502296278868,0.9350537991047987,1.0791546629367694,1.1986230824707653,1.3200218024834482,1.423880811798171,0.571242126017723,5332.481214140953
stiff,10074,max-exp-cap,1.5392573377496392,14.350339793173164,2396.08630069633,8179.693682108704,2.4999999997500004,0.0,0.18939134907849986,0.37542245990914036,0.5510060084806505,0.7395697021924479,0.8827142645437067,1.0246555841799871,1.1743594202541305,1.3148161891228367,1.4275348310959752,1.5392573377496392,0.6157029351614259,5740.135917843279
stiff,10074,accept-greedy,1.4091469401120365,13.390535656846776,2193.5498347578973,7632.605324402662,2.49999999975,0.0,0.1890000042935448,0.3780000080116079,0.5514800004393544,0.720532036691464,0.8000934386814136,0.9534693262487457,1.0751150723914962,1.201834993255803,1.3234725434601244,1.4091469401120365,0.5636587761011804,5356.214263274332
stiff,10074,rolling-lp,1.0232369614369787,11.509461679712802,1592.8227240090403,6560.393157436297,1.5968079430645057,0.0,0.1890000042935448,0.3321721864158649,0.49459916923646813,0.6739195810168261,0.8336803435670739,0.9373415484875196,0.9373421061541022,0.9829459882984449,0.9894955249930595,1.0232369614369787,0.6408015227386951,7207.7933540488775
stiff,10074,peak-first,1.4214639086231238,12.583832441390195,2212.7230547203703,7172.784491592411,2.49999999975,0.0,0.15534228747529882,0.30981114678460236,0.4438840050073655,0.6037953153134218,0.741217885388395,0.8850384995515231,1.0328843776866585,1.1781513923001687,1.3123255286910678,1.4214639086231238,0.5685855635061081,5033.532977059432
stiff,10074,ppo-s0,1.4199554791795161,13.404074781350406,2210.374956688446,7640.32262536973,2.4901524101378874,0.0,0.18730181402872986,0.38343974489057375,0.5203480454164409,0.6793181833055537,0.8186594595284764,0.956784434076789,1.0976154080195775,1.2212218525956893,1.3261975410960405,1.4199554791795161,0.5702283416061625,5382.833085549242
stiff,10074,ppo-s1,1.3809071949413696,13.264598821550727,2149.5904103789208,7560.821328283914,2.492578348399169,0.0,0.19315728761259532,0.3874436438736702,0.5337039258567138,0.687284887027389,0.824714210824975,0.9570372923564249,1.0839306170214693,1.1891916870105466,1.2838711897288027,1.3809071949413696,0.5540075383500952,5321.637664898185
stiff,10074,ppo-s2,1.4195669666961621,13.37446572897546,2209.770178386479,7623.445465516012,2.4910615502761586,0.0,0.19276542905723218,0.3868417851330602,0.5237860074543015,0.682873207504693,0.8131319419722433,0.9497128806507721,1.0890214870001396,1.2144559793789862,1.3196652799581472,1.4195669666961621,0.5698642679217578,5368.982443445755
stiff,10074,ppo-s3,1.4034356283301896,13.171127171149722,2184.659316204648,7507.542487555342,2.488477451863782,0.0,0.17911942244755666,0.37453082768053064,0.5134798684879694,0.6644097326867933,0.8092881075924669,0.9371705035250459,1.0713148419366623,1.1977295613636358,1.3107168054398541,1.4034356283301896,0.5639736165899618,5292.845696184634
stiff,10074,ppo-s4,1.420963779169603,13.254184332082467,2211.9445277627483,7554.8850692870055,2.494377468984811,0.0,0.18707958111946324,0.38023387157422944,0.5139270981577129,0.6688988297234197,0.803143542641942,0.941565074610309,1.0808331570601022,1.2031666807006076,1.3147400034857855,1.420963779169603,0.5696666991415387,5313.624139443818
stiff,10075,max-exp-cap,1.5399478692485633,13.826522471462177,2397.161217166886,7881.11780873344,2.49999999975,0.0,0.1758819174788163,0.32582264164577945,0.49824936879612347,0.6752200584733127,0.8240647442969505,0.9913527893992393,1.1388708685989302,1.291052838185704,1.421761289356132,1.5399478692485633,0.6159791477610232,5530.6089891379315
stiff,10075,accept-greedy,1.317296260706132,11.22504434067279,2050.570393155304,6398.27527418349,2.49999999975,0.0,0.12258345463437023,0.18400967854459932,0.3597698290717985,0.5140473082874992,0.6607298582705814,0.806702685387728,0.9459497404844555,1.0892904008914503,1.2106431341786301,1.317296260706132,0.5269185043351446,4490.017736718118
stiff,10075,rolling-lp,1.0574358370000885,11.085777160045321,1646.0584340013572,6318.892981225833,1.8284606563241095,0.0,0.12258345463437023,0.2820749320079857,0.45409532170634126,0.5863731218418534,0.7413415864773742,0.8873557303662785,0.9527750324770576,1.0172441304964033,1.020277298308162,1.0574358370000885,0.578320257175197,6062.901666329471
stiff,10075,peak-first,1.4191459710046916,12.350411458198343,2209.1148350697736,7039.734531173055,2.4999999997500004,0.0,0.15334659816693985,0.2883372058883369,0.4317397819456443,0.5742572012732076,0.7199911923222315,0.8674365682298347,1.014794132579743,1.1632903438121627,1.3016245918710296,1.4191459710046916,0.5676583884586424,4940.164583773353
stiff,10075,ppo-s0,1.3999465366876782,12.922829132235485,2179.2280186032226,7366.012605374226,2.489406898628737,0.0,0.16983828655001446,0.3272694270406785,0.4837487657461733,0.639574709036901,0.7838245405483735,0.9283883004213378,1.0612132613177114,1.1968086568718461,1.3110749635550862,1.3999465366876782,0.5623614755220706,5191.127709718281
stiff,10075,ppo-s1,1.403511965578351,12.989488868040741,2184.7781466497377,7404.0086547832225,2.4917932970984733,0.0,0.16561579318475408,0.33386128835277695,0.49530332195170945,0.653308114277661,0.795186318598876,0.9350513110114921,1.0637537647463566,1.1944107633641052,1.3045073408733976,1.403511965578351,0.5632537687667138,5212.907861645721
stiff,10075,ppo-s2,1.3932340846245694,12.824944954049492,2168.7790741427666,7310.2186238082095,2.4918100739122813,0.0,0.17228056181828874,0.32490761060299134,0.48487969186270163,0.6375179991904825,0.7824354881619433,0.9225948382677125,1.0500026860621976,1.1774421471379817,1.2935110742600524,1.3932340846245694,0.5591253118409277,5146.838873603882
stiff,10075,ppo-s3,1.3941215678848156,12.918877587211389,2170.160575747353,7363.7602247104915,2.4908782810781704,0.0,0.1747154514544307,0.32053779948094413,0.48604847772705045,0.6431023183378911,0.781243803911464,0.9288112455882518,1.0609378296745198,1.200326317228924,1.3093041450016132,1.3941215678848156,0.5596907638864528,5186.474861236288
stiff,10075,ppo-s4,1.4377876320228185,13.065016448483515,2238.133393235662,7447.059375635603,2.4947601038394684,0.0,0.1684016376686086,0.33684294008658416,0.4927382358049377,0.6373999512162546,0.7867458300213164,0.9356220201525669,1.0661221751037226,1.2035984305693064,1.3277704094066165,1.4377876320228185,0.5763230018830445,5236.983078403524
stiff,10076,max-exp-cap,1.4845669716495085,13.41621349155124,2310.9524937760575,7647.241690184206,2.49999999975,0.0,0.1621643846479228,0.3418497220724875,0.4932371668420837,0.666414390020913,0.8111568444123727,0.9657147486725677,1.1064804833930806,1.2239577079887127,1.3630975081212047,1.4845669716495085,0.593826788719186,5366.485397157145
stiff,10076,accept-greedy,1.386026790716966,12.464500655722288,2157.5598336859707,7104.765373761704,2.4999999997500004,0.0,0.15296875613482688,0.322290472517218,0.4755899456790182,0.6397248504657452,0.7723972824922889,0.9069176778437162,0.9973840325383152,1.1065130722671064,1.2474421544117873,1.386026790716966,0.5544107163422274,4985.800262787494
stiff,10076,rolling-lp,1.0317302632454246,11.240816843511672,1606.0438298058455,6407.265600801652,1.6821253450888427,0.0,0.15296875613482688,0.31951676986422667,0.4677827082241788,0.6285887319706265,0.7886844013108044,0.9033100765797595,0.9423100791822882,0.9614886190884127,1.0247742763684489,1.0317302632454246,0.6133492169639314,6682.508456537155
stiff,10076,peak-first,1.421979310297966,12.448897233671664,2213.525355194865,7095.871423192848,2.49999999975,0.0,0.1443619667408484,0.29898675472517244,0.4378382362580677,0.5875944916073657,0.7266617173951206,0.8804782319249447,1.0275032537392157,1.170923012208442,1.3009043469678412,1.421979310297966,0.5687917241760656,4979.558893966621
stiff,10076,ppo-s0,1.3741293313747547,12.650774374839209,2139.0396430434876,7210.941393658349,2.4904292920240643,0.0,0.15165372447787734,0.32625392840850775,0.47380142447326745,0.6286642505881531,0.763076934472074,0.9071572439649118,1.0529554967628736,1.1689023108674113,1.2803235207160146,1.3741293313747547,0.5517640415552408,5079.756496341824
stiff,10076,ppo-s1,1.3576709628881258,12.575101849893748,2113.4197091341402,7167.808054439436,2.492981904203756,0.0,0.1493905892558213,0.32353127327838904,0.47168701056178175,0.6269954419857576,0.765168597854328,0.9125240253804959,1.045366467846634,1.163892699875364,1.2620787040218193,1.3576709628881258,0.544597199281219,5044.201014331134
stiff,10076,ppo-s2,1.3985302478862944,12.672290971900313,2177.023351383779,7223.205853983178,2.491599188744124,0.0,0.14788781523104813,0.3227677652161309,0.4725402037885317,0.6295857301709148,0.7602517062577003,0.9064808796320516,1.054856686727356,1.1685538840081566,1.2792856123921534,1.3985302478862944,0.5612982433949241,5086.007022777892
stiff,10076,ppo-s3,1.3891007794150347,12.7483712256934,2162.34496092058,7266.571598645238,2.4897121663158504,0.0,0.1572419619994172,0.33089202297740455,0.47803212999750255,0.6334548222589655,0.7707966243000673,0.9147444404669607,1.0566454126069469,1.1738274348074054,1.284879222606262,1.3891007794150347,0.5579362940859768,5120.419700787257
stiff,10076,ppo-s4,1.4043067551355886,12.686795559258519,2186.0153565192827,7231.473468777355,2.495095060239511,0.0,0.1519600655950488,0.327775551017664,0.47419153868942643,0.6254444662779867,0.7537470899217698,0.902909102776104,1.050772498379076,1.1706875909234706,1.2882636891167807,1.4043067551355886,0.5628269549781343,5084.694271343985
stiff,10077,max-exp-cap,1.4979982506734595,13.554868248671081,2331.860306187184,7726.274901742515,2.49999999975,0.0,0.18095320642212798,0.3626381945060837,0.5167739586339982,0.6511725546317298,0.8024648012949869,0.95755816810869,1.1053550251771282,1.2543148190333318,1.378483430680487,1.4979982506734595,0.5991993003293037,5421.947300010627
stiff,10077,accept-greedy,1.4762568168680015,13.438407260803006,2298.0164839612557,7659.892138657712,2.49999999975,0.0,0.1890000040931539,0.35830828640766355,0.5159669439332798,0.6608568078587687,0.8114771681704269,0.9584282045337456,1.1009912655841245,1.2176880152535632,1.3439237989874697,1.4762568168680015,0.5905027268062508,5375.362904858738
stiff,10077,rolling-lp,0.9703026955298859,11.158784964477581,1510.4225520125683,6360.507429752221,1.5705363793550897,0.0,0.1890000040931539,0.3586487855056307,0.5278669378372982,0.6663401717124094,0.7972042021618245,0.8607946846972707,0.9235966073530737,0.9235966130435879,0.9511063072941439,0.9703026955298859,0.6178161221125752,7105.078947015363
stiff,10077,peak-first,1.4136337159500356,12.265118939063484,2200.534178347542,6991.117795266186,2.49999999975,0.0,0.15039814164332294,0.29528200132515736,0.43068518946850404,0.5652535698980894,0.7102853852208167,0.860575373802374,1.0055990914931339,1.1560785719317415,1.2913802227722488,1.4136337159500356,0.5654534864365596,4906.047576115999
stiff,10077,ppo-s0,1.394812592448962,13.135052019992203,2171.236259748325,7486.979651395555,2.4915886425465574,0.0,0.18254840944500825,0.36607347079084096,0.5206392562714885,0.6549053168931931,0.7966639606696474,0.9409077089970496,1.0765866176020658,1.2033278061698538,1.3015553099839257,1.394812592448962,0.5598085368632029,5271.7578639174435
stiff,10077,ppo-s1,1.3486974333608721,12.907288163266559,2099.4510564327143,7357.154253061938,2.492906965888144,0.0,0.185795999376358,0.3656736546223608,0.5152909445764484,0.6524984552132796,0.7934603715750015,0.9338403805277491,1.064345094524852,1.1715667259618971,1.2605347949943566,1.3486974333608721,0.541013945492496,5177.605237533644
stiff,10077,ppo-s2,1.4048817260582567,13.041080200854447,2186.910385516265,7433.415714487034,2.4920167596813574,0.0,0.18119453761665627,0.3650725088481727,0.5181302859495112,0.6536750402888587,0.7898828765149035,0.9287184303876165,1.0610947690072678,1.1803158434700534,1.2946864835708225,1.4048817260582567,0.5637529204409895,5233.143055796282
stiff,10077,ppo-s3,1.3928415491378174,12.947189456473291,2168.1680334289904,7379.897990189775,2.4905217053177946,0.0,0.17864706498803923,0.3624209858908891,0.5239473745484227,0.6496037738980607,0.7773515558369306,0.9229336386551384,1.0527516624724114,1.1739826934930093,1.2828563380441778,1.3928415491378174,0.5592569404891369,5198.585271844161
stiff,10077,ppo-s4,1.4340402639935452,13.211684290198928,2232.3000494675975,7530.660045413388,2.4935795505333993,0.0,0.18355739758972459,0.3664057608119069,0.5239623534642218,0.6535343176143354,0.7893777045769407,0.9380030241775565,1.0751806094346552,1.1998689643669085,1.3233189913609709,1.4340402639935452,0.5750930479385713,5298.280653357471
stiff,10078,max-exp-cap,1.4457643479886197,12.759794870856327,2250.550355222112,7273.083076388106,2.49999999975,0.0,0.1489357077429722,0.27877402858262673,0.45011524797012714,0.6274721546884855,0.7621684026275599,0.914454118812081,1.0529236756516447,1.1910871399345426,1.3252586319090116,1.4457643479886197,0.5783057392532784,5103.917948852923
stiff,10078,accept-greedy,1.3974626156279155,12.307302474418087,2175.36142068139,7015.162410418309,2.49999999975,0.0,0.17496569478747917,0.28220755680476384,0.43196375842843104,0.5957163421569532,0.7191987904087026,0.888424583933015,1.0158396011844573,1.1321464338869935,1.2683447918261008,1.3974626156279155,0.5589850463070647,4922.920990259528
stiff,10078,rolling-lp,0.9944348828666028,11.107310475347306,1547.9879428444094,6331.166970947965,1.6596312392514168,0.0,0.17496569478747917,0.3301164447813624,0.500589385929825,0.6519750570886915,0.7713489096017595,0.8908118090033265,0.9266236325289737,0.9422643013363423,0.9522594324742137,0.9944348828666028,0.5991902654924395,6692.637624944505
stiff,10078,peak-first,1.406226164437074,12.199054742085009,2189.003206711663,6953.461202988455,2.49999999975,0.0,0.1397814620565336,0.28034035232157284,0.41629902138943237,0.5671870274518435,0.7103415540271497,0.8601418221508259,1.0122380483859,1.1537184919654728,1.290457362156097,1.406226164437074,0.5624904658310786,4879.621897321966
stiff,10078,ppo-s0,1.3300082286772827,11.934208476462484,2070.3584893777947,6802.498831583614,2.4901964341634657,0.0,0.13952566911590764,0.2626101577822081,0.4291709988025592,0.5788158972702836,0.7138964732406295,0.8603878367622219,0.9965584470290965,1.1214507650932208,1.234168320605633,1.3300082286772827,0.5340977163209512,4792.476735061889
stiff,10078,ppo-s1,1.2947619018904568,11.656617247516836,2015.4922635086048,6644.271831084597,2.493699261532354,0.0,0.13949610195401324,0.2601783522843611,0.41973197653527317,0.5647747909601345,0.7025120261365235,0.84169052584469,0.9769340272194987,1.0888344486207022,1.1993527053720627,1.2947619018904568,0.5192133317210185,4674.427837923791
stiff,10078,ppo-s2,1.344738619524604,11.843798731058033,2093.2885653615613,6750.965276703078,2.4935880980336695,0.0,0.13309536504077665,0.2546567445889522,0.4202359177937346,0.5730600020077292,0.7064195733127437,0.8510452858344167,0.9816247347234492,1.109447005903304,1.2341898913491378,1.344738619524604,0.5392785683349243,4749.701340168216
stiff,10078,ppo-s3,1.3550450424593128,12.125323875466908,2109.3320677684696,6911.434609016136,2.4914177233856845,0.0,0.14316813619643493,0.26819001162730716,0.4396084398487354,0.588281700278232,0.7335152573959778,0.8730783736436659,1.0050259992583968,1.1326172637272744,1.2508360193762313,1.3550450424593128,0.5438851260229013,4866.836966620488
stiff,10078,ppo-s4,1.376518971009849,12.04041408871984,2142.759477701948,6863.036030570309,2.4942336177183186,0.0,0.1401233527677328,0.2632841183701056,0.42625226425342655,0.5760866131148625,0.7116521477407305,0.8587613687455593,0.9957712368874172,1.1290840669530118,1.2572856495030245,1.376518971009849,0.551880530047969,4827.30005849821
stiff,10079,max-exp-cap,1.473400155038103,13.449446348114042,2293.569658788833,7666.184418425004,2.49999999975,0.0,0.18420634660444432,0.36163007259946345,0.5137333101046516,0.6743146711352481,0.8183375972661697,0.9641097816289901,1.0746781427115357,1.2217150309311644,1.3538637663326876,1.473400155038103,0.5893600620741772,5379.778539783595
stiff,10079,accept-greedy,1.4293252844737776,13.375420988106239,2224.9604724142273,7623.989963220555,2.49999999975,0.0,0.1890000044803503,0.3780000081220882,0.5451663606430219,0.6956792283011513,0.8196576026879834,0.961903970376308,1.0670260205827207,1.1989460372876914,1.3077301109002923,1.4293252844737776,0.571730113846684,5350.168395777512
stiff,10079,rolling-lp,0.9796653418400909,10.964283407488146,1524.9969236994655,6249.641542268243,1.6915344990403873,0.0,0.1890000044803503,0.32568490679788326,0.47976021422336845,0.6284424163634458,0.7800285255227254,0.8781434677783871,0.8926349697828153,0.9403572651136389,0.9497911637542025,0.9796653418400909,0.5791577661560305,6481.856216180171
stiff,10079,peak-first,1.405399690826514,12.363340448440626,2187.7166758323983,7047.104055611156,2.4999999997500004,0.0,0.1546570711501014,0.2972771850731502,0.4352369736137812,0.5866767650380385,0.7257840696545018,0.8743902537923836,1.0092984000280731,1.1561192848637298,1.2974295384279841,1.405399690826514,0.5621598763868215,4945.336179870783
stiff,10079,ppo-s0,1.3948905827493516,13.131468701694521,2171.357663418633,7484.937159965876,2.491318852494959,0.0,0.18573306791757405,0.37206831982922267,0.5268545566988999,0.671055393888904,0.8024059122173322,0.937701256424546,1.0562151211836048,1.1901109542770927,1.2986833432156852,1.3948905827493516,0.5599004645079544,5270.890431605679
stiff,10079,ppo-s1,1.362846036374434,13.087683342454788,2121.4754918687986,7459.979505199229,2.4926342624378286,0.0,0.19141519166153573,0.37581621546219146,0.537164772112025,0.6772979887249073,0.8127062990962858,0.9448106803365734,1.060013196623293,1.170179478161607,1.2753407249594355,1.362846036374434,0.5467492992901224,5250.542985658419
stiff,10079,ppo-s2,1.3934633260142966,13.207939442991282,2169.135922955507,7528.525482505031,2.4929039869368235,0.0,0.19279862679636692,0.37757464159245463,0.5339891777216917,0.6866565055408429,0.815808460704831,0.9476773150348841,1.0625628061938863,1.178556708360359,1.2957561116144334,1.3934633260142966,0.5589719192220179,5298.214256225988
stiff,10079,ppo-s3,1.3875439836937529,13.045524411982802,2159.921573479595,7435.948914830196,2.4898720691853935,0.0,0.17517796423304668,0.35899411749078425,0.5222668385110213,0.6683203432860639,0.8032960116877201,0.9361643205392584,1.0552706685655,1.1809107467874438,1.292562489472973,1.3875439836937529,0.5572752113917696,5239.435621385512
stiff,10079,ppo-s4,1.4176118684507877,13.157421091446864,2206.7267729679247,7499.7300221247115,2.493942277541408,0.0,0.1851398544295798,0.36777216470742013,0.5220608050888504,0.6729841392312973,0.8056918673893662,0.9418827881441292,1.056989776116743,1.1791284494862921,1.3031287350732832,1.4176118684507877,0.568422084671625,5275.752053258339
stiff,10080,max-exp-cap,1.4891153867454887,13.9943598358712,2318.032788171335,7976.785106446583,2.49999999975,0.0,0.20029299374717038,0.40481720713063013,0.5831939959763003,0.7316913400864556,0.8726877535401193,0.9863493197418887,1.1233365078430293,1.2279303388978722,1.3706290700739263,1.4891153867454887,0.5956461547577601,5597.743934908254
stiff,10080,accept-greedy,1.3521376848610926,12.61136753929426,2104.806326983303,7188.479497397728,2.49999999975,0.0,0.18900000420782684,0.3780000077463603,0.5245396898850049,0.6697267391281175,0.78775145271528,0.8680753025052279,0.9991593265796483,1.103627785838232,1.2295850323820325,1.3521376848610926,0.5408550739985226,5044.547016222159
stiff,10080,rolling-lp,0.9789431995086741,11.64177980424024,1523.8728001984593,6635.814488416937,1.4684088789693395,0.0,0.18900000420782684,0.36370998494284223,0.5532913172482459,0.7004236646805045,0.8457615834333713,0.9237615854450505,0.9746006316925151,0.9746207295418174,0.9746225113550284,0.9789431995086741,0.6666693545164232,7928.159500378043
stiff,10080,peak-first,1.4089050107031744,12.473233896512324,2193.173235128912,7109.743321012023,2.49999999975,0.0,0.15984409284018722,0.3051967762918233,0.4499625275906305,0.59724733868283,0.7402636538171872,0.8675792042731342,1.0127725835457904,1.1658603522293263,1.3052337708849284,1.4089050107031744,0.5635620043376259,4989.293559103859
stiff,10080,ppo-s0,1.4110655145352455,13.341005451023323,2196.5363853362683,7604.373107083293,2.4910299902534727,0.0,0.20504686456974835,0.40074511194432944,0.5415316870170656,0.682201583410807,0.8187419261683738,0.9396043487739627,1.072240210880584,1.1925360307090096,1.306612643673164,1.4110655145352455,0.5664586617006822,5355.618159244168
stiff,10080,ppo-s1,1.381520686535855,13.292732201372015,2150.5454026138696,7576.857354782048,2.4919535366941137,0.0,0.21226121428354486,0.4024933836269608,0.5449946950260021,0.6867673293693153,0.8236603424732336,0.9414034407301319,1.0698076351589278,1.1863096540466886,1.2900965732051164,1.381520686535855,0.5543926346109221,5334.261656823055
stiff,10080,ppo-s2,1.4218213692817523,13.44153487375905,2213.2794961718237,7661.674878042658,2.4912360305042145,0.0,0.21387873890542608,0.4041868424712392,0.5440491701791988,0.6903538631272597,0.822801051845503,0.945197973232659,1.0764950895145793,1.1993945308239398,1.3167278758801868,1.4218213692817523,0.5707292893455713,5395.528448197077
stiff,10080,ppo-s3,1.3989343333054407,13.138920099428077,2177.6523713100655,7489.184456674003,2.488888427007441,0.0,0.1926102639697772,0.39072690893790313,0.5312417755462652,0.6704519311935699,0.8074863164105297,0.9250170004088221,1.0589155294686168,1.1774898732198782,1.2876313896027263,1.3989343333054407,0.5620719346537659,5279.031376760383
stiff,10080,ppo-s4,1.439347139828713,13.37979448145479,2240.5610024455655,7626.4828544292295,2.4936281465963184,0.0,0.20323099412121265,0.39906851523838904,0.5327355303950154,0.6812393511180224,0.8165662740274805,0.9359934935698082,1.0698301681469933,1.194689248974042,1.3225434655500528,1.439347139828713,0.5772100149708977,5365.593302159972
stiff,10081,max-exp-cap,1.437327253956241,12.852700006510837,2237.416745309799,7326.0390037111765,2.4999999997500004,0.0,0.17609886906982591,0.3355988383583139,0.48326735763867334,0.6359418999452847,0.7700309009192472,0.9027030779807754,1.04095014490887,1.1629562369563307,1.3117615811456593,1.437327253956241,0.5749309016399894,5141.080003118442
stiff,10081,accept-greedy,1.3474435400204956,12.039577654235908,2097.499182251752,6862.559262914467,2.49999999975,0.0,0.16582639235417931,0.30191564165992923,0.44306734293283234,0.5933032386531325,0.7351520197750187,0.8545457815766273,0.9830748784734835,1.090723604496719,1.2192300198769956,1.3474435400204956,0.538977416062096,4815.831062175946
stiff,10081,rolling-lp,0.997713331917413,10.96439910216633,1553.0913434685453,6249.707488234809,1.7151939748414378,0.0,0.16582639235417931,0.3408419000820692,0.49044228402940304,0.6210145645562106,0.7725302053750948,0.8483042270803238,0.9099871200579706,0.9289608520883663,0.967961720932333,0.997713331917413,0.5816912527398816,6392.512603817852
stiff,10081,peak-first,1.3907717459093916,12.08252888251891,2164.946072396783,6887.041463035777,2.49999999975,0.0,0.15361351421780314,0.29007515590790184,0.4268239930857862,0.5657005453304256,0.7024760607616691,0.8492560011910786,0.9945985254618483,1.1247672489121152,1.2637917442019395,1.3907717459093916,0.5563086984193875,4833.011553490865
stiff,10081,ppo-s0,1.3698921608295866,12.454341865943519,2132.4438477544204,7098.974863587805,2.491198907858628,0.0,0.17316513656934596,0.3178553581893456,0.465000298096335,0.6099208857780982,0.7438204713813702,0.8844780018894474,1.0258897589102847,1.1484218166588505,1.2622850914611055,1.3698921608295866,0.549892726954955,4999.336595185391
stiff,10081,ppo-s1,1.3438444374746372,12.30875123275496,2091.8966360800114,7015.988202670326,2.493312252760808,0.0,0.17003621666759033,0.31618503050288865,0.4613795459060995,0.6063568887533538,0.7456782445971335,0.8857354423251957,1.0137576397054477,1.1297114546282783,1.2345159577920017,1.3438444374746372,0.5389795987191809,4936.706671667643
stiff,10081,ppo-s2,1.3694337892848663,12.3565419392978,2131.730323282587,7043.228905399746,2.4936631971229617,0.0,0.1712303594796427,0.31709164120974426,0.46416419727759095,0.605641029221708,0.7347176027034497,0.8761490772707161,1.0134336112896518,1.1330721315948795,1.2529683982384157,1.3694337892848663,0.5491654971147814,4955.176767076658
stiff,10081,ppo-s3,1.3650354277198453,12.471990546216848,2124.88360984943,7109.034611343603,2.4909255245829027,0.0,0.1790616071595689,0.3193785356666117,0.4696011882311931,0.6132138144616641,0.7525635432640257,0.8872928868562125,1.0236448422240765,1.1445524683069854,1.2577222627725066,1.3650354277198453,0.5480033081071005,5006.970470666818
stiff,10081,ppo-s4,1.3973919464131548,12.481971264666248,2175.251413385523,7114.723620859761,2.494077901143613,0.0,0.173541956861409,0.3207757977992006,0.47412926506291897,0.6089659449471814,0.736037623526248,0.8762751257905648,1.0159564281670201,1.1418099599560736,1.2735941895656353,1.3973919464131548,0.5602840014629883,5004.643703768384
stiff,10082,max-exp-cap,1.4683945645958707,13.111006087823519,2285.777701985129,7473.273470059405,2.49999999975,0.0,0.16853227465801623,0.352713426280653,0.4812238071509485,0.6355539042275479,0.7874540260139687,0.930249319764046,1.055103449553616,1.1969712281114453,1.346377226700714,1.4683945645958707,0.5873578258970841,5244.4024356538475
stiff,10082,accept-greedy,1.4741608172429663,13.711803190235598,2294.753744285021,7815.72781843429,2.49999999975,0.0,0.17460745223093552,0.3636074561163331,0.5323924134676703,0.6840277743853855,0.8557979592510669,0.9819853035445856,1.119733909350468,1.246744620385158,1.3754704627376406,1.4741608172429663,0.589664326956153,5484.721276642711
stiff,10082,rolling-lp,1.0044624917156428,11.235926674267885,1563.597429057451,6404.478204332694,1.64112045022564,0.0,0.17460745223093552,0.3468454000403209,0.4792093780019288,0.6353158252093555,0.7868333182081977,0.8801280165412058,0.9218784680947121,0.9842703826689138,1.004462481068951,1.0044624917156428,0.6120589695762659,6846.497265159935
stiff,10082,peak-first,1.4104474514984684,12.154593130456442,2195.5742769616195,6928.118084360171,2.49999999975,0.0,0.1496196197339832,0.2919533518592974,0.42094597048384225,0.557733310709934,0.7023421782246815,0.8459004984103428,0.9908042944851897,1.1465522328072826,1.2918700454592118,1.4104474514984684,0.5641789806558053,4861.837252668761
stiff,10082,ppo-s0,1.3667735239277827,12.570064266372414,2127.5892188538473,7164.936631832275,2.4903876936479405,0.0,0.15938124763986838,0.3350252889325804,0.476755956929215,0.616265708271312,0.7646520475450174,0.9005391174622274,1.0288040090149735,1.1548283935553212,1.2720443118420857,1.3667735239277827,0.548819578338713,5047.432694288526
stiff,10082,ppo-s1,1.3771616359547814,12.582020587023301,2143.7598826587573,7171.751734603281,2.491700625452619,0.0,0.14795753009412643,0.3218947598237551,0.4789853513746606,0.6173344413123456,0.7613792227857372,0.8992730159975659,1.0372146923702266,1.1623215462910241,1.2792282068775003,1.3771616359547814,0.5526994783751836,5049.57154904505
stiff,10082,ppo-s2,1.4026729605847756,12.442318733825907,2183.472108781982,7092.121678280766,2.4926381676418425,0.0,0.14391251401194638,0.32327826948713767,0.45264270969518844,0.5914672588898124,0.7385170847905942,0.8827668950001623,1.020004468258241,1.1495035706368184,1.2882395306409196,1.4026729605847756,0.5627262627980109,4991.626500526929
stiff,10082,ppo-s3,1.3788164635933327,12.59993828403058,2146.33587157075,7181.964821897431,2.491076659777244,0.0,0.17750446424086685,0.3477825089525049,0.4704328722049708,0.6127212317117887,0.7566694332250707,0.8894867767359376,1.0241299419175345,1.1540807379456732,1.282636386893794,1.3788164635933327,0.5535022208897532,5058.029119488152
stiff,10082,ppo-s4,1.4250532610771867,12.74061702220443,2218.3104234030657,7262.151702656525,2.4945448543174327,0.0,0.16070726476682531,0.33543158487065816,0.47585383596207476,0.6071028833827414,0.7607271989522029,0.8982603816295448,1.0337681867779644,1.1741991951318105,1.3135297213532788,1.4250532610771867,0.5712678441563303,5107.3914346152615
stiff,10083,max-exp-cap,1.4651214272468924,13.671626127202776,2280.6825698263633,7792.826892505582,2.49999999975,0.0,0.18640661659278362,0.36491529504566345,0.5314798518533068,0.6969035504644329,0.8409391309727758,0.9857206429597073,1.1102307731550916,1.2463183989131281,1.354682543417078,1.4651214272468924,0.5860485709573618,5468.650451427976
stiff,10083,accept-greedy,1.3998947266976127,12.940838588491848,2179.147368536213,7376.277995440353,2.49999999975,0.0,0.1890000038877752,0.3453575504160315,0.5187367355085986,0.6758812221742291,0.7860769468144658,0.924145951425205,1.033781259903875,1.1629538396468155,1.2774285724228809,1.3998947266976127,0.5599578907350409,5176.335435914373
stiff,10083,rolling-lp,0.979621578946408,11.200416519006943,1524.9288001521802,6384.237415833957,1.6093725662612128,0.0,0.1890000038877752,0.3585913010168583,0.48695261562839925,0.6463142729343899,0.7713670419641323,0.8996377441335703,0.915558252783047,0.9740582568461317,0.9741002514960116,0.979621578946408,0.6086978239117121,6959.492633223521
stiff,10083,peak-first,1.3922451203679562,12.295658188074583,2167.239602055134,7008.5251672025115,2.49999999975,0.0,0.14567366663896314,0.2922285173677818,0.4297629980694634,0.5807667996771864,0.7301169808767036,0.8675286558615247,1.0114706528187403,1.157985072899808,1.2910113590417782,1.3922451203679562,0.5568980482028723,4918.26327572166
stiff,10083,ppo-s0,1.3830249458291766,13.131539484438582,2152.8870091776507,7484.977506129991,2.4916517557841713,0.0,0.18666496787784997,0.36476010777999324,0.5176494041623393,0.6693807893669435,0.8104833716433774,0.9440375607244328,1.0724565089982179,1.1936916923652339,1.2936146308290994,1.3830249458291766,0.5550635005949744,5270.214609226493
stiff,10083,ppo-s1,1.3548566721629727,13.01776758335018,2109.0388409795178,7420.1275225096015,2.4922805759597972,0.0,0.18923281465470276,0.36912820707021643,0.5293138766820636,0.6764959366695289,0.8113106437098982,0.9379779922090221,1.055710007132022,1.1688724807946458,1.2697777332712412,1.3548566721629727,0.5436212460313408,5223.235180227223
stiff,10083,ppo-s2,1.390763892811437,13.10510674464476,2164.933847864884,7469.910844447512,2.4934235063786745,0.0,0.19008207823325204,0.3670718745741604,0.5247029164629982,0.6723079046043265,0.8071979480834974,0.9379706949838167,1.0620226977478562,1.181123608320151,1.2855398448679138,1.390763892811437,0.5577728329157023,5255.868772841551
stiff,10083,ppo-s3,1.3778805886378178,13.004631189819479,2144.879040990782,7412.639778197103,2.4911093296508287,0.0,0.18178193922077235,0.35691364055066577,0.5046126764123953,0.6638036630483868,0.8042824077714781,0.9372461187382777,1.0628501285570455,1.18346700904831,1.2813993101289751,1.3778805886378178,0.5531192759134949,5220.417681002504
stiff,10083,ppo-s4,1.4079078507520089,13.107567668785617,2191.621005206082,7471.3135712078,2.493529931800033,0.0,0.18655702873999574,0.36714478863884925,0.5146959731453382,0.6650506229946844,0.8031618887492318,0.936301675731656,1.0612853327939686,1.1838087635185701,1.2944504451025138,1.4079078507520089,0.564624403660423,5256.631372908168
stiff,10084,max-exp-cap,1.4946710665754983,13.649893155843808,2326.6810421086543,7780.43909883097,2.49999999975,0.0,0.19647356110476533,0.3598933015394579,0.5089875248892437,0.6950690017158656,0.829033658346436,0.97814481724508,1.1070755616104733,1.2323550945105568,1.3670532779917204,1.4946710665754983,0.5978684266899862,5459.9572628835185
stiff,10084,accept-greedy,1.4118347832221816,13.180736434764855,2197.733868120412,7513.019767815967,2.49999999975,0.0,0.18900000430586464,0.37752767368234574,0.5518711909409467,0.7247168909907407,0.7957435068476383,0.9336367246921439,1.0521075898191627,1.1496491326484688,1.2812808393998785,1.4118347832221816,0.5647339133453461,5272.294574433171
stiff,10084,rolling-lp,0.9972739275111965,11.383394297545832,1552.4073442096949,6488.534749601124,1.668993088401234,0.0,0.18900000430586464,0.3645000073563019,0.4977155912976036,0.663869207569262,0.7945138952246131,0.9035235021571931,0.9197122433311135,0.9853648255164442,0.9972739183623155,0.9972739275111965,0.597530292031651,6820.516140333595
stiff,10084,peak-first,1.408061567941606,12.379328709093008,2191.860289205672,7056.217364183014,2.49999999975,0.0,0.1570010075261457,0.29547102020310856,0.4298435774133381,0.5945625488996051,0.7318327500073951,0.8726971061459744,1.0192517306687936,1.158147333269277,1.285671525759525,1.408061567941606,0.5632246272329648,4951.731484132376
stiff,10084,ppo-s0,1.3871729167618332,12.950421635299994,2159.3439518107493,7381.740332120996,2.4912515766584553,0.0,0.20072406050436162,0.34429656404839404,0.49438385849366007,0.655535861066733,0.791089574773763,0.9308932550842628,1.0571329369301572,1.1725347412453901,1.2856492352449844,1.3871729167618332,0.5568176774111526,5198.359634425418
stiff,10084,ppo-s1,1.3637083731383566,12.91813048930414,2122.817849157569,7363.334378903359,2.492087048376058,0.0,0.19831692506482376,0.340726181030135,0.5036853292934205,0.6633389897405132,0.7952465242134694,0.9282688419292122,1.0583720372958338,1.1728226643645323,1.2741831509388661,1.3637083731383566,0.5472153848024701,5183.659414193457
stiff,10084,ppo-s2,1.4028379406333495,12.910161178932483,2183.7289251209927,7358.791871991515,2.49315374550908,0.0,0.19861936600962682,0.3439585673739405,0.4956689041084364,0.6591159722674038,0.7830819225847612,0.9216747963527191,1.0469058874896622,1.162048346897855,1.27963779006605,1.4028379406333495,0.5626760656699502,5178.2451050953305
stiff,10084,ppo-s3,1.3948294407432205,12.861704861743453,2171.2624866605333,7331.171771193768,2.49048443131534,0.0,0.20326483551399413,0.3499039219276815,0.49392877308903327,0.6441091268053936,0.780382296037637,0.9156949000444226,1.0340976883412825,1.1621517562810872,1.2840581843088137,1.3948294407432205,0.5600635053986451,5164.338592131087
stiff,10084,ppo-s4,1.423223802527537,12.925863983843024,2215.4625951283497,7367.742470790523,2.4940733768105967,0.0,0.20097167303656446,0.34016733875475674,0.48667677982677504,0.6443439883708231,0.7755350962931125,0.9164245928196815,1.0476252282116374,1.174231621003448,1.294436930167595,1.423223802527537,0.570642313798941,5182.631795850581
stiff,10085,max-exp-cap,1.4455232289247388,13.310504383795383,2250.1750170173605,7586.987498763368,2.49999999975,0.0,0.17654529496962054,0.3454339884745411,0.5319486821502888,0.6899823676041763,0.8422403405134833,0.9552644284081113,1.0728304067623395,1.1689081721514003,1.322054979769834,1.4455232289247388,0.5782092916277165,5324.201754050574
stiff,10085,accept-greedy,1.3431969209523715,12.258193425563666,2090.8886789110406,6987.170252571289,2.49999999975,0.0,0.18900000449368917,0.2776852405039579,0.45869504002522,0.6272912481051875,0.7823459180883388,0.8722415586843689,0.996030516805837,1.0979130662317398,1.2303227665087277,1.3431969209523715,0.5372787684346765,4903.277370715794
stiff,10085,rolling-lp,0.9718981938513064,11.308539520418329,1512.9061858904022,6445.867526638446,1.5765320864144552,0.0,0.18900000449368917,0.3567581237676869,0.5347156192344442,0.6892899699957236,0.8192988797290681,0.8779927016722662,0.9316926188966089,0.9334313200978144,0.9605826228583809,0.9718981938513064,0.6164785368001725,7173.047486865688
stiff,10085,peak-first,1.4382109364991904,12.770381237713904,2238.7923305244335,7279.117305496925,2.49999999975,0.0,0.1548977216213816,0.3054567210514721,0.46100629808661,0.6152839747685814,0.7715039423039243,0.9076112195829703,1.0480625326843762,1.1812908674131175,1.3204299747665218,1.4382109364991904,0.5752843746572046,5108.152495596377
stiff,10085,ppo-s0,1.3998394253881643,12.842809207917064,2179.0612837037875,7320.401248512726,2.491094655618348,0.0,0.1687549330079249,0.33127026390712044,0.48699474526776954,0.6448541376741667,0.7960393422107868,0.9175460267414078,1.048255270263166,1.1623016286581036,1.294426491280653,1.3998394253881643,0.5619374688276112,5155.488242468722
stiff,10085,ppo-s1,1.3861481662021808,12.981225942906406,2157.7487729427353,7399.298787456651,2.491997786545217,0.0,0.1665604281661336,0.33431738266210315,0.5048797426540381,0.6637205330820596,0.8077681046789978,0.9373625055952035,1.067875790190116,1.1744003565075007,1.2961688294432627,1.3861481662021808,0.5562397260889499,5209.164315070656
stiff,10085,ppo-s2,1.4187372954443658,12.9242486594161,2208.4786698961466,7366.821735867176,2.492143855535178,0.0,0.16329130592581162,0.325344912612453,0.4868431546662336,0.6474377101178799,0.8003607152153254,0.92906684499148,1.0597860867100224,1.1730017810814393,1.2987295520835493,1.4187372954443658,0.5692838687033569,5185.9962380224115
stiff,10085,ppo-s3,1.4319037808314716,13.264664897514121,2228.9742910575083,7560.858991583049,2.4914708167729294,0.0,0.17264154381359917,0.33303797201002916,0.5127787691543753,0.677175625926427,0.8206858110941788,0.9523904825044107,1.08831319066132,1.2051987720963337,1.3271584356777761,1.4319037808314716,0.5747222769745869,5324.02980930563
stiff,10085,ppo-s4,1.4249526535635804,13.041901151474871,2218.153812627734,7433.883656340676,2.4938114054297538,0.0,0.1693202570407581,0.33761218464247955,0.5035825309408583,0.6637495990674913,0.8136126498675498,0.9321741050271029,1.0580059425210604,1.1712209903997826,1.303948971259541,1.4249526535635804,0.571395515499305,5229.70627332879
stiff,10086,max-exp-cap,1.492538433360001,13.642099988983443,2323.361276721319,7775.9969937205615,2.4999999997500004,0.0,0.1945424363870019,0.36963001911698784,0.5424359409370952,0.6888000716378698,0.8263603198140312,0.9716514273985535,1.0921059262501975,1.2198865095492957,1.3657994132896252,1.492538433360001,0.5970153734037018,5456.83999613906
stiff,10086,accept-greedy,1.4673664593173141,13.509572072405774,2284.1773009909557,7700.456081271291,2.49999999975,0.0,0.1890000044217104,0.3762777458426711,0.5502460769301298,0.7065533432574059,0.8179657697106688,0.9632504160518316,1.0729836569538003,1.2003736503060614,1.3345968053732689,1.4673664593173141,0.5869465837856204,5403.828829502692
stiff,10086,rolling-lp,1.0359553791523894,11.43504862863846,1612.6208602316567,6517.977718323922,1.7478962244804428,0.0,0.1890000044217104,0.35288606957985647,0.5013377870386702,0.6358812390706982,0.7680119092885915,0.9052336668518641,0.9832336688412064,0.9832696875724714,0.9911207009837826,1.0359553791523894,0.5926870054658561,6542.178230310839
stiff,10086,peak-first,1.4059689832115971,12.285118395767222,2188.60286532881,7002.517485587316,2.4999999997500004,0.0,0.15864282709006475,0.31218468517994913,0.45510993516662307,0.5797260552727223,0.7133466045404961,0.8520936052567067,0.9957267259879468,1.1450309256717999,1.274188663086084,1.4059689832115971,0.5623875933408775,4914.047358798292
stiff,10086,ppo-s0,1.3941130351296889,12.945391223078493,2170.1472932265137,7378.872997154741,2.489755215134309,0.0,0.19137992683725077,0.3617395394207221,0.5109633953912096,0.648827220513958,0.7812070022401458,0.9163906350262052,1.0461525572760548,1.1741183782085975,1.2912897531590026,1.3941130351296889,0.5599397991639447,5199.4634429875705
stiff,10086,ppo-s1,1.384499976450318,12.804369771788508,2155.1831169029465,7298.490769919449,2.4912930626850724,0.0,0.18683823198651087,0.3568590551402592,0.5091957426854367,0.6358665340868677,0.7696725365013657,0.8980169066203083,1.0405432293703443,1.1660762760317547,1.2780200972964604,1.384499976450318,0.5557354922178959,5139.648146408026
stiff,10086,ppo-s2,1.4064445819443308,12.952480287679784,2189.343206518151,7382.913763977476,2.492317888872635,0.0,0.18270933545182436,0.352441281939688,0.5150340526404311,0.6532838375128115,0.7831799437406849,0.914976545188011,1.0473214920541583,1.1759015275435374,1.2894428943057656,1.4064445819443308,0.5643118753926355,5196.961569592817
stiff,10086,ppo-s3,1.3917652963506302,12.985268955453291,2166.4926835727824,7401.603304608376,2.4907550688066964,0.0,0.19877922649607888,0.3673186405379082,0.518359618410685,0.6512605229372803,0.7853409362743642,0.9162371866312788,1.051410150552851,1.174747773425794,1.2865797382261905,1.3917652963506302,0.558772443657985,5213.386542127743
stiff,10086,ppo-s4,1.431810024660431,13.152893562991087,2228.8283454306616,7497.149330904918,2.4944948927956228,0.0,0.1917171937669355,0.361198073803893,0.5148355920910763,0.6542132773618015,0.7881085393873482,0.9273028678019409,1.0620245275237765,1.198889262900732,1.319382582813415,1.431810024660431,0.5739879559567979,5272.768287070099
stiff,10087,max-exp-cap,1.5083386405229708,13.717661074624578,2347.9566832221612,7819.066812536009,2.49999999975,0.0,0.1824307976655616,0.35432299353576147,0.530775781152432,0.6707043991632801,0.8254173388022403,0.9744976561220284,1.1248427486481556,1.2510816105959714,1.389879335545722,1.5083386405229708,0.6033354562695219,5487.064430398538
stiff,10087,accept-greedy,1.4157328373665428,12.64239566160989,2203.801777563242,7206.165527117636,2.49999999975,0.0,0.14127897500940365,0.3113407377205429,0.47596321585069207,0.618416922301913,0.7689143005664769,0.8908941816403995,1.0474174199205348,1.1667524209797313,1.2848246291638725,1.4157328373665428,0.5662931350032464,5056.958265149651
stiff,10087,rolling-lp,0.9801813658971774,10.834026648292458,1525.8001930058326,6175.395189526701,1.743396183571114,0.0,0.14127897500940365,0.29454712299052244,0.46350040677684706,0.6014260838360936,0.7486717538162857,0.8641619503815774,0.9249548385740269,0.9673878415637069,0.9737203696363348,0.9801813658971774,0.5622252561603106,6214.322797300383
stiff,10087,peak-first,1.4543968547505088,12.618215502825167,2263.988154533221,7192.382836610344,2.49999999975,0.0,0.1502460364902407,0.29918376436709926,0.4493601574052284,0.5885925641274135,0.7459220476655706,0.8898847240813762,1.0343858087462514,1.1743593981912617,1.3196708346576878,1.4543968547505088,0.5817587419583794,5047.286201634795
stiff,10087,ppo-s0,1.4189888633601941,13.25508914220613,2208.870273315554,7555.400811057492,2.4906694586798626,0.0,0.1826741601906931,0.360009962961092,0.5134238096852596,0.6561176987170256,0.8095700186527484,0.9541005228783659,1.0912633590015506,1.2086145174835456,1.3203699596780833,1.4189888633601941,0.5697218707263971,5321.898133055265
stiff,10087,ppo-s1,1.382857491366278,13.077649385692492,2152.626341039386,7454.260149844719,2.491608102786939,0.0,0.17977385317171368,0.357250743091977,0.5108303730893582,0.652060003081067,0.8004301327583958,0.9454053914094582,1.077252382654393,1.1994966581214805,1.2957876927937724,1.382857491366278,0.5550060179285459,5248.678301802256
stiff,10087,ppo-s2,1.449932025034017,13.330981745340551,2257.037973393095,7598.6595948441145,2.492011054054783,0.0,0.1870589455451082,0.36155343119168454,0.5140904782907227,0.6560569251187893,0.8109515162375921,0.9504574998912203,1.08966202679023,1.211136673877515,1.3329871230736967,1.449932025034017,0.5818321000923388,5349.487404419632
stiff,10087,ppo-s3,1.441773116825395,13.430229164415374,2244.337401690186,7655.230623716762,2.488838955085755,0.0,0.18403037775542863,0.35930306449889965,0.5294889320648521,0.6682127202337058,0.8204215544935681,0.9642103646384295,1.1038215160226328,1.2207977467492999,1.335584270044056,1.441773116825395,0.579295463806222,5396.182479775042
stiff,10087,ppo-s4,1.4719619721339399,13.480297144917946,2291.330910094869,7683.7693726032285,2.4934339980578684,0.0,0.18207953962420276,0.3587516539312209,0.5205549701774338,0.6630918267992503,0.8209417664722973,0.9616750871778315,1.1045596510149303,1.2274757626629587,1.3487153442700062,1.4719619721339399,0.5903352458017532,5406.318015803798
stiff,10088,max-exp-cap,1.4887118907508943,13.44513443281587,2317.4046857733,7663.726626705045,2.49999999975,0.0,0.17456248836914454,0.3384450847853217,0.531381307153651,0.7013609006222494,0.82812264910387,0.9352969351403734,1.0672247292351371,1.204075509832747,1.3680373842797864,1.4887118907508943,0.5954847563599062,5378.053773664154
stiff,10088,accept-greedy,1.3207190077645772,12.38229163198578,2055.8984154010705,7057.9062302318935,2.49999999975,0.0,0.17393259580251968,0.36293259968463853,0.5311336129271245,0.6888914759676721,0.7714793844804331,0.8604088818097902,0.9674624465255937,1.0694076219108457,1.2080759368461715,1.3207190077645772,0.5282876031586596,4952.916653289603
stiff,10088,rolling-lp,0.9787625450654902,11.353790477299892,1523.59158429917,6471.660572060938,1.6075089512521277,0.0,0.17393259580251968,0.34073486809553943,0.5347992499367613,0.6947755916191309,0.8228902864256341,0.8930641985960176,0.9353493358191748,0.9590223980110925,0.9603984170736767,0.9787625450654902,0.6088691103729832,7062.971853721965
stiff,10088,peak-first,1.4223941637997999,12.463558769180866,2214.1711372666223,7104.228498433093,2.49999999975,0.0,0.14798636994225003,0.28884888870182135,0.4367800711237033,0.5947759607473283,0.7429441758606873,0.8810480045103565,1.0203460048646102,1.16414638871463,1.3073799343677281,1.4223941637997999,0.5689576655768157,4985.423508170888
stiff,10088,ppo-s0,1.3754629737880117,12.74690048601841,2141.1156586895163,7265.733277030493,2.4913260136821145,0.0,0.16874895729806702,0.3242663705599882,0.4928208657073371,0.6478460940842659,0.7863667204357849,0.9093128457895812,1.0411212743805425,1.1632638766201802,1.279460062547304,1.3754629737880117,0.5521007552741416,5116.5124178905935
stiff,10088,ppo-s1,1.3563299728048506,12.632183816772711,2111.3322557310576,7200.344775560445,2.4919313323648784,0.0,0.16613598381180733,0.315155296074713,0.4775270714084557,0.6347804849689321,0.7795498059024075,0.917370766123918,1.039241767677753,1.155843194131863,1.2730411594880704,1.3563299728048506,0.5442886628491781,5069.234313444981
stiff,10088,ppo-s2,1.369649585509376,12.491450211580732,2132.066242666961,7120.126620601017,2.493564360446883,0.0,0.1657952813655334,0.3227255827642261,0.4838897786248968,0.635273100526704,0.7653098039332515,0.8819819483045441,1.0092740060093663,1.1336451871229363,1.2570232849133842,1.369649585509376,0.5492738054950043,5009.475756760528
stiff,10088,ppo-s3,1.3817007419990515,12.761813135057732,2150.82568611043,7274.2334869829065,2.4903546363119466,0.0,0.1725699427745762,0.3269404755067191,0.4972153870021185,0.6599442816010794,0.7910620113263722,0.9063686328156144,1.0322112341493526,1.1524786230300883,1.277758668310796,1.3817007419990515,0.5548208764536686,5124.496306259877
stiff,10088,ppo-s4,1.4066336146332583,12.682574254783667,2189.637464421112,7229.06732522669,2.4941010418165104,0.0,0.169338963286807,0.32007085041639993,0.48531497972120846,0.6432249581671243,0.7715205622977294,0.892039059094397,1.021345916412424,1.151393090334884,1.2864645672171178,1.4066336146332583,0.5639842135701026,5085.02824951577
stiff,10089,max-exp-cap,1.5008339424511323,13.788059249223624,2336.274488309202,7859.193772057464,2.49999999975,0.0,0.16812697659679327,0.3364644542957664,0.5197140990514647,0.7003150088627065,0.842348483971899,0.9867233123508876,1.1274674012130301,1.2732551790042013,1.4022665691408265,1.5008339424511323,0.6003335770404863,5515.223700240972
stiff,10089,accept-greedy,1.3644645839804124,12.099393176151006,2123.995005435893,6896.654110406073,2.49999999975,0.0,0.11092430913004506,0.26469027273324414,0.43316709973818684,0.605013711158889,0.7387556194669417,0.8881078326169822,0.9948145423453667,1.1256562135771986,1.247114053389224,1.3644645839804124,0.5457858336467435,4839.757270944378
stiff,10089,rolling-lp,1.0235159717167577,10.805202411012017,1593.257045608643,6158.965374276849,1.7655094972767544,0.0,0.11092430913004506,0.255707213310066,0.43030728183332145,0.606607722158135,0.7400221532026836,0.8721331344561483,0.9337529870103435,0.9554661820671376,1.0128769252485164,1.0235159717167577,0.5797283862225043,6120.161023024072
stiff,10089,peak-first,1.423576844568435,12.57666977183377,2216.0121583345917,7168.701769945248,2.49999999975,0.0,0.14526471132827468,0.30039791724444836,0.44441143376560444,0.5917069536290875,0.7379930474533267,0.8889124968724196,1.034639984201958,1.1885274092600948,1.323882215203176,1.423576844568435,0.5694307378843171,5030.667909236575
stiff,10089,ppo-s0,1.379807888986824,12.833217087962241,2147.879174789288,7314.933740138476,2.491014449341112,0.0,0.16296509704155507,0.339586321107425,0.4946958420385477,0.6385346043386305,0.7787742071579915,0.9199870885660721,1.0529943739619667,1.1821375356070327,1.2946372817042011,1.379807888986824,0.5539140446783803,5151.803551905009
stiff,10089,ppo-s1,1.345731662464678,12.66056497895781,2094.8343865354223,7216.522038005951,2.4934378856534076,0.0,0.16128622674772627,0.34114813575684605,0.49812299125155124,0.6446810933968301,0.7786997635458357,0.9150453917386454,1.0443416128460803,1.1515468503114723,1.2526039691144801,1.345731662464678,0.5397093186911402,5077.5537870036405
stiff,10089,ppo-s2,1.3951993016545194,12.92789458582231,2171.8382309763097,7368.899913918716,2.4910524261993388,0.0,0.16857851073758123,0.34257676779877055,0.4986499728653589,0.6426782543004206,0.7885232070608221,0.9297343919677071,1.058217435057415,1.1864847998935677,1.2942988781315807,1.3951993016545194,0.5600842788295749,5189.732038496967
stiff,10089,ppo-s3,1.39391479568084,12.891613542343375,2169.8387036125514,7348.219719135724,2.4889246701271732,0.0,0.16287752015809687,0.33434518612566894,0.5066713951937227,0.65465340340176,0.7863402836444277,0.9216566685060614,1.0505301788630648,1.1791656512342668,1.2914793202258665,1.39391479568084,0.5600470003817419,5179.5916915736425
stiff,10089,ppo-s4,1.4172255565305216,12.929948130979167,2206.1254201744414,7370.070434658124,2.49486026005231,0.0,0.16197455629305485,0.34047356362135406,0.49684235972415447,0.6332791110085975,0.7754921462341423,0.9209233530063414,1.058054107694168,1.1911074563066302,1.3108885163119623,1.4172255565305216,0.5680580909572893,5182.634209223431
stiff,10090,max-exp-cap,1.5481650806432303,14.315288569382059,2409.9525465760885,8159.714484547773,2.49999999975,0.0,0.18703607162672947,0.36541552840222175,0.545173186105494,0.7223343051580742,0.8846572218335741,1.0295113761414607,1.1640895266367348,1.3135274290238046,1.4363003466707625,1.5481650806432303,0.6192660323192187,5726.1154283254355
stiff,10090,accept-greedy,1.4968201935587209,14.098741700593585,2330.0264825341555,8036.282769338343,2.49999999975,0.0,0.18900000438210474,0.37800000825509433,0.5535000109731363,0.7191100657231271,0.8796722404491439,1.0156490235948916,1.1533624950040766,1.2795185248616496,1.3924667577794665,1.4968201935587209,0.5987280774833612,5639.496680801384
stiff,10090,rolling-lp,0.992576728240029,11.434499741160995,1545.0954447960858,6517.664852461767,1.5690370700895735,0.0,0.18900000438210474,0.337069461928846,0.5128366606516032,0.6833407965305728,0.8147477076922822,0.9295120233963055,0.9435726127485595,0.9694212631085722,0.9735002461728762,0.992576728240029,0.6326024713892607,7287.5905605647795
stiff,10090,peak-first,1.4483271555692445,12.800114454524067,2254.5397519166463,7296.065239078718,2.49999999975,0.0,0.1521211147317,0.3023816997405004,0.4571549689680222,0.6112613446762913,0.7590538737756096,0.9053997645910951,1.0503020973883275,1.1977430808430891,1.339109849654931,1.4483271555692445,0.5793308622856309,5120.045782321632
stiff,10090,ppo-s0,1.4308786496256014,13.53946388706466,2227.378519656221,7717.494415626856,2.491241231731097,0.0,0.18655702338822233,0.3676607176071834,0.5310192872402213,0.6863560579157905,0.8360374501830696,0.975041356353374,1.1055081828371656,1.2357140254100145,1.343043822783972,1.4308786496256014,0.5743637474365829,5434.82650921623
stiff,10090,ppo-s1,1.3867389022554262,13.255240823017797,2158.66834274422,7555.4872691201435,2.4918584864331614,0.0,0.18534466147876538,0.36385828754201827,0.5317089094981181,0.6812938336849285,0.824264174226579,0.9570316556519616,1.0828901447637245,1.201823787677754,1.3002759563105744,1.3867389022554262,0.5565078875086522,5319.419579878032
stiff,10090,ppo-s2,1.4502318703662387,13.63064755690579,2257.5047278955712,7769.4691074363,2.4916060627825805,0.0,0.18627775160198187,0.3682844782433992,0.5387788678002816,0.6943442975963542,0.8440903316918491,0.9776036372889019,1.109911444269569,1.238628640373257,1.3482420811849598,1.4502318703662387,0.5820470145857031,5470.627062804355
stiff,10090,ppo-s3,1.4188396744764058,13.448546663102178,2208.6380383072196,7665.67159796824,2.4901359320670675,0.0,0.1871794628527004,0.3646253774056234,0.5351150530741352,0.6911098668171486,0.8291828224077107,0.9638713532197342,1.092928458843319,1.2196835906031291,1.33687525268358,1.4188396744764058,0.5697840251229273,5400.727924093087
stiff,10090,ppo-s4,1.4802358167429057,13.743731391025644,2304.2103976473645,7833.926892884616,2.4928652095814816,0.0,0.1869657453465403,0.36704921732309564,0.5350278200698695,0.6893286130435802,0.843037509106461,0.9847270781480779,1.1162325717749293,1.2517427000946129,1.3746919264646256,1.4802358167429057,0.5937889505832596,5513.226843633888
stiff,10091,max-exp-cap,1.4932116600945653,13.673882938189854,2324.409255715079,7794.113274768216,2.49999999975,0.0,0.1739635534312898,0.36897980255841195,0.520478565309666,0.6906272083890258,0.8266393332907527,0.979498013704164,1.1220091095903966,1.243164296265298,1.3655964741952267,1.4932116600945653,0.5972846640975545,5469.553175822897
stiff,10091,accept-greedy,1.386065740890861,12.328975949143747,2157.620465508727,7027.516291011935,2.49999999975,0.0,0.1419195826162449,0.3017265251191441,0.4521900377215154,0.6131430017915711,0.7517387376142082,0.8912667234303107,0.9905726503209609,1.127835167110672,1.2637351465983413,1.386065740890861,0.554426296411787,4931.590380150658
stiff,10091,rolling-lp,0.9718963862352096,10.858134228129437,1512.9033720632012,6189.136510033778,1.6516953447290312,0.0,0.1419195826162449,0.3126246982431059,0.46403975867781616,0.6223436855780574,0.7540539123047361,0.8763737079511945,0.9153737105618183,0.9447957142953612,0.971896376991585,0.9718963862352096,0.5884235184998078,6573.932815625128
stiff,10091,peak-first,1.3978063306278026,12.161233388240191,2175.8964649409663,6931.903031296908,2.4999999997500004,0.0,0.14275940975591486,0.29703559648547784,0.4285241562812515,0.5645900364787605,0.7040995690377712,0.8631319542973312,1.0135621117320501,1.1342124480813753,1.2667130743596133,1.3978063306278026,0.5591225323070332,4864.493355782525
stiff,10091,ppo-s0,1.4061693259614936,13.040492353662067,2188.914729048214,7433.080641587377,2.4912964131073725,0.0,0.169659327343967,0.36672054767666384,0.5055068820333157,0.6473428043097362,0.7844013659877822,0.9355411367540245,1.077258160560516,1.1882217623836513,1.2964535528436607,1.4061693259614936,0.5644327662349864,5234.420234000487
stiff,10091,ppo-s1,1.3486107534507212,12.71895760258121,2099.3161260736606,7249.805833471289,2.492357011702263,0.0,0.16230260303175453,0.3657295399895158,0.5085201232688763,0.6480061180194912,0.7780381753545409,0.9216956205820978,1.0499817347230467,1.1423441890648454,1.2454905413156327,1.3486107534507212,0.5410985453202105,5103.1844727149455
stiff,10091,ppo-s2,1.4131219699213893,13.015084115914599,2199.7375684379426,7418.597946071321,2.4930605071007945,0.0,0.1660035149969409,0.36114548710178007,0.5021040638460958,0.6396684218151375,0.7794226952018901,0.9343842341018262,1.0732943020979397,1.1928734341201173,1.2989343687953303,1.4131219699213893,0.5668221713418112,5220.524764178296
stiff,10091,ppo-s3,1.3979617066951033,12.958532845833249,2176.138331234006,7386.363722124951,2.4909898557840786,0.0,0.17842122621459963,0.3702666468189092,0.5066352118928499,0.645368591111094,0.7836536954629593,0.9243812307142181,1.0630832479054666,1.17418463354263,1.2806674943658198,1.3979617066951033,0.5612073061835383,5202.162030384641
stiff,10091,ppo-s4,1.4177762867929693,13.003102750360783,2206.9827149261814,7411.768567705646,2.4935401931103067,0.0,0.16941156073334587,0.37441608661920756,0.5110517526332163,0.6408762072420051,0.7770778401920213,0.9243229147024703,1.0622761645721601,1.1797935202453012,1.2962532715385864,1.4177762867929693,0.568579680692659,5214.715522247676
stiff,10092,max-exp-cap,1.541183310579556,14.192129545536488,2399.0843680110675,8089.513840955798,2.49999999975,0.0,0.19030821405378257,0.3684116382055294,0.540451318843016,0.7062323466717271,0.862686592915755,1.0153939917841224,1.1587562740390316,1.3006444264732036,1.4330240107504948,1.541183310579556,0.6164733242934698,5676.851818782281
stiff,10092,accept-greedy,1.4358696771291333,13.429918701280105,2235.147807048474,7655.05365972966,2.49999999975,0.0,0.189000004310651,0.3590737471792885,0.5305444692368766,0.6775758243748529,0.8229169640292436,0.9557299679089799,1.0946333941411537,1.2233654407025119,1.3387347313056486,1.4358696771291333,0.5743478709090881,5371.967481049239
stiff,10092,rolling-lp,1.027650116529415,11.553651370298043,1599.6924657997756,6585.5812810698835,1.631028916878835,0.0,0.189000004310651,0.35464382908694114,0.4998504465100195,0.6662652076278552,0.8282214659794764,0.9209472522149951,0.9421500546041829,0.9913930453666127,1.0019996609562924,1.027650116529415,0.6300624752232743,7083.658205402826
stiff,10092,peak-first,1.4285402157110012,12.514484975973653,2223.7383944280064,7133.256436304981,2.49999999975,0.0,0.15363174790145515,0.30199921011897246,0.45105149317241994,0.5896761227121017,0.7398705757839639,0.8733745964158769,1.0272855422777887,1.1712730775413338,1.3026626206230403,1.4285402157110012,0.5714160863415421,5005.793990890041
stiff,10092,ppo-s0,1.4263365471932326,13.350547519384191,2220.308051874356,7609.812086048989,2.490070012053456,0.0,0.18710968639505646,0.36775113523773545,0.533974736782684,0.6712445879373602,0.8168491715428843,0.9480725309611088,1.08903247791299,1.2114404838293726,1.3246444343947426,1.4263365471932326,0.5728098167075202,5361.514919162678
stiff,10092,ppo-s1,1.4092687613931765,13.338984506978253,2193.7394679632844,7603.221168977604,2.4904114037185963,0.0,0.1860182346657362,0.3671285987598012,0.5437985979071721,0.6817322988482428,0.8255687301243948,0.9538021753522704,1.089859979213763,1.1999380326415716,1.311912248623634,1.4092687613931765,0.565877894426963,5356.136936676785
stiff,10092,ppo-s2,1.4369617449179697,13.343352430274729,2236.847775341033,7605.710885256594,2.4919717998467203,0.0,0.1855397115322392,0.36482050679569306,0.539459915164308,0.6738395584004566,0.8166755944749479,0.9439331787441826,1.0784911577412095,1.2079269818477556,1.3241852827971619,1.4369617449179697,0.5766364390665882,5354.535886439594
stiff,10092,ppo-s3,1.425484850857951,13.26555724576293,2218.9822580182713,7561.367630084869,2.4881696540067453,0.0,0.18935017990663244,0.3715217988581017,0.533570568209123,0.663311568347889,0.8093305508131942,0.9362990217157102,1.0769666887609484,1.197457946648343,1.3185644584492044,1.425484850857951,0.5729050061206504,5331.452067346437
stiff,10092,ppo-s4,1.4394077398091822,13.32099578663321,2240.6553354589378,7592.967598380929,2.4940925079183955,0.0,0.1867121840863573,0.3675320542969016,0.5297127766770681,0.6605487584863591,0.809155048950279,0.9405262034851511,1.08208237250887,1.207535378185442,1.3342591007714013,1.4394077398091822,0.5771268448300388,5341.019125930938
stiff,10093,max-exp-cap,1.4455548371045301,12.906108552795416,2250.2242199184807,7356.481875093386,2.49999999975,0.0,0.16089928142052579,0.30195402857683334,0.466265392727649,0.624070211068205,0.7843267220204773,0.9183441011309978,1.0563596269496216,1.2034073289856353,1.3297645373214018,1.4455548371045301,0.5782219348996342,5162.443421634411
stiff,10093,accept-greedy,1.3806762777296604,11.925066173036164,2149.230952896405,6797.287718630613,2.49999999975,0.0,0.14224199157911066,0.27375682618418384,0.40830109313201257,0.5667831177346175,0.7150313674783317,0.8494282438661966,0.9716076184098879,1.1091691482345187,1.2437240504379672,1.3806762777296604,0.5522705111470912,4770.026469691468
stiff,10093,rolling-lp,1.0212975074525887,10.7010990457008,1589.8036712432295,6099.6264560494565,1.8206141610080036,0.0,0.14224199157911066,0.277839288095625,0.4377129657946079,0.5341127519768876,0.6986737710164317,0.8355518593620401,0.9362773960290897,0.9873613230569791,1.003368524329446,1.0212975074525887,0.5609631789786452,5877.741300098433
stiff,10093,peak-first,1.4371672399257722,12.514824130977889,2237.1676593272787,7133.449754657397,2.49999999975,0.0,0.14740234673110889,0.28006105715664814,0.4284158231655715,0.5705821850205938,0.7329169013902044,0.888332424750327,1.0383493680102214,1.187780947779048,1.328574783130695,1.4371672399257722,0.5748668960277956,5005.929652891748
stiff,10093,ppo-s0,1.3845931027248966,12.520775908640923,2155.3280820009063,7136.842267925325,2.4898306516691373,0.0,0.1566604357295186,0.2937955985061588,0.45629125615415306,0.6077537186577386,0.7582467954258032,0.8964840292171927,1.0341651481607141,1.16874402503175,1.2866724179839988,1.3845931027248966,0.5560993081182812,5028.766073004693
stiff,10093,ppo-s1,1.3615118294231687,12.409709467301214,2119.3985974341786,7073.5343963616915,2.492481018113948,0.0,0.15496158600441592,0.29372307080103865,0.44603778188355975,0.5965435843916148,0.7585063172505676,0.9026323155667174,1.037465570990943,1.1557832948480975,1.264891561536794,1.3615118294231687,0.5462476221597949,4978.858164661811
stiff,10093,ppo-s2,1.3822405433955,12.439202367551879,2151.6659684332144,7090.345349504571,2.49179686876918,0.0,0.15662546397469043,0.29354587986323866,0.45149807771350586,0.6024751805374482,0.7536469586837189,0.8973692031244495,1.027614608983213,1.154579286004094,1.2714080910666858,1.3822405433955,0.554716381868742,4992.061160144329
stiff,10093,ppo-s3,1.4021680215104273,12.700820560982477,2182.6860949238308,7239.467719760011,2.488221954788697,0.0,0.15908091300079072,0.2986329426605404,0.470837984500907,0.6255042194527292,0.771346748595173,0.9124538851369206,1.0452008845002396,1.1762705075904618,1.2975719692944576,1.4021680215104273,0.5635220840375156,5104.376053164859
stiff,10093,ppo-s4,1.4087139819558376,12.63438693889764,2192.8758700598573,7201.600555171654,2.4935970501499334,0.0,0.1561752276618007,0.29418039225650855,0.45866897963459424,0.6130926631989395,0.761262657842293,0.9026207452535795,1.0406240187523421,1.1793581919135898,1.3016939401485392,1.4087139819558376,0.5649324865343162,5066.731586860823
stiff,10094,max-exp-cap,1.4493121996165144,13.293419585523177,2256.073121606926,7577.249163748211,2.49999999975,0.0,0.17671811867199125,0.35836132036001045,0.5190416746634046,0.6652823243931721,0.7952726722995233,0.9447861724460831,1.0893164721016226,1.2021540023613797,1.3395115764193561,1.4493121996165144,0.5797248799045782,5317.367834741008
stiff,10094,accept-greedy,1.3947343665494867,13.13206012707678,2171.1144893324918,7485.274272433764,2.49999999975,0.0,0.18900000421173282,0.3531393495065314,0.5257534698822243,0.6699128174511972,0.8032591555609814,0.9408092821211815,1.0774842159186278,1.1744050070932763,1.3076007746106293,1.3947343665494867,0.557893746675584,5252.824051355995
stiff,10094,rolling-lp,0.9622403575276511,10.94691448201941,1497.8723064071253,6239.741254751064,1.6355366206442012,0.0,0.18900000421173282,0.3565708190644482,0.4883600858803137,0.638093785344091,0.7552319201846911,0.8659737978220232,0.8930187950193883,0.9219253044553013,0.9619355250772867,0.9622403575276511,0.5883331167165466,6693.163787251468
stiff,10094,peak-first,1.4119530735098813,12.376897548465626,2197.918004801727,7054.831602625406,2.49999999975,0.0,0.1500167095175351,0.2895646912682245,0.4291146778599996,0.5787522421385798,0.7198349783126157,0.8652254554617813,1.02345571072367,1.1709568889624316,1.312103950826524,1.4119530735098813,0.5647812294604306,4950.759019881326
stiff,10094,ppo-s0,1.3929070003787913,13.06267019066156,2168.2699181613316,7445.7220086770885,2.4927183897195855,0.0,0.17603113063200954,0.35568150955398314,0.5101880548735247,0.6576997729112756,0.790705772869698,0.9318722595857095,1.0725116585746868,1.1964592393921607,1.307465615997001,1.3929070003787913,0.558790357596505,5240.331296360768
stiff,10094,ppo-s1,1.3691865288201397,12.975639668123936,2131.345425060759,7396.114610830643,2.4924982290098274,0.0,0.18312169952385876,0.3626819497974804,0.5212636945473028,0.659510266768782,0.7902851768374737,0.924685719219164,1.062451003262876,1.1743820510332632,1.2880450996439479,1.3691865288201397,0.5493229695750131,5205.877186632407
stiff,10094,ppo-s2,1.4156932198827616,13.26949431557496,2203.740106971959,7563.611759877727,2.4916136407511797,0.0,0.18008373425016916,0.35943192782196065,0.51798483301232,0.6718260016905625,0.8100424509419224,0.9476724888878889,1.091888563643133,1.2089933720649304,1.3207702329116513,1.4156932198827616,0.5681832836073067,5325.662895140689
stiff,10094,ppo-s3,1.3771435605348152,12.66688950111806,2143.7317455402276,7220.127015637293,2.491869290185928,0.0,0.16492760196445236,0.3430014765093838,0.49152293772716044,0.6272641366343567,0.7581977424161626,0.8955644041967145,1.0341143555210535,1.1641110823037992,1.2814233027516948,1.3771435605348152,0.5526548145838184,5083.288096613179
stiff,10094,ppo-s4,1.4300887003895115,13.120975903539964,2226.1488444768856,7478.956265017779,2.492944250980471,0.0,0.17669499686025086,0.35717338340155486,0.5012561394348555,0.6556355954466976,0.7885908965466603,0.9274402029683455,1.0694040191998757,1.1985149164787594,1.3241790337890595,1.4300887003895115,0.5736545050403995,5263.244815193723
stiff,10095,max-exp-cap,1.5065708927047257,13.531664487955563,2345.2049170122464,7713.04875813467,2.49999999975,0.0,0.18799247954954248,0.3266282341278624,0.48152614793497367,0.6557311075207605,0.8118177496436398,0.9497562706377661,1.1137393106504996,1.26736762175515,1.3916763874047648,1.5065708927047257,0.6026283571421531,5412.665795723492
stiff,10095,accept-greedy,1.4383184210473934,13.243180779316685,2238.959646441772,7548.6130442105095,2.49999999975,0.0,0.1890000040069714,0.33783074120940065,0.4910989937836944,0.6657839543929647,0.8169881492236503,0.9293610094566231,1.0788728746586171,1.2162820308232476,1.3439467045407438,1.4383184210473934,0.5753273684764901,5297.272312256401
stiff,10095,rolling-lp,0.9633458081648996,11.104888292952696,1499.59310712254,6329.786326983036,1.5213770894693173,0.0,0.1890000040069714,0.34934359231704004,0.4950263553900191,0.6637325404598866,0.815394404318531,0.899309091470747,0.8993090956625384,0.9101863148907328,0.949186322123502,0.9633458081648996,0.6332064646122226,7299.234601216634
stiff,10095,peak-first,1.3964441714236866,12.069644454232892,2173.7760586071417,6879.697338912748,2.49999999975,0.0,0.14216597467079425,0.2682752713822451,0.40723759940666726,0.5569797162227306,0.7020077663102309,0.8492688405200071,0.9982187260416515,1.1478365674391835,1.285162883002874,1.3964441714236866,0.5585776686253324,4827.857782175943
stiff,10095,ppo-s0,1.3784741378138785,12.562716957426474,2145.802989842394,7160.748665733089,2.4919503673349586,0.0,0.18293389445108987,0.30231436916971194,0.45503139852420765,0.6089191550858287,0.7553456382923129,0.8902121077221432,1.0365757146821377,1.174123421258409,1.286419821596005,1.3784741378138785,0.5531707837697031,5041.319089698322
stiff,10095,ppo-s1,1.3181011186187415,12.22943543175975,2051.823275939173,6970.778196103057,2.4931827219587266,0.0,0.18087445572002964,0.30088999974426434,0.4509677836962067,0.6042158404740514,0.7426823249928407,0.8831021055266703,1.0165601157495505,1.1263205344427285,1.2325337282127373,1.3181011186187415,0.5286821166413338,4905.150081479749
stiff,10095,ppo-s2,1.3888077813103377,12.511409161557669,2161.888865160906,7131.503222087871,2.4933618060742524,0.0,0.17797590927293386,0.2979057454511798,0.45065492399032153,0.6095953033785678,0.7523765139135771,0.886897431088324,1.0271520251093833,1.1619668915612924,1.284056759241191,1.3888077813103377,0.5570021077273929,5017.887548881897
stiff,10095,ppo-s3,1.3814510366279151,12.524008934866536,2150.43698202287,7138.685092873926,2.4900510398855964,0.0,0.18560025021650778,0.3028714811795602,0.455700086304311,0.619942156329432,0.743417283710925,0.8865616057638823,1.027086350195716,1.162966291186343,1.2798868976391011,1.3814510366279151,0.5547882410841606,5029.619366935524
stiff,10095,ppo-s4,1.4168095837828603,12.651097261670825,2205.4778958276734,7211.12543915237,2.4938551880457145,0.0,0.18362271900459298,0.30161624913263974,0.4493069594735588,0.6090722044686201,0.7520093688569424,0.8903218041633635,1.0366520947976179,1.1813019124990631,1.3064126939766658,1.4168095837828603,0.568120230306207,5072.9077302939695
stiff,10096,max-exp-cap,1.4600890307059933,13.190890691482737,2272.848885285383,7518.807694145159,2.49999999975,0.0,0.16146850377777666,0.3347835108054297,0.499307459581415,0.6576737808052928,0.8062716978256057,0.9327224937073003,1.0689494600980476,1.204770328361273,1.3478552141243876,1.4600890307059933,0.5840356123408009,5276.356277120731
stiff,10096,accept-greedy,1.431613254324212,13.19642193310441,2228.522042712178,7521.960501869514,2.4999999997499995,0.0,0.1890000042473649,0.3492909185370658,0.5193336578429157,0.6671292798261919,0.8038836129966738,0.9510634911098999,1.0744546598430373,1.1795715179968802,1.3121043792290057,1.431613254324212,0.5726453017869494,5278.568773769623
stiff,10096,rolling-lp,0.9457067144084161,10.963682574672328,1472.1351961741354,6249.299067563226,1.58483280526403,0.0,0.1890000042473649,0.36299339674448583,0.5078768129465269,0.6576897191999481,0.8018590537055538,0.8482624596348575,0.8948112977306675,0.9012419879467942,0.9336808512081746,0.9457067144084161,0.5967233333808126,6917.879626328028
stiff,10096,peak-first,1.4241492596018608,12.66085367179638,2216.903208704317,7216.686592923936,2.49999999975,0.0,0.14559529045393252,0.30814760354393866,0.45801576006022027,0.6083554795328601,0.7545099529838648,0.8963937925186323,1.0463555039974037,1.1808130681336202,1.3110574440126697,1.4241492596018608,0.5696597038977103,5064.341469224986
stiff,10096,ppo-s0,1.3870837273875667,12.875401146540934,2159.2051150921534,7338.978653528332,2.491978222772331,0.0,0.16544279431862827,0.3385602321831538,0.49781246253927264,0.6410081400718538,0.784507476701962,0.9154096917312329,1.0553287827953248,1.1840546920013932,1.3020114824409144,1.3870837273875667,0.5566195220776983,5166.739030414569
stiff,10096,ppo-s1,1.346938483752399,12.755035408723982,2096.712985963848,7270.37018297267,2.492626528550967,0.0,0.16595573967477428,0.3402863759851663,0.5036333303608266,0.6503747908858589,0.7926052764163913,0.9201515667889074,1.0501863527825264,1.1610294747734713,1.2627345631741365,1.346938483752399,0.5403691521069591,5117.106498958286
stiff,10096,ppo-s2,1.393976486283934,12.869675930575895,2169.9347343446,7335.71528042826,2.491711528928018,0.0,0.16304457864641891,0.3362320963906733,0.5020987635678381,0.6464548929210789,0.785877266021918,0.9157675064070216,1.0516375324979061,1.1808521282666566,1.291600324958123,1.393976486283934,0.5594453732305238,5164.994334682345
stiff,10096,ppo-s3,1.3792011581795152,12.716730866972515,2146.934706739697,7248.536594174333,2.491153360259499,0.0,0.16548037668651397,0.34129090501697484,0.497028272701743,0.6397622779798247,0.7748524859351125,0.9004031802907151,1.0323966981923556,1.1613383380567182,1.2775352401205102,1.3792011581795152,0.553639603318459,5104.756322849524
stiff,10096,ppo-s4,1.4064737618503496,12.881217169681776,2189.3886294447484,7342.293786718611,2.4938886105440896,0.0,0.16589405686843914,0.33939841667574033,0.4966979262082864,0.6397213712929918,0.7798325203389805,0.9123350620032258,1.052442542868365,1.18206021145744,1.3000998537827126,1.4064737618503496,0.5639681563578336,5165.113275396647
stiff,10097,max-exp-cap,1.5643950629958872,14.473303325948757,2435.2169630073254,8249.782895790791,2.4999999997500004,0.0,0.18074047790466008,0.36942938197833414,0.5497007457049479,0.7395849008385825,0.8922362994953092,1.042002126299377,1.1841675940366925,1.3264889035945662,1.4489740172830607,1.5643950629958872,0.6257580252609306,5789.3213309584335
stiff,10097,accept-greedy,1.4531822457956478,13.224326174804439,2262.097432425831,7537.86591963853,2.49999999975,0.0,0.14513429797060767,0.3341343019262089,0.49740729259389216,0.6593675569753962,0.8319033112006102,0.9487097280090269,1.0799443722418096,1.2071025751593547,1.338484912853841,1.4531822457956478,0.5812728983763864,5289.730470450749
stiff,10097,rolling-lp,1.0559703376827985,11.493872669885612,1643.7771631886599,6551.507421834798,1.668335833906464,0.0,0.14513429797060767,0.2965245245066765,0.4797173334152227,0.6444128828928438,0.8119307335878,0.9262474981036831,0.9635331270395523,1.0299031292102807,1.0303450947699107,1.0559703376827985,0.6329483046648999,6889.423841584896
stiff,10097,peak-first,1.4389821499922877,12.595684895326336,2239.992840692814,7179.540390336011,2.49999999975,0.0,0.14279931546432828,0.2949402358105662,0.4485482180354488,0.6037794073684584,0.753806347252123,0.889653211890765,1.0315323894533412,1.172724782751696,1.3147623620879674,1.4389821499922877,0.5755928600544744,5038.273958634362
stiff,10097,ppo-s0,1.437475262954657,13.581298954939324,2237.6471436485217,7741.340404315414,2.491197473603848,0.0,0.17893251562465937,0.3726835280218038,0.5342876433420826,0.688545270869266,0.8372263489476239,0.9777245122829317,1.1140394969811551,1.2372815375829476,1.3464955050955625,1.437475262954657,0.5770218050499056,5451.715128504917
stiff,10097,ppo-s1,1.3940499010283918,13.174710449804632,2170.0490154717063,7509.5849563886395,2.4917056283581087,0.0,0.17606302767051735,0.3702327262257572,0.526826967623956,0.6820966366565863,0.8193598464074164,0.9466685433018347,1.0698916407617398,1.1804573069287196,1.2978506182889027,1.3940499010283918,0.5594761616953086,5287.426532196747
stiff,10097,ppo-s2,1.4602640389692887,13.607606818860717,2273.1213120537386,7756.335886750608,2.492971333073881,0.0,0.1824566501217181,0.3720545515817926,0.5350685301639551,0.6931154285130493,0.8425709408774167,0.9678532303936034,1.1068605857706126,1.234428278284025,1.3469196850547882,1.4602640389692887,0.5857524391059705,5458.388806293363
stiff,10097,ppo-s3,1.4208703262844637,13.548691422767288,2211.799054246169,7722.754110977354,2.4899791230807438,0.0,0.18046574055280631,0.37529820519030993,0.5474019342471221,0.6966795621649738,0.8357894115030832,0.9706137408326223,1.1076958287994003,1.234163991844598,1.3347656451411003,1.4208703262844637,0.5706354375077981,5441.287156658597
stiff,10097,ppo-s4,1.473727076875234,13.725272995172672,2294.0785619567027,7823.405607248423,2.493397515901801,0.0,0.17890892875069878,0.3717481034673318,0.5405486218347082,0.6974805271199009,0.8511302046350568,0.9859828942852218,1.1147097443540352,1.2383995976223425,1.3645455370972746,1.473727076875234,0.5910517947805939,5504.646935612501
stiff,10098,max-exp-cap,1.449909783613997,13.200890075638924,2257.0033512668842,7524.5073431141855,2.49999999975,0.0,0.16057858792628807,0.3353540778794304,0.5114122265500372,0.6707273418311102,0.8108616862174706,0.9508681458329397,1.0707938368395347,1.1965331508537878,1.3232762946142531,1.449909783613997,0.5799639135035951,5280.356030783605
stiff,10098,accept-greedy,1.362809314543448,12.6221637898335,2121.4183287980086,7194.633360205095,2.49999999975,0.0,0.18687093631357193,0.3704450496099347,0.4889136077564965,0.6472663136883677,0.768473189598254,0.9096741145965909,1.0067568791640178,1.124621310761126,1.2427078729717649,1.362809314543448,0.5451237258718915,5048.865516438287
stiff,10098,rolling-lp,0.961086499604412,11.070137903886355,1496.0761524470179,6309.978605215221,1.5651435942558132,0.0,0.18687093631357193,0.32704456343693483,0.524499641196962,0.6776805839716613,0.8088511319247607,0.8509497670483044,0.8853047072122,0.9337343310442187,0.9554875503577294,0.961086499604412,0.6140564374615,7072.9215801761175
stiff,10098,peak-first,1.3979604189306356,12.241158588475576,2176.136326634304,6977.460395431078,2.49999999975,0.0,0.1451023675658165,0.2892347626367316,0.44055626970544376,0.5686255266063772,0.7051491830306877,0.8637866254351114,1.0091791345398642,1.1575784281003294,1.2866063027573913,1.3979604189306356,0.5591841676281727,4896.463435879877
stiff,10098,ppo-s0,1.3969244545449468,12.814832335808518,2174.5236917540396,7304.454431410854,2.491056611325704,0.0,0.15850414887242972,0.34338909356627856,0.4981346912815287,0.6347092397017753,0.7680666283020541,0.9141740873781485,1.0492905325963426,1.1797597026964555,1.2893572085631901,1.3969244545449468,0.5607758764669438,5144.336053040822
stiff,10098,ppo-s1,1.3347453109304679,12.474756947682032,2077.7324726707525,7110.611460178758,2.4932625272263436,0.0,0.15754017925505553,0.3439909959724523,0.4857524929950301,0.6215869565067711,0.7542935234949946,0.902851655287366,1.031696031087568,1.1433384299066085,1.2380481508028367,1.3347453109304679,0.5353408621655736,5003.386852149784
stiff,10098,ppo-s2,1.3745443282996246,12.5525830987242,2139.6856483748415,7154.972366272794,2.4935110582442532,0.0,0.15393422852044047,0.33921193380374387,0.48358393702570235,0.6183254253897121,0.7561658918675429,0.8954128701579603,1.0270722322471968,1.1561791608071927,1.2594096110165705,1.3745443282996246,0.5512485391853355,5034.0996312094985
stiff,10098,ppo-s3,1.3923075812021413,12.887405171803023,2167.336831768094,7345.820947927722,2.4896677317061564,0.0,0.16149693399860077,0.34497525638303533,0.5119048056585164,0.6480601494916025,0.7806953900922674,0.9244584155450706,1.0520539227700425,1.1770822053057022,1.285896265156821,1.3923075812021413,0.5592342959949921,5176.35546610525
stiff,10098,ppo-s4,1.417646237794669,12.914100102820539,2206.780274037576,7361.037058607707,2.493698141793561,0.0,0.1589096252116262,0.34454344701820516,0.5061183907559375,0.6396198366650861,0.7746252426851228,0.9252567189287253,1.0532973698779124,1.181088240798924,1.2949747676551342,1.417646237794669,0.5684915162887537,5178.694199744736
stiff,10099,max-exp-cap,1.52771013394926,13.770718879597368,2378.111335653846,7849.309761370499,2.49999999975,0.0,0.18677618220538103,0.3346388849460465,0.5198211782184383,0.7022423926314073,0.8515012446302691,0.9672973445200006,1.1098955332579319,1.2578776949851551,1.3886153009350781,1.52771013394926,0.6110840536408124,5508.287552389776
stiff,10099,accept-greedy,1.3766807979776168,12.514239707404005,2143.0113857949236,7133.116633220283,2.49999999975,0.0,0.166650740091711,0.3288930456376999,0.4934743604899982,0.6565273595298681,0.781340766257913,0.8779813058450039,0.9935219568274284,1.1223960782203353,1.241741229674259,1.3766807979776168,0.5506723192461139,5005.695883462172
stiff,10099,rolling-lp,0.9866955445586278,11.26583926269337,1535.940494999656,6421.528379735221,1.5582911504592998,0.0,0.166650740091711,0.28498524410814347,0.4739852476833101,0.6402561974188362,0.8056812138853489,0.9360293226959425,0.9767722803337586,0.9794778814518615,0.9866955318997318,0.9866955445586278,0.633190751463745,7229.6112696095415
stiff,10099,peak-first,1.4183609109610384,12.416518681765567,2207.892770656183,7077.415648606372,2.49999999975,0.0,0.14756666027669776,0.2873520239392674,0.43082840533284433,0.5863368271388664,0.7323272623323388,0.8816726008434925,1.0197443380212001,1.1735027351920015,1.298739420706683,1.4183609109610384,0.5673443644411498,4966.607473202887
stiff,10099,ppo-s0,1.4093599117108984,12.987791048760876,2193.88135718625,7403.040897793699,2.4904855962581336,0.0,0.18130486163932946,0.33717903586667974,0.49225298965552794,0.6514971293911933,0.791543480792204,0.9233499980935461,1.056246570453953,1.195218604598756,1.305466712484622,1.4093599117108984,0.5658976361190009,5214.963326137911
stiff,10099,ppo-s1,1.3779900233086573,12.750645129710565,2145.049392568253,7267.867723935022,2.4922590491384984,0.0,0.17416669744152252,0.3289909007838111,0.484047954261254,0.6419533484144345,0.7834011375987098,0.9213675765785594,1.0444091924318362,1.1675586377278855,1.267190149741783,1.3779900233086573,0.5529080228578118,5116.099441636331
stiff,10099,ppo-s2,1.416627631392486,12.95467476497586,2205.1946594777382,7384.16461603624,2.4930344176250956,0.0,0.17645318317273742,0.3316316100785166,0.4931737599950476,0.6526438294415817,0.7900668208987247,0.9247486848819235,1.0520528718326956,1.18610620834175,1.2986406350314943,1.416627631392486,0.5682342856469619,5196.348142404183
stiff,10099,ppo-s3,1.4221242700534589,13.224450241859143,2213.7510069268856,7537.9366378597115,2.4905865488834076,0.0,0.18975400295175981,0.3499394205098088,0.517595003552446,0.6777341426174379,0.8185466310123446,0.9453716508594032,1.0638215950939967,1.1995261310084226,1.3110374483386251,1.4221242700534589,0.5709997392746833,5309.773413731796
stiff,10099,ppo-s4,1.4347492351262243,13.02909636668506,2233.403670010401,7426.584929010483,2.492976042138105,0.0,0.18145845306215247,0.3355978425404511,0.4972033096270601,0.6531115690707986,0.7930059946420098,0.9263677432439067,1.0540377670023935,1.1878662022877207,1.3065559125317492,1.4347492351262243,0.5755166559465646,5226.322333812175
weak,10000,max-exp-cap-V,1.462452891803307,13.305570886098133,2276.5285917601323,7584.175405075935,2.49999999975,0.0,0.17336555064509995,0.32269329993647977,0.505177703141155,0.6740883955227934,0.8185696343337653,0.9453603128277163,1.097661009851858,1.2112349995036524,1.3369587895674475,1.462452891803307,0.584981156779821,5322.228354971476
weak,10000,max-exp-cap,1.4929345667486347,13.76501095817467,2323.977918112252,7846.056246159562,2.4999999997499995,0.0,0.17589825368336423,0.3559087774397738,0.5398548818918072,0.699969274398489,0.8416074382602918,0.9686839089651369,1.1277990987998945,1.2513616090542028,1.3886912849246338,1.4929345667486347,0.5971738267591714,5506.00438382047
weak,10000,rolling-lp-V,1.3638358194114937,13.16654717085945,2123.01623851174,7504.9318873898865,2.499999997500006,0.0,0.20103069788403052,0.37317491642681017,0.5523125389910376,0.7056694534562042,0.846105248253806,0.9613064813405783,1.0523793160192862,1.153955467868382,1.2484831456743977,1.3638358194114937,0.5455343283101305,5266.618873610387
weak,10000,ppo-s0,1.3296558464074284,12.347969500823702,2069.809953204733,7038.342615469509,2.4974127129461205,0.0,0.17492064119482803,0.34380277238705115,0.49754525228625834,0.621000504478979,0.7599115195394132,0.8745368643720404,0.9941678265741697,1.109659314019659,1.2271943206982194,1.3296558464074284,0.5324133410207856,4944.304734581568
weak,10000,ppo-s1,1.3606323978469517,12.327196858964818,2118.0296294906807,7026.502209609946,2.4971566863326724,0.0,0.16330276127739884,0.3306536555743281,0.49288981485884487,0.6182334850427389,0.7492538162967293,0.8608390028166627,0.9876627601508866,1.1144548559422167,1.2411278673387476,1.3606323978469517,0.5448726566874657,4936.4931429547405
weak,10000,ppo-s2,1.3851406787987082,13.06134164670827,2156.180466782107,7444.964738623713,2.4980967462256762,0.0,0.19657414152087296,0.36487846151214626,0.5383168795683253,0.6622144460868591,0.8100353498784633,0.9313063500463254,1.0507367160896504,1.1711898036511437,1.280275724605422,1.3851406787987082,0.5544783967600491,5228.517136673104
weak,10000,ppo-s3,1.3853008532628837,12.803009094375337,2156.4298025038993,7297.715183793941,2.495888050544969,0.0,0.1739279747140792,0.349088491789913,0.5130879853874429,0.646113152107546,0.7877259977591107,0.9116998206835141,1.0357176422954415,1.1557376678066116,1.2663148946633322,1.3853008532628837,0.5550332487710768,5129.640767172968
weak,10000,ppo-s4,1.3703151465725725,12.658605400059482,2133.1022888865837,7215.405078033904,2.497719531537098,0.0,0.16551478045337123,0.33842599370773335,0.5085052954823889,0.6342630263218697,0.7822053140678698,0.903797055298176,1.0266126368664346,1.1480164939617241,1.2542931115542204,1.3703151465725725,0.5486265088095299,5068.065185152862
weak,10000,residual-s0,1.3720313642673734,13.128602797671922,2135.7738406841127,7483.303594672994,2.49999999975,0.0,0.1747345880277404,0.3454636925856382,0.5314719598470296,0.6889293243396657,0.844010439504292,0.9621638811954594,1.0649902444917294,1.173367009228083,1.2767149344183708,1.3720313642673734,0.5488125457618306,5251.441119593913
weak,10000,residual-s1,1.3873364829139774,13.095922825836851,2159.5985672066276,7464.676010727005,2.49999999975,0.0,0.1747345880277404,0.35042550541264755,0.5226076311097555,0.6726103337098364,0.8283573367809208,0.9571985386770087,1.067186978053341,1.1764748555547473,1.2759514169360453,1.3873364829139774,0.5549345932210844,5238.369130858578
weak,10000,residual-s2,1.3953105027675854,13.143494526449578,2172.01133228764,7491.791880076259,2.49999999975,0.0,0.17336555064509995,0.34005763355069885,0.5234637623370189,0.6791600456737287,0.8379781775842416,0.9603761805457365,1.0663220357193846,1.175359505804148,1.2920505613059596,1.3953105027675854,0.5581242011628466,5257.397811105571
weak,10000,residual-s3,1.3945480083955122,13.244259295081308,2170.824394746739,7549.227798196345,2.49999999975,0.0,0.1747345880277404,0.34492028558163995,0.5219914867877755,0.6832288920807916,0.8361709279577074,0.9673580069629335,1.088103586691939,1.2065168045952335,1.2906031397647388,1.3945480083955122,0.5578192034139868,5297.703718562294
weak,10000,residual-s4,1.4173310914643156,13.231267711412437,2206.2897012227804,7541.822595505089,2.4999999997500004,0.0,0.1747345880277404,0.3449323701818031,0.5218086437809376,0.6686902907704289,0.8237277354011892,0.9626500461334422,1.0778921369361334,1.1967513031879995,1.3113116652699774,1.4173310914643156,0.5669324366424193,5292.507085094225
weak,10000,hybrid-s0,1.347776572485313,12.77192943373034,2098.0175975336324,7279.999777226293,2.49999999975,0.0,0.17353159274404467,0.3567197780718816,0.5288681967806027,0.6527680273728071,0.8032235757046428,0.9227993320486597,1.02831901144775,1.139277674479061,1.2514649961937234,1.347776572485313,0.5391106290480363,5108.771774003013
weak,10000,hybrid-s1,1.407404162967413,13.296783114732072,2190.836939169234,7579.166375397281,2.49999999975,0.0,0.1734915596689459,0.35545058802123647,0.543402940901167,0.6821569159740494,0.8360663632432509,0.9598144307232287,1.0837085896579923,1.204898204457301,1.2955235250229489,1.407404162967413,0.5629616652432614,5318.713246424701
weak,10000,hybrid-s2,1.4428348982425618,13.33299158270076,2245.99022467541,7599.805202139433,2.4999999997500004,0.0,0.1734915596689459,0.35545058802123647,0.5370759989502992,0.6710599609747129,0.8267550065944611,0.959685691369101,1.0706488788195656,1.190619082537696,1.3375561090368682,1.4428348982425618,0.577133959354738,5333.196633613623
weak,10000,hybrid-s3,1.4017478772503602,13.272372001788527,2182.0320769885743,7565.25204101946,2.49999999975,0.0,0.1734915596689459,0.3569061015850748,0.5467885902836994,0.6873471443151532,0.8434594110047208,0.952979557223383,1.0744280661936632,1.1942228863202873,1.29486427069486,1.4017478772503602,0.560699150956214,5308.948801246306
weak,10000,hybrid-s4,1.2881888832859931,12.265861556097436,2005.2603682652773,6991.541086975538,2.49999999975,0.0,0.1396119406596821,0.314152876940717,0.49743617505182336,0.6289876503277307,0.7833466564903999,0.9096817446085226,1.0004252802337965,1.1161708039060305,1.201646312746961,1.2881888832859931,0.5152755533659248,4906.344622929609
weak,10001,max-exp-cap-V,1.4391113249236682,12.943783969861505,2240.193920964373,7377.956862821057,2.49999999975,0.0,0.1211994847571789,0.27091957240844833,0.4412291956718637,0.6342753824493498,0.7851952390244784,0.947058833767886,1.1035482516192954,1.227734211842805,1.3448774395584848,1.4391113249236682,0.5756445300270318,5177.513588462353
weak,10001,max-exp-cap,1.5240241558457022,13.964967256625823,2372.373554568122,7960.031336276718,2.49999999975,0.0,0.16321847079373492,0.3556612098104619,0.5417795232715914,0.7126569783146506,0.8522290003232041,0.9880598398064121,1.143307155025346,1.2813703708305493,1.4088552758068096,1.5240241558457022,0.6096096623992419,5585.986903208928
weak,10001,rolling-lp-V,1.2943682950435538,12.268517554395189,2014.879555061099,6993.0550060052565,2.4999999975000056,0.0,0.13307258626056218,0.33722576670775134,0.5075207998121146,0.658135465491764,0.7893161512316504,0.8878542557266611,0.9957280886989804,1.093349722585396,1.1847834187451287,1.2943682950435538,0.5177473185351676,4907.407026665472
weak,10001,ppo-s0,1.4038982225280179,12.907573300026776,2185.3794138731887,7357.316781015262,2.4967054267942457,0.0,0.14407141511581434,0.33159188850345334,0.49661588934984735,0.6548913158525078,0.7927211224346058,0.9296996390033601,1.0591683086565422,1.178390530215587,1.300838696296498,1.4038982225280179,0.5623003048183439,5169.842289564781
weak,10001,ppo-s1,1.4529547405837406,13.3298807509767,2261.7432862358346,7598.032028056719,2.497094533427793,0.0,0.1690423372284404,0.35217379817024064,0.5232930928031997,0.6860516527539403,0.8158830859886024,0.9514312033765429,1.0794012206944714,1.2038054339697306,1.3291427954189479,1.4529547405837406,0.5818581239650753,5338.156234188942
weak,10001,ppo-s2,1.4255690496433528,13.034048897536898,2219.1133261322825,7429.407871596031,2.4972918322533375,0.0,0.13815289226526356,0.324721421304883,0.5016576840164307,0.6660467281733803,0.8057886607802542,0.9380346008798119,1.0659834654562974,1.1885747843649912,1.3186062718349025,1.4255690496433528,0.5708459985459705,5219.273426196294
weak,10001,ppo-s3,1.405741173470275,12.899047601565163,2188.2482450928296,7352.457132892143,2.4965680644680694,0.0,0.14423394980523213,0.3329000996655464,0.4973937454183329,0.651722248508078,0.7912736744495016,0.9286139209401976,1.0601173485838455,1.1750130046809446,1.2994009128299773,1.405741173470275,0.5630694365906618,5166.711769307798
weak,10001,ppo-s4,1.4066165433748021,12.955419604865458,2189.6108904314874,7384.58917477331,2.4972994738076126,0.0,0.14312536683254568,0.32931932179458145,0.4935046493658604,0.6651104619477668,0.8021923363586936,0.9351360455263908,1.0672605797518389,1.1797272012162565,1.300631217617587,1.4066165433748021,0.5632550513575951,5187.771727318082
weak,10001,residual-s0,1.421406103398677,12.765803128430088,2212.633072166441,7276.50778320515,2.49999999975,0.0,0.11632148857299988,0.2935523595014053,0.46912178531029036,0.6608772805472845,0.7724139203635451,0.9164116050578289,1.0624223784549098,1.183689555160641,1.3045967130375076,1.421406103398677,0.5685624414163271,5106.321251882668
weak,10001,residual-s1,1.3862479301159556,12.615879342908162,2157.9040705276398,7191.0512254576515,2.49999999975,0.0,0.11632148857299988,0.2962515136402399,0.47488792390226087,0.6462569301007984,0.7893921277104189,0.9080723391124628,1.0460212308683277,1.1554634467385716,1.2855864993793067,1.3862479301159556,0.5544991721018322,5046.3517376679
weak,10001,residual-s2,1.3469159814786371,12.427035015008675,2096.677957779429,7083.409958554945,2.49999999975,0.0,0.1211994847571789,0.2961198193443848,0.4706948197449703,0.6581275327372703,0.7731831706791938,0.907925810101231,1.0265449257779224,1.1321724412202412,1.2503029418438656,1.3469159814786371,0.5387663926453314,4970.814006500552
weak,10001,residual-s3,1.4206052162441218,12.75184898877728,2211.3863704666205,7268.553923603049,2.49999999975,0.0,0.11632148857299988,0.2964351676548203,0.4659002520756118,0.6541236001748161,0.8021323907408813,0.9085271768115897,1.0441049082510852,1.1746670782599753,1.3090317043440103,1.4206052162441218,0.568242086554473,5100.739596020986
weak,10001,residual-s4,1.3904111917322264,12.577524914872766,2164.3848154169546,7169.189201477477,2.49999999975,0.0,0.11632148857299988,0.29403338539736906,0.46660541368755065,0.6289494695298694,0.7865171910110503,0.915442580660851,1.0450378162280631,1.157223052538035,1.2793207721606674,1.3904111917322264,0.556164476748507,5031.009966452208
weak,10001,hybrid-s0,1.4222652172072052,13.470384451105875,2213.970412438837,7678.1191371303485,2.49999999975,0.0,0.1662274128920797,0.3631265722978606,0.5386749058868923,0.7056144067266596,0.8506643253815565,0.9864327923611649,1.099834228229891,1.2037813910371231,1.3168183601703785,1.4222652172072052,0.5689060869397727,5388.153780981166
weak,10001,hybrid-s1,1.4220559136885735,13.258162264567202,2213.6445999308294,7557.152490803305,2.49999999975,0.0,0.1619213049431703,0.3561687931224309,0.5349959597223898,0.689823284453023,0.8245951628853101,0.9428608326390824,1.0719999704874892,1.1869854604482881,1.3257003787706547,1.4220559136885735,0.5688223655323117,5303.264906357208
weak,10001,hybrid-s2,1.382174261890945,12.941315769457733,2151.5627912703326,7376.549988590908,2.4999999997500004,0.0,0.1619213049431703,0.3561687931224309,0.5355758076768622,0.6844632268603043,0.7951872885880162,0.9205417599483887,1.038756694112109,1.1562654194717399,1.2825087956258714,1.382174261890945,0.5528697048116649,5176.526308300745
weak,10001,hybrid-s3,1.4161606612404334,13.278128827159355,2204.467749976171,7568.5334314808315,2.49999999975,0.0,0.1619213049431703,0.36078418150371433,0.5402898958011181,0.6984094342310077,0.8274918257485986,0.9499538410756192,1.0741068429549894,1.1879712024611997,1.3128444868239946,1.4161606612404334,0.5664642645528197,5311.251531394867
weak,10001,hybrid-s4,1.298729581476137,12.30338281425325,2021.6685554564474,7012.928204124352,2.4999999997500004,0.0,0.1373226585153356,0.32678908136235113,0.48865001118463763,0.6422169774614048,0.7725871523831134,0.8938215768931986,1.0235656659561863,1.114655261715341,1.205414193597808,1.298729581476137,0.519491832642404,4921.353126193435
weak,10002,max-exp-cap-V,1.50676821123999,13.444537939710047,2345.5120730852595,7663.386625634726,2.4999999997500004,0.0,0.1639770293489197,0.3152202318755567,0.48249604267801616,0.6669765443069031,0.8141403035586878,0.9360126828173967,1.1126359254214053,1.2630903008590244,1.3755184171336823,1.50676821123999,0.6027072845562667,5377.8151764218
weak,10002,max-exp-cap,1.4917683549284302,13.772212886193982,2322.162533447471,7850.161345130569,2.4999999997500004,0.0,0.19464926286201345,0.37125882653438913,0.5543517168986767,0.7183126109826053,0.8414642698500578,0.9624176532862778,1.1023955706882014,1.2450631637944012,1.3656542174609219,1.4917683549284302,0.5967073420310427,5508.885155028481
weak,10002,rolling-lp-V,1.2620148532219582,12.323844507558787,1964.5165411400894,7024.591369308509,2.499999997500005,0.0,0.17744175406612428,0.3412671780172791,0.5185042031956806,0.6720677001174559,0.7917568753877575,0.9003116610302093,1.0114935455781584,1.093563894744781,1.1484751851558213,1.2620148532219582,0.5048059417935882,4929.537807953043
weak,10002,ppo-s0,1.3802672005828647,12.811137090542765,2148.5941625928435,7302.3481416093755,2.496962563907926,0.0,0.1848227371166036,0.3624173823329906,0.5031015063944398,0.6551803068368023,0.7721767150813427,0.8974891598352052,1.0349154899102015,1.1706761197893796,1.268889326332097,1.3802672005828647,0.5527784919701187,5130.688491577708
weak,10002,ppo-s1,1.397179089271714,12.839634326475629,2174.920069127417,7318.591566091108,2.4971885858107514,0.0,0.19818721882212811,0.36159994929857847,0.5082994460006379,0.658701147585311,0.768750264991664,0.8967598772164848,1.0306839003082806,1.1575945142393236,1.2704872975917494,1.397179089271714,0.5595008311389097,5141.635837770355
weak,10002,ppo-s2,1.4025785862403959,13.012297854513891,2183.3252008750583,7417.009777072917,2.4974109067150883,0.0,0.1789034621389414,0.3559821619258044,0.5085684685326093,0.6627286401667578,0.7907442033068353,0.9184956678728344,1.058914258162278,1.1904063716810258,1.2918407642766219,1.4025785862403959,0.5616130619391124,5210.315138580585
weak,10002,ppo-s3,1.3870810058567313,12.83537879496688,2159.2008786187635,7316.165913131121,2.4966755905700357,0.0,0.18401177647754036,0.3611965386681213,0.5107321988120309,0.6561098891671101,0.7810036873647326,0.9045896485051718,1.0412541604725083,1.1650158388786205,1.2545141872609196,1.3870810058567313,0.555571180771642,5140.987817338469
weak,10002,ppo-s4,1.3871851674325666,12.881942962383878,2159.3630218282174,7342.70748855881,2.497398397270863,0.0,0.17990095000622955,0.3551407879773465,0.5026593807769284,0.661006030629768,0.7862503128977403,0.9136472295304742,1.0520819630523737,1.1751600594006009,1.2623900943572204,1.3871851674325666,0.5554520932457038,5158.144962558302
weak,10002,residual-s0,1.4087395350235226,12.98810488351132,2192.915647265344,7403.219783601453,2.49999999975,0.0,0.1687653820328681,0.3367377342011025,0.5104511361214835,0.679226410550268,0.8044538991137711,0.9140279251646318,1.0738244459676034,1.1800776824528558,1.267316753008298,1.4087395350235226,0.5634958140657587,5195.241953924053
weak,10002,residual-s1,1.3868715014215267,12.777459839032463,2158.874753353795,7283.152108248503,2.49999999975,0.0,0.1687653820328681,0.3437516770872201,0.5171504337529388,0.6618580898392434,0.77697033479726,0.884025475940372,1.0456778736743828,1.1804039311142982,1.2428268165734053,1.3868715014215267,0.5547486006240856,5110.983936124084
weak,10002,residual-s2,1.3626267074449852,12.72387867893453,2121.1340732961467,7252.610846992682,2.49999999975,0.0,0.1639770293489197,0.3234495231180924,0.49756731852616964,0.661532441971659,0.7896035169511534,0.8958152089554621,1.0570426720874595,1.1699569108893813,1.2523093925715543,1.3626267074449852,0.5450506830324992,5089.551472082768
weak,10002,residual-s3,1.3769222346336814,12.816845567502032,2143.38721837983,7305.601973476158,2.49999999975,0.0,0.1687653820328681,0.33391636391563123,0.5060944701435972,0.6787327381831844,0.8000019307840793,0.9073211775098744,1.0698099384901933,1.1539573859432604,1.2380814755676566,1.3769222346336814,0.5507688939085494,5126.738227513487
weak,10002,residual-s4,1.3491262583655639,12.61069823632459,2100.1185872567935,7188.0979947050155,2.49999999975,0.0,0.1687653820328681,0.33380653342899813,0.5085428599926985,0.662788150664626,0.778097588559999,0.881359200083346,1.053631958870203,1.139877843378844,1.2251772870321536,1.3491262583655639,0.5396505034001906,5044.279295034264
weak,10002,hybrid-s0,1.3692222962272727,12.943487966879943,2131.4011024268116,7377.788141121567,2.4999999997500004,0.0,0.19310399149938873,0.3717244004147178,0.5257701298228848,0.6824972957652451,0.8034514124315539,0.9192750391414823,1.0477217649348263,1.1622451767321669,1.2399472753181262,1.3692222962272727,0.5476889185456778,5177.395187269715
weak,10002,hybrid-s1,1.3515682722441804,12.802057661902715,2103.919950327908,7297.1728672845475,2.49999999975,0.0,0.19422431240053317,0.3735656080809315,0.5260954757332839,0.6735966625154226,0.7860324309238912,0.9036660136574028,1.036562748416213,1.1598891025604723,1.2189026491514605,1.3515682722441804,0.5406273089517349,5120.823065273169
weak,10002,hybrid-s2,1.4004702471403694,12.982713349706883,2180.0432529441287,7400.146609332923,2.4999999997500004,0.0,0.19422431240053317,0.3735656080809315,0.5300948053639929,0.669928672627443,0.7949948513913627,0.9069007630930516,1.0440486362892134,1.1493605644540488,1.276568895606947,1.4004702471403694,0.5601880989121665,5193.085340402061
weak,10002,hybrid-s3,1.3854853241965714,13.085600915763886,2156.7169593465183,7458.792521985414,2.4999999997500004,0.0,0.19422431240053317,0.3720876193725276,0.5329769282782735,0.684846401785,0.8075726322578428,0.9222015795013868,1.0763475140064487,1.1709621895825666,1.2595483212318885,1.3854853241965714,0.5541941297340479,5234.240366828977
weak,10002,hybrid-s4,1.3012212858360557,12.224917203665594,2025.5472692593746,6968.202806089388,2.4999999997500004,0.0,0.18387406363954223,0.33868153214654667,0.48721238209390283,0.6338724319461891,0.7555792669017783,0.8731116733101998,0.9956626018473647,1.1076669177464225,1.176463320300357,1.3012212858360557,0.520488514386471,4889.9668819552335
weak,10003,max-exp-cap-V,1.535252801451964,13.815034095180062,2389.852635715055,7874.569434252635,2.4999999997500004,0.0,0.16569055598138901,0.3231050110192546,0.5181706843523473,0.6748585692446218,0.8156055800297274,1.0093984534891836,1.1641774033522452,1.27869261290035,1.3898925256051693,1.535252801451964,0.6141011206421956,5526.013638624626
weak,10003,max-exp-cap,1.5014227357138108,13.464425694238555,2337.191033864027,7674.722645715976,2.49999999975,0.0,0.1643076333562778,0.30986517732192465,0.5004498132540672,0.6529060531260658,0.8051784713336394,0.968859954330784,1.1022167016003195,1.2599574231960773,1.384447714951785,1.5014227357138108,0.6005690943455813,5385.770278233999
weak,10003,rolling-lp-V,1.349295666145649,12.30131868148513,2100.38229602799,7011.751648446524,2.4999999975000056,0.0,0.1565931272472728,0.296759961358945,0.4778746149440946,0.6198937146135303,0.7501181524908055,0.8868809294902484,1.0049187955937455,1.1222689505695589,1.2378222392961964,1.349295666145649,0.5397182669979766,4920.527477514569
weak,10003,ppo-s0,1.3846977062628216,12.50528375435705,2155.490913191039,7128.011739983517,2.497300962615035,0.0,0.15685457116337434,0.29764045462537886,0.4733399287027921,0.6129646318812115,0.7530471647429888,0.8930501445973311,1.0313181932912547,1.1599805225639437,1.2705609755061311,1.3846977062628216,0.5544777049270198,5007.5196948878
weak,10003,ppo-s1,1.374688600339472,12.35999110228417,2139.9102295736925,7045.194928301976,2.496962975167249,0.0,0.16241191617906423,0.30716156617068247,0.4842088849042583,0.6001551904475427,0.7305082648960899,0.8783095883274227,1.003630951394158,1.1447765648729307,1.254266068893107,1.374688600339472,0.5505442467553585,4950.009761941418
weak,10003,ppo-s2,1.400699808355383,12.544464660078063,2180.400599613185,7150.3448562444955,2.49766182673312,0.0,0.1570072057952001,0.29778384409401343,0.47082475091506854,0.6048722905839061,0.7429696768840527,0.8923965315781767,1.0295076661753702,1.1723557239615296,1.290206796848475,1.400699808355383,0.560804426509358,5022.483238447821
weak,10003,ppo-s3,1.4123143103830966,12.54761811487359,2198.4803245009675,7152.142325477946,2.496149215910803,0.0,0.15690102941075448,0.29816312568049125,0.4703507426543502,0.6044360278982844,0.7446907684109629,0.8956883730680357,1.024261888742452,1.1670665363722441,1.286777287063743,1.4123143103830966,0.5657972293406213,5026.790079252203
weak,10003,ppo-s4,1.40347151613336,12.693825892169627,2184.715180985299,7235.480758536687,2.4971560941583357,0.0,0.1599407567038653,0.3014176125297351,0.4876094689963853,0.6191822754968316,0.7577708663808396,0.9064753441068856,1.0376066572745224,1.1834486661954386,1.2976515036138505,1.40347151613336,0.5620279482794602,5083.312942216401
weak,10003,residual-s0,1.4884647533224302,13.701694382109535,2317.01997907598,7809.965797802434,2.49999999975,0.0,0.16132236326031832,0.3135628435653669,0.5087862317620788,0.6744908375243528,0.8051746528285406,0.995643699953209,1.1424594245154536,1.3128481226209745,1.3992812925098144,1.4884647533224302,0.5953859013885107,5480.677753391882
weak,10003,residual-s1,1.4858547867755485,13.613011954009465,2312.9571723347744,7759.416813785395,2.4999999997500004,0.0,0.16132236326031832,0.30864917956758225,0.5088584261767198,0.6931114902967315,0.8482802731372039,0.9931144216401995,1.123671615620441,1.2598512416517083,1.3623504063611622,1.4858547867755485,0.5943419147696535,5445.204782148306
weak,10003,residual-s2,1.4624211021532678,13.552713788654096,2276.4791063731896,7725.046859532834,2.4999999997500004,0.0,0.16569055598138901,0.31813717328888386,0.5106299943404836,0.6876959785351018,0.8300149061761031,0.9760105169282474,1.1278934701062067,1.2706349824907286,1.3571996937080186,1.4624211021532678,0.5849684409198038,5421.085516003745
weak,10003,residual-s3,1.4797345714256784,13.4039306648878,2303.4301336795133,7640.240478986046,2.49999999975,0.0,0.16132236326031832,0.3135268998906477,0.4990054141945895,0.6632830429633482,0.8102071564675488,0.9612767464821614,1.0868801332668232,1.264899389854205,1.3706136632249124,1.4797345714256784,0.5918938286294607,5361.572266491277
weak,10003,residual-s4,1.4339843485693988,13.27106399906373,2232.2130086729826,7564.506479466326,2.4999999997500004,0.0,0.16132236326031832,0.3135268998906477,0.499188629596522,0.6741369269999281,0.8171715696556541,0.9591957508777194,1.0949460978256644,1.2483733269605728,1.3235492836765537,1.4339843485693988,0.5735937394851188,5308.4256001563335
weak,10003,hybrid-s0,1.4560800427465597,13.017556805433426,2266.6082906208812,7420.007379097052,2.4999999997500004,0.0,0.16122559093194846,0.30664444181615685,0.48971633368949824,0.6360005285859563,0.7602789548508464,0.9350017115284387,1.0784288262729829,1.215042901148287,1.3241216280404478,1.4560800427465597,0.582432017156867,5207.0227226940715
weak,10003,hybrid-s1,1.4416990523530182,12.949086910726887,2244.2221091635383,7380.979539114324,2.49999999975,0.0,0.16028616130704815,0.3009070678723072,0.48923145321809786,0.6291953129261838,0.7593249507429961,0.9305023023235124,1.0672832777014205,1.2177560566197827,1.3223699356184204,1.4416990523530182,0.5766796209988753,5179.6347648087185
weak,10003,hybrid-s2,1.4103945135823985,12.601212364953279,2195.491871107594,7182.691048023368,2.49999999975,0.0,0.16028616130704815,0.3009070678723072,0.48736299922106113,0.6323537649760737,0.7609837140173071,0.9227479841389084,1.0165153537719833,1.1413317484674113,1.2621959857656924,1.4103945135823985,0.5641578054893752,5040.48494648536
weak,10003,hybrid-s3,1.4319433748742354,13.212904198159924,2229.035925159311,7531.355392951156,2.49999999975,0.0,0.16028616130704815,0.30817957993328904,0.5033039276092309,0.6438214376435525,0.7866481069655414,0.9698327655320488,1.0970370327837091,1.2584493641781427,1.3285313112921266,1.4319433748742354,0.5727773500069719,5285.161679792486
weak,10003,hybrid-s4,1.381151191350531,12.446186441979156,2149.9702276057565,7094.326271928118,2.49999999975,0.0,0.15845262766851692,0.31835781582541445,0.4765108652515639,0.6093339458734758,0.7490217885989406,0.8843439446011189,1.0120409915839605,1.1539128103282046,1.252363915191622,1.381151191350531,0.5524604765954585,4978.47457728951
weak,10004,max-exp-cap-V,1.4949149314149612,13.606448254397973,2327.060654527402,7755.675505006844,2.49999999975,0.0,0.1623201509867627,0.3301725597159965,0.50008116588436,0.6686561475801126,0.8593156684690947,1.0091034505322904,1.11396901338003,1.2387802694732686,1.3635342949228635,1.4949149314149612,0.5979659726257811,5442.579302303448
weak,10004,max-exp-cap,1.5011655799011612,13.883391277007584,2336.7907320400736,7913.533027894322,2.4999999997500004,0.0,0.19211835508977318,0.38811488431156954,0.5613148440690929,0.7046705217173037,0.8552258445664794,0.9905364901814118,1.112016543990731,1.2396568621324557,1.3739372531002496,1.5011655799011612,0.600466232020511,5553.356511358368
weak,10004,rolling-lp-V,1.3248886440203875,12.952091888159478,2062.389083378681,7382.692376250901,2.4999999975000056,0.0,0.19103539030075378,0.3800353942204333,0.5514963910899722,0.6885487587533883,0.8483739403763292,0.9375511532723521,1.0476253821435342,1.1323208119479735,1.218610116480448,1.3248886440203875,0.5299554581381093,5180.836760444616
weak,10004,ppo-s0,1.4061048022624165,13.381895613163396,2188.8142881747895,7627.680499503134,2.496753279741319,0.0,0.19234505186064602,0.38993394943322235,0.534090411497056,0.7077590847965218,0.8366215718953427,0.9553790279658161,1.0797256470992103,1.1983468131028079,1.2962875981490711,1.4061048022624165,0.5631733073794535,5359.7188483716955
weak,10004,ppo-s1,1.4097607025488146,13.26116817690008,2194.5052485997417,7558.865860833045,2.4972926974531093,0.0,0.19384489010107742,0.3726318977713433,0.5201723073734265,0.6983920381280715,0.8283175374822016,0.9423235910742619,1.0670619517189257,1.186683314804542,1.2998498426649618,1.4097607025488146,0.564515606835584,5310.217817248505
weak,10004,ppo-s2,1.4241367566976,13.51569031753176,2216.883746047305,7703.943480993103,2.4977593383581125,0.0,0.19042243773090944,0.3859652186971304,0.5361271998964457,0.7120369993343361,0.8591347128392152,0.9698850099657305,1.0900489028165707,1.2036702626301015,1.3111168175855894,1.4241367566976,0.5701657220642193,5411.125927935163
weak,10004,ppo-s3,1.3995025983745781,13.374081244249872,2178.5369616341986,7623.226309222427,2.4966014225970325,0.0,0.19215425920441212,0.39195739631853227,0.539277557047524,0.6942005480890766,0.8373289069307733,0.9579837229703496,1.0828373037631525,1.1958318204365495,1.3004998568380328,1.3995025983745781,0.5605630861648623,5356.914853608387
weak,10004,ppo-s4,1.4062633256523953,13.318377602538579,2189.0610537504685,7591.4752334469895,2.4970324346446726,0.0,0.18166955816990488,0.3760746093243354,0.5233808666145343,0.7007892800748529,0.8434068547988213,0.9576247846615373,1.0816257199223986,1.1881398393513658,1.2968148446605063,1.4062633256523953,0.563173832322489,5333.6822612934075
weak,10004,residual-s0,1.4621800308591828,13.425730469248796,2276.1038425293327,7652.666367471813,2.49999999975,0.0,0.1676444270639455,0.3544394505134397,0.5275411397175916,0.6845673464556923,0.84609468907316,0.972484799246447,1.0804682494526072,1.203643619681108,1.3256899279000403,1.4621800308591828,0.5848720124021604,5370.292188236548
weak,10004,residual-s1,1.3651743374344236,12.929863249445404,2125.0998437798926,7370.022052183879,2.49999999975,0.0,0.1676444270639455,0.36825771924479106,0.5371428787478273,0.6772297659818526,0.8313850579418585,0.929203233873456,1.0450008124965255,1.1480276977096917,1.2371402679319414,1.3651743374344236,0.5460697350283764,5171.945300295356
weak,10004,residual-s2,1.4450805080884819,13.20607611986138,2249.4858552347446,7527.463388320986,2.49999999975,0.0,0.1623201509867627,0.3416887127636286,0.5131281284333127,0.6652013287881647,0.8272034726700497,0.9592630665894725,1.0759069864537456,1.1834102979466008,1.3104440191335835,1.4450805080884819,0.5780322032931959,5282.430448472795
weak,10004,residual-s3,1.4203653737763464,13.165093184104796,2211.013019476329,7504.103114939733,2.49999999975,0.0,0.1676444270639455,0.35474676975886255,0.52305766572521,0.6793501006920365,0.8424078373019502,0.9473058201516811,1.0629054080192128,1.169186414130027,1.2903492206382703,1.4203653737763464,0.5681461495673532,5266.037274168522
weak,10004,residual-s4,1.3555993895294731,12.888859289058187,2110.194992627145,7346.649794763166,2.49999999975,0.0,0.1676444270639455,0.3544394505134397,0.524937515061058,0.683081741805904,0.8356043426586177,0.9400804965372174,1.043933336771547,1.1449796050641783,1.2295647525010591,1.3555993895294731,0.5422397558660133,5155.543716138829
weak,10004,hybrid-s0,1.4179019917322895,13.680795151374323,2207.1783936315205,7798.053236283364,2.49999999975,0.0,0.19751537472196756,0.39444075896661435,0.5551638499044755,0.7247194910677621,0.8798723456867665,0.9925620360875738,1.1039933304246667,1.2056966478374767,1.3167426293187847,1.4179019917322895,0.5671607967496318,5472.318061096961
weak,10004,hybrid-s1,1.419310735450141,13.566775274531503,2209.3713157899892,7733.061906482956,2.49999999975,0.0,0.19891833630085456,0.39517248380521247,0.5506272560193407,0.71576191791794,0.8736387104488416,0.9882651813662398,1.0934910082714253,1.193600025859655,1.2865758842737656,1.419310735450141,0.5677242942368289,5426.710110355272
weak,10004,hybrid-s2,1.4613432347432562,13.811655668824656,2274.801243112929,7872.643731230053,2.49999999975,0.0,0.19891833630085456,0.39517248380521247,0.5536466226182424,0.7182116366544057,0.8779417688493202,0.982000124352725,1.1033585043024599,1.242528265917141,1.3395529025797495,1.4613432347432562,0.5845372939557563,5524.662268082328
weak,10004,hybrid-s3,1.3855658364991608,13.556223568236808,2156.842288893788,7727.04743389498,2.49999999975,0.0,0.19891833630085456,0.3959769659974049,0.5528839153399357,0.7117717964635127,0.8682787782981359,0.9855961488220346,1.105554830452952,1.205013558183917,1.2990229065969578,1.3855658364991608,0.554226334655087,5422.489427836972
weak,10004,hybrid-s4,1.4396174544228286,13.199136126413752,2240.9817878983645,7523.507592055838,2.49999999975,0.0,0.18784551740408204,0.357261832146027,0.5123247452832811,0.6823730365824862,0.8323323750528111,0.939766507952043,1.0418629765992973,1.1878369832684808,1.2979669580485231,1.4396174544228286,0.5758469818267161,5279.654451093466
weak,10005,max-exp-cap-V,1.4992219539590437,13.982643359779116,2333.765184992564,7970.1067150740955,2.4999999997500004,0.0,0.18252676519771352,0.3346998226173271,0.5253027492428416,0.6858814321381442,0.8706875396473825,1.0339809771216857,1.1661529934533958,1.3040049798554072,1.3800579800841266,1.4992219539590437,0.5996887816435863,5593.057344470952
weak,10005,max-exp-cap,1.4909927116321007,13.572246874280264,2320.9551276219586,7736.1807183397505,2.49999999975,0.0,0.1523802994614119,0.30606114364828263,0.5021522718704499,0.6695369840137342,0.8272580117028685,1.0003358388035009,1.118893244844299,1.2624458304806765,1.3888201851914528,1.4909927116321007,0.59639708471248,5428.898750254996
weak,10005,rolling-lp-V,1.3591643038076382,12.727003075713252,2115.744319601643,7254.391753156553,2.4999999975000056,0.0,0.1520060673794387,0.3241447980891062,0.51106999842341,0.6678709761785163,0.8100604597743432,0.9267318880678179,1.0312100336919372,1.151544064586019,1.2420852593504106,1.3591643038076382,0.5436657220667198,5090.8012353760905
weak,10005,ppo-s0,1.369795103506119,12.564872602711048,2132.2927633857194,7161.977383545297,2.497334504223933,0.0,0.16032705482506582,0.3124507766718683,0.48359656123709444,0.628312406807519,0.7605647089562473,0.9106305833000952,1.02490808017409,1.1555113367205312,1.265637843272276,1.369795103506119,0.54850285421888,5031.313418950932
weak,10005,ppo-s1,1.3528668384323483,12.226331210975879,2105.941364537026,6969.00879025625,2.497288279283025,0.0,0.14950393215179242,0.3010652114778477,0.470409034093235,0.609462009378923,0.7388734791260803,0.8813929266891147,0.993571663652362,1.122872599571641,1.234236146276587,1.3528668384323483,0.5417343482750652,4895.842947889892
weak,10005,ppo-s2,1.3764297935193974,12.643699259790363,2142.6206594823034,7206.908578080506,2.4977600759283693,0.0,0.16100404713714134,0.306672625480823,0.49370405369135373,0.639587480535364,0.7654371039377375,0.9145342804389425,1.0340662785559007,1.1626595213313085,1.2682778936188983,1.3764297935193974,0.551065655498479,5062.015115719609
weak,10005,ppo-s3,1.4075614889798218,12.84104410954814,2191.0818408460564,7319.3951424424395,2.496677930477974,0.0,0.1598390343819501,0.31146653416452136,0.4918480501884093,0.6473444893302452,0.7839673958486824,0.9346390142409664,1.0488158152069746,1.1802783096373268,1.28338822475793,1.4075614889798218,0.5637737538339007,5143.252140290999
weak,10005,ppo-s4,1.3891052222244766,12.654469163281629,2162.35187682384,7213.047423070528,2.497098102000858,0.0,0.1622670427973887,0.31441180694026266,0.4883379866249248,0.6336620719109212,0.7650301033793365,0.9202742247399434,1.0306950721001442,1.1608150292062687,1.264693156007897,1.3891052222244766,0.5562878050771909,5067.670009897465
weak,10005,residual-s0,1.4500590846024304,13.72560348266758,2257.2357607830145,7823.59398512052,2.49999999975,0.0,0.17983902761413392,0.3350021654569357,0.5352663631103565,0.7022778354185246,0.8436670907740195,1.0194060506700002,1.133176803076269,1.260953189901552,1.3577459321702343,1.4500590846024304,0.5800236338989745,5490.2413936160565
weak,10005,residual-s1,1.4721500105926717,13.676320580502907,2291.6236203285134,7795.502730886656,2.49999999975,0.0,0.17983902761413392,0.3354406280301761,0.5306883433363477,0.7136885330959055,0.8172763496581124,1.0000670081427316,1.1119824595705132,1.2601037212316082,1.3644978886761,1.4721500105926717,0.5888600042959546,5470.5282327482155
weak,10005,residual-s2,1.3779029804692606,13.358106957404788,2144.9138972550672,7614.120965720728,2.49999999975,0.0,0.18252676519771352,0.3391343348081163,0.5394004651835236,0.7126196450168674,0.837117833405747,0.9956636401488921,1.0888052860254778,1.2100436237963847,1.2980974373953522,1.3779029804692606,0.5511611922428203,5343.242783496239
weak,10005,residual-s3,1.4686895760261138,13.703184522630293,2286.236931789801,7810.815177899267,2.49999999975,0.0,0.17983902761413392,0.3343367853330579,0.5296402686849987,0.6924765935823596,0.8354106338794312,1.024737939376331,1.1219966705637154,1.2517488811008384,1.3641151191228833,1.4686895760261138,0.5874758304691932,5481.273809600245
weak,10005,residual-s4,1.3593411613645823,13.046603545051783,2116.0196250745976,7436.564020679516,2.4999999997499995,0.0,0.17983902761413392,0.3345013660516536,0.5190852749369678,0.7052306531045881,0.8179399477387128,0.9990012474935018,1.0545172071720899,1.155649461260279,1.256095377793042,1.3593411613645823,0.5437364646002066,5218.641418542578
weak,10005,hybrid-s0,1.3287141097588955,12.367176374768704,2068.343998015127,7049.29053361816,2.49999999975,0.0,0.15442449081187992,0.30738337233397295,0.4786207620701836,0.6346250412759755,0.7665065088074351,0.9101807876383253,1.0046635556170016,1.130852694971607,1.228762126663731,1.3287141097588955,0.5314856439567067,4946.870550402168
weak,10005,hybrid-s1,1.394224179528847,12.809990610265361,2170.3203062540892,7301.694647851255,2.49999999975,0.0,0.1519883455829496,0.30338962875714875,0.48817986308746864,0.6493517410894705,0.7859567032762605,0.9549494017239335,1.0565062746767158,1.1788073517273818,1.2658459503298924,1.394224179528847,0.5576896718673078,5123.996244618544
weak,10005,hybrid-s2,1.4116222441193895,12.949322142621686,2197.4030189374503,7381.11362129436,2.49999999975,0.0,0.1519883455829496,0.30338962875714875,0.48817986308746864,0.6498528591597741,0.7850362985898296,0.9489167500805096,1.0754395009700521,1.2030069104824885,1.301274283951211,1.4116222441193895,0.5646488977042207,5179.728857566647
weak,10005,hybrid-s3,1.4410448525658266,13.1987672240186,2243.2037484842904,7523.297317690602,2.49999999975,0.0,0.1519883455829496,0.30564789636733575,0.4949854410409934,0.6547450903344356,0.7942970317545245,0.9632893861900298,1.1160854086498448,1.2320646531167372,1.3248032964882726,1.4410448525658266,0.5764179410839725,5279.506890135391
weak,10005,hybrid-s4,1.3941933253061598,12.88323257107594,2170.272277000964,7343.4425655132845,2.49999999975,0.0,0.16882740073476005,0.3338416870872105,0.5036072034936856,0.6626127484916775,0.7901141108783358,0.9487884789705849,1.069605479866366,1.1655209937197566,1.2391389983249828,1.3941933253061598,0.5576773301782316,5153.293028945705
weak,10006,max-exp-cap-V,1.5164165580741515,13.804288978594101,2360.5311807462954,7868.444717798637,2.4999999997500004,0.0,0.14908577461240902,0.32197314796269927,0.5131975040233612,0.6731119358317134,0.843142714494752,0.9917675458416214,1.154582722671284,1.291732983034731,1.412930596421745,1.5164165580741515,0.6065666232903172,5521.7155919898105
weak,10006,max-exp-cap,1.5457179712640299,14.005128702854382,2406.1432515894685,7982.923360626996,2.49999999975,0.0,0.14487354118135112,0.3394245116915317,0.5367580072748573,0.7126212530530697,0.8564862836255409,1.0027480521741716,1.1375964798614113,1.2976637089393561,1.4230720765444926,1.5457179712640299,0.6182871885674407,5602.0514817019575
weak,10006,rolling-lp-V,1.2529634240768346,12.17954747377313,1950.4266259293804,6942.342060050684,2.499999997500005,0.0,0.14850188222468197,0.3237126635067593,0.5126651681816436,0.6695169430006135,0.7924591045248041,0.8860625790779293,0.9816092401049781,1.0971881553471015,1.1595205835228009,1.2529634240768346,0.5011853701319182,4871.818994381061
weak,10006,ppo-s0,1.3676038543261033,12.456049895518685,2128.8817534052023,7099.94844044565,2.496801095774853,0.0,0.14440799475417343,0.33290472021126466,0.49582552337046826,0.6141571338752123,0.7582968914932224,0.8763678921720056,1.0041389498706015,1.1465648876850274,1.2615583784011581,1.3676038543261033,0.5477424119367761,4988.803439968491
weak,10006,ppo-s1,1.3986106457790708,12.687604674502222,2177.1485028349116,7231.9346644662655,2.4971179347358303,0.0,0.14026581286168782,0.3263220822570713,0.5110884935769228,0.6381748000616771,0.7783887722045523,0.8892419516975658,1.0238674070355664,1.1607908770169577,1.2838272848571273,1.3986106457790708,0.5600899446213098,5080.899263111673
weak,10006,ppo-s2,1.4115031303100924,12.83464188334074,2197.21760032051,7315.745873504222,2.4975027566058485,0.0,0.14695332140052722,0.33559053747337025,0.5134493097718902,0.6344066494957292,0.7787429408299731,0.903537436100259,1.037364353178421,1.1815195490937973,1.3019683082445506,1.4115031303100924,0.565165794743046,5138.990076945201
weak,10006,ppo-s3,1.4099068800742622,12.81751353059335,2194.732795974443,7305.982712438209,2.4958307177904233,0.0,0.14356902329260715,0.3317769377150252,0.5108257551969714,0.6356109477798123,0.7822873578413014,0.9097606356097682,1.0377702125616777,1.1811508272348037,1.291373622593038,1.4099068800742622,0.5649048511280697,5135.570068606571
weak,10006,ppo-s4,1.3982930120145476,12.826226391409225,2176.6540579535085,7310.949043103258,2.497307572794675,0.0,0.1424773180826375,0.3304007775083226,0.5134320416241288,0.6381295417393854,0.7840058152016035,0.9078167921075964,1.0399463841297774,1.1866376439896493,1.298490057100444,1.3982930120145476,0.5599202225818555,5136.021902602775
weak,10006,residual-s0,1.4617804365879161,13.345124109907445,2275.4818137523785,7606.720742647243,2.49999999975,0.0,0.1521372598357579,0.3413262802775355,0.5377986781060672,0.6650607924280973,0.8214327022687584,0.9658881408171205,1.0705259429768856,1.219408367934204,1.33761316668146,1.4617804365879161,0.5847121746936377,5338.049644496783
weak,10006,residual-s1,1.3916424775619427,12.91369548318622,2166.301497596387,7360.806425416145,2.49999999975,0.0,0.1521372598357579,0.3408310653702403,0.5355363110628308,0.6479542642768481,0.7827194160332416,0.9275068862467191,1.0438818596136334,1.1957637551946023,1.2778466526007772,1.3916424775619427,0.5566569910804428,5165.478193791036
weak,10006,residual-s2,1.4137686360465858,13.149197688710046,2200.7442018355605,7495.0426825647255,2.4999999997500004,0.0,0.14908577461240902,0.3348307671587695,0.5338405489050155,0.653048510606273,0.7894039307255888,0.9453109240038342,1.0997258431057046,1.2203945884080325,1.3076981711654774,1.4137686360465858,0.5655074544751849,5259.679076009986
weak,10006,residual-s3,1.4735742987069276,13.635102595613153,2293.840739685438,7772.008479499496,2.49999999975,0.0,0.1521372598357579,0.3413262802775355,0.5314414756951127,0.6875701890321669,0.8448783718423982,0.9887721860866662,1.1102828640802611,1.2593136038517005,1.3699588092524237,1.4735742987069276,0.589429719541714,5454.041038790665
weak,10006,residual-s4,1.4036802794998429,13.014993233565892,2185.0401526649844,7418.546143132558,2.49999999975,0.0,0.1521372598357579,0.3413262802775355,0.5301880586932312,0.6419511315289156,0.775647027360035,0.9302612072024752,1.0723128022399828,1.208193190172903,1.3051968719308389,1.4036802794998429,0.5614721118560844,5205.997293946957
weak,10006,hybrid-s0,1.4096083716579193,13.072626271432702,2194.2681225832557,7451.396974716639,2.49999999975,0.0,0.143105433435977,0.3381286689481392,0.5171628419197375,0.6530312242747653,0.8009496951768873,0.9411482515138088,1.0689313436774075,1.2092316076719736,1.3166204105561947,1.4096083716579193,0.5638433487195521,5229.050509095986
weak,10006,hybrid-s1,1.4911574143050053,13.511522433917763,2321.2115121838874,7701.567787333125,2.49999999975,0.0,0.14064270296413656,0.3384265947819028,0.5260487647686246,0.6709216458720362,0.8215605856983299,0.9678129346355713,1.1045962818857316,1.2428152908287682,1.3758846340193256,1.4911574143050053,0.5964629657816484,5404.608974107567
weak,10006,hybrid-s2,1.4300575545397995,13.104343731602912,2226.100361262294,7469.475927013659,2.4999999997500004,0.0,0.14064270296413656,0.3384265947819028,0.5246472830236418,0.6692968565496151,0.8010318868153069,0.9487536700617488,1.0594740804280949,1.1995341227785181,1.306428545507065,1.4300575545397995,0.572023021873122,5241.737493165338
weak,10006,hybrid-s3,1.4390334657046968,13.177738008054748,2240.0727213420714,7511.310664591206,2.49999999975,0.0,0.14064270296413656,0.3342395643555833,0.5126223203285711,0.6599913350858657,0.8027178777932523,0.9386246551537558,1.0841548862471313,1.2203028817724,1.3331124434367516,1.4390334657046968,0.57561338633944,5271.095203749009
weak,10006,hybrid-s4,1.2845824946199884,12.150229175873287,1999.6464801481457,6925.630630247772,2.49999999975,0.0,0.14009807964229887,0.32538342948972504,0.4922954204825552,0.6227806156603101,0.7667239773422682,0.888300782135563,0.9901386265507042,1.1169416001533674,1.1781205022297747,1.2845824946199884,0.5138329978993786,4860.091670835323
weak,10007,max-exp-cap-V,1.5075245874808632,13.813954162722903,2346.689486831799,7873.953872752054,2.49999999975,0.0,0.16919048293761774,0.3425619374302219,0.5081037091835083,0.6753145025075397,0.8385770857977669,1.006526288896935,1.1542719172265319,1.27351454478166,1.39856538739082,1.5075245874808632,0.6030098350526463,5525.581665641719
weak,10007,max-exp-cap,1.4657875479113156,13.39940754430851,2281.7194871497322,7637.66230025585,2.4999999997500004,0.0,0.15409179592354538,0.3387397195114833,0.5189448309250795,0.6569711855539637,0.8114669163029365,0.9724179535935242,1.099363284176824,1.2317488095409999,1.3583116632251702,1.4657875479113156,0.5863150192231577,5359.763018259379
weak,10007,rolling-lp-V,1.3125284149012644,12.221790189583805,2043.148521752321,6966.420408062769,2.499999997500005,0.0,0.14714701467490973,0.3285147408542342,0.4855059171957251,0.6320444654609982,0.7831213361947034,0.8915019760175282,0.989527020841245,1.0878960805383917,1.1935497002375066,1.3125284149012644,0.525011366485516,4888.716080722228
weak,10007,ppo-s0,1.3432984912637256,12.28522599801677,2091.0467884263403,7002.578818869559,2.497397643316154,0.0,0.15131256872046847,0.33261342864130855,0.4958167311183359,0.6190262422186202,0.7393256099601428,0.8696821526157873,0.9921261701868352,1.1137287274212269,1.2351580125190034,1.3432984912637256,0.5378792980200121,4919.211015873271
weak,10007,ppo-s1,1.3615154521923412,12.438036909245161,2119.4042368210257,7089.681038269741,2.4973646071025106,0.0,0.15261512504033295,0.3326259172960905,0.5055148959207103,0.6349398498719903,0.7479608751757392,0.8820307751037917,1.0018021085864814,1.1275928005661475,1.2436567975839616,1.3615154521923412,0.5451808872121388,4980.464956487073
weak,10007,ppo-s2,1.3718359236367597,12.342343746689211,2135.46960785304,7035.1359356128505,2.498023517981915,0.0,0.14814142490224455,0.3273658693537149,0.4820012727504271,0.6105014190930802,0.7428560792329496,0.87643979538864,1.0005183011988752,1.1238385183674255,1.245282246581433,1.3718359236367597,0.5491685381509251,4940.843694161957
weak,10007,ppo-s3,1.362385975494204,12.44272387275533,2120.7593376913455,7092.352607470538,2.4967067614186664,0.0,0.15127872920602278,0.33172837823034085,0.4938286486596274,0.6145610778925976,0.7490719965534243,0.8921241439743804,1.0110476589331876,1.136117529899004,1.251121386345222,1.362385975494204,0.54567320301567,4983.6544944049365
weak,10007,ppo-s4,1.3810554179169376,12.639405283150076,2149.8211418053675,7204.461011395542,2.497338373210549,0.0,0.1565622543341491,0.33511098253028,0.4996504669168317,0.630367679989762,0.7644809251720533,0.9000108473335957,1.0236123545382332,1.1555772148944423,1.2731864634212076,1.3810554179169376,0.5530109306499258,5061.150470731366
weak,10007,residual-s0,1.4517236022808628,13.37502622224605,2259.826833704187,7623.764946680248,2.49999999975,0.0,0.17196716400837955,0.34860261455491065,0.5154829964805261,0.6666027457713556,0.8090366100622188,0.9645335407387268,1.0915581239434857,1.2280314255264444,1.3446422050055133,1.4517236022808628,0.5806894409704141,5350.010489433421
weak,10007,residual-s1,1.418114623754195,13.099799407525364,2207.509387457103,7466.885662289456,2.49999999975,0.0,0.17196716400837955,0.3493976057568108,0.5096717026692047,0.6360166125878867,0.7847251476641655,0.9414160782983991,1.0771672135965913,1.2067288967773944,1.3201689567423784,1.418114623754195,0.5672458495584026,5239.919763534137
weak,10007,residual-s2,1.3960945621820584,13.221616323184222,2173.2318390709293,7536.3213042150055,2.49999999975,0.0,0.16919048293761774,0.34190865721481273,0.5050114476197974,0.646228417160876,0.7999305690506551,0.9708475534438882,1.1103443573792375,1.2178151243761735,1.3362586016765925,1.3960945621820584,0.5584378249286671,5288.646529802553
weak,10007,residual-s3,1.398494892594111,13.211859681185892,2176.9683155368284,7530.760018275958,2.49999999975,0.0,0.17196716400837955,0.3492820470639465,0.5131376405675909,0.6703253329760294,0.8173519936401193,0.9559064200696747,1.0893076056775193,1.2062966174476806,1.3152923453573935,1.398494892594111,0.5593979570935842,5284.743873002831
weak,10007,residual-s4,1.4128315680758858,13.100542657057497,2199.285514147446,7467.309314522772,2.49999999975,0.0,0.17196716400837955,0.3492820470639465,0.5216339591287875,0.6303440853602607,0.7773823058881869,0.9393888661539314,1.0846048177152385,1.2123809679112907,1.3160356876155985,1.4128315680758858,0.5651326272868676,5240.2170633470205
weak,10007,hybrid-s0,1.414742577861741,12.988013612423003,2202.2602892263676,7403.167759081111,2.49999999975,0.0,0.15218171676727868,0.3374703153327309,0.5053549478968252,0.6291129084192367,0.7780409199243007,0.9369029023977465,1.0786466450069172,1.2047282991889665,1.3063810378555398,1.414742577861741,0.5658970312012861,5195.205445488722
weak,10007,hybrid-s1,1.3814140587941355,12.775469458343952,2150.3794204451037,7282.017591256053,2.4999999997500004,0.0,0.1502290618111396,0.3376491390900008,0.5037892162716342,0.6213714862887879,0.7681149405691614,0.930072692478941,1.0581685929699771,1.1731790037806116,1.2830346940735189,1.3814140587941355,0.5525656235729106,5110.187783848599
weak,10007,hybrid-s2,1.4016265159389938,12.853055022348505,2181.8431597955437,7326.241362738647,2.49999999975,0.0,0.1502290618111396,0.3376491390900008,0.5037892162716342,0.6336902050383052,0.7785787015837821,0.9331337487912892,1.0593885079602994,1.166284752794404,1.2924943754771183,1.4016265159389938,0.5606506064316625,5141.222009453524
weak,10007,hybrid-s3,1.3840718028980459,12.851594951154308,2154.516600162854,7325.409122157955,2.4999999997500004,0.0,0.1502290618111396,0.3343436133894195,0.5057043676972439,0.6344009851458764,0.7833158589744215,0.9455365772260659,1.0559162989229007,1.1778596694257748,1.2845480325244312,1.3840718028980459,0.5536287212145812,5140.637980975786
weak,10007,hybrid-s4,1.370203359640003,12.484158909344668,2132.928275658803,7115.97057832646,2.49999999975,0.0,0.15395736321717196,0.3428074342891422,0.5046214021107418,0.620303883867822,0.7619645729293265,0.8755110705486646,0.9879558408077416,1.1486352985424872,1.2539233655756465,1.370203359640003,0.5480813439108093,4993.663564237233
weak,10008,max-exp-cap-V,1.390688263419793,12.858024538991492,2164.81611930527,7329.07398722515,2.49999999975,0.0,0.16902764934016626,0.3406549966284421,0.4974585843685395,0.6462016714343084,0.7916699930279216,0.947956994629559,1.0441279716857506,1.159323340419932,1.272947201141401,1.390688263419793,0.5562753054235448,5143.209816110918
weak,10008,max-exp-cap,1.4861614620039165,13.673891019040111,2313.4345586011473,7794.117880852863,2.49999999975,0.0,0.1852632841889664,0.37358784302642495,0.5359195148010667,0.6962997795709874,0.8347378924256027,0.9718254954136196,1.0987552335836837,1.2375759799615271,1.3640467230299844,1.4861614620039165,0.5944645848610131,5469.556408163
weak,10008,rolling-lp-V,1.2666947042837298,11.790398862775623,1971.8014354481481,6720.527351782104,2.499999997500006,0.0,0.1533493736502103,0.3447825651147397,0.4816352442993413,0.5912695076789805,0.7347437066862851,0.8730434234590825,0.9406907879351503,1.0313833185693992,1.1566161767655112,1.2666947042837298,0.5066778822201685,4716.159549826397
weak,10008,ppo-s0,1.4079213026199087,13.41269083454344,2191.6419450681847,7645.2337756897605,2.4978022976541943,0.0,0.19025487643527053,0.3885087455372182,0.548292567088809,0.6817583670513061,0.8215222691186537,0.9543929592230749,1.0861317165689754,1.21251282320313,1.3250813292084005,1.4079213026199087,0.5636640273500249,5369.796819844365
weak,10008,ppo-s1,1.421563818614557,13.116273232323191,2212.878579697192,7476.275742424219,2.497208288048995,0.0,0.18005466930349276,0.3742933734185677,0.5302330347844649,0.6573045225401445,0.7958917197897294,0.9235924545500714,1.0585118656161168,1.1795761350121698,1.3049352723297307,1.421563818614557,0.5692612127782054,5252.374539638662
weak,10008,ppo-s2,1.3982909831006591,12.817996892093605,2176.6508996429034,7306.258228493354,2.497367044561112,0.0,0.1722697870466799,0.3621963792043884,0.5119313256665953,0.6424565551023279,0.7741062121742633,0.9032847945421332,1.0324593975207224,1.1495021712395306,1.287845108049254,1.3982909831006591,0.5599060763398499,5132.604324225895
weak,10008,ppo-s3,1.4188341201118817,13.398451946189326,2208.629392100754,7637.117609327915,2.4964548643232183,0.0,0.18982426309556452,0.3898891032318574,0.5497157763056887,0.682194946791299,0.8186253234828524,0.947944225499363,1.0785872502254616,1.1993179903760762,1.332296826727372,1.4188341201118817,0.568339584419654,5366.991463641625
weak,10008,ppo-s4,1.433470519944121,13.388061048475393,2231.413156887488,7631.194797630973,2.49733145239714,0.0,0.1853757521573198,0.3809662449554708,0.5448954052258461,0.6768722973145705,0.8123605153230853,0.9467125442420444,1.0831120682969106,1.2028991924044707,1.333890123428987,1.433470519944121,0.574000907475922,5360.946796078852
weak,10008,residual-s0,1.4489243512908185,13.143646342114975,2255.469377166567,7491.878415005535,2.49999999975,0.0,0.1698789332840239,0.3514092028321863,0.5054665159121783,0.6647712479056977,0.8075687504013117,0.951044134753441,1.0491175435898232,1.1784253509234002,1.316935452152696,1.4489243512908185,0.5795697405742843,5257.4585373717355
weak,10008,residual-s1,1.4484027731591769,13.321655356518077,2254.6574621051154,7593.343553215303,2.49999999975,0.0,0.1698789332840239,0.36199950039878764,0.5220332445262436,0.6844626878220258,0.8286439117441174,0.9734536785615227,1.0733849080064448,1.1785687901370954,1.3170669004767146,1.4484027731591769,0.5793611093216069,5328.662143140097
weak,10008,residual-s2,1.4207891227641358,13.012294173383113,2211.672648714193,7417.007678828373,2.4999999997500004,0.0,0.16902764934016626,0.3487357295357137,0.5041824480247009,0.6678080120443634,0.8082907151557722,0.9191555349025978,1.0402101637298289,1.1641550638027134,1.3168057802280346,1.4207891227641358,0.5683156491624858,5204.917669873736
weak,10008,residual-s3,1.4146209116701742,13.05484819711817,2202.0708974413023,7441.2634723573565,2.49999999975,0.0,0.1698789332840239,0.3514092028321863,0.5053481157457275,0.6567642723035279,0.7989958581672653,0.9490964275660561,1.0655276012193937,1.1788138471495753,1.2960419586429655,1.4146209116701742,0.5658483647246545,5221.939279369462
weak,10008,residual-s4,1.382042762683744,12.771792916166499,2151.3580929127547,7279.921962214903,2.49999999975,0.0,0.1698789332840239,0.3514092028321863,0.5042332698854318,0.6382895249110072,0.7824141375006335,0.9211748379999501,1.0352931172528241,1.1521333051183948,1.2677919663221653,1.382042762683744,0.5528171051287792,5108.717166977471
weak,10008,hybrid-s0,1.4408720790381826,13.664128131075579,2242.9348004191693,7788.553034713079,2.49999999975,0.0,0.18621725824642274,0.39158918519708896,0.5565535164348447,0.7023728359671741,0.8396776042928412,0.9854308511937906,1.1161603777605005,1.2199713288851282,1.3390564449118836,1.4408720790381826,0.576348831672908,5465.651252976797
weak,10008,hybrid-s1,1.4357793685382756,13.552987636967242,2235.0072281003786,7725.202953071327,2.4999999997500004,0.0,0.188122697484349,0.39623828340618467,0.5558050696213336,0.6887190984717773,0.8191045342373384,0.9719404399344572,1.1060713207062607,1.2196203020287322,1.325103180750213,1.4357793685382756,0.5743117474727413,5421.195055329015
weak,10008,hybrid-s2,1.4222038645918809,13.541501141298014,2213.8749078357496,7718.655650539867,2.4999999997500004,0.0,0.188122697484349,0.39623828340618467,0.5591621015025308,0.7083348677295609,0.8450795057229215,0.9568484836123489,1.0861086737862111,1.2032468003032981,1.3337800371010795,1.4222038645918809,0.5688815458936404,5416.600457060865
weak,10008,hybrid-s3,1.4678130036531556,13.60823820112591,2284.8724146275927,7756.695774641768,2.49999999975,0.0,0.188122697484349,0.3925026694537854,0.550214939932096,0.6917941344106199,0.8321708539222843,0.9673812960497408,1.1036512591266605,1.2195331696217666,1.3288134990727882,1.4678130036531556,0.5871252015199747,5443.295280994694
weak,10008,hybrid-s4,1.456909037585056,13.537241588696803,2267.8987461718502,7716.227705557177,2.49999999975,0.0,0.21913777312060576,0.3927120234066891,0.549512194856973,0.677571125677529,0.8154901866813868,0.9513915196411379,1.077259226038,1.2050877175793584,1.3513181536221488,1.456909037585056,0.5827636150922988,5414.896636020211
weak,10009,max-exp-cap-V,1.4250400455457979,13.06403094395685,2218.289851434402,7446.4976380554035,2.49999999975,0.0,0.17025087035936728,0.33672802475960917,0.49320894111010455,0.6912869524215008,0.7792739347732416,0.9456161241889796,1.0587421602269051,1.1759759283780062,1.3162731874521167,1.4250400455457979,0.5700160182753208,5225.612378105301
weak,10009,max-exp-cap,1.5071334099983376,13.628865496751834,2346.0805600565072,7768.4533331485445,2.4999999997500004,0.0,0.1749567485644332,0.34272446662762024,0.4970121383154491,0.684611463615536,0.8262043937013659,0.975252400397048,1.103466745973381,1.251319415626174,1.3925674136029127,1.5071334099983376,0.6028533640596203,5451.546199245888
weak,10009,rolling-lp-V,1.2485184277214174,11.682804871903102,1943.5073184083708,6659.198776984767,2.4999999975000056,0.0,0.1654004744673652,0.3109629193474162,0.4601250456015043,0.61806845298007,0.7265241822395911,0.861050003778622,0.9565180088561407,1.0184168631643193,1.139505534234466,1.2485184277214174,0.4994073715879732,4673.121953434352
weak,10009,ppo-s0,1.3491532925607017,12.400918994568157,2100.160670060644,7068.523826903849,2.4973471467204194,0.0,0.17702847425883497,0.34065770454066924,0.4874909407233123,0.6313995575657808,0.7413651707729116,0.8800088471923188,0.9997568074579538,1.1166143474940922,1.2429347282634802,1.3491532925607017,0.5402345822575947,4965.636840217974
weak,10009,ppo-s1,1.3474631027129107,12.374642530392507,2097.529634534259,7053.546242323728,2.4972855294120406,0.0,0.18633265534591423,0.34932112424551115,0.48832887186928714,0.6364523802562825,0.7451121736007726,0.8730884579030754,0.9878161787967797,1.1055254424228924,1.2300893569964129,1.3474631027129107,0.5395711010387173,4955.2373505748
weak,10009,ppo-s2,1.331713341035749,12.064870651465133,2073.012754043664,6876.976271335126,2.498324246876725,0.0,0.1674955112708667,0.32640702395873233,0.4670869197850711,0.6102843609397285,0.7161914692847611,0.8574060675742909,0.9691300056002369,1.0882180688281937,1.2165980343362195,1.331713341035749,0.5330426355588501,4829.185269505352
weak,10009,ppo-s3,1.3584408659656222,12.379399334136227,2114.6181794429126,7056.257620457649,2.49618750176106,0.0,0.1767272877740921,0.3406907615321762,0.4788469900930599,0.6263588011847261,0.738213335776772,0.8804205075604052,0.9981774605219528,1.1120484764365843,1.242661050856053,1.3584408659656222,0.544206260550236,4959.322697274368
weak,10009,ppo-s4,1.3644538768190053,12.43398124846628,2123.9783381235875,7087.369311625779,2.4974643977200546,0.0,0.17782611204280732,0.34097863817799434,0.4863103408454582,0.6323506447203179,0.7397464419124384,0.8867194989780826,1.0026029475956975,1.1131417838430717,1.2435189364563184,1.3644538768190053,0.5463356667124548,4978.642041831432
weak,10009,residual-s0,1.363611771204258,12.566719541110514,2122.667473671133,7163.030138432991,2.49999999975,0.0,0.1697353043610171,0.3363687144574223,0.4917614188551288,0.6772226342260015,0.7533683814209774,0.9121588101617845,1.0137373722054277,1.106270493271363,1.2486860373983095,1.363611771204258,0.5454447085362476,5026.687816946874
weak,10009,residual-s1,1.376809678415839,12.471420341356156,2143.2120076434467,7108.709594573008,2.49999999975,0.0,0.1697353043610171,0.3334842283629343,0.4888180531278513,0.6513275447935716,0.746119256244928,0.8902529648327706,0.9922202112802012,1.1099320924482183,1.2530009404565874,1.376809678415839,0.550723871421408,4988.5681370413195
weak,10009,residual-s2,1.3403090021024615,12.487932971863982,2086.39319747068,7118.121793962469,2.4999999997500004,0.0,0.17025087035936728,0.3341742201846428,0.4892839928595441,0.6718398740772931,0.7631010931383166,0.9086697006137134,1.0064246247827402,1.111678729075968,1.2265759602078323,1.3403090021024615,0.5361236008945969,4995.173189245109
weak,10009,residual-s3,1.387635019398759,12.626543292030863,2160.063284290575,7197.129676457591,2.49999999975,0.0,0.1697353043610171,0.3361219104178817,0.49256659090360133,0.684183032831684,0.752542751311265,0.911844425612677,1.0053806473881548,1.119783183630951,1.251559136375237,1.387635019398759,0.555054007815009,5050.617317317407
weak,10009,residual-s4,1.3610864392869462,12.491242917943532,2118.73641350115,7120.008463227813,2.49999999975,0.0,0.1697353043610171,0.3361219104178817,0.49237584762969716,0.6670821358593875,0.7611182249231218,0.904359828490427,1.001400398093457,1.1079903238556599,1.223163979729341,1.3610864392869462,0.5444345757692219,4996.497167677063
weak,10009,hybrid-s0,1.3458816893774141,12.543675074901357,2095.067926062262,7149.894792693773,2.49999999975,0.0,0.1783894018994975,0.34881314388289114,0.5000260032545891,0.6555476475435115,0.7508396875228736,0.9008590339765663,1.016054860668763,1.112031834768545,1.2496737589899976,1.3458816893774141,0.538352675804801,5017.47003046229
weak,10009,hybrid-s1,1.3490163762577554,12.536105770106316,2099.9475391761675,7145.580288960599,2.4999999997500004,0.0,0.1846971974065137,0.34979659736410695,0.4995756415323775,0.6635913730848302,0.7555105318541318,0.8983411005532133,1.0052129266954801,1.1145191934420857,1.2329935659707356,1.3490163762577554,0.5396065505570627,5014.44230854397
weak,10009,hybrid-s2,1.323644491776469,12.404048516750496,2060.4523726841635,7070.307654547782,2.49999999975,0.0,0.1846971974065137,0.34979659736410695,0.4995756415323775,0.6656942831510582,0.7576796975344146,0.8976081880333,0.9976360062453449,1.0982590961018357,1.193829091752315,1.323644491776469,0.5294577967635333,4961.61940719636
weak,10009,hybrid-s3,1.3476059512319902,12.478705082092652,2097.7519998082435,7112.861896792811,2.49999999975,0.0,0.1846971974065137,0.35653972313244886,0.5037017660362152,0.6658560901253995,0.7517420129252183,0.8999447567334278,0.9974288799571924,1.100838761765596,1.2080248874165813,1.3476059512319902,0.5390423805467003,4991.4820333362095
weak,10009,hybrid-s4,1.3594560311799295,12.632784145981582,2116.1984372745897,7200.6869632095,2.4999999997500004,0.0,0.19050916341933508,0.37951043034597354,0.5166237673649271,0.6643393370337505,0.7485597442507291,0.900599907974156,1.010834792881081,1.0976392095769893,1.2472887727304995,1.3594560311799295,0.54378241252635,5053.1136588979425
weak,10010,max-exp-cap-V,1.4767767323567957,13.777031080668936,2298.825810868244,7852.907715981292,2.49999999975,0.0,0.180351061480375,0.33801740167067257,0.5095796094575817,0.6950614580984898,0.8570279933661009,1.0035958588557705,1.133653011383646,1.258207083086226,1.3981606687822636,1.4767767323567957,0.5907106930017894,5510.812432818656
weak,10010,max-exp-cap,1.4942292662024428,13.883636189564175,2325.993313165898,7913.672628051579,2.4999999997500004,0.0,0.20157604523664913,0.36623302099589355,0.5349976327686868,0.6917410024935802,0.8526334236389665,0.9920498306156047,1.1305844176997764,1.2581459005240023,1.3967239718862492,1.4942292662024428,0.5976917065407462,5553.4544763810145
weak,10010,rolling-lp-V,1.2574351375464685,11.988356228285745,1957.3875226699433,6833.3630501228745,2.4999999975000056,0.0,0.16749174971338213,0.31070241447532915,0.47768650944198143,0.6313825706425571,0.7781507923016605,0.8614053642736376,0.9655482479226088,1.0773131943120002,1.1742615893613724,1.2574351375464685,0.5029740555215604,4795.34249610963
weak,10010,ppo-s0,1.3595930635268303,12.621400673124638,2116.411748798991,7194.198383681044,2.496721559106429,0.0,0.1994177770907402,0.3468133106476087,0.5114998410554691,0.6113855580729695,0.7517261131333128,0.8841302092546597,1.0251467704093373,1.1512883129929907,1.267047402983887,1.3595930635268303,0.5445513371596893,5055.189525275621
weak,10010,ppo-s1,1.3816555758734992,12.565871578715658,2150.75537822101,7162.546799867924,2.495875335902865,0.0,0.19448682645727197,0.34856180401356507,0.5015746318345439,0.6106178929859511,0.7460421970250548,0.8745324978077602,1.0085847527899696,1.1368274204453552,1.269492603217117,1.3816555758734992,0.553575555637155,5034.655135998627
weak,10010,ppo-s2,1.3449095889027403,12.283111161469721,2093.5547049957495,7001.37336203774,2.497414101266096,0.0,0.18616186136102514,0.3261923565086796,0.48712746009755814,0.5883065962431123,0.7349824804957914,0.8634344262494194,0.9974768853328084,1.1192040740179985,1.2429338243099577,1.3449095889027403,0.5385208597248334,4918.331787765049
weak,10010,ppo-s3,1.3626685273810462,12.655487941749037,2121.1991723367255,7213.628126796951,2.4966330095773075,0.0,0.19961491165999318,0.34815481972791806,0.4984736079508762,0.6173402900940304,0.7590021328993415,0.8918426983852208,1.028256744985344,1.153651074063816,1.2709413769602906,1.3626685273810462,0.5458024956626496,5069.022116266769
weak,10010,ppo-s4,1.3848152524030755,12.715315736404076,2155.673891494572,7247.729969750323,2.4969985775116053,0.0,0.1962170537980929,0.343380244891042,0.505921180071998,0.6123184904960061,0.7614831500836203,0.890697852579182,1.0295090507826306,1.1580171527606768,1.2860204186256579,1.3848152524030755,0.5545919268336624,5092.239879878338
weak,10010,residual-s0,1.444442199176327,13.540234350936348,2248.4922311002238,7717.9335800337185,2.49999999975,0.0,0.1830679599777364,0.33812217102176606,0.5139818880008531,0.6872081299280332,0.8397283127649057,0.989686241805598,1.1256805943123354,1.2266306495616996,1.349763376483786,1.444442199176327,0.5777768797283085,5416.093740916149
weak,10010,residual-s1,1.3845801054829465,12.959419685398622,2155.3078498326913,7386.869220677214,2.49999999975,0.0,0.1830679599777364,0.3353095292367044,0.5033306248762744,0.65775052504723,0.8098448593317894,0.9299680286791621,1.0514483261218746,1.1753527877236754,1.2945406482387594,1.3845801054829465,0.5538320422485619,5183.767874677826
weak,10010,residual-s2,1.3907467719404243,13.163046740619047,2164.907196645829,7502.936642152857,2.49999999975,0.0,0.180351061480375,0.3390530073803712,0.5126792539753924,0.6775415557828985,0.8341590774488428,0.9367681190185065,1.0793832763645308,1.1996064706597616,1.3057157980908531,1.3907467719404243,0.5562987088317995,5265.218696774141
weak,10010,residual-s3,1.3774506193932607,13.062210605405959,2144.209728984701,7445.460045081396,2.49999999975,0.0,0.1830679599777364,0.3380918598571871,0.5130891612687741,0.6864395352655596,0.8322546444805432,0.9464062010804479,1.0500959914541532,1.1747114264936696,1.2896193757238832,1.3774506193932607,0.5509802478124023,5224.884242684872
weak,10010,residual-s4,1.4148312823283575,13.129336848571304,2202.3983711130395,7483.722003685642,2.49999999975,0.0,0.1830679599777364,0.3380918598571871,0.5181992780582002,0.6595740342231389,0.8154239681173949,0.9308188356788201,1.060844120154331,1.1864844003303032,1.3270132570001916,1.4148312823283575,0.5659325129879362,5251.734739953695
weak,10010,hybrid-s0,1.4225688078112404,13.250156087701464,2214.442997022005,7552.5889699898335,2.49999999975,0.0,0.20268634918563147,0.36170899504974485,0.5312754083833475,0.632212524472278,0.8002153035964673,0.9469243240273671,1.0896335340660463,1.2043347651547056,1.320403842975514,1.4225688078112404,0.5690275231813989,5300.062435610592
weak,10010,hybrid-s1,1.427117074713871,13.266076849603381,2221.523060731973,7561.663804273927,2.4999999997500004,0.0,0.2003860351861427,0.3566182378199533,0.5270210949716412,0.6360411429053682,0.804793983900172,0.9397306691629014,1.0784163405319467,1.2096888019172285,1.3423780474584197,1.427117074713871,0.570846829942633,5306.430740371995
weak,10010,hybrid-s2,1.3921251597784545,12.911822059562287,2167.052865297037,7359.7385739505025,2.4999999997500004,0.0,0.2003860351861427,0.3566182378199533,0.5270210949716412,0.6270624864899028,0.7843437366223085,0.8981875547552797,1.0210255665148482,1.1806469344251598,1.307199644906825,1.3921251597784545,0.5568500639670667,5164.728824341387
weak,10010,hybrid-s3,1.395390143927798,12.986314122974958,2172.1353057703564,7402.199050095725,2.49999999975,0.0,0.2003860351861427,0.36101681928310014,0.5314113547687557,0.6434696371471754,0.8032494194598495,0.9267413763599094,1.043566977754041,1.1644066469717362,1.2728320996159521,1.395390143927798,0.5581560576269349,5194.525649709436
weak,10010,hybrid-s4,1.3476834325630793,12.899035919643813,2097.872611191038,7352.450474196973,2.4999999997500004,0.0,0.2222883523022682,0.39692834655625825,0.5484116016643775,0.6475306903600465,0.8054474580154924,0.9188685439980854,1.017587847238798,1.1247127220530067,1.2569435790781833,1.3476834325630793,0.5390733730791389,5159.614368373485
weak,10011,max-exp-cap-V,1.5639186068076052,14.285814516940615,2434.475287059044,8142.914274656149,2.49999999975,0.0,0.19998906010275866,0.3694885236992751,0.5470126989297618,0.7218401335520264,0.870424552983454,1.0149149322824174,1.1622447158574243,1.3005512235759356,1.4268913517248865,1.5639186068076052,0.6255674427855988,5714.325807347678
weak,10011,max-exp-cap,1.5245834988338791,13.921875922193916,2373.2442563270106,7935.469275650532,2.49999999975,0.0,0.17512697411935488,0.3556972296668779,0.5352755215559947,0.7206981555915035,0.8566893604982341,0.9800119906425477,1.1178203160023512,1.2699511171949989,1.4076257356997854,1.5245834988338791,0.609833399594535,5568.750369434441
weak,10011,rolling-lp-V,1.2952813636144258,12.965291096189546,2016.300884062175,7390.21592482804,2.4999999975000056,0.0,0.1893538171425559,0.37835382081552693,0.551842635915141,0.705027809177793,0.8490429650008812,0.9577294760657655,1.034065909823823,1.1358557053744585,1.2324117142532145,1.2952813636144258,0.5181125459638817,5186.116443661923
weak,10011,ppo-s0,1.3913515123456657,13.105223787887507,2165.848566334276,7469.977559095879,2.4970508276245997,0.0,0.17867884498508385,0.3683190811944437,0.5192438948690916,0.680933905311741,0.8081502477141485,0.9373137118751684,1.0576304668909524,1.1855228804853324,1.2917141041585811,1.3913515123456657,0.5571979140165255,5248.280748996317
weak,10011,ppo-s1,1.4092982831481669,12.859529698622294,2193.785423029387,7329.931928214707,2.4974031389755034,0.0,0.16880094823433112,0.3551713652246823,0.5012647262028022,0.6582157708997771,0.7856578403723942,0.9045856775810501,1.0300599292019923,1.1611459428442097,1.2868231041560967,1.4092982831481669,0.564305482424554,5149.16054117622
weak,10011,ppo-s2,1.434589350901582,13.436698275091569,2233.154786090235,7658.918016802193,2.497526137423284,0.0,0.19441933102081876,0.38012132500075635,0.539045362052835,0.7002890731898557,0.8245742250683332,0.953612857744307,1.0749954234774282,1.2091906487900426,1.3209618538222425,1.434589350901582,0.5744041391221067,5380.003065335008
weak,10011,ppo-s3,1.411554703607749,13.092283284860702,2197.2978819400714,7462.6014723706,2.4962209321840527,0.0,0.1788333438046369,0.3664385149744052,0.5179400136541662,0.6739938849436649,0.804195468507138,0.9324018052598708,1.0539448912769496,1.1780090569730675,1.2932339255861043,1.411554703607749,0.5654766713187995,5244.841558717999
weak,10011,ppo-s4,1.4041196174839905,13.135674280249198,2185.7240485278626,7487.334339742042,2.4978276768033143,0.0,0.17954175756599872,0.366831822578875,0.5223263288036702,0.684005322690852,0.8141598171082465,0.9387331103240413,1.0572409092079678,1.1799851005750326,1.2914764059085153,1.4041196174839905,0.5621363036864752,5258.83927151454
weak,10011,residual-s0,1.4501323304205036,14.049634532718994,2257.349778950714,8008.291683649826,2.49999999975,0.0,0.19984255930552672,0.3881825218959566,0.5702507791420004,0.7469054799276439,0.877052329941376,1.0374935866483703,1.1294405300061356,1.2637858060867293,1.362466720912264,1.4501323304205036,0.5800529322262067,5619.853813649583
weak,10011,residual-s1,1.4579216821942895,13.97515731292108,2269.4750803014026,7965.839668365015,2.4999999997500004,0.0,0.19984255930552672,0.3943834385580955,0.5747775051723789,0.7288521608008396,0.8807969604188206,1.0318694875465462,1.129912837272328,1.2403193160595203,1.339032173563567,1.4579216821942895,0.5831686729360326,5590.062925727438
weak,10011,residual-s2,1.497945124250554,14.08571018879084,2331.777606893825,8028.854807610778,2.49999999975,0.0,0.19998906010275866,0.38878250801007336,0.5689017973199472,0.728398886252716,0.9000985920033291,1.017336906870189,1.139695367437146,1.2423467941560922,1.3652327824617552,1.497945124250554,0.5991780497601393,5634.284076079764
weak,10011,residual-s3,1.414346360976991,13.713330429887133,2201.643517861131,7816.598345035665,2.4999999997500004,0.0,0.19984255930552672,0.3886649273228702,0.5708462697959384,0.7312181270794057,0.8563441151007266,0.9998301465780652,1.0966803823607847,1.229539839213642,1.322196547059224,1.414346360976991,0.5657385444473702,5485.332172503386
weak,10011,residual-s4,1.4235096264139844,13.82100894939807,2215.907523134819,7877.9751011569,2.49999999975,0.0,0.19984255930552672,0.3881825218959566,0.5742384392474089,0.7222665317218965,0.860389634474815,1.0162724989400158,1.1162413941343232,1.240707434058915,1.337031832254798,1.4235096264139844,0.5694038506225342,5528.403580312069
weak,10011,hybrid-s0,1.3789789321255668,13.139206297713718,2146.588778355622,7489.347589696818,2.49999999975,0.0,0.17492308682934268,0.3622546380247085,0.5235051318900182,0.6908616896422051,0.8187830068587728,0.9546529395063472,1.0663759296122906,1.1956015920563796,1.274752230669984,1.3789789321255668,0.5515915729053859,5255.682519611055
weak,10011,hybrid-s1,1.4024484051055888,13.228775655464245,2183.1225542960424,7540.402123614619,2.4999999997500004,0.0,0.17565446341002566,0.3655994223619254,0.5205702465066792,0.6834756661374184,0.8174227021696531,0.9518367324754333,1.0695044586286622,1.2069965062748655,1.3047203593838805,1.4024484051055888,0.5609793620983333,5291.510262714848
weak,10011,hybrid-s2,1.4879351629201905,13.729361234353334,2316.1955917063915,7825.735903581399,2.49999999975,0.0,0.17565446341002566,0.3655994223619254,0.5263409213274637,0.69862218184157,0.862996921484403,0.9906568464383674,1.0946721916901412,1.2484751353421433,1.3688542936936068,1.4879351629201905,0.5951740652275936,5491.744494290508
weak,10011,hybrid-s3,1.4381680320700179,13.345934200475943,2238.72554330669,7607.182494271287,2.49999999975,0.0,0.17565446341002566,0.3620032868256537,0.5246008707576764,0.6884565027428748,0.8289211568259454,0.9608593549234334,1.0786955191362122,1.1990222145543592,1.3171107727362172,1.4381680320700179,0.5752672128855338,5338.373680724215
weak,10011,hybrid-s4,1.3831753841241927,12.804401276447113,2153.121189083082,7298.508727574854,2.49999999975,0.0,0.16161270553845983,0.34680802971745084,0.500860294118034,0.6602412802597736,0.797680639707253,0.9433706358303637,1.043395725137113,1.1428406661333652,1.2456234643474902,1.3831753841241927,0.5532701537050041,5121.760511091022
weak,10012,max-exp-cap-V,1.437694882032134,13.281274727354106,2237.9890138803594,7570.32659459184,2.4999999997500004,0.0,0.18930074755969126,0.3580118248279838,0.51650495778368,0.6648577376928548,0.8169097241435558,0.9648002426375024,1.0744183091238892,1.2033422333973123,1.30611395896669,1.437694882032134,0.5750779528703613,5312.509891472892
weak,10012,max-exp-cap,1.4776889282107994,13.248942126876532,2300.2457813538326,7551.897012319623,2.49999999975,0.0,0.1699140805345853,0.33907043537093673,0.5119027084501401,0.6479630300722002,0.8031174177460095,0.9430407638350266,1.071878043248001,1.2039953307605509,1.3426132622346802,1.4776889282107994,0.5910755713434274,5299.576851280571
weak,10012,rolling-lp-V,1.3303251830528169,12.256823942291977,2070.851876687725,6986.389647106425,2.4999999975000056,0.0,0.13891792281803922,0.3199366744322428,0.49046473621599157,0.6288907081094813,0.7659479027634108,0.8950417888747266,0.9847221331775653,1.102272323521271,1.2173231448083714,1.3303251830528169,0.5321300737532556,4902.729581819509
weak,10012,ppo-s0,1.383077294671937,12.62649899195287,2152.9684980501866,7197.104425413136,2.4972094741289323,0.0,0.16509256496548597,0.35039519220887266,0.4919020550908062,0.6284107472460749,0.7671308158923147,0.8934467444147673,1.0181258149596562,1.1457429445790301,1.2679993696195964,1.383077294671937,0.5538491299991471,5056.24342801967
weak,10012,ppo-s1,1.4270590317667735,12.860451639126506,2221.4327081268684,7330.457434302108,2.4970627969030783,0.0,0.17191330829263335,0.3508387805359302,0.5068885565550079,0.6389459760419788,0.7745935179728041,0.9036635122792115,1.02922834393222,1.1619148458762256,1.2965699736167693,1.4270590317667735,0.5714950515207903,5150.231566092919
weak,10012,ppo-s2,1.4037240605432413,12.725588124222451,2185.1083044650404,7253.585230806797,2.4973399353032053,0.0,0.14564448251356207,0.33277120653244197,0.49652022172846355,0.6327414087327663,0.7749291389707256,0.911521788309792,1.0304573054178972,1.157563395953034,1.2891058690190462,1.4037240605432413,0.5620877000762867,5095.657160777121
weak,10012,ppo-s3,1.3999981855188495,12.745156696972684,2179.308417802097,7264.73931727443,2.4963342947176455,0.0,0.16498933446952366,0.34613052866257715,0.4955177805617666,0.6334248511881206,0.7775995729981767,0.9094299257581594,1.0350044108521108,1.1535812258319145,1.271874006918908,1.3999981855188495,0.5608215968836017,5105.548853750078
weak,10012,ppo-s4,1.401895636127886,12.809362195416124,2182.2620859763915,7301.33645138719,2.4972048193572998,0.0,0.17713020887694222,0.3588754518912507,0.49706333575317574,0.6371614926071029,0.7792457903129906,0.9117158221780562,1.038114666710247,1.1529760875402242,1.2746172510674472,1.401895636127886,0.5613859244788294,5129.4800074560335
weak,10012,residual-s0,1.4428651570649107,13.439977433505312,2246.0373270980704,7660.787137098027,2.49999999975,0.0,0.19193041515402728,0.37051582216253315,0.542010607385809,0.6859739414968968,0.8341609389879951,0.9667375269013974,1.0970351739491477,1.1942867654760112,1.3083896495902716,1.4428651570649107,0.5771460628836789,5375.9909739397235
weak,10012,residual-s1,1.3845580913254036,13.13628940578222,2155.2735814748175,7487.684961295865,2.49999999975,0.0,0.19193041515402728,0.3776605961253609,0.5407496361621351,0.6827135437097321,0.8275210093323874,0.9602458057404576,1.0587346412736696,1.1540582104869888,1.260643402531267,1.3845580913254036,0.5538232365855438,5254.5157628383395
weak,10012,residual-s2,1.4188289396717906,13.393174760211293,2208.6213279640892,7634.109613320436,2.4999999997500004,0.0,0.18930074755969126,0.3707686712787363,0.5396456259676295,0.6821752124217222,0.8520124457481102,0.96079843131229,1.0566618375556045,1.2082360001344872,1.3254118246012525,1.4188289396717906,0.5675315759254693,5357.269904620243
weak,10012,residual-s3,1.3936229042074582,13.17757777730667,2169.3843304914963,7511.219333064801,2.49999999975,0.0,0.19193041515402728,0.3761067724903488,0.5474362860119966,0.6914983923779686,0.8221788115741765,0.9537647817231459,1.0521852411507457,1.1654664497537515,1.2711491453970558,1.3936229042074582,0.5574491617387282,5271.031111449771
weak,10012,residual-s4,1.3679384456991825,12.867392206069919,2129.4025953630116,7334.413557459853,2.4999999997500004,0.0,0.19193041515402728,0.37051582216253315,0.5249869566497314,0.6544800710735549,0.814981967825031,0.9239842190356491,1.033635305422434,1.1398192442868598,1.2438020530709397,1.3679384456991825,0.5471753783343904,5146.956882942663
weak,10012,hybrid-s0,1.376634137153173,12.598972766855331,2142.938751181148,7181.414477107538,2.49999999975,0.0,0.1638427038320285,0.34259711430463863,0.4887285321165016,0.6280617104386781,0.7694895087250322,0.8979252139239823,1.0289615932187655,1.1434586017365644,1.2539414491054683,1.376634137153173,0.5506536549163346,5039.589107246092
weak,10012,hybrid-s1,1.3851774848339211,12.706372798843828,2156.2377609294817,7242.632495340981,2.49999999975,0.0,0.16382494986410728,0.3456693758182167,0.4982858755711495,0.6312975582728209,0.7766411726523939,0.9227326119369738,1.0293879769364291,1.147248811282305,1.2623690433201784,1.3851774848339211,0.5540709939889755,5082.549120045786
weak,10012,hybrid-s2,1.4114983272486414,12.793364092738713,2197.2101236306403,7292.217532861066,2.49999999975,0.0,0.16382494986410728,0.3456693758182167,0.49736672831866985,0.6291876098543259,0.7903279913695553,0.9168519630978348,1.0283561957948808,1.1432274878291397,1.2922078559393333,1.4114983272486414,0.5645993309559165,5117.34563760722
weak,10012,hybrid-s3,1.3714093565029253,12.790743692436513,2134.8055917456345,7290.723904688811,2.4999999997500004,0.0,0.16382494986410728,0.3428987879219565,0.5137106909790065,0.6553389345303184,0.8041385005889206,0.9465488016830976,1.0223834462030517,1.1340649130916853,1.2625167460408955,1.3714093565029253,0.5485637426560264,5116.297477486234
weak,10012,hybrid-s4,1.3189313962211195,12.459497314621922,2053.115728305677,7101.913469334495,2.49999999975,0.0,0.19781384895674575,0.3608620409648968,0.5100990266589002,0.6503465048796424,0.7922184947192368,0.8988790008233658,0.9815835701178451,1.0828141401462652,1.2104928412463893,1.3189313962211195,0.5275725585412051,4983.798926347149
weak,10013,max-exp-cap-V,1.4190477437256435,13.178796329123422,2208.9619294886793,7511.91390760035,2.49999999975,0.0,0.1522725498563743,0.32106606967718004,0.5234787479501827,0.683398504375271,0.8408283920096908,0.9590534827027082,1.0757099086628756,1.1851516422502058,1.3061149621651311,1.4190477437256435,0.5676190975470193,5271.518532176521
weak,10013,max-exp-cap,1.487556001346914,13.718764639707508,2315.6053695068945,7819.695844633279,2.49999999975,0.0,0.17505430461962615,0.3655911876172371,0.5540721571056957,0.7046250304824444,0.8359785085826503,0.9725300997654002,1.0984288415979475,1.2460295430176282,1.3731345631235703,1.487556001346914,0.5950224005982678,5487.505856431753
weak,10013,rolling-lp-V,1.384032229204668,13.047383679804774,2154.454997737941,7437.008697488721,2.4999999975000056,0.0,0.15415537356320566,0.34848959391297585,0.5355047286031474,0.6882930133350206,0.8272557808178511,0.9413446943988666,1.0380477860143364,1.1773317214538244,1.2872469655346364,1.384032229204668,0.5536128922354789,5218.953477140852
weak,10013,ppo-s0,1.4098385756592635,13.032661325521424,2194.626469846224,7428.616955547211,2.496386560898875,0.0,0.1687226377685299,0.36869931082309326,0.529092948333687,0.6667167656543668,0.7983773126658038,0.9217019608079529,1.0392291789526675,1.1715997580381776,1.2982657270946936,1.4098385756592635,0.5647517086262562,5220.610273125628
weak,10013,ppo-s1,1.4048406778789402,12.950069774124186,2186.846487831507,7381.539771250786,2.496496378838904,0.0,0.17859153044798706,0.3684046709438437,0.5247891277574698,0.6645161272749348,0.7850560727339055,0.906622835714421,1.0344320193482963,1.1651735252614746,1.286760379484439,1.4048406778789402,0.5627249011001241,5187.297639961784
weak,10013,ppo-s2,1.4151322412460716,12.971337465946304,2202.8668590793604,7393.662355589393,2.4970023924552134,0.0,0.15701627084387818,0.35053164873821513,0.5302536092111566,0.6649491913828611,0.7912161929781911,0.9146393444863176,1.0405014882305024,1.1699897094717473,1.2986197375413095,1.4151322412460716,0.5667324330653214,5194.763731560565
weak,10013,ppo-s3,1.428403630747328,13.189681568129883,2223.5257793231035,7518.118493834033,2.49537541063601,0.0,0.1692023010016151,0.36856173352745625,0.5321074235589671,0.6722371545146394,0.8041667110855723,0.9326286667855559,1.0562695788980303,1.1911760951903387,1.318361437838885,1.428403630747328,0.572420335897781,5285.65021195274
weak,10013,ppo-s4,1.4268083744648004,13.170573110978626,2221.0425222153267,7507.226673257816,2.4968419003965696,0.0,0.165392352367046,0.36083637250036593,0.537514542498419,0.6756445391643913,0.8062105963299757,0.9325394041301678,1.0550164535958015,1.1858796807118326,1.3149970528152042,1.4268083744648004,0.5714452221577115,5274.892699007801
weak,10013,residual-s0,1.3751665918780493,12.865426094420844,2140.6542955263735,7333.29287381988,2.4999999997500004,0.0,0.15199647178549755,0.3346341281139573,0.5378100545299034,0.6846830557049003,0.8136678262109224,0.922689129680448,1.0212183909156747,1.1483991745627904,1.2745466374395844,1.3751665918780493,0.5500666368062264,5146.170438282954
weak,10013,residual-s1,1.431252770944019,13.282820433782584,2227.9608959385196,7571.207647256073,2.49999999975,0.0,0.15199647178549755,0.3485391161527831,0.5544454339918794,0.7027092463649167,0.8330826820268717,0.9422652330556345,1.060020434287009,1.1809521923711421,1.32768400641263,1.431252770944019,0.5725011084348577,5313.128174044346
weak,10013,residual-s2,1.3782686815215888,12.893830347247643,2145.4831661226854,7349.483297931156,2.49999999975,0.0,0.1522725498563743,0.3292843072315985,0.5346759901889859,0.678709037635639,0.8192616494126312,0.9270987838380326,1.035998306741155,1.1674124884121597,1.260076694303972,1.3782686815215888,0.5513074726637662,5157.53213941481
weak,10013,residual-s3,1.3851230727453707,12.861399378156126,2156.1530603035562,7330.997645548991,2.49999999975,0.0,0.15199647178549755,0.3345628428892157,0.5374694032136859,0.6845662782571625,0.8158749248812321,0.9196816934841882,1.0202492939728893,1.1463126711505258,1.2663880265903622,1.3851230727453707,0.5540492291535533,5144.5597517769065
weak,10013,residual-s4,1.3777283176588566,12.692496092983845,2144.6420082362615,7234.722773000791,2.4999999997500004,0.0,0.15199647178549755,0.3345628428892157,0.537654888266276,0.6547760845206414,0.7891463594039092,0.9025047306589018,1.0047166020182632,1.1362080637990903,1.2644260370527611,1.3777283176588566,0.5510913271186517,5076.998437701237
weak,10013,hybrid-s0,1.3958334953934406,13.077254977060733,2172.8254492227647,7454.035336924617,2.49999999975,0.0,0.17783207747830365,0.3811783519889618,0.5605358027680934,0.6959810065952774,0.8144317158067094,0.9348559342926221,1.0338590983137537,1.1404548538494454,1.265929015053582,1.3958334953934406,0.5583333982132096,5230.901991347383
weak,10013,hybrid-s1,1.4199266378551125,13.39122116353583,2210.3300608152203,7632.9960632154225,2.49999999975,0.0,0.17632007952282547,0.38289627742537397,0.5599582581933661,0.7044827903841836,0.8338475474305547,0.9469607748979485,1.0557302861359459,1.1949441048770368,1.3275179796498575,1.4199266378551125,0.567970655198842,5356.488465949981
weak,10013,hybrid-s2,1.4455634832040458,13.24916590500759,2250.2376788769643,7552.024565854326,2.49999999975,0.0,0.17632007952282547,0.38289627742537397,0.5682289054718599,0.7027294874918911,0.8246012557366263,0.921203594464641,1.0184901274297053,1.18045830415776,1.2908362417034458,1.4455634832040458,0.5782253933394409,5299.666362533003
weak,10013,hybrid-s3,1.4412945663071912,13.478011373399527,2243.5924656013735,7682.46648283773,2.49999999975,0.0,0.17632007952282547,0.37742169818659577,0.5553416727769768,0.706278097020259,0.8371725682740361,0.9544215182828675,1.0803943348007352,1.2062927793492721,1.3234018691510698,1.4412945663071912,0.5765178265805283,5391.204549898932
weak,10013,hybrid-s4,1.4255563564068023,13.162518866486979,2219.0935671943425,7502.635753897577,2.49999999975,0.0,0.17571852173210784,0.35727867372454036,0.5377132316960476,0.6770248054391046,0.8086103814781715,0.927517461127422,1.049425998323784,1.1818984190614548,1.314921434276952,1.4255563564068023,0.5702225426197431,5265.007547121292
weak,10014,max-exp-cap-V,1.494268865137833,13.826437100315665,2326.054954883812,7881.069147179928,2.49999999975,0.0,0.18432673247578904,0.3555051874346875,0.5379065056461756,0.6926534821171026,0.8634320667249915,0.9745013871899619,1.125715093706451,1.2602983412699018,1.3935618809424652,1.494268865137833,0.597707546114904,5530.574840679324
weak,10014,max-exp-cap,1.5273652492025938,14.272996384127978,2377.574470506908,8135.607938952947,2.49999999975,0.0,0.184396016127072,0.3757941624291979,0.5689774580662503,0.7428894702237323,0.877878802647862,1.023729308695938,1.1556473437934618,1.2909045050231587,1.4214590532766236,1.5273652492025938,0.6109460997421321,5709.198554222111
weak,10014,rolling-lp-V,1.335085954218497,12.818919853308453,2078.262735347339,7306.784316385818,2.4999999975000056,0.0,0.17332318488640044,0.35186206514028406,0.5218085231330217,0.6702908015025034,0.8250647054351965,0.9487628049947086,1.0282041306553804,1.150482902389975,1.2300505560040502,1.335085954218497,0.534034382221432,5127.567946450938
weak,10014,ppo-s0,1.384003601689227,13.09195704623358,2154.4104346906265,7462.4155163531395,2.4973904683122403,0.0,0.1931565085359852,0.37531120195013046,0.5209737955831185,0.6667488178013122,0.7976926256561093,0.9448315907940952,1.059494385703262,1.1796444765527436,1.288479027062171,1.384003601689227,0.5541799006803088,5242.254750448073
weak,10014,ppo-s1,1.401454911704676,13.067355191743458,2181.5760319119167,7448.39245929377,2.4969855468184283,0.0,0.18719845042343905,0.3787151653679076,0.5257282216674803,0.6727199699826716,0.7881614967718144,0.9375435600161337,1.045348791838556,1.1696141375011002,1.2880469766721496,1.401454911704676,0.561258719935468,5233.252234236367
weak,10014,ppo-s2,1.4169435575406069,13.361946070862375,2205.686446196554,7616.309260391554,2.4980464218558516,0.0,0.18866879437298895,0.3722375245737311,0.5428399259264959,0.6952553209100352,0.823828577712598,0.9572467042654764,1.0714744715686892,1.1984572613493714,1.3168261381353819,1.4169435575406069,0.5672206669754077,5348.958271534243
weak,10014,ppo-s3,1.3872777564845498,13.135723596078613,2159.5071506581476,7487.362449764809,2.496672914711377,0.0,0.1926939026450513,0.3772785256988421,0.5284556242895304,0.6747549978399299,0.8045574301760383,0.947150998249336,1.053745729275848,1.1770266044980084,1.295510303815528,1.3872777564845498,0.5556505813437413,5261.291344443948
weak,10014,ppo-s4,1.4246365453217598,13.333565579890312,2217.6617424526,7600.132380537477,2.4974081479575756,0.0,0.18932973451492305,0.37505622031396246,0.5301400795072847,0.6816711549793889,0.8176261547361039,0.9612295626736234,1.074239694801758,1.199097681255754,1.3125196846599192,1.4246365453217598,0.5704460228044234,5338.961351109044
weak,10014,residual-s0,1.4525027744997556,13.713976753570448,2261.0397328301387,7816.966749535154,2.49999999975,0.0,0.1892971383194021,0.3778617118506398,0.5675389434148045,0.7077516610653181,0.8654598314571111,0.9588660417131305,1.1033244943109495,1.246963592954501,1.3403582866432588,1.4525027744997556,0.5810011098580024,5485.590701976738
weak,10014,residual-s1,1.4013476032721695,13.406640748397853,2181.4089901452335,7641.785226586775,2.49999999975,0.0,0.1892971383194021,0.37614915821472616,0.5644649640925071,0.7079799728956758,0.8615217383262009,0.9687222667336204,1.06110137908413,1.1915034317318458,1.290402699011786,1.4013476032721695,0.5605390413649217,5362.656299895407
weak,10014,residual-s2,1.4341361452914634,13.404575264016508,2232.449303175084,7640.607900489409,2.49999999975,0.0,0.18432673247578904,0.3763127787026928,0.5668383809941482,0.698138159157492,0.8421291172373445,0.9675362023547034,1.0717995010330987,1.1668645110832532,1.3030819462737908,1.4341361452914634,0.5736544581739508,5361.8301061427865
weak,10014,residual-s3,1.440371103043656,13.660605509996143,2242.154955692739,7786.545140697801,2.49999999975,0.0,0.1892971383194021,0.37784090338578447,0.5670592807436335,0.7081737000458356,0.8645804196820654,0.9571805222728518,1.0947364524733643,1.2298223259858931,1.3465766872898166,1.440371103043656,0.5761484412750772,5464.242204544881
weak,10014,residual-s4,1.4016350124672499,13.341432708570771,2181.856385923793,7604.61664388534,2.49999999975,0.0,0.1892971383194021,0.37805205483879883,0.5541419692964487,0.6961479234970581,0.8364952272941768,0.9521478376549743,1.081452555315753,1.1893828497946366,1.2918478255025694,1.4016350124672499,0.5606540050429654,5336.573083961966
weak,10014,hybrid-s0,1.457134370351338,13.834726849935832,2268.2495106224364,7885.794304463424,2.49999999975,0.0,0.1909457327840559,0.3813079167098539,0.5617026926970005,0.7116012521201022,0.8590529832878424,0.9973604895688063,1.122650938769124,1.2572370433618771,1.3485014979316636,1.457134370351338,0.5828537481988205,5533.890740527722
weak,10014,hybrid-s1,1.4534196772562435,13.855755921220812,2262.4670303196563,7897.780875095862,2.49999999975,0.0,0.19315498591936103,0.3844031819264632,0.5620657107917781,0.7177063478796498,0.8673761761241263,1.0035819767937546,1.115547464737772,1.2453908287898163,1.3583577436691008,1.4534196772562435,0.5813678709606342,5542.302369042555
weak,10014,hybrid-s2,1.4499894949223875,13.669989727682834,2257.1274339458237,7791.894144779215,2.4999999997500004,0.0,0.19315498591936103,0.3844031819264632,0.5668190017735576,0.7167270313518774,0.865763803819142,0.9881256426712173,1.0784391451591,1.191978532206329,1.3462661799671696,1.4499894949223875,0.5799957980269544,5467.995891619932
weak,10014,hybrid-s3,1.407320875806896,13.701559306470687,2190.707290136909,7809.88880468829,2.49999999975,0.0,0.19315498591936103,0.3830334616740714,0.5676773440598085,0.7276044682393413,0.8833815830063553,0.9994944733347777,1.1009043803557468,1.2178997317359594,1.3214761444916334,1.407320875806896,0.5629283503790512,5480.623723136337
weak,10014,hybrid-s4,1.4147790292152034,13.404957625284394,2202.3170312580805,7640.8258464121045,2.49999999975,0.0,0.20045092850213067,0.39887356603710933,0.5499768782473885,0.7057710623653957,0.8549161492676302,0.985653914640368,1.0528808476690916,1.1709349879501014,1.277171741422697,1.4147790292152034,0.5659116117426726,5361.983050649957
weak,10015,max-exp-cap-V,1.5263534778364893,13.640686096434754,2375.9994957120475,7775.191074967809,2.49999999975,0.0,0.1410875909150886,0.30593025888701897,0.4932803162936225,0.6777919760551021,0.8255586842295879,0.9860382812781157,1.127258664408615,1.2783331989623377,1.4012097575165097,1.5263534778364893,0.6105413911956499,5456.274439119529
weak,10015,max-exp-cap,1.4982063761516917,13.647517514139578,2332.184284897558,7779.084983059559,2.49999999975,0.0,0.1464591500820959,0.33201709306312555,0.5280372222261569,0.6939019935526569,0.8333984729787061,0.9835915867965838,1.137845740913415,1.2498564336975069,1.3639166724362877,1.4982063761516917,0.599282550520605,5459.007006201732
weak,10015,rolling-lp-V,1.3570028954739026,12.722845769711942,2112.3797614009677,7252.0220887358055,2.4999999975000056,0.0,0.13788505772380616,0.3503338391075834,0.5347735131938264,0.6808138771133972,0.785586653634089,0.9184459517911636,1.0180475920571355,1.14741216060701,1.2429156353216733,1.3570028954739026,0.542801158732361,5089.138312973903
weak,10015,ppo-s0,1.3808318733402198,12.69133165122887,2149.473160941653,7234.059041200455,2.4971005954777103,0.0,0.1439580552529827,0.3256376479123339,0.4986109846252601,0.6565082662150188,0.7744339132490665,0.9113088784409661,1.0290492632169614,1.1634467349581006,1.2691867378712587,1.3808318733402198,0.5529740675409428,5082.4270652984815
weak,10015,ppo-s1,1.3900232656565912,12.683111030522712,2163.7809499470836,7229.373287397945,2.4977297951575066,0.0,0.14941626309408537,0.3333272509095396,0.5041548958555224,0.6657209709261065,0.7753758246187713,0.9081418357187183,1.0140269752613615,1.150652337222251,1.2568517696290105,1.3900232656565912,0.5565146671795763,5077.855521086466
weak,10015,ppo-s2,1.3980772844886569,12.585980731846165,2176.318245508901,7174.009017152313,2.4976978383633277,0.0,0.13956354865007153,0.31472227259995733,0.4824091945855805,0.6432756858790745,0.7670121133475165,0.9049283797432264,1.0159833056102052,1.1534261898479912,1.2658964441673344,1.3980772844886569,0.5597463644380531,5039.032559716435
weak,10015,ppo-s3,1.3954951801377007,12.72742683651256,2172.298810479707,7254.633296812159,2.4973624134733114,0.0,0.14410486907308317,0.3269663361700239,0.49730439030404583,0.6484812056223677,0.7738993057338446,0.9156372099287358,1.032094547007408,1.166000948071147,1.2761760832712727,1.3954951801377007,0.558787612326101,5096.347557666393
weak,10015,ppo-s4,1.4027815332560918,12.756799884096157,2183.6411185271304,7271.375933934809,2.4971777521382776,0.0,0.14457947711369498,0.32733362377022307,0.4995132568550721,0.6577410841908244,0.7795458519737392,0.9161120572865067,1.0305046443834711,1.1623429472262032,1.2745749859849653,1.4027815332560918,0.5617467687492095,5108.486920153278
weak,10015,residual-s0,1.437065840211954,13.162048984063295,2237.0098153727845,7502.367920916077,2.49999999975,0.0,0.14254182734077897,0.3236821559280264,0.5112229517545537,0.6891015218670767,0.8041305241007303,0.9473471591786202,1.0752365475642525,1.2141155412938773,1.3109193593027015,1.437065840211954,0.5748263361422643,5264.8195941518
weak,10015,residual-s1,1.442940908521245,13.218635337554659,2246.1552456697923,7534.622142406155,2.49999999975,0.0,0.14254182734077897,0.32711658374303804,0.5153959588376713,0.6769073141032671,0.8067817627570278,0.947132853195948,1.0762595731679976,1.2278244067207054,1.3288135851806404,1.442940908521245,0.5771763634662156,5287.454135550609
weak,10015,residual-s2,1.3956402363449918,12.963918580039962,2172.524612353505,7389.433590622778,2.49999999975,0.0,0.1410875909150886,0.31996488633521153,0.5110814607900422,0.6853716208349452,0.8309719829566555,0.9583104939062017,1.0267726717007242,1.1691304015268575,1.2897521609120328,1.3956402363449918,0.5582560945938223,5185.567432534542
weak,10015,residual-s3,1.4120123296482632,12.930594704494982,2198.010245922121,7370.43898156214,2.49999999975,0.0,0.14254182734077897,0.3238144572031266,0.511312909899432,0.6895315420527877,0.8002475256906526,0.9327868296233003,1.0407763031057835,1.1687789074599484,1.2848734566361477,1.4120123296482632,0.5648049319157857,5172.237882315217
weak,10015,residual-s4,1.3946073856696084,12.990816303298656,2170.9168244331504,7404.765292880234,2.49999999975,0.0,0.14254182734077897,0.3238144572031266,0.5152856031858775,0.6744912048211192,0.8027540901808833,0.9553962555204949,1.0553108151767758,1.1941924390978704,1.2869686545226382,1.3946073856696084,0.5578429543236276,5196.326521839095
weak,10015,hybrid-s0,1.4403843403291288,13.326017162402591,2242.1755615249167,7595.829782569476,2.49999999975,0.0,0.14883825933136152,0.3360631982674567,0.5170973548464106,0.6803544132121436,0.8215949099671825,0.9780122179646311,1.0858178093366726,1.2270017729809797,1.3255330969115466,1.4403843403291288,0.5761537361892669,5330.4068654940775
weak,10015,hybrid-s1,1.4385635591234658,13.186019670046978,2239.341240845418,7516.031211926777,2.49999999975,0.0,0.1471520962046904,0.33812949014581023,0.5198503124046854,0.6807135727075497,0.8126536069069112,0.9601629369010961,1.065404349826069,1.198096843263464,1.3100355447637102,1.4385635591234658,0.5754254237069288,5274.407868546233
weak,10015,hybrid-s2,1.4100779768401035,12.996712252643439,2194.9991339068156,7408.12598400676,2.49999999975,0.0,0.1471520962046904,0.33812949014581023,0.5198503124046854,0.6762235445096403,0.8176401714066254,0.9621981324386669,1.0334558244260668,1.162324475804475,1.282098294690594,1.4100779768401035,0.5640311907924446,5198.684901577244
weak,10015,hybrid-s3,1.3669201885551523,12.92727402702097,2127.817524476188,7368.546195401952,2.49999999975,0.0,0.1471520962046904,0.33253660333814045,0.5136566688969916,0.6772309095840152,0.808734550975441,0.9666411972703439,1.0402023920884849,1.177485104632204,1.273983157970402,1.3669201885551523,0.5467680754767378,5170.909611325478
weak,10015,hybrid-s4,1.3656885105435488,12.607173943677994,2125.900231806473,7186.089147896456,2.49999999975,0.0,0.1482589009646064,0.34681450634177524,0.5019446436861779,0.6584531104329127,0.7855278771237553,0.9160836229691757,1.0008897074925551,1.138777534227689,1.2364706261187854,1.3656885105435488,0.546275404272047,5042.869577975484
weak,10016,max-exp-cap-V,1.4179403819250214,13.436772017061413,2207.238153759103,7658.960049725005,2.49999999975,0.0,0.15574769710242334,0.3350157114355845,0.5177807324898751,0.6835035591268587,0.8547441160636964,0.9609603388411478,1.0966683191786866,1.2479952642921883,1.3614907028080157,1.4179403819250214,0.5671761528267262,5374.708807362036
weak,10016,max-exp-cap,1.5429566134156985,14.532212540318884,2401.8447814445217,8283.361147981763,2.49999999975,0.0,0.2067565518625435,0.40207091713758725,0.5855401218136503,0.7499822110542226,0.9004013171639778,1.0324938562784078,1.165109442787471,1.3159764326202397,1.434275607998677,1.5429566134156985,0.6171826454279976,5812.885016708842
weak,10016,rolling-lp-V,1.296341755394438,12.674371240347007,2017.9515438674894,7224.391606997793,2.4999999975000056,0.0,0.19743800956395252,0.3618794822788668,0.536887946039967,0.6957434658643616,0.8343546242936692,0.9307638574803565,0.9935214517373945,1.1015837536766508,1.1935625594134927,1.296341755394438,0.5185367026763108,5069.74850120854
weak,10016,ppo-s0,1.4060676172848474,13.305350478392672,2188.7564041464598,7584.049772683823,2.49734276622231,0.0,0.19856867625297914,0.38668430559344247,0.5397036590054237,0.6834259340690484,0.8240733214469571,0.9286765085738865,1.0641619288760813,1.2028355076638597,1.3132235373990846,1.4060676172848474,0.5630254830464394,5327.803078677686
weak,10016,ppo-s1,1.4431420626626479,13.488949857134912,2246.468372442505,7688.7014185668995,2.497345917150959,0.0,0.20783336236539657,0.40017287635516574,0.5467167299368658,0.6931050219686862,0.8346570215781843,0.938877736735688,1.0663575430787922,1.2045712228838044,1.329932540549091,1.4431420626626479,0.5778703113379761,5401.314156960473
weak,10016,ppo-s2,1.4284193018910247,13.519967741118425,2223.550173822845,7706.381612437501,2.4971149207479124,0.0,0.19570769377355618,0.3850414347771315,0.553079123436108,0.6959681246878032,0.8436048157315034,0.9526920313742752,1.078322706672436,1.2148298460255225,1.337627077262562,1.4284193018910247,0.5720278590395023,5414.235295614289
weak,10016,ppo-s3,1.4050931362591887,13.377948548823063,2187.2394773931446,7625.430672829146,2.4968933559484077,0.0,0.19787932813795167,0.3898777383757711,0.5435409547080443,0.6872932639775353,0.8338593373068794,0.9424916151503757,1.0726911104276156,1.203360334572734,1.3179715260728713,1.4050931362591887,0.5627365433576899,5357.837376975858
weak,10016,ppo-s4,1.420555170952687,13.37458804203152,2211.3084674192996,7623.515183957966,2.4971842822933596,0.0,0.1879741525652413,0.38059656430717254,0.5429075579235507,0.6888155445973103,0.8353358059887198,0.9418617935933276,1.0700824745802084,1.2052361330538226,1.3185343417378594,1.420555170952687,0.5688627711720499,5355.86746115052
weak,10016,residual-s0,1.3949749639937363,13.10248023106545,2171.4890155575818,7468.4137317073055,2.49999999975,0.0,0.15751410374463506,0.3483471556293868,0.5311426112037041,0.6860587321101733,0.8324805155982359,0.9238282294031099,1.052105635898386,1.1933729342451913,1.2972712939355604,1.3949749639937363,0.5579899856532935,5240.992092950279
weak,10016,residual-s1,1.4017824481941301,13.302410009083225,2182.085891878871,7582.373705177438,2.49999999975,0.0,0.15751410374463506,0.3542826648754549,0.5406138610482017,0.6923810890896476,0.8574321376899484,0.9627135573729689,1.0845962739895583,1.2012628702236108,1.2929530183425324,1.4017824481941301,0.5607129793337233,5320.9640041653865
weak,10016,residual-s2,1.4628660492813623,13.532697405040105,2277.17173371497,7713.63752087286,2.49999999975,0.0,0.15574769710242334,0.349383341944716,0.5347769167119936,0.6847653135274606,0.8526549812833909,0.9629877057933294,1.1197456522808218,1.2407616516419933,1.329780443254,1.4628660492813623,0.5851464197710595,5413.078962557351
weak,10016,residual-s3,1.3368895237073237,12.813735106444168,2081.070263392552,7303.829010673176,2.49999999975,0.0,0.15751410374463506,0.34834822268825116,0.5335250002224439,0.6809877283003508,0.8266701299646569,0.9146963092545537,1.0149549651352099,1.1614197440518192,1.2565991950249342,1.3368895237073237,0.5347558095364051,5125.494043090217
weak,10016,residual-s4,1.441670800843506,13.356441018207006,2244.1781314261866,7613.171380377993,2.49999999975,0.0,0.15751410374463506,0.34834822268825116,0.5353473613856546,0.6775032282285366,0.8435037560726876,0.9423808115006247,1.0839526895931502,1.2166043777521878,1.3334164523030452,1.441670800843506,0.5766683203950692,5342.5764078170605
weak,10016,hybrid-s0,1.43967781630402,14.127213207738897,2241.075750274284,8052.511528411171,2.49999999975,0.0,0.20833358483115408,0.40482087071784767,0.5984299269115363,0.7340507120811589,0.886737188021659,1.0082667608686162,1.1358774195246404,1.2764509691160282,1.3827443090221077,1.43967781630402,0.5758711265791951,5650.8852836606475
weak,10016,hybrid-s1,1.5012172679289366,14.32927500643886,2336.8711922543766,8167.686753670148,2.49999999975,0.0,0.2117492245618859,0.41652321907869333,0.5957796124530081,0.7450085151515017,0.8984936459793331,1.015388853278004,1.148857655865201,1.2825524464201556,1.3896245858078524,1.5012172679289366,0.6004869072316233,5731.710003148714
weak,10016,hybrid-s2,1.4198498575860796,13.914621505073816,2210.210540741298,7931.334257892074,2.4999999997500004,0.0,0.2117492245618859,0.41652321907869333,0.6061284240559177,0.74194487260249,0.8986417131565194,0.9931694579081736,1.0710562180618557,1.214091394833263,1.3656652455906744,1.4198498575860796,0.5679399430912258,5565.84860258611
weak,10016,hybrid-s3,1.5008852584050836,14.279796406145007,2336.354369334456,8139.483951502653,2.49999999975,0.0,0.2117492245618859,0.4040907540464166,0.6001229216887715,0.7484372775071655,0.9045136415806525,1.0087819691858975,1.1435747098479019,1.271877014037868,1.379376965399488,1.5008852584050836,0.6003541034220689,5711.918563029195
weak,10016,hybrid-s4,1.3019972910420226,12.772381263271397,2026.7552384518453,7280.257320064695,2.49999999975,0.0,0.19174926007573215,0.3692851675917605,0.5388984900699334,0.6848807837542172,0.8365867452388251,0.9458653519589626,1.0190647914958162,1.1097559314576038,1.2069552021089958,1.3019972910420226,0.5207989164688889,5108.952505819454
weak,10017,max-exp-cap-V,1.4423060322322714,13.484085121891217,2245.1669649311925,7685.928519477993,2.49999999975,0.0,0.18374057566924662,0.326507533473225,0.5076206975489191,0.700218779562757,0.842689966590627,0.9826401038493859,1.0981785052219433,1.2235200103357928,1.3548187843650301,1.4423060322322714,0.5769224129506008,5393.634049295851
weak,10017,max-exp-cap,1.5357622816017074,14.3236043332055,2390.6457184422493,8164.454469927134,2.49999999975,0.0,0.17266265485761184,0.36457520899350293,0.5490289231749964,0.7469835286789789,0.8893731488193117,1.0275556296219754,1.160990289682624,1.3192699717097103,1.4353505216869884,1.5357622816017074,0.6143049127021134,5729.441733855144
weak,10017,rolling-lp-V,1.2801040754202029,12.478152559992518,1992.6751449267915,7112.546959195734,2.499999997500006,0.0,0.16086824157139346,0.3498682454407312,0.5277895990415692,0.6903339713362547,0.8030415840039945,0.8929773759866801,1.006929335373743,1.1103840144140558,1.1937286412934247,1.2801040754202029,0.5120416306801215,4991.261028988256
weak,10017,ppo-s0,1.3659395325014305,12.876629254923293,2126.2909853599585,7339.678675306276,2.4971087690000444,0.0,0.16742144352198535,0.34962643939740734,0.5166952725620518,0.67037136578393,0.7993760112230613,0.9222571805778514,1.0379291955207013,1.1662251693636325,1.2761668144374447,1.3659395325014305,0.5470084240857537,5156.615288359938
weak,10017,ppo-s1,1.3845254493213073,12.756073818237084,2155.2227692701754,7270.962076395137,2.497396727533486,0.0,0.15652248526435195,0.3381274915730601,0.4999726263004064,0.6541231616965673,0.7857526474609979,0.9129665675399831,1.031461064334652,1.154951789074514,1.276159751282887,1.3845254493213073,0.55438746838141,5107.748271471236
weak,10017,ppo-s2,1.37674545126215,12.95373849457163,2143.1120283876635,7383.630941905828,2.497855139534319,0.0,0.17001136847095863,0.3515831160579223,0.5178398040501312,0.67242088755477,0.8062494808110434,0.9275993029867586,1.04428595026345,1.1706367509557232,1.2841716580534583,1.37674545126215,0.5511710545067157,5185.944648890498
weak,10017,ppo-s3,1.3827942603620356,12.990840895521284,2152.527912440523,7404.779310447131,2.4964694956623465,0.0,0.16711221649271116,0.34899619289268613,0.5135875147159068,0.6690600036261087,0.8066613205571864,0.9392353580124326,1.052131725693146,1.1763408148548362,1.2894591236739519,1.3827942603620356,0.5538999225765272,5203.685011210057
weak,10017,ppo-s4,1.4003461170303142,13.079793676744432,2179.850025698162,7455.482395744325,2.4973355764165643,0.0,0.16940878670920767,0.35035720686450883,0.5243585694230732,0.6742229913014566,0.8067365758599316,0.9385292273932131,1.0567898836630725,1.1826297798943726,1.2991430862603928,1.4003461170303142,0.5607360621673744,5237.499437505581
weak,10017,residual-s0,1.4454703764504666,13.713917253239549,2250.0927441663853,7816.932834346542,2.49999999975,0.0,0.18399370069742632,0.35826434581290956,0.5528827011761805,0.7329505465349561,0.87303598616048,0.9879577658708013,1.102221444211032,1.2288586562610453,1.344250729755478,1.4454703764504666,0.5781881506380054,5485.566901844377
weak,10017,residual-s1,1.4360357804822654,13.6381900961533,2235.406371980522,7773.768354807381,2.49999999975,0.0,0.18399370069742632,0.3599057459127765,0.5488864353819383,0.7076281786766477,0.8739449672374509,0.9927789320306388,1.1132248665103048,1.2192445640033784,1.3255955928912104,1.4360357804822654,0.5744143122503476,5455.276039006848
weak,10017,residual-s2,1.3873841414173154,13.44795289934682,2159.67275485814,7665.333152627686,2.49999999975,0.0,0.18374057566924662,0.35372300253801586,0.5457177797853174,0.7214242346665101,0.8852994699756432,0.9912214964671611,1.0856537463244564,1.184810065294837,1.3000549635592251,1.3873841414173154,0.5549536566224215,5379.181160276646
weak,10017,residual-s3,1.454614372690226,13.735945199320676,2264.3267540271004,7829.488763612785,2.49999999975,0.0,0.18399370069742632,0.35879305349904816,0.5520392399917422,0.7356844527793883,0.8637839212748607,0.983603135493185,1.1121439641545592,1.2351695213645946,1.3442117492545282,1.454614372690226,0.581845749134275,5494.378080277708
weak,10017,residual-s4,1.4326177233201856,13.580827186911662,2230.0856502660945,7741.071496539646,2.49999999975,0.0,0.18399370069742632,0.35870065789132344,0.5633808773337883,0.7199702163752483,0.8806432179879616,1.0039865561976264,1.0948643149373298,1.180111265523653,1.3061200253932879,1.4326177233201856,0.573047089385379,5432.330875307898
weak,10017,hybrid-s0,1.3922367594039018,13.405412052737564,2167.2265869530193,7641.08487006041,2.49999999975,0.0,0.16435888316450525,0.3534362846447249,0.534665135226036,0.7012391255963706,0.8494569302060091,0.9919037931131066,1.0957329456640303,1.211856016615172,1.316815158059854,1.3922367594039018,0.5568947038172501,5362.164821631242
weak,10017,hybrid-s1,1.43280357383348,13.54375570209984,2230.374954632532,7719.940750196909,2.4999999997500004,0.0,0.16072337810648465,0.35365999328150444,0.5336777713466948,0.6998586860420999,0.8541878286608342,0.9997650342242037,1.1060655951865423,1.228863481661796,1.3309683135748573,1.43280357383348,0.573121429590704,5417.502281381686
weak,10017,hybrid-s2,1.4334186325706466,13.70662218454704,2231.3323863615265,7812.774645191813,2.49999999975,0.0,0.16072337810648465,0.35365999328150444,0.5336777713466948,0.6960550048319968,0.8749606149488888,1.030063638584331,1.1167883927783595,1.24387571582821,1.3619767235184932,1.4334186325706466,0.5733674530855954,5482.648874367082
weak,10017,hybrid-s3,1.4216861587619962,13.484399526325783,2213.069020596264,7686.107730005695,2.49999999975,0.0,0.16072337810648465,0.34710377622819527,0.5321321155841575,0.715338101331329,0.8604124912218998,0.9948525840608426,1.1161885913263436,1.2025791756595166,1.311426591485941,1.4216861587619962,0.568674463561666,5393.759811069689
weak,10017,hybrid-s4,1.3145354680190215,12.806555875382939,2046.2728027690732,7299.736848968275,2.49999999975,0.0,0.17528994797839548,0.3510193197303809,0.525877686538495,0.6832048704920144,0.8266734679446399,0.9298909562902311,1.0483306213825636,1.1397257879456408,1.2324448232878353,1.3145354680190215,0.52581418726019,5122.622350665438
weak,10018,max-exp-cap-V,1.496190565451089,13.655028082117802,2329.046371381698,7783.366006807147,2.49999999975,0.0,0.19443608393137954,0.32509524421472247,0.4882875706739549,0.6809773699873121,0.8298950531246718,0.9865205153958387,1.1179896995667533,1.2590642261726397,1.393599238290299,1.496190565451089,0.5984762262402832,5462.011233393322
weak,10018,max-exp-cap,1.5093097993527267,13.757905507531152,2349.4684384762763,7842.0061392927555,2.49999999975,0.0,0.1935979447638741,0.33065144351679815,0.49907089820727657,0.6830346773907128,0.8367367067196009,1.0003360051909636,1.1288125473890667,1.2563863152743258,1.4002081807703146,1.5093097993527267,0.6037239198014631,5503.162203562777
weak,10018,rolling-lp-V,1.292615653711172,12.38276287906823,2012.151304375808,7058.174841068891,2.4999999975000056,0.0,0.18949596711250014,0.329052923622678,0.4987597293061048,0.6618961999596232,0.7888307831438468,0.9009257469412586,0.9849147629547078,1.1092317652933978,1.199022763061232,1.292615653711172,0.5170462620015139,4953.105156580386
weak,10018,ppo-s0,1.3603590381247708,12.36098820398687,2117.604103836577,7045.763276272516,2.497803301712609,0.0,0.19255107918492914,0.31966150534326165,0.47025502807081965,0.5949629007466832,0.72381298962625,0.8719559871216611,1.009403333760829,1.1385964924243783,1.2591997849397871,1.3603590381247708,0.5446221634794245,4948.743640266473
weak,10018,ppo-s1,1.383838276360077,12.365189474137265,2154.1530808703005,7048.1580002582405,2.4964609900370873,0.0,0.18654229010692028,0.324991151442706,0.46598956153474225,0.5946554209381587,0.7227020644591304,0.8738011587235744,0.9997700933260532,1.131716149915184,1.2594508886422164,1.383838276360077,0.5543200081566341,4953.0873999171
weak,10018,ppo-s2,1.365902743424701,12.380488914665348,2126.2337176110223,7056.878681359248,2.498004977689319,0.0,0.1985229888949005,0.32270757576929143,0.48216460208700757,0.6080598262756857,0.7311592590418505,0.8703320284909951,0.9962761585204494,1.1264097741000503,1.2517505328570273,1.365902743424701,0.5467974466120462,4956.150618289572
weak,10018,ppo-s3,1.3938665148574367,12.604440388575062,2169.763547225958,7184.5310214877845,2.496340108665337,0.0,0.19173911110550051,0.31829484567466204,0.4747027012100351,0.6089648561284511,0.7435994679774435,0.8953818292816396,1.0252855098852884,1.160008713184707,1.2853094416800874,1.3938665148574367,0.5583640266080028,5049.167917793861
weak,10018,ppo-s4,1.3723893348950602,12.354268629546821,2136.3310759793535,7041.933118841687,2.4973268546772083,0.0,0.1902796320450226,0.31531487117149737,0.4707010268550167,0.5950307119404125,0.7224340288868181,0.8729573689295462,1.0027592236724718,1.1369467775701392,1.2576284765116417,1.3723893348950602,0.5495433376390966,4946.997068649098
weak,10018,residual-s0,1.4748668084525816,13.471745666794664,2295.852726127943,7678.895030072958,2.49999999975,0.0,0.19509179083778522,0.32138958530996553,0.4900186372404397,0.6829974399467786,0.808384469358931,0.9511801961649784,1.1068644059230364,1.243907433661514,1.3796132967853914,1.4748668084525816,0.5899467234400273,5388.698267256736
weak,10018,residual-s1,1.4466436591025187,13.162548359667042,2251.919135647836,7502.652565010213,2.49999999975,0.0,0.19509179083778522,0.3190722882001779,0.4864980533483182,0.646570419216248,0.7840362247081071,0.9419878907074188,1.086252580296835,1.216329764156125,1.333201559253257,1.4466436591025187,0.5786574636988733,5265.0193443933185
weak,10018,residual-s2,1.4699897108181568,13.258357478013718,2288.260787767533,7557.263762467818,2.49999999975,0.0,0.19443608393137954,0.32039704028018595,0.48591635580501347,0.6568985889036967,0.7837419834494841,0.9561247007413991,1.0908493039344982,1.2276488953169677,1.3312298040344486,1.4699897108181568,0.5879958843860623,5303.342991735821
weak,10018,residual-s3,1.4232875254415298,13.277507530266409,2215.5617894589623,7568.179292251852,2.49999999975,0.0,0.19509179083778522,0.31993807866589064,0.48526368284834803,0.6763440743538607,0.8190548639688492,0.9792593190337926,1.0856071484589345,1.217661553574901,1.3280265154944848,1.4232875254415298,0.5693150102335435,5311.003012637663
weak,10018,residual-s4,1.4086160849138853,13.156791009366572,2192.7234785426313,7499.370875338946,2.49999999975,0.0,0.19509179083778522,0.32138958530996553,0.4873833739894534,0.6586831605715024,0.7970174106980046,0.9630152313773853,1.094979689348443,1.220794847103964,1.3050145062153835,1.4086160849138853,0.5634464340218988,5262.716404272901
weak,10018,hybrid-s0,1.3931658909337707,12.45433536290271,2168.6729203734717,7098.971156854544,2.49999999975,0.0,0.1922675924399825,0.32923549902873434,0.46996396821296166,0.6076281398871837,0.7274786202919172,0.8703241588206483,0.9991426920775475,1.145397285106067,1.2661209553803343,1.3931658909337707,0.5572663564292349,4981.734145659258
weak,10018,hybrid-s1,1.3872913051634366,12.85396577127854,2159.528241221159,7326.760489628768,2.49999999975,0.0,0.19338396810785957,0.32963506453035174,0.4782998681187953,0.6334417912470879,0.7650053576840578,0.9229131861316688,1.0606329526126785,1.1912373175569555,1.2956084830871726,1.3872913051634366,0.5549165221208663,5141.586309025575
weak,10018,hybrid-s2,1.3658736993059832,12.634717368528408,2126.1885060578475,7201.788900061192,2.4999999997500004,0.0,0.19338396810785957,0.32963506453035174,0.47959372333272676,0.6503874228485924,0.7713811363197224,0.9373845992096135,1.0183965568744744,1.1172309590381841,1.2533359386309677,1.3658736993059832,0.5463494797770282,5053.8869479167515
weak,10018,hybrid-s3,1.4527875902181,13.246509242742988,2261.483091470836,7550.510268363502,2.49999999975,0.0,0.19338396810785957,0.33077804796338395,0.49041319370372877,0.6552758203152962,0.7894469716196313,0.9494594438136609,1.086876338326742,1.2213429661748891,1.339856763777485,1.4527875902181,0.5811150361453515,5298.603697627055
weak,10018,hybrid-s4,1.3757826529206454,12.409206143640507,2141.6132874950035,7073.247501875088,2.49999999975,0.0,0.1876536775121406,0.3339980021834724,0.46981109872957305,0.6143662381469752,0.7434978744122658,0.888241205878491,1.0105860760950978,1.117348422969272,1.230448326314029,1.3757826529206454,0.5503130612232895,4963.682457952571
weak,10019,max-exp-cap-V,1.4719154351904136,13.236382268988452,2291.2584683204336,7544.737893323417,2.49999999975,0.0,0.1487648214623218,0.3148298397829939,0.473438813015389,0.643848660616583,0.8129911677001225,0.9597904836392128,1.1018322153900761,1.2263073994242117,1.3493966512628766,1.4719154351904136,0.5887661741350421,5294.552908124836
weak,10019,max-exp-cap,1.45090179151891,13.482174356117834,2258.5475612523437,7684.839382987165,2.49999999975,0.0,0.17236904980086964,0.35835625175252217,0.5197068765280332,0.6750318337589194,0.8378873009348826,0.9772594887901038,1.1029529990142515,1.2218337282483958,1.3447141834002299,1.45090179151891,0.5803607166656001,5392.8697429864205
weak,10019,rolling-lp-V,1.2965284924624096,12.605976225377917,2018.2422282900518,7185.406448465412,2.4999999975000056,0.0,0.16806237420158557,0.3538557916970691,0.519591357226412,0.6603059527637685,0.8185648878350789,0.9152330911310453,1.0167335969364308,1.1179649672251424,1.231299108438539,1.2965284924624096,0.5186113975035741,5042.3904951935465
weak,10019,ppo-s0,1.4137472507310065,13.122200663248782,2200.7109123650876,7479.654378051804,2.4974413101880235,0.0,0.17707420593720816,0.3647145760254862,0.5116099067176307,0.6704165195715832,0.8082359515477232,0.9282458443784878,1.0593421609472482,1.1775942356503157,1.318784024523121,1.4137472507310065,0.5660782677710134,5254.257871733874
weak,10019,ppo-s1,1.3821707194411057,12.699929148440358,2151.557276912647,7238.959614611003,2.4969569326040912,0.0,0.16116981916568426,0.3486413977910748,0.504699765863016,0.6474295083245936,0.7746625112000315,0.8932159999495128,1.0230962555365355,1.1414600474215528,1.2819494038548305,1.3821707194411057,0.5535420741116395,5086.162673697189
weak,10019,ppo-s2,1.4431675087137597,13.385286237089419,2246.507983060548,7629.613155140968,2.4968041740718125,0.0,0.1800666232061806,0.36678463013995344,0.5364432435544426,0.692671824589898,0.827446952357691,0.946780888862873,1.0749793039543072,1.1935902281113138,1.3368409076524728,1.4431675087137597,0.5780058859643077,5360.967582515918
weak,10019,ppo-s3,1.400913604722051,13.053298735270278,2180.733405917075,7440.380279104058,2.496458072157502,0.0,0.1762658207059211,0.36329978556427095,0.5076167985479545,0.6595179029825242,0.804288876638452,0.9285269428474128,1.0570315233146197,1.1724627754852397,1.3155777160459072,1.400913604722051,0.561160477857073,5228.727404177587
weak,10019,ppo-s4,1.397150396708553,13.001694267410292,2174.8754048235114,7410.965732423866,2.497229533375748,0.0,0.1656266735506609,0.3528270474886588,0.4990966369817022,0.6596265020150086,0.8020003000697388,0.9269538521901508,1.0590547429128847,1.1783137861558342,1.311700850991759,1.397150396708553,0.559480167135413,5206.44742249009
weak,10019,residual-s0,1.436693156891935,13.301904712027506,2236.4296775519697,7582.085685855678,2.49999999975,0.0,0.1507584397165064,0.3306064499289926,0.4868721235175476,0.6582755552748796,0.8313197926664271,0.9818554742317447,1.094592421474221,1.2156585017120287,1.3585755039030254,1.436693156891935,0.5746772628142417,5320.761885343079
weak,10019,residual-s1,1.4788389067053855,13.496898356725469,2302.0358963978847,7693.232063333517,2.49999999975,0.0,0.1507584397165064,0.3384288415858141,0.49525637002167266,0.6785588165783871,0.8406306850097922,0.9811174032777616,1.0897399121808427,1.22312663062167,1.3940162666962022,1.4788389067053855,0.5915355627413078,5398.759343230064
weak,10019,residual-s2,1.4752383621961807,13.521187240535417,2296.4311055926214,7707.076727105187,2.49999999975,0.0,0.1487648214623218,0.3322688754801184,0.490847315967009,0.6701588142514661,0.8365871584424293,0.9826644092591155,1.1267669063678978,1.2391485799316442,1.3836303245512722,1.4752383621961807,0.5900953449374818,5408.474896755014
weak,10019,residual-s3,1.4986013846621673,13.497390202469553,2332.799175245908,7693.512415407645,2.49999999975,0.0,0.1507584397165064,0.3306064499289926,0.48672358119382586,0.6580891071215863,0.8232303752899188,0.9781474163507535,1.1049023772050728,1.2431959855844543,1.3965331194069943,1.4986013846621673,0.599440553924811,5398.956081527716
weak,10019,residual-s4,1.392540560037988,12.978677935706642,2167.699498479653,7397.846423352786,2.49999999975,0.0,0.1507584397165064,0.3306064499289926,0.4665198368516193,0.6457038712726988,0.8015776835676128,0.9505505399332803,1.0925025696435176,1.191416712272161,1.315388323904882,1.392540560037988,0.5570162240708969,5191.471174801804
weak,10019,hybrid-s0,1.5048919476160754,13.773769797939575,2342.5913856501556,7851.048784825558,2.4999999997500004,0.0,0.17228388000927375,0.3562461093756845,0.5192771961246517,0.6843816971168619,0.8445624078106562,0.9873598721310222,1.1144868819193205,1.264447098128868,1.4003987246301368,1.5048919476160754,0.6019567791066257,5509.5079197267805
weak,10019,hybrid-s1,1.407834367602528,13.628033576467864,2191.5066175962356,7767.979138586682,2.4999999997500004,0.0,0.17500049254711186,0.3705387448771776,0.5426992063434375,0.7068645530943126,0.860716709456493,1.0057224732499566,1.1219248265014101,1.2236541802606529,1.3397586129065897,1.407834367602528,0.5631337470973244,5451.213431132266
weak,10019,hybrid-s2,1.5343229554150342,14.018777231332088,2388.405190056552,7990.703021859289,2.49999999975,0.0,0.17500049254711186,0.3705387448771776,0.5391755081623669,0.7022337682278735,0.862939793873987,0.9922390395835696,1.141716307207399,1.2662824483990232,1.421280707506014,1.5343229554150342,0.6137291822273866,5607.510893093586
weak,10019,hybrid-s3,1.427255167094651,13.361026023702445,2221.738022359053,7615.784833510393,2.49999999975,0.0,0.17500049254711186,0.35432064761397486,0.5124505408889743,0.6778097712096798,0.845068114706437,0.9794235204719457,1.0990912562594426,1.1953420658274816,1.3174256570250753,1.427255167094651,0.5709020668949506,5344.410410015419
weak,10019,hybrid-s4,1.4483624089767935,13.239071459649997,2254.59462916479,7546.270732000497,2.49999999975,0.0,0.18467149289434018,0.3567928006818944,0.5163453645290295,0.68031324557377,0.8440095538716413,0.9473223099674841,1.0623005266936363,1.1661897537728891,1.2985355795084117,1.4483624089767935,0.5793449636486518,5295.628584389561
weak,10020,max-exp-cap-V,1.4474979779839674,13.18720025862869,2253.249011892739,7516.704147418353,2.49999999975,0.0,0.1664435437876243,0.32178716331805335,0.4900292561738385,0.664172121772566,0.8080720233752114,0.9429998987237649,1.0842356810435947,1.2131532462587333,1.33312981558032,1.4474979779839674,0.5789991912514869,5274.880103978964
weak,10020,max-exp-cap,1.4996692783999095,13.817350411059033,2334.4615129803797,7875.889734303648,2.49999999975,0.0,0.17202986316866092,0.3537328515711314,0.5342535104433959,0.7207463226693226,0.8424889842358755,0.9744644464712746,1.127211463313581,1.2680863890495417,1.3836491005395934,1.4996692783999095,0.5998677114199505,5526.940164976308
weak,10020,rolling-lp-V,1.3656892790866046,12.51958376129739,2125.901428159703,7136.1627439395115,2.4999999975000056,0.0,0.16340881747588648,0.30644093541977496,0.4787293680214117,0.6477618769996651,0.7682371087182687,0.8954398727510411,0.9998910668662435,1.158465153192742,1.2585772078860022,1.3656892790866046,0.5462757121809163,5007.8335095267785
weak,10020,ppo-s0,1.3383148959182751,12.351953521089598,2083.2890703095595,7040.61350702107,2.4972581311762743,0.0,0.17047416208495472,0.3474024835473996,0.5039985219940805,0.6251649252642025,0.746698446399828,0.8632260163043344,0.9793390800964578,1.1254895128579212,1.2348461712276604,1.3383148959182751,0.5359137204161964,4946.206147808798
weak,10020,ppo-s1,1.3730882421456734,12.547797928655443,2137.4190305712086,7152.244819333602,2.4967631753020854,0.0,0.1708748048043224,0.34611925321540155,0.5119738677507254,0.639608057063367,0.7628575635394083,0.8775451713320415,0.993615941444336,1.1329022282360959,1.2521804733893833,1.3730882421456734,0.5499473300985154,5025.62599960538
weak,10020,ppo-s2,1.3472732326929238,12.362304091622937,2097.2340731991617,7046.513332225073,2.4978375750331154,0.0,0.16440634230811174,0.3442734671428862,0.5028222912980906,0.6237322702311566,0.7442556585843199,0.8673920308436216,0.9839634917939817,1.1273534552771636,1.236131231703118,1.3472732326929238,0.5393758369877442,4949.20254831183
weak,10020,ppo-s3,1.3702082896987506,12.577650106569262,2132.9359500391274,7169.260560744479,2.4962370839261694,0.0,0.171949071278379,0.3481178548374735,0.5080983713077599,0.6352738038603187,0.7554347877447299,0.8799941131766706,1.0057845612969791,1.1496294518541044,1.255452480210107,1.3702082896987506,0.5489095160559184,5038.64404048781
weak,10020,ppo-s4,1.3671146302316897,12.5520996480341,2128.1202022845114,7154.696799379436,2.4971528206964573,0.0,0.17703066201905893,0.35303661259509683,0.513437318082717,0.6326398256823813,0.7506490104990038,0.8745188333067345,0.9942761953552306,1.1461455233478932,1.254680436972607,1.3671146302316897,0.5474693494531107,5026.564471345936
weak,10020,residual-s0,1.4125964939280005,12.83747747822266,2198.919585766543,7317.3621625869155,2.49999999975,0.0,0.16605324891388176,0.33711979265012343,0.5089733084522935,0.6580570852123457,0.7735236033202515,0.9058409321198141,1.0291935407420612,1.1778888740251938,1.2776102562940568,1.4125964939280005,0.565038597627704,5134.990991802563
weak,10020,residual-s1,1.3452828920317317,12.474415394352471,2094.1358076427514,7110.416774780908,2.49999999975,0.0,0.16605324891388176,0.33789470835114577,0.5012882782948112,0.6251771386061292,0.7451279135425364,0.8829885440836786,1.0039723162839538,1.1532440516358364,1.2525952189975116,1.3452828920317317,0.538113156866504,4989.766158239965
weak,10020,residual-s2,1.3665922300910984,12.590421815214226,2127.3070076420986,7176.540434672108,2.49999999975,0.0,0.1664435437876243,0.33711660212576955,0.5043080184632462,0.6424522307496349,0.7666309400612933,0.9045452833559997,1.0038669518547862,1.1510670940633925,1.2451244976339928,1.3665922300910984,0.5466368920911031,5036.168726589307
weak,10020,residual-s3,1.3882257281908676,12.934416219589794,2160.9828116559875,7372.617245166181,2.49999999975,0.0,0.16605324891388176,0.33678198836823126,0.5078828782034903,0.6841301760064484,0.8017145247619576,0.9374662310130044,1.0265838614673528,1.1835291407025705,1.2767632706677592,1.3882257281908676,0.5552902913318761,5173.766488353294
weak,10020,residual-s4,1.3830351791114988,12.612831814632935,2152.9029388256586,7189.314134340772,2.49999999975,0.0,0.16605324891388176,0.33711979265012343,0.5087143985543895,0.6192558850257778,0.7416548832890496,0.8791543123961924,1.003652886140016,1.1691744063568197,1.2947286909153082,1.3830351791114988,0.5532140716999209,5045.132726357687
weak,10020,hybrid-s0,1.3610018572754503,12.796659375832583,2118.6047488378995,7294.095844224572,2.4999999997500004,0.0,0.176909576400192,0.36062078165084505,0.5281769271329126,0.6542932168098072,0.7673013981134719,0.8981147691235619,1.0166153618124303,1.1760617223208274,1.281539780167897,1.3610018572754503,0.5444007429646202,5118.6637508448985
weak,10020,hybrid-s1,1.3902559678076467,12.815619047413245,2164.143185957017,7304.90285702555,2.4999999997500004,0.0,0.17563018242171632,0.36016182571249883,0.5249420826614152,0.6524335866438112,0.7631270201955183,0.8946787008085799,1.0154134907168282,1.1760459947777944,1.2801263230674382,1.3902559678076467,0.5561023871786688,5126.247619477922
weak,10020,hybrid-s2,1.376965648156676,12.85848353344519,2143.4547980789234,7329.335614063757,2.49999999975,0.0,0.17563018242171632,0.36016182571249883,0.5265845754846847,0.6619953598763867,0.7741067095340355,0.9098801553832715,1.0326510988279005,1.1731375029379214,1.269238468000369,1.376965648156676,0.550786259317749,5143.393413892415
weak,10020,hybrid-s3,1.421667403372667,13.107036434739301,2213.039825002822,7471.010767801401,2.49999999975,0.0,0.17563018242171632,0.3593355457725704,0.5313058007642663,0.6790744522842644,0.7975388116898563,0.9285900951214988,1.0234136930783122,1.191040850192218,1.3124262681688432,1.421667403372667,0.5686669614059335,5242.814574420002
weak,10020,hybrid-s4,1.3119315409330756,12.249651482888401,2042.219397360093,6982.301345246388,2.49999999975,0.0,0.1851115560792748,0.3453588262916691,0.5110682040982001,0.6297475882442038,0.7466284008622274,0.8692843977162634,0.9822706475009418,1.0878055424687418,1.2000281912397344,1.3119315409330756,0.5247726164257075,4899.860593645347
weak,10021,max-exp-cap-V,1.51160380404172,14.109584918092711,2353.039402911025,8042.463403312844,2.4999999997500004,0.0,0.166429498327136,0.3382967548829025,0.5136763301420907,0.7238078230412415,0.8860245045722348,1.0521288907276074,1.1910677592182524,1.2920242439075793,1.389005450675808,1.51160380404172,0.604641521677152,5643.833967801466
weak,10021,max-exp-cap,1.5324730459541107,14.436473553904545,2385.5255268526544,8228.78992572559,2.49999999975,0.0,0.19876557477616597,0.3972147412852958,0.5660893676528317,0.7397977284971559,0.8854831848335536,1.0375301845771085,1.1842295626597832,1.3040448273425294,1.4284316702553774,1.5324730459541107,0.6129892184429432,5774.589422139277
weak,10021,rolling-lp-V,1.301041795809601,12.679692962773775,2025.2678659504202,7227.424988781051,2.499999997500005,0.0,0.1730995299671705,0.35254400418259463,0.5052505036332894,0.6822833687346374,0.8140109460442614,0.9236971271713963,1.0250709033049281,1.1562164936134647,1.2122809333062972,1.301041795809601,0.520416718844256,5071.877190181377
weak,10021,ppo-s0,1.3558833132249473,13.000578344637907,2110.6369626996498,7410.329656443606,2.4974229025555705,0.0,0.1981950823279709,0.3870052716887795,0.5313074771138034,0.6805874799081479,0.8078914697693964,0.9298922030057207,1.0427834193182888,1.1601730750898573,1.2579151234740402,1.3558833132249473,0.5429129811524892,5205.597470630479
weak,10021,ppo-s1,1.3405513788102308,12.526619639746928,2086.7704933879068,7140.173194655748,2.49760130441158,0.0,0.19388836885653082,0.37381264021344635,0.5074787944645691,0.660341567603164,0.7732100876411788,0.8727206566924264,0.9889892160694445,1.1125303832403477,1.2236374749055976,1.3405513788102308,0.536735537590559,5015.460080686547
weak,10021,ppo-s2,1.3631886777556708,12.899294182676309,2122.00886487895,7352.597684125495,2.498330660311466,0.0,0.18819098701962406,0.37514294318467817,0.5154885516850192,0.6597792047438065,0.7968719560735956,0.9245494469956179,1.0433944123449037,1.1634003781642528,1.2565619252738391,1.3631886777556708,0.5456398143813848,5163.165303774545
weak,10021,ppo-s3,1.3794258060885827,13.02202746558347,2147.2844051066922,7422.555655382577,2.495899545165793,0.0,0.19782943375503403,0.3873685571084822,0.5169455253807133,0.6690133327108688,0.8046255324527665,0.928550173460458,1.0474646466924713,1.169219232453006,1.2649706930426392,1.3794258060885827,0.5526768129592141,5217.3684196566755
weak,10021,ppo-s4,1.3862600448074718,13.050275658385143,2157.922928872939,7438.65712527953,2.497627905665258,0.0,0.18955467276357327,0.37597114531203524,0.5283108787679052,0.6742545001737328,0.8115940378043482,0.9337344396488628,1.0509788935965738,1.1694392671959164,1.2634618276859788,1.3862600448074718,0.5550306519490273,5225.068005039416
weak,10021,residual-s0,1.4518383999012598,13.589487661882432,2260.0055335218453,7746.007967272985,2.49999999975,0.0,0.1687261416819457,0.3493474302876085,0.5250198390907534,0.7002349225505231,0.8385610444940964,1.0045155173918188,1.1137913256150556,1.2366950253319502,1.3412224399933612,1.4518383999012598,0.5807353600185775,5435.795065296552
weak,10021,residual-s1,1.4416940498927617,13.717224008421919,2244.214322079341,7818.817684800493,2.49999999975,0.0,0.1687261416819457,0.36074783151324186,0.5392861229087508,0.7038088160449854,0.8534353565873349,1.0076968221998026,1.1412765439958736,1.2652572014420458,1.3300816420614265,1.4416940498927617,0.5766776200147724,5486.889603917457
weak,10021,residual-s2,1.4018096163566884,13.428421500360963,2182.1281832232257,7654.200255205749,2.4999999997500004,0.0,0.166429498327136,0.3409601011475288,0.5210338167280499,0.7000296204926885,0.853352324582104,0.9873764194906761,1.099557090622958,1.2341089169348793,1.321825006580506,1.4018096163566884,0.5607238465987476,5371.3686006815215
weak,10021,residual-s3,1.4774084379772967,13.803170832348432,2299.8091559829527,7867.807374438605,2.49999999975,0.0,0.1687261416819457,0.3493474302876085,0.5228498648331749,0.7175494078317539,0.8547660245588273,1.0131769890407107,1.1348465140031632,1.2682539968507454,1.3602983733893361,1.4774084379772967,0.5909633752500151,5521.268333491499
weak,10021,residual-s4,1.4302363839158825,13.413981173233813,2226.3787361692607,7645.969268743273,2.49999999975,0.0,0.1687261416819457,0.3493474302876085,0.5222280817757208,0.6778442336962428,0.8367260447678477,0.996264497884512,1.094058410793813,1.2220445895156256,1.319730061502237,1.4302363839158825,0.5720945536235624,5365.592469830084
weak,10021,hybrid-s0,1.416023152133488,13.84461483260465,2204.2536963028238,7891.43045458465,2.49999999975,0.0,0.20259325226478306,0.4012116529827727,0.5720754176381074,0.7163426995601921,0.8712884209025592,1.025505576985319,1.1294145434284997,1.2303297522962744,1.3290625369059217,1.416023152133488,0.5664092609100362,5537.845933595644
weak,10021,hybrid-s1,1.4145155584930187,13.640381615144344,2201.906899324596,7775.017520632276,2.49999999975,0.0,0.20222808047285853,0.40081146186687866,0.5571014663618351,0.7114173433801616,0.8626028978134896,1.0020553492149316,1.093928987470697,1.2211405470415522,1.2968449140249794,1.4145155584930187,0.5658062234537881,5456.152646603353
weak,10021,hybrid-s2,1.4245612453849086,13.78467162031502,2217.5445267390814,7857.262823579561,2.49999999975,0.0,0.20222808047285853,0.40081146186687866,0.5661170147324199,0.7234766015143826,0.8787874082243297,1.0023809875968266,1.1086695019915174,1.2293139149647372,1.3189929811226309,1.4245612453849086,0.5698244982109459,5513.868648677395
weak,10021,hybrid-s3,1.446569173593069,13.855412141730818,2251.803187713455,7897.584920786566,2.49999999975,0.0,0.20222808047285853,0.4012891292973957,0.5576106754478456,0.7162118531759448,0.8711288456929767,1.0074711086572523,1.1182596588133582,1.2440919231012884,1.3359228000419998,1.446569173593069,0.5786276694950904,5542.164857246544
weak,10021,hybrid-s4,1.4183828386529007,13.35756806268269,2207.926904417179,7613.813795729133,2.49999999975,0.0,0.21645421864710285,0.3807877162346918,0.5232979844918183,0.67584167914112,0.8293050399271243,0.9581104972969487,1.0856882003398678,1.2007536626297999,1.2923439855304728,1.4183828386529007,0.5673531355178956,5343.0272256073795
weak,10022,max-exp-cap-V,1.4843039027986558,13.845804296458954,2310.5429874159386,7892.108448981604,2.49999999975,0.0,0.17918769705801946,0.3655696461883201,0.548466286044516,0.7386919442971432,0.8724250403020144,0.9858439803243142,1.11360905009376,1.239146042756322,1.367367532522779,1.4843039027986558,0.5937215611788345,5538.321719137414
weak,10022,max-exp-cap,1.4978253887103583,13.904931774072335,2331.5912204589304,7925.81111122123,2.49999999975,0.0,0.1751769707017742,0.35443698113676275,0.545116707801026,0.7261346276852805,0.866139658292054,0.9998675513878393,1.1333175948861591,1.256636547412299,1.3779428697282006,1.4978253887103583,0.5991301555440564,5561.972710185131
weak,10022,rolling-lp-V,1.320810425159293,12.758525440251464,2056.0407203696755,7272.359500943334,2.4999999975000056,0.0,0.16177790714908677,0.33930773237069983,0.5240812838375916,0.7096115060386555,0.805234829082993,0.9156304516205598,1.0304352021445446,1.149558988949713,1.2396896412423093,1.320810425159293,0.5283241705920402,5103.410181203984
weak,10022,ppo-s0,1.4025130948783175,13.340433907792427,2183.2232536881643,7604.047327441683,2.4976530441186253,0.0,0.18554370504476472,0.36765769789165553,0.5445841140350374,0.697675488326752,0.837837994622751,0.9539603304024452,1.0744530429533383,1.1998090982272014,1.3059241931858163,1.4025130948783175,0.5615323946538131,5341.187775942681
weak,10022,ppo-s1,1.4254751737419855,13.258474744801168,2218.9671941271167,7557.330604536665,2.4974830989819803,0.0,0.17785268616766484,0.35535128587504056,0.5390565523320079,0.6823263549903302,0.8218358276757094,0.948293650900858,1.06378377650129,1.1915384607949586,1.3117940309823737,1.4254751737419855,0.5707646927913287,5308.734521649241
weak,10022,ppo-s2,1.4077384260631658,13.217411188475198,2191.357270113852,7533.9243774308625,2.498123992515517,0.0,0.17786964690028131,0.35765941029553167,0.5345362962310712,0.6932443491921624,0.8266435807540861,0.9506155675719762,1.0632450811967913,1.1869081973254414,1.2924678187947998,1.4077384260631658,0.5635182361967654,5290.9348087105
weak,10022,ppo-s3,1.412026634911218,13.218713422964505,2198.0325142223937,7534.666651089768,2.49626784332313,0.0,0.1850537357636516,0.36719471872579945,0.5384544639451728,0.6877394730347386,0.8233763112134511,0.9419112197729682,1.0577859745769247,1.1833310513846804,1.2948913526817116,1.412026634911218,0.5656550993468203,5295.3906602294865
weak,10022,ppo-s4,1.4476376667768327,13.435074024880223,2253.466458576108,7657.9921941817265,2.4970046533697605,0.0,0.18247447532006839,0.3623488739178595,0.5434279468751675,0.7021203722264049,0.8375996249744947,0.9588676620275399,1.075460233895007,1.2018636101096636,1.318955558815048,1.4476376667768327,0.5797496872195312,5380.4761664137495
weak,10022,residual-s0,1.4489703593119936,13.583370271600508,2255.540995593555,7742.521054812289,2.49999999975,0.0,0.17815249780946898,0.3625762569366834,0.5450419885491643,0.7340332759327838,0.8708582851182679,0.9736615405756148,1.08370140346046,1.2075991499339722,1.3214274878371226,1.4489703593119936,0.5795881437827562,5433.348109183538
weak,10022,residual-s1,1.4157688032237825,13.405418493055782,2203.857763846829,7641.088541041795,2.49999999975,0.0,0.17815249780946898,0.36654607434834463,0.5595984844702413,0.7171138257541758,0.8479620718966789,0.957293708747849,1.0759535399978069,1.1938436928339262,1.299472469902764,1.4157688032237825,0.5663075213461438,5362.16739775853
weak,10022,residual-s2,1.3738225513165463,13.484775017387948,2138.562093593651,7686.32175991113,2.49999999975,0.0,0.17918769705801946,0.3667500144517241,0.5600163918053844,0.7491060343166382,0.8753548294757549,0.9786544284569628,1.0896385003964126,1.204703118269415,1.2854506154800642,1.3738225513165463,0.5495290205815714,5393.910007494571
weak,10022,residual-s3,1.4165645209738766,13.433559182965466,2205.0964185886082,7657.128734290315,2.4999999997500004,0.0,0.17815249780946898,0.3625843338214375,0.544682444411488,0.7335956551594217,0.8630072761604995,0.9589114919374797,1.0795585316717635,1.1976560364335596,1.2950700948437275,1.4165645209738766,0.5666258084462131,5373.423673723528
weak,10022,residual-s4,1.3728561469876217,13.079569606816985,2137.0577394374736,7455.354675885681,2.49999999975,0.0,0.17815249780946898,0.3625762569366834,0.5417622621427761,0.7013426462517973,0.8379732339869799,0.9464928625519649,1.0302444893973328,1.1607763216727651,1.270201563065508,1.3728561469876217,0.5491424588499629,5231.827843249977
weak,10022,hybrid-s0,1.4230023897468798,13.329559294621427,2215.1179327268646,7597.848797934213,2.49999999975,0.0,0.17857117810366796,0.35846552295757445,0.532407679511774,0.7107986659896358,0.8380103614646598,0.9592626514620721,1.0610864764649612,1.1858454766753124,1.3155224535061079,1.4230023897468798,0.569200955955672,5331.823718381754
weak,10022,hybrid-s1,1.3887853486644623,13.080066044434963,2161.853945362798,7455.637645327928,2.49999999975,0.0,0.18437245961083468,0.3663485370523334,0.5297613258251903,0.6926404326676204,0.8226557490669067,0.940296533798813,1.0344569979243605,1.1595253589230814,1.283854451177358,1.3887853486644623,0.5555141395213363,5232.026418297188
weak,10022,hybrid-s2,1.4036505460768147,13.324985138481763,2184.9938681056433,7595.2415289346045,2.49999999975,0.0,0.18437245961083468,0.3663485370523334,0.540424462025119,0.7154498297050528,0.8415744995674548,0.9632997202266829,1.0557487727472887,1.204403805042145,1.2847617639746383,1.4036505460768147,0.5614602184868719,5329.994055925705
weak,10022,hybrid-s3,1.3835955193786307,13.082947050934633,2153.7751929997175,7457.27981903274,2.49999999975,0.0,0.18437245961083468,0.36363835973559006,0.5248998527784289,0.6939466308505566,0.8222255272012444,0.9473675519433618,1.0500371221008205,1.1677833053217184,1.2666816381903483,1.3835955193786307,0.5534382078067961,5233.178820897171
weak,10022,hybrid-s4,1.3894912405485802,13.153636781394136,2162.9527725905964,7497.572965394657,2.49999999975,0.0,0.20263417078931895,0.3845805795586121,0.5475937305349342,0.7072907618107901,0.8414813269152005,0.9389226235045424,1.0292435868148293,1.1572670967942988,1.2514542719088708,1.3894912405485802,0.5557964962750117,5261.4547130838
weak,10023,max-exp-cap-V,1.4457642964430621,13.223975168397425,2250.550274983674,7537.665845986531,2.49999999975,0.0,0.14342902801926713,0.28902489317609564,0.47374674933239574,0.6557830646409649,0.8230670158330827,0.995266550822437,1.1175754766522736,1.2198222688949825,1.3316657627115815,1.4457642964430621,0.5783057186350554,5289.590067887929
weak,10023,max-exp-cap,1.4452537614362708,13.186698558217202,2249.75555021232,7516.418178183804,2.49999999975,0.0,0.15250077419313854,0.3201201353737858,0.5114676199137009,0.6391549146554298,0.808765363885439,0.9681890282722246,1.0894214286545238,1.2035624991512541,1.33276290773004,1.4452537614362708,0.5781015046323185,5274.679423814348
weak,10023,rolling-lp-V,1.3972902010288117,12.784365339371822,2175.0930313426998,7287.088243441938,2.4999999975000056,0.0,0.14190591830336827,0.316635864554747,0.4980366336426605,0.6351431486961916,0.7932889926299637,0.9312980241428297,1.0620818863182002,1.1589750854606211,1.278081888011792,1.3972902010288117,0.5589160809704395,5113.746140862464
weak,10023,ppo-s0,1.375216203457391,12.51123254219274,2140.731523435379,7131.402549049861,2.497516274746,0.0,0.14838735022609215,0.31116389999509086,0.47959745296161044,0.6192013997830652,0.7628664391872616,0.9085542981484813,1.0275459431122869,1.1414780072947595,1.263264829023489,1.375216203457391,0.5506335303449632,5009.469875612781
weak,10023,ppo-s1,1.339494107839017,12.225968796767457,2085.124691592378,6968.80221415745,2.497518141325553,0.0,0.1508992785562242,0.30944321063278013,0.47436561653776815,0.6063185419925036,0.7503530478625094,0.8884714478979507,0.9957276208921537,1.1139561749849667,1.2249919770274378,1.339494107839017,0.5363300813214846,4895.247243440862
weak,10023,ppo-s2,1.3821440101240532,12.461635921284792,2151.515699830556,7103.13247513233,2.4976036098156684,0.0,0.14292749228577423,0.3091986175832044,0.48225502342067605,0.6188198834714305,0.7639508409042998,0.9055094187810444,1.01775890264448,1.1298918267850087,1.2529586999172695,1.3821440101240532,0.5533880575333009,4989.4370236774685
weak,10023,ppo-s3,1.3838399526376879,12.467178346172222,2154.155690249331,7106.2916573181665,2.4961903272468366,0.0,0.14807635015010837,0.3088698923517871,0.47107058631779974,0.606165341696173,0.7595654251114885,0.9051039428168525,1.0218550571516143,1.139258762973124,1.2651698850549158,1.3838399526376879,0.5543807848033723,4994.482275685624
weak,10023,ppo-s4,1.3772480340657154,12.512685792792064,2143.8943743548098,7132.230901891477,2.4973854170755767,0.0,0.14706854843088468,0.3086542132124054,0.4821686119988535,0.6170785148733211,0.766043049664242,0.9102173783613625,1.0239359602852174,1.1391799181649325,1.2666151692913643,1.3772480340657154,0.5514759654833191,5010.314269971331
weak,10023,residual-s0,1.480693560795791,13.689958460113283,2304.9229453334756,7803.276322264571,2.49999999975,0.0,0.14985857644038783,0.31130825433831555,0.5025006977041614,0.6784593047408872,0.8450112440231231,1.0155422085908854,1.1560484291596018,1.2795286847810223,1.3755440486803945,1.480693560795791,0.5922774243775442,5475.9833845929115
weak,10023,residual-s1,1.5334542494647272,13.677475758791273,2387.0529181681445,7796.161182511025,2.49999999975,0.0,0.14985857644038783,0.30587109927896683,0.4984785585859273,0.6761385239725037,0.8429796921557215,1.0095044622344858,1.1355644239093359,1.259722253684151,1.3749042222979333,1.5334542494647272,0.613381699847229,5470.990304063608
weak,10023,residual-s2,1.4465529917162898,13.243715951067335,2251.7779981806075,7548.918092108381,2.49999999975,0.0,0.14342902801926713,0.2996784442875717,0.4879390189067324,0.6720221254597679,0.8357489762276501,0.9819901801599632,1.08651579005167,1.2041071582632221,1.3498429669519378,1.4465529917162898,0.5786211967443781,5297.486380956683
weak,10023,residual-s3,1.4997013904559247,13.674156936963808,2334.5115002408706,7794.269454069369,2.49999999975,0.0,0.14985857644038783,0.31130825433831555,0.5051023011704172,0.6891703218784158,0.8581770179846793,1.0271628836049702,1.1220549024312065,1.2381761227671793,1.383632263884535,1.4997013904559247,0.5998805562423579,5469.662775332489
weak,10023,residual-s4,1.4763736714608968,13.476232286950365,2298.1983857669793,7681.452403561708,2.49999999975,0.0,0.14985857644038783,0.31130825433831555,0.5043315776219042,0.6714088155704144,0.8399192884952829,1.0010305427826411,1.1104035208641267,1.2307337077644838,1.36182833466107,1.4763736714608968,0.5905494686434137,5390.492915319196
weak,10023,hybrid-s0,1.4183303914679999,12.989320557408941,2207.845262460263,7403.912717723096,2.49999999975,0.0,0.15135728995906056,0.3164591203307935,0.502076108166934,0.6278958255081653,0.8017103208461637,0.9630865072448572,1.0875642664503773,1.1837688950311338,1.2921531333764467,1.4183303914679999,0.5673321566439332,5195.728223483149
weak,10023,hybrid-s1,1.4129049945797223,12.919747326751887,2199.3998135797997,7364.255976248575,2.49999999975,0.0,0.14860637999734694,0.31072374128045116,0.4973365471352201,0.6178365594919573,0.7930441194118814,0.9545953621821768,1.0740134668402328,1.173519313999521,1.3171271962258602,1.4129049945797223,0.5651619978884052,5167.8989312175445
weak,10023,hybrid-s2,1.4323144811713118,13.031139824956089,2229.6136081059626,7427.749700224969,2.49999999975,0.0,0.14860637999734694,0.31072374128045116,0.4990161730389702,0.6263057984054324,0.8005759264065248,0.9667527360006508,1.0822390778468431,1.1872776811864978,1.3174547611997585,1.4323144811713118,0.5729257925258173,5212.455930503681
weak,10023,hybrid-s3,1.3826429875381696,12.809025648595332,2152.292433465017,7301.144619699338,2.49999999975,0.0,0.14860637999734694,0.31540581223648045,0.5066852046609369,0.6143754969540061,0.7881700846286152,0.9596099219528491,1.06109007887209,1.1760228677047566,1.2759707092273964,1.3826429875381696,0.5530571950705736,5123.610259950494
weak,10023,hybrid-s4,1.3556052964740741,12.657966240317698,2110.2041876777,7215.040756981088,2.49999999975,0.0,0.15151348612313517,0.31074644142407065,0.4934835507279317,0.6353299602028907,0.8038048465952778,0.9443009871993489,1.0340766640204646,1.156888589683712,1.2457884325501758,1.3556052964740741,0.5422421186438539,5063.186496633398
weak,10024,max-exp-cap-V,1.4726446429473161,13.989810123148397,2292.393590222292,7974.191770194585,2.49999999975,0.0,0.18980608412803032,0.34677005369410563,0.5228082812742895,0.7009345374306497,0.8556472002503113,1.0206864903682757,1.16074975656357,1.3037739463414368,1.4133001634989037,1.4726446429473161,0.5890578572378322,5595.924049818951
weak,10024,max-exp-cap,1.4849290085703006,13.61973695069104,2311.5160588700687,7763.250061893892,2.49999999975,0.0,0.15436490491454596,0.3216571317522604,0.5040828438606035,0.6852509246045184,0.8381964451891387,0.9769511818786037,1.1246160209842322,1.2698885319115787,1.3894473809615497,1.4849290085703006,0.5939716034875174,5447.894780821205
weak,10024,rolling-lp-V,1.3971605322073084,13.066445672691753,2174.891182256643,7447.874033434298,2.4999999975000056,0.0,0.1627509418237528,0.3148437976676261,0.501390845886356,0.6746788454839874,0.8080732068658205,0.9608492591606543,1.0733247744913594,1.2027077272392999,1.2981674717164067,1.3971605322073084,0.5588642134417864,5226.578274303268
weak,10024,ppo-s0,1.3916072907229164,12.859211065880176,2166.2467239721927,7329.7503075517,2.49693006015873,0.0,0.16175440594139065,0.32864495603069444,0.4874613219973253,0.6267629238591087,0.7746591913410935,0.9164741986899054,1.0645716325641823,1.2002208982244413,1.3086620772918716,1.3916072907229164,0.557327300803312,5150.008512878697
weak,10024,ppo-s1,1.3959980376055636,12.547473037451555,2173.0815840032756,7152.059631347385,2.4969228942628368,0.0,0.14434160568244994,0.3107554398441534,0.47445885546084265,0.6030460563706882,0.7538360767788218,0.8825041153622083,1.0280752549544863,1.170187020608984,1.2973544285841128,1.3959980376055636,0.5590873634156421,5025.174412186216
weak,10024,ppo-s2,1.4007171540864933,12.970674531860947,2180.42760086091,7393.284483160739,2.4973992588177154,0.0,0.173623693033135,0.32789837013720513,0.502790286420199,0.6405146648538929,0.7900406351259259,0.9221570546733903,1.062463168868282,1.199685007056615,1.3125335278374335,1.4007171540864933,0.5608703330638457,5193.672772210778
weak,10024,ppo-s3,1.404765939293821,13.024000109793418,2186.7301459466607,7423.680062582248,2.49676381276693,0.0,0.16301458997457743,0.32727807934634817,0.4892613343285875,0.6413459036560057,0.7938021893052682,0.9322694965894857,1.0795167406220096,1.2099966755149716,1.3254292206206153,1.404765939293821,0.5626346922006412,5216.3524812385585
weak,10024,ppo-s4,1.4099992925491758,12.910881812497571,2194.876649935521,7359.202633123615,2.4969698422402593,0.0,0.16790987176003339,0.32780799827827095,0.48679754199723013,0.6244189360256431,0.7770600074942939,0.9154851525318175,1.0647445249272076,1.1971946514338356,1.322594455246639,1.4099992925491758,0.5646841498430502,5170.619842534438
weak,10024,residual-s0,1.5922018568262497,14.576330202804234,2478.5024332982302,8308.508215598413,2.49999999975,0.0,0.19427307751860756,0.36113228889232923,0.5417273794240159,0.7227049734682145,0.9024322762021009,1.0552268557636726,1.1970775514971204,1.3331276731160577,1.4640005375136496,1.5922018568262497,0.6368807427941879,5830.532081704747
weak,10024,residual-s1,1.5456556123200051,14.594549749762162,2406.046180483917,8318.893357364432,2.49999999975,0.0,0.19427307751860756,0.3582320757555943,0.5380403716558116,0.727512871604933,0.9204629626422235,1.068319371935728,1.2215415017529732,1.3459674094152554,1.45560354001743,1.5456556123200051,0.6182622449898283,5837.819900488646
weak,10024,residual-s2,1.4875176965725205,14.159804179686843,2315.5457423458447,8071.088382421499,2.4999999997500004,0.0,0.18980608412803032,0.3540438751853139,0.5339960907181612,0.7208822907132785,0.905423393097764,1.0429491194058926,1.1873608607686064,1.2899161248123816,1.3844306187716033,1.4875176965725205,0.5950070786885088,5663.921672441128
weak,10024,residual-s3,1.5135399234516447,14.231812525169017,2356.0532649085353,8112.13313934634,2.49999999975,0.0,0.19427307751860756,0.3590225353011018,0.5397164238924165,0.7158313073331205,0.893496125960652,1.0510876232475603,1.1794465523909266,1.296830830273075,1.3993402614911385,1.5135399234516447,0.6054159694411995,5692.72501063688
weak,10024,residual-s4,1.5139344519050462,14.221949290875182,2356.667407975615,8106.511095798853,2.49999999975,0.0,0.19427307751860756,0.36113228889232923,0.5288323544057232,0.7224708532622173,0.9050180100571985,1.0325050113546128,1.1898973161090676,1.2874216381928503,1.4007634701211877,1.5139344519050462,0.6055737808225758,5688.779716918951
weak,10024,hybrid-s0,1.4371637484708013,13.35021324250185,2237.1622243508,7609.621548226054,2.49999999975,0.0,0.15486987198316568,0.32468323828335693,0.496864938034184,0.6564793404261968,0.8258657746606183,0.9688630362774939,1.1186922390995298,1.2476598238924315,1.3450990399860672,1.4371637484708013,0.5748654994458071,5340.085297534749
weak,10024,hybrid-s1,1.4684187477924078,13.592763793565622,2285.8153467794777,7747.875362332404,2.49999999975,0.0,0.1528600332615637,0.3228812403287104,0.5017142294486346,0.6699751735577039,0.8475619709447534,0.9950746100667334,1.1344935847664392,1.2620994048748118,1.3769776940111829,1.4684187477924078,0.5873674991756999,5437.10551796996
weak,10024,hybrid-s2,1.4622120387213955,13.192158181539638,2276.153667596449,7519.530163477593,2.49999999975,0.0,0.1528600332615637,0.3228812403287104,0.5017142294486346,0.6564415720139378,0.8261941871001017,0.9457249933149134,1.0694847533429983,1.2082731102275914,1.3289195637275768,1.4622120387213955,0.5848848155470466,5276.863273143542
weak,10024,hybrid-s3,1.4958679095097818,13.647036291714599,2328.5441087243476,7778.810686277321,2.49999999975,0.0,0.1528600332615637,0.3226508237832744,0.5036009524608364,0.6687324195619435,0.8483088394082731,0.9899580939834899,1.1299240767067587,1.2782154303711142,1.3768030232561257,1.4958679095097818,0.5983471638637474,5458.814517231721
weak,10024,hybrid-s4,1.4832498347720926,13.704395651356615,2308.902171487043,7811.5055212732705,2.49999999975,0.0,0.15385158467603827,0.3324148003197663,0.504512814822914,0.6670399522584127,0.8451251447366886,0.9957077018630119,1.141339953882886,1.2659844059723562,1.41454333688537,1.4832498347720926,0.593299933968167,5481.758261090822
weak,10025,max-exp-cap-V,1.4706495603180114,13.455395672630578,2289.2879430770113,7669.575533399429,2.4999999997500004,0.0,0.17271686942051528,0.3503599043432056,0.4982225079597771,0.6903728274473262,0.8426840138772109,0.9761380323999556,1.0812117489688147,1.217973786570703,1.3434814976655902,1.4706495603180114,0.5882598241860304,5382.158269590446
weak,10025,max-exp-cap,1.4756428190485582,13.567701126665568,2297.060703710777,7733.589642199373,2.49999999975,0.0,0.18237926515214567,0.38154172572911216,0.5310138593187602,0.692765338572828,0.8300781572984677,0.9578213812654048,1.0816677377367907,1.2283105262843577,1.3547355011608342,1.4756428190485582,0.590257127678449,5427.080451208935
weak,10025,rolling-lp-V,1.2610176917792422,11.874941567538523,1962.964308895436,6768.716693496957,2.4999999975000056,0.0,0.16404171298284156,0.3545189286911852,0.4718456039188079,0.6219307561403541,0.7549110420295628,0.8457053535124299,0.9538005778841732,1.0428423113709426,1.1579054693705824,1.2610176917792422,0.5044070772161028,4749.976631765375
weak,10025,ppo-s0,1.3555962210323769,12.61282946172671,2110.1900603833283,7189.312793184224,2.497118116044561,0.0,0.18029063781146382,0.3789902531792352,0.5051244456310984,0.6416331923583581,0.7746864725978462,0.8923973723397176,1.0075773607033776,1.119331623153025,1.2469145930283074,1.3555962210323769,0.5428642771530742,5050.954290342281
weak,10025,ppo-s1,1.3671167879414494,12.686649701654739,2128.123561085323,7231.3903299432,2.497280385607674,0.0,0.18488219068286002,0.38246504224204847,0.5132286110953501,0.654504366527815,0.7833970798663564,0.8938964823762782,1.007998291990027,1.1182881932242894,1.2441876022618412,1.3671167879414494,0.5474422479031256,5080.186339816079
weak,10025,ppo-s2,1.3868633594597872,12.830033211375099,2158.8620791618278,7313.118930483806,2.4976070392151977,0.0,0.16687097096161432,0.3639019564836531,0.5302188482723943,0.6624416662603059,0.7901255882191335,0.9113066789710019,1.0263430969290273,1.1388121217589418,1.2651906155962305,1.3868633594597872,0.5552768460708574,5136.930273629663
weak,10025,ppo-s3,1.3641108271779099,12.707620933894006,2123.4443295953647,7243.343932319583,2.4959726740288004,0.0,0.17994808570692694,0.37994178095879744,0.5133509777889991,0.6463727923374677,0.781821444098544,0.9030380344584632,1.0192612196691937,1.1287123527391585,1.246879153498739,1.3641108271779099,0.5465247441896353,5091.250022934897
weak,10025,ppo-s4,1.3677741988814458,12.653672309622204,2129.1469204084347,7212.593216484655,2.497611424103988,0.0,0.18278396656331344,0.38096138971519805,0.49932245381808393,0.6400615018276651,0.773355823159427,0.8946550890530747,1.0144080506422095,1.126488259455055,1.2489690802013873,1.3677741988814458,0.5476329046549471,5066.309429683073
weak,10025,residual-s0,1.3907163762372146,13.159946929452737,2164.859881147456,7501.16974978806,2.49999999975,0.0,0.17702990948705816,0.3784753140906569,0.5292689985348317,0.7005609206336179,0.8562416461869746,0.9566941133198001,1.0407927792509082,1.1537993869683132,1.270433613864173,1.3907163762372146,0.5562865505505145,5263.978772307492
weak,10025,residual-s1,1.3742174191638579,12.96036411957308,2139.1767649785616,7387.407548156655,2.49999999975,0.0,0.17702990948705816,0.38250275335455336,0.5333886742603038,0.6712417243380506,0.8204689955123288,0.92878145494079,1.032116622920002,1.142776166822991,1.2632763829619784,1.3742174191638579,0.5496869677205118,5184.145648347647
weak,10025,residual-s2,1.369710978601988,12.88918378167067,2132.161810279054,7346.834755552281,2.49999999975,0.0,0.17271686942051528,0.37466632231605623,0.525913118137239,0.6821989000903683,0.8140232227231766,0.9402295818787403,1.0284986384699306,1.1258440236415335,1.2462718578383054,1.369710978601988,0.5478843914955837,5155.673513183836
weak,10025,residual-s3,1.3885417950704768,13.077008624583454,2161.4748174445986,7453.894916012568,2.4999999997500004,0.0,0.17702990948705816,0.3782569370579174,0.5288954498760335,0.6961121821843426,0.8471113991706434,0.9439993995432513,1.0378406170141614,1.145144949758528,1.2578004543641925,1.3885417950704768,0.5554167180837323,5230.803450356461
weak,10025,residual-s4,1.3326362700973242,12.47015704983595,2074.4494323863432,7107.989518406491,2.49999999975,0.0,0.17702990948705816,0.3782751410736616,0.4947023684240435,0.632804425938259,0.7817787115448946,0.8902610916116129,1.0056546098961165,1.1001874274759902,1.2175587742401777,1.3326362700973242,0.5330545080922351,4988.062820433187
weak,10025,hybrid-s0,1.395548965483644,12.97841446159789,2172.382535486197,7397.696243110796,2.49999999975,0.0,0.18216207997721798,0.38221496089550994,0.5191215093135007,0.6539385264111218,0.795851247753022,0.9304010504062663,1.0533366942385882,1.1517912881400605,1.273029407478522,1.395548965483644,0.5582195862492796,5191.365785158292
weak,10025,hybrid-s1,1.3763636738889353,13.127448490352185,2142.517734300872,7482.645639500744,2.4999999997500004,0.0,0.1847670713787711,0.3893446268825304,0.5450610086850038,0.6783457443552281,0.8165213820757624,0.9535198311320952,1.0639230681772953,1.1529156928079147,1.272373805960431,1.3763636738889353,0.5505454696106286,5250.979396665971
weak,10025,hybrid-s2,1.449412315938532,13.317593021284189,2256.228967768435,7591.028022131987,2.49999999975,0.0,0.1847670713787711,0.3893446268825304,0.5364253999564617,0.6808363326235491,0.8088768279912391,0.9482844050463116,1.0584752515150209,1.1779571588533553,1.3209062742820623,1.449412315938532,0.5797649264333893,5327.037209046379
weak,10025,hybrid-s3,1.3565926284910548,12.939211208193317,2111.74111893806,7375.35038867019,2.49999999975,0.0,0.1847670713787711,0.3827523277094319,0.5395785425527071,0.6728648851189637,0.8132111070096516,0.9417876963171572,1.0384170428795145,1.1298689190422926,1.2523711514848013,1.3565926284910548,0.5426370514506856,5175.684483794896
weak,10025,hybrid-s4,1.3381332933817773,12.701077046899796,2083.006378559972,7239.613916732883,2.49999999975,0.0,0.20397588772525593,0.3972555325512642,0.5329475569660534,0.6582622424931528,0.7985543221754987,0.8998836735177005,1.006060653992833,1.103502608318907,1.2206570729042983,1.3381332933817773,0.5352533174062363,5080.430819267962
weak,10026,max-exp-cap-V,1.405515873025933,13.15709075678387,2187.89753095622,7499.541731366805,2.4999999997500004,0.0,0.19457138783318204,0.3467310636172772,0.48804948961335004,0.6864516401659608,0.8035702973962956,0.9511251933647689,1.0705656707039586,1.2021358949914736,1.3034617288328532,1.405515873025933,0.5622063492665937,5262.83630323983
weak,10026,max-exp-cap,1.4965101496940016,13.540367354387206,2329.543852477017,7718.009392000707,2.4999999997500004,0.0,0.18788682475221374,0.34790613824518696,0.49820718433192185,0.6761679548327915,0.8188569983195447,0.9565433686674772,1.1002272189998505,1.2375431071628067,1.3785480200823235,1.4965101496940016,0.5986040599374609,5416.1469422964965
weak,10026,rolling-lp-V,1.2944147451504648,12.03659307611906,2014.9518616612404,6860.858053387863,2.4999999975000056,0.0,0.1795466544322615,0.31282174231411347,0.43698178759488754,0.6104230459260525,0.7420806199564297,0.8700912195084923,0.9824464682629207,1.096392956426182,1.2071659129431473,1.2944147451504648,0.5177658985779506,4814.63723526225
weak,10026,ppo-s0,1.3438434786121294,12.315423994021446,2091.8951434658375,7019.791676592223,2.4975427875206204,0.0,0.184247197680351,0.3300775252642167,0.47070430071134434,0.6003746423669089,0.7273320225922675,0.8792369597393281,0.9998733355496419,1.1281427268295592,1.24765528286528,1.3438434786121294,0.5380662486852527,4931.016219444755
weak,10026,ppo-s1,1.3632601863225076,12.436618704756595,2122.1201787529712,7088.87266171126,2.496708363361344,0.0,0.18361148938031446,0.33795944801808625,0.48322682633050273,0.6050706430071876,0.7320640193298599,0.885407747976295,1.0119068457954608,1.134834567494376,1.252001762313954,1.3632601863225076,0.5460229982516406,4981.206009985503
weak,10026,ppo-s2,1.3451795901980799,12.274092965894976,2093.9750027517307,6996.2329905601355,2.498070945559327,0.0,0.18432380294797568,0.3352095088600697,0.46922170190177354,0.5969257325583033,0.7322973076488889,0.8709756512576513,0.995920720400044,1.1206077334977869,1.2342744721353727,1.3451795901980799,0.538487344640602,4913.428494780705
weak,10026,ppo-s3,1.3744043392530605,12.423058130834807,2139.467734301286,7081.143134575839,2.496640879471844,0.0,0.1842368297973352,0.33408414644991963,0.47474839384856105,0.6051711879068113,0.7380730237549193,0.878633118891031,1.002844451556466,1.1326535358577936,1.255783130891691,1.3744043392530605,0.5505014159440549,4975.909123727423
weak,10026,ppo-s4,1.3812394894258522,12.44058878446953,2150.1076768830585,7091.135607147631,2.49723546900911,0.0,0.18575726408280935,0.33515446813094846,0.47645949263437454,0.6015804217772925,0.7367559424041624,0.8758295732436868,1.005201588509073,1.1370163279160634,1.2568993661032288,1.3812394894258522,0.5531074288216484,4981.744388488079
weak,10026,residual-s0,1.3954140290652153,12.93049633133104,2172.1724865907117,7370.382908858692,2.49999999975,0.0,0.19187736037658093,0.34685114768995645,0.48700980215583595,0.6837470185808395,0.7882914636763192,0.9292721352349649,1.042251959490866,1.1708194928904003,1.2710784841066591,1.3954140290652153,0.5581656116819027,5172.198533049635
weak,10026,residual-s1,1.4602705349084615,13.153489869193669,2273.131423963216,7497.48922544039,2.49999999975,0.0,0.19187736037658093,0.3426636475692659,0.47750191692194904,0.6681454369343484,0.788508213179477,0.933088739181474,1.0648931934900485,1.2005112178828292,1.3224047516329702,1.4602705349084615,0.5841082140217955,5261.395948203607
weak,10026,residual-s2,1.4097160027328188,13.045224645125979,2194.4356665915066,7435.778047721807,2.4999999997500004,0.0,0.19457138783318204,0.34925376054491275,0.48809943014694746,0.6821298296721257,0.7950662063541586,0.939437888663127,1.0461075226902543,1.1791850449765264,1.2967478389861853,1.4097160027328188,0.563886401149516,5218.089858572199
weak,10026,residual-s3,1.4594486556247055,13.22165818217407,2271.8520448468475,7536.345163839219,2.4999999997500004,0.0,0.19187736037658093,0.3455521610406506,0.4842439390815284,0.6821030117311305,0.7876499353046198,0.9373656979158982,1.0725494641212647,1.2076674693340803,1.3251989689271984,1.4594486556247055,0.58377946230826,5288.663273398493
weak,10026,residual-s4,1.442772148235564,13.146024456444895,2245.8925448213345,7493.23394017359,2.49999999975,0.0,0.19187736037658093,0.34685114768995645,0.486100156871738,0.670183562998183,0.801526402058415,0.9443553487643649,1.059491349913896,1.1847992133927048,1.3171125048016539,1.442772148235564,0.5771088593519365,5258.409783103799
weak,10026,hybrid-s0,1.315492397590143,12.416298532455695,2047.7624080351084,7077.290163499746,2.49999999975,0.0,0.18959836963950366,0.34668274496124235,0.4887510824391106,0.6195996403155046,0.7455325127864018,0.8860989013767688,1.0132167030217067,1.1369340028601744,1.234383404780775,1.315492397590143,0.5261969590886769,4966.51941347893
weak,10026,hybrid-s1,1.4077732767776343,12.741743895830822,2191.411520509455,7262.794020623569,2.49999999975,0.0,0.18618915019590246,0.34080385321395246,0.47845110441664845,0.6284383882371969,0.7638667981461208,0.9008619955136965,1.036215423921584,1.1579265575965976,1.2848308749101152,1.4077732767776343,0.5631093107673647,5096.697558841999
weak,10026,hybrid-s2,1.3746756518922958,12.690360952481136,2139.8900733619057,7233.505742914247,2.49999999975,0.0,0.18618915019590246,0.34080385321395246,0.47834232118282066,0.6544528924211278,0.7742389366283778,0.8944523034418203,1.0262006062519968,1.1698566086819668,1.2531364496382398,1.3746756518922958,0.5498702608119054,5076.144381500069
weak,10026,hybrid-s3,1.3730287850386762,12.704454231038879,2137.326476612841,7241.538911692161,2.4999999997500004,0.0,0.18618915019590246,0.3452578313920405,0.4851552431949559,0.6366098942244738,0.7661080696070199,0.9049540570594262,1.0381913620040457,1.1708841284615583,1.2550238421457993,1.3730287850386762,0.5492115140703916,5081.781692923729
weak,10026,hybrid-s4,1.3849062246309956,12.581111824352993,2155.8155034938895,7171.233739881205,2.49999999975,0.0,0.18473222021645605,0.34931180838293036,0.4939064197736462,0.6179081055138955,0.744418159086507,0.8877558602365471,1.01838953954381,1.1357560084981324,1.2650822634984853,1.3849062246309956,0.5539624899077945,5032.444730244441
weak,10027,max-exp-cap-V,1.5467988155445629,13.81536693416863,2407.825748797867,7874.759152476118,2.49999999975,0.0,0.1716706329308298,0.3186670351873738,0.49889412879808015,0.6570157667803871,0.8371256364486392,1.011575684048191,1.15160714729126,1.2679712223128843,1.4137319454475055,1.5467988155445629,0.6187195262796971,5526.146774220067
weak,10027,max-exp-cap,1.5164838594362875,13.729810697351452,2360.6359454713856,7825.992097490327,2.4999999997500004,0.0,0.1738218190162882,0.3308694771805737,0.5156551955734489,0.6627142295978361,0.8235209486694822,0.9870660864680227,1.1393437993352764,1.2695097389614045,1.4011111234580622,1.5164838594362875,0.6065935438351743,5491.924279489772
weak,10027,rolling-lp-V,1.2663556880598497,12.031515716390908,1971.273705542413,6857.963958342817,2.499999997500005,0.0,0.17781352170746106,0.3246141973859021,0.494932474801026,0.6274898717576494,0.7789494116415894,0.8584122077168347,0.9667753861052186,1.0489986177871822,1.1847620552979714,1.2663556880598497,0.506542275730481,4812.606291368959
weak,10027,ppo-s0,1.4077193643225265,12.861076747015938,2191.327597638371,7330.813745799083,2.4971662616435224,0.0,0.17857279168323087,0.33276094137545487,0.49560535217435464,0.6433358104762877,0.7777580573694975,0.8988962679018873,1.0396127212319939,1.179305795677375,1.3084503169648434,1.4077193643225265,0.5637267273489548,5150.268504168944
weak,10027,ppo-s1,1.3803491789705697,12.549132572067123,2148.7217743228093,7153.005566078259,2.4971035132946695,0.0,0.17023910703645667,0.3242655959353488,0.48850646720331226,0.6386254251604254,0.7494168495945274,0.8718303936635294,1.0120564408863806,1.1492890433198752,1.2770444824825908,1.3803491789705697,0.5527801196952953,5025.475518037233
weak,10027,ppo-s2,1.4379519094170532,13.055626553415651,2238.389115787172,7441.707135446921,2.4969715555319203,0.0,0.18417823951592766,0.3370043883873258,0.5028007559128823,0.6537111861258259,0.790607073641166,0.9176415275661342,1.0505964421099483,1.1888417122760815,1.3236639134491786,1.4379519094170532,0.5758783700324258,5228.584412382087
weak,10027,ppo-s3,1.4259158446730738,12.966737298378535,2219.6531649230324,7391.040260075764,2.4959784638798594,0.0,0.17817463069245787,0.33267903028357576,0.49866758393620486,0.6420816791435047,0.7762363206403138,0.9140285855768686,1.0524792139891905,1.1835453534389557,1.3260860220355863,1.4259158446730738,0.5712853156819979,5195.051754662364
weak,10027,ppo-s4,1.425436925186163,13.050547261994408,2218.907654478755,7438.811939336812,2.4969938774809926,0.0,0.17016058345862273,0.3237555606473752,0.4987604350365016,0.6523852258616063,0.7975798502005004,0.9260170782533449,1.0647620147444616,1.1949844526087416,1.3298920612210279,1.425436925186163,0.5708612015597597,5226.5035087551
weak,10027,residual-s0,1.5002546255677691,13.468764786490832,2335.372694168647,7677.195928299774,2.49999999975,0.0,0.1738091363225147,0.32483951809204814,0.5104750425584522,0.6684533223500642,0.8213510610969901,0.9622608774631918,1.0904452238580429,1.2248249918032017,1.3756853327574916,1.5002546255677691,0.6001018502871178,5387.505915135083
weak,10027,residual-s1,1.4593517837170902,13.223033698798831,2271.701249105897,7537.129208315334,2.49999999975,0.0,0.1738091363225147,0.3263597217100881,0.5150835225436426,0.6602610495780283,0.8018852669769516,0.9463600194209132,1.0695050117903153,1.1872779256637855,1.3546468642148146,1.4593517837170902,0.5837407135452102,5289.213480048455
weak,10027,residual-s2,1.4960896757375224,13.669068859394159,2328.8893213195483,7791.369249854671,2.49999999975,0.0,0.1716706329308298,0.32043301270957425,0.5106954842364282,0.6635616856354386,0.822002043452359,0.9928701321559206,1.1406760255998827,1.2669685709118204,1.39610816613918,1.4960896757375224,0.5984358703548526,5467.627544304427
weak,10027,residual-s3,1.4435711019721433,13.15411403125921,2247.136236864347,7497.84499781775,2.4999999997500004,0.0,0.1738091363225147,0.3242890958582918,0.5038917690834728,0.6614590960330716,0.8066998112395163,0.9471046665798057,1.0657931736264443,1.1852797972640037,1.338368328804231,1.4435711019721433,0.5774284408466,5261.6456130298475
weak,10027,residual-s4,1.406523254631014,13.137027873704563,2189.4656724256884,7488.1058880116,2.49999999975,0.0,0.1738091363225147,0.32483951809204814,0.5055332508783317,0.6536619933122592,0.7919883871031831,0.9596840967133787,1.0913716834310356,1.2259646579516015,1.3059137687430886,1.406523254631014,0.5626093019086665,5254.811150007306
weak,10027,hybrid-s0,1.4440717312497746,13.256939118326201,2247.9155418736145,7556.455297445934,2.49999999975,0.0,0.1763641111087634,0.3363268662555013,0.5104699244290268,0.6545525201021674,0.7913315823739059,0.9457826460355157,1.0763589472834743,1.2190829040521476,1.3619800732553609,1.4440717312497746,0.5776286925576727,5302.775647860758
weak,10027,hybrid-s1,1.4588982174152099,13.403817804516809,2270.9952047195948,7640.176148574581,2.4999999997500004,0.0,0.17550452195870517,0.33447907421951784,0.5144052497850298,0.6631407132175889,0.8054816960493275,0.9668834182392078,1.0968640839370651,1.2338648572120283,1.3611550469526428,1.4588982174152099,0.5835592870244398,5361.527122342875
weak,10027,hybrid-s2,1.4434786231685326,13.202189074277342,2246.9922796526434,7525.247772338085,2.4999999997500004,0.0,0.17550452195870517,0.33447907421951784,0.5120188631288088,0.6503798478865029,0.7992800401942864,0.9563923708058857,1.0767483070767956,1.2085596695325311,1.3243082971461517,1.4434786231685326,0.5773914493251521,5280.875630239024
weak,10027,hybrid-s3,1.3930068037703967,12.976741165705251,2168.4252771994366,7396.742464451992,2.49999999975,0.0,0.17550452195870517,0.3360056331090782,0.5017973819552066,0.6444271545040972,0.7879506852383419,0.9372343625057749,1.07504028717808,1.2010378248658253,1.2843161417008142,1.3930068037703967,0.557202721563879,5190.69646680117
weak,10027,hybrid-s4,1.3488621782771846,12.463926980965363,2099.7075067528813,7104.438379150257,2.49999999975,0.0,0.17269801910143678,0.3314052314192115,0.4993341358022489,0.642437994984222,0.7830306652359517,0.8824456101096645,1.0051807781772752,1.102601962096795,1.238889928446237,1.3488621782771846,0.5395448713648283,4985.570792884702
weak,10028,max-exp-cap-V,1.4975556524478262,13.784387303214675,2331.1713352665042,7857.100762832364,2.4999999997499995,0.0,0.16840337018271984,0.3564895413877346,0.5234043079408284,0.7007802083491744,0.8645983158610913,1.0185383138349224,1.1303024029208044,1.2326091918894457,1.3624752463873173,1.4975556524478262,0.5990222610390328,5513.754921837246
weak,10028,max-exp-cap,1.4806004803955217,13.755917601779892,2304.7780516458,7840.873033014538,2.49999999975,0.0,0.16822131977823104,0.3672869007825081,0.5418467950030768,0.7013693329203303,0.8701264013755093,1.0000300292703685,1.1202151272999805,1.231284704804196,1.3558863867518958,1.4806004803955217,0.5922401922174327,5502.367041262194
weak,10028,rolling-lp-V,1.2724069647422678,12.607121195460767,1980.693430759811,7186.059081412636,2.4999999975000056,0.0,0.16915078788934196,0.3581507918990185,0.5134772672350518,0.6600913431950102,0.8246404057478603,0.9386095119353484,1.0476222971097602,1.1199075028065373,1.1948182816329138,1.2724069647422678,0.5089627864058688,5042.848483227143
weak,10028,ppo-s0,1.412850720994288,13.271425783703954,2199.3153285548724,7564.712696711253,2.497324233188281,0.0,0.16772036140241464,0.3656931347196306,0.5229734202135439,0.6871753040629175,0.8392559742283526,0.9610574068622435,1.0783240258045794,1.183133342211328,1.3074439190026697,1.412850720994288,0.5657458099425605,5314.258199769521
weak,10028,ppo-s1,1.4393961891794702,13.369468975867134,2240.6373551609468,7620.597316244266,2.4976621600655666,0.0,0.15898721884532163,0.34543540708349935,0.5096819055448464,0.6825257576301105,0.8366049976038763,0.9603535496623039,1.0943826849965228,1.2118350080885323,1.349408307996373,1.4393961891794702,0.5762973920947276,5352.793179809462
weak,10028,ppo-s2,1.4126702319550384,13.11353268277506,2199.0343701317643,7474.713629181784,2.4978772208630504,0.0,0.17323398093230985,0.3621727111249054,0.49690508051235505,0.6635528183389642,0.8194030259946619,0.9490790909188764,1.0712822506048325,1.1763324641483623,1.299564669247852,1.4126702319550384,0.5655483064403548,5249.870799592047
weak,10028,ppo-s3,1.4049988693108537,13.107816667726244,2187.0927366643696,7471.455500603958,2.496567642964286,0.0,0.16892523953977143,0.3642667559860568,0.5094969265860639,0.6662521069988852,0.8209630211341739,0.9453330912761426,1.0687893125679162,1.177321582907377,1.2941774219739142,1.4049988693108537,0.562772201774848,5250.335076906928
weak,10028,ppo-s4,1.4422983393397635,13.440401492454908,2245.1549897832438,7661.028850699297,2.496811931836805,0.0,0.16662502290634332,0.3569679508720268,0.5237484630652771,0.6932935688650244,0.8498121224145945,0.9739933227567826,1.0977537328129974,1.2032267350411503,1.326459157599207,1.4422983393397635,0.5776559783894984,5383.025177457936
weak,10028,residual-s0,1.476702390812169,13.632592677179474,2298.7100870368326,7770.5778259923,2.49999999975,0.0,0.16269839793257707,0.35183545586319626,0.5215811483104912,0.6923883838365191,0.881301673384479,1.0143740661350809,1.1098206897854905,1.2096041011730936,1.3373366477816262,1.476702390812169,0.5906809563839357,5453.037071417094
weak,10028,residual-s1,1.4100022572618893,13.276546705373825,2194.8812649581973,7567.63162206308,2.49999999975,0.0,0.16269839793257707,0.36006210900707336,0.524348187652608,0.6849528580001172,0.8484201458826834,0.9919790841078987,1.089855207988439,1.1815164006740642,1.2750826656492866,1.4100022572618893,0.5640009029611558,5310.6186826805915
weak,10028,residual-s2,1.4668465658076655,13.634775660635432,2283.3680082978244,7771.822126562196,2.4999999997500004,0.0,0.16840337018271984,0.3561435945479195,0.5184809245425358,0.6876162113202751,0.8709184874668683,0.9945682040701852,1.1280883977185103,1.2331643781849904,1.3348151802207178,1.4668465658076655,0.5867386263817399,5453.910264799563
weak,10028,residual-s3,1.4610912075451923,13.579081548134196,2274.408924751422,7740.0764824364915,2.49999999975,0.0,0.16269839793257707,0.35183545586319626,0.5203034518514796,0.688113526160732,0.8451566151297183,1.001204264752735,1.1331218998372834,1.2249001523005039,1.334842177556911,1.4610912075451923,0.5844364830765205,5431.632619796842
weak,10028,residual-s4,1.4674253015138912,13.796285524374602,2284.268897748472,7863.882748893522,2.49999999975,0.0,0.16269839793257707,0.35183545586319626,0.5479284285560088,0.689923291407687,0.8710260196035241,1.0093924594561732,1.1528306987259715,1.2461537157078189,1.3635862568045607,1.4674253015138912,0.5869701206642535,5518.514210301692
weak,10028,hybrid-s0,1.4142870676782615,13.335969605293768,2201.551218895049,7601.502675017447,2.49999999975,0.0,0.16942849463547838,0.36494780159434675,0.5289689689161319,0.6990186625858066,0.862085869236785,0.9864483931093747,1.0810713619389876,1.158713339016114,1.3021209115086492,1.4142870676782615,0.5657148271278761,5334.3878426509455
weak,10028,hybrid-s1,1.3877264993710658,13.110710798504128,2160.205686670643,7473.105155147352,2.49999999975,0.0,0.16666631364485823,0.3623823580644635,0.5026687838702026,0.6672539910618318,0.8366424026791334,0.9636977553216542,1.0840433417295483,1.171904204013821,1.2793978820244556,1.3877264993710658,0.5550905998039354,5244.28431992608
weak,10028,hybrid-s2,1.4705051830696942,13.763651433803473,2289.0631981053025,7845.281317267979,2.49999999975,0.0,0.16666631364485823,0.3623823580644635,0.5165548960998598,0.6813671148875138,0.8709793351076324,0.9966273961771184,1.1364681953526667,1.2646312132691913,1.3756537235131756,1.4705051830696942,0.5882020732866979,5505.460574071935
weak,10028,hybrid-s3,1.4311105770208485,13.416159326570083,2227.7395496418376,7647.210816144947,2.49999999975,0.0,0.16666631364485823,0.3622029280853618,0.5141646499357491,0.679484669029461,0.8502621989552572,0.9751766935067815,1.1111906361652544,1.2110206616379262,1.317325803995537,1.4311105770208485,0.5724442308655838,5366.463731164679
weak,10028,hybrid-s4,1.4366485838161442,13.127250948413723,2236.360292833987,7482.533040595821,2.4999999997500004,0.0,0.16894739464553943,0.359112197493048,0.506974855096544,0.6707108985321142,0.8324761563636318,0.9599002415451572,1.054855551529358,1.1702712172743863,1.2731119071588242,1.4366485838161442,0.5746594335839236,5250.900379890578
weak,10029,max-exp-cap-V,1.4034131930150096,12.757267719574731,2184.6243922513645,7271.6426001575965,2.49999999975,0.0,0.14715433209545484,0.30689209798537276,0.4677122343457504,0.6453773139781365,0.815132684616781,0.9165189736399983,1.0425798347673128,1.1734476829168803,1.2771016544365508,1.4034131930150096,0.5613652772621404,5102.907088340183
weak,10029,max-exp-cap,1.4682140688938088,13.76797070592188,2285.496733190348,7847.743302375471,2.49999999975,0.0,0.18980103539941887,0.3702829700317654,0.5390701798381479,0.7089780559514542,0.8686619537441956,0.9828287460893779,1.121735047980067,1.2486995379689483,1.3463388544248962,1.4682140688938088,0.5872856276162521,5507.188282919471
weak,10029,rolling-lp-V,1.3397347892222933,12.630993916597696,2085.499348481228,7199.666532460686,2.4999999975000056,0.0,0.17151693109400856,0.36051693489069303,0.5068700271878706,0.6568167987038743,0.8018925069457057,0.901975883011368,1.0189727980286052,1.122003144143215,1.2339112915826949,1.3397347892222933,0.5358939162248101,5052.397571691465
weak,10029,ppo-s0,1.3686824689469175,12.601163501616401,2130.5607798118212,7182.663195921348,2.4974630524629253,0.0,0.1870055315331796,0.36641202579006205,0.5004211077145614,0.6200476089277068,0.7615394495080486,0.8781208701534726,1.0164894613443376,1.1450328971898778,1.2512964819699335,1.3686824689469175,0.5480291160252252,5045.585554985289
weak,10029,ppo-s1,1.372354840390311,12.48469792160637,2136.277380077926,7116.2778153156305,2.496846406277203,0.0,0.1800840848549621,0.34902022073529854,0.49490076785490955,0.6167537052483983,0.7493106062880119,0.8639657038087196,0.9997494895587127,1.1371356324190556,1.2569548044338628,1.372354840390311,0.549635266686865,5000.186591461606
weak,10029,ppo-s2,1.3930687906074501,12.847010235783495,2168.5217690643412,7322.795834396591,2.497282306803969,0.0,0.18033052796148363,0.3547044915683323,0.5159224471804346,0.6374741292125451,0.7897365894695725,0.897335824548286,1.0374698688896065,1.1659430232296684,1.2809953321928966,1.3930687906074501,0.5578339248277879,5144.3964508062145
weak,10029,ppo-s3,1.3868995786469394,12.748204843522874,2158.9184597916483,7266.476760808037,2.496590721678096,0.0,0.18668484568246205,0.3647704373219474,0.5019378972205465,0.6306260252738163,0.778292236695042,0.8924770974182381,1.0280497809757874,1.1549672699345759,1.264802797561841,1.3868995786469394,0.5555173968261518,5106.245382084135
weak,10029,ppo-s4,1.3761195569147289,12.55407855558233,2142.137729396352,7155.824776681929,2.497467747668232,0.0,0.17394768378864855,0.34914109523031606,0.4858572876660696,0.6117555400527874,0.763094117241277,0.8800999017489294,1.016912695211463,1.146975334614099,1.2608970953293304,1.3761195569147289,0.5510059371936021,5026.722994642667
weak,10029,residual-s0,1.3937925321249085,12.892593401806774,2169.648381939718,7348.778239029861,2.49999999975,0.0,0.14681910949799498,0.3219526289872802,0.48550012137042864,0.6644250363719678,0.8333041550864203,0.9185156507821364,1.0515958360320443,1.17101440251703,1.2953443966849385,1.3937925321249085,0.5575170129057151,5157.037361238414
weak,10029,residual-s1,1.3846887582569845,12.555711090343603,2155.4769842698124,7156.755321495853,2.49999999975,0.0,0.14681910949799498,0.32098311986312356,0.4857855380319234,0.6310369844794194,0.7937748438781357,0.8818676173603626,1.0096422960384344,1.1591036356802382,1.2521471528757755,1.3846887582569845,0.5538755033581814,5022.28443663967
weak,10029,residual-s2,1.3681114026538932,12.476876770789426,2129.6718289600385,7111.819759349972,2.49999999975,0.0,0.14715433209545484,0.31948505693762697,0.48327253453904107,0.6383763852264068,0.79769261136278,0.8862370459124722,1.0077342910858795,1.1249381520549937,1.2422036989072596,1.3681114026538932,0.5472445611162817,4990.750708814845
weak,10029,residual-s3,1.386481940914724,12.69946529068116,2158.2683436451966,7238.69521568826,2.49999999975,0.0,0.14681910949799498,0.3219526289872802,0.4863824999226957,0.6517850268754859,0.8178347231204086,0.90668787360003,1.0217032195223024,1.1617058782265341,1.2568445434300421,1.386481940914724,0.5545927764213489,5079.786116780442
weak,10029,residual-s4,1.3519817329657373,12.521436324699566,2104.563564327011,7137.2187050787525,2.49999999975,0.0,0.14681910949799498,0.3219526289872802,0.4890185045829993,0.6445476216135518,0.8066784489230738,0.8937150846282228,1.0193981306039779,1.130039460100555,1.2396800601337667,1.3519817329657373,0.5407926932403742,5008.574530380684
weak,10029,hybrid-s0,1.387598500934208,12.964651974331192,2160.0064377903263,7389.8516253687785,2.49999999975,0.0,0.1889776945063291,0.3682071900640928,0.5237111579152415,0.6464606819921476,0.8115014800722951,0.9053971236976608,1.0471194771565158,1.1662367152090651,1.283344620687247,1.387598500934208,0.5550394004291871,5185.860790251062
weak,10029,hybrid-s1,1.4367694392002228,13.28001680020532,2236.548422474856,7569.609576117032,2.49999999975,0.0,0.19034031036231025,0.3663710483291979,0.5229618808283589,0.6617056762349971,0.8300524556613758,0.9339288652217699,1.070874547917662,1.2024513435035495,1.3156909524690106,1.4367694392002228,0.5747077757375599,5312.006720613329
weak,10029,hybrid-s2,1.3506778734684333,12.870385382240741,2102.533910283529,7336.119667877222,2.49999999975,0.0,0.19034031036231025,0.3663710483291979,0.5226469615604868,0.6520161438545694,0.8132848795442194,0.921400532930896,1.0461315460917737,1.167669483467312,1.237458551506338,1.3506778734684333,0.5402711494414004,5148.154153411112
weak,10029,hybrid-s3,1.4267171612523115,13.197543688037227,2220.900535087166,7522.599902181219,2.49999999975,0.0,0.19034031036231025,0.3710833608533336,0.5352872534994447,0.6619117413500638,0.8282124614105281,0.9285185086078909,1.0513485319891978,1.183095250810078,1.301650816569933,1.4267171612523115,0.5706868645579933,5279.017475742793
weak,10029,hybrid-s4,1.397172741583891,12.907151465260679,2174.9101879935342,7357.076335198586,2.49999999975,0.0,0.20153438499418813,0.38223415797791793,0.5275862328572504,0.6422193497329152,0.8079344219055277,0.9065285319879641,1.026333368035572,1.145496143193184,1.2545767070098115,1.397172741583891,0.5588690966894433,5162.860586620557
weak,10030,max-exp-cap-V,1.4842592433582102,13.733989272252554,2310.47346825834,7828.373885183955,2.49999999975,0.0,0.20695454264596938,0.35194127148529936,0.5077852790731872,0.677890831784366,0.8358477723445168,1.0018449724728657,1.1237502722526085,1.2535092094130866,1.3789972194349136,1.4842592433582102,0.5937036974026545,5493.595709450381
weak,10030,max-exp-cap,1.4529152764913218,13.380253602219561,2261.6818544213515,7626.74455326515,2.49999999975,0.0,0.19826674643294834,0.34674905303145925,0.5039986811275736,0.6679835633582945,0.8238692246698204,0.9533576218440342,1.0872844309579168,1.2190006343737878,1.3421138900650604,1.4529152764913218,0.5811661106546453,5352.101441423035
weak,10030,rolling-lp-V,1.2479825805078728,11.694351409751382,1942.6731913679128,6665.780303558287,2.499999997500005,0.0,0.19350529825051369,0.3399803769768122,0.43516304568784014,0.570103993678768,0.7247807827203411,0.8421726840377248,0.9516269295980617,1.0569568216580159,1.1502349505974674,1.2479825805078728,0.4991930327023411,4677.740568578283
weak,10030,ppo-s0,1.3554301063056138,12.565782607408321,2109.9314777465074,7162.4960862227435,2.4974989007762973,0.0,0.2016319988084965,0.34134319591571693,0.5016274659617842,0.6495901664804273,0.7719132783816044,0.8821191009654403,1.0096502756899366,1.1201619392648887,1.2388515190813965,1.3554301063056138,0.542714996144465,5031.346601795301
weak,10030,ppo-s1,1.3651859722140927,12.423474744623025,2125.1179550699885,7081.380604435123,2.4972863458510903,0.0,0.1949428894656381,0.335874453027618,0.49060658935187607,0.638862732848284,0.7570111015212845,0.8634316507600757,0.995933317900154,1.1073142251627797,1.231736860652558,1.3651859722140927,0.5466677757967835,4974.789841486531
weak,10030,ppo-s2,1.329937630229246,12.225173626815238,2070.2485922410115,6968.348967284685,2.4979352573090727,0.0,0.20582551455967493,0.33832008579351597,0.4619521314943747,0.609627578044647,0.7495851516105019,0.8604405851400325,0.986328690227072,1.0966126518136952,1.214880184317437,1.329937630229246,0.5324147718952233,4894.111483091414
weak,10030,ppo-s3,1.3717032054076994,12.637060780892691,2135.2630119040036,7203.124645108833,2.496598574276032,0.0,0.2021432399034324,0.34286374880058645,0.48791565905753237,0.6468122980394913,0.7752906559496523,0.8902623057488177,1.0181576883139356,1.1314488626319519,1.2515108236936034,1.3717032054076994,0.5494288186900324,5061.711126129761
weak,10030,ppo-s4,1.3727552484547245,12.693217132220527,2136.9006756467047,7235.133765365699,2.497244348956423,0.0,0.20111429848641482,0.339838942064798,0.5003873543866537,0.6435119833318446,0.7789610389518877,0.8936208131180944,1.0241889751998317,1.142398329157331,1.2574066139675533,1.3727552484547245,0.5497080207743336,5082.889520813176
weak,10030,residual-s0,1.465006566364126,13.456580402815264,2280.503771531281,7670.250829604701,2.49999999975,0.0,0.20644724711570017,0.3500741811463651,0.5043894475812197,0.6776778265209641,0.8269567795693243,0.9711755632706713,1.0906581442371175,1.2208165649568612,1.3313695045646088,1.465006566364126,0.5860026266042507,5382.632161664369
weak,10030,residual-s1,1.4515268172373728,13.359828655653457,2259.520508091617,7615.10233372247,2.49999999975,0.0,0.20644724711570017,0.3468229248489931,0.48998487937983415,0.6671790484487129,0.8137259233674476,0.9606882319433989,1.099848922883482,1.214374408877935,1.3318196345613762,1.4515268172373728,0.5806107269530102,5343.931462795776
weak,10030,residual-s2,1.4205315738896136,13.23092321143555,2211.2717350301273,7541.626230518264,2.49999999975,0.0,0.20695454264596938,0.34758949074620993,0.5002471441881816,0.6723568331037036,0.8389483062794636,0.9482156995622697,1.076063537049228,1.1819066477065685,1.3067947875444434,1.4205315738896136,0.5682126296126667,5292.3692851034575
weak,10030,residual-s3,1.4111042426665543,13.169144022810288,2196.5966715162363,7506.4120930018635,2.49999999975,0.0,0.20644724711570017,0.3500741811463651,0.5068294523109101,0.6683066103985699,0.7942218444574275,0.9536060216902859,1.074936600576974,1.1955037287251882,1.298891386392874,1.4111042426665543,0.5644416971230659,5267.657609650881
weak,10030,residual-s4,1.4403456465693487,13.795911615969752,2242.1153288494197,7863.669621102757,2.49999999975,0.0,0.20644724711570017,0.3500741811463651,0.5430496735340109,0.7257390172396709,0.8922816243877484,1.0054815737353706,1.1342697541266245,1.2288948828224429,1.3359762243405635,1.4403456465693487,0.5761382586853533,5518.364646939737
weak,10030,hybrid-s0,1.4467647066965186,13.575191025626038,2252.10756449245,7737.8588846068415,2.49999999975,0.0,0.20120040450957374,0.35061062053755815,0.5324489305176818,0.6850788836103352,0.8326215002733937,0.9842768916931659,1.1129554304482192,1.2345235174477533,1.340286972867303,1.4467647066965186,0.578705882736478,5430.076410793423
weak,10030,hybrid-s1,1.4017416004391192,13.122214493386805,2182.0223061847864,7479.662261230477,2.49999999975,0.0,0.20375457136126543,0.3498222574517135,0.5112049268891159,0.6647016862050709,0.8140916048351872,0.9349248409272559,1.0764755165921827,1.184659963914542,1.2883965919613924,1.4017416004391192,0.5606966402317174,5248.88579787961
weak,10030,hybrid-s2,1.4055198931198685,13.242049585876034,2187.903788839012,7547.9682639493385,2.4999999997500004,0.0,0.20375457136126543,0.3498222574517135,0.5112049268891159,0.6657563925765189,0.82862324208265,0.9482785902799463,1.0640678046238135,1.2052772770665003,1.3244512435973432,1.4055198931198685,0.5622079573041681,5296.819834880094
weak,10030,hybrid-s3,1.4030870422068231,13.14932635252011,2184.116689306385,7495.116020936462,2.49999999975,0.0,0.20375457136126543,0.35489122177020566,0.5117740047668728,0.6620096222545885,0.8092738389394335,0.9413395717905393,1.0786535371783856,1.1864326148660616,1.2959743238525223,1.4030870422068231,0.5612348169388527,5259.730541534017
weak,10030,hybrid-s4,1.3287820611712697,12.526856245446561,2068.4497746414972,7140.308059904539,2.49999999975,0.0,0.1889183009527704,0.33548847302647367,0.497761040685219,0.6476512952510561,0.7954737999322208,0.8954683294861785,1.015621449273585,1.119999492548938,1.2221483228060772,1.3287820611712697,0.5315128245216592,5010.742498679699
weak,10031,max-exp-cap-V,1.4214032359030913,13.107871681167255,2212.6286084768926,7471.486858265334,2.49999999975,0.0,0.1836501878665594,0.34650519704759863,0.488235074741698,0.6652697625283904,0.8348674621202008,0.9357079296961178,1.0612332143185839,1.1847642558259546,1.2989233491314622,1.4214032359030913,0.5685612944180927,5243.148672991217
weak,10031,max-exp-cap,1.5026206298671518,13.609946441056435,2339.0557368607983,7757.669471402167,2.49999999975,0.0,0.17961454434675697,0.3547480396761546,0.5016887761957798,0.6876541450991728,0.8400609179868606,0.9654198251855929,1.0984258258240465,1.2315299554144872,1.3813322446600016,1.5026206298671518,0.6010482520069655,5443.978576966972
weak,10031,rolling-lp-V,1.2983471638819302,12.486671216253622,2021.07326476908,7117.4025932645645,2.4999999975000056,0.0,0.1619156134035415,0.33847472692896907,0.5013332073379261,0.6586201741235331,0.8060855906597384,0.9021915222765069,1.0308209324339843,1.1067671674194304,1.2169414110773942,1.2983471638819302,0.5193388660721098,4994.668491496106
weak,10031,ppo-s0,1.3724044425685262,12.742413395787196,2136.3545933526602,7263.175635598701,2.497049829370995,0.0,0.18512418981991902,0.36429552130071885,0.5149695641246557,0.6570414852451515,0.7944721130352401,0.8993587713568427,1.0153045093931645,1.1255052460569572,1.2573116700130003,1.3724044425685262,0.5496103547578118,5102.987231535143
weak,10031,ppo-s1,1.3603289633114222,12.338742352837727,2117.55728785169,7033.083141117504,2.4972544466148947,0.0,0.16939186092920527,0.34771990518814566,0.4997141717170389,0.6317422123865624,0.7615479881258634,0.8650935638621043,0.9787461852189167,1.0864251554387157,1.2257572916352473,1.3603289633114222,0.5447298192442463,4940.923168467383
weak,10031,ppo-s2,1.3433821620441857,12.185132955592447,2091.1770346209905,6945.525784687695,2.4974836442247006,0.0,0.17743291203954645,0.355730992282996,0.4738426825133077,0.6160484755234199,0.7450020342909395,0.8516817958911053,0.9702292258660665,1.0763848718371087,1.218052731603444,1.3433821620441857,0.5378942781670207,4878.964065998961
weak,10031,ppo-s3,1.3632096367470479,12.713292522834713,2122.0414907114755,7246.576738015787,2.4963774688006084,0.0,0.1856690010018267,0.3650852061655904,0.5045131188987196,0.6549438268071547,0.7932972581462561,0.9008817906772577,1.016669360589062,1.120069260500012,1.2627416648532326,1.3632096367470479,0.5460751243689144,5092.696389758257
weak,10031,ppo-s4,1.4004876556847405,12.943024715559499,2180.070351970172,7377.524087868914,2.4974636329832856,0.0,0.18873664750161126,0.36906824448967007,0.5226633026618119,0.6641622913997661,0.8018953476581054,0.913078495754489,1.0314491738232825,1.1382320252929239,1.2848880031499905,1.4004876556847405,0.5607639835827445,5182.467742322525
weak,10031,residual-s0,1.4515548264782319,13.18634109677156,2259.5641087012546,7516.214425159789,2.49999999975,0.0,0.18498753693394265,0.36239297503567725,0.5081996075893522,0.6881080463490443,0.8287990476268944,0.9207882367915048,1.0437670237326246,1.1582125607740203,1.324158937006474,1.4515548264782319,0.580621930649355,5274.536439236078
weak,10031,residual-s1,1.434831771195795,13.27659743719412,2233.532149856338,7567.660539200648,2.49999999975,0.0,0.18498753693394265,0.36567799129075707,0.5118020909157764,0.6858707445772354,0.8392516656546245,0.9422098744111593,1.0622667817018818,1.1757664329492608,1.3262850148910097,1.434831771195795,0.5739327085357112,5310.638975408711
weak,10031,residual-s2,1.3427105835702529,12.75432757850903,2090.131621393605,7269.966719750147,2.49999999975,0.0,0.1836501878665594,0.3623408589410216,0.5080848486098863,0.6863230806442091,0.8202286580049523,0.9242575108791357,1.025839497741078,1.108735641002113,1.2312703738084751,1.3427105835702529,0.5370842334818096,5101.731031913785
weak,10031,residual-s3,1.4259444719269128,13.274109910283565,2219.697727563124,7566.242648861631,2.49999999975,0.0,0.18498753693394265,0.3623254629721683,0.501721731470095,0.6772621332155493,0.8437637525151065,0.9445676907847129,1.0760098278866082,1.1805028953683545,1.3302664022236728,1.4259444719269128,0.5703777888278029,5309.6439646443905
weak,10031,residual-s4,1.3688937883126524,12.895695076968124,2130.8897302900104,7350.54619387183,2.49999999975,0.0,0.18498753693394265,0.36239297503567725,0.5016406414211536,0.6732746430569752,0.8156473334325014,0.9210542482135056,1.054351886199004,1.1336987463868444,1.2683146014706583,1.3688937883126524,0.5475575153798167,5158.278031303078
weak,10031,hybrid-s0,1.3719147736999884,12.642696790095847,2135.592349873934,7206.337170354633,2.49999999975,0.0,0.1785653008088748,0.3621166490428679,0.5108611849522603,0.6625163637764193,0.792121365724675,0.8882909415206532,1.0042332946962664,1.108233355896089,1.2428758567864309,1.3719147736999884,0.5487659095348719,5057.078716544047
weak,10031,hybrid-s1,1.4209106199020685,12.885608136290474,2211.8617773417686,7344.796637685569,2.4999999997500004,0.0,0.1803612008690517,0.36524015885621947,0.49724276113120025,0.6530901055328945,0.7921489514037315,0.9112119292392443,1.0337136852451947,1.1338081842194183,1.2900489049680184,1.4209106199020685,0.5683642480176637,5154.2432550316125
weak,10031,hybrid-s2,1.3587021162198964,12.746396123454284,2115.024854883054,7265.445790368941,2.4999999997500004,0.0,0.1803612008690517,0.36524015885621947,0.5084265295503851,0.6699689560189135,0.8004442803660736,0.91667364025926,1.0399275230059977,1.1181147287221878,1.2304869024115812,1.3587021162198964,0.5434808465423066,5098.558449891569
weak,10031,hybrid-s3,1.3228264843425854,12.435693454775606,2059.179020686335,7088.345269222095,2.49999999975,0.0,0.1803612008690517,0.36338247424307213,0.4913831171853922,0.6566282102285271,0.7996504098569174,0.8960445696491486,0.9950842198166358,1.0808627564938031,1.2025257082555925,1.3228264843425854,0.5291305937899472,4974.27738240767
weak,10031,hybrid-s4,1.347145393062521,12.654163866915077,2097.0350715250543,7212.873404141594,2.49999999975,0.0,0.2013974071365473,0.37787256434494715,0.5137663089855922,0.6645420273124026,0.8020629062845022,0.8947137688713298,1.0164128476967451,1.0825786520438525,1.2286037163422163,1.347145393062521,0.5388581572788942,5061.665547272198
weak,10032,max-exp-cap-V,1.4346080390408915,12.959387368747441,2233.183876998875,7386.850800186041,2.49999999975,0.0,0.14056869296497637,0.2915712681905807,0.4634071062070414,0.6296845919864047,0.7727513480243626,0.93964835073215,1.1084900003230285,1.2145667631474792,1.3298764737274407,1.4346080390408915,0.573843215673741,5183.754948017352
weak,10032,max-exp-cap,1.4676614453948096,13.252113152350564,2284.6364913302505,7553.704496839821,2.49999999975,0.0,0.15841912878109385,0.3155287770011269,0.4859417725014874,0.6709720274418849,0.8102361279978701,0.937571007287877,1.0835125272421977,1.2278813109099695,1.355496957886042,1.4676614453948096,0.5870645782166303,5300.84526147031
weak,10032,rolling-lp-V,1.233798341369239,11.766605789379325,1920.5932829261126,6706.965299946214,2.499999997500005,0.0,0.1229692547649598,0.27957493122581845,0.44943576520339296,0.5933769399359207,0.7516700532872391,0.8685018185802229,0.9901329182531624,1.1079191765417513,1.161544824754295,1.233798341369239,0.4935193370412139,4706.6423204583625
weak,10032,ppo-s0,1.3287432949440425,12.071376380949483,2068.3894291594843,6880.684537141205,2.497459514186276,0.0,0.14482624369035973,0.3028027183088696,0.4653677734905598,0.6035994411385379,0.7263874464828395,0.8624682426380477,0.9844473883382101,1.114864479132321,1.2212030862900771,1.3287432949440425,0.5320379719456532,4833.46228933068
weak,10032,ppo-s1,1.3780167755345047,12.4041806941954,2145.0910364443575,7070.382995691378,2.497342692140561,0.0,0.1611895306741549,0.31665352463052376,0.47351082482537155,0.6123121174126273,0.7437966002405422,0.877769464099515,1.0037466494948903,1.139085190837766,1.2624245245727308,1.3780167755345047,0.5517932240021723,4966.951765663901
weak,10032,ppo-s2,1.34200065490708,12.047796965941936,2089.0265103101087,6867.2442705869025,2.498277804643415,0.0,0.1293182223768784,0.2874496194097801,0.4634420367293282,0.6029542687746596,0.7243127364834949,0.8596908643463433,0.9865691634366245,1.1161490723082224,1.2276759463292508,1.34200065490708,0.5371703068460902,4822.4408604797045
weak,10032,ppo-s3,1.3451216660539616,12.225097537424903,2093.8848350813887,6968.305596332194,2.496350129663819,0.0,0.14372312412787924,0.3005106302691281,0.47124168949796996,0.6163680766313362,0.7388892806216398,0.8720848743454457,0.9987051500651806,1.13239499107307,1.2344218403551,1.3451216660539616,0.5388353380681851,4897.188656413051
weak,10032,ppo-s4,1.3234141179430512,12.028588149103951,2060.0937610519477,6856.295244989252,2.4978161282231235,0.0,0.145793104587291,0.3008159426976731,0.4615552924934445,0.6026969227960861,0.7250914707579355,0.8572327487614377,0.982537077505889,1.1155741288016197,1.2125119426424973,1.3234141179430512,0.5298284781612371,4815.641957464961
weak,10032,residual-s0,1.343152855597084,12.601862796024351,2090.82008453663,7183.061793733879,2.49999999975,0.0,0.14513031202438142,0.30303313261694836,0.47159441890353826,0.6373284807501216,0.7736531888922983,0.9193951567100703,1.0594525224799245,1.1866677032550432,1.256089361932083,1.343152855597084,0.5372611422925597,5040.745118913815
weak,10032,residual-s1,1.294749628500679,12.16358337589427,2015.473158125516,6933.242524259733,2.49999999975,0.0,0.14513031202438142,0.29869880360178036,0.47212720754805615,0.6163142327381167,0.7368944745053306,0.8844785716424738,1.0254622439758756,1.1306355527165786,1.2094533032300245,1.294749628500679,0.5178998514520616,4865.433350844251
weak,10032,residual-s2,1.3372391037195035,12.289321180446194,2081.614437428718,7004.91307285433,2.49999999975,0.0,0.14056869296497637,0.2925283721625165,0.4674889599279213,0.6223634712336283,0.7582133128440158,0.9018862056322765,1.0213798383183499,1.132019002275227,1.221031940431395,1.3372391037195035,0.534895641541291,4915.72847267005
weak,10032,residual-s3,1.2971242380132335,12.134071667234315,2019.1695961303876,6916.420850323559,2.4999999997499995,0.0,0.14513031202438142,0.2983528903526578,0.47345236534110924,0.6365072545174608,0.7523514965212157,0.8893163417659828,0.9968095580971139,1.1176383144357016,1.1883030961524266,1.2971242380132335,0.5188496952571785,4853.62866737909
weak,10032,residual-s4,1.3414444671660533,12.43644085992227,2088.160720169496,7088.771290155693,2.49999999975,0.0,0.14513031202438142,0.2983528903526578,0.4735157572440826,0.6347954580731023,0.753946886019066,0.9041302455063323,1.0335135288259336,1.1524390201976662,1.2519607221842677,1.3414444671660533,0.5365777869200791,4974.576344466365
weak,10032,hybrid-s0,1.3074361281933478,12.203062659596585,2035.2216091297082,6955.7457159700525,2.49999999975,0.0,0.15044096622386213,0.30744098561318944,0.4699464788673314,0.6272400786506541,0.7460647525997759,0.8941433150513756,1.0084810217470133,1.1200190402413537,1.2080932445963655,1.3074361281933478,0.5229744513296366,4881.225064326756
weak,10032,hybrid-s1,1.3252095151725722,12.321088742853354,2062.88856774246,7023.020583426411,2.49999999975,0.0,0.1502590535312363,0.3061936316302017,0.4760527465610854,0.6438286683306453,0.7600085706617623,0.8928277037661083,1.0122624076862976,1.128357031036065,1.2201272056682964,1.3252095151725722,0.5300838061220373,4928.435497634185
weak,10032,hybrid-s2,1.3413531778172172,12.155980359183342,2088.0186145236235,6928.908804734505,2.4999999997500004,0.0,0.1502590535312363,0.3061936316302017,0.4759673476822529,0.6378943881291084,0.756290406142539,0.8874322588943709,0.9580652590851538,1.0882577539298497,1.2073468392214068,1.3413531778172172,0.536541271180541,4862.392144159576
weak,10032,hybrid-s3,1.3452503191589966,12.454949197674196,2094.0851030515046,7099.321042674291,2.4999999997500004,0.0,0.1502590535312363,0.3038725593136921,0.484410330012363,0.6482595710247576,0.7625302801456022,0.8986224953327171,1.029266205069986,1.1312725461019244,1.247375772890706,1.3452503191589966,0.5381001277174086,4981.979679567876
weak,10032,hybrid-s4,1.2852573568031582,12.191797288450399,2000.6970049644283,6949.324454416727,2.49999999975,0.0,0.16155577061156848,0.3147333674792736,0.4886845862562774,0.624658319179226,0.7395313897913528,0.8731733661512524,0.9942113528913644,1.134887145198806,1.2153764289381548,1.2852573568031582,0.5141029427726735,4876.718915867832
weak,10033,max-exp-cap-V,1.500674039446296,14.458389255373442,2336.02557515483,8241.281875562861,2.49999999975,0.0,0.20020221116834933,0.39731428979059064,0.5867048275361064,0.7501166173094898,0.9128004125935334,1.0511737598393385,1.17401722833021,1.314102965111552,1.4010322884997026,1.500674039446296,0.6002696158385454,5783.355702727713
weak,10033,max-exp-cap,1.5223970964288458,14.088735386137333,2369.840791083071,8030.57917009828,2.49999999975,0.0,0.1633449384668922,0.36533828455684975,0.5550893188760732,0.7240550418390389,0.8705878255757273,1.0179588598182092,1.1469167419512991,1.279185932293743,1.4057971803503877,1.5223970964288458,0.6089588386324342,5635.494155018483
weak,10033,rolling-lp-V,1.2568085380002256,12.266056693090942,1956.4121259302597,6991.652315061837,2.4999999975000056,0.0,0.17142797278372357,0.3408052668818233,0.5155278436370441,0.6673834282004217,0.8048039399496019,0.9003214857366447,1.0092501193990813,1.0671243413693103,1.1463207452348192,1.2568085380002256,0.5027234157028125,4906.422682142789
weak,10033,ppo-s0,1.371777368197498,12.966772183499467,2135.378457476553,7391.060144594695,2.4974008878905396,0.0,0.1710085322078437,0.3777244179623904,0.5411170152457376,0.6798823095024413,0.8122403262715241,0.9299065392235945,1.0407678397615614,1.1414837303310665,1.264008596075166,1.371777368197498,0.5492820054837839,5192.106820484079
weak,10033,ppo-s1,1.3893962301968734,12.944445492600304,2162.804874642303,7378.3339307821725,2.4974037265406706,0.0,0.15850005676706147,0.36256516807124506,0.5441226154093947,0.6711451598717579,0.8003971121836245,0.9264026566136181,1.0405207000709626,1.15239876920928,1.270125433011518,1.3893962301968734,0.5563362524974782,5183.160958332742
weak,10033,ppo-s2,1.3773365931577994,13.191181284312911,2144.0322299440872,7518.973332058359,2.4982335091006895,0.0,0.18241781678665828,0.3850844071679837,0.5581376561071785,0.6947311111108129,0.817645846744848,0.9489583328030211,1.0628813079231558,1.1680213433307005,1.2788637428889464,1.3773365931577994,0.5513242009365293,5280.203486287178
weak,10033,ppo-s3,1.3857990408871612,13.118615169707695,2157.205306711307,7477.610646733386,2.496135406438051,0.0,0.17194002614464585,0.38117435585198267,0.5479610881111037,0.6881348077968524,0.8177416327622181,0.9461146781409323,1.0575700133662052,1.1604690075944328,1.2705566871176517,1.3857990408871612,0.5551778310234685,5255.5703251803025
weak,10033,ppo-s4,1.3768657097720973,13.146140236384893,2143.299228903887,7493.299934739389,2.4973917411823097,0.0,0.17521639841267037,0.38275832423975453,0.5581384893137682,0.6915825847931437,0.8259598493094491,0.948509661286568,1.0616238663102249,1.1601540613040837,1.2643346279503496,1.3768657097720973,0.5513214795530094,5263.947990058331
weak,10033,residual-s0,1.3537885534311571,13.587968047890543,2107.3761530078223,7745.141787297609,2.49999999975,0.0,0.20366307562500377,0.41071129734795847,0.5941209916455004,0.7548264332097953,0.8781072434811414,0.9909466879242601,1.1004090555350183,1.1691121110299096,1.2732904297880148,1.3537885534311571,0.5415154214266144,5435.187219699736
weak,10033,residual-s1,1.4123320701737003,13.682574471951172,2198.5079702947705,7799.067449012167,2.49999999975,0.0,0.20366307562500377,0.418711403730873,0.5956270841926641,0.740180232755049,0.8673486453371794,0.974345076831295,1.103898842467498,1.1909804072360597,1.2826646614761081,1.4123320701737003,0.5649328281259735,5473.029789327771
weak,10033,residual-s2,1.3018108889380127,13.165264984820398,2026.465075451231,7504.201041347626,2.4999999997500004,0.0,0.20020221116834933,0.40593245678508433,0.5975856340604488,0.7472325623234709,0.8599740426096791,0.9377355763082977,1.0414917326827082,1.1352726942507223,1.2301916037348963,1.3018108889380127,0.5207243556272774,5266.105994454769
weak,10033,residual-s3,1.3606094651491636,13.478218672821562,2117.993931286319,7682.584643508289,2.49999999975,0.0,0.20366307562500377,0.4100890724253684,0.5934369693277178,0.7463439472626066,0.8590327487748822,0.9721926867556596,1.0817668714270026,1.1718265082007677,1.2595110088671477,1.3606094651491636,0.5442437861140899,5391.287469667754
weak,10033,residual-s4,1.2924339134109468,12.870402739663275,2011.8683981761922,7336.129561608066,2.4999999997500004,0.0,0.20366307562500377,0.41071129734795847,0.5604051231468515,0.6966641236206306,0.819716472421598,0.9263822388314682,1.0355722877546378,1.1083573245682201,1.214102624879751,1.2924339134109468,0.516973565416076,5148.161096380126
weak,10033,hybrid-s0,1.3603973435042287,13.249289113405485,2117.663731939501,7552.094794641125,2.4999999997500004,0.0,0.16438428303875052,0.3777384034157633,0.5739883868606926,0.7131493610391937,0.8575986896254819,0.9716438618846908,1.0781070835648792,1.1546106826257792,1.2597888107147655,1.3603973435042287,0.5441589374561073,5299.7156458921645
weak,10033,hybrid-s1,1.3589654012630312,13.345438149166778,2115.4346977790806,7606.899745025063,2.4999999997500004,0.0,0.1648149001570403,0.3798968667326559,0.5723400351808288,0.7155652042537998,0.8611160719493925,0.9872108424705213,1.099210656382489,1.1769293846602413,1.257124145190988,1.3589654012630312,0.543586160559571,5338.175260200527
weak,10033,hybrid-s2,1.4942764226007772,13.874734476590506,2326.0667192152105,7908.598651656587,2.4999999997500004,0.0,0.1648149001570403,0.3798968667326559,0.5820882012824313,0.7292330187019553,0.8697795937005599,0.9935210583931449,1.0891609968424716,1.2219811722591625,1.3884437782604098,1.4942764226007772,0.5977105691000818,5549.893791191191
weak,10033,hybrid-s3,1.3606155588684117,13.330976845483548,2118.003417079794,7598.656801925622,2.49999999975,0.0,0.1648149001570403,0.37741488711353827,0.5688417233230123,0.7074980324833529,0.8491903999602357,0.9857825699911923,1.0895949999773644,1.1818496736568116,1.278280751827963,1.3606155588684117,0.5442462236017893,5332.390738726658
weak,10033,hybrid-s4,1.3510268577545221,12.756210295723184,2103.0771569821472,7271.039868562214,2.49999999975,0.0,0.15977958222099897,0.36204561665639323,0.5294323990341163,0.661749419331763,0.8004633951311495,0.9166834790929427,1.0419352108249462,1.1307496671424913,1.240785080451392,1.3510268577545221,0.5404107431558499,5102.484118799522
weak,10034,max-exp-cap-V,1.5102262467574483,13.94193189196985,2350.8950271420626,7946.901178422813,2.49999999975,0.0,0.1974892271731943,0.3589395124855733,0.5104749742652672,0.6575576042172382,0.860001499667217,1.0134094245248997,1.1756295938858186,1.2776642635199096,1.3949716045362985,1.5102262467574483,0.6040904987633884,5576.772757345617
weak,10034,max-exp-cap,1.5086972063969228,13.856825266463904,2348.5148451080286,7898.390401884424,2.49999999975,0.0,0.17424872336008465,0.3653220518771026,0.5185141743813816,0.6932816118599585,0.8550641603089818,0.983586291534171,1.1394882300003415,1.266249292960854,1.3972393037239348,1.5086972063969228,0.603478882619117,5542.730107139834
weak,10034,rolling-lp-V,1.3178001097702166,12.298091976822048,2051.354710248011,7009.912426788567,2.4999999975000056,0.0,0.14542871260623222,0.3271567791434526,0.47130898661649534,0.6333076963556995,0.7976685677638642,0.8953733479940404,1.0033362857641261,1.0984385049940213,1.210534310182235,1.3178001097702166,0.5271200444352055,4919.236795648045
weak,10034,ppo-s0,1.4154796731450627,13.438867597564535,2203.4076892532253,7660.154530611784,2.496979593609288,0.0,0.17434053818742234,0.37783582759954115,0.5500744427595948,0.6844381299893969,0.8350180047606773,0.9561575471548478,1.1047156459449101,1.2088813825905906,1.3262518421027938,1.4154796731450627,0.566876748519615,5382.049429622758
weak,10034,ppo-s1,1.4025196879246007,12.953157965499695,2183.2335167595115,7383.300040334825,2.496725514598229,0.0,0.1654097029119332,0.35076656651807253,0.5140513130347749,0.653543541551857,0.8036870283641506,0.9138171516557161,1.0576224416510485,1.1667862111878127,1.292967191004784,1.4025196879246007,0.5617436437141922,5188.05847489571
weak,10034,ppo-s2,1.4021933357306193,12.915500233350846,2182.7255003271557,7361.835133009981,2.4970705081720936,0.0,0.16417157607426153,0.36066870346832863,0.5178566762462383,0.6509218820825485,0.7946905646881164,0.9092886442141643,1.0532550803533212,1.1576614519354256,1.2862714131698432,1.4021933357306193,0.5615353395675853,5172.260931792933
weak,10034,ppo-s3,1.404142398552905,13.29434171267783,2185.7595106990034,7577.774776226363,2.4960423698632606,0.0,0.17504498496061688,0.3743452521982621,0.5399260580440669,0.6786243171495674,0.8276050567106644,0.9464465354837354,1.0930799752886213,1.1897746545630468,1.3113596792907642,1.404142398552905,0.5625475013991158,5326.168286721082
weak,10034,ppo-s4,1.4368564860404183,13.564798643091034,2236.6839240158893,7731.935226561889,2.496760039194365,0.0,0.18414824229210364,0.3820179936140032,0.5544438253266429,0.6913246607651007,0.8441844955288627,0.9603232274236502,1.106796805987607,1.2130870176831927,1.3409089875291487,1.4368564860404183,0.5754884183840318,5432.960488853393
weak,10034,residual-s0,1.4507350039904634,13.630394470368039,2258.2879312981854,7769.324848109782,2.49999999975,0.0,0.20085936688547337,0.3955778168999124,0.557833471355037,0.6812570258854247,0.8404358809276677,0.9554623350532413,1.1125009281173437,1.213137029527817,1.3484319577680655,1.4507350039904634,0.5802940016542147,5452.1577886924315
weak,10034,residual-s1,1.4407677182291847,13.52636494723191,2242.7723470732362,7710.028019922188,2.49999999975,0.0,0.20085936688547337,0.4049425561488427,0.5641078188424123,0.6746212968504569,0.8391542252077756,0.9541047347409672,1.0978434532659647,1.18920335951151,1.323797221855134,1.4407677182291847,0.5763070873493046,5410.5459794338185
weak,10034,residual-s2,1.436195156918069,13.497304951748946,2235.6544654507416,7693.4638224968985,2.49999999975,0.0,0.1974892271731943,0.38909525904891534,0.5465750397511168,0.6741929426790587,0.8364373253648635,0.9559780252417402,1.111084806698859,1.1990617839350728,1.3246239041773686,1.436195156918069,0.5744780628246754,5398.92198123947
weak,10034,residual-s3,1.4332979483518091,13.5987465091743,2231.144523165182,7751.285510229351,2.49999999975,0.0,0.20085936688547337,0.39611855666497936,0.558668563206573,0.6942605384712957,0.8636390927588841,0.9681370993116225,1.1025675605038803,1.1972894319235161,1.3210618561913874,1.4332979483518091,0.5733191793980555,5439.49860421367
weak,10034,residual-s4,1.4198649902430498,13.543230899786906,2210.2340970051987,7719.641612878536,2.49999999975,0.0,0.20085936688547337,0.3955778168999124,0.5606307945361129,0.6939974057507445,0.8548507618327661,0.9626816234513256,1.113465496217855,1.1951569626073986,1.3031513019696432,1.4198649902430498,0.5679459961540145,5417.292360456491
weak,10034,hybrid-s0,1.436256536458876,13.658075021585224,2235.750011967405,7785.102762303577,2.4999999997500004,0.0,0.17134763821056415,0.3659827533996334,0.5534833497437909,0.6926421513244666,0.8568224182692934,0.984131018940456,1.141195748804138,1.2362236122576489,1.3359277079351175,1.436256536458876,0.5745026146410005,5463.230009180412
weak,10034,hybrid-s1,1.4380100900893982,13.478009082288573,2238.4796827824057,7682.465176904486,2.49999999975,0.0,0.16880078546979685,0.36737800887063365,0.5523496803030309,0.6865510670632379,0.849934657936338,0.9558784340871755,1.1075271522547903,1.2037551848549073,1.3281526509218482,1.4380100900893982,0.5752040360932796,5391.203633454549
weak,10034,hybrid-s2,1.3864669370259644,13.149492338116366,2158.2449878284447,7495.210632726328,2.4999999997499995,0.0,0.16880078546979685,0.36737800887063365,0.548288984437084,0.6788987341766881,0.8342350813012731,0.933172149778252,1.0780849331742468,1.1583152088187318,1.2936561558775834,1.3864669370259644,0.5545867748658445,5259.796935772527
weak,10034,hybrid-s3,1.4088847286725832,13.475083286690243,2193.1416630879944,7680.797473413437,2.49999999975,0.0,0.16880078546979685,0.36178347717042764,0.555877893860301,0.6995139657650017,0.8657109702227407,0.9787867738570822,1.1220027509467232,1.2022394558952736,1.292857364858744,1.4088847286725832,0.5635538915253887,5390.0333152151
weak,10034,hybrid-s4,1.335169853774706,12.801070091572205,2078.393337665962,7296.609952196156,2.49999999975,0.0,0.1989846938659815,0.3556588558462435,0.5343682547248191,0.6711397076724385,0.8231190533576745,0.9374563654816833,1.0405313218513057,1.0965333793692136,1.2305073698203164,1.335169853774706,0.5340679415632892,5120.428037140925
weak,10035,max-exp-cap-V,1.457970815333078,13.511813582384333,2269.551563445497,7701.733741959069,2.49999999975,0.0,0.18360969282568063,0.37079129941935973,0.496753117792213,0.6756933860821934,0.7920778735492838,0.9692406790982846,1.1047474727727429,1.2524652840204,1.3767042640382638,1.457970815333078,0.58318832619155,5404.725433494205
weak,10035,max-exp-cap,1.5258766911843828,13.859057874677568,2375.2573053469605,7899.662988566213,2.4999999997500004,0.0,0.18102782318820598,0.37673054939508765,0.5197127275412234,0.66756777606369,0.8183078886215998,0.9795889196456564,1.1409511844059135,1.2801936408894146,1.4131680836987104,1.5258766911843828,0.6103506765347881,5543.623150425388
weak,10035,rolling-lp-V,1.2686512031947985,12.239868432985512,1974.8470212141988,6976.725006801741,2.499999997500005,0.0,0.1698814146484306,0.35888141831219467,0.49652451324102875,0.631290807208267,0.7456403773563477,0.904277537300054,0.9906476169302695,1.0989327573939494,1.198222571645116,1.2686512031947985,0.5074604817853788,4895.947378090142
weak,10035,ppo-s0,1.3694150390106885,12.86603308594333,2131.70113565165,7333.638858987698,2.4975908030816707,0.0,0.17938813248333024,0.3762503428559938,0.5093431403538186,0.6458867120389519,0.7733357780323074,0.9181717121085343,1.0536678064210918,1.1663863952551392,1.273356336528709,1.3694150390106885,0.5482943952712452,5151.377507503824
weak,10035,ppo-s1,1.376077708172833,12.652981205633512,2142.0725855151445,7212.199287211101,2.4971977083936796,0.0,0.17058567901868454,0.3587155384585835,0.5063394149285612,0.6307814554069051,0.7563397145598473,0.8967681322344325,1.0291757199148452,1.1405713236489694,1.2629811584544393,1.376077708172833,0.5510487629984226,5066.872023430028
weak,10035,ppo-s2,1.3354108006459406,12.455926115276997,2078.7684078268776,7099.877885707887,2.4982125875203387,0.0,0.18046686847707213,0.36909985407447543,0.4854929927082047,0.6155264862579258,0.7398830941125183,0.8890281121123084,1.0170469503328472,1.1273361445859322,1.2424554058307629,1.3354108006459406,0.5345465022940401,4985.9352152414
weak,10035,ppo-s3,1.3728111857284402,12.813877652397311,2136.9877504534716,7303.9102618664665,2.4957825921951016,0.0,0.1795892701485983,0.373362410592765,0.5096435529067512,0.6404385726578992,0.7667538152763615,0.9127975479489251,1.048383733209991,1.1601772980948561,1.26773910773393,1.3728111857284402,0.5500523923924877,5134.212287748666
weak,10035,ppo-s4,1.3840301756484303,12.906796800584097,2154.4518010678016,7356.874176332935,2.497402072627378,0.0,0.18276460076710915,0.3762776999249467,0.5127935341283294,0.6438616203045694,0.7689068795231326,0.917885958867038,1.0549393425460245,1.1673068208714834,1.2826215684069795,1.3840301756484303,0.5541879662942576,5168.089248442712
weak,10035,residual-s0,1.3691343734901078,12.97339668596834,2131.264237419984,7394.836111001952,2.49999999975,0.0,0.17196896653497074,0.3735684382829434,0.4976374555647739,0.6755877767446592,0.7830670700642978,0.9521142992983752,1.058067969740119,1.1717518937581755,1.281274043475634,1.3691343734901078,0.5476537494508085,5189.3586749062715
weak,10035,residual-s1,1.3705311081440565,12.791515301104726,2133.4384656584716,7291.163721629693,2.49999999975,0.0,0.17196896653497074,0.37344119076649124,0.48834375307161154,0.6626448590041194,0.7737858657283283,0.935764153957906,1.0310471851525556,1.1564196577999935,1.253384072357137,1.3705311081440565,0.5482124433124439,5116.606120953551
weak,10035,residual-s2,1.3594007657961213,13.0007835973971,2116.112408365844,7410.446650516347,2.49999999975,0.0,0.18360969282568063,0.3834712113788302,0.49881030018815087,0.6783391210226545,0.7995113309579003,0.9485803312169147,1.0652094909011736,1.1644039629405645,1.2704295630504239,1.3594007657961213,0.5437603063728246,5200.313439478872
weak,10035,residual-s3,1.362366751920048,12.774820792534209,2120.7294132975767,7281.647851744498,2.49999999975,0.0,0.17196896653497074,0.3724083485201135,0.5035175042544696,0.6772977915333823,0.7525514133580917,0.9182329661450053,1.035697490042616,1.147583408455729,1.264981539334528,1.362366751920048,0.5449467008225138,5109.9283175246765
weak,10035,residual-s4,1.3855903325557004,13.021919618194042,2156.8804207019375,7422.494182370604,2.49999999975,0.0,0.17196896653497074,0.3735684382829434,0.5174228651087276,0.677044002515481,0.7876320856086014,0.9502522256790962,1.0809003456860382,1.1529874507264173,1.2679769387665476,1.3855903325557004,0.5542361330777038,5208.767847798494
weak,10035,hybrid-s0,1.3981994726093419,12.964151854733723,2176.508449755391,7389.566557198222,2.49999999975,0.0,0.18141615829229182,0.3815080829992201,0.5201191211827926,0.6535127140360157,0.766973004500067,0.9374259502923228,1.0535416003355698,1.1639261959304739,1.2716110628273523,1.3981994726093419,0.5592797890996647,5185.660742412056
weak,10035,hybrid-s1,1.3435491648331865,12.6544148730788,2091.4369996606815,7213.016477654915,2.4999999997500004,0.0,0.18054214724108172,0.3809823835130688,0.5072116553363362,0.6413683790373503,0.7537612880354889,0.9019804951262091,1.0407594791902572,1.1368316013264101,1.2422702460053547,1.3435491648331865,0.5374196659870165,5061.765949737696
weak,10035,hybrid-s2,1.3826708713130396,12.914585599266168,2152.335838767912,7361.313791581715,2.49999999975,0.0,0.18054214724108172,0.3809823835130688,0.507584884782046,0.6608315926861916,0.7814255519010577,0.9208667201919469,1.0451376525500302,1.1596396660567554,1.276710292402563,1.3826708713130396,0.5530683485805227,5165.83424022305
weak,10035,hybrid-s3,1.3638687849745559,12.859199033448443,2123.0675543847333,7329.7434490656115,2.4999999997500004,0.0,0.18054214724108172,0.38033252501354053,0.5199362321995404,0.657002743839886,0.7620340766747191,0.9298653506430321,1.0449605803590585,1.1573837840494956,1.264884941976134,1.3638687849745559,0.545547514044377,5143.679613893743
weak,10035,hybrid-s4,1.266076116977185,12.273849872812056,1970.8385109685005,6996.094427502871,2.4999999997500004,0.0,0.19330710808421522,0.38503995147222014,0.5192608382100847,0.6509278625850954,0.7485071654614192,0.9082180551303921,0.9815413799787684,1.0736860386592384,1.1582155406843215,1.266076116977185,0.506430446841517,4909.539949615775
weak,10036,max-exp-cap-V,1.3849135512644954,13.020615725156743,2155.826908504429,7421.750963339343,2.4999999997500004,0.0,0.16291541345027158,0.3069577219237768,0.49912823889041896,0.6776339527089149,0.8087907895651636,0.9504537206982049,1.0857969195689323,1.1991001080984478,1.288815608151701,1.3849135512644954,0.5539654205611946,5208.246290583521
weak,10036,max-exp-cap,1.4832541781923352,13.606795592652391,2308.9089326760172,7755.873487811863,2.4999999997500004,0.0,0.16726514536275452,0.32733851706515016,0.5252944216056258,0.7037764586645338,0.8358513597435189,0.9694720088883666,1.1178254233847302,1.2458682827046592,1.365124988509488,1.4832541781923352,0.5933016713362641,5442.718237605228
weak,10036,rolling-lp-V,1.3494404265733437,12.825109991616705,2100.607637476217,7310.312695221521,2.4999999975000056,0.0,0.1771361172085812,0.3457177402243108,0.5417079010077037,0.7051221984269074,0.8131846436577492,0.9145299631097408,1.0355713578267558,1.122867702766119,1.2336341521128575,1.3494404265733437,0.5397761711691125,5130.044001776714
weak,10036,ppo-s0,1.3743946990825808,12.76237778378787,2139.452727921354,7274.555336759086,2.497175659240156,0.0,0.16992740956474506,0.3258177683430655,0.502891342674539,0.6568571688153342,0.7789182880432748,0.9067991980388643,1.0439632372035934,1.1676786843930982,1.2713649354105132,1.3743946990825808,0.5503796635198597,5110.724884957121
weak,10036,ppo-s1,1.399413656806411,12.720975249946521,2178.3985106631876,7250.955892469517,2.4977109665036474,0.0,0.15706256478617023,0.3101802763573199,0.4911819851642318,0.649192651426038,0.7846301739194215,0.9049009389141486,1.0354763581120934,1.1611347540683157,1.2788421855960035,1.399413656806411,0.5602784611885426,5093.0533678817255
weak,10036,ppo-s2,1.3868965650792198,12.942936339345273,2158.913768718783,7377.473713426805,2.4976875312284164,0.0,0.18129091031556724,0.33957547769171764,0.5164927301356057,0.6729790992476982,0.7962100774157848,0.9211708688947174,1.0492600108303236,1.1691536470472341,1.2815750274544104,1.3868965650792198,0.5552722459230576,5181.967791215124
weak,10036,ppo-s3,1.3739016113201794,12.647427791995844,2138.6851624184615,7209.03384143763,2.4963937627986947,0.0,0.1708231761516368,0.3290708913758085,0.49632211955788313,0.6460945899205638,0.769476911294182,0.8950890966307491,1.0320709046759071,1.149382370691353,1.262536633609642,1.3739016113201794,0.5503545281173532,5066.279198605622
weak,10036,ppo-s4,1.3940570390624067,12.901124495757896,2170.0601268986898,7353.640962582001,2.497297059463818,0.0,0.16421073881001394,0.32236666638668304,0.5078927849784504,0.6684637510275161,0.7937725303560532,0.9206911466590277,1.0550488183575553,1.1722625829437425,1.288978226566357,1.3940570390624067,0.5582263566841014,5166.03519267661
weak,10036,residual-s0,1.3869764757233514,12.866707951291241,2159.0381616938807,7334.023532236007,2.49999999975,0.0,0.1539953636562325,0.3075995213945636,0.5033945182786401,0.6779488048104985,0.8001311137971885,0.9251277695259079,1.0526875691177908,1.1680647302058438,1.289709065316546,1.3869764757233514,0.5547905903448196,5146.683181031164
weak,10036,residual-s1,1.346770073525453,12.418160561544179,2096.450830034631,7078.351520080181,2.49999999975,0.0,0.1539953636562325,0.30828510127110076,0.5070952831643751,0.6559422840322858,0.7653498709539168,0.8870994984307337,1.0109103533785015,1.1120637580218777,1.2299743497586781,1.346770073525453,0.538708029464052,4967.264225114398
weak,10036,residual-s2,1.3570599558617806,12.594923919265677,2112.468584504392,7179.106633981435,2.49999999975,0.0,0.16291541345027158,0.3132780621177309,0.511044919872902,0.6688443487500664,0.8036017340797301,0.9129070081546904,1.01878484202473,1.1191787105865112,1.223424570535479,1.3570599558617806,0.5428239823989947,5037.969568210067
weak,10036,residual-s3,1.3012229036927971,12.339885189923818,2025.5497876975069,7033.734558256576,2.49999999975,0.0,0.1539953636562325,0.3075995213945636,0.4926086140844298,0.6700710850730554,0.767821091463733,0.8881386273905246,1.002665629983317,1.1180655697248965,1.2250130553779497,1.3012229036927971,0.5204891615291678,4935.954076463123
weak,10036,residual-s4,1.315264628939736,12.1427232842138,2047.407851763338,6921.3522720018655,2.4999999997500004,0.0,0.1539953636562325,0.3075995213945636,0.4924048937762061,0.6278263681367513,0.742397386919791,0.8621879960299045,0.9845595856762119,1.0969958091296985,1.2173121538266218,1.315264628939736,0.5261058516285049,4857.089314171229
weak,10036,hybrid-s0,1.3639376713775087,12.743639899334196,2123.1747864650174,7263.874742620492,2.49999999975,0.0,0.16752128357852594,0.32850790653601997,0.5144659266113946,0.6721701556138814,0.7787957543212165,0.9172065628801725,1.0386763048480208,1.1503025112546632,1.2549913476570307,1.3639376713775087,0.5455750686055609,5097.455960243425
weak,10036,hybrid-s1,1.359087687422004,12.870998440513635,2115.6250546369583,7336.4691110927715,2.49999999975,0.0,0.16966380803221845,0.3298908850078882,0.5250138962974084,0.6822299382865507,0.7952777479635191,0.9162418626449088,1.054425191772711,1.1625656524439767,1.2739944928207618,1.359087687422004,0.5436350750231651,5148.399376720294
weak,10036,hybrid-s2,1.3818483969739708,12.895620796208986,2151.0555333581624,7350.503853839122,2.4999999997500004,0.0,0.16966380803221845,0.3298908850078882,0.5203496327729046,0.6824814270993482,0.8065870099063539,0.924936734009759,1.042234479928695,1.165906676143363,1.2603096322722926,1.3818483969739708,0.5527393588448621,5158.248318999418
weak,10036,hybrid-s3,1.3521684150815034,12.699844287375603,2104.8541632081747,7238.911243804093,2.49999999975,0.0,0.16966380803221845,0.33089931604410205,0.511095149736317,0.6717282577257255,0.7820643770461992,0.9112859424586455,1.0365774200889781,1.1332786099042134,1.2596796172748097,1.3521684150815034,0.5408673660866881,5079.937715458235
weak,10036,hybrid-s4,1.2816435767181436,12.0782586333287,1995.0716109883358,6884.6074209973585,2.49999999975,0.0,0.16609548977788888,0.3169267387886094,0.48878505850396814,0.6368957882263468,0.7430539502235097,0.8750545136150769,0.9907172716910924,1.0736550308628423,1.1863038880008978,1.2816435767181436,0.5126574307385232,4831.30345381461
weak,10037,max-exp-cap-V,1.4530371807478064,13.2621277685086,2261.871616790382,7559.412828049902,2.49999999975,0.0,0.17964463025405228,0.33847160273924476,0.49647610637869144,0.6888328264096228,0.8262094889467578,0.9443310921939163,1.0688223696322923,1.1910127210578751,1.3328165015615066,1.4530371807478064,0.581214872357244,5304.851107933925
weak,10037,max-exp-cap,1.4889382054560514,13.471991774617827,2317.7569787599077,7679.03531153216,2.4999999997500004,0.0,0.18503783471269808,0.3586872770100319,0.5207885039130047,0.6785803234840235,0.8193644988353377,0.9374073294417076,1.079603166781635,1.2209685481621362,1.3650964767313807,1.4889382054560514,0.595575282241978,5388.796710386009
weak,10037,rolling-lp-V,1.2727120794527347,12.058079279967675,1981.1683878446086,6873.1051895815735,2.4999999975000056,0.0,0.17034185953913136,0.328438697435011,0.5043291048967496,0.6576662415932303,0.7711296714200979,0.8773643108619227,0.957004611736577,1.0463215651902322,1.1608598508482049,1.2727120794527347,0.5090848322901775,4823.231716810291
weak,10037,ppo-s0,1.405372903425266,12.911335805548378,2187.6749772004755,7359.4614091625745,2.497411422833844,0.0,0.18522210483957116,0.34188311037971214,0.4963942004468342,0.6571022722872658,0.7884935793866977,0.9192761509730845,1.0401569056050608,1.1694094753096893,1.2909933769053947,1.405372903425266,0.5627318312777523,5169.887383192043
weak,10037,ppo-s1,1.4383687483929188,13.118834563447693,2239.037988548843,7477.735701165185,2.497069080006644,0.0,0.1843734940985979,0.3520311563170487,0.5055722047018816,0.6604869316541236,0.7960542065163556,0.9268546261832425,1.0564672000081903,1.1859454727298284,1.3214482367623845,1.4383687483929188,0.5760228100654274,5253.693087022161
weak,10037,ppo-s2,1.3899878951987423,12.576961868057486,2163.7258904924865,7168.868264792766,2.4976844815754013,0.0,0.1774012341694923,0.3388338118372668,0.4692222540594709,0.6307106215900031,0.7663671164224587,0.8907870984873394,1.0123913206496593,1.1372517514784288,1.2665475536497715,1.3899878951987423,0.5565106023007417,5035.448616842362
weak,10037,ppo-s3,1.408788119371587,12.863191887642902,2192.9912761338705,7332.019375956454,2.496531402208245,0.0,0.18517004257922443,0.342842333232889,0.4944585887837629,0.6499983859884684,0.7827885504942773,0.9102301615630051,1.040609206936968,1.1632800509886732,1.2852107557273587,1.408788119371587,0.5642981771130451,5152.425431646918
weak,10037,ppo-s4,1.4479515317786538,13.128304576913607,2253.9550368097066,7483.133608840755,2.497115063445011,0.0,0.18610437519328019,0.34523289834402937,0.510294287627356,0.6680091645307632,0.799917768329847,0.9267513015336688,1.0594255592900832,1.1776290223980523,1.312369950433425,1.4479515317786538,0.579849744601302,5257.388723930824
weak,10037,residual-s0,1.4279106926819378,13.081529146698188,2222.758446846196,7456.471613617966,2.49999999975,0.0,0.17924373076389394,0.34394230058093334,0.5062850993646969,0.6948782579624205,0.8339111791461749,0.948609883565142,1.0432953607921207,1.1464945510571705,1.279066042711404,1.4279106926819378,0.5711642771298916,5232.611659202536
weak,10037,residual-s1,1.4127707947907573,12.87790440631874,2199.1909113592224,7340.405511601681,2.4999999997500004,0.0,0.17924373076389394,0.33875720189102665,0.49104029221372897,0.6767566398152818,0.7989931748835881,0.9196386596245183,1.040267520079621,1.1450310322140687,1.2703285419885595,1.4127707947907573,0.5651083179728137,5151.161763042611
weak,10037,residual-s2,1.4511139610331343,13.434814130361694,2258.8778351149335,7657.844054306165,2.4999999997500004,0.0,0.17964463025405228,0.3425926202642893,0.4992782680455202,0.6894187907411138,0.8362557901857021,0.9538892913215203,1.09448962416615,1.2351680783002377,1.348738013140499,1.4511139610331343,0.5804455844712981,5373.925652682069
weak,10037,residual-s3,1.4403387332454005,13.054253543509814,2242.104567217561,7440.924519800594,2.49999999975,0.0,0.17924373076389394,0.3456335741122199,0.5011458523288633,0.6919177904739976,0.7995414066816167,0.9153347390332562,1.0417274168057786,1.1648907439954512,1.3063411328088246,1.4403387332454005,0.5761354933557737,5221.701417926096
weak,10037,residual-s4,1.4783622564126866,13.412979015202012,2301.2939182967907,7645.3980386651465,2.49999999975,0.0,0.17924373076389394,0.3455650432205903,0.5310748945980779,0.6897807063865908,0.8270114832228412,0.9459185580741082,1.077068950475254,1.198875700380999,1.3436607611576727,1.4783622564126866,0.5913449026242091,5365.191606617324
weak,10037,hybrid-s0,1.4251763781752866,13.221886393546786,2218.502073743073,7536.475244321667,2.49999999975,0.0,0.1878290756883536,0.36037852369850615,0.539241103548085,0.705776386074448,0.825056347348391,0.9361023283824181,1.0580770375316002,1.1617747705409722,1.2943913165505552,1.4251763781752866,0.5700705513271217,5288.75455794759
weak,10037,hybrid-s1,1.4245616798730047,13.158049828780284,2217.545203085362,7500.088402404761,2.49999999975,0.0,0.18876451757825247,0.35758954558066286,0.5283955165117765,0.6865357593475615,0.8132434337742875,0.92306310700917,1.0516418991968501,1.1757491380355682,1.3032497550907463,1.4245616798730047,0.5698246720061844,5263.219932038435
weak,10037,hybrid-s2,1.4782726036444556,13.552059732471188,2301.1543602355687,7724.674047508576,2.4999999997500004,0.0,0.18876451757825247,0.35758954558066286,0.5283955165117765,0.695251479671993,0.843494635580814,0.958369469271284,1.0910033230725953,1.217217206624044,1.3475499073420112,1.4782726036444556,0.591309041516913,5420.823893530556
weak,10037,hybrid-s3,1.404970133331594,13.054852853900313,2187.0480047767555,7441.266126723178,2.4999999997500004,0.0,0.18876451757825247,0.36341674063659707,0.5244794553181351,0.685615555346785,0.806515146187871,0.9233639887283676,1.0415930381291183,1.1610491866943222,1.286732358169048,1.404970133331594,0.5619880533888363,5221.941142082318
weak,10037,hybrid-s4,1.4267913043616458,13.295821677242719,2221.0159500241034,7578.618356028349,2.49999999975,0.0,0.19478704087807544,0.37854942963734545,0.5386958726300437,0.7012982921221024,0.8219119841941243,0.9443457632002766,1.0709064494134408,1.1829819376337918,1.2810315745098457,1.4267913043616458,0.5707165218017299,5318.328671428921
weak,10038,max-exp-cap-V,1.4838045976959797,14.081576097491467,2309.765743684791,8026.498375570136,2.49999999975,0.0,0.19903779818112935,0.35529584503171047,0.5426384413180879,0.7298553531158961,0.8666688299958251,1.0216275421476495,1.1787775701166878,1.2836859447793612,1.3846801363931103,1.4838045976959797,0.593521839137744,5632.630439559851
weak,10038,max-exp-cap,1.5258653674374367,13.760738802931042,2375.2396782262285,7843.621117670694,2.49999999975,0.0,0.1395426497308967,0.3118790846674979,0.5041491222693959,0.6950166977917418,0.849912837925241,0.9790588718479402,1.1445189732557512,1.277894889076722,1.412126147134157,1.5258653674374367,0.6103461470360093,5504.295521722846
weak,10038,rolling-lp-V,1.3559164189468997,12.575818177284514,2110.6884967511037,7168.216361052173,2.4999999975000056,0.0,0.14394702035346987,0.31950000769915265,0.5053072278162769,0.6724496764002846,0.8058434027998256,0.8938967531456441,1.0112098583775573,1.1290050193235144,1.2416905602391846,1.3559164189468997,0.5423665681211253,5030.3272759441215
weak,10038,ppo-s0,1.382790797672885,12.723845120424784,2152.5225222423837,7252.591718642126,2.4973636628194145,0.0,0.15074292308236112,0.30891184606662153,0.4950970847229661,0.6441864238970947,0.7810285908950875,0.9093273371208719,1.0427107209143232,1.1768346684946214,1.2822287708503042,1.382790797672885,0.5537002152549039,5094.910809289232
weak,10038,ppo-s1,1.388911170609283,12.410031428637156,2162.049806204853,7073.717914323178,2.4970548432477493,0.0,0.1271150745870793,0.29165589427304994,0.4706235061246999,0.6178999211596886,0.7531824584148682,0.8841630951019839,1.0234102655324036,1.1513808113662578,1.2639215450348185,1.388911170609283,0.5562197299610852,4969.8673868517335
weak,10038,ppo-s2,1.4098918733836212,13.01559167980488,2194.70943579614,7418.887257488781,2.4974322288329596,0.0,0.1566222369485646,0.32596514247178976,0.5148239438850671,0.6612796818275744,0.8008085497936118,0.9268463549476491,1.0672895977183612,1.1954825709765178,1.302268601524473,1.4098918733836212,0.5645365896645205,5211.589539663712
weak,10038,ppo-s3,1.3794119227217223,12.602879804926104,2147.2627935513497,7183.641488807879,2.495813376551857,0.0,0.15123850852423967,0.3137772137691922,0.4720849370493504,0.6232394099185609,0.7676896930983244,0.9040721009172614,1.0419592406679432,1.1705219944139267,1.2721554434798128,1.3794119227217223,0.5526903316094401,5049.608245283898
weak,10038,ppo-s4,1.403831491479198,13.002203213095047,2185.2755369268284,7411.255831464176,2.497487699875833,0.0,0.16292306716145966,0.3262173718959129,0.5126946463482867,0.6611578946443767,0.8036931787297821,0.9333418096014326,1.0683362188121577,1.1928858596203615,1.2875961999221643,1.403831491479198,0.5620974595986967,5206.113012585197
weak,10038,residual-s0,1.5145417748495864,14.275277804699908,2357.612797776153,8136.908348678947,2.49999999975,0.0,0.19814795521994463,0.3680165582656683,0.5641257925770659,0.7417156634158627,0.8941491428938794,1.0177809407734484,1.169569851339831,1.3144051529472232,1.3880541327267197,1.5145417748495864,0.6058167100004163,5710.111122450974
weak,10038,residual-s1,1.5057912096412607,14.17289741475551,2343.9912226796373,8078.551526410641,2.49999999975,0.0,0.19814795521994463,0.3634300994706012,0.5620874795577188,0.718639895680253,0.8864791924553734,1.009342961191297,1.1628673273343766,1.305378245634544,1.3925729450272577,1.5057912096412607,0.602316483916736,5669.15896646912
weak,10038,residual-s2,1.4464726338296572,14.009568936459829,2251.6529090050735,7985.454293782102,2.49999999975,0.0,0.19903779818112935,0.37071278209331954,0.5700438320922048,0.7347347777954439,0.9178431743250144,1.0243701948333603,1.148616391882467,1.2457001135010946,1.342282614451764,1.4464726338296572,0.5785890535897218,5603.827575144314
weak,10038,residual-s3,1.4789165737461807,14.246539255003011,2302.156796865858,8120.527375351715,2.49999999975,0.0,0.19814795521994463,0.3680165582656683,0.5552359434469929,0.7327766815839688,0.9225626309055218,1.029288356620213,1.1717774407286843,1.299152116931795,1.3961709253262984,1.4789165737461807,0.591566629557629,5698.615702571065
weak,10038,residual-s4,1.4203003067929756,13.654781537598726,2210.911732898927,7783.225476431274,2.49999999975,0.0,0.19814795521994463,0.3680165582656683,0.5453134821106655,0.6923279727103626,0.8716416549150425,0.9867438080896431,1.112323897318344,1.250494070692882,1.3265874793109755,1.4203003067929756,0.5681201227740023,5461.912615585682
weak,10038,hybrid-s0,1.4033560539133694,13.00732291596155,2184.535446618093,7414.174062098084,2.4999999997500004,0.0,0.13680946403249838,0.3080382081852663,0.4961534931337043,0.6540800615936444,0.8087675956333579,0.9572061273059996,1.0943535860403348,1.2004635811926503,1.2967384888738456,1.4033560539133694,0.5613424216214818,5202.929166904913
weak,10038,hybrid-s1,1.432978250092387,13.268928652522385,2230.6468645859622,7563.289331937759,2.4999999997500004,0.0,0.13528124863961077,0.3054931857275004,0.5044681214475215,0.6666415155411141,0.8274108301043188,0.9735512442682341,1.1129103669007963,1.2418053049081537,1.323483372818222,1.432978250092387,0.5731913000942739,5307.57146153971
weak,10038,hybrid-s2,1.4960016050158498,13.508046393602168,2328.7522259525053,7699.586444353235,2.4999999997500004,0.0,0.13528124863961077,0.3054931857275004,0.5011044988817089,0.6715421345677781,0.8523060993363873,0.9793416969182784,1.102803618416104,1.241581754786212,1.3921779824906677,1.4960016050158498,0.5984006420661798,5403.2185579811885
weak,10038,hybrid-s3,1.467121836847387,13.448807472342168,2283.7965092060736,7665.820259235034,2.4999999997500004,0.0,0.13528124863961077,0.3064962062831304,0.4987665721930899,0.6758434995622398,0.8329691219546125,0.974617748241964,1.1269057467893444,1.264339685228026,1.357236791751406,1.467121836847387,0.5868487347976395,5379.522989474818
weak,10038,hybrid-s4,1.3531201931286827,12.644414192092572,2106.335749349894,7207.316089492766,2.49999999975,0.0,0.14834469369047776,0.31135928551488146,0.5021376569322984,0.6445827672112496,0.8038336914274565,0.9160410007877329,1.036549167586958,1.15856978233315,1.24829411557569,1.3531201931286827,0.5412480773055979,5057.765677342805
weak,10039,max-exp-cap-V,1.496197201303726,13.265680690519119,2329.056701087594,7561.437993595897,2.4999999997499995,0.0,0.16333625884825553,0.3272925871152955,0.4829246914695292,0.6473193009580898,0.7941380262571271,0.9391724280801478,1.089264309499729,1.227853687183865,1.354438443355087,1.496197201303726,0.5984788805813384,5306.272276738276
weak,10039,max-exp-cap,1.493446300549764,13.467199545394994,2324.7745089878767,7676.303740875146,2.49999999975,0.0,0.1624905387794937,0.35012987370946824,0.5091954281176614,0.6697281204190559,0.8111868666570149,0.9450047764145559,1.1044168200985882,1.2375685540837198,1.368226334649302,1.493446300549764,0.5973785202796434,5386.879818696686
weak,10039,rolling-lp-V,1.3939016751462547,12.983366815134385,2169.8182795207467,7400.519084626599,2.4999999975000056,0.0,0.19393301462216822,0.356976084461288,0.517775292469049,0.6668086557184757,0.8000379248522558,0.9319180756856531,1.0465348797692737,1.156964705535032,1.2757268375148783,1.3939016751462547,0.5575606706160613,5193.346731247089
weak,10039,ppo-s0,1.3941123768061527,12.816145950464188,2170.146268446597,7305.203191764586,2.497547945885062,0.0,0.17031060317853575,0.35687444897995557,0.515220923841916,0.6563191387051202,0.7712274049406697,0.8983534788859387,1.0288619284732212,1.1647916855616272,1.277081670488501,1.3941123768061527,0.5581924379482204,5131.491458083901
weak,10039,ppo-s1,1.3832671315176097,12.381697043396287,2153.264007744458,7057.567314735883,2.497590252459669,0.0,0.14515799714217673,0.33146201790086915,0.4961418088847686,0.6269236543239273,0.7420389908850209,0.8647062581003294,0.9891015520813393,1.1230468513582599,1.2522153349619016,1.3832671315176097,0.5538406991120121,4957.45730557788
weak,10039,ppo-s2,1.411121307737941,13.156459338509578,2196.6232358747534,7499.181822950459,2.497623463730868,0.0,0.19763612321444335,0.3876784482004819,0.5369866611209687,0.66716305613438,0.790467479151887,0.9200315804663397,1.0518195586976768,1.1876620911269875,1.301206307564533,1.411121307737941,0.5649856066094344,5267.59118400373
weak,10039,ppo-s3,1.4095681652986265,12.908108719020689,2194.205535318385,7357.621969841792,2.4966736076543214,0.0,0.17019326468499,0.36442676832494086,0.5124664977678484,0.6530444041543362,0.7781995606673474,0.9112204916957871,1.0386786826336898,1.1671624916827388,1.287270656776951,1.4095681652986265,0.5645784699198011,5170.12263014553
weak,10039,ppo-s4,1.3997734662559707,12.662378188206075,2178.958608362128,7217.555567277463,2.497149179555615,0.0,0.15828521572309281,0.34926898493486613,0.5019593599084431,0.6316989730164885,0.7572367641475705,0.8881354788475446,1.0204552307854222,1.1503652725938442,1.2771937652831005,1.3997734662559707,0.5605485958612493,5070.733575660639
weak,10039,residual-s0,1.4356367600788262,13.116356875617456,2234.7852365154304,7476.323419101949,2.4999999997500004,0.0,0.16033967811378372,0.34199228779584967,0.49902744414803485,0.6591524416705894,0.7946161307577864,0.9347257711882224,1.068385186838409,1.1999642792815104,1.33217061893965,1.4356367600788262,0.5742547040889558,5246.542750771636
weak,10039,residual-s1,1.42967686087961,12.894951388184124,2225.5077541383444,7350.122291264949,2.49999999975,0.0,0.16033967811378372,0.34930686155958324,0.49670971767663596,0.6569171905968698,0.7683808508681138,0.9022213039229617,1.0425523804139614,1.1735076902930832,1.3041661168947043,1.42967686087961,0.5718707444090311,5157.980555789447
weak,10039,residual-s2,1.4106790690984983,12.894464532590394,2195.9348247042362,7349.844783576525,2.49999999975,0.0,0.16333625884825553,0.3453115834653823,0.496149894861056,0.6545371132984735,0.7968371397140398,0.91954359886426,1.0437227551306303,1.1747237906885588,1.278624688880454,1.4106790690984983,0.5642716276958265,5157.785813551936
weak,10039,residual-s3,1.4111163125134485,12.827548700007473,2196.6154600541145,7311.702759004258,2.49999999975,0.0,0.16033967811378372,0.34199228779584967,0.49945053569012554,0.6635504101789158,0.7646333699790283,0.8990169525414992,1.0319464932928317,1.1720729861329022,1.2963598146486295,1.4111163125134485,0.564446525061824,5131.019480516091
weak,10039,residual-s4,1.4313038009625911,12.945189880325799,2228.040331862212,7378.758231785705,2.49999999975,0.0,0.16033967811378372,0.34199228779584967,0.4990457186739817,0.6680299180900882,0.7785997772265212,0.9169055904732322,1.0384864783634085,1.1680484894446679,1.3133003605081899,1.4313038009625911,0.5725215204422887,5178.075952648127
weak,10039,hybrid-s0,1.4337666766359027,13.066562623052677,2231.8741694645505,7447.940695140026,2.49999999975,0.0,0.16521819840726787,0.35824990360393344,0.5274573978155909,0.6675855161520938,0.7815575371224154,0.9215833231626206,1.0500657473303052,1.1834751044862197,1.3050631272992945,1.4337666766359027,0.5735066707117118,5226.625049743734
weak,10039,hybrid-s1,1.4121912820133122,12.909018538027677,2198.2888122799714,7358.1405666757755,2.49999999975,0.0,0.1630494540330972,0.3631674978306562,0.5282328625495301,0.6646162656922969,0.7827238723213424,0.9163031863914777,1.0311642216405255,1.1511620002983523,1.2802048130127388,1.4121912820133122,0.5648765128618125,5163.6074157274315
weak,10039,hybrid-s2,1.440256311394862,13.214688634973314,2241.9762651707815,7532.372521934788,2.49999999975,0.0,0.1630494540330972,0.3631674978306562,0.5248775527484122,0.690235266902089,0.8081216010527252,0.9452426353991086,1.0649898289834314,1.1823336509126219,1.3069055936338816,1.440256311394862,0.5761025246155551,5285.875454517914
weak,10039,hybrid-s3,1.4119193253997229,12.979505090687612,2197.8654707761016,7398.317901691938,2.49999999975,0.0,0.1630494540330972,0.35165029346454546,0.5204666565160044,0.6648436478669478,0.7863551260918509,0.9237658703989378,1.035822738512758,1.171062829109939,1.3091604140645272,1.4119193253997229,0.564767730216366,5191.8020367942245
weak,10039,hybrid-s4,1.3320348840423337,12.165389063640385,2073.513284250191,6934.271766275019,2.49999999975,0.0,0.13301894319918775,0.30890378504729643,0.48164497096180514,0.6181539912911029,0.7366620721460689,0.8704032197845106,0.996212079160019,1.111915117686793,1.2261552496373,1.3320348840423337,0.5328139536702149,4866.15562594277
weak,10040,max-exp-cap-V,1.4771904365215036,13.535676753239427,2299.4698038233446,7715.335749346472,2.49999999975,0.0,0.1640808408334218,0.3387338949817947,0.5231949963749519,0.6969779296555938,0.8109456799826126,0.9869784111126954,1.1176033753141503,1.2317877824850323,1.347890353140079,1.4771904365215036,0.590876174667689,5414.2707018371975
weak,10040,max-exp-cap,1.5197638664964275,13.842038983449772,2365.741771372127,7889.96222056637,2.49999999975,0.0,0.18278121926019936,0.36633575897795434,0.5469993222717857,0.6860628256801666,0.8263988796901993,1.006387790351174,1.1114771004476107,1.2532981899858266,1.3926873140786635,1.5197638664964275,0.6079055466593616,5536.815593933591
weak,10040,rolling-lp-V,1.3174637551907062,12.320061171725763,2050.8311235933456,7022.434867883684,2.4999999975000056,0.0,0.16781263773517202,0.34690481584666183,0.5077604017289115,0.6283370362971441,0.7516401998295815,0.8886240306737181,0.9943978142598289,1.0989016910524354,1.212624034806708,1.3174637551907062,0.5269855026032668,4928.024473618319
weak,10040,ppo-s0,1.3752439455867047,12.672133815950257,2140.774708245593,7223.1162750916465,2.4969091777499006,0.0,0.16979044856774653,0.3499821335695034,0.5005771507350991,0.6449885503487932,0.7694603039586783,0.9111476013923978,1.021077775068249,1.1369848025125118,1.261386861834188,1.3752439455867047,0.5507785216385047,5075.128053864498
weak,10040,ppo-s1,1.365281982407149,12.53409894502756,2125.267409422206,7144.436398665709,2.4973476956520644,0.0,0.17609818892510362,0.35737063558303095,0.5111686334121379,0.6406917543027341,0.7530100527121861,0.8903016500103687,0.9948929879000228,1.119755918343901,1.2433935065037818,1.365281982407149,0.546692791229725,5018.964306351772
weak,10040,ppo-s2,1.4223524574170725,13.000243930660313,2214.106214988941,7410.139040476377,2.4974191802867116,0.0,0.168303542965026,0.349789350538532,0.5061984707515033,0.6531400485312358,0.7854363097727474,0.9413257379214984,1.0534181571024477,1.1714080111688716,1.3000469996080493,1.4223524574170725,0.5695289235561096,5205.471325469616
weak,10040,ppo-s3,1.3873577275465534,12.739520571035914,2159.631637682779,7261.526725490471,2.4958203971029502,0.0,0.16939055578471604,0.35102536167012643,0.5028767106968537,0.6407610954652442,0.7684250015106462,0.9183675963687457,1.0285557554096938,1.1475720160597727,1.2695973278997035,1.3873577275465534,0.5558724214117905,5104.341877253446
weak,10040,ppo-s4,1.4053592903777952,13.024272629480691,2187.6537864380502,7423.8353988039935,2.4974958808360452,0.0,0.1714768028528421,0.3528732509115905,0.5242845250279405,0.6701070335075745,0.7984737979158034,0.9453177802908094,1.0481664156795236,1.1631834749105268,1.2876128657321368,1.4053592903777952,0.5627073506553077,5214.9325768340295
weak,10040,residual-s0,1.4620548451942021,13.584514254920208,2275.908972152855,7743.173125304518,2.49999999975,0.0,0.16354948054152646,0.3433132519354743,0.5291379401192783,0.7017894455071377,0.8249354639995512,1.0063177682572364,1.1286861932673413,1.2363558311828018,1.3306169258352312,1.4620548451942021,0.584821938136163,5433.805702511464
weak,10040,residual-s1,1.4901010925994997,13.732755038488316,2319.5671880636655,7827.6703719383395,2.49999999975,0.0,0.16354948054152646,0.3439427244811456,0.536095634763045,0.7157197029460648,0.850618941299269,1.034857308028093,1.1108617819820192,1.2218443252975013,1.3543967446339513,1.4901010925994997,0.5960404370994039,5493.102015944637
weak,10040,residual-s2,1.401467333689138,13.290143713378495,2181.595368605052,7575.381916625742,2.49999999975,0.0,0.1640808408334218,0.33809878461442416,0.522610832426046,0.7100855168357607,0.8513112981256482,1.0013757393362652,1.0739906122658192,1.1734155889188824,1.3012155503018654,1.401467333689138,0.5605869335317138,5316.057485883004
weak,10040,residual-s3,1.4430452948763477,13.336131406243721,2246.317738782092,7601.59490155892,2.49999999975,0.0,0.16354948054152646,0.34357091510025123,0.5246097055659337,0.6891791461063401,0.8044498041541571,0.9770470859832134,1.09142276582374,1.2016558654673655,1.3286647483077532,1.4430452948763477,0.577218118008261,5334.452563030934
weak,10040,residual-s4,1.4598725970611275,13.504477474408713,2272.5119736600464,7697.552160412966,2.49999999975,0.0,0.16354948054152646,0.34357091510025123,0.5343943212936607,0.6913630207461922,0.8202701526418144,0.9982786666041704,1.09137520101017,1.2212684667448894,1.3513983122201236,1.4598725970611275,0.5839490388828459,5401.790990303664
weak,10040,hybrid-s0,1.3749997701273768,13.137156803882192,2140.394612300157,7488.179378212849,2.49999999975,0.0,0.17862035201246043,0.3678558454143775,0.537187404896962,0.6884575627258661,0.8185461831412173,0.9791638798465505,1.0625715295524554,1.162476851718147,1.2694931931078512,1.3749997701273768,0.5499999081059508,5254.862722078363
weak,10040,hybrid-s1,1.4064862384897603,13.03891587149545,2189.4080512165588,7432.182046752406,2.49999999975,0.0,0.1766024590830914,0.3647028410899668,0.5238612064948694,0.6648882769550599,0.797214614295184,0.9517849487182746,1.045603894169806,1.1567300819610828,1.2883875648887624,1.4064862384897603,0.5625944954521636,5215.5663491197365
weak,10040,hybrid-s2,1.4129549107529478,13.187926621020429,2199.477515635145,7517.118173981644,2.4999999997500004,0.0,0.1766024590830914,0.3647028410899668,0.5351009657213637,0.6886269023470146,0.8316791706391771,0.9470774806290299,1.0569632585469384,1.171111883484213,1.2871674744100066,1.4129549107529478,0.5651819643576972,5275.170648935688
weak,10040,hybrid-s3,1.3720531642542644,12.918800913862784,2135.807775653051,7363.716520901787,2.49999999975,0.0,0.1766024590830914,0.36666570642352087,0.5271408199728227,0.6643595774535078,0.7976455086882601,0.955219703894365,1.0372965208063407,1.149255517534125,1.2528607228525273,1.3720531642542644,0.5488212657565879,5167.520366061865
weak,10040,hybrid-s4,1.3615734302113294,12.735637186130802,2119.4944883557314,7259.313196094557,2.49999999975,0.0,0.16851702272348668,0.35808372408141725,0.5063750534823166,0.6451899830836018,0.7750062322730655,0.9225112204312188,1.0271129860021349,1.1571886989967228,1.259876092028383,1.3615734302113294,0.5446293721389946,5094.254874961746
weak,10041,max-exp-cap-V,1.5563267681188615,13.92110044162918,2422.6574446274535,7935.027251728632,2.4999999997500004,0.0,0.17098910886253535,0.34059654009116963,0.5184796863935593,0.684404198122458,0.8328258499974293,0.9901868404327799,1.141226708275515,1.2993165817210848,1.4086294453540233,1.5563267681188615,0.6225307073097975,5568.440177208515
weak,10041,max-exp-cap,1.5511616616584547,13.867965547229554,2414.6171770725086,7904.740361920845,2.49999999975,0.0,0.16329922301069172,0.3422257481848391,0.5179258485014593,0.6963196951517759,0.8386670031404979,0.9866706518753674,1.1271323210101687,1.2809459073229086,1.4044995563706746,1.5511616616584547,0.6204646647254284,5547.18621944654
weak,10041,rolling-lp-V,1.3535286561469588,12.525527870146583,2106.9715836697505,7139.550885983552,2.4999999975000056,0.0,0.16648374379807115,0.32107393741428797,0.4961597337041611,0.6564591683383428,0.7743782816514942,0.905452718659674,1.0111547769225262,1.1224549717794954,1.2393132220515506,1.3535286561469588,0.5414114630001938,5010.2111530688335
weak,10041,ppo-s0,1.411591682937856,12.93360474834434,2197.355445847097,7372.154706556273,2.497152425127806,0.0,0.16829110378515164,0.3431538198220194,0.5080612534805371,0.6617582441876158,0.7884652291183324,0.9165992515946138,1.0437679492811878,1.1746104065491256,1.2923108145170121,1.411591682937856,0.5652805446450109,5179.341324221484
weak,10041,ppo-s1,1.4068376831807974,12.650549542048575,2189.9551279067227,7210.8132389676875,2.4973391857333955,0.0,0.1613430199967532,0.34027862536101616,0.4968448325969905,0.6505050434629926,0.7660407963350354,0.887108343146101,1.0120017599646633,1.140324896959928,1.265488731437951,1.4068376831807974,0.5633346448162388,5065.611277121525
weak,10041,ppo-s2,1.4260917061465328,13.04019226363762,2219.9269198417464,7432.9095902734425,2.4972940854966468,0.0,0.1691967162836246,0.3415272728045693,0.5204925189411038,0.6701119125477591,0.800172837906539,0.9264935118853367,1.0516219472438018,1.1771498117845176,1.2942238510392707,1.4260917061465328,0.5710547726151846,5221.728726052008
weak,10041,ppo-s3,1.4111517715927349,12.84618464813989,2196.670657461351,7322.325249439737,2.496747285670435,0.0,0.16805316284558589,0.3405597773915607,0.4998704900853961,0.6491364172073516,0.7799644106966865,0.9116146496499292,1.0367994447262994,1.1661905701739614,1.2891099690267431,1.4111517715927349,0.5651960771888084,5145.1681641421665
weak,10041,ppo-s4,1.4505564885225732,13.060815220381901,2258.0100450366854,7444.664675617682,2.497070180283248,0.0,0.16583795069083732,0.33988687446233157,0.5082091085574251,0.6627891569874859,0.7924886275674969,0.9258629120903059,1.0523368623791423,1.1856314371568766,1.3067309545452044,1.4505564885225732,0.5809033722704716,5230.455805170996
weak,10041,residual-s0,1.4628230297500462,13.304341867439085,2277.1047673233725,7583.474864440278,2.4999999997500004,0.0,0.16608497533005231,0.3442204237632925,0.5241426496021294,0.6819165225550536,0.8169011994419023,0.9642684364091804,1.0815028983944173,1.1980671071246292,1.306845817278265,1.4628230297500462,0.5851292119585313,5321.736747507807
weak,10041,residual-s1,1.5043952352495689,13.504824937459553,2341.8181779040665,7697.750214351944,2.4999999997500004,0.0,0.16608497533005231,0.3413704933423759,0.5284392094727611,0.6821097937246322,0.8152941718159376,0.9612525826866295,1.0833055121265407,1.228843394618628,1.3644689775280416,1.5043952352495689,0.6017580941600033,5401.929975524013
weak,10041,residual-s2,1.4120143752716,13.25880974203266,2198.0134302435035,7557.521552958617,2.4999999997500004,0.0,0.17098910886253535,0.3501101275526605,0.5369899752307614,0.6959068996926981,0.8220913581730048,0.9630885832845697,1.0780827186098914,1.1938606088665147,1.2943892482470576,1.4120143752716,0.5648057501651205,5303.523897343416
weak,10041,residual-s3,1.45675036341226,13.274335287619916,2267.6517458799653,7566.371113943352,2.49999999975,0.0,0.16608497533005231,0.3442533001798986,0.5232644799757237,0.6799659146281426,0.8134221821917094,0.9614992302503547,1.0751858700625838,1.195236541038902,1.311833831709894,1.45675036341226,0.582700145423174,5309.73411557894
weak,10041,residual-s4,1.4363821551520801,13.022775778875287,2235.9455564176515,7422.982193958914,2.49999999975,0.0,0.16608497533005231,0.3442533001798986,0.5095258398503658,0.6580156690392647,0.7891496306570498,0.9377757752112847,1.064021841961023,1.1677192384986832,1.2929652273149406,1.4363821551520801,0.5745528621182874,5209.110312071026
weak,10041,hybrid-s0,1.4308175873647677,13.190509319108857,2227.2834670337097,7518.590311892048,2.49999999975,0.0,0.16742063121951992,0.3455502027642995,0.5126115886599957,0.6742546386110991,0.7995138833115519,0.9528128868709026,1.0838620591204584,1.2018597048525579,1.3049433015742853,1.4308175873647677,0.5723270350031398,5276.203728171163
weak,10041,hybrid-s1,1.4495230753826855,13.29047974922795,2256.401381555461,7575.573457059931,2.4999999997500004,0.0,0.1667655202481717,0.3459481209282078,0.5200376127742006,0.6837156923429933,0.8073931487385329,0.9624443649457718,1.093120201955342,1.196641343320179,1.3122788877534228,1.4495230753826855,0.579809230211055,5316.191900222799
weak,10041,hybrid-s2,1.4122256310821686,12.980202552312978,2198.3422817884866,7398.715454818397,2.4999999997500004,0.0,0.1667655202481717,0.3459481209282078,0.5200376127742006,0.6782462194386111,0.795813556385081,0.9270597899794866,1.049695704361496,1.164854398027369,1.277897854928607,1.4122256310821686,0.5648902524893563,5192.081021444398
weak,10041,hybrid-s3,1.4409618083429439,13.363031316285198,2243.074477621049,7616.927850282562,2.4999999997500004,0.0,0.1667655202481717,0.34420155947817666,0.5136641093634342,0.6855729681053303,0.8151784355402072,0.9768597836767684,1.0988921506122653,1.2106102030382158,1.3317689048172885,1.4409618083429439,0.576384723394816,5345.212527048599
weak,10041,hybrid-s4,1.4084495965278208,13.014108658033662,2192.4643142487275,7418.041935079186,2.49999999975,0.0,0.17238052709815,0.3668264108596159,0.5238228947298301,0.6713383739356117,0.8013631285197798,0.9360116091611665,1.042733052986069,1.1668772779035907,1.270522981453137,1.4084495965278208,0.5633798386674663,5205.643463734029
weak,10042,max-exp-cap-V,1.425179162625183,13.012260783071076,2218.506408159475,7416.988646350513,2.49999999975,0.0,0.1262980147990724,0.29333490392613454,0.4704674140142445,0.6492149234368528,0.8428616328549594,0.9714741821591792,1.0741158027335265,1.192181161691502,1.3140115711906886,1.425179162625183,0.5700716651070804,5204.904313748922
weak,10042,max-exp-cap,1.516846493686531,13.992280762926873,2361.200440398817,7975.600034868317,2.49999999975,0.0,0.1721350613726042,0.37232137288680356,0.5584504445369097,0.7331659179207523,0.8705318817164599,0.9953225765670628,1.1163423951427391,1.263570749281682,1.3900214142349827,1.516846493686531,0.6067385975352863,5596.9123057304405
weak,10042,rolling-lp-V,1.354757867863157,12.779929672162922,2108.8850371785343,7284.5599131328645,2.4999999975000056,0.0,0.16785749896345661,0.339696032555424,0.5319280893568079,0.685319937595542,0.8224338450342032,0.9128419108195356,1.0106422507686634,1.1370645826531578,1.2473461332786493,1.354757867863157,0.5419031476871647,5111.971873977129
weak,10042,ppo-s0,1.4322404237089896,13.304690585393837,2229.4983264915227,7583.673633674486,2.497066140065255,0.0,0.16204103869850822,0.36966070542270535,0.5174013610857024,0.6908570964709222,0.8307185911100626,0.9516621044590308,1.0615611602964612,1.2050146451468526,1.3258399513372698,1.4322404237089896,0.5735692782537035,5328.129027870343
weak,10042,ppo-s1,1.427611019669985,13.126275661462044,2222.291960586219,7481.977127033365,2.497316405269896,0.0,0.15820126790660963,0.3565191632771302,0.5120276348292774,0.6919343484761648,0.808686285464947,0.9364862882901185,1.0508716048718794,1.1889470295866922,1.3010978320640434,1.427611019669985,0.5716580472772319,5256.152417756384
weak,10042,ppo-s2,1.4527265376643048,13.425028711094237,2261.388053958795,7652.266365323714,2.4970156463492232,0.0,0.1652141593356729,0.3674233428761423,0.5243935182355607,0.7032394550072678,0.8420025476122053,0.9582436055560125,1.0742268420214256,1.206503214343477,1.3303296445051052,1.4527265376643048,0.581785116079778,5376.429551301523
weak,10042,ppo-s3,1.4079028558421283,12.976025993722406,2191.6132298751836,7396.3348164217705,2.4964077889511866,0.0,0.16193548560481452,0.36667233553589396,0.5074034985326841,0.6608542577216697,0.7997533213692702,0.9236810425628168,1.0329819542047975,1.173561035014245,1.3011155804842982,1.4079028558421283,0.5639715042042988,5197.879149052812
weak,10042,ppo-s4,1.4299514232536341,13.238879672999628,2225.9351519015067,7546.161413609788,2.4970658182645207,0.0,0.1506482503389788,0.35097545973183003,0.5080975195690337,0.6866327287337303,0.8285788683107789,0.9517558064601028,1.0626361592624023,1.2062720101822662,1.3291716059626044,1.4299514232536341,0.5726526761106605,5301.7744170639235
weak,10042,residual-s0,1.4161626777763716,12.688995973735986,2204.470889018629,7232.7277050295115,2.4999999997500004,0.0,0.12042950362146038,0.30699412556640165,0.4867820368939143,0.6640003618641037,0.8001433959969009,0.9190938537973408,1.0142112796087643,1.1397801228008062,1.283874546726381,1.4161626777763716,0.566465071167195,5075.598390001954
weak,10042,residual-s1,1.444406034846531,12.98286974721226,2248.435935864156,7400.235755910987,2.49999999975,0.0,0.12042950362146038,0.31106848331255815,0.5049209099503802,0.6526518825694152,0.7993500823332901,0.9308840920633513,1.0533519154057005,1.1948688629078847,1.3283260599452855,1.444406034846531,0.5777624139963887,5193.147899404218
weak,10042,residual-s2,1.3958433235031422,12.849376065559074,2172.840748158453,7324.144357368672,2.4999999997500004,0.0,0.1262980147990724,0.3104220930374408,0.4939471944015708,0.659333170695285,0.7996417283057351,0.9506659206567902,1.0365420819392446,1.1845626235128108,1.2972446944100067,1.3958433235031422,0.5583373294570906,5139.750426737603
weak,10042,residual-s3,1.4809764590139387,13.258077725211619,2305.3633190957903,7557.104303370622,2.4999999997500004,0.0,0.12042950362146038,0.30699412556640165,0.4850347637364936,0.6637976662038066,0.8217822080197772,0.958153593317296,1.0851585295208823,1.2289103382359376,1.365815565436707,1.4809764590139387,0.5923905836648145,5303.23109061497
weak,10042,residual-s4,1.4199348859033378,12.79097480116086,2210.3429001468094,7290.85563666169,2.49999999975,0.0,0.12042950362146038,0.30699412556640165,0.48649311404620854,0.6455032154077174,0.7951584392731501,0.9301566918283548,1.0428509765189045,1.1786911038244519,1.2907715367695276,1.4199348859033378,0.5679739544181326,5116.389920975983
weak,10042,hybrid-s0,1.4263660153391933,13.378999164903442,2220.353923489915,7626.029523994961,2.49999999975,0.0,0.16903683043442663,0.3740366049827684,0.5325352288064857,0.7037499411271353,0.8397184979400184,0.9586616609462225,1.06919672094251,1.212358673166566,1.3090730921153044,1.4263660153391933,0.570546406192732,5351.599666496537
weak,10042,hybrid-s1,1.4984612813672813,13.51989272394382,2332.5810833276005,7706.338852647977,2.4999999997500004,0.0,0.16608403044028436,0.37384187646033257,0.5228016308271315,0.6836005993573813,0.8237841486631389,0.9481849710220923,1.0705552826040166,1.2304513436640614,1.3674787998332505,1.4984612813672813,0.5993845126068509,5407.957090118322
weak,10042,hybrid-s2,1.475942799427178,13.45156237893876,2297.527668433349,7667.390555995093,2.49999999975,0.0,0.16608403044028436,0.37384187646033257,0.5342685980632976,0.6872000259177353,0.8074040460214139,0.9472787689258664,1.0614629793317132,1.231596957789869,1.3562681403308356,1.475942799427178,0.5903771198299089,5380.624952113567
weak,10042,hybrid-s3,1.3759219566757652,13.027893123866168,2141.830134809025,7425.899080603715,2.49999999975,0.0,0.16608403044028436,0.36934895176533694,0.5152950761362255,0.6749290646090716,0.8150679591353468,0.944334348334509,1.049459401469876,1.1862072888322412,1.2725329827749083,1.3759219566757652,0.550368782725343,5211.157250067583
weak,10042,hybrid-s4,1.332570427546048,12.294467564354454,2074.3469385204726,7007.846511682038,2.49999999975,0.0,0.16117452788284722,0.3518918910502288,0.48665246122275047,0.6391927765198608,0.7807068814208092,0.8868674746170045,0.9812048024245021,1.0646038285378776,1.2131598900066778,1.332570427546048,0.533028171071722,4917.78702623356
weak,10043,max-exp-cap-V,1.3896728863526029,12.730082327065851,2163.235531692615,7256.146926427535,2.49999999975,0.0,0.14148467872617917,0.30313171865021377,0.48860159083442456,0.6344883358872728,0.7782046305521603,0.9460175543143989,1.0610369582392258,1.153634574770832,1.281593046866747,1.3896728863526029,0.5558691545966281,5092.032931335544
weak,10043,max-exp-cap,1.4603510252895135,13.274122868141674,2273.2567193863056,7566.250034840754,2.49999999975,0.0,0.1617141103907957,0.3241068606180716,0.5016776678734831,0.6658658163519502,0.8150960256880909,0.9692019506159568,1.0873382142337702,1.2063028731747696,1.335705685250951,1.4603510252895135,0.5841404101742195,5309.649147787634
weak,10043,rolling-lp-V,1.3257612112314954,12.180120668728803,2063.7473659021407,6942.668781175417,2.4999999975000056,0.0,0.13878929431907716,0.28444151613913016,0.45717556433783224,0.6191118744821973,0.7485595642031434,0.9009650455229574,1.0194371150317474,1.118041773683263,1.2122850078074376,1.3257612112314954,0.5303044850229015,4872.048272363559
weak,10043,ppo-s0,1.4005866568849537,12.665863287922395,2180.224462276334,7219.542074115765,2.4973177677785734,0.0,0.15335266870519132,0.3092182929302079,0.48450411125707127,0.6326312614913175,0.7704236372882884,0.910984545989293,1.0415419857709818,1.1522241362279422,1.2811440597329273,1.4005866568849537,0.5608363801178616,5071.7867991581215
weak,10043,ppo-s1,1.4187782426041244,12.772673783180176,2208.54241032872,7280.4240564127,2.4964727660906987,0.0,0.17603935606154456,0.3313573261568575,0.48723361353249983,0.6365340838196789,0.7654997436388766,0.903849254212739,1.0391257110546641,1.1574811249420054,1.289328474964005,1.4187782426041244,0.5683131263738285,5116.288051153583
weak,10043,ppo-s2,1.4227834389718939,12.765551861050549,2214.777102808693,7276.364560798812,2.4974341103912403,0.0,0.1438313711681098,0.3020327150717128,0.4815831199652749,0.6332494635845825,0.7814336860116774,0.923590056228337,1.0528196793411893,1.164825892059718,1.2945023516322114,1.4227834389718939,0.5696980885509748,5111.46692837103
weak,10043,ppo-s3,1.4112426433609697,12.634926159028192,2196.8121130800105,7201.907910646069,2.496411043162026,0.0,0.15273983359757012,0.3084682612101933,0.4622945008884327,0.6144281532809288,0.7653174269832992,0.9134401044777933,1.0477936249756665,1.1598588829260916,1.2811537645165205,1.4112426433609697,0.5653086046172305,5061.236287043671
weak,10043,ppo-s4,1.429210483340533,12.96763055354451,2224.7817671282914,7391.54941552037,2.4973193186544895,0.0,0.1524171505691928,0.31141910135943024,0.49443968978025526,0.6529205301334036,0.7936558047720773,0.9371415476123924,1.0740315232903836,1.1828930068315737,1.302339258125607,1.429210483340533,0.5722978526072372,5192.620125379575
weak,10043,residual-s0,1.3922336321837894,12.74798455043085,2167.2217189630564,7266.351193745584,2.49999999975,0.0,0.14084922304645928,0.29944727145833216,0.49633847181640595,0.636702205851076,0.7839673949716638,0.941588591222462,1.061206388304868,1.1612752816917102,1.275757988844986,1.3922336321837894,0.5568934529292051,5099.19382068226
weak,10043,residual-s1,1.4325818732255746,12.911154313940678,2230.029844184506,7359.357958946186,2.4999999997500004,0.0,0.14084922304645928,0.30393610883775185,0.5075210746367398,0.6481967597187727,0.7942570238181169,0.9322557132515865,1.0697778147401587,1.1739592895091087,1.2908526076945916,1.4325818732255746,0.573032749347533,5164.461726092717
weak,10043,residual-s2,1.4424281883861414,12.929501232476792,2245.3571194165115,7369.815702511771,2.49999999975,0.0,0.14148467872617917,0.30851633963915337,0.501158362825498,0.6415727121963625,0.7847270362961878,0.9288159622310757,1.0637369163745092,1.1829325290878714,1.310600911225475,1.4424281883861414,0.5769712754121537,5171.800493507897
weak,10043,residual-s3,1.4004443343938417,12.72620682657943,2180.002915844252,7253.9378911502745,2.49999999975,0.0,0.14084922304645928,0.3109385165825546,0.5026945984036019,0.6366280481795512,0.7883806472974293,0.9199249307383496,1.0552961548154418,1.1566652879321184,1.263554593694734,1.4004443343938417,0.5601777338135545,5090.48273114082
weak,10043,residual-s4,1.4100219900865718,12.84263590760386,2194.91198207725,7320.3024673342,2.49999999975,0.0,0.14084922304645928,0.3109385165825546,0.4906816706993614,0.623167764250707,0.8039121945024901,0.933188944715975,1.0683970595193266,1.1647242466880918,1.3042893253549024,1.4100219900865718,0.5640087960910296,5137.054363555249
weak,10043,hybrid-s0,1.4385384652503175,13.182688328262298,2239.302178445514,7514.132347109509,2.49999999975,0.0,0.16290065302567117,0.32256262615309567,0.4988811583809499,0.6551762273527495,0.8138919017996388,0.9620843768163465,1.1014908343467236,1.192854946464623,1.3202410527086332,1.4385384652503175,0.5754153861576685,5273.075331832227
weak,10043,hybrid-s1,1.4311593631311232,13.131839999461452,2227.815492583688,7485.148799693027,2.49999999975,0.0,0.16588338230055397,0.32345837423622464,0.508692158358071,0.6641368446066398,0.8116788432147009,0.9518357360862829,1.087439235874619,1.1883775335120528,1.3032955605491805,1.4311593631311232,0.5724637453096957,5252.736000309855
weak,10043,hybrid-s2,1.4575467202619905,13.307788672734418,2268.89139547676,7585.439543458618,2.49999999975,0.0,0.16588338230055397,0.32345837423622464,0.5107921204115737,0.6670498058370516,0.8249800686090235,0.9727982344615114,1.1065011180962934,1.1975297259903261,1.3224477537064454,1.4575467202619905,0.5830186881630981,5323.115469626078
weak,10043,hybrid-s3,1.43175275008414,13.273407544633892,2228.7391889106543,7565.842300441318,2.4999999997500004,0.0,0.16588338230055397,0.3264234714629692,0.5077492762640342,0.6664198748351007,0.8273697777160705,0.9729226145718823,1.1128091008054486,1.196601262065735,1.3189691921273714,1.43175275008414,0.572701100090926,5309.3630183844925
weak,10043,hybrid-s4,1.384719291783057,12.711840716133564,2155.524514310268,7245.749208196131,2.49999999975,0.0,0.15175962363299852,0.3100177977160871,0.48544207956130714,0.6342826265104693,0.7934373924163575,0.92640639337382,1.0542069997564094,1.1615105128769727,1.2643647591670275,1.384719291783057,0.5538877167686116,5084.736286961899
weak,10044,max-exp-cap-V,1.472703688190622,13.426840677655509,2292.4855030526787,7653.29918626364,2.49999999975,0.0,0.15120475388207297,0.3068758217856322,0.48904348522046326,0.6569577284861501,0.8358819799343871,0.9746480465546099,1.1281910667987276,1.2480469971642545,1.361913315154363,1.472703688190622,0.5890814753351569,5370.736271599278
weak,10044,max-exp-cap,1.512154877534464,13.3242047170196,2353.89723195251,7594.796688701171,2.49999999975,0.0,0.13582141981295168,0.30732702496910397,0.4971433067958302,0.6493327376503415,0.8004768909137466,0.9512559652686252,1.090104190633541,1.2357669097540154,1.3801497262034141,1.512154877534464,0.6048619510742718,5329.681887340807
weak,10044,rolling-lp-V,1.3475369570312097,12.43838935126411,2097.644599924375,7089.881930220542,2.4999999975000056,0.0,0.14763959771338225,0.30759035146312175,0.48502357023185666,0.6230650139365649,0.7869260158502259,0.9131571991335474,1.0132194565299655,1.1366872117381246,1.229635634153835,1.3475369570312097,0.5390147833514974,4975.355745480989
weak,10044,ppo-s0,1.3312400870911,11.899171173612253,2072.2760628707756,6782.5275689589835,2.498145951981025,0.0,0.12638412556083597,0.28870929746513635,0.4669195742106342,0.5922595146252825,0.7170217173252578,0.8502142918997506,0.9708207011479907,1.0970149082444944,1.2035004453228533,1.3312400870911,0.532891237213514,4763.200950759595
weak,10044,ppo-s1,1.3269692214938844,11.840037429925575,2065.6278161490386,6748.821335057577,2.4975054095083333,0.0,0.12703905546949976,0.2962773182037027,0.4790878290814172,0.5964321291591977,0.7139570661787258,0.8366972452846019,0.9512032360345248,1.0843096457355346,1.19412411554078,1.3269692214938844,0.5313178567869912,4740.7454593887915
weak,10044,ppo-s2,1.3453103204324421,12.01603398032542,2094.1785040870564,6849.139368785488,2.4983640152868727,0.0,0.14294477404400624,0.300097531198505,0.47265465546109364,0.5936431313473,0.7163770326617298,0.8494298038910025,0.9766697162186414,1.1052237730779266,1.2168071523868245,1.3453103204324421,0.5384765039044832,4809.560939399653
weak,10044,ppo-s3,1.3523500839137,11.988090249579676,2105.13695815702,6833.2114422604145,2.4964926646742867,0.0,0.12642735877111377,0.28977603431585797,0.4626116842609303,0.5916535173375598,0.7149197926405736,0.8515593329681551,0.9784722070767847,1.1111487249653003,1.2222879677438827,1.3523500839137,0.5417000029880475,4801.9729515783465
weak,10044,ppo-s4,1.3502134961959187,12.083872397266903,2101.8110369901956,6887.807266442134,2.497859399877168,0.0,0.12958406874141673,0.2947337221499229,0.4779083191910473,0.6011909189868223,0.7240153215049936,0.8621700564920192,0.9844161617434153,1.1164479638986706,1.2220575863970158,1.3502134961959187,0.540548237527827,4837.691183843705
weak,10044,residual-s0,1.3838644830482663,12.880191500432549,2154.1938755347255,7341.709155246553,2.4999999997500004,0.0,0.1466116499214483,0.3162831111178145,0.5044093822011162,0.6628839876116879,0.7930903567302395,0.9236385166041833,1.0591560582727602,1.2066224150541511,1.277736867937246,1.3838644830482663,0.553545793274661,5152.076600688227
weak,10044,residual-s1,1.3980154519177037,12.83057377799847,2176.2219937824584,7313.427053459128,2.49999999975,0.0,0.1466116499214483,0.3119097539577626,0.5006069713735842,0.6550635290096145,0.7885840136047574,0.9252688168848786,1.061529357334064,1.1784903064952013,1.2763423150059607,1.3980154519177037,0.5592061808230021,5132.229511712611
weak,10044,residual-s2,1.4244787808918598,12.986545082656738,2217.4161583128007,7402.33069711434,2.49999999975,0.0,0.15120475388207297,0.31961638972524087,0.5069983054380687,0.6602387650786626,0.8006438128580705,0.9255903284535096,1.0545627224826852,1.1901819245229124,1.3091030967492672,1.4244787808918598,0.5697915124137231,5194.618033582157
weak,10044,residual-s3,1.4251279913296013,13.108399537699384,2218.4267523168,7471.787736488648,2.49999999975,0.0,0.1466116499214483,0.3153913075651019,0.5026990222124125,0.6619839149031662,0.8129508041923745,0.9579718648448026,1.081410908151641,1.217218589567821,1.2995327140605706,1.4251279913296013,0.5700511965888456,5243.35981560409
weak,10044,residual-s4,1.3989995562031097,12.806604142032523,2177.7539005915987,7299.764360958537,2.49999999975,0.0,0.1466116499214483,0.3153913075651019,0.5086342830810091,0.6575837897867287,0.7728476696370684,0.9128067715926171,1.0463118789251653,1.1914125826932127,1.2764244669310687,1.3989995562031097,0.5595998225372039,5122.641657325273
weak,10044,hybrid-s0,1.3240246260133548,12.150844362349584,2061.044108981331,6925.981286539262,2.4999999997500004,0.0,0.1296972801829314,0.2980295630577313,0.48875368584834367,0.6094544973647749,0.7409581461974079,0.8726968046514445,0.9999194694710999,1.129322017226501,1.212904637037456,1.3240246260133548,0.5296098504583028,4860.337745425866
weak,10044,hybrid-s1,1.3870799219516097,12.402898649647334,2159.199191356894,7069.65223029898,2.49999999975,0.0,0.1270554379951012,0.2964349320714426,0.48490519199362286,0.611902505015796,0.739014090788761,0.8742397907944437,1.0173225360803477,1.1690006529318488,1.2607265511297834,1.3870799219516097,0.5548319688361271,4961.159460355049
weak,10044,hybrid-s2,1.4023232384161988,12.666418091133732,2182.9277134579343,7219.858311946226,2.49999999975,0.0,0.1270554379951012,0.2964349320714426,0.48501580523906346,0.6202508114786512,0.7931945937919879,0.924805421661914,1.0469250243749084,1.175747166281013,1.265215333213209,1.4023232384161988,0.5609292954225724,5066.56723696015
weak,10044,hybrid-s3,1.340547291949598,12.293420653061776,2086.764131572676,7007.249772245212,2.49999999975,0.0,0.1270554379951012,0.29542351427065594,0.48520974321907123,0.6237119493059426,0.7585370615051745,0.8870187737291049,1.015014827945128,1.137356367749649,1.227477452720915,1.340547291949598,0.5362189168334611,4917.368261716447
weak,10044,hybrid-s4,1.2990333764540036,11.746844530981186,2022.1414581783215,6695.701382659275,2.49999999975,0.0,0.09633430912769511,0.28097985778112117,0.4623112721367148,0.597505429744418,0.7197130172403503,0.8560557122742166,0.9668453301163447,1.076462860485556,1.190988131331583,1.2990333764540036,0.5196133506335628,4698.737812862348
weak,10045,max-exp-cap-V,1.4393652416045475,13.179949042821914,2240.5891805909814,7512.57095440849,2.49999999975,0.0,0.1611154009488811,0.3362071155426776,0.4704800256583048,0.6346142277728658,0.807206208038932,0.9811887344812786,1.097266452173613,1.208193479974335,1.3312256259913058,1.4393652416045475,0.5757460966993936,5271.979617655964
weak,10045,max-exp-cap,1.5298247895408466,14.132330116121825,2381.4031161569674,8055.428166189439,2.49999999975,0.0,0.19755619272191505,0.39388744676578413,0.5364983692707619,0.7146142389019703,0.8602778802011348,1.0180505349188347,1.1430423150309208,1.274059408371602,1.410865508174874,1.5298247895408466,0.6119299158775316,5652.932047014023
weak,10045,rolling-lp-V,1.3800327129583991,12.81493772836362,2148.2291472241423,7304.514505167263,2.4999999975000056,0.0,0.19021271079296864,0.3723687006917661,0.5009396438769436,0.6634904388817788,0.7975609260775803,0.9017461720875612,1.0204930708244095,1.152525585270101,1.2530075307247892,1.3800327129583991,0.5520130857353716,5125.975096471412
weak,10045,ppo-s0,1.4021526043269001,13.055060811189204,2182.6620957514124,7441.384662377845,2.496666705097951,0.0,0.194182357520023,0.37787128466397685,0.5296651865386558,0.6620756452091392,0.7900923501714329,0.9199916161518623,1.0483913574328596,1.1640639229124947,1.298147387953061,1.4021526043269001,0.561609846225706,5228.996239078303
weak,10045,ppo-s1,1.4069353852781277,13.109487180553455,2190.1072159632295,7472.407692915469,2.496404223120358,0.0,0.19558174459770555,0.3822693132041787,0.5324643089404751,0.6724675702160656,0.793273216796681,0.9194371035363278,1.0532976066958857,1.171811344294324,1.294059880177933,1.4069353852781277,0.5635847641370921,5251.347942428719
weak,10045,ppo-s2,1.4271811062279438,13.208685375141448,2221.6227354451744,7528.950663830625,2.4966787637634726,0.0,0.19108076727736278,0.3740502470361595,0.5278943835446679,0.66287747586328,0.7958963203637257,0.9347928916659463,1.0680678312743408,1.1843294718321318,1.3191523748812841,1.4271811062279438,0.571631852259849,5290.502553572725
weak,10045,ppo-s3,1.4113660710044262,13.270607165705856,2197.004246830723,7564.2460844523375,2.496387613219005,0.0,0.19431995997781834,0.3809285999015457,0.5285821985637934,0.6742252189011141,0.8118521430591635,0.9475750603027498,1.0719463901861321,1.185463954926916,1.3188421285480005,1.4113660710044262,0.5653633528426777,5315.924135913281
weak,10045,ppo-s4,1.4074321221844674,13.044796261719366,2190.880461909272,7435.533869180038,2.497042266402281,0.0,0.1853081995446904,0.36983858645697854,0.5118431960849404,0.6491571828580234,0.7847074348771126,0.9208397572181579,1.0601645893144014,1.1799240913854054,1.3108245571199557,1.4074321221844674,0.5636396872898289,5224.099102060538
weak,10045,residual-s0,1.4396482823716874,13.06838879670819,2241.029776252311,7448.981614123668,2.49999999975,0.0,0.15714503462413912,0.3443444786804451,0.4776106478097525,0.6434234398969267,0.7917052760022505,0.9612567521775659,1.0719658702301047,1.1899751313364404,1.318120761605956,1.4396482823716874,0.5758593130062609,5227.355519206011
weak,10045,residual-s1,1.4892717972554552,13.091426824464966,2318.2762647304685,7462.11328994503,2.4999999997500004,0.0,0.15714503462413912,0.34749411789885676,0.4843237911701915,0.6139833847129869,0.776561247890653,0.9241409656200568,1.0685570458127682,1.1969314719079442,1.351586557426552,1.4892717972554552,0.5957087189617528,5236.570730309642
weak,10045,residual-s2,1.4001526974761735,12.732032551993171,2179.548938977575,7257.258554636108,2.4999999997500004,0.0,0.1611154009488811,0.34769853479632046,0.48054538710444356,0.6236718684266064,0.7694217146827365,0.9228822733314999,1.0550698485983168,1.1499273721172254,1.268633711563776,1.4001526974761735,0.5600610790464754,5092.81302130655
weak,10045,residual-s3,1.500781822671497,13.390411512278899,2336.193356007983,7632.534561998972,2.49999999975,0.0,0.15714503462413912,0.3443444786804451,0.48518800290658187,0.6450635680003559,0.8126123419549627,0.9559986313388873,1.1045999776892825,1.2325214743575805,1.3638092802957162,1.500781822671497,0.6003127291286301,5356.164605447176
weak,10045,residual-s4,1.3976190741054992,12.661918300808793,2175.604971909357,7217.293431461011,2.49999999975,0.0,0.15714503462413912,0.3443444786804451,0.474136210190606,0.6081525427155177,0.7631385094543537,0.9149141906267736,1.0445992586846329,1.142646430955446,1.2873813475880356,1.3976190741054992,0.5590476296981045,5064.767320829994
weak,10045,hybrid-s0,1.44796024121234,13.762390317785766,2253.9685943573827,7844.562481137887,2.49999999975,0.0,0.20237880665392846,0.3990337886082843,0.5635523351707118,0.693442075606722,0.842172404572232,0.9924432402184844,1.126876792326476,1.2238626486499602,1.3493032491854997,1.44796024121234,0.5791840965428544,5504.956127664802
weak,10045,hybrid-s1,1.4585816151743534,13.797649259811507,2270.5023655604227,7864.660078092558,2.49999999975,0.0,0.2034292947599546,0.39882156124021056,0.566904340076022,0.7040220360604126,0.8392183149904646,0.9873642189951787,1.121296583210127,1.2269877568778833,1.3570503743756737,1.4585816151743534,0.5834326461280847,5519.059704476509
weak,10045,hybrid-s2,1.4484017917846497,13.529671789741329,2254.655934447587,7711.912920152557,2.49999999975,0.0,0.2034292947599546,0.39882156124021056,0.5617759622232487,0.6915985009454481,0.8158194745259097,0.9532950194203175,1.06721659160006,1.1995374146795919,1.351630471855041,1.4484017917846497,0.5793607167717959,5411.868716437719
weak,10045,hybrid-s3,1.492847300105029,14.022351776793089,2323.842074414046,7992.74051277206,2.49999999975,0.0,0.2034292947599546,0.4009603543655459,0.5717705075187974,0.7180376174517972,0.8583542145159655,0.9968342126690579,1.1393066962196639,1.2594891616032082,1.366996711747979,1.492847300105029,0.5971389201017255,5608.94071127813
weak,10045,hybrid-s4,1.3890901092484338,13.095730755259748,2162.3283511962723,7464.566530498056,2.49999999975,0.0,0.19565204043515058,0.3888170035104041,0.5475992154932173,0.6842651223333388,0.8148686578692111,0.9324026200148126,1.0630364541517823,1.1335476758146075,1.263481381244635,1.3890901092484338,0.5556360437549371,5238.2923026277285
weak,10046,max-exp-cap-V,1.4483411983019283,13.193649071671903,2254.5616115489397,7520.379970852984,2.49999999975,0.0,0.14607299621111874,0.2923412251322835,0.4917357546016031,0.6680087545904191,0.8187439513479386,0.9494912784623863,1.1045310574465914,1.226592220745983,1.3298050396225274,1.4483411983019283,0.579336479378705,5277.459629196507
weak,10046,max-exp-cap,1.4812592392601847,13.214846967357634,2305.8035092170394,7532.46277139385,2.4999999997500004,0.0,0.14384978672250143,0.2951255449973072,0.4962508334956435,0.6556769053679848,0.8088582677806496,0.9426923214637367,1.0784023685766313,1.2317372471652954,1.355428591544432,1.4812592392601847,0.5925036957633242,5285.938787471646
weak,10046,rolling-lp-V,1.3102679663841803,11.899942446385992,2039.6297925623514,6782.967194440015,2.4999999975000056,0.0,0.14553795775874487,0.26616617120457803,0.43669784948809454,0.616759768796428,0.7650644934647248,0.8548467532210549,0.9678160555110888,1.0808443726398753,1.2005787437555497,1.3102679663841803,0.5241071870777781,4759.976983314364
weak,10046,ppo-s0,1.3788773407333594,12.211742262698387,2146.4306360247933,6960.69308973808,2.4969279976681458,0.0,0.13715248579288086,0.27882550484534396,0.4718646774087159,0.5981097481798904,0.7272311305485901,0.864438535404306,0.9964710244384243,1.1256079467101292,1.2663034364063377,1.3788773407333594,0.5522295164382306,4890.706609923394
weak,10046,ppo-s1,1.3910565338107388,12.378452750035919,2165.389387736127,7055.718067520473,2.4970646733274053,0.0,0.13759179260690055,0.28956451604368255,0.48126006030673224,0.6068242684459076,0.7381045037176598,0.8847696417102209,1.014359975490593,1.1404382958678403,1.268007859532723,1.3910565338107388,0.5570766943561453,4957.201502330854
weak,10046,ppo-s2,1.3783592825975124,12.142034813240384,2145.6242003679185,6920.959843547018,2.4971501489242716,0.0,0.14284661469154444,0.2805725681582216,0.4628410034573682,0.5954304680543009,0.7244152092997068,0.8534740378043728,0.9880750960278497,1.1179460581725935,1.2561410921651353,1.3783592825975124,0.5519729292975376,4862.356722310414
weak,10046,ppo-s3,1.3937292686059506,12.265008560884388,2169.5499027267942,6991.0548797041,2.4967482017178604,0.0,0.13704407742329516,0.2783965737954453,0.46655028379859653,0.5995616836359543,0.7292406038576056,0.8698478693282496,1.0022215012579905,1.1332683205531795,1.2692401737772285,1.3937292686059506,0.5582177921053514,4912.3930688908
weak,10046,ppo-s4,1.386699493134051,12.235411228240984,2158.606996500461,6974.184400097361,2.49718035845811,0.0,0.13670427558588402,0.28013145883188295,0.4724320713246687,0.6051908327775662,0.7319699527722844,0.8663586873596565,0.9959006002111092,1.1248091995431477,1.2598903159733779,1.386699493134051,0.5553061029161194,4899.690639804555
weak,10046,residual-s0,1.4121129850250684,12.874303694203235,2198.1669312037434,7338.353105695843,2.4999999997500004,0.0,0.14790028036324615,0.29778116091979195,0.49929490960164924,0.6626434632461317,0.7884950737839966,0.9105669753087255,1.061527294190156,1.1898743251514377,1.3003180059329784,1.4121129850250684,0.5648451940665118,5149.721478196265
weak,10046,residual-s1,1.4254159007172036,12.611619384501259,2218.874926720493,7188.623049165717,2.49999999975,0.0,0.14790028036324615,0.29365902115664994,0.49758751768012954,0.633122382202089,0.7538737360329163,0.8747859505970125,1.0298120339963908,1.1438989623807485,1.3017090272919523,1.4254159007172036,0.5701663603438981,5044.647754304969
weak,10046,residual-s2,1.423383929228721,12.918601575366662,2215.711856499839,7363.602897958996,2.49999999975,0.0,0.14607299621111874,0.2977211817211333,0.49903546493099227,0.6523273008003778,0.7896630194468389,0.9339158422006151,1.0600669828742735,1.189177735763072,1.3076071917792018,1.423383929228721,0.5693535717484237,5167.440630663409
weak,10046,residual-s3,1.411220034750472,12.671668154712595,2196.7769193664167,7222.850848186179,2.49999999975,0.0,0.14790028036324615,0.297813891816354,0.4955808124577338,0.6573235196459991,0.7697353663936202,0.890068167655689,1.022516126895528,1.1580385347230315,1.290143695858541,1.411220034750472,0.5644880139566376,5068.667262391905
weak,10046,residual-s4,1.4292962787664427,12.761223515933517,2224.915320654166,7273.897404082105,2.49999999975,0.0,0.14790028036324615,0.297813891816354,0.49580336500433214,0.6335174726483331,0.7584195333950958,0.8924161302122041,1.046216027327818,1.1772511321451395,1.3192371126819833,1.4292962787664427,0.571718511563749,5104.489406883856
weak,10046,hybrid-s0,1.4086801003932359,12.530595867534032,2192.823128295368,7142.439644494398,2.49999999975,0.0,0.14009652665839376,0.28400023673298713,0.48593536420199335,0.626360762401597,0.7589988852430951,0.8887411053257016,1.024633560506377,1.1508973515815082,1.2813710232633455,1.4086801003932359,0.5634720402136416,5012.238347514836
weak,10046,hybrid-s1,1.3975088743012722,12.427971621166582,2175.433429286319,7083.943824064951,2.4999999997500004,0.0,0.1373646542760158,0.2804771158012264,0.47687490970552115,0.624991531486968,0.7517681992827816,0.8777951969140145,1.009939606355564,1.1402520381160173,1.286816481735878,1.3975088743012722,0.5590035497764092,4971.188648963751
weak,10046,hybrid-s2,1.4206725829991749,12.59461260540507,2211.491236985653,7178.929185080889,2.49999999975,0.0,0.1373646542760158,0.2804771158012264,0.47687490970552115,0.635311407951343,0.7669474597425264,0.9009284835845919,1.0259542516561673,1.1477573503022234,1.2985513598971354,1.4206725829991749,0.5682690332564968,5037.845042665812
weak,10046,hybrid-s3,1.4043299615620457,12.573927632588498,2186.05148082362,7167.138750575444,2.4999999997500004,0.0,0.1373646542760158,0.2819489305109384,0.4838775626628535,0.6324894532480366,0.7635184386659081,0.8916928429384925,1.024746585941024,1.1506900903711834,1.3068929299403669,1.4043299615620457,0.5617319846809914,5029.571053538356
weak,10046,hybrid-s4,1.286144173618584,11.77162449697776,2002.0774691470938,6709.825963277322,2.49999999975,0.0,0.1243603766405752,0.2904721062614355,0.4637919961521131,0.5951624653911987,0.7125257734643934,0.8332321644798991,0.9810524408983599,1.100545244817789,1.1748613240363346,1.286144173618584,0.5144576694988794,4708.649799261969
weak,10047,max-exp-cap-V,1.4853342175697388,13.489335132666866,2312.146827818614,7688.921025620114,2.49999999975,0.0,0.17972765867449042,0.3506572197841494,0.5150502717756281,0.6697390699779457,0.8081406835695859,0.9541396729959541,1.0960013404180273,1.247654562306028,1.359168923893336,1.4853342175697388,0.5941336870873088,5395.73405360632
weak,10047,max-exp-cap,1.5133026556891511,13.694157971883449,2355.6839218355058,7805.670043973565,2.4999999997499995,0.0,0.17179635598622778,0.35591793255104764,0.5256980074916574,0.6764697394271176,0.8277123683172636,0.9680218182771267,1.1125614427955064,1.2468088544484357,1.3989036207845342,1.5133026556891511,0.6053210623361927,5477.663189301147
weak,10047,rolling-lp-V,1.3202907745755577,12.321717933616771,2055.2318058273822,7023.3792221615595,2.4999999975000056,0.0,0.1750267965161788,0.3232771265158892,0.4895089070264712,0.6444404594912515,0.7807661030936974,0.8988107626419866,0.9894722564510969,1.0768892188689492,1.2170483240289325,1.3202907745755577,0.5281163103583382,4928.687178375385
weak,10047,ppo-s0,1.4033154099412113,12.829071262018358,2184.472178142767,7312.570619350464,2.497465914254531,0.0,0.16569117338934675,0.34183642361042327,0.4926135726631118,0.6514402722397867,0.7706649105125308,0.901552528165049,1.038620780111322,1.1734662068509727,1.3022556645454242,1.4033154099412113,0.5618957207510427,5136.835377329949
weak,10047,ppo-s1,1.4033148377991895,12.696274744966761,2184.471287517381,7236.876604631053,2.497292120535431,0.0,0.15955435473411816,0.3348803294430462,0.49120908396207436,0.6462676636831834,0.7594259571029423,0.8880577147577088,1.0307620820252854,1.1540052045511278,1.2886705941613104,1.4033148377991895,0.561934595580397,5084.016659710847
weak,10047,ppo-s2,1.4333985038270434,13.119421091468194,2231.301052934935,7478.07002213687,2.496968259256065,0.0,0.17211293464400293,0.35272389940965054,0.5073882759129968,0.6659122569885839,0.7930004081032145,0.9225754269787008,1.0586390327690165,1.1938914389730486,1.3283368881732773,1.4333985038270434,0.5740555565788824,5254.140112849064
weak,10047,ppo-s3,1.4369034853734726,13.062040938282415,2236.757085569394,7445.363334820976,2.496512020320595,0.0,0.16461678496707807,0.34818880537767455,0.5027029305496288,0.6555911068568686,0.7839534922767469,0.9191170695878437,1.0638840599542505,1.1877458573276556,1.3284141877496434,1.4369034853734726,0.5755644169455869,5232.116181281203
weak,10047,ppo-s4,1.3989187996017063,13.024248540720217,2177.628190756363,7423.821668210523,2.4971865081388978,0.0,0.16743385039512587,0.3500135586156886,0.5054828706370111,0.6654640622072902,0.7931564359625625,0.9221175782810089,1.0691111783178282,1.1860803820426589,1.3090610464103392,1.3989187996017063,0.5601979648065182,5215.569000661839
weak,10047,residual-s0,1.437031662249418,13.129869543512964,2236.956612217074,7484.0256398023885,2.49999999975,0.0,0.17850214378329582,0.35938259450417065,0.5242443537184889,0.6792012722244565,0.7878995432488549,0.9307204120348238,1.0408921451210449,1.1789224778817835,1.3178945967461058,1.437031662249418,0.5748126649572485,5251.94781793038
weak,10047,residual-s1,1.4348112744249288,13.40402363988054,2233.5002435397814,7640.293474731908,2.49999999975,0.0,0.17850214378329582,0.36716050505835235,0.5295430903662044,0.6894414642493347,0.8178846982085455,0.9496437628623571,1.0946808165722732,1.207745348633729,1.341396004452712,1.4348112744249288,0.573924509827364,5361.609456488377
weak,10047,residual-s2,1.454463009268035,13.28939744370338,2264.0911340216317,7574.956542910927,2.49999999975,0.0,0.17972765867449042,0.3653196156266877,0.5313666208501016,0.6937671067205742,0.8005930290863353,0.929847684847222,1.057088065521899,1.1940755968757009,1.330924302655782,1.454463009268035,0.5817852037653926,5315.758978012928
weak,10047,residual-s3,1.4204452530730687,13.309872219145449,2211.1373636544545,7586.627164912905,2.49999999975,0.0,0.17850214378329582,0.358732815668827,0.523415497001168,0.6881913247740117,0.815768831452709,0.9493409135890107,1.0740873576170515,1.203505348069117,1.3383362990955685,1.4204452530730687,0.5681781012860453,5323.9488881905745
weak,10047,residual-s4,1.39975407566524,12.968867484372367,2178.9284239818603,7392.254466092249,2.49999999975,0.0,0.17850214378329582,0.35876374082622403,0.5282925241379319,0.675919453986742,0.7887277489024342,0.9167774713236639,1.0321430579436504,1.163572532189414,1.288809957355772,1.39975407566524,0.5599016303220862,5187.546994267702
weak,10047,hybrid-s0,1.4425689166095927,13.336590273776908,2245.576184130425,7601.8564560528375,2.49999999975,0.0,0.16437374674441607,0.3488110240190696,0.5290480713204259,0.6928737293082456,0.8202822324153439,0.944210584421696,1.0776790902232671,1.213133402207124,1.3345087933627489,1.4425689166095927,0.5770275667015399,5334.636110044227
weak,10047,hybrid-s1,1.4369957264569706,13.368672932369584,2236.900672733873,7620.143571450662,2.49999999975,0.0,0.16361183573304566,0.355185424456183,0.5288094237944211,0.6903445851158969,0.8146984357214618,0.9402937882326221,1.0787590586203324,1.2269377972696156,1.35246356906748,1.4369957264569706,0.5747982906402681,5347.46917348258
weak,10047,hybrid-s2,1.4216297847753232,13.066639962664903,2212.981265979885,7447.984778718995,2.49999999975,0.0,0.16361183573304566,0.355185424456183,0.5274033992317758,0.6845520014581492,0.7911747320943027,0.9347071575617908,1.0607027455891118,1.165729547692948,1.2893755867610412,1.4216297847753232,0.5686519139669944,5226.655985588627
weak,10047,hybrid-s3,1.3799926751866765,12.895063641925434,2148.166822391262,7350.186275897497,2.4999999997500004,0.0,0.16361183573304566,0.3441001130679009,0.513767519703625,0.6670174759617843,0.7838074698461394,0.9095866700279677,1.0488342773293198,1.1737849247209327,1.2993478019840103,1.3799926751866765,0.5519970701298702,5158.025457285975
weak,10047,hybrid-s4,1.3821673533270027,12.479583561422851,2151.5520370481413,7113.3626300110245,2.49999999975,0.0,0.1609453562896014,0.3161115358253391,0.48980016236118695,0.6481934694194124,0.762921757617615,0.8910747524997147,1.002056744146836,1.116576119184643,1.24709711539654,1.3821673533270027,0.5528669413860878,4991.833425068324
weak,10048,max-exp-cap-V,1.4527521745005112,13.17234439953036,2261.4279615626247,7508.236307732305,2.4999999997499995,0.0,0.17115543764967214,0.312674830953028,0.4834336601884891,0.6663345597517336,0.8169850923563058,0.948132336646591,1.0779552662412082,1.2035709770741603,1.3289829174818828,1.4527521745005112,0.5811008698583147,5268.937760339039
weak,10048,max-exp-cap,1.4817762052218066,13.51935084391727,2306.6082447399376,7706.029981032842,2.49999999975,0.0,0.17560886847780707,0.33250915297350275,0.5105497502461962,0.6862917376745272,0.8303137809380565,0.9655310714496088,1.1042470530105148,1.2375035946901334,1.3605646432274217,1.4817762052218066,0.5927104821479937,5407.740338107682
weak,10048,rolling-lp-V,1.2876224513808414,12.3065621585918,2004.378631537489,7014.740430397325,2.4999999975000056,0.0,0.16961908926525815,0.32415115528354377,0.502593339780801,0.6527869475601749,0.8062604170356937,0.8852519254223064,0.9984753238271116,1.0811038142045761,1.1979301228451185,1.2876224513808414,0.5150489810673844,4922.624868359334
weak,10048,ppo-s0,1.3383635832031926,12.287650764103015,2083.36485941483,7003.960935538717,2.4975259277503463,0.0,0.1729357380360179,0.3340485260311151,0.49274158586185146,0.6081398295634771,0.7374403236983351,0.8535174355678564,0.9950761323954902,1.1270211897648141,1.2343614719129157,1.3383635832031926,0.5358757514116089,4919.929209772469
weak,10048,ppo-s1,1.318719233007828,11.896349848721307,2052.7854642514394,6780.919413771145,2.497094373339655,0.0,0.15895941512763506,0.312941398941477,0.47876534671202475,0.5860896541772743,0.710202679444985,0.8293331710893446,0.9665979891360033,1.0836779713796445,1.1969853712283869,1.318719233007828,0.5281014794984105,4764.076991135475
weak,10048,ppo-s2,1.3811347631506872,12.642317383123254,2149.944654633892,7206.120908380254,2.4980586092590156,0.0,0.18055950224590694,0.3384049227450089,0.5196059494906535,0.6340613320803582,0.7645289281942793,0.8837489077643402,1.0226765442433876,1.141889553602091,1.2548749505279453,1.3811347631506872,0.5528832502294112,5060.856993612841
weak,10048,ppo-s3,1.3989973683132455,12.750420622648896,2177.7504948109,7267.7397549098705,2.496547696734458,0.0,0.17303417299145232,0.3322357764075217,0.5021141583477509,0.6371369281359727,0.7725470470604219,0.8989882811184469,1.043711290384777,1.1603745840425361,1.2717917870725635,1.3989973683132455,0.5603727780339091,5107.220919242496
weak,10048,ppo-s4,1.3756185322181052,12.402916845069594,2141.3578088577588,7069.662601689668,2.4974177256677303,0.0,0.1712012696127249,0.330161792050338,0.4954009183337351,0.6094403400563015,0.7395741783829173,0.8643632139624282,1.0111457417402887,1.1284948777581711,1.2422924354643237,1.3756185322181052,0.5508163564628774,4966.29647399233
weak,10048,residual-s0,1.4192646641781517,13.163220193377805,2209.2995989035644,7503.035510225348,2.49999999975,0.0,0.17121383137534185,0.3246668449177128,0.5035111984186657,0.6819463296790637,0.8247442875566444,0.9301397007116471,1.08795386476806,1.1959093028592098,1.31676579456204,1.4192646641781517,0.5677058657280313,5265.288077877651
weak,10048,residual-s1,1.3973069358549155,12.932804593794273,2175.1190816246044,7371.698618462735,2.49999999975,0.0,0.17121383137534185,0.328137134544634,0.49794191835954466,0.6649927771931732,0.8058972562805133,0.9102894638959533,1.056951787227509,1.1779447730589028,1.2974198543602702,1.3973069358549155,0.5589227743978585,5173.121838035022
weak,10048,residual-s2,1.403633871651703,13.179983460737088,2184.9679118469967,7512.590572620139,2.49999999975,0.0,0.17115543764967214,0.32287601593997284,0.5036903275363444,0.6777202460138734,0.8223593825973816,0.9523958277980417,1.0991070712078392,1.198954130730281,1.3149923112955024,1.403633871651703,0.5614535487168265,5271.993384822034
weak,10048,residual-s3,1.3910701044212064,13.057021514874274,2165.410512438954,7442.502263478335,2.49999999975,0.0,0.17121383137534185,0.3246668449177128,0.4945193077406527,0.6765593458909962,0.8228602663610028,0.9328457614833929,1.084649881480332,1.188099852941667,1.3014080817242877,1.3910701044212064,0.5564280418241253,5222.80860647199
weak,10048,residual-s4,1.3940790067826931,12.915900420045139,2170.094322969967,7362.063239425728,2.49999999975,0.0,0.17121383137534185,0.3246668449177128,0.4945090226208203,0.6667135847943189,0.8092650920382285,0.9336709274019193,1.0824165769736438,1.1528842868693805,1.2678172360416096,1.3940790067826931,0.5576316027688404,5166.360168534691
weak,10048,hybrid-s0,1.3449363492156057,12.404794053282199,2093.596361460518,7070.732610370853,2.4999999997500004,0.0,0.17337955965519825,0.3276812119488462,0.501354333845716,0.6155273272793665,0.7551656558350028,0.8795998958680399,1.0152830402774646,1.1256107999885174,1.2303610532295763,1.3449363492156057,0.5379745397400396,4961.917621809071
weak,10048,hybrid-s1,1.3783436258274295,12.765344993028144,2145.599828242876,7276.246646026041,2.49999999975,0.0,0.16870885578171682,0.32403156855883913,0.5092180545240946,0.6525910883765133,0.7803197376710815,0.9152575030905197,1.048927922205025,1.1519200071367501,1.2712005178524417,1.3783436258274295,0.5513374503861056,5106.137997721871
weak,10048,hybrid-s2,1.4088307784175897,12.965233726014533,2193.057681375685,7390.183223828284,2.49999999975,0.0,0.16870885578171682,0.32403156855883913,0.5092180545240946,0.6766052854038371,0.81486007593806,0.9380757444244814,1.0671393705704957,1.1533611971426774,1.2680974315460607,1.4088307784175897,0.5635323114233891,5186.093490924423
weak,10048,hybrid-s3,1.3310327075364043,12.531914337536818,2071.9532453029365,7143.191172395986,2.49999999975,0.0,0.16870885578171682,0.32246286620529224,0.49730638514946673,0.640099470952757,0.7802672242750108,0.9081521976926054,1.0359503158312462,1.1314807848687132,1.2351010994717995,1.3310327075364043,0.5324130830678031,5012.765735516004
weak,10048,hybrid-s4,1.2926131524603655,12.136341262551195,2012.1474108015207,6917.714519654181,2.4999999997500004,0.0,0.17679691265879247,0.3264666273320551,0.5021300148611091,0.6259695603718213,0.7610372458388184,0.8672784371743596,0.995033140966973,1.0730614054916239,1.1760573689881144,1.2926131524603655,0.5170452610358506,4854.536505505931
weak,10049,max-exp-cap-V,1.4869391824108267,13.674442055333431,2314.6451977626884,7794.431971540055,2.49999999975,0.0,0.17239716963646048,0.3592292420346602,0.5612927085966097,0.7139228803357508,0.8285880926141436,0.9668192581257191,1.1173640473158748,1.2280115368824187,1.3499630784124221,1.4869391824108267,0.5947756730238083,5469.77682268035
weak,10049,max-exp-cap,1.5305305936694382,14.098232789557926,2382.501806780048,8035.992690048017,2.49999999975,0.0,0.16943151349737737,0.3708322979552394,0.5669180276959289,0.7475430232372164,0.8740360943320424,0.9954468097013004,1.128897020198096,1.2643093492239343,1.4088276681794012,1.5305305936694382,0.6122122375289966,5639.2931163871
weak,10049,rolling-lp-V,1.372995847815067,13.020100174770077,2137.275204854482,7421.457099618943,2.4999999975000056,0.0,0.182901351192305,0.3600000071884609,0.5513050847201626,0.7075197025994759,0.8061252171375738,0.907999534058457,1.0317807025716104,1.1556807491535492,1.2878666358412811,1.372995847815067,0.5491983396752239,5208.04007511606
weak,10049,ppo-s0,1.3570886552315704,12.500964534860403,2112.513259403842,7125.549784870429,2.497614875756804,0.0,0.16337359971533646,0.3559505575254718,0.5084963087892298,0.6392284892493341,0.7536260059263172,0.8813091277574103,1.0025066022590494,1.1225249793289305,1.2465752802231422,1.3570886552315704,0.5433538486674644,5005.16098626794
weak,10049,ppo-s1,1.4088418627775763,12.712878590987218,2193.074935854494,7246.340796862714,2.497630636694349,0.0,0.16037903695677325,0.34908834349223655,0.5161926730828541,0.6439678788932618,0.7627776455295232,0.8908239554789223,1.0134026440805446,1.1451202345081053,1.2762199377811827,1.4088418627775763,0.5640713410859659,5089.975436805541
weak,10049,ppo-s2,1.3921461608261858,13.047181713122608,2167.0855565966235,7436.893576479886,2.4979681349361655,0.0,0.17690215758190045,0.3708257863004861,0.5402545664489774,0.6743521180136501,0.7935153919674328,0.9188941825021036,1.0489780142886744,1.1742507518615195,1.2914530126817947,1.3921461608261858,0.557311416969601,5223.11775344405
weak,10049,ppo-s3,1.407729281344579,12.866862694827054,2191.343034979549,7334.11173605142,2.4962907747727874,0.0,0.1633080316979691,0.35828822192913246,0.5247943280688288,0.6606940275463262,0.775642784021328,0.9047205441126995,1.0331291073191795,1.1569556701475683,1.2804723436289311,1.407729281344579,0.5639284075280495,5154.3925991547185
weak,10049,ppo-s4,1.399044827035489,12.822482885085334,2177.824371472994,7308.81524449864,2.497353773181129,0.0,0.16207708284692185,0.3565224276258047,0.522962506793058,0.6557084432721613,0.7759219432428651,0.9060586224493302,1.0286964919170556,1.1547902915233503,1.2754419003654942,1.399044827035489,0.5602109088667024,5134.42789835581
weak,10049,residual-s0,1.432972289994779,13.369942423207807,2230.6375867947318,7620.867181228449,2.49999999975,0.0,0.17550604156953478,0.3741015946059201,0.5789072995653831,0.7193445360680366,0.813961588272284,0.937662403236143,1.067769013861414,1.1841933055805929,1.3044970987203661,1.432972289994779,0.5731889160552305,5347.976969817921
weak,10049,residual-s1,1.4067941021669141,13.205484849058742,2189.887287482789,7527.126363963482,2.49999999975,0.0,0.17550604156953478,0.37276544448147453,0.5756363340379601,0.7026173470490545,0.809114821830663,0.9307051269613552,1.059240431898798,1.1702365828889303,1.280650603768153,1.4067941021669141,0.5627176409230374,5282.193940151716
weak,10049,residual-s2,1.396806218701225,13.227518294379976,2174.339639822991,7539.685427796586,2.49999999975,0.0,0.17239716963646048,0.3661801140971616,0.5687988313984131,0.712302606019396,0.8249066120472337,0.9455242064631961,1.0476948296884445,1.1738731627315393,1.2889374768767858,1.396806218701225,0.5587224875363622,5291.007318281091
weak,10049,residual-s3,1.407060207537847,13.248334715130339,2190.3015206445853,7551.550787624293,2.49999999975,0.0,0.17550604156953478,0.372920580328769,0.5706740638920037,0.7192760210757213,0.804134873560492,0.9365105201304765,1.0524078714967744,1.1770011938141436,1.2953024228366057,1.407060207537847,0.5628240830714213,5299.333886582069
weak,10049,residual-s4,1.4223705903317625,13.151715765570371,2214.1344416066836,7496.47798637511,2.4999999997500004,0.0,0.17550604156953478,0.3729029198366052,0.5586008594125667,0.6878318462052516,0.7864873107448689,0.904193415884474,1.0528377097282116,1.1886836800380745,1.2993109456449954,1.4223705903317625,0.5689482361895998,5260.686306754216
weak,10049,hybrid-s0,1.3794084293386217,12.805834464684024,2147.257355573446,7299.325644869893,2.49999999975,0.0,0.16595629534469566,0.36510067878517116,0.5284911318275242,0.6753142855294098,0.7731729870416474,0.9038984474791596,1.0284287973463855,1.1464652024897815,1.2602932567319827,1.3794084293386217,0.5517633717906251,5122.333786385842
weak,10049,hybrid-s1,1.3908137621116938,12.893342643531888,2165.011476955381,7349.205306813175,2.49999999975,0.0,0.16327192624176942,0.36195245620319066,0.5297176488300717,0.6696350486881029,0.7758699236811869,0.9119762510054593,1.038489854428759,1.1660771655291393,1.274941149215401,1.3908137621116938,0.5563255049003101,5157.337057928488
weak,10049,hybrid-s2,1.4578282770459416,13.398321889561517,2269.329681094342,7637.043477050064,2.49999999975,0.0,0.16327192624176942,0.36195245620319066,0.5377075100467344,0.7090947684448828,0.8100356375544825,0.9481744044189562,1.0904896701738203,1.1966444243618697,1.3319472023539591,1.4578282770459416,0.5831313108766898,5359.32875636054
weak,10049,hybrid-s3,1.4221591912067828,13.154019240754359,2213.8053669711953,7497.790967229984,2.4999999997499995,0.0,0.16327192624176942,0.3624968717890534,0.537284623697145,0.6895333109690134,0.7856965781199768,0.9226864645977545,1.0638241012475962,1.1958778066077154,1.307374208431497,1.4221591912067828,0.5688636765395996,5261.607696827905
weak,10049,hybrid-s4,1.3239283511773876,12.12386878878383,2060.8942426724916,6910.605209606782,2.49999999975,0.0,0.14701042815737211,0.3391339690692416,0.4905096691917289,0.6272605414326773,0.7238875666286466,0.8532482279676015,0.9797664587585431,1.095743303989508,1.2079429727710786,1.3239283511773876,0.5295713405239122,4849.547515998486
weak,10050,max-exp-cap-V,1.4972368116598564,13.537992150501314,2330.6750114709816,7716.655525785748,2.49999999975,0.0,0.17787562136183155,0.34212379857431563,0.5204658359287224,0.7082179490249119,0.8358729530946343,0.947881520896452,1.0931094268725363,1.2154251061222954,1.358662099178294,1.4972368116598564,0.5988947247238321,5415.196860742045
weak,10050,max-exp-cap,1.5004638895781952,13.584339119826085,2335.698445176171,7743.0732983008675,2.49999999975,0.0,0.19071536678059736,0.3702736357676575,0.5489883082631529,0.6824725574467829,0.8166811627690431,0.9353043383710691,1.0789819080228147,1.2287899227520616,1.3739735484635156,1.5004638895781952,0.6001855558912966,5433.7356484738075
weak,10050,rolling-lp-V,1.3468739972876476,12.837630404337434,2096.6126030512696,7317.449330472336,2.4999999975000056,0.0,0.19313363934855793,0.37180636913363424,0.5562253277059402,0.699565610910376,0.7824713151709461,0.9171485846513243,1.0201346564030271,1.120610488398281,1.23898538711827,1.3468739972876476,0.5387495994538074,5135.052166870014
weak,10050,ppo-s0,1.4049183452225191,13.058165709369288,2186.9673887708086,7443.154454340493,2.497294537871654,0.0,0.189716253627665,0.368503707794217,0.5237146186390657,0.6663669913894043,0.7973708257492457,0.909183042587823,1.0456248375676793,1.1832101863480413,1.300019505445215,1.4049183452225191,0.5625761494756946,5228.9249471142675
weak,10050,ppo-s1,1.4391136263471345,13.139477017793785,2240.197503477254,7489.501900142457,2.496927124092226,0.0,0.18552616516243142,0.36005968863811344,0.5191665505979995,0.6641580545241758,0.8022479332436665,0.9180247541907987,1.0535535206988589,1.183637915455498,1.3153748802354854,1.4391136263471345,0.57635387611496,5262.258914573138
weak,10050,ppo-s2,1.4409614327990665,13.337934492132483,2243.073893030339,7602.622660515514,2.497768959459885,0.0,0.19637605627272267,0.3760442075474629,0.5520353392918265,0.6942874483475869,0.8148196340073253,0.9273676674654877,1.0610306913878746,1.192154345326702,1.313276300508044,1.4409614327990665,0.5768994075059122,5339.939245228135
weak,10050,ppo-s3,1.410804606892238,13.081439294161584,2196.130243222259,7456.420397672103,2.4964684387965095,0.0,0.18942833641256773,0.36751254618187007,0.519517307698552,0.6648393935923024,0.7938898710043707,0.9105723098900851,1.0485223664930357,1.1853347646846049,1.3131578740755754,1.410804606892238,0.5651201453090889,5239.977838641472
weak,10050,ppo-s4,1.4384654028447796,13.093352734690082,2239.1884457871,7463.211058773347,2.4967610345251265,0.0,0.18289820100356025,0.36118689414910926,0.5214458445571519,0.6682162734018554,0.7934307945162151,0.9077734805138482,1.0442578522403783,1.1790949855203292,1.314462899542923,1.4384654028447796,0.5761325905658287,5244.13532317897
weak,10050,residual-s0,1.3835979759180275,12.972275577985307,2153.779016973949,7394.197079451625,2.49999999975,0.0,0.1810933626893346,0.358583220175876,0.539081804297944,0.71407279277748,0.8147717002299569,0.9098807722299416,1.0217812950394611,1.1356573131018632,1.2749318453459715,1.3835979759180275,0.553439190422555,5188.910231713014
weak,10050,residual-s1,1.3940451782541943,12.935947524280838,2170.041663761061,7373.490088840077,2.49999999975,0.0,0.1810933626893346,0.3608739477965272,0.5411699721546945,0.7001178877986858,0.8063394729973876,0.8811982876734221,1.0096870415680603,1.1577199764144408,1.2778696384306687,1.3940451782541943,0.5576180713574396,5174.3790102297735
weak,10050,residual-s2,1.3808347929180718,12.856863112118171,2149.477705705107,7328.411973907358,2.49999999975,0.0,0.17787562136183155,0.351840455979847,0.5292758097301494,0.6964122919676927,0.8066720083775777,0.9025783205549971,1.0105187593285943,1.1415676627215827,1.2617348369586678,1.3808347929180718,0.5523339172224621,5142.745245361543
weak,10050,residual-s3,1.3757637097612827,12.993886467326949,2141.5837996091723,7406.515286376361,2.49999999975,0.0,0.1810933626893346,0.360278057803543,0.5413816169409326,0.7185467806153238,0.8237192725449045,0.9163713318517953,1.024238297652814,1.1366343776457253,1.2693082133181959,1.3757637097612827,0.5503054839595436,5197.554587450535
weak,10050,residual-s4,1.3819668178744697,12.838882571524076,2151.239873358007,7318.163065768723,2.4999999997500004,0.0,0.1810933626893346,0.3598349520807292,0.5295403378040093,0.6867424256624286,0.8031632337286594,0.8875338065722407,1.0005479482267228,1.1451472641261282,1.2721896255728005,1.3819668178744697,0.5527867272050665,5135.553029123185
weak,10050,hybrid-s0,1.4146984367902493,13.10898262314558,2202.1915769882603,7472.12009519298,2.49999999975,0.0,0.19187983171937437,0.37401373451339975,0.5374402269564992,0.6816222286265544,0.7922238464274479,0.9068665885425222,1.0416976884211266,1.1774015405255018,1.3034292211149743,1.4146984367902493,0.5658793747726877,5243.593049782592
weak,10050,hybrid-s1,1.4246560803123238,13.125713719026553,2217.692151612996,7481.656819845134,2.4999999997500004,0.0,0.19226839321405492,0.37423564730818,0.5419526754547186,0.6939046499723922,0.7962022708970885,0.9079980631699986,1.0348395847843457,1.1616451497728588,1.3043189650337144,1.4246560803123238,0.5698624321819157,5250.285488135649
weak,10050,hybrid-s2,1.383574026737692,12.949424541924602,2153.7417364611283,7381.171988897022,2.49999999975,0.0,0.19226839321405492,0.37423564730818,0.5418326194093956,0.6919441155325337,0.7939901045987742,0.8992756110514378,1.0257371730545906,1.152593792511016,1.2633209831667274,1.383574026737692,0.5534296107504197,5179.769817287818
weak,10050,hybrid-s3,1.4394971323045835,13.305035421035383,2240.794488366228,7583.870189990168,2.4999999997500004,0.0,0.19226839321405492,0.3745459354769401,0.5489343422409723,0.6966371920189813,0.8075876412929293,0.9162485414661092,1.0459775176176576,1.2026417071137765,1.3228801990614052,1.4394971323045835,0.5757988529794132,5322.0141689463535
weak,10050,hybrid-s4,1.2919575038568674,12.29083183328259,2011.1267948210834,7005.774144971077,2.49999999975,0.0,0.17768998520050092,0.35682488646101956,0.5182686102821036,0.6741020101159614,0.7779268609667475,0.8639430651433518,0.9706905784613675,1.077738500585129,1.1865473490680865,1.2919575038568674,0.5167830015944253,4916.33273380467
weak,10051,max-exp-cap-V,1.443239913288627,13.25639097934657,2246.620691706265,7556.142858227544,2.49999999975,0.0,0.1530860953163191,0.30935742572685265,0.4921031112674064,0.6664180658851153,0.825509322879773,0.9655167943176357,1.1213187631796755,1.2160123948163377,1.3234072923570073,1.443239913288627,0.5772959653731804,5302.556392268883
weak,10051,max-exp-cap,1.5033261244519283,13.679077433334417,2340.1539456322243,7797.074137000616,2.49999999975,0.0,0.16635151566517953,0.32240705537761727,0.5081257669391074,0.6884179151390374,0.8360821075989086,0.9806137331269255,1.1367177318743764,1.260239786193401,1.3852232490701855,1.5033261244519283,0.6013304498409043,5471.63097388093
weak,10051,rolling-lp-V,1.3399014767404565,12.648992728477813,2085.75882275429,7209.925855232353,2.4999999975000056,0.0,0.1810542724955835,0.3377309865621546,0.5132989454724266,0.6872438544899477,0.8243114410443286,0.8985884986534227,1.0014998918980795,1.1136577399677163,1.2284865206095201,1.3399014767404565,0.535960591232142,5059.597096450711
weak,10051,ppo-s0,1.3237805825927451,12.059534330165171,2060.6642185740825,6873.934568194147,2.497739922575085,0.0,0.16631494238588346,0.3116638014299405,0.47904794519794985,0.5976752503683576,0.7302710261571337,0.8581181412018901,0.9830022219000714,1.0881706044251804,1.209058208544011,1.3237805825927451,0.5299913616418367,4828.178555008321
weak,10051,ppo-s1,1.3639169245343874,12.288903054683827,2123.1424908732624,7004.674741169782,2.4971579945115425,0.0,0.16526915378216184,0.31596907916616856,0.47893781374086847,0.6060053804015443,0.7351298745969325,0.868656764582188,0.9990165242140823,1.1239126143621827,1.2376361641330758,1.3639169245343874,0.5461876771642464,4921.155602366122
weak,10051,ppo-s2,1.3802478785186285,12.518179334657384,2148.5640848844046,7135.362220754709,2.4980233446415316,0.0,0.1751707871540888,0.3237679124911206,0.5001663227715736,0.6227325030010854,0.7540424219997964,0.8829109985357415,1.015682113318173,1.1296433299835151,1.257374208230907,1.3802478785186285,0.5525360207218941,5011.23392682055
weak,10051,ppo-s3,1.346909731817103,12.157606715896467,2096.668229238256,6929.8358280609855,2.496073587699676,0.0,0.16647962116617504,0.31353956137410266,0.4633820719823596,0.5915985046129837,0.7250455222812213,0.8631096401989213,0.9990950487259354,1.111563389816822,1.2293818034446793,1.346909731817103,0.5396113874424608,4870.692425018061
weak,10051,ppo-s4,1.3547103393630415,12.320598576087024,2108.811051896654,7022.741188369603,2.4974963505509824,0.0,0.15949758350945029,0.3090293594017619,0.4838727335250717,0.6093129627242474,0.743928960250438,0.8795572853475769,1.009567653420381,1.1246119386428688,1.2407228323765631,1.3547103393630415,0.5424273549245322,4933.179811601698
weak,10051,residual-s0,1.4540565998370747,13.140572721205462,2263.4584964202922,7490.126451087113,2.49999999975,0.0,0.15598069830182246,0.31123953472011046,0.4969742032477322,0.6696987524800936,0.821194985610582,0.9540215429181633,1.074313115308164,1.1819813871721405,1.32210615462793,1.4540565998370747,0.5816226399929921,5256.229089007808
weak,10051,residual-s1,1.3556190329691205,12.39463758832738,2110.2255706049027,7064.943425346606,2.49999999975,0.0,0.15598069830182246,0.3020770512503246,0.48951145815872654,0.6175562956153949,0.7680951509100894,0.88862126386381,1.0268612550322995,1.1181918243824074,1.2398606348341814,1.3556190329691205,0.542247613241873,4957.855035826738
weak,10051,residual-s2,1.365947060699874,12.489800901910973,2126.302704136746,7119.186514089254,2.4999999997500004,0.0,0.1530860953163191,0.3044904130703425,0.4876039619637591,0.6319422393229732,0.7867274861881117,0.9250519112952925,1.0200938658634908,1.1127149195866035,1.2358500813210007,1.365947060699874,0.5463788243345874,4995.920361263981
weak,10051,residual-s3,1.4046839172749288,12.947830454825613,2186.6024662981686,7380.263359250599,2.49999999975,0.0,0.15598069830182246,0.31123953472011046,0.4933734027957764,0.6701704692543909,0.812333832562409,0.924856026696821,1.0696593694803656,1.1750765528196756,1.3003746134761098,1.4046839172749288,0.5618735669661589,5179.132182448158
weak,10051,residual-s4,1.3866433668737121,12.656154980608473,2158.5196275074995,7214.008338946829,2.49999999975,0.0,0.15598069830182246,0.31123953472011046,0.4936664893397087,0.6145332779384172,0.7727428642687735,0.9138559242345521,1.0488639972919356,1.1610752704358624,1.271773269667226,1.3866433668737121,0.5546573468049506,5062.461992749635
weak,10051,hybrid-s0,1.3709722129134676,12.540660427504973,2134.125111789198,7148.176443677834,2.49999999975,0.0,0.16861956291912536,0.32521251699664694,0.499333207760454,0.6185685039047852,0.7604739858547718,0.9022261532733573,1.0269222996726846,1.1324148343642255,1.251437160271201,1.3709722129134676,0.5483888852202259,5016.264171503615
weak,10051,hybrid-s1,1.396382699935661,12.849965865181579,2173.680368960759,7324.4805431535,2.49999999975,0.0,0.17087792097383098,0.3232329410050408,0.5039244582424792,0.6445702463313382,0.7814658444042453,0.9230924692258162,1.061947183049128,1.1676456637510886,1.2817403084502592,1.396382699935661,0.5585530800301197,5139.98634658663
weak,10051,hybrid-s2,1.4801075941156527,13.180813108209007,2304.0107997808705,7513.063471679134,2.4999999997500004,0.0,0.17087792097383098,0.3232329410050408,0.5031280890581157,0.6434595703636177,0.7835002943892907,0.917452499313024,1.0682851352061533,1.2139929324183159,1.36338061509479,1.4801075941156527,0.5920430377054653,5272.325243810835
weak,10051,hybrid-s3,1.41602336049719,13.047062360269171,2204.254020652365,7436.8255453534275,2.49999999975,0.0,0.17087792097383098,0.3291570663423319,0.5108009301899216,0.6582245269106809,0.8010822386145567,0.9339167529196488,1.066264913153079,1.1884682852247253,1.3066794748009705,1.41602336049719,0.5664093442555169,5218.824944629551
weak,10051,hybrid-s4,1.2564906113692076,11.79098921627726,1955.9172251579676,6720.863853278039,2.49999999975,0.0,0.14535712877654494,0.30887637815374147,0.47950059051054666,0.6061071150872106,0.7476920336101729,0.862968376063783,0.9636671708060474,1.0529299623951096,1.1509986875924683,1.2564906113692076,0.5025962445979426,4716.395686982544
weak,10052,max-exp-cap-V,1.4063786400078753,12.615277730901829,2189.240557944253,7190.708306614042,2.49999999975,0.0,0.17299369925350735,0.30633028953319347,0.481040833385787,0.6394065499813322,0.7647467217441708,0.9070690306724352,1.0042093548195787,1.16116501947861,1.2607748128250076,1.4063786400078753,0.5625514560594053,5046.1110928653425
weak,10052,max-exp-cap,1.4572064971146088,13.274557507677576,2268.361786812485,7566.497779376218,2.49999999975,0.0,0.17404029277729394,0.3300900892246915,0.5086022791357295,0.6763746548960972,0.8168034522026528,0.9503970905697698,1.0759480738778202,1.2055415172055826,1.3326354970066894,1.4572064971146088,0.5828825989041317,5309.823003602013
weak,10052,rolling-lp-V,1.3079235371467632,12.216534932351804,2035.9803347095537,6963.4249114405275,2.4999999975000056,0.0,0.17186074846280458,0.30942351571189075,0.4903946200502707,0.6492525322965165,0.7523188189355533,0.8775469607740602,0.9936996082629078,1.0836696693039847,1.211870653507333,1.3079235371467632,0.5231694153818736,4886.613977827325
weak,10052,ppo-s0,1.3408191711554878,12.172299402705544,2087.1873525797814,6938.21065954216,2.496416341097532,0.0,0.17517874784332005,0.3094505622294786,0.46943084585544304,0.5977704414706467,0.7333379874420979,0.8672238732700627,0.9803310048697582,1.1171694721319065,1.228831441664557,1.3408191711554878,0.5370975782693387,4875.909199246019
weak,10052,ppo-s1,1.350773609248987,12.149333960801103,2102.682937471281,6925.120357656628,2.496902281010023,0.0,0.17095903899946335,0.3135075158587885,0.46681225045883135,0.6013026229394548,0.7357171968860146,0.8648765387794556,0.9744749185769894,1.1068166093455665,1.2195501367547332,1.350773609248987,0.5409797650161082,4865.762690515293
weak,10052,ppo-s2,1.3490557359893156,12.206985008302134,2100.008808537227,6957.981454732216,2.497439344952623,0.0,0.17510950911881243,0.3093560780800267,0.47347260341281466,0.6048744525730207,0.7358390480111764,0.8686423383335528,0.9808850671811526,1.1147460784834733,1.2298448362316794,1.3490557359893156,0.5401755757215027,4887.8003916182015
weak,10052,ppo-s3,1.3719476025271584,12.394711877632545,2135.64345289688,7064.985770250551,2.496879029368398,0.0,0.17527715315867315,0.30879863358743254,0.47659849954732053,0.6143185985691334,0.7496384032111761,0.884017377416144,0.9962351163517871,1.134405686089221,1.2511853186662654,1.3719476025271584,0.549464986645429,4964.081852522856
weak,10052,ppo-s4,1.3619207210101838,12.326153134002874,2120.035098885943,7025.907286381637,2.497456772167558,0.0,0.17255267425787807,0.3071221674681623,0.4744538539990447,0.609336004752296,0.7415921940276292,0.8789416596588917,0.990098762032604,1.133774857744682,1.2485870282700207,1.3619207210101838,0.5453230406979835,4935.48207575378
weak,10052,residual-s0,1.3861517525548854,12.556039039876952,2157.754355641855,7156.942252729862,2.49999999975,0.0,0.1707113302842796,0.3129463314812221,0.49424405183740394,0.6475883189979622,0.7603886915211838,0.8901701369447667,1.0024761954908532,1.1392900684629113,1.2620928547408907,1.3861517525548854,0.5544607010774002,5022.415616453022
weak,10052,residual-s1,1.4240329998197432,12.900109776509936,2216.7222328113185,7353.062572610664,2.49999999975,0.0,0.1707113302842796,0.3011115270302566,0.4862246288923623,0.6171805010007925,0.7737441202745817,0.9512617240706578,1.0654173392656097,1.1990475546162829,1.2983606993789802,1.4240329998197432,0.5696131999848586,5160.043911119979
weak,10052,residual-s2,1.3740020493607354,12.686013482962053,2138.8415093834187,7231.02768528837,2.4999999997500004,0.0,0.17299369925350735,0.31109938421527306,0.49436497192942686,0.6375670084100249,0.7632899409754812,0.9283262777711253,1.0305506206395334,1.1661191952334924,1.2712427904784878,1.3740020493607354,0.5496008197992541,5074.405393692261
weak,10052,residual-s3,1.4593152566571053,13.265199244666164,2271.644389225559,7561.163569459713,2.49999999975,0.0,0.1707113302842796,0.31304012977940116,0.4935408236080298,0.6476129491655453,0.7883033065105916,0.9753406622714634,1.0945849192311345,1.2390573555332094,1.3401209179038236,1.4593152566571053,0.5837261027212147,5306.079698397074
weak,10052,residual-s4,1.4140236157113408,12.88669871231363,2201.1411161569627,7345.418266018768,2.49999999975,0.0,0.1707113302842796,0.31304012977940116,0.49308540097487935,0.626040348724345,0.7625918182806488,0.9402582740080386,1.0530650048764132,1.206352045028317,1.2993091249700393,1.4140236157113408,0.5656094463410973,5154.67948544092
weak,10052,hybrid-s0,1.3909662934944933,12.568673590839953,2165.2489150677675,7164.143946778773,2.49999999975,0.0,0.1759428534956418,0.32128266132073824,0.4881322583826836,0.6286250115570918,0.7490816765198797,0.8892685683975338,1.008242055525955,1.1578684308136884,1.2647664189771417,1.3909662934944933,0.5563865174534359,5027.469436838728
weak,10052,hybrid-s1,1.3919011710568152,12.771856365389802,2166.7041930547366,7279.9581282721865,2.49999999975,0.0,0.1754518729181863,0.3170361678938866,0.4897163607034006,0.6419059601199263,0.7728609456093186,0.9179996869437704,1.043069881341299,1.1695564514961279,1.285203319793156,1.3919011710568152,0.5567604684784021,5108.742546666795
weak,10052,hybrid-s2,1.4067729092929595,12.694582150880734,2189.8542975767414,7235.911826002019,2.49999999975,0.0,0.1754518729181863,0.3170361678938866,0.4914931416113533,0.6472115755374621,0.7668749751976343,0.9168665520052801,1.0338689899247622,1.1426787233440296,1.2568055839312593,1.4067729092929595,0.5627091637734547,5077.832860860077
weak,10052,hybrid-s3,1.4373750434225916,13.096144586110782,2237.4911368250005,7464.802414083145,2.4999999997500004,0.0,0.1754518729181863,0.32274777932225246,0.4986641889976333,0.6599120483756401,0.7984945542935671,0.9483729740883055,1.050445541097336,1.206161426819588,1.315400697705062,1.4373750434225916,0.5749500174265315,5238.457834968158
weak,10052,hybrid-s4,1.3458830213179556,12.56265590511516,2095.069999428688,7160.713865915641,2.49999999975,0.0,0.18141179512873992,0.3439018229198597,0.49651704573088085,0.6314384894096027,0.764168331718267,0.9056583862564621,1.01200066286924,1.140994502431227,1.2483363805157293,1.3458830213179556,0.5383532085810175,5025.0623625485705
weak,10053,max-exp-cap-V,1.4660802032047184,13.443301049704571,2282.1750492719007,7662.681598331605,2.4999999997500004,0.0,0.16244185402149458,0.3311096698452365,0.5135393239656509,0.6762204661651179,0.8356589662164663,0.9731159292065743,1.1019169168965894,1.2237972390952803,1.3521605365474283,1.4660802032047184,0.5864320813405305,5377.320420419559
weak,10053,max-exp-cap,1.5202163117033403,13.949529372444369,2366.4460706049535,7951.231742293289,2.4999999997500004,0.0,0.17898946629163126,0.3539304625036688,0.5366809869875406,0.7103843553522118,0.8517474133467683,0.9881637735126203,1.1385269260900293,1.2750356497449298,1.4075692634152466,1.5202163117033403,0.6080865247421446,5579.811749535728
weak,10053,rolling-lp-V,1.323714255579439,12.399618020380172,2060.560970569963,7067.7822716166975,2.499999997500006,0.0,0.15600789996338,0.31631370993188496,0.49910354201491525,0.6547149315440813,0.7922679235096108,0.9026836262524234,1.001733456503513,1.1093145984029655,1.2097201750664508,1.323714255579439,0.5294857027612601,4959.847213111904
weak,10053,ppo-s0,1.3932037319813537,12.824800351334131,2168.731825673771,7310.136200260455,2.4971639024088432,0.0,0.17069144175836207,0.33973405829578424,0.5002636123116799,0.6487454027547066,0.7802354982567596,0.9046224804983675,1.042434196496954,1.167216208851201,1.2915666573054947,1.3932037319813537,0.5579144126812923,5135.7463316536505
weak,10053,ppo-s1,1.3802695326986902,12.618310879797752,2148.5977928830125,7192.437201484719,2.496692360013533,0.0,0.1751373864651577,0.33997196906235294,0.49182857538026215,0.6404596230847439,0.7646338311653961,0.8855881841364097,1.0155396909663423,1.1402046076373238,1.2724300605108378,1.3802695326986902,0.5528392503637126,5054.011091590538
weak,10053,ppo-s2,1.4104688766678302,12.781884025832248,2195.6076284705186,7285.673894724381,2.4977653881089785,0.0,0.15939870253363944,0.3233841784886905,0.49200608338510005,0.6425401594833989,0.7764723237613314,0.9090663149488758,1.037896872052445,1.162308988154118,1.2976011355887667,1.4104688766678302,0.5646922979166091,5117.32770687051
weak,10053,ppo-s3,1.4042972270577794,12.930611877938563,2186.000524628506,7370.4487704249805,2.4965190753738504,0.0,0.17150182147150042,0.341402879039383,0.4973373741027448,0.6483099445701912,0.7853385023545303,0.9121669611078442,1.0525473384999646,1.1807131436717742,1.3130719290870765,1.4042972270577794,0.5625021017904651,5179.45647020631
weak,10053,ppo-s4,1.4282489022516869,13.090030855916043,2223.2849210730624,7461.317587872143,2.4971004093258466,0.0,0.17489535961619881,0.3437017738128608,0.5139663307475459,0.6601846674454624,0.7948798175536501,0.9212158075893896,1.0606321741825002,1.189918341486301,1.3214554627392963,1.4282489022516869,0.5719629442683395,5242.09231115781
weak,10053,residual-s0,1.4491095259445927,13.306983846271848,2255.757629455683,7584.980792374952,2.4999999997500004,0.0,0.15556018313006836,0.3345035411224118,0.5233294177850043,0.6806954265256915,0.8301726802165011,0.95905853970573,1.0814464778341661,1.189098899992705,1.3454955872724184,1.4491095259445927,0.5796438104358014,5322.7935390410175
weak,10053,residual-s1,1.463982415159042,13.412048946426804,2278.9095256490873,7644.867899463278,2.4999999997500004,0.0,0.15556018313006836,0.3345852429681538,0.525428594112058,0.6762941035772359,0.8321683786624396,0.9613349933241777,1.098547808447104,1.2274014551763466,1.3406614294917434,1.463982415159042,0.5855929661221759,5364.819579107203
weak,10053,residual-s2,1.3852950421263477,13.189114695200724,2156.420756593054,7517.795376264412,2.49999999975,0.0,0.16244185402149458,0.3386019840978151,0.5254058942940729,0.6801907094344699,0.8442540770517359,0.9630927339558991,1.091979857267492,1.1776140056445707,1.3038744133645248,1.3852950421263477,0.5541180169059509,5275.645878607854
weak,10053,residual-s3,1.4231739169759452,13.128634029816837,2215.384940740197,7483.321396995596,2.49999999975,0.0,0.15556018313006836,0.33323485211638804,0.5194714523946184,0.6827799319533718,0.8281968811573821,0.9505797596922814,1.0586370318237488,1.1774570254131347,1.3048064669282105,1.4231739169759452,0.569269566847305,5251.45361245188
weak,10053,residual-s4,1.427164326184457,13.217059614489616,2221.5966147755908,7533.72398025908,2.49999999975,0.0,0.15556018313006836,0.3333078894816817,0.5190760444418011,0.6716882290109949,0.82952455155311,0.9472318135181763,1.089383573809859,1.203329382445463,1.3144365279342458,1.427164326184457,0.5708657305308694,5286.823846324529
weak,10053,hybrid-s0,1.4531432938054107,13.415291398271862,2262.0367977756637,7646.716097014961,2.49999999975,0.0,0.18064354229961277,0.3525367088600389,0.5062083020734179,0.6678793926877973,0.8291216905312693,0.9649135048487987,1.1072081178201634,1.213761393562089,1.3426316241847034,1.4531432938054107,0.58125731758029,5366.116559845356
weak,10053,hybrid-s1,1.435936166839401,13.26232646604866,2235.2513083149634,7559.526085647735,2.49999999975,0.0,0.17836907391310874,0.3490907415856989,0.5076256872895584,0.6723093620393614,0.8252283188693794,0.9604476632304746,1.0882359005967515,1.188585197505697,1.313954052305566,1.435936166839401,0.5743744667931979,5304.930586949958
weak,10053,hybrid-s2,1.40494620657652,13.156717395745,2187.0107591722376,7499.328915574649,2.49999999975,0.0,0.17836907391310874,0.3490907415856989,0.5076256872895584,0.6780117539604776,0.8333222050387487,0.955921082223424,1.0626246243646407,1.1922569334645676,1.2897700822052778,1.40494620657652,0.5619784826868058,5262.686958824269
weak,10053,hybrid-s3,1.4123685853777324,13.149752909250985,2198.564811719529,7495.3591582730605,2.49999999975,0.0,0.17836907391310874,0.3508234111177172,0.5031084501916443,0.6655536339789172,0.8169487810468598,0.9559779967330713,1.0798827736038452,1.1868322561209788,1.297599408993669,1.4123685853777324,0.5649474342075876,5259.901164226384
weak,10053,hybrid-s4,1.341930357979344,12.79365713147954,2088.9170825351694,7292.384564943337,2.49999999975,0.0,0.19177501409316064,0.3651617793630172,0.5088764142947733,0.6667981235538861,0.8179189079576848,0.9400905336626021,1.0237793037956466,1.1313667080058907,1.2310095919220214,1.341930357979344,0.5367721432454148,5117.462853103562
weak,10054,max-exp-cap-V,1.5192674605456624,13.886718675141926,2364.9690406083737,7915.429644830898,2.4999999997500004,0.0,0.1578238234282161,0.31707601432921306,0.49067463176532533,0.6764277042547844,0.8704980901343939,1.018156107609302,1.1611161805443857,1.297929752093505,1.411924950884242,1.5192674605456624,0.6077069842790356,5554.687470612239
weak,10054,max-exp-cap,1.5343690840585842,13.837184112340926,2388.4769962504674,7887.194944034328,2.49999999975,0.0,0.17254975495101368,0.3357281911003649,0.5116498832461449,0.6975061084706391,0.8502844961651237,0.9792666046616733,1.1237437759322293,1.2763784337869235,1.4075971423697493,1.5343690840585842,0.6137476336848084,5534.873645489858
weak,10054,rolling-lp-V,1.3909600390716204,12.759364085179397,2165.239179114852,7272.837528552256,2.499999997500005,0.0,0.17202420178883843,0.3241307394440429,0.514553995252372,0.6716589458986789,0.8131822878551018,0.905140066649214,1.0114294244295015,1.1358342912176815,1.2577627255145336,1.3909600390716204,0.556384016185031,5103.745639175494
weak,10054,ppo-s0,1.392657656202322,12.802745353536855,2167.8817763277707,7297.5648515160065,2.4972403218246426,0.0,0.16987642262425126,0.33650847965552805,0.4837108159786437,0.6453275892864108,0.7810254317703496,0.9113831648155719,1.042353853652101,1.172471991407578,1.2892296466968551,1.392657656202322,0.5576786679404399,5126.757421641484
weak,10054,ppo-s1,1.4058702439679098,12.784830232653242,2188.4491627975062,7287.353232612347,2.4970205625810866,0.0,0.17521820521051668,0.3405960415176614,0.4803614780689299,0.6428072416461865,0.7789049161267245,0.9051365485676073,1.033599088324021,1.1622572006396068,1.288285328394903,1.4058702439679098,0.5630190896444637,5120.034021441133
weak,10054,ppo-s2,1.4428321368828096,13.039803867793399,2245.9859262023015,7432.688204642236,2.4977462764250973,0.0,0.16993365622901463,0.3342709283346537,0.5008741429087347,0.6655450920012936,0.7966999070498952,0.9176295969476502,1.0525685843884722,1.1833434263512548,1.3131351081351386,1.4428321368828096,0.5776536033707416,5220.62788797613
weak,10054,ppo-s3,1.4144701713449153,12.891308449123178,2201.836247380226,7348.045816000211,2.496128743259015,0.0,0.16924533445189097,0.33329936098878343,0.4895133049133404,0.6508435448841657,0.7841766587724405,0.9121838453058217,1.0458707927065765,1.1779325905686306,1.3039028057484952,1.4144701713449153,0.5666655516726848,5164.520653807274
weak,10054,ppo-s4,1.4156128722998345,12.93606361488502,2203.6150338356974,7373.556260484461,2.4969307411747903,0.0,0.16442762880453615,0.3289886567208564,0.48644807459570566,0.6520061860202251,0.7928945550453935,0.9221340503644844,1.0545476225598118,1.1839764447401167,1.309153251787668,1.4156128722998345,0.5669411846136339,5180.785915110599
weak,10054,residual-s0,1.4752309410918252,13.396030923800232,2296.4195535239414,7635.737626566131,2.49999999975,0.0,0.16587240059658764,0.3331008935140767,0.500048413753876,0.6768418976339438,0.8298109056952377,0.969428983540363,1.08418639978915,1.220617197881805,1.3505365159499534,1.4752309410918252,0.5900923764957393,5358.412370055934
weak,10054,residual-s1,1.420606090174304,13.079132321275294,2211.3877308708143,7455.105423126917,2.4999999997500004,0.0,0.16587240059658764,0.3332539266056301,0.5137585587517552,0.6758604606396843,0.7953322908210869,0.9244161793007964,1.0547522050161966,1.1959940308009192,1.322251223765539,1.420606090174304,0.5682424361265458,5231.652929033282
weak,10054,residual-s2,1.4398720307773254,13.059126642473611,2241.3780744064948,7443.702186209958,2.49999999975,0.0,0.1578238234282161,0.3242494084681913,0.4983002534642435,0.6724388969057756,0.8160120316734454,0.9240552192171523,1.0626885580788816,1.1996280697889703,1.294177330606153,1.4398720307773254,0.575948812368525,5223.65065751181
weak,10054,residual-s3,1.463427481450712,13.296079257954004,2278.045687599585,7578.765177033781,2.4999999997500004,0.0,0.16587240059658764,0.33215329244166647,0.5044516380074723,0.6882968060781885,0.8232096163180339,0.9340963327915467,1.07509154082241,1.209430837397495,1.345435173761569,1.463427481450712,0.5853709926388218,5318.431703713443
weak,10054,residual-s4,1.4167886183865688,13.05385088593021,2205.4452600249324,7440.695004980219,2.49999999975,0.0,0.16587240059658764,0.33209064569375735,0.5058502266319115,0.677955811104974,0.7952402816029815,0.9265567953055671,1.059624927306729,1.1942045581621503,1.3116721862966902,1.4167886183865688,0.5667154474112991,5221.540354894238
weak,10054,hybrid-s0,1.3742877234788464,12.784698158014745,2139.286204252874,7287.277950068405,2.49999999975,0.0,0.17241444616625434,0.34006162762427117,0.48126276193112305,0.6523854640717808,0.7761365229694335,0.9102758135837026,1.036241377263119,1.1716578629898087,1.298227847004167,1.3742877234788464,0.54971508944651,5113.879263717286
weak,10054,hybrid-s1,1.4080539518446833,12.936651217730752,2191.848433601639,7373.891194106528,2.49999999975,0.0,0.174598968215203,0.34062844860577024,0.49201063530414285,0.6638578386299022,0.7921647590592656,0.9263965689043245,1.0487880071835698,1.1672104301608823,1.2968572139187369,1.4080539518446833,0.5632215807941955,5174.660487609767
weak,10054,hybrid-s2,1.4590572168829026,13.032920884533484,2271.24271138207,7428.764904184085,2.49999999975,0.0,0.174598968215203,0.34062844860577024,0.49217892345749614,0.665398435795544,0.8029195808255783,0.9193017659231499,1.0415865240860844,1.1714358168286985,1.305305237132712,1.4590572168829026,0.5836228868115233,5213.16835433471
weak,10054,hybrid-s3,1.399519345645956,12.857785403578127,2178.5630312890503,7328.937680039532,2.49999999975,0.0,0.174598968215203,0.3430370116107974,0.49189686598462246,0.6642392014944372,0.7881608294321488,0.9234099038095569,1.0431716925573835,1.1531041102021398,1.2787651154064754,1.399519345645956,0.5598077383143631,5143.114161945562
weak,10054,hybrid-s4,1.3318169534009894,12.400362353457119,2073.174042323958,7068.206541470558,2.49999999975,0.0,0.16127585956582305,0.339532111142282,0.4688510293641538,0.6331336053721752,0.7617868840377258,0.887726884987431,1.0030209476695013,1.1333052134386923,1.2456027929303788,1.3318169534009894,0.5327267814136685,4960.1449418788625
weak,10055,max-exp-cap-V,1.4711219728525609,13.486266653014324,2290.0233244681217,7687.171992218164,2.49999999975,0.0,0.1873536134938286,0.3440867969733162,0.5332398972965825,0.6985870139289296,0.8389615617893169,0.9644820979082733,1.0836772312397327,1.21902628671683,1.3231059427118979,1.4711219728525609,0.5884487891998692,5394.50666174518
weak,10055,max-exp-cap,1.5449932065170107,14.037207918973094,2405.015045902888,8001.208513814663,2.49999999975,0.0,0.17952805701077887,0.3566764759630681,0.5524255456692942,0.7150296984652669,0.8568627202575033,0.9913083291030746,1.125446611890446,1.2765817535731283,1.4187173295345468,1.5449932065170107,0.617997282668604,5614.883168150726
weak,10055,rolling-lp-V,1.3450224210303774,12.62502416154169,2093.7303452273595,7196.263772078763,2.4999999975000056,0.0,0.16693436152387392,0.340181458976424,0.5199212001190304,0.6676645576417891,0.7849413810785528,0.91353991551772,1.023320314573914,1.1187087327547915,1.2301417622986066,1.3450224210303774,0.5380089689501587,5050.009669666675
weak,10055,ppo-s0,1.3685396796904905,12.569653764615982,2130.338506789097,7164.702645831108,2.497402108278744,0.0,0.18395322051420218,0.35205044862327234,0.5065015548473681,0.6297889633690834,0.7557196741034584,0.8876343483727978,1.0041588966152561,1.1317767288454479,1.2546823818407855,1.3685396796904905,0.5479853144809402,5033.091676726109
weak,10055,ppo-s1,1.3667519083711022,12.269181163645927,2127.55557097836,6993.433263278177,2.4972969404707244,0.0,0.16883367126109777,0.33287054267115423,0.48457153326290353,0.6128505123338464,0.7329890304856309,0.8633103903498012,0.9723858456415182,1.108378481910326,1.2388389397833408,1.3667519083711022,0.5472925090411869,4912.984501287726
weak,10055,ppo-s2,1.4022798605202118,12.742456789054241,2182.860189217654,7263.200369760917,2.4979036808806274,0.0,0.18122585953422177,0.348442622059168,0.5216149572451527,0.6466332509743318,0.7721979233866328,0.8932707841964282,1.0049375736986161,1.1401034704902235,1.2751090868521722,1.4022798605202118,0.5613826791054821,5101.260263390914
weak,10055,ppo-s3,1.3890244780671235,12.752773425953773,2162.2261863596464,7269.080852793651,2.496661893650544,0.0,0.18368968329091878,0.35315226889603113,0.512525662010397,0.6434328184406342,0.7704216627081047,0.9007089160732215,1.014384979246337,1.1459485678086991,1.2791538094667536,1.3890244780671235,0.5563526569615455,5107.929695401027
weak,10055,ppo-s4,1.4055712197084191,12.812533455100546,2187.9836864186254,7303.14406940731,2.497622688094643,0.0,0.18447194304845996,0.35237138849971195,0.5208404910754448,0.6469647123734792,0.7712882991150511,0.8971893391657112,1.0158960562572232,1.1545035978290281,1.2817359284320988,1.4055712197084191,0.5627636337579416,5129.891522916466
weak,10055,residual-s0,1.4410629614699657,13.357989574229055,2243.231937725988,7614.054057310561,2.49999999975,0.0,0.18907255870236542,0.3668094256109584,0.5611185075045838,0.6981855282552728,0.8289784914463301,0.9326497945669479,1.0556265589770661,1.1843612126310616,1.3233715647674016,1.4410629614699657,0.5764251846456288,5343.195830225942
weak,10055,residual-s1,1.4060097224130073,12.951559009493463,2188.666282042836,7382.388635411274,2.49999999975,0.0,0.18907255870236542,0.36033599246394266,0.5617594671617087,0.6742808064894134,0.7932163348661945,0.8921995192284209,1.0048540554058272,1.1534546944212773,1.2849605076412236,1.4060097224130073,0.5624038890214433,5180.623604315448
weak,10055,residual-s2,1.3759211709628274,12.88292624975695,2141.828911728283,7343.267962361461,2.49999999975,0.0,0.1873536134938286,0.3593564512792222,0.553740508643612,0.695332442680311,0.8133396752337275,0.9063855635659848,0.999285136749458,1.1314316631805699,1.2539074187987034,1.3759211709628274,0.5503684684401678,5153.170500418098
weak,10055,residual-s3,1.4438706208063485,13.363471714299191,2247.6024831233963,7617.178877150538,2.49999999975,0.0,0.18907255870236542,0.3647879486867436,0.5587246169199017,0.7125470970033079,0.8442580974140201,0.9345896115273022,1.0393295917207894,1.183123717303534,1.31445449693603,1.4438706208063485,0.5775482483802943,5345.388686254215
weak,10055,residual-s4,1.3832628344640137,12.869488972754555,2153.257318732165,7335.608714470095,2.49999999975,0.0,0.18907255870236542,0.3648288498244032,0.5508944074956773,0.6677478427449522,0.7915739077806871,0.8857803711982177,1.0233210493972968,1.1534752951546559,1.2574643565977102,1.3832628344640137,0.5533051338409359,5147.795589616601
weak,10055,hybrid-s0,1.3955306068915916,12.537261318261944,2172.3539575675877,7146.238951409307,2.4999999997500004,0.0,0.17900407941714286,0.35191811912821247,0.49778064175819775,0.6229328170188903,0.7545277940508042,0.8720849786209502,1.0013015037252533,1.130161251869452,1.248755041361079,1.3955306068915916,0.5582122428124577,5014.904527806268
weak,10055,hybrid-s1,1.3740849204523082,12.630167054225371,2138.9705107416526,7199.19522090846,2.4999999997500004,0.0,0.1783428345690329,0.34852213485273703,0.5015523347590832,0.635311494114809,0.7666406661446283,0.8828980642974458,1.015135122871499,1.147082104649229,1.2641102477436803,1.3740849204523082,0.5496339682358866,5052.066822195354
weak,10055,hybrid-s2,1.3545974109838834,12.375358144819531,2108.6352618350284,7053.954142547132,2.49999999975,0.0,0.1783428345690329,0.34852213485273703,0.5020224242896334,0.6379409311791776,0.7570828889998589,0.8628405061933576,0.97633804357176,1.0918392214841135,1.2404630621682489,1.3545974109838834,0.5418389644477373,4950.143258422827
weak,10055,hybrid-s3,1.383389965529368,12.582614611811207,2153.4552174178607,7172.090328732388,2.4999999997500004,0.0,0.1783428345690329,0.35297914408900816,0.5035389127003563,0.6359384113050768,0.7656532099232987,0.8847577735080647,0.9864159748376412,1.1326012571088753,1.2595145236853207,1.383389965529368,0.5533559862670827,5033.045845227787
weak,10055,hybrid-s4,1.3986897421013431,12.474437107562233,2177.2716281951643,7110.429151310472,2.49999999975,0.0,0.1906221484493099,0.36068685533228295,0.498027341244275,0.6217571462628431,0.7467103769960796,0.8517610058327236,0.975267383739152,1.1123854981738137,1.2577307612795412,1.3986897421013431,0.5594758968964848,4989.774843523871
weak,10056,max-exp-cap-V,1.505121125381482,13.86570242806026,2342.948135422041,7903.450383994347,2.4999999997500004,0.0,0.19334474026698936,0.35345044922113467,0.54677383493172,0.7169830980800858,0.8422853021093772,1.0023781396308638,1.1432320099169024,1.2275421489574152,1.3762829291164058,1.505121125381482,0.6020484502127975,5546.280971778731
weak,10056,max-exp-cap,1.5473227138115946,13.985386754271731,2408.641275500133,7971.670449934886,2.49999999975,0.0,0.15962501863690498,0.3334762176088611,0.537332337229586,0.7152720757126354,0.8552289503631427,1.0018033936249582,1.1457501245508537,1.2736134406208166,1.4148552909445926,1.5473227138115946,0.6189290855865307,5594.154702268108
weak,10056,rolling-lp-V,1.2713332360357759,12.023127245198868,1979.0220100160575,6853.182529763354,2.4999999975000056,0.0,0.14619674580265576,0.3189935409743304,0.5054315496239168,0.665015854690147,0.7605612433597954,0.865731554973773,0.9704082947585537,1.07136922281402,1.1486733950799033,1.2713332360357759,0.5085332949228425,4809.250902888787
weak,10056,ppo-s0,1.407647747309592,12.828940970211779,2191.216114951636,7312.496353020713,2.4965460171081855,0.0,0.16345587830624297,0.3243723935184524,0.5157682251019808,0.6461632594597825,0.7667618091573878,0.9047406452090768,1.0535071698867253,1.1712176631941638,1.287738450803991,1.407647747309592,0.5638380937756987,5138.675947608559
weak,10056,ppo-s1,1.4259019278055007,12.859230728412479,2219.6315012187756,7329.761515195112,2.496993148465335,0.0,0.15607621473028224,0.3257368158952068,0.5136205709171877,0.6558431812484846,0.7756961565116404,0.9107401225275342,1.0450668367707638,1.1609911250744542,1.2911585764869824,1.4259019278055007,0.5710475932550586,5149.886268737192
weak,10056,ppo-s2,1.409906990088351,12.794824959313756,2194.732967227972,7293.05022680884,2.4973424120371885,0.0,0.15786163067761977,0.32281298713913514,0.5156268644609707,0.6497686435163461,0.7730797366655622,0.9043033837607827,1.0451077723993065,1.1588771656488466,1.2821117784759015,1.409906990088351,0.5645629463114871,5123.376313012868
weak,10056,ppo-s3,1.4272325966555772,13.03412933914416,2221.702888065041,7429.45372331217,2.4967298458509743,0.0,0.16362689356409205,0.3267397058691911,0.5228666397990637,0.6605769885181917,0.7862492436773316,0.9283541675769302,1.0728409750221544,1.1843817390199818,1.3003182850915753,1.4272325966555772,0.5716407800496836,5220.480445973787
weak,10056,ppo-s4,1.4229393924214895,12.965454866959766,2215.019867884394,7390.309274167066,2.497129226755135,0.0,0.17340377887157632,0.3380637883395789,0.5195362627019278,0.6543489598743671,0.7808703518943182,0.9157340318441449,1.0599664407902272,1.1715736844925684,1.2926337330820694,1.4229393924214895,0.5698300981685723,5192.144134169449
weak,10056,residual-s0,1.4730907433708187,13.603101471962466,2293.088012842393,7753.767839018605,2.49999999975,0.0,0.19232552085753538,0.36483697393897013,0.5725783016270224,0.6948165463200598,0.8174001861552664,0.9633555571700004,1.1179962001450388,1.2172059192138127,1.3250917144643244,1.4730907433708187,0.5892362974072511,5441.240589329111
weak,10056,residual-s1,1.4404959985250794,13.257131561384394,2242.349374354725,7556.564989989104,2.4999999997500004,0.0,0.19232552085753538,0.3585480200286639,0.5713814160320515,0.67826912821444,0.803535440850227,0.9380157366405512,1.0719068693874922,1.1696415031625091,1.2923252987911535,1.4404959985250794,0.5761983994676515,5302.852625084042
weak,10056,residual-s2,1.4515740496262952,13.526965534847044,2259.5940324317457,7710.370354862815,2.49999999975,0.0,0.19334474026698936,0.3660940481543415,0.5784632924317001,0.6989117028749429,0.8135446765572638,0.9541302277729391,1.0940063044046815,1.209184810150223,1.3305337196643667,1.4515740496262952,0.5806296199085811,5410.786214479896
weak,10056,residual-s3,1.434911572225936,13.330471143933552,2233.6563722007204,7598.368552042124,2.49999999975,0.0,0.19232552085753538,0.3634069654258427,0.5706536995077945,0.6894355695658126,0.8048771384438769,0.9445503962268718,1.0775149712106233,1.185035253925522,1.3008475448666628,1.434911572225936,0.5739646289477709,5332.18845810664
weak,10056,residual-s4,1.45413229390104,13.353807250701593,2263.5763256521323,7611.670132899907,2.49999999975,0.0,0.19232552085753538,0.36483697393897013,0.5752169908205591,0.6761574205806702,0.7919885698397068,0.9268420605979469,1.0834394881637905,1.2014862479138693,1.3121242926139622,1.45413229390104,0.5816529176185813,5341.52290081479
weak,10056,hybrid-s0,1.4422387909120358,13.13843655472802,2245.06229367038,7488.908836194972,2.49999999975,0.0,0.15947913353157359,0.328714533996721,0.5235906362518951,0.6605950779658465,0.7894136617309951,0.937520929429219,1.0986038335510817,1.1830747839377755,1.3169633093206676,1.4422387909120358,0.5768955164225039,5255.374622416746
weak,10056,hybrid-s1,1.4333940803995033,13.044792165463088,2231.2941672025295,7435.53153431396,2.49999999975,0.0,0.15794523810897423,0.3245164230340952,0.5235655870098586,0.6669629539546104,0.7884604028896287,0.9285459282064352,1.074898926550736,1.1814251520583678,1.3003223933772348,1.4333940803995033,0.5733576322171371,5217.916866707027
weak,10056,hybrid-s2,1.368399786821363,12.937679024818847,2130.120742430234,7374.477044146742,2.49999999975,0.0,0.15794523810897423,0.3245164230340952,0.5235655870098586,0.6835043561198771,0.8082535530760837,0.9372651607452951,1.0600707611767084,1.170056792698853,1.2776494312409368,1.368399786821363,0.5473599147832813,5175.071610445046
weak,10056,hybrid-s3,1.412661509003906,13.127087118839947,2199.020791542144,7482.439657738769,2.4999999997500004,0.0,0.15794523810897423,0.3281724982622263,0.5277886692449015,0.6936095219731253,0.8170071171100993,0.9600706556793744,1.0664345216698927,1.1747367156450657,1.2944773118528157,1.412661509003906,0.5650646036580688,5250.834848061061
weak,10056,hybrid-s4,1.3264746220223478,12.615149609639703,2064.857897442779,7190.63527749463,2.49999999975,0.0,0.18170110390663974,0.37631754677599416,0.5504003050403748,0.6660734405347755,0.7829971211189506,0.9018708721098985,1.0008290036789138,1.1104813406687826,1.2068872901312098,1.3264746220223478,0.5305898488619981,5046.059844360487
weak,10057,max-exp-cap-V,1.5339315064860066,13.953946613289135,2387.795840733822,7953.749569574807,2.4999999997500004,0.0,0.18418480905104967,0.356295020902572,0.5406459983111099,0.7055207010032855,0.851320570064021,0.9906933534665017,1.1148448852486277,1.2838435699409738,1.4028018511896838,1.5339315064860066,0.6135726026557599,5581.578645873811
weak,10057,max-exp-cap,1.5149544532493038,13.947073892729604,2358.2551939732707,7949.832118855874,2.49999999975,0.0,0.16851993500257073,0.34237149761912905,0.5271450652522834,0.7135860969252429,0.8494026387871492,1.009390477393367,1.1506745035211787,1.2768227281713362,1.4067998010744662,1.5149544532493038,0.6059817813603197,5578.829557649725
weak,10057,rolling-lp-V,1.2791479967570507,12.222067565494005,1991.1868642274019,6966.578512331582,2.499999997500005,0.0,0.16586601493385525,0.3470687404225384,0.5200254357415929,0.672673253883074,0.7900118920938111,0.8836340186791032,0.961963490356927,1.0703606513637256,1.1607633603005942,1.2791479967570507,0.5116591992144784,4888.827031086419
weak,10057,ppo-s0,1.3585649529820278,12.581727940741015,2114.8113396071117,7171.584926222378,2.4969075697689376,0.0,0.17901671522665102,0.3544065809298302,0.49245061188135136,0.6426746693796344,0.7619474656860403,0.8876179634037197,1.009926496446121,1.144806573775457,1.2511503757948181,1.3585649529820278,0.5440990164917273,5038.924184888959
weak,10057,ppo-s1,1.362754121724388,12.516461530730739,2121.3324128472423,7134.383072516521,2.497193079782553,0.0,0.17561207332994022,0.3472000171395143,0.4962068901100073,0.6412075591295883,0.7583861340230341,0.885764541400059,1.0025948419688189,1.1282869591948654,1.242621812498653,1.362754121724388,0.5457143593570474,5012.212164155377
weak,10057,ppo-s2,1.3965234718391657,12.938810126226972,2173.899501669266,7375.121771949373,2.4976623144307477,0.0,0.17457140454284287,0.34997301433743866,0.5235616963686367,0.6733256361607006,0.7939231826806171,0.9211621619886123,1.034026582715765,1.168773618796678,1.2761129455740237,1.3965234718391657,0.5591322188634027,5180.368079171627
weak,10057,ppo-s3,1.3616981031902387,12.566471941545649,2119.6885606589813,7162.889006681019,2.4960118726745764,0.0,0.17929067325800235,0.35159619869047287,0.4948538546028651,0.6395273344107968,0.7589491179336887,0.8935239790893472,1.015145843957218,1.1379464512239157,1.2402303220565105,1.3616981031902387,0.5455495296707562,5034.62025926991
weak,10057,ppo-s4,1.3900826773363382,12.763582429507947,2163.873433191082,7275.2419848195295,2.4972112029903193,0.0,0.18010017863384767,0.3548745756014812,0.4975921704733571,0.6480701521421594,0.774417324452496,0.9048505063316837,1.0278223987308766,1.1562091682399136,1.2653674498188083,1.3900826773363382,0.5566540289711038,5111.134538489986
weak,10057,residual-s0,1.383184018159179,13.029963437429787,2153.134629261305,7427.079159334979,2.49999999975,0.0,0.1867741263293505,0.36294082681075096,0.54774052763816,0.7017196421414715,0.8149771270556521,0.9342633863234812,1.0291226816543373,1.1650041520235326,1.2447845514058051,1.383184018159179,0.553273607318999,5211.985375493114
weak,10057,residual-s1,1.3861861456908604,12.920876508977672,2157.8078937474897,7364.8996101172725,2.4999999997499995,0.0,0.1867741263293505,0.3620007048085957,0.5453591361711891,0.6729285976609611,0.7990683675589682,0.9119180321638114,1.018711308282837,1.153805778771873,1.263680875786413,1.3861861456908604,0.5544744583317918,5168.3506041079045
weak,10057,residual-s2,1.3968329343227905,13.375624545593334,2174.381226719008,7624.105990988201,2.49999999975,0.0,0.18418480905104967,0.3637909607666141,0.5515814978384679,0.7064299975080462,0.8490405700643998,0.9811791047846614,1.0787753351885347,1.188274269587012,1.2924759150503375,1.3968329343227905,0.5587331737849895,5350.249818772359
weak,10057,residual-s3,1.4163798314263094,13.301412885245353,2204.8089214405,7581.805344589851,2.49999999975,0.0,0.1867741263293505,0.3658116489950285,0.5489386109409273,0.7130961566047213,0.819035252489004,0.9488794805215934,1.0546429911403372,1.1925795756957798,1.2987537932892546,1.4163798314263094,0.566551932627179,5320.565154630198
weak,10057,residual-s4,1.3657487440802605,12.700989044046434,2125.993994394845,7239.5637551064665,2.49999999975,0.0,0.1867741263293505,0.36475063929613855,0.5213601557804447,0.6585384976559439,0.7806590207811683,0.909942649663799,1.0009428901317832,1.1355234279712407,1.2349361588813097,1.3657487440802605,0.5462994976867341,5080.395618126613
weak,10057,hybrid-s0,1.4034931932026948,12.826389690753722,2184.748924614514,7311.0421237296205,2.49999999975,0.0,0.17472514142439446,0.34194773109776305,0.48213340534205784,0.6447648248519451,0.7844090632820105,0.9203387863610162,1.0276449666402558,1.1729622885173758,1.287314887061114,1.4034931932026948,0.5613972773372177,5130.555876814545
weak,10057,hybrid-s1,1.3998688261814625,12.843328270818251,2179.107050474764,7320.697114366402,2.49999999975,0.0,0.17837092706624497,0.3474342157562623,0.4968327809373335,0.6573500424525314,0.7760440734952652,0.9182861936975419,1.0378749770707962,1.166458675830605,1.2720950004097888,1.3998688261814625,0.5599475305285797,5137.331308841033
weak,10057,hybrid-s2,1.3656947950201088,12.821834007826496,2125.910014542487,7308.445384461102,2.49999999975,0.0,0.17837092706624497,0.3474342157562623,0.4968327809373335,0.6642897788343725,0.7946710392268022,0.9358473806285613,1.0309440876960778,1.1486112649832516,1.2741114250576482,1.3656947950201088,0.5462779180626713,5128.733603643472
weak,10057,hybrid-s3,1.3210763398095176,12.282741942977792,2056.454656645912,7001.162907497341,2.49999999975,0.0,0.17837092706624497,0.3447629086079006,0.47902259354576177,0.6283671013530944,0.7457434293742763,0.882043866747179,0.9808556535726323,1.119429406776274,1.2108201389352127,1.3210763398095176,0.5284305359766501,4913.096777682426
weak,10057,hybrid-s4,1.2498955533481764,12.10782844084715,1945.651022237283,6901.462211282875,2.49999999975,0.0,0.1847121919362258,0.36415370032321925,0.5061653212487359,0.6566698098789483,0.7724159519763336,0.8900022675500775,0.9675211506915306,1.0636880913557671,1.1229030543468743,1.2498955533481764,0.4999582213892664,4843.131376823173
weak,10058,max-exp-cap-V,1.4902368020024752,13.308929830339125,2319.778440226232,7586.0900032933005,2.49999999975,0.0,0.1672969580155059,0.3210998500563843,0.47642330870232213,0.6623561359917811,0.8086785313401202,0.9688534987934698,1.0918986909014694,1.2140339590007945,1.3488426542280467,1.4902368020024752,0.5960947208605996,5323.571932668007
weak,10058,max-exp-cap,1.526909974505009,13.976731276691986,2376.865766744916,7966.7368277144315,2.49999999975,0.0,0.1999817898315781,0.3767442282323288,0.5452765242997127,0.7022121369897008,0.8498912798395337,1.001267539198377,1.1242003082827927,1.2585186842105136,1.3937167773818304,1.526909974505009,0.61076398986308,5590.692511235864
weak,10058,rolling-lp-V,1.3643286970463264,12.708218250099954,2123.7834769193664,7243.684402556973,2.4999999975000056,0.0,0.19241489592034053,0.3569465498866812,0.525035491307366,0.6656515208958902,0.7852745365176107,0.8925022557551519,1.009376990880664,1.1298048841187676,1.2424845649024616,1.3643286970463264,0.5457314793642608,5083.287305123257
weak,10058,ppo-s0,1.414571080227864,13.011813131386656,2201.993327282411,7416.733484890393,2.4969095070330516,0.0,0.1957969278954053,0.3640052328465641,0.5107549094632761,0.6540524751239439,0.7909476637541591,0.9158267195070351,1.042179818721909,1.1730886466249697,1.297627721675985,1.414571080227864,0.5665287733670115,5211.167282889607
weak,10058,ppo-s1,1.4372800472059093,13.136111298267224,2237.3432608800053,7487.583440012317,2.4970671999518683,0.0,0.20597947822867937,0.3737936995516826,0.5192947221486948,0.6622131061963948,0.7976568176906256,0.9193102783747958,1.0434775969001135,1.173482955427629,1.3062122329945807,1.4372800472059093,0.575587251810289,5260.615853077733
weak,10058,ppo-s2,1.4266398980205968,13.02222617597997,2220.7802632089565,7422.668920308582,2.497423182677674,0.0,0.1917768413480655,0.35683348481495725,0.5103917789345779,0.6532448614583921,0.7898594354000992,0.9134303646776685,1.0463230185191268,1.1721630010446997,1.3048779014391092,1.4266398980205968,0.5712447565618374,5214.264953694339
weak,10058,ppo-s3,1.4123468856764665,12.997899958118284,2198.531032860298,7408.802976127421,2.4956916866519534,0.0,0.19520158551182615,0.3633997310683364,0.508870331857444,0.651736024389235,0.7892848736977324,0.9203267047908514,1.040669434700762,1.1686245658253467,1.2994531690498823,1.4123468856764665,0.5659140082207722,5208.135294770871
weak,10058,ppo-s4,1.436746658431876,13.016149816968413,2236.5129607715944,7419.205395671995,2.496921383098524,0.0,0.18883050726833916,0.3546437579593769,0.5067655879689819,0.65119669816342,0.7889737047223699,0.9184106228401034,1.0428453342871586,1.1695937882582301,1.3036304435695782,1.436746658431876,0.5754072467627966,5212.87931012717
weak,10058,residual-s0,1.5221887725527792,13.660396572436941,2369.516503536532,7786.426046289056,2.49999999975,0.0,0.16820476878322763,0.33653703127193635,0.49754303482869355,0.6825754596493299,0.8251490102828102,0.9782371023613698,1.1301841620545967,1.2486999732972475,1.386184995669646,1.5221887725527792,0.6088755090819993,5464.158629521192
weak,10058,residual-s1,1.475090372203359,13.328589734771139,2296.200736838974,7597.296148819549,2.49999999975,0.0,0.16820476878322763,0.33537191296490715,0.4992654813166463,0.6635918784098486,0.806995941132955,0.9501589388692384,1.0909599991111996,1.2178387355403615,1.3548719776504172,1.475090372203359,0.5900361489403473,5331.4358944416
weak,10058,residual-s2,1.4389585747731344,13.214853789111531,2239.9561423069986,7532.466659793573,2.49999999975,0.0,0.1672969580155059,0.3303583446119984,0.4945712466102532,0.6687632735561807,0.8228991602922884,0.9601496767763653,1.073452845309638,1.200046984920749,1.332788423835694,1.4389585747731344,0.5755834299668121,5285.941516173207
weak,10058,residual-s3,1.4912328610336238,13.511903293804936,2321.3289564009406,7701.784877468814,2.4999999997500004,0.0,0.16820476878322763,0.33602336627362356,0.49958169815364173,0.6875566682168446,0.8125376760461601,0.970661835176983,1.111192721948748,1.2323792186048632,1.3707407017408795,1.4912328610336238,0.5964931444730988,5404.76131806245
weak,10058,residual-s4,1.437822798722394,13.099964413036242,2238.1881355097617,7466.979715430657,2.4999999997500004,0.0,0.16820476878322763,0.33602336627362356,0.500161425399561,0.6552740192299543,0.7806993658798242,0.9356885255220788,1.075296679355625,1.1981480191590017,1.3281610338621217,1.437822798722394,0.5751291195464704,5239.985765738495
weak,10058,hybrid-s0,1.4523138980227301,13.444495747357475,2260.745718094574,7663.36257599376,2.49999999975,0.0,0.20646842078962932,0.38278334089501975,0.5306506557326907,0.6742882930699617,0.8097168937814918,0.9520748306414427,1.0895941182144977,1.2055385018326954,1.3333796316896602,1.4523138980227301,0.5809255592671846,5377.79829948077
weak,10058,hybrid-s1,1.4324092164128126,13.255208940828041,2229.76107780371,7555.469096271982,2.49999999975,0.0,0.20831350361800333,0.38323103455330043,0.524453706753119,0.6678643725460924,0.8063038258427818,0.9437957909625213,1.0590778646914152,1.176639388253679,1.3131211281844308,1.4324092164128126,0.5729636866224214,5302.083576861425
weak,10058,hybrid-s2,1.442118462261113,13.190590850815742,2244.874983969145,7518.636784964971,2.49999999975,0.0,0.20831350361800333,0.38323103455330043,0.5286058856834176,0.6646392808320697,0.8233536316267808,0.9174651826991738,1.0373381707029026,1.1672638205031654,1.3013698882292628,1.442118462261113,0.57684738496213,5276.23634085392
weak,10058,hybrid-s3,1.4839095678369987,13.608282768977624,2309.9291455479547,7756.721178317245,2.4999999997500004,0.0,0.20831350361800333,0.38566609314430744,0.5323601034300854,0.6815457034613122,0.826424856043505,0.9690355761175211,1.0906651327450425,1.2162512042901876,1.3478544126420928,1.4839095678369987,0.5935638271941558,5443.31310813538
weak,10058,hybrid-s4,1.482090625556631,13.217287107231767,2307.0976874331486,7533.853651122106,2.49999999975,0.0,0.18971637919421327,0.3650155200149041,0.5094874475139723,0.6573306949826997,0.8008083098339375,0.9248875923490756,1.0569699048982932,1.1835630059441364,1.320979183651231,1.482090625556631,0.5928362502819361,5286.9148434213985
weak,10059,max-exp-cap-V,1.56700191225586,14.385045332235466,2439.274917221098,8199.475839374214,2.49999999975,0.0,0.19194107569442395,0.3636821376470904,0.5288509933063477,0.6910713907721355,0.8637915225595639,1.0707983704442627,1.1921114874511518,1.3262405846392125,1.4455326766732612,1.56700191225586,0.6268007649650241,5754.018133469588
weak,10059,max-exp-cap,1.5648864996170286,14.297936102302966,2435.9819582597106,8149.82357831269,2.49999999975,0.0,0.20501535232036616,0.38752022464915786,0.5542406928284775,0.6995710533267621,0.8301425206243584,1.0112752726687149,1.172894598850323,1.3218624675106256,1.4376540817247785,1.5648864996170286,0.6259545999094069,5719.1744414931045
weak,10059,rolling-lp-V,1.4127342780024073,13.244065017752705,2199.1340674682338,7549.1170601190415,2.499999997500005,0.0,0.1980473515754532,0.3727149025435957,0.5514246735228927,0.6844535453097584,0.8400968041112418,0.9439855783020088,1.0420624364738342,1.177351788504755,1.2851795638118846,1.4127342780024073,0.5650937117660555,5297.626012398698
weak,10059,ppo-s0,1.4171068833007412,13.227065025047983,2205.940687385997,7539.42706427735,2.496811464511857,0.0,0.20874806599564633,0.3772027573658134,0.5169821012101847,0.6613358851217026,0.7856069915420827,0.9406649027081454,1.0727641400784051,1.202024442537194,1.3146938754059485,1.4171068833007412,0.5675666358644323,5297.5826220959625
weak,10059,ppo-s1,1.4174986902644808,13.073283808289608,2206.5505940437793,7451.771770725075,2.4965448625020628,0.0,0.2038761004646684,0.38065187157034364,0.5223436713168437,0.6561888086698998,0.7688246928109199,0.9228765582914482,1.0472042960468908,1.181234035641742,1.297641528587795,1.4174986902644808,0.5677841850772307,5236.550724422965
weak,10059,ppo-s2,1.458492031362272,13.651227230038621,2270.3629148398522,7781.199521122014,2.496369387964208,0.0,0.21041945119988578,0.3830164716405737,0.549580109422624,0.695730148941387,0.819113394875582,0.9723539055392789,1.0985614117589242,1.2286939336189193,1.353653022834266,1.458492031362272,0.5842452797226751,5468.432394602953
weak,10059,ppo-s3,1.39278970670474,13.16189420428775,2168.087332859537,7502.279696444017,2.4964006699955466,0.0,0.20855530527699412,0.38196123211033356,0.5244150332872385,0.6604480378459905,0.7811058975330116,0.9387675465399961,1.0635176010853216,1.197676596565943,1.306027040322446,1.39278970670474,0.5579191367174343,5272.348450503832
weak,10059,ppo-s4,1.4098100364130826,13.266632928986699,2194.582044203332,7561.980769522418,2.497306129248049,0.0,0.20428375245854316,0.37683222663685106,0.5176914520882734,0.6618625346903391,0.7911735530892487,0.949472508861464,1.0782957250373644,1.2138308804599245,1.319295986896875,1.4098100364130826,0.5645323254132176,5312.377514959027
weak,10059,residual-s0,1.5314452157228629,14.036341395022442,2383.925554011118,8000.714595162792,2.4999999997500004,0.0,0.1991014187260628,0.37791414766910697,0.5439394662462359,0.706298020513708,0.8307346631293323,1.0192176628325622,1.1432849094721265,1.2772006194643941,1.38787694506361,1.5314452157228629,0.6125780863504029,5614.536558570429
weak,10059,residual-s1,1.4803747075703748,13.642888197285611,2304.4266021771914,7776.4462724527975,2.4999999997500004,0.0,0.1991014187260628,0.37606028736087793,0.5340680552840423,0.693566686275262,0.7973027570473457,0.9788292427477583,1.0944710727608091,1.245558852539528,1.3649237662243132,1.4803747075703748,0.5921498830873648,5457.155279459959
weak,10059,residual-s2,1.412251600030804,13.359706825724786,2198.3827063754243,7615.032890663127,2.49999999975,0.0,0.19194107569442395,0.36520625772146414,0.5272940856157327,0.6964923105509382,0.8179401762857821,0.9848769356899117,1.0869723013363248,1.2085522977033474,1.290812733904715,1.412251600030804,0.5649006400688117,5343.882730824303
weak,10059,residual-s3,1.4968334215043457,13.955721657215634,2330.0470738274503,7954.761344612911,2.49999999975,0.0,0.1991014187260628,0.37781844026436434,0.544101252736119,0.7136014462706639,0.8434536742512211,1.0186451627605881,1.1223963445262772,1.257453529382336,1.3918178719782013,1.4968334215043457,0.5987333686616116,5582.288663444482
weak,10059,residual-s4,1.4260551725684134,13.314487540513914,2219.8700498149483,7589.25789809293,2.49999999975,0.0,0.1991014187260628,0.37791414766910697,0.5250765212326839,0.6704664319940326,0.7715731388759609,0.9599403070785959,1.0728617774587494,1.2195765185013556,1.3307252546136679,1.4260551725684134,0.5704220690844076,5325.795016738145
weak,10059,hybrid-s0,1.466976710798047,13.88773447191444,2283.570598612588,7916.00864899123,2.49999999975,0.0,0.20906973192765496,0.391691833302333,0.5639199307909417,0.7242710643002879,0.8390027640638695,1.0028280272956007,1.121478823800252,1.242852548665185,1.3594558333660605,1.466976710798047,0.5867906843778978,5555.093789321286
weak,10059,hybrid-s1,1.5082871659472703,14.12693079796622,2347.87655527822,8052.350554840745,2.49999999975,0.0,0.21328991740743508,0.39699330306754343,0.5788116192707679,0.7242913765465566,0.8498958551962228,1.011664295638249,1.1343609259848608,1.2667836395877818,1.3908300373589024,1.5082871659472703,0.6033148664392396,5650.772319751565
weak,10059,hybrid-s2,1.5088989473757954,14.058801692531283,2348.828885381809,8013.51696474283,2.49999999975,0.0,0.21328991740743508,0.39699330306754343,0.5760206554386654,0.7358260328483324,0.853481912564727,0.9975955379830559,1.1068166858775488,1.243750655712193,1.3987680234653928,1.5088989473757954,0.6035595790106741,5623.520677574865
weak,10059,hybrid-s3,1.4624875466403746,13.89859330202237,2276.582537243005,7922.19818215275,2.4999999997500004,0.0,0.21328991740743508,0.3953150886020618,0.5820796166280818,0.7282479863608864,0.8474752601447144,0.999377362811959,1.1008211124964025,1.2360138953293311,1.363415246458964,1.4624875466403746,0.5849950187146492,5559.4373213648905
weak,10059,hybrid-s4,1.3868575803236807,13.055774349191326,2158.8530830644795,7441.791379039055,2.49999999975,0.0,0.20889717050840328,0.3817676221041486,0.5360555190554905,0.6810332238717126,0.7994037934252575,0.9358786504374748,1.0453575637913926,1.1530963844039661,1.258744585195522,1.3868575803236807,0.5547430321849466,5222.309740198762
weak,10060,max-exp-cap-V,1.5203121854624386,13.64837710266493,2366.5953125771293,7779.57494851901,2.49999999975,0.0,0.15020882025550808,0.3219463459246369,0.505581943608512,0.6744836084899029,0.8528806529245285,0.9962187581529173,1.1118161319244537,1.2491006257705966,1.3852338731783542,1.5203121854624386,0.608124874245788,5459.3508416119075
weak,10060,max-exp-cap,1.5125277559818409,13.755367244263924,2354.4776735185,7840.559329230436,2.49999999975,0.0,0.17213305118272992,0.3420892138323342,0.522630863009013,0.7025773019835488,0.846515932482129,0.9713896066944808,1.120303082472312,1.2631015070444231,1.3832456113895288,1.5125277559818409,0.6050111024532374,5502.146898255784
weak,10060,rolling-lp-V,1.2992402067083184,12.51802118189265,2022.4634206772353,7135.27207367881,2.4999999975000056,0.0,0.1670169921622546,0.3366969307861015,0.5096900149193034,0.6721846873290601,0.8097690208400629,0.908506219460714,1.021746397175348,1.1202922734142549,1.196494135114213,1.2992402067083184,0.5196960832030223,5007.208477764257
weak,10060,ppo-s0,1.4005396491818627,12.968062004983066,2180.1512876936044,7391.795342840347,2.497044186830962,0.0,0.17362587346283798,0.34216996726232685,0.5117618899699468,0.6590016917770194,0.786492165406405,0.917644668193689,1.0568933303929686,1.1896624147590331,1.2929536118833098,1.4005396491818627,0.560879001087806,5193.365048714271
weak,10060,ppo-s1,1.4191825178570845,12.914164456598947,2209.171725759981,7361.073740261399,2.497003025666812,0.0,0.17935228442693735,0.342704121077479,0.5081904787243094,0.6501178895895712,0.7760459180531984,0.9031303445538852,1.0465755927450369,1.1775226613837169,1.2932994101561903,1.4191825178570845,0.5683543444958777,5171.865762217202
weak,10060,ppo-s2,1.41962500374725,12.882399318625405,2209.8605218135554,7342.96761161648,2.497954646342704,0.0,0.16788565681910153,0.3336538348219288,0.5002040402716033,0.6460980029279872,0.7749871134272566,0.908582294720344,1.0466950198131872,1.1799656643694052,1.2980185105826738,1.41962500374725,0.5683149635345647,5157.179029445845
weak,10060,ppo-s3,1.4060287321406366,12.894157612248796,2188.6958735522185,7349.669838981812,2.496468248561862,0.0,0.17296093236511384,0.3398171098806987,0.5019410976588563,0.6466127605222587,0.7811529888409838,0.9129709566168789,1.057805994586066,1.1808821159989553,1.283096037138887,1.4060287321406366,0.56320713590113,5164.9595862782235
weak,10060,ppo-s4,1.4206822453628951,13.01203029970753,2211.5062779127124,7416.85727083329,2.497081295472596,0.0,0.1674838129482877,0.33271732412329014,0.5163605214323521,0.6613656263708123,0.7924853976187627,0.9231589885710776,1.065786633492363,1.1847856303100146,1.2941645255827177,1.4206822453628951,0.5689371218865414,5210.89574588515
weak,10060,residual-s0,1.462440133184577,13.21171560243998,2276.5087310449644,7530.677893390788,2.4999999997500004,0.0,0.14658580519037473,0.31181021527417463,0.49669892328858684,0.6697762383549029,0.8208320333477295,0.9565201069487674,1.0795108713552342,1.2043455336431819,1.3387496419371485,1.462440133184577,0.5849760533323284,5284.68624150446
weak,10060,residual-s1,1.4050600245245493,13.008120289942362,2187.1879339820357,7414.628565267146,2.49999999975,0.0,0.14658580519037473,0.31773596061667364,0.5095695763940711,0.6673438552228843,0.809832176934983,0.9458360380897073,1.0749669970002578,1.1950589401320544,1.2844895226707747,1.4050600245245493,0.5620240098660221,5203.24811649727
weak,10060,residual-s2,1.4134075394514032,13.021889807416867,2200.182100500244,7422.477190227614,2.49999999975,0.0,0.15020882025550808,0.31793941829155786,0.5031307212428456,0.668874670153621,0.8084833307715676,0.9453192375235795,1.0693106705071689,1.1933759270435704,1.2952741656373905,1.4134075394514032,0.5653630158370976,5208.755923487623
weak,10060,residual-s3,1.435212424897485,13.00271570087257,2234.124694778854,7411.547949497364,2.49999999975,0.0,0.14658580519037473,0.31181021527417463,0.4957126533524939,0.6524548006307432,0.8077070028140867,0.9408306185153441,1.0769751017015645,1.1893195302557953,1.2963988101906438,1.435212424897485,0.5740849700164025,5201.086280869136
weak,10060,residual-s4,1.3755505725677173,12.734840872002232,2141.2520194076774,7258.859297041272,2.49999999975,0.0,0.14658580519037473,0.31181021527417463,0.49513386976378676,0.6531534417629994,0.7919320585384888,0.9299140805036858,1.0526360481114034,1.1715186228631005,1.252688172720452,1.3755505725677173,0.550220229082109,5093.9363493102865
weak,10060,hybrid-s0,1.4389756744198787,13.426218501822975,2239.982760487277,7652.944546039094,2.4999999997500004,0.0,0.17784450226009285,0.3437580894931023,0.5259336055436589,0.6791669227913628,0.825260258327262,0.9675049569912069,1.0999968225611447,1.2243365622421918,1.342289799800903,1.4389756744198787,0.5755902698255104,5370.487401266238
weak,10060,hybrid-s1,1.418076567668209,13.07952005767575,2207.450147417083,7455.3264328751775,2.4999999997500004,0.0,0.18137175031453534,0.35146840452352157,0.52267575011615,0.6639667978866659,0.7989172254416155,0.9219111856240036,1.055891911928621,1.1908262564530112,1.2972406002404637,1.418076567668209,0.5672306271240065,5231.80802359348
weak,10060,hybrid-s2,1.443652501367375,13.30742839504661,2247.2629473051657,7585.234185176568,2.4999999997500004,0.0,0.18137175031453534,0.35146840452352157,0.5320239382683286,0.6871436865820435,0.8207307104288881,0.9421061775309557,1.0778735718823065,1.194836397544332,1.3175487213531845,1.443652501367375,0.5774610006046961,5322.971358550941
weak,10060,hybrid-s3,1.389391220071838,13.051561040496635,2162.7970756267205,7439.389793083082,2.49999999975,0.0,0.18137175031453534,0.34565765073973853,0.5166498088899181,0.6675316874652815,0.8037073731808322,0.9337383759197051,1.0646848811442289,1.2020823174709592,1.279570378195992,1.389391220071838,0.5557564880843108,5220.624416720717
weak,10060,hybrid-s4,1.3052377765129974,12.399725079741405,2031.799543035743,7067.843295452601,2.49999999975,0.0,0.16724873749759403,0.3328709301275732,0.5042722253190066,0.6420743067441366,0.7793637915704585,0.901852448070289,1.0192658749885792,1.1152771467272184,1.1981796566582168,1.3052377765129974,0.5220951106574085,4959.890032392551
weak,10061,max-exp-cap-V,1.4552953374418214,13.39947334757059,2265.3867784119375,7637.699808115235,2.49999999975,0.0,0.17896435898311708,0.31315887641412626,0.48323080363849485,0.6912040041134935,0.8326232179693561,0.9593452193864609,1.1157996416298883,1.2393021207569572,1.3389623986624581,1.4552953374418214,0.5821181350349404,5359.789339564215
weak,10061,max-exp-cap,1.5350881285341393,13.995234651696567,2389.5962974713975,7977.283751467042,2.4999999997500004,0.0,0.18467855776066613,0.33410571568554953,0.5161060366801139,0.7079437988145076,0.8671498735904887,1.0075769438103657,1.1590573494173384,1.2722275725904553,1.4066719227834827,1.5350881285341393,0.6140352514750591,5598.093861238435
weak,10061,rolling-lp-V,1.2815890934559744,12.108028400450861,1994.9867995699335,6901.5761882569905,2.499999997500005,0.0,0.18500425817226243,0.29363918084977125,0.48027238937811645,0.6447723915616255,0.7791498443189049,0.8798299075447346,0.9729914235591745,1.0969833513371055,1.164023707487197,1.2815890934559744,0.5126356378950243,4843.211365023546
weak,10061,ppo-s0,1.357805442812257,12.292799862007424,2113.6290474273724,7006.895921344231,2.4975560024158985,0.0,0.18446406217100655,0.29998142862464194,0.45989182844835874,0.6023299754496316,0.7465025013791396,0.8779855115228461,1.0031677932116099,1.1259818864998923,1.2388431911186313,1.357805442812257,0.5436536524101342,4921.931620398717
weak,10061,ppo-s1,1.3967894045103684,12.69726025171021,2174.313465997874,7237.438343474819,2.4966960741248165,0.0,0.1953672970138466,0.32729562704289056,0.48630846216308665,0.631416956233413,0.7717007306960367,0.9061546012042803,1.0284943090321494,1.1511049932148465,1.2621485353702433,1.3967894045103684,0.5594551211043957,5085.625112043749
weak,10061,ppo-s2,1.378456073899259,12.534993782055476,2145.774870633672,7144.946455771621,2.4979406474233703,0.0,0.18347333334491547,0.3069210474291962,0.4839137250516758,0.617925961918876,0.7661869660645327,0.8926263108171908,1.019267350947832,1.1446338222547459,1.2591355659730112,1.378456073899259,0.5518370003391148,5018.131153350398
weak,10061,ppo-s3,1.3656987533320217,12.295977999502433,2125.9161762522385,7008.707459716386,2.495872176556766,0.0,0.18415250323679574,0.30552116836560933,0.451565501229741,0.5964412596695713,0.7441797423366111,0.8746673615791847,1.0058743885177794,1.129000079602079,1.2418945141464526,1.3656987533320217,0.5471829712113305,4926.525530832919
weak,10061,ppo-s4,1.3690092873043336,12.50972352667537,2131.0695218979013,7130.542410204959,2.497496551055764,0.0,0.18295607078327705,0.3083489255429146,0.4807341516366421,0.6182892793424194,0.7607348734466554,0.8912954184130795,1.0176319268737888,1.1453830729002545,1.2619234181364385,1.3690092873043336,0.5481526237646309,5008.905226070141
weak,10061,residual-s0,1.4280192699826468,13.27259830166373,2222.927463797693,7565.381031948326,2.49999999975,0.0,0.17486525921746862,0.32168883622809535,0.5020339341174808,0.6868876007961596,0.8324795265260143,0.9737305966739158,1.0900260409391902,1.208381882055681,1.308267894129279,1.4280192699826468,0.5712077080501795,5309.0393211963965
weak,10061,residual-s1,1.42877396769788,13.095904740334941,2224.1022646658053,7464.665701990916,2.49999999975,0.0,0.17486525921746862,0.30131560309871847,0.4865135750398731,0.6626752338649389,0.8094350797219936,0.9421951159678872,1.0817222325190323,1.2191669716179876,1.306209010217025,1.42877396769788,0.571509587136303,5238.361896657812
weak,10061,residual-s2,1.414065106350203,13.205961356585055,2201.2057025967647,7527.397973253481,2.49999999975,0.0,0.17896435898311708,0.3147467642881822,0.4965363804407555,0.6806960569697665,0.8308914533923758,0.9621989352577818,1.0784232119198118,1.2172039546656759,1.3098467251067054,1.414065106350203,0.5656260425966438,5282.384543162261
weak,10061,residual-s3,1.4545164849894414,13.436410430745836,2264.1743770508115,7658.753945525126,2.49999999975,0.0,0.17486525921746862,0.31645359687079894,0.49144209089918467,0.697062660328477,0.840587313370182,0.9845565313032368,1.1109663502338056,1.229824678644271,1.3313395726223471,1.4545164849894414,0.5818065940539572,5374.564172835791
weak,10061,residual-s4,1.377743160702534,12.59504214745946,2144.6651136733735,7179.174024051891,2.49999999975,0.0,0.17486525921746862,0.31645359687079894,0.4727212557861134,0.6287720537922321,0.7802948529709964,0.9220405292273204,1.028321074897784,1.1439220197714732,1.2459817125562025,1.377743160702534,0.5510972643361234,5038.016859487585
weak,10061,hybrid-s0,1.370611187942811,12.572224073723003,2133.563121948263,7166.167722022111,2.49999999975,0.0,0.18778240077251138,0.3274287419582533,0.48386149743043283,0.6213215883159916,0.77628515135197,0.8942500474315778,1.0243356027936037,1.1513401094139926,1.239240748315599,1.370611187942811,0.5482444752319489,5028.88962999209
weak,10061,hybrid-s1,1.3931196938520252,13.084726225027893,2168.601007645179,7458.2939482658985,2.49999999975,0.0,0.19614632972040846,0.3240476914237525,0.500356847606747,0.656660491382924,0.8149510036134707,0.9450391487323224,1.0763057767640842,1.2034111224956292,1.295652811495465,1.3931196938520252,0.5572478775965348,5233.890490534546
weak,10061,hybrid-s2,1.396469259328943,13.017331380071818,2173.8151117171215,7419.878886640936,2.49999999975,0.0,0.19614632972040846,0.3240476914237525,0.4999067185092667,0.6672528677350725,0.8245506166130221,0.9511447971575275,1.0598768334391848,1.172350969355045,1.270650061994847,1.396469259328943,0.5585877037874359,5206.9325525494205
weak,10061,hybrid-s3,1.3915726345956885,13.06825566890927,2166.1927764809907,7448.905731278283,2.4999999997500004,0.0,0.19614632972040846,0.33887192893838275,0.5130182646337144,0.6704083265370544,0.823207193025557,0.9367491998001548,1.055414537647743,1.1856715956101467,1.2840501422895474,1.3915726345956885,0.5566290538939382,5227.302268086438
weak,10061,hybrid-s4,1.3423434660171905,12.531655996601968,2089.560147528862,7143.043918063121,2.49999999975,0.0,0.1782397755792067,0.3283493138740483,0.49251149281852774,0.6323894333259109,0.7854560370220183,0.9017387300500062,1.007262663236609,1.1438316574672418,1.238273378917994,1.3423434660171905,0.5369373864605699,5012.662399142054
weak,10062,max-exp-cap-V,1.5090351773104511,13.577599491791439,2349.040947830477,7739.23171032112,2.4999999997500004,0.0,0.1680872115709694,0.31060765780360255,0.4989341651269248,0.6767923606792425,0.8261267983184,0.9647494300363276,1.1163044086031988,1.2820269585355688,1.3696509008390598,1.5090351773104511,0.6036140709845418,5431.039797259679
weak,10062,max-exp-cap,1.5158617948440636,13.44788107653008,2359.6676080719,7665.292213622145,2.49999999975,0.0,0.16875340274557538,0.3135393449942844,0.507578342345381,0.6657653642318959,0.810675452793944,0.9350181096619113,1.0958809203136841,1.2400354993274136,1.3858751051174438,1.5158617948440636,0.60634471799826,5379.152431149948
weak,10062,rolling-lp-V,1.2873585576354434,11.95784802888746,2003.9678411045443,6815.973376465851,2.499999997500005,0.0,0.15528360259674245,0.3054113399027351,0.4802273596716862,0.6117778912854607,0.7312226865909717,0.868446185936457,0.9831119701656824,1.086318858382966,1.1726205041286408,1.2873585576354434,0.5149434235691197,4783.139216338113
weak,10062,ppo-s0,1.3956264454625253,12.628786214343913,2172.503144764076,7198.408142176029,2.496635104687598,0.0,0.16055103751891966,0.2997451794330977,0.46623107476906805,0.627625634350279,0.765476864436348,0.8939002790571455,1.039928810771484,1.1824784842298872,1.2812290562595647,1.3956264454625253,0.5590029727780981,5058.322776377104
weak,10062,ppo-s1,1.4053538813412885,12.688171267547682,2187.645366456572,7232.2576225021785,2.4970550943764165,0.0,0.16927569685199828,0.30914330768412757,0.47221736201197867,0.6431753121001436,0.7692997999389465,0.887923103513599,1.0384480828732274,1.1765057552774805,1.279599807846743,1.4053538813412885,0.5628045150090066,5081.254032449079
weak,10062,ppo-s2,1.4053440671181736,12.448414637184475,2187.6300891374517,7095.59634319515,2.497284645952524,0.0,0.15684642088931539,0.2946704958738962,0.45404551165785334,0.6100814914282768,0.7445867459954685,0.8717626728639369,1.023007412136383,1.1646829203719076,1.2718935612305526,1.4053440671181736,0.5627488517962445,4984.7800319279795
weak,10062,ppo-s3,1.4122496710522134,12.681793228920924,2198.3797036291894,7228.622140484926,2.49614611862302,0.0,0.16043856972006776,0.29848268892958124,0.4701756457281227,0.6239781872357475,0.7693038484279888,0.8969571312986397,1.0501291183231967,1.1815422121289298,1.2835877539747012,1.4122496710522134,0.5657720357457561,5080.54922518588
weak,10062,ppo-s4,1.4221148799790275,12.856817546996288,2213.7363898591893,7328.386001787883,2.497337232033512,0.0,0.16399399687855618,0.30127358520692277,0.479599901894225,0.6457558829686663,0.7848498295642247,0.9105544573543519,1.0627976686105016,1.1943534773787854,1.293987608810799,1.4221148799790275,0.5694524799203987,5148.210414709327
weak,10062,residual-s0,1.4498790067564058,13.241120198733718,2256.955442444205,7547.438513278218,2.4999999997500004,0.0,0.16684501513072578,0.307805017332885,0.5021376812550105,0.671053909826959,0.8171175316070902,0.95154773292281,1.0892456445432492,1.2339821066035739,1.3165455103099195,1.4498790067564058,0.5799516027605573,5296.44808002313
weak,10062,residual-s1,1.4803337521651787,13.368296692257278,2304.3628489093503,7619.929114586647,2.49999999975,0.0,0.16684501513072578,0.30568790918779576,0.5018321168212149,0.6583773101277668,0.8252920558729689,0.9635040757372197,1.1296301894133634,1.2297464471620647,1.3266090743961092,1.4803337521651787,0.5921335009252848,5347.318677437643
weak,10062,residual-s2,1.4599257209625716,13.22245289397968,2272.5946690283695,7536.798149568417,2.49999999975,0.0,0.1680872115709694,0.3123057572128355,0.5041329565965393,0.6612781966410626,0.8107687114980764,0.9414945263996896,1.0989982157060578,1.2117596211524182,1.3254162723949738,1.4599257209625716,0.5839702884434257,5288.9811581207705
weak,10062,residual-s3,1.4581447634368745,13.332213693366146,2269.8223399156277,7599.361805218702,2.49999999975,0.0,0.16684501513072578,0.30778629085379483,0.4906597861421293,0.6680460140153079,0.8238028532456027,0.9603881916236529,1.1207666847742113,1.2348754314488746,1.3333630237028353,1.4581447634368745,0.5832579054330755,5332.885477879747
weak,10062,residual-s4,1.4500558305154179,13.149568580725205,2257.2306953055786,7495.254091013366,2.49999999975,0.0,0.16684501513072578,0.30778629085379483,0.4903586319436938,0.639738512232998,0.8039840938755274,0.9425341744708017,1.108015563836001,1.2168394617510043,1.3211883829380748,1.4500558305154179,0.5800223322641694,5259.827432816065
weak,10062,hybrid-s0,1.4236878439356986,12.882153567447588,2216.18494559814,7342.8275334451255,2.49999999975,0.0,0.16676529770904355,0.30232936191553633,0.47557046693129584,0.6285198651428703,0.7802396956005657,0.9193951841346477,1.0762304851113624,1.2082245262341837,1.2945945430496097,1.4236878439356986,0.5694751376312269,5152.861427494322
weak,10062,hybrid-s1,1.4337755334962081,12.911892677054135,2231.8879565040043,7359.778825920856,2.49999999975,0.0,0.1656195154513341,0.303284357132948,0.48193058684877,0.633355074744209,0.7804933207465922,0.9183121358093016,1.0779080015247118,1.2031377372546563,1.2968455534774235,1.4337755334962081,0.5735102134558343,5164.757071338129
weak,10062,hybrid-s2,1.376017871412962,12.562230438792152,2141.979440569794,7160.471350111527,2.4999999997500004,0.0,0.1656195154513341,0.303284357132948,0.48193058684877,0.6113551503444287,0.7517771228672329,0.8966294697464545,1.042712025690765,1.161783732897888,1.2789272842975812,1.376017871412962,0.5504071486202254,5024.892176019349
weak,10062,hybrid-s3,1.4023917496458422,12.866891597124294,2183.0343615243537,7334.128210360846,2.4999999997500004,0.0,0.1656195154513341,0.30005682134798867,0.492354097216696,0.6416010515582796,0.7927821028362881,0.9269382821905022,1.074998074816289,1.1880728421977922,1.2809383695299716,1.4023917496458422,0.5609566999144324,5146.756639364392
weak,10062,hybrid-s4,1.3545620984681601,12.160462585863732,2108.5802925760927,6931.463673942327,2.49999999975,0.0,0.15774246401080835,0.29813617136257686,0.44067134080222836,0.6001033071371262,0.7588973332519968,0.8878519185764251,1.0052280287541047,1.1057143104816016,1.2030325471468077,1.3545620984681601,0.5418248394414465,4864.185034831911
weak,10063,max-exp-cap-V,1.4523159126428156,13.366068657917362,2260.7488541547177,7618.659135012896,2.49999999975,0.0,0.15803616176922214,0.32692488878673254,0.49844434141238586,0.6900052467657911,0.8104001172005231,0.9629192887765764,1.084145541969883,1.2429329455431979,1.3603022011955728,1.4523159126428156,0.5809263651152189,5346.427463701588
weak,10063,max-exp-cap,1.5209753524979641,14.160587395269097,2367.6276321314535,8071.534815303384,2.49999999975,0.0,0.17251937200812106,0.3724469808564635,0.5561772758466998,0.7405698359863234,0.8712763035203119,1.0162525007126346,1.157777190297235,1.2905370742338003,1.398297409662483,1.5209753524979641,0.6083901410600246,5664.234958674062
weak,10063,rolling-lp-V,1.2650552683846983,12.040840974847201,1969.2494061011373,6863.279355662905,2.499999997500005,0.0,0.15481790313274885,0.3496460733335403,0.48195517648235997,0.649728242403911,0.7382382893539198,0.8666758312989407,0.9739586327318903,1.075191022779436,1.179827583141005,1.2650552683846983,0.5060221078599004,4816.336394755207
weak,10063,ppo-s0,1.3613173233341425,12.706352492569868,2119.0958193580973,7242.6209207648235,2.49725091345139,0.0,0.16857480246424128,0.3769671059560781,0.5369849961427138,0.6329737425758202,0.7454097426505499,0.8913143915218381,1.0295489291717608,1.1604602787272966,1.2590705030962177,1.3613173233341425,0.5451263691611584,5088.136087618334
weak,10063,ppo-s1,1.3698950721096683,12.539474059267752,2132.448379601143,7147.500213782618,2.4970991127828377,0.0,0.17177007108160627,0.3613355142867625,0.5312071843837741,0.6209269583289714,0.7334606815257083,0.8703391130955624,1.008385292627112,1.1403896763936805,1.247708745449216,1.3698950721096683,0.5485945932610655,5021.61648093071
weak,10063,ppo-s2,1.325242046745143,12.171468923213023,2062.9392080437697,6937.737286231423,2.4977164061501202,0.0,0.15802030612719178,0.35956719133582427,0.4942885062907849,0.6007240731391466,0.708378826723788,0.8470330868958891,0.9836571339596216,1.1182512923256116,1.2238475803785112,1.325242046745143,0.5305814717323404,4873.0387858458425
weak,10063,ppo-s3,1.3859425830807972,12.8895231779976,2157.4287517944053,7347.028211458632,2.496297724559324,0.0,0.1696432637228757,0.37394541471401277,0.5297250818239113,0.6471450084156574,0.7685576748542856,0.9079054300609654,1.043872325955554,1.17481379263651,1.2787409676823773,1.3859425830807972,0.5551992334269584,5163.4558855646965
weak,10063,ppo-s4,1.3864130812886644,12.883889764600053,2158.161153247187,7343.81716582203,2.4976402721613744,0.0,0.17203256120135246,0.373602185507,0.5500090389752749,0.6510610236012805,0.7598934740488472,0.9006293163503474,1.0365488331842414,1.1730213834646452,1.2734617135254522,1.3864130812886644,0.5550891762683298,5158.4248973735375
weak,10063,residual-s0,1.4202182354806672,13.33079757973028,2210.7839765177946,7598.554620446259,2.49999999975,0.0,0.15206569848224824,0.35571051751999233,0.5314745021330521,0.6897639286839511,0.8119979103483175,0.9644800100618649,1.0829634672769755,1.2269059321476998,1.3281881340440063,1.4202182354806672,0.5680872942490756,5332.319032425345
weak,10063,residual-s1,1.413254392409276,13.169717463437465,2199.9437040212188,7506.738954159354,2.4999999997500004,0.0,0.15206569848224824,0.3579864916930012,0.5277274150731852,0.6636370544286067,0.7822825630842893,0.9394514101440603,1.0800868468132672,1.2264766930659288,1.317321131297675,1.413254392409276,0.5653017570202404,5267.886985901773
weak,10063,residual-s2,1.379864943634609,12.846997274223092,2147.9679889573913,7322.788446307162,2.4999999997500004,0.0,0.15803616176922214,0.3559337731860471,0.530618548086554,0.6788572919193014,0.7797750648892383,0.9286442337399261,1.0300793488664837,1.1456410658064649,1.265522266393828,1.379864943634609,0.5519459775090382,5138.798910203116
weak,10063,residual-s3,1.4111591932814784,13.036393025303957,2196.6822104397193,7430.744024423255,2.49999999975,0.0,0.15206569848224824,0.3507469285847038,0.516327455653143,0.6821839336192922,0.796777478523837,0.9464350108353399,1.0515977823471903,1.17771443119512,1.2896335251236188,1.4111591932814784,0.5644636773690378,5214.557210643038
weak,10063,residual-s4,1.3820062997403577,12.892426957900247,2151.3013328395764,7348.68336600314,2.49999999975,0.0,0.15206569848224824,0.3507469285847038,0.5463362550899679,0.6601185778135878,0.7718186740265953,0.9308161786705711,1.0518102276598427,1.172855765555896,1.2635823394671055,1.3820062997403577,0.5528025199514234,5156.970783675796
weak,10063,hybrid-s0,1.3922015001874746,12.885073013616505,2167.17170066248,7344.491617761408,2.49999999975,0.0,0.17681386462618562,0.37419504622237587,0.5404725541087608,0.6549857000167306,0.7428905507895229,0.900964725036995,1.0361834113143673,1.1854737256835721,1.2732516580073874,1.3922015001874746,0.5568806001306779,5154.029205962005
weak,10063,hybrid-s1,1.3728141226549295,12.737887796118185,2136.992322222697,7260.5960437873655,2.49999999975,0.0,0.17473620798591402,0.3737640110130873,0.5208077028444519,0.6292273422023378,0.7347481818186189,0.88763396480913,1.0375352085834328,1.1794890616108615,1.2721244424468892,1.3728141226549295,0.5491256491168843,5095.15511895679
weak,10063,hybrid-s2,1.423766130548732,13.093867975861283,2216.3068105237876,7463.504746240931,2.4999999997500004,0.0,0.17473620798591402,0.3737640110130873,0.5353324387654349,0.6783045080213463,0.7762328048880681,0.9138537175490408,1.0573355800528719,1.1974351737442817,1.2808030491222584,1.423766130548732,0.5695064522764434,5237.5471908682675
weak,10063,hybrid-s3,1.3949499425958136,12.888759054274722,2171.450065976302,7346.592660936591,2.49999999975,0.0,0.17473620798591402,0.37085217488347366,0.5204850082815669,0.6500312234413761,0.750309444260447,0.8989761202110087,1.0503712774531033,1.193349032563298,1.2757402345245417,1.3949499425958136,0.5579799770941235,5155.503622225439
weak,10063,hybrid-s4,1.2871454190647005,12.13470103681596,2003.6360587592649,6916.779590985096,2.49999999975,0.0,0.1864570493810348,0.3625545905279151,0.5085611057635943,0.6092534700845202,0.708927170657809,0.8582978718770355,0.9721073059011804,1.1131647702557002,1.1889214237472183,1.2871454190647005,0.514858167677366,4853.880415211772
weak,10064,max-exp-cap-V,1.4978585076123467,14.018901066680327,2331.642775027099,7990.773608007785,2.49999999975,0.0,0.18945100203851478,0.35091582901537116,0.533952628952437,0.7122975473550432,0.8705697167176654,1.0406398653822364,1.1643839508556595,1.272644755826622,1.373095514465621,1.4978585076123467,0.599143403104853,5607.5604272328865
weak,10064,max-exp-cap,1.521927688465508,13.738816428842124,2369.1100867604036,7831.12536444001,2.49999999975,0.0,0.18610351421382706,0.35677657673147134,0.5412743081350757,0.6912109047698901,0.8132673588364296,0.9633421188944715,1.0990322849671939,1.2642039434389734,1.3887429043695654,1.521927688465508,0.6087710754470803,5495.526572086403
weak,10064,rolling-lp-V,1.2858921918196344,12.453232822637714,2001.6852214561584,7098.342708903497,2.4999999975000056,0.0,0.18025920365768583,0.33054187365136267,0.5019398986956083,0.6527149612543828,0.8051377909637181,0.9269645877447378,1.0279726573252506,1.1099523453628524,1.178641014546884,1.2858921918196344,0.5143568772422095,4981.2931340363675
weak,10064,ppo-s0,1.347409631437977,12.593704256081338,2097.446398426685,7178.411425966363,2.4977174432161497,0.0,0.18616827421588672,0.34746968779951815,0.5056316414620303,0.6506192505279118,0.7636265229663038,0.90055115823537,1.0195295129735593,1.1383471882962288,1.2309031800366497,1.347409631437977,0.5394563885108655,5042.085240780973
weak,10064,ppo-s1,1.386864181708619,12.736466804636892,2158.8633591162015,7259.786078643027,2.4978742649556143,0.0,0.1914895228786695,0.35714051513993506,0.5098288161343456,0.6460596565536821,0.7632968046096198,0.9020376232927688,1.025299384224119,1.145478550247729,1.2544723394336197,1.386864181708619,0.5552177710327075,5098.922304987682
weak,10064,ppo-s2,1.3832742682253951,12.826972966585465,2153.2751171069654,7311.374590953715,2.4983120655427937,0.0,0.18099883324588428,0.3500577987783928,0.5142778236219135,0.6605035361415659,0.7777682833748325,0.9184414376811647,1.0388891967450748,1.1574839899743932,1.258413819185308,1.3832742682253951,0.5536835399003123,5134.255701478439
weak,10064,ppo-s3,1.3806286648797617,12.767270624749145,2149.15683631136,7277.3442561070115,2.496491133902138,0.0,0.18592582617986061,0.3508252281464551,0.510711821032187,0.6567346935628983,0.7694278108695352,0.9116819541262791,1.0329350921145792,1.1517864050646247,1.251098420106396,1.3806286648797617,0.5530276659632158,5114.086107244961
weak,10064,ppo-s4,1.38650326419045,12.934318934645502,2158.301536541277,7372.561792747935,2.497230452144771,0.0,0.19014576976014744,0.35564946418830856,0.5211577375697104,0.6673779648489416,0.7884512075789611,0.9288788820547755,1.047211561474532,1.1633928800345748,1.2602998202801041,1.38650326419045,0.5552163850155031,5179.46548486814
weak,10064,residual-s0,1.4078278102821895,13.354206655731376,2191.4964101377122,7611.897793766883,2.4999999997500004,0.0,0.18907410398868865,0.3571806945500811,0.5404725572508825,0.7196372543532066,0.811283075422304,0.9814120294882658,1.0938123471041257,1.1939695617160782,1.2841370047800003,1.4078278102821895,0.5631311241691889,5341.682662826717
weak,10064,residual-s1,1.3674354809599076,13.059462459456201,2128.6196548553044,7443.893601890034,2.4999999997499995,0.0,0.18907410398868865,0.35708114049196266,0.5412610149827416,0.7209479675117971,0.7910383129571288,0.9520797032305666,1.062113668788301,1.1583413413288353,1.2500886186095386,1.3674354809599076,0.5469741924386605,5223.78498430486
weak,10064,residual-s2,1.300623657924761,12.762183643975282,2024.6169712409414,7274.444677065911,2.49999999975,0.0,0.18945100203851478,0.3571252137224841,0.5404485025796715,0.7259009407361723,0.8063505323232996,0.9477208713508416,1.0324820130843324,1.1166421234190822,1.1817431580432187,1.300623657924761,0.5202494632219293,5104.8734581006
weak,10064,residual-s3,1.386239130604284,13.14093386960031,2157.890372759988,7490.3323056721765,2.49999999975,0.0,0.18907410398868865,0.3575188702807277,0.5425029880900254,0.7157000370541003,0.8013007301337758,0.943560055251508,1.0539308977156185,1.183523465577616,1.2684486989893757,1.386239130604284,0.5544956522971632,5256.373548365762
weak,10064,residual-s4,1.3343624918347603,12.843483469867767,2077.1365569857176,7320.785577824627,2.49999999975,0.0,0.18907410398868865,0.3571806945500811,0.5445527445895559,0.7117390056666891,0.7735330388257582,0.9294679056531917,1.0432123281327148,1.1485085209507528,1.2190845793198073,1.3343624918347603,0.5337449967872786,5137.393388460847
weak,10064,hybrid-s0,1.3557775252108093,12.845485452339762,2110.472287693569,7321.926707833664,2.49999999975,0.0,0.18869371931395815,0.35705185750358787,0.5369809572163965,0.689238433568192,0.7770869118446395,0.9349483098407518,1.0423324776643252,1.1361275638260568,1.2337637406702753,1.3557775252108093,0.5423110101385549,5138.194181449724
weak,10064,hybrid-s1,1.3171539635255956,12.731056882113135,2050.3488861229516,7256.702422804487,2.4999999997500004,0.0,0.19114913090582827,0.3570230262441735,0.5311431051899567,0.6822440102694675,0.7745762876290359,0.929088282807184,1.0436451812021263,1.1385366999818158,1.2139323462778795,1.3171539635255956,0.5268615854629243,5092.422753354495
weak,10064,hybrid-s2,1.346784531903157,12.831652067831742,2096.473336681114,7314.041678664093,2.49999999975,0.0,0.19114913090582827,0.3570230262441735,0.536891619516427,0.687831614952298,0.7801307203705519,0.9317940021959479,1.0543669699560518,1.12893945332268,1.2282037947011828,1.346784531903157,0.5387138128151342,5132.660827645963
weak,10064,hybrid-s3,1.328232787667793,12.792431499316441,2067.5947475549024,7291.685954610371,2.4999999997500004,0.0,0.19114913090582827,0.36080661108465695,0.5394714664010022,0.6909738793779119,0.7851678496889504,0.947144160701862,1.041853764179561,1.120478049388684,1.2126416832487186,1.328232787667793,0.5312931151202465,5116.972600238273
weak,10064,hybrid-s4,1.2836159206599438,12.376179416001193,1998.141861935535,7054.422267120679,2.4999999997500004,0.0,0.1956288278375874,0.36462453930084127,0.5265603560076517,0.6796162320688786,0.7630261769483995,0.8903092029021278,0.9912199000712087,1.0847685680535497,1.171147322989775,1.2836159206599438,0.5134463683153221,4950.471766895524
weak,10065,max-exp-cap-V,1.4138065509027742,12.83464489438686,2200.803222030091,7315.74758980051,2.4999999997500004,0.0,0.13192271464260927,0.29609246257853783,0.4709723130853229,0.6388425334312476,0.786234975890443,0.9286727080539057,1.061235998025588,1.1933806836032992,1.323876529995359,1.4138065509027742,0.5655226204176619,5133.857958268129
weak,10065,max-exp-cap,1.4774617366964453,13.413113620157965,2299.8921234814106,7645.47476349004,2.49999999975,0.0,0.1437326336456935,0.3484537532367366,0.5201189910609175,0.6681884336854439,0.824616024445756,0.9472924887580314,1.0855364629000515,1.2274695012788992,1.3737785298543792,1.4774617366964453,0.5909846947376766,5365.2454485997105
weak,10065,rolling-lp-V,1.2907093367630507,12.298886270605651,2009.1838344069097,7010.365174245221,2.499999997500005,0.0,0.13959921881453755,0.3317735335461914,0.5088530441210684,0.6469971746514254,0.793626580257889,0.8968614049024686,1.0136763404194074,1.0825677305413628,1.1961991953111748,1.2907093367630507,0.516283735221503,4919.5545131618055
weak,10065,ppo-s0,1.364830522830035,12.604297268679359,2124.564644470881,7184.449443147234,2.49703087594982,0.0,0.13775545877281986,0.3335827258730035,0.495461874001088,0.637965154948856,0.7710176349784373,0.8968308377313188,1.0335169857044835,1.1560488774254098,1.2700509778120064,1.364830522830035,0.5465813562721291,5047.713822875714
weak,10065,ppo-s1,1.3843055228547487,12.646703406146305,2154.8804205408514,7208.620941503394,2.4969614867709207,0.0,0.14477833728870274,0.3373270102207104,0.4999643344764228,0.6382992939162713,0.7718987168101704,0.8999326558874711,1.029558962068035,1.14591171231966,1.2723264104398326,1.3843055228547487,0.5543960250043494,5064.837192383398
weak,10065,ppo-s2,1.3820351442750312,12.697883963784253,2151.346233710072,7237.793859357024,2.497429234471556,0.0,0.1394184444411725,0.3328915005536882,0.4986351414831104,0.6405835303307812,0.7782695835066145,0.9081681544200746,1.0416024566794306,1.1583991548891701,1.277178481531486,1.3820351442750312,0.5533831049941494,5084.381886989108
weak,10065,ppo-s3,1.3625201375947733,12.592839699688982,2120.9681812442477,7177.918628822719,2.4960190536700173,0.0,0.13773706081271656,0.33655767723806723,0.4961370526752386,0.6350054637424895,0.7765579672017201,0.9024846640023789,1.034025409850288,1.1458056487175368,1.262869570940999,1.3625201375947733,0.5458772983288706,5045.16969979581
weak,10065,ppo-s4,1.3728839954669207,12.690427729327466,2137.101089797486,7233.543805716655,2.4974821430080083,0.0,0.13572971989363314,0.332540601672336,0.5045547277539298,0.6470001289054218,0.7854473332777819,0.9115161379352161,1.04294750668842,1.1526897974326626,1.2670817222887045,1.3728839954669207,0.5497072318656888,5081.288675018476
weak,10065,residual-s0,1.4030110206529693,12.95514167300107,2183.9983502871196,7384.430753610609,2.49999999975,0.0,0.13073949079807806,0.3171404891449453,0.4990109320756702,0.6646308290154057,0.8181440002374961,0.9324423919141529,1.0659839728633618,1.196111726048596,1.295230326272244,1.4030110206529693,0.5612044083173082,5182.056669718633
weak,10065,residual-s1,1.3283130541582502,12.463754686862103,2067.7196944584985,7104.340171511398,2.49999999975,0.0,0.13073949079807806,0.32210121722193696,0.49722711104162126,0.6546531265274361,0.7828689481391456,0.8928847020705051,1.0184651290119402,1.1344274204055969,1.2450956217169884,1.3283130541582502,0.5313252217164326,4985.501875243392
weak,10065,residual-s2,1.2865133971464489,12.318228368288196,2002.652221279382,7021.390169924271,2.49999999975,0.0,0.13192271464260927,0.3130982661178296,0.4923717616734541,0.6530579002449687,0.8027863847558706,0.9031242676755213,1.0141954505321227,1.1097035206706676,1.2065153522379424,1.2865133971464489,0.5146053589100401,4927.291347808007
weak,10065,residual-s3,1.3365498312931998,12.527629963703511,2080.5414808946734,7140.749079311001,2.4999999997500004,0.0,0.13073949079807806,0.3170662912639373,0.4975724592970115,0.6649078743212449,0.8002377735759598,0.9035208830914538,1.02713925328378,1.1412591549284044,1.2288165936018531,1.3365498312931998,0.5346199325707418,5011.051985982509
weak,10065,residual-s4,1.3364411004965917,12.614619906493527,2080.3722250036494,7190.333346701309,2.49999999975,0.0,0.13073949079807806,0.3170662912639373,0.4973976300411613,0.6728382250335907,0.8069832738810879,0.9224695192460085,1.050199758847173,1.1320229853358779,1.2375340872013716,1.3364411004965917,0.5345764402520943,5045.847963101995
weak,10065,hybrid-s0,1.3661276958118664,12.950450006744173,2126.583889944119,7381.756503844178,2.4999999997500004,0.0,0.1448796556327245,0.35108217016984733,0.5247889173614825,0.6757788055122975,0.8197838721563943,0.9370458947230254,1.0665575370323184,1.1650499978278117,1.2683366838776602,1.3661276958118664,0.5464510783793916,5180.180003215686
weak,10065,hybrid-s1,1.3650261350156048,12.902618380822249,2124.869144353128,7354.492477068681,2.49999999975,0.0,0.14323440733917486,0.3495568008412615,0.5234013385439414,0.6648999300434195,0.8148601590436881,0.9353908194907817,1.062051754170855,1.163309480487118,1.2669731391060584,1.3650261350156048,0.5460104540608429,5161.047352845004
weak,10065,hybrid-s2,1.424467592335955,13.25496451416479,2217.3987416373234,7555.3297730739305,2.4999999997500004,0.0,0.14323440733917486,0.3495568008412615,0.5234013385439414,0.6637943779818392,0.8195069168490248,0.9384148857845083,1.088321570713707,1.2241520226920333,1.3402028978752996,1.424467592335955,0.5697870369913607,5301.985806196114
weak,10065,hybrid-s3,1.3500738299725152,12.757905615138043,2101.5936254395992,7272.0062006286835,2.49999999975,0.0,0.14323440733917486,0.34947309957361394,0.5228256179567922,0.6684047897044603,0.8194245763782749,0.9332664027941285,1.0405265184489183,1.1268560516838297,1.2416544951165005,1.3500738299725152,0.5400295320430091,5103.162246565534
weak,10065,hybrid-s4,1.3016958715501075,12.39765865013176,2026.2860335322857,7066.665430575103,2.49999999975,0.0,0.12476384489174745,0.3169517709389336,0.49532807235264953,0.6487197722019429,0.7958461333212417,0.901749496461823,1.0184922998909056,1.1254286545105723,1.2353394937986621,1.3016958715501075,0.5206783486721108,4959.06346054861
weak,10066,max-exp-cap-V,1.5025859761883378,13.688668745916312,2339.001793180922,7802.5411851722965,2.4999999997500004,0.0,0.1687313036238848,0.333035018495818,0.5060050525694842,0.6887137642586053,0.8489958244044998,0.9765189063611224,1.1113160608182957,1.2763700830905709,1.3813945008548227,1.5025859761883378,0.6010343905354385,5475.46749891407
weak,10066,max-exp-cap,1.5211779340742984,13.804366432613982,2367.9429809220187,7868.488866589969,2.49999999975,0.0,0.1662015573818488,0.36493308748192194,0.5432224801383961,0.7124711796146713,0.8473608038763465,0.9743380691232073,1.1043799802452074,1.247516280327821,1.386389867538803,1.5211779340742984,0.6084711736905665,5521.746573597768
weak,10066,rolling-lp-V,1.3305668022911703,12.840169033193416,2071.227993489513,7318.896348920246,2.499999997500005,0.0,0.1668871087420566,0.3697038447182819,0.5434964811649344,0.6972411271216954,0.8398953657516608,0.936702459222847,1.040035253411045,1.105102152316504,1.2189556087470992,1.3305668022911703,0.5322267214486938,5136.067618413423
weak,10066,ppo-s0,1.405206367867494,13.085133532708705,2187.415739476691,7458.526113643961,2.4976526741421807,0.0,0.16610850666426558,0.3555689588449499,0.5247186103889327,0.6760612551965907,0.8082257594689702,0.9227924430808119,1.0515181239035638,1.1870298533959345,1.3087226946840298,1.405206367867494,0.5626107994980176,5238.9724432772855
weak,10066,ppo-s1,1.3916758810473044,12.71971066304773,2166.353495161516,7250.2350779372055,2.4975379002124045,0.0,0.15722697099391242,0.34828490338390033,0.5200430995172733,0.6629078507726408,0.7855143327175782,0.8988845670424006,1.012543444315077,1.1311393593051915,1.2629827593626743,1.3916758810473044,0.5572191240537125,5092.8999563794305
weak,10066,ppo-s2,1.4065963493458296,13.079083429397018,2189.579455378368,7455.0775547563,2.496710012460138,0.0,0.16978971039393825,0.3565646254518925,0.5214342344229629,0.6734842614268789,0.8079300619468209,0.9270393384524329,1.0564240980206745,1.1836672484212025,1.2991360302126442,1.4065963493458296,0.5633799449379534,5238.527247507418
weak,10066,ppo-s3,1.4097165102999454,12.974025239098685,2194.4364566963245,7395.194386286249,2.496325198647854,0.0,0.16545797126624423,0.354310050029232,0.516912466166751,0.6695864133913797,0.8044440782333506,0.9224954820847867,1.0435632488221436,1.161322762671678,1.286767089535738,1.4097165102999454,0.5647166927864706,5197.2496396407505
weak,10066,ppo-s4,1.4249646844652062,13.08642744584907,2218.172540541426,7459.26364413397,2.4975169548698375,0.0,0.1635084854120436,0.3506548180664834,0.5239404143508766,0.6775132273088189,0.8132006385474638,0.9312255822876103,1.0531899987612412,1.171294370744457,1.2972915695618596,1.4249646844652062,0.5705525568852328,5239.775217674585
weak,10066,residual-s0,1.423469414052989,13.485779375041089,2215.8449265273925,7686.89424377342,2.4999999997500004,0.0,0.1666147590860279,0.3554365380383705,0.5291715554820381,0.7129457143786846,0.8768281802414544,0.9725596417670936,1.1049507449086597,1.2112192534864268,1.3101335837612016,1.423469414052989,0.5693877656781343,5394.311750555866
weak,10066,residual-s1,1.4319351675210714,13.244314496126483,2229.0231491757254,7549.259262792094,2.4999999997500004,0.0,0.1666147590860279,0.35764185160881307,0.5312003525875431,0.7051139192526729,0.8293208722761918,0.9364491678124542,1.0669186141134213,1.177156763012967,1.305859720991163,1.4319351675210714,0.5727740670657059,5297.725798980365
weak,10066,residual-s2,1.3956060745268886,13.138160146928604,2172.4714343290407,7488.751283749303,2.49999999975,0.0,0.1687313036238848,0.35606366383156357,0.5277662412955463,0.7089506880777185,0.8280028823676366,0.9482719579363604,1.0755455123391733,1.1583356002515854,1.2727432006806987,1.3956060745268886,0.5582424298665797,5255.264059296967
weak,10066,residual-s3,1.4059504797236322,13.339741236104313,2188.57406185785,7603.652504579458,2.49999999975,0.0,0.1666147590860279,0.3554356867251933,0.5274690844127126,0.7087063070874108,0.8734219227383158,0.9675815850726965,1.096226746943064,1.1798621799798052,1.2882450321828287,1.4059504797236322,0.5623801919456909,5335.896494975315
weak,10066,residual-s4,1.4057031157820805,13.211431717136724,2188.1890025587304,7530.5160787679315,2.49999999975,0.0,0.1666147590860279,0.3554356867251933,0.5321084336893858,0.7045905592398218,0.8548713398424449,0.9494519116289932,1.0759820775131925,1.1594983010534259,1.2828309486830085,1.4057031157820805,0.5622812463690603,5284.572687383147
weak,10066,hybrid-s0,1.4711536934802418,13.659380399662119,2290.0727024113494,7785.846827807407,2.49999999975,0.0,0.1647389505788741,0.3632440559643268,0.5462251253471482,0.7087606219341822,0.8693428737592999,0.9820823259122894,1.1088432181153298,1.215082687900659,1.3453779634923944,1.4711536934802418,0.5884614774509429,5463.752160411223
weak,10066,hybrid-s1,1.4386437744456688,13.420423573009511,2239.466108097906,7649.641436615421,2.4999999997500004,0.0,0.16310268869743955,0.36390523172529,0.5451302233074369,0.7023738679595147,0.8517517271679615,0.9683724889392523,1.0838296992303547,1.1918308037379364,1.312403999141856,1.4386437744456688,0.5754575098358132,5368.16942974062
weak,10066,hybrid-s2,1.4908988686991063,13.528879583635403,2320.8090469370395,7711.461362672179,2.49999999975,0.0,0.16310268869743955,0.36390523172529,0.5451302233074369,0.702834094933358,0.8289799937211211,0.937789694109072,1.0750699751178356,1.2177025913652684,1.3656038043544707,1.4908988686991063,0.5963595475392784,5411.551833995317
weak,10066,hybrid-s3,1.3911361715140143,13.157621529656643,2165.5133558375987,7499.844271904286,2.49999999975,0.0,0.16310268869743955,0.36024436376638236,0.5401638714084981,0.7051881837040359,0.8506631395362666,0.9574594583306977,1.0601938587954103,1.1520623792671243,1.272305095565692,1.3911361715140143,0.5564544686612511,5263.048612388962
weak,10066,hybrid-s4,1.3096041167980719,12.670495714912333,2038.5964105150565,7222.182557500029,2.49999999975,0.0,0.16806194179362252,0.3649963291254441,0.5325482363821343,0.6954472682248255,0.8294914021933715,0.924599497546321,1.015302676846156,1.0994367971710064,1.2000989835253446,1.3096041167980719,0.5238416467716129,5068.198286471753
weak,10067,max-exp-cap-V,1.5604450010084399,13.972761648832547,2429.0680955094053,7964.474139834551,2.49999999975,0.0,0.15561318684663725,0.3098345717045699,0.48883243198866777,0.6834420872541518,0.8387599637635933,1.019850163563817,1.1771194839867527,1.308659459869146,1.4336127847995086,1.5604450010084399,0.6241780004657937,5589.10466009193
weak,10067,max-exp-cap,1.5147875007459286,14.121776106572032,2357.9953072107432,8049.412380746057,2.49999999975,0.0,0.19695956951473367,0.37276961888743443,0.5501823021285771,0.7228208029016663,0.8548695505530497,1.0018040987444081,1.1630682919549216,1.2881125145706367,1.4065224875166111,1.5147875007459286,0.605915000358963,5648.710443193684
weak,10067,rolling-lp-V,1.3211023208365624,12.500132405656021,2056.495100034716,7125.075471223931,2.499999997500005,0.0,0.1727782885160242,0.3303723546225297,0.49135932257863973,0.6536070124358703,0.781938491998393,0.9000383490951738,1.0115478492334158,1.1297525303440605,1.2376485225510612,1.3211023208365624,0.5284409288630648,5000.052967262451
weak,10067,ppo-s0,1.3922323213375978,13.013972099109855,2167.219678433169,7417.964096492617,2.4971469713245,0.0,0.1840297503532637,0.35086118976248915,0.5154427871070786,0.64278718268692,0.7909184802555688,0.9363115185974864,1.0613788601910767,1.1920285195792661,1.2942475171960588,1.3922323213375978,0.557529187238487,5211.536304652175
weak,10067,ppo-s1,1.4122048921788388,13.073716272887822,2198.3099985562153,7452.018275546057,2.496597838704007,0.0,0.19821285320035748,0.36205470091860836,0.5259228927758709,0.6425378733970901,0.7901023994640488,0.9258871834366702,1.0581572099707255,1.1846240605495422,1.2989140051064565,1.4122048921788388,0.5656517322437159,5236.612829751721
weak,10067,ppo-s2,1.3979238812157766,12.80906158629769,2176.0794501680466,7301.165104189683,2.4976398767998282,0.0,0.1747486446680041,0.3371567993675883,0.49917046256470177,0.6323642590097663,0.7747958773926417,0.9122583741298975,1.041177632915491,1.173810775788321,1.2851959232729095,1.3979238812157766,0.5596979349188267,5128.466159304624
weak,10067,ppo-s3,1.399231894978744,13.008778198650395,2178.11557095286,7415.003573230725,2.496177741885329,0.0,0.18483391577782812,0.35445692058377615,0.5139269802409051,0.6504432132347869,0.7868357932123864,0.9306034857433197,1.057861716180505,1.1852740263905162,1.2934335941447321,1.399231894978744,0.5605497843763013,5211.479126812918
weak,10067,ppo-s4,1.405439548743573,13.099371784389051,2187.7787206943567,7466.641917101759,2.4972516086128573,0.0,0.1816157400047347,0.3486348473796696,0.5222151484797002,0.6563471181441379,0.8003296428811169,0.9443311389358852,1.0636178051644367,1.1910200865073324,1.301548218460002,1.405439548743573,0.5627945313545114,5245.515405500261
weak,10067,residual-s0,1.4265497287524673,13.567829472498335,2220.6399011377093,7733.662799324051,2.49999999975,0.0,0.1529155937921581,0.31913536890866984,0.5005923992372244,0.6938096376981462,0.8368172018069728,1.0116998765339122,1.1389925366010933,1.2735220150102182,1.362004403205264,1.4265497287524673,0.5706198915580489,5427.131789542047
weak,10067,residual-s1,1.4628099401889352,13.598922843785742,2277.0843914464535,7751.3860209578725,2.49999999975,0.0,0.1529155937921581,0.3235162743907408,0.504174732296255,0.6894855210976355,0.8295994407345976,0.9947282456058515,1.1420187815921383,1.2640588224415297,1.3727059403301527,1.4628099401889352,0.5851239761340865,5439.569138058254
weak,10067,residual-s2,1.367366517307929,12.936873615735854,2128.512302525256,7374.017960969436,2.49999999975,0.0,0.15561318684663725,0.317994771972723,0.4967821117357455,0.6884121457007831,0.839750557267075,0.9666817205354865,1.0429518636239674,1.1725246538439302,1.26263216253791,1.367366517307929,0.5469466069778662,5174.749446811817
weak,10067,residual-s3,1.3896938297828805,13.249074316368226,2163.268133301941,7551.972360329888,2.49999999975,0.0,0.1529155937921581,0.3158027639628263,0.49611918985362324,0.6847437757561259,0.8147036619304291,0.9892927576510628,1.0974145074256005,1.2369699752703656,1.3336128642016638,1.3896938297828805,0.5558775319687399,5299.629727077253
weak,10067,residual-s4,1.3690969501924868,12.93362111380214,2131.205982410534,7372.164034867219,2.49999999975,0.0,0.1529155937921581,0.3158027639628263,0.4955926908917468,0.6719811820021817,0.8123634818200774,0.9638921424768752,1.0616683125174606,1.1812765089297397,1.2840306419365208,1.3690969501924868,0.5476387801317586,5173.448446038201
weak,10067,hybrid-s0,1.436205510459911,13.744397071838389,2235.6705823008374,7834.30633094788,2.49999999975,0.0,0.19838952683395322,0.3761439058672824,0.5749096875224315,0.7154679798135808,0.8562979684923322,1.0118907176489573,1.0975668676314296,1.2337573061762392,1.3288371642171126,1.436205510459911,0.5744822042414126,5497.7588292851315
weak,10067,hybrid-s1,1.3899456358718292,13.597448127216063,2163.6601074737478,7750.545432513155,2.49999999975,0.0,0.19938546836444213,0.380646621048328,0.5703629280738293,0.7004111741836986,0.8475120344717882,0.9928756662220324,1.102764013639427,1.2250376817701545,1.3261247038233295,1.3899456358718292,0.5559782544043295,5438.9792514303235
weak,10067,hybrid-s2,1.379302335163663,13.460098955426757,2147.092203981852,7672.25640459325,2.4999999997500004,0.0,0.19938546836444213,0.380646621048328,0.5747862488394769,0.7195372383008023,0.8700789620558187,0.9658880431188546,1.0708328756087981,1.208972721466444,1.2774016464425515,1.379302335163663,0.5517209341206373,5384.039582709105
weak,10067,hybrid-s3,1.4073835190093673,13.69182131116625,2190.8048037336234,7804.338147364761,2.49999999975,0.0,0.19938546836444213,0.3824455829597819,0.5672013636083487,0.7165951732987291,0.85442692906509,1.0078727510842107,1.1009905648096476,1.2291040497562915,1.3302863117544161,1.4073835190093673,0.5629534076600423,5476.728525014173
weak,10067,hybrid-s4,1.3923143703746552,12.994263625136721,2167.347400139512,7406.73026632793,2.49999999975,0.0,0.18634027339738649,0.3389421507842551,0.5185346158211633,0.6515772497158401,0.7907363836067933,0.9287989879296725,1.0679321860180957,1.180627294526111,1.2917737966367557,1.3923143703746552,0.5569257482055546,5197.705450574459
weak,10068,max-exp-cap-V,1.4946515244676726,13.600232012956626,2326.6506218691666,7752.132247385277,2.4999999997500004,0.0,0.16316355699156648,0.3267770930527631,0.46813254949381056,0.672692326757551,0.8404479010231329,0.9864125491017939,1.1426636813404292,1.260235268624398,1.381677858174608,1.4946515244676726,0.597860609846855,5440.092805726659
weak,10068,max-exp-cap,1.5346612243576667,13.785677105827817,2388.9317567062703,7857.835950321855,2.49999999975,0.0,0.17451753682477664,0.343663914971329,0.48661042823851947,0.6818754872462597,0.8306519655722325,0.981237346594411,1.1230129113578675,1.2848809809940107,1.4148733304328953,1.5346612243576667,0.6138644898044532,5514.2708428825545
weak,10068,rolling-lp-V,1.2948651910138789,12.054030608902305,2015.653048614235,6870.797447074313,2.4999999975000056,0.0,0.1580266266407653,0.32029306626773696,0.4494941253485889,0.618366295211373,0.759443758467895,0.873895840033242,0.9947391181357705,1.0955774489524448,1.178865637181306,1.2948651910138789,0.5179460769234965,4821.612248382524
weak,10068,ppo-s0,1.3990770546093105,12.810995463015407,2177.8745385543807,7302.267413918782,2.496957044397085,0.0,0.16443154680560454,0.332878165002199,0.4684767721376136,0.6377374721401029,0.7819716513086497,0.9119297474500014,1.0594847139661159,1.1779022863403588,1.2959555522487642,1.3990770546093105,0.560312824663402,5130.643112888932
weak,10068,ppo-s1,1.4400358935034232,12.965112098442452,2241.6331514644817,7390.113896112197,2.496706368312092,0.0,0.16286583255667605,0.3235666448490863,0.4678252302967629,0.639839399789593,0.7791219178937274,0.9221038693780013,1.0689360444868012,1.2005319038005937,1.3240234916172247,1.4400358935034232,0.5767742301538507,5192.886221220947
weak,10068,ppo-s2,1.3962222879964585,12.630454272054974,2173.430663573255,7199.358935071335,2.497647964206064,0.0,0.15863835886824623,0.32210866265208166,0.45339789218499615,0.6269811705296112,0.7658798358856413,0.9028993836408359,1.0443332227137458,1.164855230348816,1.2785483897460381,1.3962222879964585,0.5590148443679014,5056.939349765355
weak,10068,ppo-s3,1.4078426700162314,12.844144177050438,2191.5195415558946,7321.16218091875,2.495982328099012,0.0,0.1637107128821614,0.3314614874473678,0.46865111568188206,0.6327058168416543,0.7768506174820059,0.91915159310732,1.0653481672009133,1.1841338894758127,1.301283784841357,1.4078426700162314,0.5640435247345967,5145.927530197213
weak,10068,ppo-s4,1.4145140600124664,12.894186648401154,2201.9045667135147,7349.686389588658,2.4972078920990497,0.0,0.1642056082751098,0.32879908569867833,0.4607892737125127,0.6423570873058921,0.7839251038422542,0.9248003597332582,1.0693448250259063,1.1896176794489328,1.3049342956579355,1.4145140600124664,0.5664382466865762,5163.44141358725
weak,10068,residual-s0,1.4048312871883613,12.978815589967859,2186.831869804684,7397.9248862816785,2.49999999975,0.0,0.1576029931837433,0.32596619125578685,0.4659070751648207,0.6696854036491559,0.7976576110988975,0.9404002197434376,1.0934447984239668,1.1921102234528536,1.2900476137262065,1.4048312871883613,0.5619325149315377,5191.526236506296
weak,10068,residual-s1,1.378762543471712,12.786981404928978,2146.2519367655823,7288.579400809517,2.49999999975,0.0,0.1576029931837433,0.32622829346283017,0.4555538152326721,0.6411409939298301,0.7841648971404461,0.9405648029985714,1.0733031162234516,1.1824255329972524,1.2746712272163963,1.378762543471712,0.5515050174438353,5114.7925624830705
weak,10068,residual-s2,1.477254595946857,13.312986135739107,2299.569677649754,7588.40209737129,2.49999999975,0.0,0.16316355699156648,0.32872261011212073,0.4677023288886984,0.6642615902767678,0.8011183831109665,0.9621572756298595,1.1020823299777098,1.2330970036390652,1.3527665045128412,1.477254595946857,0.5909018384378331,5325.194454828163
weak,10068,residual-s3,1.423774115217832,13.199231327259968,2216.3192398660276,7523.561856538181,2.49999999975,0.0,0.1576029931837433,0.32559320882802134,0.4709141835700089,0.676884257413036,0.8146632906364643,0.9782373369552029,1.099764891638721,1.2132528505530997,1.3185624162441851,1.423774115217832,0.5695096461440838,5279.692531431956
weak,10068,residual-s4,1.4324465876052042,13.04245213650329,2229.8192517035086,7434.197717806874,2.49999999975,0.0,0.1576029931837433,0.32559320882802134,0.4708036517874725,0.6504463138421834,0.7861275985267385,0.9491604729674112,1.0827392204975061,1.202020694547984,1.3215930979702255,1.4324465876052042,0.5729786350993795,5216.9808551230135
weak,10068,hybrid-s0,1.37246533454588,12.702546280686134,2136.4493809032415,7240.451379991096,2.49999999975,0.0,0.16742238047521,0.3340289865187844,0.47545707919737684,0.6594015872211205,0.7841789754562577,0.9159424197267079,1.0478144707212955,1.1444020607210055,1.2590633922779093,1.37246533454588,0.5489861338732506,5081.018512782555
weak,10068,hybrid-s1,1.3904002554990185,12.776598145653153,2164.3677915198273,7282.660943022297,2.4999999997500004,0.0,0.16553469568166018,0.3287937158063524,0.46422730540783214,0.6401685463325081,0.775468089195088,0.9251136780624638,1.0614091249680984,1.171930710462349,1.2847018388562397,1.3904002554990185,0.5561601022552233,5110.639258772325
weak,10068,hybrid-s2,1.3491813434938533,12.52380778211513,2100.204335570626,7138.570435805623,2.49999999975,0.0,0.16553469568166018,0.3287937158063524,0.46422730540783214,0.640318085592802,0.7710174206032904,0.923377602076615,1.033714045206423,1.1357106355525386,1.2334793682395426,1.3491813434938533,0.5396725374515086,5009.523113347004
weak,10068,hybrid-s3,1.4041380321631451,12.93502221335337,2185.752713754509,7372.96266161142,2.49999999975,0.0,0.16553469568166018,0.33398125036168946,0.4762755367123126,0.6552291083776822,0.7961095575857104,0.9321048286793086,1.0748512374998453,1.1771443104925012,1.294151784043435,1.4041380321631451,0.5616552129214236,5174.008885858749
weak,10068,hybrid-s4,1.3425677379554344,12.69680475092986,2089.9092606405416,7237.17870803002,2.49999999975,0.0,0.18413564487414072,0.3543862678736433,0.5013407385939123,0.6595914511951767,0.7994066395979949,0.9131703425184655,1.0254441375046062,1.1431826342890576,1.2332627061916088,1.3425677379554344,0.5370270952358764,5078.7219008798165
weak,10069,max-exp-cap-V,1.458215438752241,13.40395867959274,2269.9323567080082,7640.256447367861,2.49999999975,0.0,0.1617656682195393,0.3274263442602743,0.49934909967351887,0.6892947879172067,0.8377099363798839,0.9616809858309232,1.0971595630166269,1.221231320870741,1.3569342328901675,1.458215438752241,0.583286175559225,5361.583472373255
weak,10069,max-exp-cap,1.497707331057246,13.683106833396112,2331.4074459084522,7799.370895035783,2.49999999975,0.0,0.18486797047944994,0.35391620720287487,0.5297013305353913,0.6956401540657456,0.8367830912385612,0.9550846231278637,1.1069652248511104,1.2450902556786279,1.3843373031354531,1.497707331057246,0.5990829324828066,5473.2427339057695
weak,10069,rolling-lp-V,1.3135911226714163,12.486191657462408,2044.8027867457413,7117.1292447535725,2.4999999975000056,0.0,0.17160970632647152,0.3325591619797666,0.5135111751091485,0.6729753518656025,0.8017243170964524,0.8984998553516684,1.0023304834566822,1.1001322699072917,1.2142559949097023,1.3135911226714163,0.5254364495940018,4994.476667979429
weak,10069,ppo-s0,1.3628127888814854,12.511155606497352,2121.4237371293975,7131.35869570349,2.4976240910453957,0.0,0.17898296815863848,0.34142843692456715,0.5101151071981167,0.6314960193425678,0.7712370629432549,0.8773997635842004,0.9936069521048301,1.1085300789613899,1.261617221230566,1.3628127888814854,0.5456436754303855,5009.222825545669
weak,10069,ppo-s1,1.3724358947068809,12.555671991208456,2136.4035533517394,7156.733034988819,2.4972201519802484,0.0,0.18335759324897377,0.34644289812828166,0.5064353757171924,0.6412460455167523,0.774184065138407,0.8779849392115686,0.9920464884167459,1.1108214074381542,1.2608692309673908,1.3724358947068809,0.5495854635077189,5027.859470560513
weak,10069,ppo-s2,1.3882046261357481,12.779444689720142,2160.94996312316,7284.28347314048,2.497726158878973,0.0,0.17254156845206928,0.339674940408935,0.5294660116025136,0.6471469866581145,0.7858869416351131,0.9021842638299357,1.017871910636147,1.1346236587139042,1.291975685767573,1.3882046261357481,0.5557873593151623,5116.431456783796
weak,10069,ppo-s3,1.404718739060224,12.744385661841346,2186.656671661148,7264.299827249566,2.496166319438917,0.0,0.17917348794765547,0.3428225225118569,0.5144609700551706,0.6344082183534037,0.7750688602661333,0.8908245918276023,1.0190935255668534,1.1364973894302828,1.2899862010725598,1.404718739060224,0.5627504578204443,5105.583535277409
weak,10069,ppo-s4,1.382021641752888,12.632793732322359,2151.3252149969962,7200.692427423744,2.496884767504636,0.0,0.17637256759319703,0.3409684110427042,0.5089543755751691,0.6322563637951834,0.7727594838189993,0.8861660461457079,1.0081643107479858,1.1259480594669657,1.2817560551298883,1.382021641752888,0.5534983671409346,5059.422003261872
weak,10069,residual-s0,1.4253100684203277,13.056508109491919,2218.7101827816487,7442.209622410393,2.49999999975,0.0,0.15963586120822507,0.3244006697363134,0.49723535865219237,0.6796460174905785,0.8187989559202102,0.9340835226860102,1.0462478534538255,1.1587790627170544,1.3434260939705327,1.4253100684203277,0.5701240274251435,5222.603244319028
weak,10069,residual-s1,1.4002989199448215,12.437256321903298,2179.776556313149,7089.236103484879,2.49999999975,0.0,0.15963586120822507,0.32194833165509146,0.49698034087967485,0.6070709488919632,0.746869366330095,0.8693503390952637,0.9885603443287906,1.1115184736049784,1.2875202183444363,1.4002989199448215,0.5601195680339406,4974.902529258809
weak,10069,residual-s2,1.319455455618595,12.210382494167487,2053.9315058317907,6959.918021675467,2.49999999975,0.0,0.1617656682195393,0.32688478183945907,0.49852486833025855,0.6307769505060251,0.770562073330526,0.8897709707315478,0.970816506745533,1.0618740822842472,1.2135769510328287,1.319455455618595,0.5277821823002162,4884.15299815541
weak,10069,residual-s3,1.412047562858745,13.020741956128862,2198.0650917304824,7421.822914993451,2.49999999975,0.0,0.15963586120822507,0.32453747304372543,0.5007747435871577,0.6910995004369285,0.829904112049721,0.9449450812136155,1.042895484553801,1.1569818921253938,1.3017654046252511,1.412047562858745,0.56481902519998,5208.296782972375
weak,10069,residual-s4,1.3477932286822232,12.283014221744233,2098.0435254173326,7001.318106394213,2.4999999997499995,0.0,0.15963586120822507,0.32453747304372543,0.5011632634043367,0.6133241014225753,0.7527854738476334,0.8692047987485528,0.9838455955859042,1.0904557768743968,1.2479217061566767,1.3477932286822232,0.5391172915268011,4913.205689189015
weak,10069,hybrid-s0,1.3755543055355621,12.787329522367664,2141.2578303353857,7288.777827749567,2.4999999997500004,0.0,0.18866479442676343,0.3543123927101955,0.5295287657331826,0.646864345685771,0.7884620392285844,0.8948644820408698,1.0208218009950678,1.1257933789239307,1.2897755428901123,1.3755543055355621,0.5502217222692469,5114.931809458558
weak,10069,hybrid-s1,1.3995842016530422,12.887018968062895,2178.6639894500317,7345.60081179585,2.49999999975,0.0,0.18654591652385738,0.3523600029875845,0.5435493845317244,0.6556717422656039,0.7999329716849799,0.9095629124316017,1.0254502969882058,1.12214590644469,1.2838794909565638,1.3995842016530422,0.5598336807172003,5154.807587740639
weak,10069,hybrid-s2,1.5127069550175782,13.561303883181028,2354.756623856496,7729.943213413186,2.4999999997500004,0.0,0.18654591652385738,0.3523600029875845,0.5374047028414793,0.6826080169581108,0.826574810204384,0.9404305607114952,1.0826895588127576,1.2092606426049664,1.3812655249919032,1.5127069550175782,0.6050827820675395,5424.521553814862
weak,10069,hybrid-s3,1.3872362015890665,13.014591769893338,2159.4424641932187,7418.317308839201,2.49999999975,0.0,0.18654591652385738,0.3523064540795394,0.5466073382127591,0.6736225192028786,0.8150027575165848,0.9311045680246043,1.0369999069328961,1.1359945025340021,1.2952160419355627,1.3872362015890665,0.554894480691116,5205.836708477918
weak,10069,hybrid-s4,1.298545290509073,12.106051703394868,2021.3816787590333,6900.449470935075,2.49999999975,0.0,0.17710399454981926,0.33118815886362424,0.49796720160482333,0.6105861374154502,0.7520520156889252,0.8600416205331171,0.9684666263071733,1.0805731193271764,1.20046154319127,1.298545290509073,0.519418116255571,4842.42068184219
weak,10070,max-exp-cap-V,1.5403290346673235,13.64706596017245,2397.7545586542333,7778.827597298296,2.49999999975,0.0,0.1564374789870541,0.31898612222336464,0.4981386115818255,0.6763563634836631,0.8431812136057814,0.9822150448255798,1.1137859239970225,1.2537427677293975,1.3837681003618436,1.5403290346673235,0.6161316139285425,5458.826384614862
weak,10070,max-exp-cap,1.5170454062092107,13.755549736656903,2361.5100777537555,7840.663349894434,2.49999999975,0.0,0.144361140593026,0.33097915051446253,0.5107565745336542,0.6930910604073262,0.8431442360483232,0.9933411360298203,1.1378593752161374,1.2665655940573983,1.399487486451964,1.5170454062092107,0.606818162544366,5502.219895212984
weak,10070,rolling-lp-V,1.3436868474697672,12.27092493978302,2091.65132345909,6994.427215676321,2.4999999975000056,0.0,0.1265602174582853,0.30116492693540453,0.4711085298129853,0.6221334472510537,0.7742278821186533,0.8896464021040199,1.005521885748619,1.1232067392979204,1.225644188032402,1.3436868474697672,0.5374747395253804,4908.369980821567
weak,10070,ppo-s0,1.3878154053558234,12.55717277057384,2160.344082250708,7157.588479227089,2.497079762433727,0.0,0.13949518659451843,0.32211661258393604,0.491358683625072,0.6290188366039242,0.7629727275593458,0.8996361598628685,1.0124514653072678,1.1479674752508935,1.2739554936128639,1.3878154053558234,0.5557753605768755,5028.743158102107
weak,10070,ppo-s1,1.4019180256683588,12.608756425212905,2182.296938674436,7186.991162371355,2.496630903079775,0.0,0.15197858384147442,0.32315261879591267,0.48702474970671567,0.63133187155713,0.7601486323966063,0.8940237309767954,1.0195607226459735,1.149080867769487,1.281705830274464,1.4019180256683588,0.5615239417003897,5050.308561693717
weak,10070,ppo-s2,1.426678463207074,12.758314844663314,2220.8402957407075,7272.239461458088,2.4977072361126513,0.0,0.13112777283829988,0.3127012317223384,0.49958459632442426,0.6418481037252308,0.7801694548962295,0.9129552840385391,1.032352479623004,1.1650741604429284,1.2935111331609592,1.426678463207074,0.5711952316026874,5108.010522690374
weak,10070,ppo-s3,1.417965446345341,12.718881372200132,2207.277170311235,7249.762382154075,2.4959350657826858,0.0,0.14007596939954586,0.3186869489300369,0.49338151924167617,0.63605663771947,0.7696916555150917,0.9088904977515198,1.031643811271834,1.1651249349704358,1.2891530068929589,1.417965446345341,0.5681099103035717,5095.838247783779
weak,10070,ppo-s4,1.4038902102980364,12.796459013356348,2185.3669416282783,7293.9816376131175,2.4968267762079166,0.0,0.14991420192394406,0.32443933578064005,0.49764013140120766,0.6411588278409157,0.781539088482174,0.9181292470426815,1.0346476179863262,1.1729393964837924,1.2962086197514566,1.4038902102980364,0.5622697672404051,5125.088826863316
weak,10070,residual-s0,1.4163254321137313,13.08056137247586,2204.7242407023027,7455.9199823112385,2.49999999975,0.0,0.1610796581525854,0.3239836967811117,0.5075337624271373,0.6661981803405249,0.8235697542336602,0.9518846433815785,1.054566451254595,1.1831213626220969,1.3147524545143585,1.4163254321137313,0.5665301729021456,5232.224549513566
weak,10070,residual-s1,1.4252644427545884,12.954496105985696,2218.639159548589,7384.062780411846,2.49999999975,0.0,0.1610796581525854,0.33129992264454716,0.5175846278213362,0.6592736399627273,0.7802295449711216,0.9164207602221547,1.039206926852792,1.1878090067427491,1.3038619335497357,1.4252644427545884,0.5701057771588459,5181.798442912458
weak,10070,residual-s2,1.359654464186698,12.714968749463392,2116.5073281906593,7247.532187194132,2.49999999975,0.0,0.1564374789870541,0.31654428899986453,0.4978094870622,0.6572198634183364,0.8170683317055918,0.9321114318457653,1.016075681585282,1.1524763892393368,1.2627595233860593,1.359654464186698,0.5438617857290654,5085.987500293955
weak,10070,residual-s3,1.3983778278763168,12.844836783653962,2176.786086639994,7321.556966682758,2.49999999975,0.0,0.1610796581525854,0.33183514279145093,0.5096818124560422,0.667044977559557,0.7845735201033134,0.9089740294998612,1.037356572815605,1.1713203591987675,1.2813408883289445,1.3983778278763168,0.5593511312064618,5137.934713975378
weak,10070,residual-s4,1.398336481653109,12.864384201072685,2176.7217250049484,7332.69899461143,2.49999999975,0.0,0.1610796581525854,0.33183514279145093,0.5076822859269355,0.6635463017639412,0.7831433383285764,0.9189397081551909,1.0390950976793236,1.1696219970823356,1.2908621320016538,1.398336481653109,0.559334592717177,5145.75368094365
weak,10070,hybrid-s0,1.4169944711040583,12.914699716586878,2205.7657008402794,7361.37883845452,2.49999999975,0.0,0.14342360784015917,0.3267954315318337,0.49233682636848697,0.6464876017379633,0.7986535765195086,0.9323595639802957,1.0465880107525511,1.1846998588460413,1.3081261234713268,1.4169944711040583,0.5667977884983031,5165.879887151339
weak,10070,hybrid-s1,1.4227218434833646,13.036036477235443,2214.681220136816,7430.540792024202,2.49999999975,0.0,0.14332652869902618,0.3256115255999915,0.5032793956686071,0.6646711258941086,0.8004220697242624,0.9443176318232496,1.0544318424731316,1.205808474080656,1.3098219520093823,1.4227218434833646,0.5690887374502547,5214.414591415619
weak,10070,hybrid-s2,1.461439808152274,13.240768922558164,2274.951574195773,7547.238285858152,2.49999999975,0.0,0.14332652869902618,0.3256115255999915,0.503755449865216,0.6536304869035037,0.8104984573889398,0.9483294292891047,1.0762947007978074,1.2302740979716098,1.352773010120298,1.461439808152274,0.5845759233193671,5296.307569552896
weak,10070,hybrid-s3,1.3879179940041149,12.76718743736113,2160.503776961105,7277.296839295844,2.49999999975,0.0,0.14332652869902618,0.32703127097788326,0.5022903605273605,0.6535973053392363,0.7914928370044835,0.9245518172971886,1.0191400408463605,1.1632316994447405,1.2891226219649286,1.3879179940041149,0.5551671976571627,5106.874975455139
weak,10070,hybrid-s4,1.3348937900723388,12.086533167148989,2077.9636028587015,6889.323905274923,2.49999999975,0.0,0.1422935055585398,0.30423277384466896,0.47173906862943055,0.6064686150268315,0.7419974713007638,0.8759370085804092,0.9732208617620555,1.0983786531879474,1.2152851586788374,1.3348937900723388,0.5339575160823312,4834.6132673430575
weak,10071,max-exp-cap-V,1.5215959675108324,13.281412946133745,2368.5937130419493,7570.405379296234,2.4999999997500004,0.0,0.15056235986977623,0.30382607747559653,0.47113615644980367,0.6190221002049684,0.7800655182075601,0.9562835751233848,1.1064218577116507,1.2394702089287484,1.3836595890902879,1.5215959675108324,0.6086383870651967,5312.565178984753
weak,10071,max-exp-cap,1.5340111325308454,13.962110413350029,2387.9197906871777,7958.402935609515,2.49999999975,0.0,0.1629846996594964,0.3470202875351009,0.5285296045977693,0.6893204024474443,0.854956939506426,1.0061242120574418,1.1513463157945507,1.2831393826784496,1.4118937531913356,1.5340111325308454,0.6136044530736986,5584.844165898496
weak,10071,rolling-lp-V,1.2865720638337264,12.244721223198951,2002.7435448301917,6979.491097223401,2.499999997500005,0.0,0.1530211968074634,0.3363302809795809,0.5063597716082993,0.6504450049767435,0.7918159160246516,0.8830011570211987,0.9830039673111386,1.0859561586254178,1.1895621557626008,1.2865720638337264,0.5146288260481183,4897.888494177459
weak,10071,ppo-s0,1.426574163960408,13.018189332368422,2220.6779382258333,7420.36791945,2.4969478943969587,0.0,0.1515652364911197,0.32803150361125244,0.486209084136237,0.6598754371108365,0.797700913297184,0.9381560879515534,1.067305604130628,1.194433314987217,1.3130959522730563,1.426574163960408,0.5713271659218752,5213.640765824816
weak,10071,ppo-s1,1.4514913814264596,13.083559072580282,2259.4653469051145,7457.6286713707605,2.4968533650667224,0.0,0.15121448635799592,0.3251548124860204,0.4889399243410513,0.6588081150795665,0.7925026507671732,0.9378160043902217,1.0638929383478264,1.2010171067482793,1.334103712809035,1.4514913814264596,0.5813282436742824,5240.018999766395
weak,10071,ppo-s2,1.4302076961272083,12.882296173708497,2226.3340792975646,7342.908819013843,2.497560416374155,0.0,0.152799340629413,0.3246617544509398,0.4806780123307608,0.6506297432263504,0.7887434101666582,0.9211076720058361,1.048678756136162,1.1778877820817466,1.3002547135560745,1.4302076961272083,0.5726418815539681,5157.951771357119
weak,10071,ppo-s3,1.4206198821313785,13.0767926339679,2211.4092001330328,7453.771801361702,2.4962017017350697,0.0,0.1514314026710706,0.3282583094768314,0.49065157847143887,0.6542068599628869,0.8006142844759496,0.9501195324469944,1.0816997411187033,1.2009966538522954,1.321996095511142,1.4206198821313785,0.5691126166382823,5238.676275590403
weak,10071,ppo-s4,1.4522312766938894,13.203729766125335,2260.6171055297186,7526.12596669144,2.49683326039247,0.0,0.1519738725115889,0.32557764992588534,0.4919809092891957,0.6634469379848681,0.8089849526258961,0.9526386023222915,1.0848176931070472,1.2115933025588514,1.3388941659347253,1.4522312766938894,0.5816292580408904,5288.1904352915735
weak,10071,residual-s0,1.4150572420428946,13.001239320372726,2202.7501115031832,7410.706412612453,2.4999999997499995,0.0,0.14087196413670655,0.3111114624393207,0.49188322347165203,0.6497531418444504,0.8023897415494686,0.9664274447852174,1.0838807673589619,1.1937133766270291,1.2969701646491474,1.4150572420428946,0.5660228968737603,5200.495728669141
weak,10071,residual-s1,1.4100257176105941,12.977844570374593,2194.917784530827,7397.3714051135175,2.49999999975,0.0,0.14087196413670655,0.3117461094971257,0.48931225871360007,0.6610299429935004,0.8254482212850076,0.9578741630222456,1.0598811309611207,1.1839028802106655,1.2969372408102844,1.4100257176105941,0.5640102871006387,5191.1378286689505
weak,10071,residual-s2,1.425633487051607,13.188562726462699,2219.213632681021,7517.480754083737,2.49999999975,0.0,0.15056235986977623,0.3187614672587548,0.4964779425990326,0.6622039046719412,0.8330574342671209,0.9916244376509181,1.0889368175189555,1.18708709790229,1.3180510351019668,1.425633487051607,0.5702533948776681,5275.425091112622
weak,10071,residual-s3,1.3829588777372774,12.703632511919741,2152.7841642237695,7241.070531794252,2.49999999975,0.0,0.14087196413670655,0.3108737452870133,0.48333121954723857,0.6335288441003858,0.7832978272817073,0.9414778702402546,1.047149720187987,1.1638322168531205,1.2735522016468603,1.3829588777372774,0.5531835511502293,5081.453005276042
weak,10071,residual-s4,1.3820453241825286,12.783823682368617,2151.3620802721107,7286.779498950111,2.49999999975,0.0,0.14087196413670655,0.3108737452870133,0.4844994332563016,0.6467786562336416,0.8113601643081072,0.9441543433182645,1.0490177993583623,1.1691975126676981,1.2735907369824333,1.3820453241825286,0.5528181297282933,5113.5294734588
weak,10071,hybrid-s0,1.4787995010814887,13.654970009863787,2301.9745555984787,7783.332905622357,2.4999999997500004,0.0,0.155581763707186,0.3362214312522811,0.5089094956555976,0.6956188936664136,0.8544368297741769,1.00747044594444,1.1200710669170555,1.2481077993127263,1.3668010336026404,1.4787995010814887,0.5915198004917473,5461.988004491713
weak,10071,hybrid-s1,1.4686233170398388,13.479928073170026,2286.1337896800196,7683.5590017069135,2.49999999975,0.0,0.15446969870365768,0.33427787950270554,0.5071582083283082,0.6810007520731967,0.8394496776727898,0.9899819055209641,1.1005676031779235,1.2283605887267846,1.3556808500559616,1.4686233170398388,0.5874493268746804,5391.971229807207
weak,10071,hybrid-s2,1.5015017253404805,13.482128771275331,2337.313993136475,7684.813399626938,2.49999999975,0.0,0.15446969870365768,0.33427787950270554,0.5071582083283082,0.6784935570963716,0.8414623328532733,0.9804567667466435,1.1012607079898875,1.218133442769139,1.3437699004950787,1.5015017253404805,0.6006006901962523,5392.8515090494175
weak,10071,hybrid-s3,1.4506831140292353,13.353543804228568,2258.2071567439943,7611.519968410283,2.4999999997500004,0.0,0.15446969870365768,0.33553821291561237,0.5026999601776662,0.6781826694157033,0.8376954039965339,0.9742864904825732,1.0872095890870281,1.226987763923266,1.330627717218294,1.4506831140292353,0.5802732456697214,5341.417522225568
weak,10071,hybrid-s4,1.3948352226625012,12.837742811179218,2171.2714870903123,7317.513402372154,2.49999999975,0.0,0.1568443266695342,0.3413462083405263,0.4972164109660509,0.6699632985851366,0.8271047760386314,0.9411857610379508,1.0305114283594188,1.142159474918641,1.2458606792441873,1.3948352226625012,0.5579340891207939,5135.097124985197
weak,10072,max-exp-cap-V,1.4342174184100398,13.047622535256654,2232.575817047235,7437.144845096293,2.49999999975,0.0,0.17037562889939634,0.32037456992815266,0.4857701643609719,0.6601008458372762,0.8190531844500789,0.937802021130284,1.0704534114087636,1.193252588980827,1.2904554953212342,1.4342174184100398,0.5736869674213846,5219.049014624567
weak,10072,max-exp-cap,1.4959991728163682,13.386798802124286,2328.748439867024,7630.475317210842,2.49999999975,0.0,0.18001915648516187,0.32921221593176075,0.491969360106307,0.6657126513756307,0.8222266951462093,0.961524115086346,1.0847236443383355,1.2089941034387377,1.3593626754548325,1.4959991728163682,0.5983996691863872,5354.719521385186
weak,10072,rolling-lp-V,1.322369916828474,12.39860554976538,2058.46830446035,7067.205163366266,2.4999999975000056,0.0,0.16912475441181815,0.308941139537358,0.47504709340994,0.6503490339280354,0.8044706356531822,0.9015490771652153,1.0145199166986578,1.1076220706674744,1.2109300644869871,1.322369916828474,0.5289479672603363,4959.442224865583
weak,10072,ppo-s0,1.3542275699704303,12.406477897346093,2108.0595484932514,7071.692401487272,2.4975036909002504,0.0,0.18393849116746072,0.33059276052729725,0.4908507189383302,0.6056988480517613,0.7490129212787097,0.8714770660684144,1.0103587404662913,1.139490504353953,1.234333315827651,1.3542275699704303,0.542232459917721,4967.55137642021
weak,10072,ppo-s1,1.3440296383866586,12.177980957093538,2092.1849292440506,6941.449145543316,2.496939102540092,0.0,0.17273105713491665,0.32179743537166866,0.4812204614369246,0.6063783190908857,0.740419289448138,0.8584212728878253,0.9871031086937021,1.1015376561657244,1.2095551671194322,1.3440296383866586,0.5382708921572821,4877.163782130326
weak,10072,ppo-s2,1.3749708991979934,12.519198260965354,2140.349670342313,7135.943008750251,2.4976264251963793,0.0,0.18342201806919475,0.3301297473109878,0.4931231349076032,0.6139799237255466,0.7611649398280856,0.8866348682330226,1.0195396817068718,1.137395984751559,1.2420318414235614,1.3749708991979934,0.5505110313244241,5012.438263252686
weak,10072,ppo-s3,1.3832296096501773,12.621442387521991,2153.2055992962237,7194.222160887534,2.4959646602960457,0.0,0.18341000245608954,0.3332887123112417,0.4958241084583057,0.6203716990698935,0.7659284608275434,0.8947048733805884,1.0285631920768408,1.147491179108074,1.2552633193580869,1.3832296096501773,0.5541863759746153,5056.739219226351
weak,10072,ppo-s4,1.36626106581257,12.521435633287068,2126.7915004740626,7137.218310973629,2.4977682780789388,0.0,0.17570608715488478,0.3242923138695918,0.4863970531651362,0.6093513966704167,0.7647667599085954,0.8968727736254926,1.0297735405227475,1.1449669069894721,1.245442440151544,1.36626106581257,0.5469927205831026,5013.049346161703
weak,10072,residual-s0,1.3882842726547595,12.678855694762714,2161.073944947655,7226.9477460147455,2.49999999975,0.0,0.16536116624387648,0.31357324593596536,0.47738695471316483,0.6398181446041024,0.810124952141249,0.9103754470781926,1.0481115863392856,1.144350470526998,1.2475715005419121,1.3882842726547595,0.5553137091174352,5071.542278412239
weak,10072,residual-s1,1.322697713404366,12.207807270278554,2058.9785692910887,6958.450144058776,2.4999999997500004,0.0,0.16536116624387648,0.31414857720059836,0.4783637165018772,0.6199305079399671,0.7696081164762035,0.8687934627756759,1.003781499192503,1.1003731001463535,1.199296112573072,1.322697713404366,0.5290790854146542,4883.122908599733
weak,10072,residual-s2,1.4147617122833707,12.786192545976228,2202.2900748407765,7288.129751206449,2.49999999975,0.0,0.17037562889939634,0.31767658923262554,0.4848709534852908,0.638453203868924,0.8134473176035814,0.9051725738892602,1.0375928688361973,1.168660316067015,1.2629002849144713,1.4147617122833707,0.5659046849699387,5114.477018901939
weak,10072,residual-s3,1.3363565468187795,12.413541994604959,2080.2406044460527,7075.718936924826,2.49999999975,0.0,0.16536116624387648,0.31357324593596536,0.4744423377480864,0.6475709123436313,0.8020890740560233,0.9002735967364757,1.0272575591703554,1.1011811639889666,1.206413343585964,1.3363565468187795,0.5345426187809661,4965.416798338525
weak,10072,residual-s4,1.3316628899942171,12.253659956600686,2072.934219385095,6984.5861752623905,2.49999999975,0.0,0.16536116624387648,0.31357324593596536,0.4743591753931565,0.6252981057376317,0.7733841678497808,0.8748183488461918,1.0033886425466112,1.1017730412397175,1.2081911743955571,1.3316628899942171,0.5326651560509533,4901.463983130421
weak,10072,hybrid-s0,1.3541240560744736,12.586535935999818,2107.8984134952557,7174.325483519896,2.4999999997500004,0.0,0.17908873292384275,0.33330364749763236,0.5014268426859068,0.6211718215681524,0.7789902600270191,0.9017015132539536,1.0419891198248084,1.149151481972046,1.2247036089043641,1.3541240560744736,0.5416496224839543,5034.614374903388
weak,10072,hybrid-s1,1.3906646477672593,12.934947185890081,2164.7793579787976,7372.919895957346,2.4999999997500004,0.0,0.18231635425331078,0.3350483520864196,0.5042720600645872,0.6399248923069184,0.8005485356834934,0.9367307978095987,1.07300286774442,1.1782572033602159,1.2687064325186135,1.3906646477672593,0.5562658591625302,5173.97887487343
weak,10072,hybrid-s2,1.4597481203069518,13.362399803377276,2272.318206810202,7616.567887925046,2.4999999997500004,0.0,0.18231635425331078,0.3350483520864196,0.501293387292111,0.6485711480038919,0.8272374747093152,0.9610312739243712,1.0953000557623664,1.2242655249479666,1.349258065013586,1.4597481203069518,0.5838992481811706,5344.9599218854055
weak,10072,hybrid-s3,1.337790053629987,12.692862374444472,2082.4720740957673,7234.931553433348,2.4999999997500004,0.0,0.18231635425331078,0.33722138611301283,0.5020239364475564,0.6383643741045364,0.8032450152478885,0.9228373570856576,1.0493989385919882,1.153664331995614,1.227093951551856,1.337790053629987,0.5351160215055063,5077.144950285502
weak,10072,hybrid-s4,1.2974911285535085,12.33779543471263,2019.7407166154737,7032.5433977861985,2.49999999975,0.0,0.1934670136987092,0.3388153182103155,0.5090862312652547,0.617858289544821,0.7832782989406354,0.8956710784539723,1.0060488147699949,1.0990028521262194,1.185139967502221,1.2974911285535085,0.518996451473303,4935.118174378564
weak,10073,max-exp-cap-V,1.4974008387917808,14.031051555326288,2330.9303444514444,7997.699386535984,2.4999999997500004,0.0,0.18624373602188524,0.36976244710884576,0.5646715319883363,0.7357549223955766,0.877374352985697,0.9966279123881424,1.1319751792890593,1.2522706772410461,1.4015332522242858,1.4974008387917808,0.5989603355766082,5612.420622691757
weak,10073,max-exp-cap,1.4929515062659608,13.926369814285993,2324.0042870269294,7938.030794143015,2.49999999975,0.0,0.18693066023842486,0.3820246021334479,0.5737700195096411,0.7164252291823802,0.8515480289328331,0.9776398768961129,1.1240783845471425,1.259680750791679,1.3813177391528502,1.4929515062659608,0.5971806025661024,5570.547926271452
weak,10073,rolling-lp-V,1.3439962110349586,13.007145213384833,2092.1328945273644,7414.072771629354,2.4999999975000056,0.0,0.1860474097380133,0.3831117669953526,0.5583354145852856,0.7051886467767603,0.8299498969676724,0.9376997395824122,1.0309779684705973,1.1368526646070205,1.2436927841585663,1.3439962110349586,0.5375984849515807,5202.85809055678
weak,10073,ppo-s0,1.400958923352565,13.079668342636328,2180.803951203479,7455.4109553027065,2.4967984550455924,0.0,0.18641006437518345,0.38579757485137833,0.5344088965502589,0.6569812018668703,0.7940112494047066,0.9187361821396373,1.0448400330602827,1.174154279640554,1.306143303925616,1.400958923352565,0.5611021268142298,5238.575951617004
weak,10073,ppo-s1,1.4245534058653058,13.072412150300702,2217.5323233439353,7451.274925671399,2.4967849190979434,0.0,0.18218054779892076,0.380415894748125,0.5253638479893586,0.6566764775786652,0.7886827369418324,0.91281953548506,1.0425038859330669,1.1731517864060226,1.3114321776437463,1.4245534058653058,0.570555114687243,5235.6981373564195
weak,10073,ppo-s2,1.3959503013718595,12.956506335616302,2173.0072753527206,7385.208611301292,2.4975802867032857,0.0,0.19113012160408532,0.3867270492871785,0.5325909804109864,0.6597735739705872,0.7841708252495474,0.9031503328326087,1.0271259252213918,1.1474473166432058,1.295255418244148,1.3959503013718595,0.5589210920680603,5187.623558928076
weak,10073,ppo-s3,1.397197921196827,12.94763256943136,2174.949383860355,7380.150564575874,2.495923223050221,0.0,0.18557240113062287,0.3781794932358177,0.5131546445018791,0.6532040319998242,0.7826487217421223,0.909121454357702,1.0386301031285907,1.1644160325767177,1.2954964909854387,1.397197921196827,0.5597920273722754,5187.512360099083
weak,10073,ppo-s4,1.4085149458777035,13.02061314767778,2192.5660403722113,7421.749494176334,2.497369997839671,0.0,0.18220050870270313,0.3765157042193694,0.5346828277579528,0.657346625981206,0.7866867122734784,0.9096358422310464,1.03967936770582,1.1665721657418278,1.302669668044365,1.4085149458777035,0.5639993061084771,5213.730107649709
weak,10073,residual-s0,1.4497776538951106,13.665608521313285,2256.797671422732,7789.396857148571,2.49999999975,0.0,0.19326637733028057,0.386091407359066,0.5823548907345737,0.7288123370314488,0.8557770595082613,0.9614220568211167,1.0832375002207026,1.1928813290348943,1.3452318797851035,1.4497776538951106,0.5799110616160353,5466.243409071938
weak,10073,residual-s1,1.4451125621518246,13.723658556202542,2249.535752220891,7822.485377035448,2.49999999975,0.0,0.19326637733028057,0.39146261530881576,0.589180261686629,0.7325379937212454,0.8617522372915851,0.9632756578770791,1.0809322125025578,1.1998037082382935,1.3588204865918199,1.4451125621518246,0.5780450249185344,5489.463423029963
weak,10073,residual-s2,1.435987006174898,13.659366014731853,2235.330447411678,7785.838628397156,2.49999999975,0.0,0.18624373602188524,0.3784573181695423,0.5793496058810191,0.7333570881365259,0.8584162718839127,0.9726718514915086,1.0854818555352912,1.2120126951256913,1.3328648471162394,1.435987006174898,0.5743948025273987,5463.746406439116
weak,10073,residual-s3,1.4018494314266565,13.502694925459236,2182.190161387222,7696.536107511764,2.49999999975,0.0,0.19326637733028057,0.38676339162853907,0.5827814783000117,0.733865722297134,0.8626810258945672,0.9661494281421068,1.0744383972387757,1.181598929806765,1.290801833899968,1.4018494314266565,0.5607397726267366,5401.0779707238025
weak,10073,residual-s4,1.4297284678460866,13.68343599120884,2225.5880881685043,7799.5585149890385,2.4999999997500004,0.0,0.19326637733028057,0.38696312445780706,0.5869138335310542,0.7412296038629411,0.8657776778387811,0.9720199374426698,1.0802656968993865,1.209581211278017,1.3245590134437364,1.4297284678460866,0.5718913871956237,5473.374397030872
weak,10073,hybrid-s0,1.4126399975860249,13.090594817815829,2198.9873057744103,7461.639046155022,2.49999999975,0.0,0.1883581864154449,0.3863248352272284,0.5408287904854778,0.6695346289393521,0.7992004304132545,0.916383763320679,1.0445545685764874,1.153489820828289,1.2981459074633808,1.4126399975860249,0.5650559990909155,5236.237927649955
weak,10073,hybrid-s1,1.4193386236066294,13.141234050079683,2209.4147279135336,7490.503408545419,2.49999999975,0.0,0.18585868700919003,0.3858270625197808,0.5309089443567635,0.6698804475053177,0.8005353149398481,0.9230579648840076,1.0468252056122307,1.171654492491229,1.3081050721411593,1.4193386236066294,0.5677354494994253,5256.493620557523
weak,10073,hybrid-s2,1.3759440332794382,12.92788478804701,2141.8645003737224,7368.8943291867945,2.49999999975,0.0,0.18585868700919003,0.3858270625197808,0.5384571574810946,0.6741922386884994,0.8029270049269452,0.9001460440060167,1.0270339396054635,1.1372849527758582,1.2772641050375868,1.3759440332794382,0.550377613366813,5171.153915735919
weak,10073,hybrid-s3,1.3666079527836577,12.84276117068871,2127.3314823854225,7320.373867292565,2.49999999975,0.0,0.18585868700919003,0.3826051971362351,0.5268123755517685,0.6665921048203197,0.7944939199193284,0.905936786724531,1.0127877813083148,1.133248518753448,1.2753080810464588,1.3666079527836577,0.5466431811681274,5137.1044687891945
weak,10073,hybrid-s4,1.3105174391714003,12.433187119726583,2040.0181345979518,7086.916658244151,2.49999999975,0.0,0.1761323744701876,0.37812101793810493,0.5139420237830556,0.6514040807630648,0.7740633110933882,0.8839710567424016,0.9888582312988272,1.0976980401480694,1.2124314938694982,1.3105174391714003,0.5242069757209809,4973.27484838796
weak,10074,max-exp-cap-V,1.4755197305757006,13.869137567733116,2296.8690979302787,7905.408413607875,2.49999999975,0.0,0.15326075442084922,0.32080983025021126,0.4948968763278284,0.7123449455751335,0.8845540248616867,1.0576600297935674,1.1640260729169867,1.2660639230348962,1.3804643400656806,1.4755197305757006,0.590207892289301,5547.655027648012
weak,10074,max-exp-cap,1.5392573377496392,14.350339793173164,2396.08630069633,8179.693682108704,2.4999999997500004,0.0,0.18939134907849986,0.37542245990914036,0.5510060084806505,0.7395697021924479,0.8827142645437067,1.0246555841799871,1.1743594202541305,1.3148161891228367,1.4275348310959752,1.5392573377496392,0.6157029351614259,5740.135917843279
weak,10074,rolling-lp-V,1.306050281988683,12.601013187525767,2033.0643304054606,7182.577516889686,2.4999999975000056,0.0,0.17338472484878875,0.34425793802629984,0.5114315098036004,0.670589544482304,0.8108264139960797,0.9335157545074464,1.0270158103115603,1.1040421908256357,1.2138371717945575,1.306050281988683,0.5224201133178922,5040.405280050701
weak,10074,ppo-s0,1.3615931461189856,12.716064494520724,2119.52517914088,7248.156761876812,2.4975511229864398,0.0,0.17798017726468884,0.3743259526740892,0.497901231310815,0.6395716335246329,0.7725594870380856,0.903843897265902,1.0346184160006258,1.1468013517362743,1.2596655593651087,1.3615931461189856,0.5451712814153988,5091.413095606838
weak,10074,ppo-s1,1.390303798813515,12.862338565405162,2164.2176421347453,7331.532982280942,2.497281359128716,0.0,0.18621638857168343,0.3699487597241926,0.5081418410320317,0.6556165134638083,0.7761096876194936,0.9074488756161698,1.0387417561615946,1.1586122127702003,1.2716881835931335,1.390303798813515,0.5567269357660933,5150.53640967902
weak,10074,ppo-s2,1.3862700855999113,12.880261121275414,2157.9385588814,7341.748839126985,2.498102917462441,0.0,0.17405880384841646,0.3703020016317986,0.5202050014449128,0.6620840861568701,0.7883940128054014,0.9174536555513213,1.0391060746337362,1.149466562220835,1.267001269369258,1.3862700855999113,0.5549291327869217,5156.017004439157
weak,10074,ppo-s3,1.3789932006621521,12.861259671355194,2146.610989485759,7330.91801267246,2.496428002483339,0.0,0.17821232302704043,0.3727237846365033,0.5027056672276499,0.6465726205000352,0.7795341706882619,0.914189614226828,1.0526008843056684,1.1633678763032416,1.2732347890734157,1.3789932006621521,0.5523865295896333,5151.864847919253
weak,10074,ppo-s4,1.3647571255147144,12.760883572545222,2124.4503904748562,7273.703636350775,2.4976305773331524,0.0,0.1772716069448545,0.369373448862213,0.49676217054419314,0.6447959498933277,0.7761399407668921,0.9058900918637534,1.0439638358312218,1.1549823926375271,1.2637162802383104,1.3647571255147144,0.5464207308720312,5109.195766721701
weak,10074,residual-s0,1.3749274633175337,13.172284942122408,2140.2820558404514,7508.202417009771,2.4999999997500004,0.0,0.15065446936379712,0.33498411124052313,0.5089176373266453,0.7022688522868434,0.8367671883649611,0.9883438790712903,1.0964873532505321,1.1804215005823264,1.288166602314941,1.3749274633175337,0.5499709853820105,5268.913977375853
weak,10074,residual-s1,1.341020199790395,12.903452402768556,2087.500283982696,7354.967869578077,2.49999999975,0.0,0.15065446936379712,0.341063762510991,0.5113946710084477,0.6627368320682756,0.820720493857825,0.980976623757135,1.075910819872933,1.1580971397825421,1.246664731770121,1.341020199790395,0.5364080799697988,5161.38096162356
weak,10074,residual-s2,1.4592184698760198,13.378825898216103,2271.4937259968965,7625.930761983178,2.4999999997500004,0.0,0.15326075442084922,0.3364682128711395,0.5089778962679076,0.6878437391515141,0.8062021447411697,0.9762431126055009,1.1083173121556074,1.2182883807764036,1.3398019355831106,1.4592184698760198,0.5836873880087765,5351.530359821593
weak,10074,residual-s3,1.4281837441570424,13.6560625876971,2223.183492667215,7783.955674987346,2.49999999975,0.0,0.15065446936379712,0.33431469126225766,0.5063661173164935,0.7056313943018065,0.8796903567658247,1.0424736767676157,1.1567205923282073,1.2440032667131318,1.324681829180943,1.4281837441570424,0.5712734977199443,5462.425035625083
weak,10074,residual-s4,1.4074686259873923,13.275225584891183,2190.937285586487,7566.878583387974,2.49999999975,0.0,0.15065446936379712,0.33431469126225766,0.5065959553510277,0.6701073559426786,0.8318771235736774,0.9962774284480742,1.1186057073331195,1.1997362995404184,1.3124309632164388,1.4074686259873923,0.5629874504512556,5310.090234487482
weak,10074,hybrid-s0,1.347948112306992,12.929242713105605,2098.284625149268,7369.668346470194,2.49999999975,0.0,0.18850549508664238,0.3743115760920548,0.5123428060142176,0.6653526188930421,0.8033394967208146,0.9522239511315814,1.0700306661208678,1.1493126461205954,1.242440194417028,1.347948112306992,0.5391792449767148,5171.6970857594115
weak,10074,hybrid-s1,1.3374291681969017,12.972875059192088,2081.910301466117,7394.538783739489,2.49999999975,0.0,0.189096099307414,0.381668201644763,0.5193330071921765,0.6693740783098387,0.8008464654252672,0.9417599784385335,1.0763696171325356,1.1665278715748797,1.2514327041875342,1.3374291681969017,0.5349716673322579,5189.15002419575
weak,10074,hybrid-s2,1.3955032243027905,13.058669552925195,2172.311332436432,7443.441645167361,2.4999999997500004,0.0,0.189096099307414,0.381668201644763,0.5223945669769213,0.6712607256135521,0.7796574667700721,0.9343999124569459,1.0522360771052437,1.1605303083611922,1.302205403350107,1.3955032243027905,0.5582012897769363,5223.467821692424
weak,10074,hybrid-s3,1.312438393251305,12.724428301630464,2043.0083894710294,7252.924131929363,2.4999999997500004,0.0,0.189096099307414,0.3707932940740635,0.5099636510537489,0.6754063508504876,0.8103470399065407,0.9431937652898917,1.0354403565702774,1.1125645997219624,1.2149902520965046,1.312438393251305,0.5249753573530195,5089.771321161162
weak,10074,hybrid-s4,1.3066509231813503,12.412772755961058,2033.9993190510163,7075.280470897802,2.4999999997500004,0.0,0.18512770012356577,0.349072722581996,0.4885295749109947,0.6312492083087071,0.7678528415148786,0.915051737302525,0.9972423018140203,1.1253396565365672,1.2079081177573041,1.3066509231813503,0.5226603693248061,4965.109102880933
weak,10075,max-exp-cap-V,1.536834401192979,13.794674226561966,2392.3146343553676,7862.96430914032,2.49999999975,0.0,0.19331323143079718,0.3403042321848549,0.5097037353122232,0.6446823184877521,0.808058950575829,0.9833083710539947,1.1407519207027415,1.2884545040553301,1.4163532551278797,1.536834401192979,0.614733760538665,5517.869691176574
weak,10075,max-exp-cap,1.5399478692485633,13.826522471462177,2397.161217166886,7881.11780873344,2.49999999975,0.0,0.1758819174788163,0.32582264164577945,0.49824936879612347,0.6752200584733127,0.8240647442969505,0.9913527893992393,1.1388708685989302,1.291052838185704,1.421761289356132,1.5399478692485633,0.6159791477610232,5530.6089891379315
weak,10075,rolling-lp-V,1.371350114218189,13.220327108659884,2134.71337219053,7535.586451936133,2.4999999975000056,0.0,0.19039776821572701,0.38451990861548485,0.5490945207802438,0.7026746481319874,0.8340888346533779,0.9449910806884461,1.0514310417926518,1.1763492278800811,1.2879044304684868,1.371350114218189,0.5485400462358144,5288.130848752073
weak,10075,ppo-s0,1.4194631276863958,12.972862781132033,2209.608537299783,7394.531785245258,2.497537955305455,0.0,0.17481439699503987,0.3394361531942893,0.49415042033642587,0.6235749742543317,0.7773174313563757,0.9204768405202599,1.0583019078469833,1.201473842098643,1.3248202096364006,1.4194631276863958,0.5683449673591815,5194.260513068127
weak,10075,ppo-s1,1.4295518616920375,12.92257702209843,2225.313174042089,7365.868902596105,2.4976329907713026,0.0,0.16554014971125247,0.3394837316877767,0.5001231931602114,0.621393644255454,0.7770729883635489,0.9116942551196201,1.0450057407303626,1.190010686487081,1.3216492398066018,1.4295518616920375,0.5723626597559366,5173.929504393584
weak,10075,ppo-s2,1.407873559526742,13.011432752958262,2191.5676257398413,7416.516669186209,2.4978093745138406,0.0,0.19209975637126106,0.3385493366034677,0.4977625301076552,0.6269462029925794,0.7831493117530228,0.9246920061993216,1.0631929202209398,1.1991128339891903,1.3252283811491956,1.407873559526742,0.5636433163762797,5209.137609026203
weak,10075,ppo-s3,1.4065711993618808,12.750716076127285,2189.5403056335367,7267.908163392552,2.4967926414315462,0.0,0.17509916743219872,0.31897052652980395,0.47576304207706005,0.6125438821939999,0.7620301307552844,0.9074362746356932,1.0385367221620396,1.1769085188637631,1.3172617305952852,1.4065711993618808,0.5633512274993799,5106.838214973514
weak,10075,ppo-s4,1.42275950456333,12.8198860870039,2214.739845290363,7307.335069592222,2.4971837285040213,0.0,0.17288899099918015,0.31762731174910497,0.4750592370901534,0.6078000830686187,0.7647413784976992,0.9113964600139257,1.0465569720876282,1.1889509813169659,1.3277754221360665,1.42275950456333,0.569745625170983,5133.737634388584
weak,10075,residual-s0,1.4686744452681506,13.395150261941867,2286.2133784819907,7635.235649306863,2.49999999975,0.0,0.1957417663854151,0.3432554920735824,0.5153270609748187,0.6442740066307959,0.798396501296823,0.9621737281720733,1.0880046074729175,1.2297440854030368,1.3595171143653288,1.4686744452681506,0.5874697781660072,5358.060105312553
weak,10075,residual-s1,1.47011556241497,13.207854471578063,2288.4566947673893,7528.477048799495,2.49999999975,0.0,0.1957417663854151,0.34258275996317683,0.5129825520040495,0.6358131393013584,0.7811671025691705,0.9413135626807593,1.0634629346778506,1.201258374695784,1.3403513388379045,1.47011556241497,0.5880462250247926,5283.141789159539
weak,10075,residual-s2,1.509450248340196,13.556710608658328,2349.6870685172503,7727.325046935246,2.4999999997500004,0.0,0.19331323143079718,0.3509484475473291,0.5245431076447106,0.6504409489437223,0.8086971730500879,0.9630810405392338,1.1108551740115944,1.2323869539276964,1.3651796246234609,1.509450248340196,0.6037800993964563,5422.684244005599
weak,10075,residual-s3,1.4400582184127289,13.303130356348225,2241.6679035543625,7582.7843031184875,2.49999999975,0.0,0.1957417663854151,0.344305849958861,0.5158800446019963,0.6480685760156488,0.7975821759474857,0.9463716595481683,1.086906221249467,1.2202547562509793,1.35082551073973,1.4400582184127289,0.5760232874226938,5321.252143071415
weak,10075,residual-s4,1.469148606395407,13.352561916328888,2286.95148182149,7610.960292307465,2.49999999975,0.0,0.1957417663854151,0.34461868909891125,0.5142864305782255,0.6360038036435052,0.782645981963882,0.9452639908835302,1.0889042731762286,1.2343303100814322,1.3668059982444594,1.469148606395407,0.5876594426169287,5341.024767065658
weak,10075,hybrid-s0,1.4751433371533924,13.440825558960187,2296.283184775443,7661.270568607306,2.49999999975,0.0,0.17197706330854384,0.3195460174742054,0.4931985292243617,0.6437449968983338,0.8145310895070563,0.9822682100993071,1.1142396400653962,1.2488649553975932,1.370936998902951,1.4751433371533924,0.5900573349203627,5376.330224121708
weak,10075,hybrid-s1,1.5000176288650455,13.630042979400292,2335.0037730410486,7769.124498258166,2.49999999975,0.0,0.17054845872842211,0.32300589339263236,0.49783029540912604,0.6448534100471658,0.8119796833767662,0.9883500267521643,1.1307951119749828,1.278002962043397,1.4106215463363514,1.5000176288650455,0.600007051606019,5452.0171923053185
weak,10075,hybrid-s2,1.492021571868636,13.540733994694275,2322.5567038221393,7718.218376975737,2.49999999975,0.0,0.17054845872842211,0.32300589339263236,0.49783029540912604,0.6616322951168782,0.8316642746625927,0.982440634697916,1.1010681224149232,1.2502312658795658,1.3881896844100965,1.492021571868636,0.5968086288071353,5416.29359841934
weak,10075,hybrid-s3,1.5002040648268469,13.623580586066762,2335.293988746424,7765.440934058054,2.49999999975,0.0,0.17054845872842211,0.316855157396918,0.49084642751126956,0.6465605307079846,0.8047224639999211,0.9801768680257733,1.1453471729466917,1.287950634394062,1.4086417658993942,1.5002040648268469,0.6000816259907469,5449.4322349716485
weak,10075,hybrid-s4,1.435081882745436,12.921259706593023,2233.921486222028,7365.118032758023,2.49999999975,0.0,0.15286490163130317,0.33565997134188363,0.49784677377682696,0.6238216039853948,0.7814193233128695,0.930821675015344,1.048337038525936,1.1758759242136891,1.3189501466631413,1.435081882745436,0.5740327531555777,5168.50388315406
weak,10076,max-exp-cap-V,1.457492546917502,13.44665361099036,2268.80706649199,7664.592558264505,2.49999999975,0.0,0.17782530464981544,0.3499890347092355,0.4925728406353693,0.6640912086067537,0.8111256533782851,0.9765359937575793,1.134861828562701,1.2276537651106707,1.3460466302946874,1.457492546917502,0.5829970188253005,5378.66144493401
weak,10076,max-exp-cap,1.4845669716495085,13.41621349155124,2310.9524937760575,7647.241690184206,2.49999999975,0.0,0.1621643846479228,0.3418497220724875,0.4932371668420837,0.666414390020913,0.8111568444123727,0.9657147486725677,1.1064804833930806,1.2239577079887127,1.3630975081212047,1.4845669716495085,0.593826788719186,5366.485397157145
weak,10076,rolling-lp-V,1.2434666108379777,11.932979878090912,1935.6434031739418,6801.798530511819,2.499999997500005,0.0,0.15592723699128963,0.324265776277212,0.47659035394304133,0.6339902529425034,0.7837385957098449,0.8659031458333317,0.9797610569870077,1.0698404303972655,1.1323200769699546,1.2434666108379777,0.4973866448325767,4773.191956009547
weak,10076,ppo-s0,1.345072644677419,12.3127785515948,2093.808525912094,7018.283774409036,2.4974209946549095,0.0,0.1555382101861761,0.32770005905987964,0.47309528209918617,0.6206634948309264,0.7457895557546934,0.8816430220287809,1.0083372569005407,1.1193668109663513,1.232581690797421,1.345072644677419,0.5385846629607914,4930.197422840262
weak,10076,ppo-s1,1.375823584944294,12.444530891857124,2141.677004365938,7093.382608358559,2.4973682251613742,0.0,0.15128590287842114,0.3281266612110737,0.4716159933967585,0.6216892964025156,0.7426608116042045,0.8862065276377101,1.0230834640185005,1.1369887499283564,1.256945370908575,1.375823584944294,0.5509093817574264,4983.058071483626
weak,10076,ppo-s2,1.362431369103512,12.392345949835539,2120.8299996935552,7063.6371914062565,2.49797309933122,0.0,0.15592024515500252,0.32767383145261364,0.4764461608523054,0.6242388978288026,0.7441008985060072,0.8843514198562386,1.0182624134118392,1.1287065990093337,1.2387706705783996,1.362431369103512,0.5454147482485998,4960.960529620326
weak,10076,ppo-s3,1.3595340303188075,12.433958169991852,2116.319854703338,7087.3561568953555,2.496001876389896,0.0,0.1548690730375746,0.3296747988373295,0.47581016085794037,0.6234543456109556,0.749155592534,0.8910021670332955,1.0287763855534688,1.1360024462649225,1.2393553956201764,1.3595340303188075,0.5446846988293037,4981.550009079227
weak,10076,ppo-s4,1.36878043976859,12.497819574413466,2130.713286178314,7123.7571574156755,2.4978193787907665,0.0,0.16212989102358677,0.3358465345886869,0.4797526304813088,0.6284921274664794,0.75566917606172,0.8940561914728713,1.0259674630595166,1.1356030941770592,1.2423617202230306,1.36878043976859,0.5479901594931328,5003.492118178639
weak,10076,residual-s0,1.3716071483471897,12.985148205509836,2135.113484595523,7401.534477140605,2.49999999975,0.0,0.17817303711825472,0.3542027672407038,0.5005301860592777,0.6683614089363612,0.7972883212568838,0.9613503888421182,1.0819275821390353,1.1700331009724896,1.2582475785876226,1.3716071483471897,0.5486428593937401,5194.05928272334
weak,10076,residual-s1,1.373713301625584,12.912542546559646,2138.3920299652696,7360.149251538997,2.49999999975,0.0,0.17817303711825472,0.35483165582834025,0.5029120066029733,0.6506625292504867,0.7964672635854195,0.947159627931099,1.066941641464157,1.1687442948269284,1.2554739375418018,1.373713301625584,0.5494853207051822,5165.0170191403595
weak,10076,residual-s2,1.3607604922215166,12.7351013711765,2118.229027712514,7259.007781570604,2.49999999975,0.0,0.17782530464981544,0.3534055794617358,0.49736543397651073,0.6533268431179466,0.7775594993205717,0.9390662109296087,1.0424465441235884,1.1362989349126762,1.2430353905018274,1.3607604922215166,0.5443041969430371,5094.040548980004
weak,10076,residual-s3,1.370999025508286,12.90814819146913,2134.1668496387147,7357.644469137403,2.49999999975,0.0,0.17817303711825472,0.3543305270182284,0.5003425939554731,0.6597128312472769,0.797836571698811,0.9470859750832484,1.0701049545188757,1.1530218514446688,1.260648973384429,1.370999025508286,0.5483996102581543,5163.259277103977
weak,10076,residual-s4,1.3514299080754797,12.668244685976793,2103.7045656219198,7220.899471006772,2.49999999975,0.0,0.17817303711825472,0.3543227104330354,0.4955648829922609,0.6439311072359206,0.7659661876811799,0.9230868162548038,1.0465705568469188,1.1415783273037219,1.2375176438744409,1.3514299080754797,0.5405719632842491,5067.297874897447
weak,10076,hybrid-s0,1.3201475456402667,12.466654886257432,2055.008848378165,7105.993285166736,2.49999999975,0.0,0.15726753100565477,0.34040531717755973,0.48860735868917665,0.646967562600014,0.7638771824340819,0.9269021727724543,1.0338492140143019,1.1234947166112643,1.2071203221555709,1.3201475456402667,0.5280590183089126,4986.661955001639
weak,10076,hybrid-s1,1.3405922102001484,12.43911957493373,2086.8340536072546,7090.298157712226,2.49999999975,0.0,0.1514753071667519,0.33450497326597906,0.48358399858777584,0.6383776824734304,0.7570398379034634,0.9134887981880218,1.0299418124288786,1.125500405026016,1.2164450817308825,1.3405922102001484,0.5362368841336831,4975.647830471057
weak,10076,hybrid-s2,1.4058585844043454,12.628347951822521,2188.4310129275373,7198.1583325388365,2.49999999975,0.0,0.1514753071667519,0.33450497326597906,0.48332749990468055,0.6421254529230971,0.7474927210644279,0.90773719738277,1.0388222598116044,1.1415441380499667,1.2596231903678499,1.4058585844043454,0.5623434338179725,5051.339181234142
weak,10076,hybrid-s3,1.3476542235966882,12.614488804518874,2097.827143027586,7190.258618575758,2.49999999975,0.0,0.1514753071667519,0.33456863074778553,0.48607565734211594,0.6493979360626904,0.7721258815464719,0.9273954714651188,1.0489349280802114,1.1434648184893765,1.2425152871100282,1.3476542235966882,0.5390616894925815,5045.79552231213
weak,10076,hybrid-s4,1.2517148166093612,11.988321168988074,1948.4829800071632,6833.343066323201,2.49999999975,0.0,0.16304507179585503,0.34924077889640587,0.49208702098272883,0.635475903686716,0.752341892906449,0.8719002879207576,0.9742099850298039,1.07257262155208,1.138766668349776,1.2517148166093612,0.5006859266938131,4795.328468074762
weak,10077,max-exp-cap-V,1.4575208824920685,13.17497813148618,2268.851175089283,7509.737534947121,2.4999999997500004,0.0,0.1541295475586345,0.3327995023540912,0.484618031448207,0.6341095732829068,0.778601105000591,0.9565493503848327,1.1056683839846568,1.2268076287271241,1.3328651696574678,1.4575208824920685,0.5830083530551281,5269.9912531214695
weak,10077,max-exp-cap,1.4979982506734595,13.554868248671081,2331.860306187184,7726.274901742515,2.49999999975,0.0,0.18095320642212798,0.3626381945060837,0.5167739586339982,0.6511725546317298,0.8024648012949869,0.95755816810869,1.1053550251771282,1.2543148190333318,1.378483430680487,1.4979982506734595,0.5991993003293037,5421.947300010627
weak,10077,rolling-lp-V,1.3078300240850118,12.27866414934226,2035.8347675189978,6998.838565125088,2.4999999975000056,0.0,0.15796247156861729,0.33991563052983714,0.4818949568977321,0.6043720682609307,0.7507791017650671,0.8912608856747755,1.0131485037126922,1.1283734097340856,1.2123357193596296,1.3078300240850118,0.5231320101571356,4911.465664648359
weak,10077,ppo-s0,1.3642056673511007,12.707652592724138,2123.5919626351206,7243.361977852758,2.4967141040422773,0.0,0.17802962429828892,0.36190625098353196,0.5240005991517109,0.6362243025294259,0.7653987038775583,0.9004343213160291,1.0255997437895146,1.1487167186318847,1.258941074289553,1.3642056673511007,0.5464004329299853,5089.750793713207
weak,10077,ppo-s1,1.3962873428977254,12.846234118813884,2173.5319313430396,7322.353447723913,2.4971280918858967,0.0,0.18579561370910583,0.35713200351962626,0.5186501833742766,0.6435099543585372,0.7793193893011305,0.903607395664316,1.032699379717303,1.1605785815150977,1.2749025995375014,1.3962873428977254,0.5591572764868512,5144.403349013654
weak,10077,ppo-s2,1.3531830260893793,12.185480304268678,2106.4335583339184,6945.723773433146,2.4979836344465203,0.0,0.16173696749321953,0.3382618646618338,0.4735711613804515,0.5904116966001604,0.7245333924339099,0.8579095867256219,0.9867521167645609,1.1132876912078205,1.2283635189916076,1.3531830260893793,0.5417101246899101,4878.126556248885
weak,10077,ppo-s3,1.380039805817042,12.699347737688912,2148.2401883288426,7238.628210482679,2.4959720823460394,0.0,0.17817823629644775,0.35989234058470826,0.5126194951037433,0.6279823692927344,0.759651085555094,0.8976777070552258,1.029682312145668,1.1520185095514073,1.260380066089102,1.380039805817042,0.5529067474664624,5087.936610954563
weak,10077,ppo-s4,1.3818754001435984,12.7085758014431,2151.0975678661252,7243.888206822566,2.497370031679812,0.0,0.1744302229531369,0.3522882234225434,0.5134289998103985,0.6273671857222468,0.7605551048285905,0.8999422362271816,1.029984111237861,1.1544030829925593,1.2697755125917756,1.3818754001435984,0.5533322585816824,5088.783656499193
weak,10077,residual-s0,1.3730228228258607,12.64095536038289,2137.3171955289713,7205.344555418246,2.4999999997499995,0.0,0.1566777358445575,0.33511697335942553,0.48614588387217084,0.6265707229434989,0.7592155750424607,0.9209000477063312,1.0384335577244426,1.155958408090664,1.2685686566908503,1.3730228228258607,0.5492091291852653,5056.382144658795
weak,10077,residual-s1,1.3370126230268373,12.330402318314725,2081.261886057507,7028.3293214393925,2.49999999975,0.0,0.1566777358445575,0.3452546515460362,0.4905369255449029,0.6067041580332847,0.7282122372835448,0.8862758713633724,1.0094825550515782,1.1288453991438574,1.2321074627760615,1.3370126230268373,0.5348050492642155,4932.160927819106
weak,10077,residual-s2,1.3475834730394174,12.42229950635005,2097.7170091098283,7080.710718619529,2.4999999997500004,0.0,0.1541295475586345,0.33529580494757427,0.4845114247929682,0.6140487262203546,0.7566243680429166,0.9147609832535677,1.0211279533281494,1.12963241916861,1.2224301138459535,1.3475834730394174,0.5390333892696701,4968.919803036912
weak,10077,residual-s3,1.4103137042907774,12.867064352586851,2195.366079252084,7334.226680974504,2.49999999975,0.0,0.1566777358445575,0.3350293807669773,0.4910681538557357,0.6374312790115934,0.7693992054424951,0.940761675327318,1.0536797807584994,1.1816855292285744,1.28981744120261,1.4103137042907774,0.5641254817727235,5146.825741549423
weak,10077,residual-s4,1.3813955887919234,12.672543768870732,2150.3506690997706,7223.349948256317,2.49999999975,0.0,0.1566777358445575,0.3350293807669773,0.48909412727465384,0.6280564520212875,0.7521364873851377,0.9156361087122452,1.04237324571592,1.1675865529135974,1.2729172498709405,1.3813955887919234,0.5525582355720252,5069.017508055194
weak,10077,hybrid-s0,1.3909612932259177,13.246697802579744,2165.241131395252,7550.617747470453,2.49999999975,0.0,0.18675391003049052,0.3709380786534535,0.5523216375946299,0.6631801221179431,0.7938937682826217,0.9574044989845489,1.090057361660945,1.2034547076527913,1.3007768575614138,1.3909612932259177,0.5563845173460055,5298.679121561765
weak,10077,hybrid-s1,1.41234382196966,13.215807200871145,2198.5262637383794,7533.010104496552,2.49999999975,0.0,0.1851548259804929,0.37188765577301197,0.5475968661645435,0.6556480668268889,0.7888498677092655,0.947624599539082,1.07915857188302,1.1950907755398037,1.306542913605585,1.41234382196966,0.5649375288443578,5286.322880877091
weak,10077,hybrid-s2,1.4443710764037665,13.30920650581247,2248.3815177732054,7586.247708313107,2.4999999997500004,0.0,0.1851548259804929,0.37188765577301197,0.5472549139485837,0.6721674351523135,0.8001720182923201,0.9425492915843281,1.0748069324267178,1.1924234982474236,1.319110478875181,1.4443710764037665,0.5777484306192814,5323.682602857355
weak,10077,hybrid-s3,1.4063420778538758,12.917058549778416,2189.1836434347856,7362.723373373697,2.49999999975,0.0,0.1851548259804929,0.35537831356881305,0.5103386169849908,0.6229420828324226,0.7611201243990715,0.9299603540209266,1.060631899308651,1.182423783058374,1.283688319906266,1.4063420778538758,0.562536831197804,5166.823420428049
weak,10077,hybrid-s4,1.357026000376323,12.78630893117557,2112.4157276678234,7288.196090770074,2.49999999975,0.0,0.19776244668097476,0.3768939105602936,0.5465991153955785,0.6520838257101821,0.7712573235356006,0.9135051115220894,1.0311352385475294,1.1365864302678212,1.2311368128942997,1.357026000376323,0.5428104002048103,5114.52357298168
weak,10078,max-exp-cap-V,1.5495507453503272,14.134899557996864,2412.109542771986,8056.8927480582115,2.4999999997500004,0.0,0.16273572861729937,0.3209371775693566,0.49297786076765093,0.696056740659164,0.8628324520913715,1.048371212383493,1.1901920918138245,1.317341513327857,1.4393317831088943,1.5495507453503272,0.6198202982021128,5653.95982376414
weak,10078,max-exp-cap,1.4457643479886197,12.759794870856327,2250.550355222112,7273.083076388106,2.49999999975,0.0,0.1489357077429722,0.27877402858262673,0.45011524797012714,0.6274721546884855,0.7621684026275599,0.914454118812081,1.0529236756516447,1.1910871399345426,1.3252586319090116,1.4457643479886197,0.5783057392532784,5103.917948852923
weak,10078,rolling-lp-V,1.2652065305667308,11.388172575633256,1969.4848685110235,6491.258368110955,2.499999997500005,0.0,0.11970450136461822,0.2379100476610261,0.4009191312953272,0.5687575556923461,0.687698879927282,0.8358969429698158,0.9607310962253384,1.0588673528254144,1.1801246728770596,1.2652065305667308,0.5060826127327739,4555.2690348085625
weak,10078,ppo-s0,1.3510222471827702,11.945927360231977,2103.069979931538,6809.178595332226,2.497004644303552,0.0,0.13997682108110737,0.2621428316217149,0.4245369387161345,0.5742418011651351,0.7070419286162655,0.8598108044339459,0.9970637303224655,1.1144280966326685,1.2438558617761712,1.3510222471827702,0.5410571623344291,4784.102980138372
weak,10078,ppo-s1,1.3309501049298897,11.833194240463087,2071.824661882207,6744.920717063958,2.4968016168004676,0.0,0.14518563127560263,0.27796172818151516,0.4272627434485128,0.5768577350275157,0.7100099076470274,0.8530134319967242,0.9744249337247832,1.093540111861044,1.2124944363399022,1.3309501049298897,0.5330620166112512,4739.3409876219
weak,10078,ppo-s2,1.3631549019327458,11.988611950477887,2121.9562877142225,6833.508811772395,2.49770652928811,0.0,0.1256105263332457,0.2523319272964546,0.41790718478258904,0.5914524971255877,0.7148367512878511,0.8702112139749665,1.0027562253217706,1.117092781211246,1.246187837887915,1.3631549019327458,0.5457626370225603,4799.848104610933
weak,10078,ppo-s3,1.3711701125704485,12.123360191556365,2134.4331724658473,6910.315309187127,2.4964387110201707,0.0,0.14020647443775486,0.26676533548187986,0.43266232717988734,0.5862827083546575,0.7249272171282757,0.8751525251525037,1.006162571757846,1.1267694463767812,1.258006045404203,1.3711701125704485,0.5492504608735695,4856.261897413916
weak,10078,ppo-s4,1.3679599025482938,12.29241316393586,2129.435996186221,7006.67550344344,2.497308851923123,0.0,0.14992581470787258,0.28213710163972877,0.44334939717388633,0.6020881964153564,0.735046579494886,0.8879392497320893,1.0193719330168762,1.1402780845267078,1.2686089452854823,1.3679599025482938,0.5477736169856835,4922.263881966278
weak,10078,residual-s0,1.4827224675856936,13.465883443940504,2308.0812448883657,7675.553563046086,2.49999999975,0.0,0.16482700762393865,0.3020695629844335,0.4761005128949772,0.6750688731666534,0.8086837093552612,0.9923320873802982,1.1405345153101794,1.2485498557063102,1.3596595515808922,1.4827224675856936,0.5930889870935864,5386.353378114837
weak,10078,residual-s1,1.4738111092249262,13.37589640113511,2294.209370988419,7624.260948647013,2.49999999975,0.0,0.16482700762393865,0.2982816727830751,0.47247133609563546,0.6612826621974324,0.8001109988023776,0.9857332439751458,1.123051660807415,1.2450862940602085,1.3680840498963591,1.4738111092249262,0.5895244437489229,5350.358560989081
weak,10078,residual-s2,1.4371131943549909,13.073356793132321,2237.083529241563,7451.813372085423,2.49999999975,0.0,0.16273572861729937,0.3083975801597697,0.47832159177274947,0.6789094703359789,0.7936158635050806,0.9485211181050781,1.0785954884152957,1.2028461281668559,1.309330976045128,1.4371131943549909,0.5748452777994809,5229.342717775863
weak,10078,residual-s3,1.472284689499344,13.516659346970764,2291.8332683680947,7704.495827773335,2.49999999975,0.0,0.16482700762393865,0.3056108196866823,0.47486259286746785,0.6792129607415245,0.8303583316666009,1.018818210654555,1.1309474631157714,1.2394989600705322,1.366745791428944,1.472284689499344,0.588913875858629,5406.663739328972
weak,10078,residual-s4,1.4131183693155542,13.104244128196697,2199.731963551674,7469.419153072116,2.49999999975,0.0,0.16482700762393865,0.3056108196866823,0.47437366883428156,0.6640513686249393,0.8011983117991752,0.980533937160928,1.1043288531064848,1.2094858543996792,1.3007011211920432,1.4131183693155542,0.5652473477827464,5241.697651802849
weak,10078,hybrid-s0,1.3485446218225705,12.214969412343951,2099.213182216017,6962.532565036052,2.49999999975,0.0,0.14240725560140113,0.2715882686714109,0.4413016859298768,0.5926870166141349,0.7278616191338864,0.9003602070745753,1.0340110394593338,1.1417243689385823,1.2464688836407527,1.3485446218225705,0.5394178487829699,4885.987765426179
weak,10078,hybrid-s1,1.3729196021838994,12.227388557276228,2137.1565170250674,6969.61147764745,2.49999999975,0.0,0.13763751736457122,0.26539084972436267,0.4338913333301677,0.5876342371453785,0.7284957364907608,0.899717384072734,1.025838302511092,1.1400610246433729,1.2633470977208616,1.3729196021838994,0.5491678409284766,4890.955423399587
weak,10078,hybrid-s2,1.354429916803449,12.062621681354807,2108.3745318704264,6875.69435837224,2.4999999997500004,0.0,0.13763751736457122,0.26539084972436267,0.43321219163337327,0.5906489689872767,0.717659846699925,0.8900642206308824,0.9998553485895467,1.1167975183325247,1.243389674656853,1.354429916803449,0.5417719667755567,4825.0486730244265
weak,10078,hybrid-s3,1.3358579839267817,12.13580310669637,2079.4645160778155,6917.407770816931,2.49999999975,0.0,0.13763751736457122,0.2676084525201875,0.44007770898814536,0.5931464416377785,0.7264603350018246,0.9002937973769368,1.0229715059104751,1.1349293308641009,1.2371150786496252,1.3358579839267817,0.534343193624147,4854.32124316398
weak,10078,hybrid-s4,1.3340213067699107,12.545003846841967,2076.6054509517626,7150.65219269992,2.49999999975,0.0,0.16645047792707035,0.32140323081914945,0.48105809115947884,0.6375728751878237,0.7677037005016221,0.9281647116832197,1.0291804822302602,1.1467506181487594,1.2466651769284267,1.3340213067699107,0.5336085227613251,5018.001539238587
weak,10079,max-exp-cap-V,1.483959844411641,12.929718823149436,2310.007408622486,7369.939729195178,2.4999999997500004,0.0,0.14828969383870055,0.3039351282204895,0.4524848513698431,0.6404217889287488,0.7725572014951246,0.9312268351003481,1.0275524526407587,1.2188727095043226,1.3268129127707449,1.483959844411641,0.5935839378240148,5171.887529776963
weak,10079,max-exp-cap,1.473400155038103,13.449446348114042,2293.569658788833,7666.184418425004,2.49999999975,0.0,0.18420634660444432,0.36163007259946345,0.5137333101046516,0.6743146711352481,0.8183375972661697,0.9641097816289901,1.0746781427115357,1.2217150309311644,1.3538637663326876,1.473400155038103,0.5893600620741772,5379.778539783595
weak,10079,rolling-lp-V,1.299362527023184,12.139398264910888,2022.653830703914,6919.4570109992055,2.4999999975000056,0.0,0.16768765420464185,0.34787486926395245,0.4831519343243182,0.6266210319308321,0.7413155153503035,0.8857467295979934,0.9832128352874929,1.0760546156601696,1.1873799864867547,1.299362527023184,0.5197450113290175,4855.759310820104
weak,10079,ppo-s0,1.3681473739236998,12.79921266108485,2129.7278236691027,7295.551216818364,2.4967921866565477,0.0,0.17765700985654037,0.3648877091050756,0.5170390249850221,0.6704545467039049,0.7940780534147097,0.9080783544917409,1.0176367996157032,1.146437059255978,1.2578597021536158,1.3681473739236998,0.5479620535643316,5126.262701992938
weak,10079,ppo-s1,1.3734613582310482,12.631497161459656,2137.9998420565985,7199.953382032003,2.4974666669237027,0.0,0.18852574781241557,0.35475399914826033,0.5099342983978407,0.6579032346296375,0.774174401108618,0.8909376575696711,1.001407824688914,1.1216759752209478,1.2417598949172355,1.3734613582310482,0.5499418176110565,5057.72402440859
weak,10079,ppo-s2,1.378681352497568,12.597099135236025,2146.1255507636347,7180.346507084534,2.4978866080316378,0.0,0.1696750090781508,0.3572018466989557,0.49440340113130565,0.6482171549533224,0.7705684695869585,0.8931698266288246,1.0017060545439835,1.1307602735323972,1.2480535459600623,1.378681352497568,0.5519391264858032,5043.102875339357
weak,10079,ppo-s3,1.3702695616245246,12.708623201485342,2133.0313290367544,7243.9152248466435,2.4962095050608664,0.0,0.17593270401329292,0.35854500622749186,0.5069447412515903,0.6576539742730927,0.7860990795635896,0.9105523316452889,1.017025802312396,1.1334986866969068,1.2475586423363145,1.3702695616245246,0.5489401265584527,5091.168499967498
weak,10079,ppo-s4,1.369682832726049,12.56754789127443,2132.1179969762975,7163.502298026424,2.4975514320328087,0.0,0.1674965745269462,0.3456806200987073,0.4940567235507121,0.6501891420298063,0.7740301680347667,0.8994299561203273,1.008868601749839,1.123358098849658,1.2406603559952099,1.369682832726049,0.5484102610096145,5031.947582775279
weak,10079,residual-s0,1.4211097345135992,12.647797583788257,2212.171729278496,7209.2446227593055,2.49999999975,0.0,0.14958215774227768,0.3137976117758784,0.4648721774843043,0.6539046287650337,0.7606783134216691,0.9089131556269329,1.0024929969710759,1.165842951598374,1.2838121333507382,1.4211097345135992,0.5684438938622841,5059.119034021214
weak,10079,residual-s1,1.3552513101800878,12.450932922870095,2109.6531545990497,7097.031766035953,2.49999999975,0.0,0.14958215774227768,0.3227785772270007,0.47183746524804415,0.6514203584839316,0.7791368900529814,0.8964033720262077,0.999904058699617,1.1322520042973836,1.2399728644172578,1.3552513101800878,0.5421005241262452,4980.373169646075
weak,10079,residual-s2,1.3200947216091186,12.114326729744722,2054.9266198032037,6905.166235954491,2.49999999975,0.0,0.14828969383870055,0.30280099579079084,0.44989503186118573,0.6366314227038956,0.7429660863630525,0.8863280957327496,0.9982668819035003,1.0974352170859623,1.1995934777382973,1.3200947216091186,0.5280378886964512,4845.730692382462
weak,10079,residual-s3,1.355249330182283,12.305049816505669,2109.6500724337097,7013.878395408231,2.49999999975,0.0,0.14958215774227768,0.3137594154781234,0.4632423865642111,0.6514985563082829,0.7732003537641619,0.8872213749144949,0.9782218648122595,1.1093718979464227,1.2234757130794502,1.355249330182283,0.5420997321271231,4922.0199270944695
weak,10079,residual-s4,1.368029602137438,12.38628888296298,2129.5444941135115,7060.184663288897,2.49999999975,0.0,0.14958215774227768,0.3137594154781234,0.4648334356827416,0.623827722829127,0.7637887808838092,0.9044532552598976,1.0048529467251606,1.1300354647216044,1.2338486354686844,1.368029602137438,0.5472118409096964,4954.515553680643
weak,10079,hybrid-s0,1.4241653171736375,13.191405579967942,2216.9282047376723,7519.101180581725,2.49999999975,0.0,0.18547164169054728,0.36449509695084115,0.5381598871072509,0.6937518754044351,0.8035788366638328,0.9398495795897432,1.0532771604513413,1.1812765443028486,1.290196307291752,1.4241653171736375,0.5696661269264216,5276.562232514832
weak,10079,hybrid-s1,1.3936875566796898,13.225089594652866,2169.4849718197665,7538.3010689521325,2.4999999997500004,0.0,0.18673826112376551,0.3677350338190558,0.538811392822415,0.695040246829123,0.8157299585845164,0.9617801278631646,1.0649447725347887,1.1833481117974114,1.2880455572465446,1.3936875566796898,0.5574750227276233,5290.0358383901485
weak,10079,hybrid-s2,1.3826002234969383,13.003939559599365,2152.225864782287,7412.245548971638,2.49999999975,0.0,0.18673826112376551,0.3677350338190558,0.5351025412897643,0.6884139275641354,0.801053958898986,0.937759131877327,1.043506546024342,1.162475696735256,1.2484078547122024,1.3826002234969383,0.5530400894540793,5201.575824359904
weak,10079,hybrid-s3,1.4038056353376525,13.270729924727723,2185.2352879411474,7564.316057094801,2.4999999997500004,0.0,0.18673826112376551,0.364216429256567,0.5433121887305074,0.7101035272673538,0.8274109469676602,0.962749903468667,1.0632603472768531,1.1751232462531895,1.2884601006741778,1.4038056353376525,0.5615222541912132,5308.2919704219175
weak,10079,hybrid-s4,1.2601799448675288,11.982240725025095,1961.6602294219272,6829.8772132643035,2.49999999975,0.0,0.17461918661919862,0.3256244922231491,0.4969415967699626,0.6555166712747432,0.7706287255725464,0.8679121457090383,0.9585132894497433,1.0339797936443291,1.1535330952194398,1.2601799448675288,0.5040719779974188,4792.896290489328
weak,10080,max-exp-cap-V,1.4186280382440648,13.262812666000823,2208.3085945783464,7559.803219620468,2.49999999975,0.0,0.16615986390528278,0.3497119201305148,0.5438843802443231,0.7050446240645057,0.8478732234674531,0.9422883632152854,1.0889611191853659,1.1601110141447895,1.2974319547558268,1.4186280382440648,0.567451215354371,5305.125066930841
weak,10080,max-exp-cap,1.4891153867454887,13.9943598358712,2318.032788171335,7976.785106446583,2.49999999975,0.0,0.20029299374717038,0.40481720713063013,0.5831939959763003,0.7316913400864556,0.8726877535401193,0.9863493197418887,1.1233365078430293,1.2279303388978722,1.3706290700739263,1.4891153867454887,0.5956461547577601,5597.743934908254
weak,10080,rolling-lp-V,1.3767786949836305,13.122897385876877,2143.163777256206,7480.051509949819,2.499999997500005,0.0,0.1884789745970334,0.3712295416526856,0.5305061877251926,0.7009516846666302,0.8352859212791732,0.9463371290074892,1.0467012962153919,1.1636651781370722,1.2702776457251876,1.3767786949836305,0.5507114785441626,5249.1589595998985
weak,10080,ppo-s0,1.378518661286289,12.92830764670694,2145.8722973452304,7369.135358622955,2.4972694044203503,0.0,0.1926508180317699,0.3856060129098673,0.5216461084244074,0.6734548545936067,0.8033867887325421,0.9128582543046497,1.0283522628598403,1.1424561805649776,1.2662769300542491,1.378518661286289,0.5520103913683521,5176.977551489994
weak,10080,ppo-s1,1.4017212728130084,13.016157250191846,2181.9906631675626,7419.2096326093515,2.4970432558166857,0.0,0.20703283960557928,0.3910264993689032,0.5258228533919175,0.6790494950111648,0.8006233592567334,0.9051037290053315,1.0264211200378561,1.1492911700460708,1.2755495400712733,1.4017212728130084,0.5613524193254553,5212.627862922129
weak,10080,ppo-s2,1.4066725960772546,13.236427471264077,2189.6981449204995,7544.7636586205235,2.4976101310705894,0.0,0.18843844235840237,0.37695463496471904,0.5404826499640359,0.6969607115509142,0.8319976478798703,0.9409326527646594,1.0608430580445323,1.1680449749490496,1.2918171570895414,1.4066725960772546,0.5632074352109914,5299.637163783582
weak,10080,ppo-s3,1.3794749815249057,12.873671360539294,2147.360954093281,7337.9926755073975,2.496552542602838,0.0,0.19306912113015162,0.3884306553659161,0.5201309737238249,0.6667003316309259,0.7929714026447288,0.9020086286232123,1.0225674757217584,1.1412377762783914,1.2635169126992498,1.3794749815249057,0.5525519523361212,5156.579379305814
weak,10080,ppo-s4,1.4137733010428202,13.179342188619678,2200.7514636060887,7512.225047513216,2.4973828282783503,0.0,0.18960632415548423,0.3812546421805316,0.5342769383959689,0.6902995355316529,0.8223792976324465,0.9304821355211499,1.0475945821898824,1.16674636685546,1.2900595426296948,1.4137733010428202,0.5661019548282269,5277.2614752481795
weak,10080,residual-s0,1.3439246495979884,12.970078238569728,2092.0214983530036,7392.944595984744,2.49999999975,0.0,0.17251572768577358,0.3685590222833981,0.5711528534959017,0.7162171214408755,0.8352355516401455,0.940224330335427,1.0410948988847373,1.1216537997935787,1.2214625452630128,1.3439246495979884,0.5375698598929524,5188.031295946695
weak,10080,residual-s1,1.39274435727619,13.161417280468077,2168.016739631343,7502.007849866803,2.49999999975,0.0,0.17251572768577358,0.37313362823926993,0.5681980609030808,0.716602882405659,0.8208299523513541,0.9283585988341654,1.060211060023597,1.1524054712469198,1.2699578801556177,1.39274435727619,0.5570977429661857,5264.566912713687
weak,10080,residual-s2,1.3208756616634856,12.587738591981346,2056.142270831816,7175.010997429366,2.49999999975,0.0,0.16615986390528278,0.35852649628758076,0.553453997681868,0.6960237415523591,0.8000821754142271,0.8860188153768225,0.9895024866272126,1.1103425018322675,1.2054379363648526,1.3208756616634856,0.5283502647182292,5035.095437296048
weak,10080,residual-s3,1.3972609419414235,13.205237857155442,2175.0474851583535,7526.985578578601,2.49999999975,0.0,0.17251572768577358,0.3707354807252886,0.5612385386450695,0.7112874005725737,0.8326976888010784,0.9436717140260713,1.0630950662684475,1.158360333642823,1.2722452755603602,1.3972609419414235,0.5589043768324599,5282.0951433903865
weak,10080,residual-s4,1.357393588419186,12.768888245777935,2112.9879339209315,7278.266300093422,2.49999999975,0.0,0.17251572768577358,0.3707354807252886,0.5529398025667306,0.6879213865937323,0.7910551954302407,0.8899870999985766,1.010674792512829,1.1372466749857968,1.232325334675851,1.357393588419186,0.5429574354219701,5107.55529882193
weak,10080,hybrid-s0,1.386537986760973,13.26830014169138,2158.3555874614935,7562.931080764087,2.49999999975,0.0,0.206551225940417,0.41539337063664633,0.5693932973125571,0.7199028474328826,0.841311053934285,0.9326122847429978,1.0486505916254285,1.1416606904038413,1.261606333283937,1.386537986760973,0.5546151947598508,5307.320057207285
weak,10080,hybrid-s1,1.3912316561941882,13.311899183428936,2165.6619921497218,7587.782534554493,2.4999999997500004,0.0,0.20697139318292063,0.41534043002544463,0.5671081363507203,0.720886965414514,0.8399440580910689,0.9369765848126246,1.04752733706538,1.161913473045896,1.263727881523645,1.3912316561941882,0.5564926625333244,5324.75967390405
weak,10080,hybrid-s2,1.4350241789152995,13.559383365263491,2233.8316615036415,7728.84851820019,2.49999999975,0.0,0.20697139318292063,0.41534043002544463,0.5726306510006142,0.7217257688273119,0.8362860999305324,0.943923378795738,1.0552581676246393,1.1976353194168268,1.3258175540085086,1.4350241789152995,0.5740096716235208,5423.753346647772
weak,10080,hybrid-s3,1.3817071852213108,13.417191295601853,2150.8357159580773,7647.799038493055,2.4999999997500004,0.0,0.20697139318292063,0.4161674387256217,0.5743543276757034,0.7289581058774339,0.8458926424307742,0.9467851554123645,1.0682087714128734,1.1783899121609736,1.2718331417352142,1.3817071852213108,0.5526828741437925,5366.876518777428
weak,10080,hybrid-s4,1.2858293850429685,12.344071873765458,2001.5874532315288,7036.12096804631,2.4999999997500004,0.0,0.19049467523292785,0.37605983489216355,0.5102198514909764,0.6644139406665304,0.780801210886911,0.8885994128062117,0.9837840016436712,1.0738767241573197,1.1758119708124726,1.2858293850429685,0.5143317540686205,4937.628749999945
weak,10081,max-exp-cap-V,1.417584153393698,12.802339992333806,2206.6836302997126,7297.3337956302685,2.49999999975,0.0,0.18766615700941475,0.328086670143503,0.479868866887116,0.6321962682064015,0.7730472816987558,0.9001668957455908,1.0360002160067667,1.1777235047383032,1.2919446322780024,1.417584153393698,0.5670336614141825,5120.935997445616
weak,10081,max-exp-cap,1.437327253956241,12.852700006510837,2237.416745309799,7326.0390037111765,2.4999999997500004,0.0,0.17609886906982591,0.3355988383583139,0.48326735763867334,0.6359418999452847,0.7700309009192472,0.9027030779807754,1.04095014490887,1.1629562369563307,1.3117615811456593,1.437327253956241,0.5749309016399894,5141.080003118442
weak,10081,rolling-lp-V,1.2884004700919696,11.93576917553816,2005.5897350545558,6803.388430056751,2.499999997500005,0.0,0.17439629574047358,0.3312920798103663,0.4785273891849806,0.6140997716609197,0.735445504693059,0.8434808514997023,0.9426483295960666,1.0773920156665122,1.1819126870105874,1.2884004700919696,0.5153601885521469,4774.307674989562
weak,10081,ppo-s0,1.337331901485604,12.151866284247957,2081.758891153664,6926.563782021335,2.497516816412261,0.0,0.1789907270728935,0.3207045863009035,0.47605287690938597,0.5948901077820576,0.7213505928042219,0.8528056882837037,0.9792587674948747,1.1147593205949933,1.2302726458538535,1.337331901485604,0.5354646233800785,4865.5793644282185
weak,10081,ppo-s1,1.339630880482647,12.067736670517158,2085.337598849452,6878.60990219478,2.497081199598445,0.0,0.171988622976574,0.3174029584792419,0.4693538102058941,0.5930135116124607,0.7185408515163166,0.8445003574101068,0.9769839581779787,1.1019744269166654,1.2189825692282503,1.339630880482647,0.5364787018932634,4832.736986069083
weak,10081,ppo-s2,1.3453922746267604,12.097357741715117,2094.3060781563654,6895.493912777616,2.497872952125004,0.0,0.1828239609749989,0.3214989927009993,0.473980470017249,0.6009228503808035,0.7159087848584953,0.8420516784054312,0.9693194497635004,1.1045220719589648,1.2149801316001616,1.3453922746267604,0.538615173955185,4843.063667999442
weak,10081,ppo-s3,1.3528141588964213,12.136363891666571,2105.859360890679,6917.727418249945,2.496489500356653,0.0,0.1778785722338694,0.3199793161431126,0.46692690229975636,0.597739423104568,0.718703967540821,0.846667652311829,0.9810457352402344,1.1070484837643182,1.227654191661411,1.3528141588964213,0.5418865806177658,4861.371894387198
weak,10081,ppo-s4,1.349577979129544,12.054046524147518,2100.821758784886,6870.806518764084,2.4976805938729987,0.0,0.17858890482389875,0.3183342198686948,0.46920772548829076,0.5916799460513668,0.7079830186463969,0.8380975027788291,0.9683549714324419,1.0995568891479017,1.2221961739155327,1.349577979129544,0.5403324918487022,4826.096080386345
weak,10081,residual-s0,1.3800556466717795,12.438763288070225,2148.2648470094264,7090.095074200028,2.49999999975,0.0,0.19250889639094834,0.3393412211556858,0.490297967323449,0.6371721590838254,0.7449853795702888,0.855868259786992,0.9709871862621204,1.1260381111299493,1.2534663992054664,1.3800556466717795,0.552022258723914,4975.505315725641
weak,10081,residual-s1,1.3467137460371985,12.259985387790108,2096.363147800056,6988.191671040361,2.4999999997500004,0.0,0.19250889639094834,0.3300244531493507,0.4765498003576474,0.6115980819728758,0.741864481672527,0.8589686267993294,0.9761579108052822,1.1111411314230513,1.2303463169246438,1.3467137460371985,0.5386854984687479,4903.994155606441
weak,10081,residual-s2,1.3232672509328394,12.139820887142749,2059.8651403901763,6919.697905671366,2.49999999975,0.0,0.18766615700941475,0.3236063009189208,0.4713224156819679,0.6134077195193361,0.7443326044225421,0.8569393877399877,0.9770028206235559,1.0939648896303706,1.2071696472005056,1.3232672509328394,0.5293069004260664,4855.928355342692
weak,10081,residual-s3,1.4000099010369433,12.707432191438308,2179.326654773734,7243.236349119835,2.49999999975,0.0,0.19250889639094834,0.33542419007915686,0.48834476761208484,0.6417227458251136,0.7614947936841131,0.8904874530516268,1.008898769520111,1.1589202312850138,1.2855036708898222,1.4000099010369433,0.5600039604707777,5082.97287708362
weak,10081,residual-s4,1.3202968928568901,12.208687964848776,2055.241329855448,6958.9521399638015,2.49999999975,0.0,0.19250889639094834,0.3371280813436827,0.49035939598246164,0.6182305919836119,0.7448166104213181,0.8469037694078303,0.9679044454380142,1.1038034955696767,1.2209675554781907,1.3202968928568901,0.5281187571955679,4883.475186427858
weak,10081,hybrid-s0,1.3425887509298617,12.26312850240513,2089.94197050583,6989.983246370924,2.49999999975,0.0,0.17786312430147252,0.3346390128987044,0.49251750553475243,0.6237254743321001,0.7361927040673153,0.8476538732534511,0.9786521548526961,1.1249731422542997,1.219086855019866,1.3425887509298617,0.5370355004256483,4905.251401452578
weak,10081,hybrid-s1,1.343410317763158,12.155506417437568,2091.2208632459133,6928.638657939413,2.49999999975,0.0,0.17500067486634513,0.32779841337663784,0.4807369936190301,0.6191046080817534,0.7260684916661719,0.8420918932207109,0.9770271607401155,1.103739142859473,1.2137779574181349,1.343410317763158,0.5373641271589996,4862.202567461247
weak,10081,hybrid-s2,1.3501762126318169,12.302362296935444,2101.7529994970523,7012.346509253202,2.4999999997500004,0.0,0.17500067486634513,0.32779841337663784,0.4815971624362961,0.6240250942667362,0.7328719068312671,0.8560390304511221,0.9954702318367488,1.1200898998617057,1.2400279487646855,1.3501762126318169,0.5400704851067337,4920.944919266271
weak,10081,hybrid-s3,1.2986531915467767,12.14661931048595,2021.5496430051228,6923.57300697699,2.49999999975,0.0,0.17500067486634513,0.3343965012657324,0.4916038577747808,0.6317293058481662,0.7409695755569411,0.8582822378557464,0.9774038556358733,1.0987622621878275,1.1962450709207535,1.2986531915467767,0.5194612766706568,4858.647724680244
weak,10081,hybrid-s4,1.33363322531317,12.133149788916162,2076.001343607756,6915.895379682212,2.49999999975,0.0,0.17501056107951174,0.33323446806436396,0.4943318704287509,0.6237062201866396,0.7311959154078943,0.8517412405641827,0.963040242551116,1.0914062477375779,1.1970936568326445,1.33363322531317,0.5334532901786133,4853.259916051791
weak,10082,max-exp-cap-V,1.4178001105121343,12.900398062990972,2207.01980013976,7353.226895904853,2.49999999975,0.0,0.19303702847103107,0.3516277867702557,0.47311936059913184,0.6201051668211434,0.7886312359405544,0.9367541026832047,1.0380287111965671,1.1644936736054228,1.3036804446529289,1.4178001105121343,0.5671200442615657,5160.159225712405
weak,10082,max-exp-cap,1.4683945645958707,13.111006087823519,2285.777701985129,7473.273470059405,2.49999999975,0.0,0.16853227465801623,0.352713426280653,0.4812238071509485,0.6355539042275479,0.7874540260139687,0.930249319764046,1.055103449553616,1.1969712281114453,1.346377226700714,1.4683945645958707,0.5873578258970841,5244.4024356538475
weak,10082,rolling-lp-V,1.3086958482646978,11.722229722540927,2037.1825534966108,6681.670941848328,2.499999997500005,0.0,0.14459947655108113,0.2964449238420591,0.43677845748032873,0.583545269848974,0.743427128850541,0.8536197933693295,0.9247119912533857,1.0421161685487377,1.1964775676209134,1.3086958482646978,0.5234783398293563,4688.891893705253
weak,10082,ppo-s0,1.3683361115471688,12.38381091695591,2130.0216222581557,7058.772222664868,2.4970177886573355,0.0,0.17383558945628552,0.3428731212436093,0.4756858540130494,0.5984459102922922,0.7487070125539125,0.8708611364960128,0.9886017780690628,1.1284197965338165,1.2596532494696129,1.3683361115471688,0.5479881311870561,4959.440406555844
weak,10082,ppo-s1,1.3770514945772114,12.31284104309183,2143.5884309856274,7018.3193945623425,2.496398932395524,0.0,0.15367105345120013,0.3292639528594771,0.47921946442749525,0.6001354238942499,0.743487754787014,0.8643391725976017,0.9824043421415367,1.122360978331131,1.2578945350720288,1.3770514945772114,0.5516151592228907,4932.240950478427
weak,10082,ppo-s2,1.3621791689390461,12.069580175449945,2120.437412083745,6879.660700006468,2.497436014615082,0.0,0.16190526312825523,0.33809864629199454,0.443665289312805,0.5689342288887889,0.7253572945117568,0.8472071687527227,0.9602428847070679,1.1005982165753216,1.245368062313689,1.3621791689390461,0.5454310584805883,4832.788549864078
weak,10082,ppo-s3,1.3424776149271576,12.324853243549617,2089.768970548602,7025.166348823281,2.4967315768863405,0.0,0.17413632278630423,0.34759121071877297,0.46774452673409883,0.5990536053992039,0.750179198824884,0.8734224715288837,0.9876103330917185,1.1240685651591193,1.251261018186249,1.3424776149271576,0.5376940105837703,4936.394988411157
weak,10082,ppo-s4,1.3923583183049089,12.597020881364223,2167.4158117241395,7180.301902377607,2.4972303939674463,0.0,0.1813176620244319,0.35084253206757343,0.4826064172455183,0.6027234873712684,0.7616571941024699,0.8861188875292088,1.0046288089771696,1.1458448164149577,1.284288539911258,1.3923583183049089,0.557561017064515,5044.396749212575
weak,10082,residual-s0,1.4603133944058726,13.179274841617119,2273.198141237893,7512.186659721757,2.49999999975,0.0,0.19546440878177235,0.3649749866411751,0.4814096202386542,0.6257351886915864,0.8057306632318477,0.9477789126394061,1.0413668965917775,1.194995049678608,1.3486602811967676,1.4603133944058726,0.5841253578207616,5271.709937174018
weak,10082,residual-s1,1.395680064745639,12.720669221984567,2172.586611268715,7250.781456531202,2.49999999975,0.0,0.19546440878177235,0.36162728120501175,0.46781262657544637,0.6108952361295941,0.7839026097018701,0.913332190716224,1.0007748798758311,1.1486384561605656,1.2936911974268923,1.395680064745639,0.5582720259540829,5088.267689302654
weak,10082,residual-s2,1.3376913893481484,12.435617288994475,2082.3184882538917,7088.30185472685,2.4999999997500004,0.0,0.19303702847103107,0.35574300458596125,0.47156632374136886,0.6136714020290465,0.782875298795698,0.9173053529417673,0.973248814350432,1.1109536405304372,1.23260796688354,1.3376913893481484,0.5350765557927669,4974.246916095214
weak,10082,residual-s3,1.376527122481284,12.897251895181922,2142.7721666971906,7351.433580253695,2.49999999975,0.0,0.19546440878177235,0.3651380504839769,0.48712057693411226,0.633218703321611,0.8143628078017444,0.9379105433873673,1.0197067681724659,1.1651195197783857,1.2906880068114979,1.376527122481284,0.5506108490475747,5158.900758588659
weak,10082,residual-s4,1.3671996559309605,12.909234684752649,2128.2525576147304,7358.2637703090095,2.49999999975,0.0,0.19546440878177235,0.3649749866411751,0.5118306796323849,0.6645764793819503,0.8289414430935174,0.9419946910926327,1.0050175969054245,1.149227936956012,1.2637264310608496,1.3671996559309605,0.5468798624270722,5163.6938744174295
weak,10082,hybrid-s0,1.4069342032578955,12.874878362808602,2190.1053759703864,7338.680666800902,2.49999999975,0.0,0.16730493595939053,0.3514918591756405,0.5126170629947469,0.629506608925258,0.8012372940944065,0.9447277059180021,1.0141704982123927,1.1582256064081056,1.2846678684471138,1.4069342032578955,0.5627736813594356,5149.951345638436
weak,10082,hybrid-s1,1.3775775396563077,12.639635658960204,2144.4072995247984,7204.592325607316,2.49999999975,0.0,0.16170388453254217,0.3458408664757276,0.480049852946101,0.6143871232608809,0.7866319850563578,0.9195833418692515,1.0047009878289117,1.1453393105041212,1.2839477094432281,1.3775775396563077,0.5510310159176262,5055.854264089667
weak,10082,hybrid-s2,1.407856484355233,12.68092789928957,2191.54104565896,7228.128902595054,2.4999999997500004,0.0,0.16170388453254217,0.3458408664757276,0.4800555635453059,0.6209881718507946,0.7907711068605912,0.9156237261559664,1.0169920661112197,1.1298597169992697,1.2765973480248687,1.407856484355233,0.5631425937984074,5072.371160223064
weak,10082,hybrid-s3,1.3971587507758512,12.742072472571731,2174.888409189784,7262.981309365887,2.49999999975,0.0,0.16170388453254217,0.34628561779600825,0.483782290640166,0.6217010484002442,0.7981307221011583,0.9228822139657661,1.0156441705997539,1.159830884610104,1.2784489187829682,1.3971587507758512,0.5588635003662268,5096.828989538376
weak,10082,hybrid-s4,1.349224145249658,12.557547617691998,2100.2709629617802,7157.802142084439,2.4999999997500004,0.0,0.19429960957295833,0.35298102547313764,0.4983781191864323,0.6213099695271216,0.8016578621693013,0.9114997237853717,0.9974140955966159,1.09941349263678,1.2408508067466306,1.349224145249658,0.5396896581538321,5023.0190475791005
weak,10083,max-exp-cap-V,1.5042743995891512,13.61660759846546,2341.6300789660518,7761.466331125312,2.4999999997500004,0.0,0.16980869603634907,0.3236657334244953,0.48434598354039127,0.6678666259661926,0.8597414438751618,1.0005014927125107,1.1204940662423657,1.2453290811046314,1.3713465412494406,1.5042743995891512,0.6017097598958313,5446.643039930847
weak,10083,max-exp-cap,1.4651214272468924,13.671626127202776,2280.6825698263633,7792.826892505582,2.49999999975,0.0,0.18640661659278362,0.36491529504566345,0.5314798518533068,0.6969035504644329,0.8409391309727758,0.9857206429597073,1.1102307731550916,1.2463183989131281,1.354682543417078,1.4651214272468924,0.5860485709573618,5468.650451427976
weak,10083,rolling-lp-V,1.3308311274591622,12.79095373764199,2071.639455496822,7290.843630455934,2.4999999975000056,0.0,0.18259170493372862,0.3679282149963231,0.5186484832971215,0.6701563915337523,0.8120537707941176,0.9277455911345543,1.022514998018572,1.1575571610134738,1.2269426182731105,1.3308311274591622,0.5323324515159962,5116.381500173166
weak,10083,ppo-s0,1.3579360848168607,12.688926053901012,2113.8324114197662,7232.687850723576,2.4974267545411064,0.0,0.18268918937500903,0.35913954390350994,0.5034151323252622,0.6510131523921612,0.7773574209955045,0.9018334233021374,1.0232819104805104,1.1446178749902802,1.250143255233696,1.3579360848168607,0.5437340984466136,5080.800079853617
weak,10083,ppo-s1,1.343391146591447,12.485512158318926,2091.1910204244573,7116.7419302417875,2.497035161494489,0.0,0.1861782526653367,0.35771398633034995,0.5047635624615886,0.6455742079096174,0.760587944647313,0.8812801727434333,0.9967986339503299,1.1183827016447898,1.2260823162194872,1.343391146591447,0.5379944853429378,5000.1347000841915
weak,10083,ppo-s2,1.3756636882471935,12.747498137380095,2141.4281010305094,7266.073938306653,2.4977143637853407,0.0,0.18081652979990448,0.3539974555598562,0.5158311284585332,0.6569334593346313,0.7752542355696402,0.9038973388582696,1.0220846679999314,1.1455510752418885,1.25902439624393,1.3756636882471935,0.5507690183445737,5103.66530385043
weak,10083,ppo-s3,1.3577630661135975,12.67914603675603,2113.5630817018005,7227.113240950936,2.4963445595642404,0.0,0.18279760826783847,0.3570606166886098,0.5011104188961428,0.6495774936729595,0.7766373497981145,0.9032287421896552,1.0221142744974343,1.1456645865723454,1.2491901011725894,1.3577630661135975,0.5439005048047564,5079.084931676775
weak,10083,ppo-s4,1.3582238369032684,12.568372673812869,2114.280340960415,7163.972424073334,2.497151914100541,0.0,0.1789034128930483,0.3516202450992227,0.49041297501697784,0.6340954225457451,0.7629072182359977,0.8935752176327709,1.0125361647531759,1.1401272807624774,1.2515811440999438,1.3582238369032684,0.5439091747818203,5033.082930535253
weak,10083,residual-s0,1.4458372016473553,13.407701634871437,2250.663762934631,7642.389931876718,2.49999999975,0.0,0.16822029637856745,0.3416512867842291,0.5031198905412004,0.6882256967416871,0.826886536289606,0.9686099486018434,1.0939208829260008,1.2260932227940573,1.3506069075390585,1.4458372016473553,0.5783348807167756,5363.080654484883
weak,10083,residual-s1,1.4494580652231313,13.300869900531719,2256.3001834329025,7581.49584330308,2.49999999975,0.0,0.16822029637856745,0.3443449198113421,0.49992199520609054,0.6925755371133887,0.8179830817820192,0.9533173870014046,1.0775904634809121,1.215518119291707,1.3256127861580658,1.4494580652231313,0.5797832261472309,5320.3479607447225
weak,10083,residual-s2,1.383558443745009,12.971346974978005,2153.7174791817406,7393.667775737463,2.4999999997500004,0.0,0.16980869603634907,0.3419447878330122,0.5005648766189679,0.6917880837472373,0.8167211020346318,0.9336377862552057,1.0450365423644425,1.17829221457869,1.2715030095643014,1.383558443745009,0.5534233775533458,5188.538790510055
weak,10083,residual-s3,1.4473207947153377,13.349240475358378,2252.9731994003996,7609.067070954275,2.49999999975,0.0,0.16822029637856745,0.3407051746078207,0.5040362944330605,0.6854824285563762,0.8500440261838212,0.9808297703083126,1.0793532568363364,1.1966549029412552,1.322969195871938,1.4473207947153377,0.5789283179440279,5339.69619067732
weak,10083,residual-s4,1.3902696590768286,12.882870661197332,2164.1644984833383,7343.236276882479,2.49999999975,0.0,0.16822029637856745,0.3407051746078207,0.49412103373919436,0.6849989632773518,0.8030966048617058,0.9332192353318118,1.035265184963404,1.1630708540243808,1.2630509279697246,1.3902696590768286,0.5561078636863422,5153.148264994247
weak,10083,hybrid-s0,1.4318026518723066,13.305475066724032,2228.8168685734854,7584.120788032697,2.49999999975,0.0,0.18956892938281325,0.36642174308125636,0.5279517259089925,0.6784565195635366,0.810925890486136,0.9591449335764589,1.0696028425671915,1.1957096971227688,1.3179160987460796,1.4318026518723066,0.5727210608061948,5322.190027221832
weak,10083,hybrid-s1,1.4156017285741296,13.255654246039173,2203.59768694519,7555.722920242328,2.49999999975,0.0,0.19021451267704464,0.3695148766280591,0.5389322711854909,0.6912051653139564,0.8161030081686336,0.950915210256394,1.0670740079444736,1.189234676505628,1.2867004407688798,1.4156017285741296,0.5662406914862759,5302.261698945895
weak,10083,hybrid-s2,1.3686989026208174,12.871734757956297,2130.58636130488,7336.888812035089,2.4999999997500004,0.0,0.19021451267704464,0.3695148766280591,0.5327598747864862,0.68894242890131,0.7982095129973232,0.9155657548041826,1.0168208176025022,1.1427979693534538,1.2453395261793276,1.3686989026208174,0.5474795611030748,5148.693903697387
weak,10083,hybrid-s3,1.3783835594572318,13.19787829919786,2145.661990963143,7522.79063054278,2.49999999975,0.0,0.19021451267704464,0.3657189502427516,0.5412701889579774,0.6945227660246209,0.8276608546026918,0.959188163973729,1.0634293858439914,1.1817582042260526,1.2762337665143022,1.3783835594572318,0.5513534238380281,5279.151320207059
weak,10083,hybrid-s4,1.3941074743168838,12.933896951902327,2170.138636982326,7372.321262584325,2.49999999975,0.0,0.18032069614683954,0.3558038524701039,0.5178370256605583,0.6731898364313464,0.7990363665625131,0.9268167465086148,1.0283022389877856,1.1723601869785614,1.2610230441781018,1.3941074743168838,0.5576429897825178,5173.558781278287
weak,10084,max-exp-cap-V,1.5234095983835823,13.742924739175466,2371.416903149374,7833.467101330015,2.49999999975,0.0,0.19716299387211128,0.3425552319520297,0.4769605385909688,0.6735681625447906,0.8424919285897211,1.0064188020774179,1.1286267782927104,1.2607331963684054,1.3765935704234984,1.5234095983835823,0.6093638394143693,5497.169896219903
weak,10084,max-exp-cap,1.4946710665754983,13.649893155843808,2326.6810421086543,7780.43909883097,2.49999999975,0.0,0.19647356110476533,0.3598933015394579,0.5089875248892437,0.6950690017158656,0.829033658346436,0.97814481724508,1.1070755616104733,1.2323550945105568,1.3670532779917204,1.4946710665754983,0.5978684266899862,5459.9572628835185
weak,10084,rolling-lp-V,1.2798137457052574,11.81685233834434,1992.2232029183924,6735.605832856274,2.499999997500005,0.0,0.18486525380423277,0.28396398251246563,0.424693772757451,0.5913917064048575,0.7422666539701958,0.8813335915878744,0.9602032738415931,1.0715195448666783,1.1711511226403772,1.2798137457052574,0.5119254987940274,4726.740940064467
weak,10084,ppo-s0,1.3480770988353403,12.45073329423249,2098.48541214308,7096.917977712519,2.4976312325304226,0.0,0.20412167548967997,0.3369497909333029,0.475573826122774,0.6335241272871096,0.7595310052959454,0.887057144013478,1.0028849058976363,1.1194137491013614,1.2312774930033992,1.3480770988353403,0.5397422490867735,4985.016655808829
weak,10084,ppo-s1,1.358884818699328,12.474620686033377,2115.3092588597856,7110.533791039024,2.497277928491339,0.0,0.19912049867508294,0.3492845313303084,0.48805841404483274,0.6472146040087906,0.763549340401008,0.8791201539275746,0.9955941297056917,1.1072481210363208,1.2256815792732336,1.358884818699328,0.5441464096550361,4995.287286092971
weak,10084,ppo-s2,1.3705050618307202,12.52601721372375,2133.397920641704,7139.829811822537,2.4980350048791213,0.0,0.20006925641490253,0.3430351760613396,0.4813595152349698,0.6396702481683266,0.7643119881840035,0.891887518794911,1.0075557598377298,1.1163336657152525,1.232045376886608,1.3705050618307202,0.5486332493955737,5014.348153351789
weak,10084,ppo-s3,1.372207605348711,12.597552429052472,2136.0481865197676,7180.604884559908,2.496155322706747,0.0,0.20330459427415526,0.3475666603270035,0.4850558016852801,0.639333516922712,0.7673430396609773,0.8986612034419721,1.0155662919458972,1.1241439298077947,1.2395454893199487,1.372207605348711,0.5497284535405974,5046.782271301975
weak,10084,ppo-s4,1.391385540085702,12.661185238615134,2165.9015356459986,7216.875586010627,2.4973440246022913,0.0,0.19984226399896,0.3428110479671477,0.47752129455424713,0.6395716819085286,0.7735108837127699,0.9029911773600734,1.0207825612908854,1.1351674510078478,1.2500222530683103,1.391385540085702,0.5571461225920942,5069.8602650996245
weak,10084,residual-s0,1.4195316520816017,13.1588874685318,2209.7152058603865,7500.565857063126,2.49999999975,0.0,0.20126459644224476,0.35497127365281333,0.49237016938847356,0.6793456269297431,0.820112038848817,0.9860003718151992,1.067051894919382,1.1684198788997124,1.2642649528158802,1.4195316520816017,0.567812660889422,5263.5549879390755
weak,10084,residual-s1,1.4280449583317991,13.017354298022852,2222.9674515891957,7419.891949873025,2.49999999975,0.0,0.20126459644224476,0.3462016239751399,0.47641317445638426,0.6433801853064778,0.7927923715935219,0.9462745794476712,1.0629155171453917,1.179118467382537,1.2860053937976224,1.4280449583317991,0.5712179833898414,5206.941719729835
weak,10084,residual-s2,1.3633123454298173,12.771060564788492,2122.201372273649,7279.50452192944,2.4999999997500004,0.0,0.19716299387211128,0.3476641137423192,0.4826256514619417,0.6631906649686805,0.8026643528087826,0.9389688927051437,1.038650501912283,1.1281503948002505,1.2418006800494412,1.3633123454298173,0.5453249382264593,5108.424226426238
weak,10084,residual-s3,1.4345787485715056,13.40272632779316,2233.138281963714,7639.5540068421005,2.49999999975,0.0,0.20126459644224476,0.35479426189443164,0.4948430797871346,0.6822254405185431,0.8390288909761179,0.9923775954520127,1.1121151152587125,1.1975873182730683,1.301160661927573,1.4345787485715056,0.5738314994859854,5361.090531653373
weak,10084,residual-s4,1.3426999018152472,12.382941224311404,2090.114993630197,7058.2764978575,2.49999999975,0.0,0.20126459644224476,0.3548006893814435,0.49715727828755607,0.6396837890717174,0.7644779890336955,0.909837811363413,0.9899806644250553,1.0713906598848224,1.1835674852413727,1.3426999018152472,0.5370799607798069,4953.176490219879
weak,10084,hybrid-s0,1.386735267450013,13.09565621441681,2158.6626846211484,7464.52404221758,2.4999999997500004,0.0,0.2040837839373747,0.35952687041550796,0.5268122726354342,0.6775058439317385,0.8094704396753332,0.9718983283517681,1.0559704427595047,1.1629726147350818,1.2577365308286308,1.386735267450013,0.5546941070354745,5238.262486290549
weak,10084,hybrid-s1,1.4127256780789614,13.194282089847464,2199.1206803897703,7520.740791213054,2.4999999997500004,0.0,0.20546303910106542,0.35672290840793436,0.5164413745685398,0.6773753088034333,0.8080293367863037,0.9737986998176448,1.0673730419384793,1.1721428332897321,1.2859979095843497,1.4127256780789614,0.5650902712880935,5277.712836466756
weak,10084,hybrid-s2,1.3596732802266787,12.756637658611762,2116.5366181959917,7271.283465408704,2.49999999975,0.0,0.20546303910106542,0.35672290840793436,0.5148084310348138,0.6735657748340037,0.7902931705338149,0.9249719034115893,1.0102708671924585,1.1212487010334053,1.2379071718353767,1.3596732802266787,0.5438693121450584,5102.6550639549705
weak,10084,hybrid-s3,1.3883934112269993,13.252999335610104,2161.2438356029784,7554.2096212977585,2.49999999975,0.0,0.20546303910106542,0.36355807678243623,0.5294231886958028,0.6930887931584899,0.8210086278700153,0.9790269674961264,1.089856233645897,1.1765916085888202,1.2673804242571922,1.3883934112269993,0.5553573645463354,5301.199734774162
weak,10084,hybrid-s4,1.4049454012387108,12.871190211921242,2187.009505542422,7336.5784207951065,2.49999999975,0.0,0.20560878324129533,0.3556898089859889,0.5097061737428711,0.6543685343756276,0.7859635513310013,0.9169419494196025,1.0305454252986612,1.1480589805682904,1.2566857493624042,1.4049454012387108,0.5619781605516821,5148.476085283344
weak,10085,max-exp-cap-V,1.4362203734014716,13.470476511083914,2235.6937187120066,7678.171611317831,2.4999999997500004,0.0,0.16602963961690806,0.3284117539443798,0.5171833076440151,0.6904409517782913,0.8733508356541863,1.0019189109935283,1.0848245553780906,1.2037000773156739,1.3514183462359284,1.4362203734014716,0.5744881494180374,5388.190604972384
weak,10085,max-exp-cap,1.4455232289247388,13.310504383795383,2250.1750170173605,7586.987498763368,2.49999999975,0.0,0.17654529496962054,0.3454339884745411,0.5319486821502888,0.6899823676041763,0.8422403405134833,0.9552644284081113,1.0728304067623395,1.1689081721514003,1.322054979769834,1.4455232289247388,0.5782092916277165,5324.201754050574
weak,10085,rolling-lp-V,1.3274726929650855,12.280550892967218,2066.4115454614484,6999.9140089913135,2.4999999975000056,0.0,0.15908103593232242,0.29265267175279824,0.47473811720017345,0.6268597979246368,0.7830184304653323,0.8929019494751084,1.0042200774850978,1.1123092048504017,1.215830846696078,1.3274726929650855,0.5309890777170221,4912.220362099097
weak,10085,ppo-s0,1.4098142464724468,13.06767366923068,2194.588597795977,7448.573991461487,2.497203944335271,0.0,0.17115287407801946,0.3311803570471616,0.4912456808388312,0.6631516393769337,0.8080035551010056,0.9353613123274731,1.0742616495824315,1.195507131630762,1.3150578269569446,1.4098142464724468,0.5645571118332204,5232.922084266992
weak,10085,ppo-s1,1.4264318599016557,12.939843059325352,2220.4564204865,7375.7105438154495,2.497185627290816,0.0,0.16859973612825338,0.32780803409527814,0.5064719007202164,0.6629357163447831,0.7945639209442756,0.9099803548615029,1.0481112265989618,1.1655180392469489,1.3021964873417742,1.4264318599016557,0.5712157896123983,5181.770597231781
weak,10085,ppo-s2,1.416337916339559,13.063477722752776,2204.7436742835157,7446.182301969082,2.4970522244438773,0.0,0.16217564382525754,0.31359646679981257,0.49388460642727644,0.6644641510518366,0.8105024983751087,0.9468539321166688,1.0725414586471906,1.1955527066645715,1.3161313970120874,1.416337916339559,0.5672039625262519,5231.559674592775
weak,10085,ppo-s3,1.4293906781586987,13.177963977275123,2225.062267551888,7511.43946704682,2.496976910550605,0.0,0.17037803729627563,0.3310101130718726,0.504298714573569,0.6724060638712748,0.8172920931284184,0.9424420499630871,1.0797024890846894,1.1977741088372704,1.3208929485685248,1.4293906781586987,0.5724484964674765,5277.5674142574535
weak,10085,ppo-s4,1.4376748710935603,13.175994633795199,2237.9578638350717,7510.316941263262,2.497031434944496,0.0,0.16881301012554298,0.32980556499546054,0.5025597403103206,0.6689557611378658,0.8148872102745991,0.944493033621082,1.0796950132524137,1.1979327367325698,1.319505239308405,1.4376748710935603,0.5757536132601858,5276.663501069651
weak,10085,residual-s0,1.4485118379741595,13.635194216388077,2254.8272379461387,7772.060703341203,2.49999999975,0.0,0.16714627294562592,0.3307837591328572,0.5213257522778421,0.6976721415327723,0.8550773361339107,1.0139805417023584,1.128076252166267,1.234200013974791,1.3625402884458437,1.4485118379741595,0.5794047352476043,5454.077687100639
weak,10085,residual-s1,1.496728244273511,13.681868475591308,2329.8833495977406,7798.6650310870455,2.49999999975,0.0,0.16714627294562592,0.329774145373834,0.5206600021835706,0.7093527281399619,0.84807112481538,0.9944753267996009,1.1333319520101701,1.2483769734890573,1.3413811943452558,1.496728244273511,0.5986912977692735,5472.747390783798
weak,10085,residual-s2,1.466101320076031,13.404296040310175,2282.2079208683676,7640.4487429768,2.49999999975,0.0,0.16602963961690806,0.32987741795231207,0.5212587660282727,0.7130228661822197,0.8670706658676958,0.9621551309901766,1.0704636978409912,1.1910637735276528,1.3239408218726458,1.466101320076031,0.5864405280890564,5361.718416660242
weak,10085,residual-s3,1.4485472977774132,13.40757949507959,2254.8824364803395,7642.320312195366,2.49999999975,0.0,0.16714627294562592,0.33075131791277196,0.5207652309532032,0.7016135841473508,0.8554140103127292,0.9858926251207518,1.090575470646656,1.1931215575461585,1.319266039692547,1.4485472977774132,0.5794189191689072,5363.0317985681395
weak,10085,residual-s4,1.4387676031593284,13.49430596754752,2239.6588661749056,7691.754401502086,2.49999999975,0.0,0.16714627294562592,0.33075131791277196,0.5095060343679374,0.6989612573080674,0.8387248516868765,0.9913238716529669,1.122287468538406,1.2377665714790897,1.3335716600948628,1.4387676031593284,0.575507041321282,5397.722387558781
weak,10085,hybrid-s0,1.5092384216564092,13.810466458472233,2349.3573283219653,7871.965881329172,2.49999999975,0.0,0.17010126375080778,0.33302640056365485,0.5156931758595559,0.6910450706824558,0.8453144917167208,1.0005113244713395,1.136701850754537,1.2743260034173425,1.3959519228134436,1.5092384216564092,0.6036953687229332,5524.186583941311
weak,10085,hybrid-s1,1.427224258639591,13.385313963498911,2221.6899086850567,7629.628959194379,2.49999999975,0.0,0.16922710158505794,0.3333374875675448,0.519864486139762,0.689740716976988,0.8357464605665261,0.9749933939429973,1.0983347355078266,1.225695199829866,1.3246260819652413,1.427224258639591,0.5708897035129253,5354.125585934977
weak,10085,hybrid-s2,1.479206617926979,13.53793397504924,2302.6082943972733,7716.6223657780665,2.49999999975,0.0,0.16922710158505794,0.3333374875675448,0.519864486139762,0.6961436178386774,0.8470711368546341,0.9700722016139468,1.0993601142396963,1.2172512597995877,1.3652997269583822,1.479206617926979,0.5916826472299599,5415.173590561213
weak,10085,hybrid-s3,1.411562982194453,13.185370514881223,2197.310768809411,7515.661193482296,2.49999999975,0.0,0.16922710158505794,0.33064408071318363,0.5132149319939363,0.678511542318353,0.8310603556016147,0.9595968886412153,1.0782397908392674,1.184518194344594,1.3137694236221718,1.411562982194453,0.5646251929342437,5274.148206479904
weak,10085,hybrid-s4,1.4894971767138956,13.977930970885492,2318.6271018644443,7967.42065340473,2.49999999975,0.0,0.18978031305640108,0.3735258225847303,0.5484773346130797,0.735911407784092,0.8812994326471998,1.0026002672699312,1.1507085782752227,1.247467666046262,1.3602219330874858,1.4894971767138956,0.5957988707451382,5591.1723889133145
weak,10086,max-exp-cap-V,1.4776513054869465,13.290469037836262,2300.187215907362,7575.567351566669,2.49999999975,0.0,0.19278743906510326,0.3503458718948468,0.5191761190889926,0.6401465781532588,0.792576295293265,0.9613543661991223,1.0672951749495945,1.2020471791905105,1.3344807580184443,1.4776513054869465,0.5910605222538846,5316.187615666123
weak,10086,max-exp-cap,1.492538433360001,13.642099988983443,2323.361276721319,7775.9969937205615,2.4999999997500004,0.0,0.1945424363870019,0.36963001911698784,0.5424359409370952,0.6888000716378698,0.8263603198140312,0.9716514273985535,1.0921059262501975,1.2198865095492957,1.3657994132896252,1.492538433360001,0.5970153734037018,5456.83999613906
weak,10086,rolling-lp-V,1.327611797032083,12.29025041388666,2066.6280819307767,7005.442735915396,2.4999999975000056,0.0,0.16522987659818472,0.3196192922782166,0.46330919451268926,0.6010474777898388,0.7509608271092174,0.8973868167769958,1.0142151451636645,1.1218508265714688,1.2340845896987518,1.327611797032083,0.5310447193438768,4916.100170470753
weak,10086,ppo-s0,1.3832077600505779,12.819507996314227,2153.1715870976186,7307.119557899109,2.497798996802993,0.0,0.19490635939248843,0.3624619852041131,0.5151455930006278,0.6533320328618442,0.7683637740781488,0.8919590004555308,1.0295235395282902,1.1642540461423196,1.2721593635353294,1.3832077600505779,0.5537706444037277,5132.32170111458
weak,10086,ppo-s1,1.38471329570267,12.58941209191568,2155.515180506413,7175.964892391937,2.497175936105319,0.0,0.1895367930542797,0.35967013745805543,0.5179787332027955,0.6428424401954391,0.7524637127661049,0.8665592819012478,0.9969295352716258,1.1269911985177012,1.2498136130245385,1.38471329570267,0.5545117088795578,5041.459798603761
weak,10086,ppo-s2,1.4097902912270932,12.904330894963842,2194.55130784204,7355.468610129389,2.4977445228589117,0.0,0.18301685767860026,0.3553806244636128,0.5249234150856538,0.6697143709995417,0.7842234848165026,0.9014166319808385,1.0267211597894788,1.158012005088188,1.2766052502548537,1.4097902912270932,0.5644253358679978,5166.393430899641
weak,10086,ppo-s3,1.3887137654961201,12.852079283874302,2161.7425153602776,7325.685191808351,2.496573959730775,0.0,0.19537582233179937,0.36192905356036187,0.5169209067190018,0.6550995334482297,0.7752877074597833,0.900190812549674,1.0308287281855968,1.1565441974216042,1.2753468785066557,1.3887137654961201,0.5562477971395151,5147.886460075167
weak,10086,ppo-s4,1.4215842199770226,13.079675015769226,2212.9103374961774,7455.414758988458,2.4974527902195343,0.0,0.19369267748254948,0.3632508192158018,0.5231252881806858,0.6657073176366799,0.7894780260718229,0.9154163911642494,1.0495510683334233,1.1801935990128842,1.3004465889445291,1.4215842199770226,0.5692136506220247,5237.206111359358
weak,10086,residual-s0,1.4378309296948197,13.190728756476267,2238.2007925952034,7518.715391191471,2.49999999975,0.0,0.19441981320271556,0.3667427822370461,0.5320454797502318,0.6630395888959312,0.7967276031578863,0.943294830675253,1.0571640014967296,1.181689167227995,1.3008332556286746,1.4378309296948197,0.5751323719354411,5276.291503118136
weak,10086,residual-s1,1.4013489127413066,13.119042689713352,2181.411028531528,7477.854333136609,2.49999999975,0.0,0.19441981320271556,0.3617431339527847,0.5323005354409424,0.6745879536731801,0.7988336638080717,0.9339217134263322,1.0509850125929765,1.18848989641767,1.291105343420395,1.4013489127413066,0.5605395651525766,5247.6170764101025
weak,10086,residual-s2,1.4341225010114487,13.171210391266419,2232.4280637944917,7507.589923021858,2.4999999997500004,0.0,0.19278743906510326,0.3627329468450502,0.5295549369957883,0.6688814249456612,0.7988787343190271,0.9331631988552325,1.064073853413393,1.1716789420219165,1.3053747830204006,1.4341225010114487,0.5736490004619442,5268.484157033415
weak,10086,residual-s3,1.3905282067191815,12.906101767126474,2164.5669669002336,7356.47800726209,2.49999999975,0.0,0.19441981320271556,0.368797774088339,0.53665802538962,0.6604252528608887,0.789954877625199,0.9187663744152843,1.016151617438268,1.1515418728805775,1.2636978935395118,1.3905282067191815,0.5562112827432938,5162.4407073668335
weak,10086,residual-s4,1.388966622284994,12.964381382067751,2162.136125105055,7389.697387778618,2.49999999975,0.0,0.19441981320271556,0.368797774088339,0.5264512623059057,0.673958336688518,0.787438119104511,0.920572211274113,1.038571176846701,1.1603649120053692,1.268840584665102,1.388966622284994,0.5555866489695562,5185.752553345676
weak,10086,hybrid-s0,1.4071738986128168,13.198239384436617,2190.4784979573224,7522.99644912887,2.49999999975,0.0,0.19504766168045626,0.36687484682264,0.5177323466578945,0.6736551495993541,0.7978151105693644,0.9451602051724394,1.0742365040353046,1.199359003288074,1.3015575889721789,1.4071738986128168,0.5628695595014137,5279.295754302576
weak,10086,hybrid-s1,1.4332937661635339,13.245778261763894,2231.138012958092,7550.093609205418,2.49999999975,0.0,0.1941864663890888,0.36356529525831993,0.517113886501529,0.6706567210423316,0.7995159545455132,0.9482236228097802,1.0771848809602338,1.1962681244254254,1.3091428002362668,1.4332937661635339,0.5733175065227453,5298.311305235388
weak,10086,hybrid-s2,1.425445704686786,13.130936079974221,2218.9213210961907,7484.633565585305,2.4999999997500004,0.0,0.1941864663890888,0.36356529525831993,0.5198910043321645,0.6810155891790288,0.8049174476589672,0.9304225999546644,1.045072370045391,1.1799720644822995,1.2908878076664707,1.425445704686786,0.5701782819317321,5252.374432514925
weak,10086,hybrid-s3,1.4356856054511833,13.314136198612378,2234.861271707654,7589.057633209054,2.49999999975,0.0,0.1941864663890888,0.36803825329214407,0.5282261623390726,0.6754281949922787,0.8036410173425828,0.9510132683104016,1.0769209860295321,1.2035086609012806,1.3164163699475226,1.4356856054511833,0.5742742422379007,5325.6544799775165
weak,10086,hybrid-s4,1.3374291653986123,13.009446616712616,2081.9102971101574,7415.3845715261905,2.49999999975,0.0,0.22173551376428985,0.3963439297821038,0.5491422497161832,0.6975892548488848,0.8112198749430761,0.9325532838834407,1.0354452578467461,1.1382090887485967,1.2376633165262958,1.3374291653986123,0.5349716662129421,5203.778647205424
weak,10087,max-exp-cap-V,1.510833014876976,13.946346352330359,2351.8395532737522,7949.417420828303,2.49999999975,0.0,0.19014969752080685,0.35753545097391726,0.530534377322432,0.6955811814847868,0.8916626785504251,1.0191755951635106,1.1370489778471258,1.2460514602939947,1.3806273875183028,1.510833014876976,0.6043332060112238,5578.538541489997
weak,10087,max-exp-cap,1.5083386405229708,13.717661074624578,2347.9566832221612,7819.066812536009,2.49999999975,0.0,0.1824307976655616,0.35432299353576147,0.530775781152432,0.6707043991632801,0.8254173388022403,0.9744976561220284,1.1248427486481556,1.2510816105959714,1.389879335545722,1.5083386405229708,0.6033354562695219,5487.064430398538
weak,10087,rolling-lp-V,1.2989062881462012,12.833662805056411,2021.9436260512068,7315.187798882153,2.499999997500005,0.0,0.19899763827578598,0.3862581482581313,0.5573448598611603,0.6852078476710719,0.8420466124140547,0.9409699440737582,1.0245717218943953,1.098312602826738,1.2117909078891222,1.2989062881462012,0.5195625157780419,5133.465127156019
weak,10087,ppo-s0,1.3942043552989907,13.019209855139447,2170.2894468490917,7420.949617429484,2.4968520982113582,0.0,0.18621867366031278,0.3627878299568949,0.5210357824958128,0.6573722283671176,0.8047584740158096,0.9405281015004647,1.0599257173967107,1.1580182018350196,1.2787535221476838,1.3942043552989907,0.5583848383721811,5214.249520212219
weak,10087,ppo-s1,1.4013232458122105,12.810738396376074,2181.371074083574,7302.1208859343615,2.497235519567682,0.0,0.1764045957871666,0.34828250408039746,0.5073095698917731,0.6454584148996109,0.7815074695779063,0.9200687898632565,1.0350002794741513,1.1452707701942384,1.2690541815853065,1.4013232458122105,0.5611498133963775,5129.96803705317
weak,10087,ppo-s2,1.4352368444375863,13.507999904714538,2234.162707477622,7699.559945687286,2.497576761402395,0.0,0.20380650770977948,0.3756017029604264,0.553189621044878,0.6896174127071082,0.8398498491608507,0.9787382413957867,1.0912394329192587,1.1873763079684965,1.3229480397914248,1.4352368444375863,0.5746517450905884,5408.442340378666
weak,10087,ppo-s3,1.4132689300569299,13.124688350754344,2199.9663340633397,7481.072359929975,2.495773358021353,0.0,0.18657802309057847,0.3609075767243108,0.5220193532288907,0.6586285706703907,0.8119715973705668,0.9547180813691444,1.070691952225292,1.161638375209187,1.2909403184758466,1.4132689300569299,0.5662649316752737,5258.766108938508
weak,10087,ppo-s4,1.4329037791179238,13.126068841825814,2230.5309392774807,7481.859239840714,2.4970196170233523,0.0,0.1809537641452147,0.3529333304683072,0.5156909972257382,0.6530224114166647,0.8067775320075251,0.9496533365750371,1.0673590945949092,1.1682965526195863,1.3046588143391542,1.4329037791179238,0.5738456235382163,5256.694321638186
weak,10087,residual-s0,1.4653718905197746,13.61359865850183,2281.0724537023484,7759.751235346043,2.49999999975,0.0,0.18599004399981386,0.3614361915650579,0.5385046683787834,0.6950637301400675,0.8689507862601942,0.9939507929551099,1.1062586658247442,1.1934454550648088,1.3364688815605956,1.4653718905197746,0.5861487562665247,5445.439463945277
weak,10087,residual-s1,1.429477197862774,13.352133086404644,2225.196948526012,7610.715859250646,2.49999999975,0.0,0.18599004399981386,0.3639155403990303,0.5451596066322013,0.6861913429576822,0.8577606767591954,0.9769319037985749,1.0743322335231507,1.1556851004079665,1.3020307217094307,1.429477197862774,0.5717908792022887,5340.853235095942
weak,10087,residual-s2,1.389161638728882,13.07431312401965,2162.4396976254848,7452.3584806911995,2.49999999975,0.0,0.19014969752080685,0.3639861456400414,0.5393939829723133,0.6791534633982387,0.8507732913280559,0.9727272232650684,1.0508390630085325,1.1102795998856811,1.2525373852818038,1.389161638728882,0.5556646555471193,5229.725250130832
weak,10087,residual-s3,1.4306413186179556,13.418417842085992,2227.0090781325694,7648.498169989015,2.49999999975,0.0,0.18599004399981386,0.36059137058835117,0.5363023451293628,0.6998617463792737,0.8872657084070605,0.9865802840906903,1.0718913732915347,1.159936058936193,1.300995763742236,1.4306413186179556,0.5722565275044079,5367.367137371133
weak,10087,residual-s4,1.3632703438957856,12.948205614484978,2122.135990548428,7380.477200256437,2.49999999975,0.0,0.18599004399981386,0.3598860478023276,0.5163440291417325,0.6699422491774476,0.8504106934164953,0.9554797231902564,1.0495618598904284,1.1168597094767694,1.2502447217568218,1.3632703438957856,0.545308137612845,5179.282246311919
weak,10087,hybrid-s0,1.390459800947895,13.051940050031899,2164.4604829956597,7439.605828518182,2.49999999975,0.0,0.18551356808192837,0.3600539307765889,0.5178847602890044,0.6588293223336227,0.8276108305370313,0.9691077657509843,1.0610762036484203,1.1382001131452553,1.2758926254265188,1.390459800947895,0.5561839204347764,5220.776020534837
weak,10087,hybrid-s1,1.411618575622843,13.287112636541199,2197.3973083690457,7573.654202828482,2.49999999975,0.0,0.18663247125164534,0.3624888458565979,0.5293836998710103,0.6707436750616976,0.8278397726819188,0.9652215170301002,1.0814017511972902,1.1768179700132224,1.3235566404553327,1.411618575622843,0.5646474303056019,5314.845055147964
weak,10087,hybrid-s2,1.4574701495325035,13.35099478255929,2268.7722015827576,7610.067026058795,2.49999999975,0.0,0.18663247125164534,0.3624888458565979,0.5302975111552388,0.6676898255659135,0.8358196377720823,0.9779039217149156,1.0792402062661046,1.163558319800196,1.3156422272819488,1.4574701495325035,0.5829880598713002,5340.397913557756
weak,10087,hybrid-s3,1.4114027049395383,13.29616489289308,2197.0612730783228,7578.813988949054,2.49999999975,0.0,0.18663247125164534,0.36076521595488464,0.5327552245558934,0.6745314429972231,0.8490483242167304,0.9917544797046298,1.077942547324972,1.1614936312211013,1.2951940897948646,1.4114027049395383,0.5645610820322714,5318.465957689078
weak,10087,hybrid-s4,1.2863278230837123,12.26745274271649,2002.3633472499507,6992.448063348399,2.49999999975,0.0,0.16026251419375998,0.3335978444185729,0.48738554492004504,0.6364542973784992,0.8165153486223182,0.926385127664645,1.0022234430087442,1.0544693082097876,1.1770492586713341,1.2863278230837123,0.514531129284938,4906.981097577294
weak,10088,max-exp-cap-V,1.4456211217563402,13.30117467480613,2250.32740198054,7581.669564639494,2.49999999975,0.0,0.16603325163818958,0.3318418953796798,0.5252283422958047,0.7102119637477093,0.8429116447144721,0.9326449362852688,1.067040460043792,1.1944609789141447,1.3287438451276405,1.4456211217563402,0.578248448760361,5320.469870454499
weak,10088,max-exp-cap,1.4887118907508943,13.44513443281587,2317.4046857733,7663.726626705045,2.49999999975,0.0,0.17456248836914454,0.3384450847853217,0.531381307153651,0.7013609006222494,0.82812264910387,0.9352969351403734,1.0672247292351371,1.204075509832747,1.3680373842797864,1.4887118907508943,0.5954847563599062,5378.053773664154
weak,10088,rolling-lp-V,1.275697396765819,11.995760480036997,1985.8154846890975,6837.583473621088,2.4999999975000056,0.0,0.1680871557240399,0.32662827109398423,0.4864909081847425,0.6491735766271887,0.7471310364287657,0.8578315528620482,0.9616977547974535,1.0565338846484933,1.1768625597145075,1.275697396765819,0.5102789592166054,4798.304196813093
weak,10088,ppo-s0,1.3701925895702165,12.5104659955151,2132.911510420113,7130.965617443607,2.49732330158278,0.0,0.1710576048734076,0.3210352946541489,0.4805320916528199,0.6401356414119934,0.7707051539020373,0.8838247590883966,1.0095761300355763,1.1310508324844597,1.2586732922523027,1.3701925895702165,0.548664479565702,5009.550020049901
weak,10088,ppo-s1,1.386565374535375,12.458407180193106,2158.3982206648193,7101.2920927100695,2.496788564053361,0.0,0.16475746843741038,0.32012054348318486,0.4778766419151287,0.635369127770288,0.7674081065484166,0.8791839453498167,0.9999005666962286,1.117981922804883,1.254176859605337,1.386565374535375,0.5553395247390847,4989.772606122385
weak,10088,ppo-s2,1.369311515835254,12.514853522292169,2131.5399862087465,7133.466507706536,2.497797480795588,0.0,0.17174442448963645,0.3267387767739206,0.4957453107740427,0.65190080482786,0.772499411897418,0.8775206530152925,1.0019874425193387,1.1196362226537628,1.2525173953949982,1.369311515835254,0.5482075814245383,5010.355570662995
weak,10088,ppo-s3,1.3591064223784726,12.358692554668385,2115.65421842357,7044.454756160979,2.496037758518075,0.0,0.17137220598643466,0.3254198423071764,0.4746123031463974,0.6340262468659421,0.7592710348615894,0.8678747070120687,0.9912036840339786,1.1115326675455397,1.2448642890673618,1.3591064223784726,0.5445055539485865,4951.32435897359
weak,10088,ppo-s4,1.3762278256865792,12.566554682740104,2142.306266076127,7162.936169161859,2.4977652760415263,0.0,0.16862601864898874,0.3219957516950936,0.49774622958647463,0.6529273726774213,0.7758225115455665,0.8849855059013685,1.008155617977345,1.1290778474101986,1.2572503506243904,1.3762278256865792,0.5509836488189288,5031.119138086368
weak,10088,residual-s0,1.412495197013809,12.890013743017889,2198.7619018351793,7347.307833520196,2.49999999975,0.0,0.164098015934984,0.31997570652749147,0.515583270394223,0.6970507248198818,0.8168691723608685,0.8990717874096794,1.0275343235148857,1.1488262025707938,1.279102283723454,1.412495197013809,0.5649980788620235,5156.005497722756
weak,10088,residual-s1,1.3909762129957919,12.813100425754282,2165.264356268266,7303.467242679941,2.49999999975,0.0,0.164098015934984,0.3226650781150919,0.5149927752706036,0.6977394333470973,0.8034663958831026,0.8905846133856921,1.0276163411277577,1.1430299473090715,1.2760283868041382,1.3909762129957919,0.5563904852539558,5125.240170814237
weak,10088,residual-s2,1.3703270451928762,12.704618050423413,2133.120810884438,7241.632288741344,2.49999999975,0.0,0.16603325163818958,0.32396103965594114,0.5171490398233677,0.699893566176245,0.7915698187303645,0.8860521134734951,1.0244933485524053,1.131770787888495,1.2502575905512683,1.3703270451928762,0.5481308181319635,5081.84722067755
weak,10088,residual-s3,1.392299498044455,12.789142827118187,2167.324249113509,7289.8114114573655,2.4999999997500004,0.0,0.164098015934984,0.31997570652749147,0.5105714652110656,0.6941698234105741,0.8112652270757368,0.8947456134068874,1.021501843431573,1.135116753559548,1.2720627772410293,1.392299498044455,0.5569197992734739,5115.657131358839
weak,10088,residual-s4,1.3824160608090816,12.74541301025856,2151.939187770815,7264.885415847378,2.49999999975,0.0,0.164098015934984,0.31997570652749147,0.5125232774892488,0.6947382556838074,0.7952039128212801,0.8951415052610814,1.028115335722854,1.1346667599772025,1.2608356494179007,1.3824160608090816,0.5529664243789293,5098.16520461324
weak,10088,hybrid-s0,1.342528325194978,12.54524051478446,2089.8479087320034,7150.787093427141,2.4999999997500004,0.0,0.1753682951344459,0.33683170885848673,0.5124684244818939,0.6724664185729073,0.7800752324836877,0.8754759469883682,1.0060689480941312,1.1234526752090734,1.2343867329597142,1.342528325194978,0.5370113301316922,5018.096206415593
weak,10088,hybrid-s1,1.3639840548729265,12.617287744653824,2123.2469893743187,7191.854014452679,2.49999999975,0.0,0.17100633420438416,0.33420841104630755,0.5132500958994441,0.6799012227701929,0.7813132912061114,0.874051226471131,1.0087398951362172,1.1254554880068495,1.253496174567739,1.3639840548729265,0.54559362200373,5046.915098366221
weak,10088,hybrid-s2,1.3178070774425403,12.247934164190541,2051.3655564813166,6981.322473588608,2.4999999997500004,0.0,0.17100633420438416,0.33420841104630755,0.5133141275301388,0.6795674622885908,0.7659769838733701,0.8486752082817429,0.9592835979995269,1.0691392396813444,1.2091532393139257,1.3178070774425403,0.5271228310297283,4899.173666166133
weak,10088,hybrid-s3,1.3602659534103883,12.58723478096927,2117.4592034333327,7174.723825152484,2.4999999997500004,0.0,0.17100633420438416,0.3311629738414412,0.5164437140161778,0.6808522285883397,0.7876023951057706,0.8727372217083837,1.0023209020196262,1.1123525298209342,1.2513557733787013,1.3602659534103883,0.5441063814185658,5034.893912891197
weak,10088,hybrid-s4,1.320749371291286,12.240094462526821,2055.945680811865,6976.853843640288,2.49999999975,0.0,0.175803857481332,0.32109325076528916,0.4939541259886503,0.6638787854498096,0.7628376138645252,0.853267712911282,0.9710666539723951,1.0796274531598664,1.2208165948080139,1.320749371291286,0.5282997485693444,4896.037785500333
weak,10089,max-exp-cap-V,1.4688243308113138,13.650704126533517,2286.4466979457598,7780.901352124104,2.49999999975,0.0,0.16299095274691058,0.3220625929071149,0.5073463824806409,0.7011816948448477,0.8501279614206559,0.9860158754517228,1.1418445073879342,1.254557205240773,1.3743263336998865,1.4688243308113138,0.5875297323832785,5460.281651159436
weak,10089,max-exp-cap,1.5008339424511323,13.788059249223624,2336.274488309202,7859.193772057464,2.49999999975,0.0,0.16812697659679327,0.3364644542957664,0.5197140990514647,0.7003150088627065,0.842348483971899,0.9867233123508876,1.1274674012130301,1.2732551790042013,1.4022665691408265,1.5008339424511323,0.6003335770404863,5515.223700240972
weak,10089,rolling-lp-V,1.40721283684314,13.350410908018972,2190.5391111881077,7609.734217570814,2.4999999975000056,0.0,0.1930985120693521,0.38230500687250407,0.5559545111610482,0.7149119593292861,0.8495250312215682,0.9625451489571121,1.0564912447014283,1.1718271520850845,1.2824966291500646,1.40721283684314,0.5628851353001398,5340.164368547741
weak,10089,ppo-s0,1.3319839727994123,12.331238275347456,2073.4340332187207,7028.805816948049,2.4973321183781563,0.0,0.16464530087871776,0.3440616672507526,0.4988220452004155,0.6178667283314441,0.7511012026786797,0.8717979281202634,0.9904747859831263,1.1181166707261356,1.2327763404544492,1.3319839727994123,0.5333627686110262,4937.764658773434
weak,10089,ppo-s1,1.3196415563354593,12.01660534202992,2054.2211996778374,6849.465044957054,2.4978114530111233,0.0,0.1555468079461698,0.3315982104083123,0.48843826002124346,0.6053484476867704,0.7266004112701764,0.8451836270059652,0.958065109312706,1.0816411983497034,1.2074613078837504,1.3196415563354593,0.5283191230245282,4810.853648518524
weak,10089,ppo-s2,1.3670496421420362,12.73043318634632,2128.0190385170836,7256.3469162174015,2.498252119645899,0.0,0.18483865177588218,0.3599673577718864,0.5233709330662044,0.6406506979842572,0.7818747844008381,0.9010043286466283,1.0197364511021827,1.143092404677028,1.256506117312568,1.3670496421420362,0.5472024346108836,5095.735969254666
weak,10089,ppo-s3,1.36654183322323,12.56334761287168,2127.2285573130102,7161.108139336858,2.4960307724010193,0.0,0.16488763743353804,0.3359536332512511,0.4963495505405749,0.6307518157639975,0.7673629542510693,0.8944098869670565,1.0140482040079086,1.1433894331399923,1.2570598461014555,1.36654183322323,0.5474859718611184,5033.330418753835
weak,10089,ppo-s4,1.333198145649416,12.354568053643016,2075.3240764630973,7042.103790576518,2.497616204481343,0.0,0.16161277366855537,0.3325305397171887,0.4954576789850808,0.6155278592386104,0.7579567774497724,0.8824606591951376,0.9984908982760663,1.126454450882253,1.2329440208917974,1.333198145649416,0.5337882350608264,4946.543841073683
weak,10089,residual-s0,1.3971047927358233,13.356282925706598,2174.804415358894,7613.08126765276,2.49999999975,0.0,0.16292098208132508,0.3228466660656332,0.5107478416897161,0.6981519568859852,0.8563561333408839,0.9788921389739571,1.109134317475957,1.2249319799705682,1.3190534355115244,1.3971047927358233,0.5588419171502135,5342.513170816891
weak,10089,residual-s1,1.3934273766256187,13.065319715098642,2169.079962307721,7447.232237606225,2.49999999975,0.0,0.16292098208132508,0.3273148009630715,0.5102937267103224,0.6729913719542254,0.8158531339973422,0.9425383346027976,1.0724570677892402,1.1955479204860084,1.299879366771635,1.3934273766256187,0.5573709507059845,5226.12788656207
weak,10089,residual-s2,1.4076296989131174,13.208741420836677,2191.188019899248,7528.982609876905,2.49999999975,0.0,0.16299095274691058,0.32530695104048357,0.5109773753513751,0.6811721402580698,0.8465866608460528,0.980833750513579,1.0703699582481718,1.201444018309672,1.2980473677629754,1.4076296989131174,0.5630518796215521,5283.496568863021
weak,10089,residual-s3,1.3557194819675393,12.945470081261728,2110.3819346274267,7378.917946319185,2.49999999975,0.0,0.16292098208132508,0.3243673343054289,0.5113871955818626,0.6928612495686105,0.8234265656819152,0.9573693581695691,1.0582289960249636,1.1602930425617903,1.2696578961351612,1.3557194819675393,0.5422877928412445,5178.18803302251
weak,10089,residual-s4,1.3892610755912542,13.096340054314027,2162.5944861055336,7464.913830958994,2.49999999975,0.0,0.16292098208132508,0.3243673343054289,0.5106413845469343,0.6813275764903979,0.8203147834272846,0.9611622700024913,1.0669824162811314,1.1852328771283074,1.3109409968973704,1.3892610755912542,0.5557044302920722,5238.536022249465
weak,10089,hybrid-s0,1.329434696530324,12.501835334551266,2069.465700052297,7126.046140694221,2.49999999975,0.0,0.16562105794081064,0.3346129445158227,0.5010443689247444,0.6354296664415365,0.7720145516731199,0.909685698769443,1.0185660363500917,1.1337607656401028,1.231069225119945,1.329434696530324,0.531773878665307,5000.73413432058
weak,10089,hybrid-s1,1.3506336820241804,12.831054290588243,2102.465119632619,7313.700945635298,2.49999999975,0.0,0.1643009583878332,0.33636957565754144,0.5012682271011201,0.6617554598342323,0.8019273869038275,0.9404510843623549,1.0553952798248574,1.1688440057853375,1.261785189217215,1.3506336820241804,0.5402534728636975,5132.421716748539
weak,10089,hybrid-s2,1.378753667582621,12.75726027325022,2146.238120104953,7271.638355752625,2.49999999975,0.0,0.1643009583878332,0.33636957565754144,0.5070355784183525,0.6557328685219211,0.8111162110876029,0.9238107109115918,1.0128832834128214,1.137864553387857,1.2674578108745047,1.378753667582621,0.5515014670881986,5102.904109810378
weak,10089,hybrid-s3,1.3581064785614525,12.88236142357109,2114.097654993487,7342.946011435521,2.49999999975,0.0,0.1643009583878332,0.33222367815398024,0.5054357436931927,0.6585197185208549,0.8082522902176509,0.9366298718974535,1.0585810983920225,1.1764853713941594,1.2771555883173973,1.3581064785614525,0.5432425914789053,5152.94456994373
weak,10089,hybrid-s4,1.3639765659442942,12.380102238922955,2123.235331726918,7056.658276186084,2.4999999997500004,0.0,0.13687046540513223,0.3094484325055951,0.46846059500378234,0.6118075143114129,0.7640253990440153,0.8891318043760617,1.0071810042959743,1.1395659284423012,1.262569377780922,1.3639765659442942,0.5455906264322766,4952.040896064385
weak,10090,max-exp-cap-V,1.5064074639112572,13.562454389917402,2344.950515435872,7730.599002252919,2.4999999997500004,0.0,0.1511023583130263,0.3074754683803963,0.4786592816677987,0.6617622506391574,0.8372517848322504,1.0071782450480762,1.1166141226386888,1.2494115120346303,1.3967232952372584,1.5064074639112572,0.6025629856247591,5424.981756509458
weak,10090,max-exp-cap,1.5481650806432303,14.315288569382059,2409.9525465760885,8159.714484547773,2.49999999975,0.0,0.18703607162672947,0.36541552840222175,0.545173186105494,0.7223343051580742,0.8846572218335741,1.0295113761414607,1.1640895266367348,1.3135274290238046,1.4363003466707625,1.5481650806432303,0.6192660323192187,5726.1154283254355
weak,10090,rolling-lp-V,1.3215341814889383,12.614384504141647,2057.1673563024565,7190.199167360738,2.4999999975000056,0.0,0.18231257524607306,0.3501214844219196,0.5171234742942203,0.6821856695521786,0.8176563817749117,0.8962418545937142,0.9955564767135798,1.116307838866201,1.2245012015926622,1.3215341814889383,0.5286136731241878,5045.753806702401
weak,10090,ppo-s0,1.4117835760277293,13.161537278700695,2197.654156395728,7502.076248859396,2.4969875834590223,0.0,0.18628255602699925,0.36299261805731,0.5306617376170235,0.6755057852594432,0.8141126695264809,0.9354069023730367,1.054108145929875,1.1805818023619172,1.3035989133822872,1.4117835760277293,0.5653947121643338,5270.966249847469
weak,10090,ppo-s1,1.4378511919447068,13.12694689124608,2238.2323338444703,7482.359728010265,2.4969502586558576,0.0,0.17945531531024222,0.35608493587639256,0.5248765711274143,0.6626773834103904,0.8062058754265623,0.9244556725783807,1.0500041836176375,1.1800251267603936,1.3111774196190438,1.4378511919447068,0.5758429455934463,5257.191986800928
weak,10090,ppo-s2,1.4292298604946554,13.333581368654805,2224.8119305924506,7600.141380133238,2.4971647342820584,0.0,0.1875298690764176,0.36498137736264236,0.530526828945657,0.6778794908324351,0.8238751079541244,0.9550221013483303,1.0711211897983004,1.2000990532666673,1.3252917764633239,1.4292298604946554,0.5723410397694739,5339.488094480176
weak,10090,ppo-s3,1.431044666811881,13.32660563910524,2227.636950456562,7596.165214289987,2.4962775629202087,0.0,0.18638521380119488,0.36449449046438226,0.5300197302699796,0.6771364318757306,0.8212275678610131,0.9493757772866898,1.0745122231565383,1.2023994240426923,1.3244798878351356,1.431044666811881,0.5732714534908565,5338.591283701417
weak,10090,ppo-s4,1.4367151135082308,13.211598923177894,2236.46385633821,7530.611386211398,2.4969490267748946,0.0,0.173963988490184,0.35129196254422446,0.5198465677165438,0.6711348704261535,0.8158837769718245,0.9431423355066703,1.066227527894938,1.192300929101127,1.3166874750469026,1.4367151135082308,0.5753882430527301,5291.096767098301
weak,10090,residual-s0,1.5231838351583638,13.618092224689983,2371.0654686245025,7762.312568073289,2.4999999997500004,0.0,0.14266356592698637,0.31384444788785654,0.4868439531094554,0.6695476887547048,0.8582558543748422,1.0055443153467536,1.1180971583558512,1.2468479262129541,1.383499049623882,1.5231838351583638,0.6092735341242728,5447.236890420716
weak,10090,residual-s1,1.388403388283032,12.856073820291599,2161.2593663961047,7327.962077566211,2.49999999975,0.0,0.14266356592698637,0.3164657991212739,0.48736269284820166,0.6646475503465672,0.81570535454518,0.9477595602083924,1.0477417054946463,1.1652944360914228,1.2827594621763154,1.388403388283032,0.555361355368749,5142.4295286308825
weak,10090,residual-s2,1.424445562764238,13.14251603531981,2217.3644492849617,7491.234140132291,2.49999999975,0.0,0.1511023583130263,0.32262236658218035,0.4939504542672394,0.67739116876282,0.8595646635547004,0.95354808397122,1.054668296766038,1.1824047506710547,1.323117662883803,1.424445562764238,0.5697782251626731,5257.006414653624
weak,10090,residual-s3,1.3917995012585989,12.847771153449493,2166.5459286731243,7323.229557466211,2.4999999997500004,0.0,0.14266356592698637,0.31384444788785654,0.48650157809303907,0.6702345103764862,0.8123582355255473,0.9367356534537811,1.0410828931714826,1.172391425008869,1.2858580313177101,1.3917995012585989,0.5567198005591114,5139.1084618937075
weak,10090,residual-s4,1.460691193693104,13.1624598034093,2273.7862428336093,7502.6020879433,2.49999999975,0.0,0.14266356592698637,0.31384444788785654,0.4862828005716116,0.6681311579126015,0.8242969280952782,0.9595245042912786,1.0719715380544252,1.1994621288150638,1.3287590756136534,1.460691193693104,0.5842764775356692,5264.983921890218
weak,10090,hybrid-s0,1.4764776890731401,13.857299661076272,2298.36030487538,7898.660806813475,2.49999999975,0.0,0.18747412319544104,0.3724097070913203,0.5451978072172985,0.7022400296330357,0.8637536403087532,1.0080513227635524,1.121265492137041,1.2424465578708412,1.3826794304887893,1.4764776890731401,0.5905910756883151,5542.919864984801
weak,10090,hybrid-s1,1.424039678014723,13.563563304695037,2216.73262842946,7731.231083676171,2.49999999975,0.0,0.1906871939449449,0.380431956918585,0.5506558300609771,0.7021219301858426,0.8606672620075932,0.9775675457467756,1.0758034481212844,1.212032471943232,1.3392908379331228,1.424039678014723,0.5696158712628508,5425.425322420558
weak,10090,hybrid-s2,1.5009755875896944,13.959896642481603,2336.494980339836,7957.141086214513,2.49999999975,0.0,0.1906871939449449,0.380431956918585,0.5520236799617526,0.7118739372607704,0.8850811446978355,0.9852423503432819,1.1066023327297798,1.2647375968253662,1.3902488126976749,1.5009755875896944,0.6003902350959168,5583.958657551037
weak,10090,hybrid-s3,1.4420998573151824,13.733896882292058,2244.8460225635527,7828.321222906472,2.49999999975,0.0,0.1906871939449449,0.37352881757645956,0.5469636050464142,0.7052214554709844,0.8736226431044439,1.0104891408791745,1.1080791207089635,1.222848760730302,1.3491806677341767,1.4420998573151824,0.576839942983757,5493.558753466179
weak,10090,hybrid-s4,1.3782078923412542,13.029224872157156,2145.3885385911753,7426.658177129579,2.4999999997500004,0.0,0.19270737010828937,0.3627781848334897,0.5342208450844106,0.6847409645124404,0.8395680717648797,0.9343371917389114,1.0346293620170561,1.1497028868465766,1.2591438124190952,1.3782078923412542,0.5512831569916299,5211.68994938403
weak,10091,max-exp-cap-V,1.479159597018377,13.46382549044853,2302.5350992581734,7674.380529555661,2.49999999975,0.0,0.18741677789447217,0.35746411433661324,0.5069107009651175,0.661737472849687,0.8169641226343404,0.9739945441970987,1.120230068226193,1.2098200167669044,1.3355286895010166,1.479159597018377,0.5916638388665172,5385.530196717965
weak,10091,max-exp-cap,1.4932116600945653,13.673882938189854,2324.409255715079,7794.113274768216,2.49999999975,0.0,0.1739635534312898,0.36897980255841195,0.520478565309666,0.6906272083890258,0.8266393332907527,0.979498013704164,1.1220091095903966,1.243164296265298,1.3655964741952267,1.4932116600945653,0.5972846640975545,5469.553175822897
weak,10091,rolling-lp-V,1.4059736613335554,13.249467411743582,2188.6101475315077,7552.196424693841,2.4999999975000056,0.0,0.17891534971472067,0.40058068342725783,0.54683813130209,0.7059418167713398,0.8254964651272334,0.9465836255561814,1.0669329601541726,1.1625921483254122,1.2716666042702625,1.4059736613335554,0.5623894650958103,5299.786969997208
weak,10091,ppo-s0,1.3894472386969874,12.889469769018993,2162.8842770692686,7346.997768340825,2.4968967644466384,0.0,0.17703294105366238,0.37898799805437594,0.5158856109124547,0.6376537369420241,0.7874603810118965,0.9198547115911332,1.0462348760839228,1.1555023015373234,1.2721974368790139,1.3894472386969874,0.556469638024829,5162.1957113135
weak,10091,ppo-s1,1.3641919793738495,12.462192303942903,2123.5706552331862,7103.449613247453,2.497064228402892,0.0,0.15818742324167595,0.3541573502125796,0.49362400631247066,0.6127158411121478,0.758174827780603,0.8871360924585667,1.0133997855524093,1.1222646198927082,1.241920212869731,1.3641919793738495,0.5463183380935215,4990.737587840761
weak,10091,ppo-s2,1.3832277762518301,12.753760383812367,2153.2027453350597,7269.643418773048,2.4969953576633013,0.0,0.18888873669587192,0.37522963033644463,0.5151003299485596,0.6359814664929145,0.7738467473827064,0.9048670553773641,1.0292343801316313,1.1353850418034834,1.2513157080519248,1.3832277762518301,0.5539568874274001,5107.642809455357
weak,10091,ppo-s3,1.3686752643854148,12.800841815719606,2130.5495648247647,7296.479834960175,2.496635787373922,0.0,0.17723461894319345,0.36956224064097876,0.5078707837997356,0.6399434870839643,0.7832896607565573,0.9160954702415213,1.0419422111163912,1.1506322119211285,1.2680762613723529,1.3686752643854148,0.5482078208231771,5127.236371623163
weak,10091,ppo-s4,1.3680184910393258,12.677780859735668,2129.5271980127754,7226.33509004933,2.4975530061905613,0.0,0.17666306275268234,0.36793508730785984,0.5042806333360682,0.6245558302630294,0.7694187620166304,0.9019638240736902,1.0323140240452957,1.141121368636216,1.2579961781294853,1.3680184910393258,0.5477435264230572,5076.0807992110185
weak,10091,residual-s0,1.398198064625189,13.149746952538903,2176.50625801561,7495.355762947173,2.49999999975,0.0,0.17602905569601746,0.360546031731119,0.5115975634640683,0.6658106955646829,0.8109798386771275,0.9592058297445377,1.0722684741782986,1.1835200114574485,1.3093049793186295,1.398198064625189,0.5592792259060035,5259.898781541551
weak,10091,residual-s1,1.3858476816585887,13.034594014943421,2157.2810234113117,7429.71858851775,2.49999999975,0.0,0.17602905569601746,0.3663366493715677,0.5062960333590197,0.6546935142679189,0.8075834090637413,0.947181963547886,1.0816564652763259,1.1676508395189078,1.2802101329974178,1.3858476816585887,0.5543390727188694,5213.837606498752
weak,10091,residual-s2,1.3494415996658042,12.841388639838932,2100.6094635716363,7319.591524708191,2.49999999975,0.0,0.18741677789447217,0.3704915069683813,0.5189782814160357,0.6669308687951028,0.8081094327308682,0.9426988897950196,1.0372629852074982,1.136093084633629,1.2319462575421325,1.3494415996658042,0.5397766399202993,5136.555456449229
weak,10091,residual-s3,1.3965419018919838,13.049643923066247,2173.9281908273397,7438.29703614776,2.4999999997500004,0.0,0.17602905569601746,0.3584787106220387,0.5051231206838224,0.6592975513504367,0.8040314374425346,0.9551499904869655,1.0759337623237641,1.168088993227274,1.284479354231174,1.3965419018919838,0.5586167608126551,5219.857569748484
weak,10091,residual-s4,1.3621982057645106,12.95733248423125,2120.467045774997,7385.679516011812,2.49999999975,0.0,0.17602905569601746,0.360546031731119,0.5074719139129038,0.6609139266546826,0.796800656243349,0.9524170216103496,1.0729996487016076,1.16385079327043,1.2706253130853389,1.3621982057645106,0.5448792823602921,5182.932994210793
weak,10091,hybrid-s0,1.3880522482114146,12.943418546496174,2160.712763892031,7377.748571502819,2.49999999975,0.0,0.17268404923772476,0.37114505083584093,0.5029939134369278,0.6433886435580328,0.7886893193327962,0.9312866495907339,1.0676431396038948,1.1675753988860733,1.2814557736065624,1.3880522482114146,0.5552208993400879,5177.367419116206
weak,10091,hybrid-s1,1.381682718916768,13.00533764697488,2150.7976304634003,7413.042458775681,2.49999999975,0.0,0.1733469549288765,0.37532026134764074,0.5097906622076142,0.6527530957943432,0.8095396833518613,0.9457375273726445,1.06775397092113,1.1618947978099463,1.2768716409300298,1.381682718916768,0.5526730876219745,5202.135059310165
weak,10091,hybrid-s2,1.442601215254058,13.29190039919569,2245.6264618439927,7576.383227541543,2.49999999975,0.0,0.1733469549288765,0.37532026134764074,0.5097906622076142,0.6700667218864306,0.8140692680158343,0.9581848194975005,1.074508661425552,1.2053443544746687,1.3155476817079315,1.442601215254058,0.5770404861593272,5316.760160209952
weak,10091,hybrid-s3,1.312196859299252,12.608323874234552,2042.6324054302363,7186.744608313694,2.49999999975,0.0,0.1733469549288765,0.3705284213364268,0.5047377595295801,0.6503862078395966,0.8066840921957261,0.9349488765709941,1.0274601066700018,1.1059540930274927,1.2134043894107784,1.312196859299252,0.5248787437721887,5043.329550198154
weak,10091,hybrid-s4,1.3600166517689065,12.667465728748018,2117.071127811898,7220.45546538637,2.49999999975,0.0,0.17104351980988805,0.3636645842236462,0.4989021593883095,0.6327509463691054,0.7900432663014512,0.9219428669106953,1.0246624709940657,1.126322487983063,1.2482918182051117,1.3600166517689065,0.5440066607619632,5066.986292005906
weak,10092,max-exp-cap-V,1.51949560505635,14.202586677832318,2365.3241819633836,8095.47440636442,2.49999999975,0.0,0.18813666668085155,0.3778430687162123,0.5401784100853735,0.6938636260942341,0.8691357200431344,1.0280600483764488,1.1777967236102547,1.2968471870963343,1.4324527805248688,1.51949560505635,0.6077982420833198,5681.034671701031
weak,10092,max-exp-cap,1.541183310579556,14.192129545536488,2399.0843680110675,8089.513840955798,2.49999999975,0.0,0.19030821405378257,0.3684116382055294,0.540451318843016,0.7062323466717271,0.862686592915755,1.0153939917841224,1.1587562740390316,1.3006444264732036,1.4330240107504948,1.541183310579556,0.6164733242934698,5676.851818782281
weak,10092,rolling-lp-V,1.4003345126469449,13.112605394367785,2179.831961724493,7474.185074789637,2.4999999975000056,0.0,0.17885509241759093,0.3705999880648584,0.5345252806811012,0.6996717224024753,0.8377328987675874,0.9280596090540028,1.0485444174953331,1.1525399032959336,1.2727372044296825,1.4003345126469449,0.5601338056189105,5245.042162992145
weak,10092,ppo-s0,1.3674734264562662,12.750794587807125,2128.6787227458826,7267.95291505006,2.4974306665922534,0.0,0.18743264679334776,0.3692302359229441,0.5243142589909091,0.6361064004263929,0.7786568001160327,0.8925923120928883,1.0302417740599634,1.142664872063551,1.262458903964598,1.3674734264562662,0.5475521081520894,5105.564994605274
weak,10092,ppo-s1,1.4087081059388211,12.944823195968874,2192.8667231527543,7378.549221702258,2.4969396668913704,0.0,0.18642895894341505,0.3604868364165683,0.5333755310181538,0.6558976635322601,0.7906659982200885,0.9002591558520239,1.0348855216173054,1.1593032105409344,1.2858055577822343,1.4087081059388211,0.564173866360427,5184.275522397731
weak,10092,ppo-s2,1.4176836929655905,13.042374146249879,2206.8385786626272,7434.15326336243,2.4978126415106177,0.0,0.18464452349051153,0.36297329732385636,0.5338775394897354,0.6461930749285479,0.7941273372612037,0.9148470981189628,1.0547890790070606,1.1693701211684078,1.2999779746895668,1.4176836929655905,0.5675700688696207,5221.518191357283
weak,10092,ppo-s3,1.3822123462928955,12.89522159295692,2151.6220753884236,7350.276307985444,2.4960679430814245,0.0,0.18682205718480127,0.3662883702835043,0.5270514055488135,0.6426069533058231,0.791802047093882,0.9116789247067565,1.0445253761640805,1.1549236370983151,1.276041114383125,1.3822123462928955,0.5537558984017632,5166.214176460927
weak,10092,ppo-s4,1.3960451094390607,12.803819298116654,2173.154858414659,7298.1769999264925,2.497354707731299,0.0,0.18658942219821842,0.3637793896876441,0.510882444688474,0.6286464284183264,0.7757386992047312,0.896875715985776,1.0363108867295179,1.1498256968937823,1.2805411659957198,1.3960451094390607,0.5590095412226348,5126.952634513091
weak,10092,residual-s0,1.4888319691694631,13.764254663278463,2317.591605950119,7845.625158068723,2.49999999975,0.0,0.18988393656462843,0.3735717132202064,0.535031749431527,0.677517177270313,0.8335320257246778,0.9817536955392663,1.138164250693197,1.255824302223774,1.368112426858593,1.4888319691694631,0.5955327877273385,5505.701865861955
weak,10092,residual-s1,1.4754150910346884,13.44823769705295,2296.706210695908,7665.4954873201805,2.49999999975,0.0,0.18988393656462843,0.3756999872425564,0.5385166921707109,0.6430388100383271,0.8141825658726479,0.9509058862886536,1.091435265636242,1.2145804257111037,1.3455537705512568,1.4754150910346884,0.590166036472892,5379.295079359109
weak,10092,residual-s2,1.4089947181025928,13.327394942983988,2193.31287823182,7596.615117500873,2.49999999975,0.0,0.18813666668085155,0.37354150570254235,0.5357306080678244,0.6481314434247047,0.8059308308658363,0.9681658126718677,1.1082851580492445,1.2079549895335284,1.3167107329056134,1.4089947181025928,0.5635978872973969,5330.957977726691
weak,10092,residual-s3,1.519440019266672,13.849861881545104,2365.2376542945563,7894.4212724807085,2.49999999975,0.0,0.18988393656462843,0.3738055683420308,0.5351499092460592,0.6750285323718274,0.8553975055682963,0.986620495095968,1.1296496588812297,1.2477918762257345,1.384450232954013,1.519440019266672,0.6077760077674463,5539.944753172036
weak,10092,residual-s4,1.461013716533881,13.304775034694531,2274.2882982999013,7583.7217697758815,2.49999999975,0.0,0.18988393656462843,0.37251492852157914,0.5169815549328092,0.6194013636329363,0.7926840569017687,0.9411692625604345,1.0906396024064757,1.2139863672877562,1.3487765390302515,1.461013716533881,0.584405486671993,5321.910014410003
weak,10092,hybrid-s0,1.4497630051544799,13.585759137483883,2256.7748684476305,7743.8827083658125,2.49999999975,0.0,0.18954883049840632,0.367582679257136,0.5484332783275205,0.6529573342725424,0.8215901539353379,0.9800681483109736,1.1307353236548554,1.227961924227222,1.3589161867340716,1.4497630051544799,0.5799052021197825,5434.303655536984
weak,10092,hybrid-s1,1.4690647585095156,13.550172104088618,2286.820959935513,7723.598099330512,2.49999999975,0.0,0.18881060077116785,0.3671846542765307,0.555871325672647,0.6638736491827582,0.829149630233942,0.963484871529664,1.1012995227712326,1.214893809135884,1.3510627612633572,1.4690647585095156,0.5876259034625688,5420.068842177455
weak,10092,hybrid-s2,1.3872868445601432,13.05938790099277,2159.521297619084,7443.851103565878,2.4999999997500004,0.0,0.18881060077116785,0.3671846542765307,0.5519874858441574,0.665098896739116,0.819247606593005,0.9289337586182294,1.0359239760244456,1.1654214893557513,1.279518143352227,1.3872868445601432,0.5549147378795487,5223.7551609194825
weak,10092,hybrid-s3,1.4878815408790693,13.715897362194227,2316.1121209084977,7818.061496450709,2.4999999997500004,0.0,0.18881060077116785,0.36658560161892817,0.5581028255240483,0.673212126653267,0.8420381063909436,0.9886309695593416,1.1190160665021778,1.2364976863724735,1.3503827601538598,1.4878815408790693,0.5951526164111429,5486.358945426326
weak,10092,hybrid-s4,1.3737592994097898,12.955318209998978,2138.4636324568705,7384.531379699418,2.49999999975,0.0,0.19734640398885833,0.3794473078225066,0.548534449727976,0.6454555638225425,0.8115601124810765,0.9225450564884077,1.0400074322075454,1.1478432793107944,1.2560596819780323,1.3737592994097898,0.5495037198188663,5182.127284517805
weak,10093,max-exp-cap-V,1.4270621640587093,13.099907969396606,2221.43758401189,7466.947542556064,2.49999999975,0.0,0.17261896325638662,0.3212006352999087,0.4919821393414635,0.628833381725626,0.7746623700615795,0.9356315811447049,1.0794794711093905,1.2304111443103738,1.3535618922143084,1.4270621640587093,0.5708248656805662,5239.963188282638
weak,10093,max-exp-cap,1.4455548371045301,12.906108552795416,2250.2242199184807,7356.481875093386,2.49999999975,0.0,0.16089928142052579,0.30195402857683334,0.466265392727649,0.624070211068205,0.7843267220204773,0.9183441011309978,1.0563596269496216,1.2034073289856353,1.3297645373214018,1.4455548371045301,0.5782219348996342,5162.443421634411
weak,10093,rolling-lp-V,1.2917801976479515,12.093128035640822,2010.8507909536386,6893.082980315268,2.4999999975000056,0.0,0.16721928153941892,0.30367513581284605,0.4721493821153902,0.6407534569063794,0.7452485893774947,0.8887459850472158,0.9834499719655498,1.0751707118594251,1.2004907695363296,1.2917801976479515,0.5167120795758915,4837.2512190935695
weak,10093,ppo-s0,1.3728172538046213,12.41319624119553,2136.9971963296434,7075.521857481452,2.4971302785220484,0.0,0.1589285326766521,0.29702983715939846,0.4609692506829577,0.6070353852038286,0.7507257353991001,0.888290394175416,1.0088260332321195,1.1528245711779728,1.2768498394666614,1.3728172538046213,0.5497579624148152,4970.984633025396
weak,10093,ppo-s1,1.3772294178618787,12.302147657916187,2143.865395424588,7012.224165012226,2.4972001170053444,0.0,0.15619197756814246,0.2935168580742993,0.4423846403475161,0.5924610632862759,0.7460180568520688,0.8825767230317432,1.0074605943440758,1.1380829962741568,1.2670363625472383,1.3772294178618787,0.5515094318966554,4926.376374140566
weak,10093,ppo-s2,1.39047622764685,12.515194433894935,2164.4860536311644,7133.660827320113,2.4972199306858025,0.0,0.16455152993451017,0.30157029428276516,0.4684299723529167,0.6183067333128363,0.7514993011197324,0.8914561032660805,1.0145680305145692,1.1518506304294323,1.2871121385713944,1.39047622764685,0.5568096788595582,5011.650868274919
weak,10093,ppo-s3,1.3803970346098713,12.387642590447898,2148.796268846194,7060.956276555302,2.496211324798323,0.0,0.15904571312447244,0.2961941537631295,0.4565401910811638,0.605776168348477,0.7476300627993588,0.8800622712339986,1.0057091305011738,1.149462130192613,1.277064189459001,1.3803970346098713,0.5529968640461151,4962.577674167364
weak,10093,ppo-s4,1.3932111485559204,12.54579023629642,2168.743370691151,7151.1004346889595,2.497410923176484,0.0,0.1641646711336127,0.3003942383604882,0.46770965415513105,0.6195400841107062,0.7545082331883385,0.8904861876132426,1.0160035833175844,1.1619972830488394,1.2914607682310746,1.3932111485559204,0.5578621986580726,5023.518604755398
weak,10093,residual-s0,1.4012930378865676,12.796375974567777,2181.3240508893164,7293.934305503632,2.49999999975,0.0,0.1810957803385515,0.32320112881670127,0.4946680185653508,0.633177114786704,0.7717352441456786,0.9027011079639701,1.0300381839775714,1.1720872356699716,1.3104564803238499,1.4012930378865676,0.5605172152106788,5118.550390338965
weak,10093,residual-s1,1.4640468284755137,13.106770954006164,2279.0097946953315,7470.859443783513,2.49999999975,0.0,0.1810957803385515,0.3219956265899384,0.4970700541913572,0.6255338312756611,0.7749835285250835,0.9250692689872169,1.0646066363768139,1.223487663803178,1.3419633382059608,1.4640468284755137,0.5856187314487674,5242.708382126737
weak,10093,residual-s2,1.4249552820722236,12.73163362645629,2218.157904298046,7257.031167080085,2.4999999997500004,0.0,0.17261896325638662,0.3149937381727213,0.48849894289067375,0.6146778421713456,0.7688591230365482,0.9136437617387312,1.0272006225916042,1.163932115502476,1.2894821459340384,1.4249552820722236,0.5699821128858875,5092.653451091781
weak,10093,residual-s3,1.3505481746151329,12.482427991289322,2102.3320144484487,7114.9839550349125,2.49999999975,0.0,0.1810957803385515,0.3231265351967134,0.5012738143708196,0.6330758544564129,0.7574363468933774,0.894528402014761,1.0117804197895892,1.1323385447709777,1.233567769017442,1.3505481746151329,0.5402192699000751,4992.971197015026
weak,10093,residual-s4,1.400964682922004,12.81148209115703,2180.8129168423566,7302.544791959506,2.49999999975,0.0,0.1810957803385515,0.3230705884216562,0.49839195090723765,0.6102255273644082,0.7712882025957812,0.9166879864020279,1.0332909876614949,1.188621043180834,1.3065208244681015,1.400964682922004,0.5603858732248401,5124.592836975271
weak,10093,hybrid-s0,1.395293940875634,12.578807069497882,2171.9855512038375,7169.920029613793,2.49999999975,0.0,0.15928980648824495,0.2966187420878361,0.46147672857540434,0.6205307282618251,0.763229909949513,0.9023486129931373,1.0185267270580478,1.1707197851257574,1.2926510423871762,1.395293940875634,0.5581175764060653,5031.522828302305
weak,10093,hybrid-s1,1.4013554746838834,12.455019271812048,2181.421243185263,7099.360984932867,2.49999999975,0.0,0.15698190956341154,0.291597850986861,0.45448898244985053,0.6251120953930965,0.760916032113624,0.8853463637572432,1.0114044616969233,1.144212178532215,1.2697487993672967,1.4013554746838834,0.5605421899296076,4982.00770922302
weak,10093,hybrid-s2,1.3677966242328004,12.248677282641157,2129.18182885152,6981.74605110546,2.4999999997500004,0.0,0.15698190956341154,0.291597850986861,0.4554766536828533,0.6170160326387676,0.759084279832887,0.8912193881463661,0.9954925193786722,1.0938716022571586,1.2400722038007976,1.3677966242328004,0.5471186497478319,4899.470913546409
weak,10093,hybrid-s3,1.4287684845190456,12.763604633158037,2224.093729270607,7275.25464090008,2.49999999975,0.0,0.15698190956341154,0.29589236651860573,0.4564466943636569,0.6306004574193255,0.7781357570000685,0.9106266146694908,1.040639403240096,1.1853668308816552,1.315942347316972,1.4287684845190456,0.571507393864769,5105.441853773759
weak,10093,hybrid-s4,1.315425355523437,12.102728347061674,2047.6580469424796,6898.555157825154,2.49999999975,0.0,0.15254425370517613,0.2977562261980955,0.4699804313517472,0.6136590520685304,0.7545110275803042,0.8889498520502711,0.9882304930497783,1.078225956188846,1.215568120217918,1.315425355523437,0.5261701422619918,4841.091339308779
weak,10094,max-exp-cap-V,1.4680798570050502,13.315618421712706,2285.2878121346166,7589.902500376242,2.49999999975,0.0,0.15026021363719447,0.30943349131483433,0.4677348583786498,0.6601354889245376,0.8049483551002067,0.9596561123588614,1.1076103156575012,1.2539668241223865,1.3721916557283125,1.4680798570050502,0.5872319428607433,5326.247369217707
weak,10094,max-exp-cap,1.4493121996165144,13.293419585523177,2256.073121606926,7577.249163748211,2.49999999975,0.0,0.17671811867199125,0.35836132036001045,0.5190416746634046,0.6652823243931721,0.7952726722995233,0.9447861724460831,1.0893164721016226,1.2021540023613797,1.3395115764193561,1.4493121996165144,0.5797248799045782,5317.367834741008
weak,10094,rolling-lp-V,1.2834942788694705,12.014588531253615,1997.9525081344536,6848.31546281456,2.4999999975000056,0.0,0.15106151601499884,0.3522439763811725,0.4999830142099129,0.6209131514446022,0.7301644463720723,0.8698809545591031,0.9567630592614939,1.0707079373343815,1.1830169928522123,1.2834942788694705,0.5133977120611848,4805.835417307271
weak,10094,ppo-s0,1.3849567622144736,12.737816131724559,2155.8941728680566,7260.555195082999,2.4971207760186327,0.0,0.16630315194291742,0.3445679996786288,0.48875254485684727,0.6597850783860674,0.7716216513851339,0.9028341724023928,1.0192237733983058,1.1594775697042887,1.2853115044502306,1.3849567622144736,0.5546214566452109,5101.001222709588
weak,10094,ppo-s1,1.3958243668425196,12.802534861334399,2172.8112392558733,7297.444870960607,2.497328803973825,0.0,0.17887975547403648,0.3471924013256388,0.4905100438158434,0.6583458632732612,0.7710264290871305,0.9040794473511853,1.0303310156180034,1.1606842387454246,1.2875362693556145,1.3958243668425196,0.5589269481140977,5126.491490012297
weak,10094,ppo-s2,1.38737304284205,12.700245597079396,2159.6554782511043,7239.139990335255,2.4975029809511424,0.0,0.15532406956698247,0.3276360721861616,0.4855632745771054,0.6525697247396395,0.7754398183519802,0.9053016457483591,1.0251980955208841,1.1586588422029938,1.2856341309360522,1.38737304284205,0.55550405882346,5085.177352718381
weak,10094,ppo-s3,1.3779276692588454,12.612129478257557,2144.9523290812826,7188.913802606807,2.49609441034391,0.0,0.16698088378774822,0.34486995672257764,0.4860315862316036,0.6407162320470758,0.762140302696788,0.8946353613700528,1.013506653732824,1.145676085600449,1.2696077676472235,1.3779276692588454,0.5520334741941894,5052.745371325865
weak,10094,ppo-s4,1.3834417952332383,12.671322348444866,2153.5358981723825,7222.653738613573,2.497063976358129,0.0,0.16809208344919094,0.34160258982411223,0.4777613905303528,0.6474623348988837,0.7673915186857386,0.9009135648195192,1.0206736547057338,1.1573137142026706,1.2754656366049517,1.3834417952332383,0.5540273730795374,5074.488466621307
weak,10094,residual-s0,1.4364293507428942,12.997607875588518,2236.019023475972,7408.636489085454,2.49999999975,0.0,0.14695690382783907,0.32045541564655,0.47904076282212693,0.6651023481550674,0.7913527059998258,0.943452198152896,1.050493880088704,1.1972449620035253,1.3191971439097046,1.4364293507428942,0.5745717403546149,5199.043150755311
weak,10094,residual-s1,1.3943904607711741,12.626280125675637,2170.5791480975104,7196.979671635112,2.49999999975,0.0,0.14695690382783907,0.3211970699902343,0.47414383829337575,0.6538680545514868,0.763487250963459,0.9021746773663368,1.0249394949316974,1.1538593412079117,1.2761658509982494,1.3943904607711741,0.5577561843642452,5050.512050775305
weak,10094,residual-s2,1.3906274293649905,12.718650891817417,2164.7214219198795,7249.631008335927,2.4999999997500004,0.0,0.15026021363719447,0.31859559235674645,0.4741831069865683,0.6668140074535844,0.7937863992115954,0.9322273625301487,1.023143729856994,1.1574557415859852,1.2634287833502305,1.3906274293649905,0.5562509718016212,5087.460357235712
weak,10094,residual-s3,1.3917367546149593,12.636408876414755,2166.4482540546237,7202.753059556409,2.49999999975,0.0,0.14695690382783907,0.31829530278960466,0.4714725112448396,0.6620594713021046,0.7632028534160086,0.9084888369959323,1.0213829445251146,1.1542154236335036,1.2798786986318544,1.3917367546149593,0.5566947019016532,5054.563551071358
weak,10094,residual-s4,1.3644348733291691,12.491985210810961,2123.948756324271,7120.431570162247,2.49999999975,0.0,0.14695690382783907,0.31829530278960466,0.4718843538943763,0.6456417461226218,0.7549387844525224,0.8992655845564123,1.0164461682095607,1.1528187008044775,1.2542288271604534,1.3644348733291691,0.545773949386245,4996.794084824064
weak,10094,hybrid-s0,1.4192555116121492,13.11956756612833,2209.2853515535753,7478.153512693147,2.49999999975,0.0,0.18098916695659575,0.36195527690701684,0.5238065632003048,0.6898671883188923,0.802706038423228,0.9443487783102118,1.0325542351800572,1.1776689285700241,1.2949214743256197,1.4192555116121492,0.5677022047016299,5247.827026976114
weak,10094,hybrid-s1,1.4323273480392618,13.397098837810804,2229.633637327375,7636.346337552157,2.4999999997500004,0.0,0.17793972171247907,0.3608929317699036,0.536440548243386,0.7059385508054455,0.8342185344936849,0.9705349085154416,1.0649387445608542,1.1999094481605352,1.3232198462308538,1.4323273480392618,0.5729309392729977,5358.839535660204
weak,10094,hybrid-s2,1.3972906641692036,13.311801640819036,2175.093752290602,7587.72693526685,2.49999999975,0.0,0.17793972171247907,0.3608929317699036,0.5291173360205724,0.6986949094437311,0.8402954193015939,0.9637179330898076,1.0753618065500805,1.2036954016057835,1.3045591302025656,1.3972906641692036,0.558916265723573,5324.720656860087
weak,10094,hybrid-s3,1.4155564801719218,13.138521934335913,2203.5272509797414,7488.957502571469,2.49999999975,0.0,0.17793972171247907,0.34577253369516986,0.5179740776292484,0.6722490813114089,0.7872508312020827,0.9374962545392436,1.0734077417542354,1.1977000339616424,1.3149027829202025,1.4155564801719218,0.5662225921253909,5255.408774259906
weak,10094,hybrid-s4,1.3600801481135596,12.534831080599586,2117.1699694531467,7144.853715941764,2.4999999997500004,0.0,0.16985161055779655,0.3359090679934573,0.49636098181442034,0.6602394234601113,0.7776627269528583,0.8943412665336193,1.0022314795928342,1.1129375575128788,1.242821374973674,1.3600801481135596,0.5440320592998269,5013.932432741227
weak,10095,max-exp-cap-V,1.4506046856834427,13.364213836952366,2258.085071189921,7617.601887062849,2.49999999975,0.0,0.16764561366760175,0.30836573687664315,0.46730176382736843,0.648456467877601,0.8142029584433838,0.9727440677524748,1.1417103883808302,1.2479093850410892,1.3662940326235589,1.4506046856834427,0.5802418743314013,5345.685535315515
weak,10095,max-exp-cap,1.5065708927047257,13.531664487955563,2345.2049170122464,7713.04875813467,2.49999999975,0.0,0.18799247954954248,0.3266282341278624,0.48152614793497367,0.6557311075207605,0.8118177496436398,0.9497562706377661,1.1137393106504996,1.26736762175515,1.3916763874047648,1.5065708927047257,0.6026283571421531,5412.665795723492
weak,10095,rolling-lp-V,1.2159954716627808,11.377993703650015,1892.8804299998499,6485.456411080508,2.4999999975000056,0.0,0.1658775281115559,0.23863273302822013,0.4043715238291094,0.579946705466427,0.7437250222883878,0.8363696075215385,0.947232229649027,1.057608910485896,1.1195180231542767,1.2159954716627808,0.4863981891515094,4551.197486011193
weak,10095,ppo-s0,1.3507788666478415,12.300038216366222,2102.691121405873,7011.021783328746,2.4974732621477482,0.0,0.184708382662356,0.2980025476033039,0.44800975875118915,0.6124842795165348,0.7472774525239783,0.8680009328858228,1.0092929735298501,1.1340064546570348,1.2490419260351358,1.3507788666478415,0.5408581894030826,4924.992952993049
weak,10095,ppo-s1,1.351951171404456,12.243789895997459,2104.5159906455237,6978.960240718551,2.497023634767645,0.0,0.18127622994794274,0.3151861293371321,0.4624549139085748,0.6137756681181353,0.7321889346146487,0.8549828583200982,0.9925293265870616,1.1218129110839263,1.239311240565415,1.351951171404456,0.5414250600516478,4903.353626901804
weak,10095,ppo-s2,1.3383925133089418,12.183346673501886,2083.409893489616,6944.507603896075,2.4978739762617472,0.0,0.17406020962866323,0.29442211307152333,0.44757607067304334,0.608677973504457,0.7370614377139121,0.8665259425806731,1.0019004459547616,1.1249502352414291,1.233073426027846,1.3383925133089418,0.5358126655020222,4877.486530259291
weak,10095,ppo-s3,1.3597662256338985,12.37835568252917,2116.6813017466175,7055.662739041627,2.4959618354848945,0.0,0.18278684824410937,0.3002123655409373,0.4511776241416851,0.611724382609677,0.744483369334553,0.8753919833595107,1.021719461308666,1.148696214589395,1.2559566161384317,1.3597662256338985,0.5447864652023954,4959.352946245834
weak,10095,ppo-s4,1.3449755905107508,12.262229390752847,2093.657446457427,6989.470752729122,2.4975528352961445,0.0,0.17763550813291631,0.29484559858431386,0.44315845549251187,0.6064417371084592,0.7436932318724614,0.8699039696755677,1.0130271042363854,1.1401891535656459,1.2434446546254831,1.3449755905107508,0.5385173724868454,4909.697691860388
weak,10095,residual-s0,1.3750347626732013,12.772521327476195,2140.4490834776657,7280.3371566614305,2.49999999975,0.0,0.16887206871063978,0.2970851181718441,0.45484638654183296,0.6366409754109682,0.7893475797755656,0.9249075403233068,1.0775803447401218,1.1922053847211544,1.2886088316425282,1.3750347626732013,0.5500139051242819,5109.008531501379
weak,10095,residual-s1,1.3397151709395878,12.31370395944735,2085.4688096640457,7018.811256884989,2.49999999975,0.0,0.16887206871063978,0.28689517005643667,0.43967193546637257,0.6277268340078119,0.7482448609792902,0.8811460124039888,1.0299809409649332,1.149791239314202,1.2383382809033763,1.3397151709395878,0.5358860684294238,4925.481584271488
weak,10095,residual-s2,1.3760271670407178,12.58271777911434,2141.9939106169886,7172.149134095173,2.49999999975,0.0,0.16764561366760175,0.2988861489680101,0.45685979535215926,0.6445996438850264,0.7916174781495383,0.9116695561118264,1.0371171869392122,1.1495123551713655,1.249263337141189,1.3760271670407178,0.5504108668713282,5033.0871121490445
weak,10095,residual-s3,1.3460631306258724,12.463683910533343,2095.35036674268,7104.299829004004,2.49999999975,0.0,0.16887206871063978,0.29701410200722805,0.4570786065579363,0.6384624466544349,0.7628358066880192,0.8957594903426145,1.0349930802917018,1.1606861317501647,1.2449654904096545,1.3460631306258724,0.5384252523041915,4985.473564711884
weak,10095,residual-s4,1.3540067575570198,12.452419197241063,2107.7158206539743,7097.8789424274055,2.49999999975,0.0,0.16887206871063978,0.2970851181718441,0.4555819337993923,0.6456373505400943,0.7704187772303939,0.9052364773392381,1.0279753342411115,1.1374888426802894,1.2371911878929114,1.3540067575570198,0.5416027030769682,4980.967679394522
weak,10095,hybrid-s0,1.3929278440858235,12.926939761959657,2168.3023645363796,7368.355664317004,2.49999999975,0.0,0.185279389170072,0.3154687672013383,0.47770697196400175,0.6532409561329623,0.7951356561165208,0.9380777101722042,1.0770905618986917,1.1804914170075318,1.2889088622872822,1.3929278440858235,0.5571711376900466,5170.77590530094
weak,10095,hybrid-s1,1.351092106950596,12.597910213960379,2103.178727201115,7180.808821957415,2.49999999975,0.0,0.18566464678517483,0.3168587408990875,0.4758248224025373,0.6423785125867625,0.7724089530200048,0.9031574515675547,1.0423927091348981,1.1565117318894693,1.24666830024012,1.351092106950596,0.5404368428342821,5039.164086088068
weak,10095,hybrid-s2,1.4052514551258433,12.633234331189152,2187.4859245974094,7200.943568777817,2.49999999975,0.0,0.18566464678517483,0.3168587408990875,0.47534441776031794,0.632190964922362,0.7746617455956633,0.8830428064202684,1.0261933172637123,1.141845797886656,1.2745964652359478,1.4052514551258433,0.5621005821065473,5053.29373298099
weak,10095,hybrid-s3,1.3498706964027307,12.5008203248924,2101.2774173879397,7125.467585188668,2.49999999975,0.0,0.18566464678517483,0.315800129824389,0.47234387240223047,0.6366758430373881,0.7721588926073074,0.89816143440669,1.032782504148585,1.13227457334539,1.234854371870437,1.3498706964027307,0.5399482786150871,5000.328130456993
weak,10095,hybrid-s4,1.3229071613879189,12.669341816269768,2059.3046066805437,7221.524835273766,2.49999999975,0.0,0.20466772434907923,0.33267423337017954,0.5022452199789327,0.6671220783628773,0.7917937512485111,0.906022773296177,1.031344852879187,1.1518131896945205,1.228254995013676,1.3229071613879189,0.5291628646080838,5067.736727014681
weak,10096,max-exp-cap-V,1.5051493731523773,13.6409823955319,2342.9921073396717,7775.359965453183,2.49999999975,0.0,0.16856566566195133,0.3320427914338962,0.5006675442713721,0.6902097889213727,0.8541280502167982,0.9672675124259055,1.1075969133424703,1.2501459104179833,1.387259000500227,1.5051493731523773,0.6020597493211569,5456.3929587584
weak,10096,max-exp-cap,1.4600890307059933,13.190890691482737,2272.848885285383,7518.807694145159,2.49999999975,0.0,0.16146850377777666,0.3347835108054297,0.499307459581415,0.6576737808052928,0.8062716978256057,0.9327224937073003,1.0689494600980476,1.204770328361273,1.3478552141243876,1.4600890307059933,0.5840356123408009,5276.356277120731
weak,10096,rolling-lp-V,1.2919523652524938,12.183055034312273,2011.1187958080254,6944.341369557996,2.4999999975000056,0.0,0.1518745640455817,0.33452198144129086,0.4935905741535682,0.6288288974900228,0.7647525526353236,0.8660170426277216,0.9880585486004042,1.1076455584445941,1.1992109325993432,1.2919523652524938,0.5167809466177773,4873.2220185981205
weak,10096,ppo-s0,1.3706167920365915,12.578560909544517,2133.5718455658193,7169.779718440374,2.4969994147348746,0.0,0.16604718791283443,0.33900901036805464,0.4981303698086859,0.6339141124336797,0.7609290017657552,0.8780752458831917,1.0154634923630996,1.1472094935653636,1.2711331833300226,1.3706167920365915,0.5489055319550887,5037.470507729406
weak,10096,ppo-s1,1.389087657108378,12.678085492753523,2162.3245340702783,7226.5087308695065,2.497083153565385,0.0,0.16965093366094539,0.344734148704577,0.5047175388905987,0.6441691761498828,0.7718505071965172,0.8801914236251386,1.0197076253982182,1.146749952359328,1.2736039962192227,1.389087657108378,0.5562841009619608,5077.157913084112
weak,10096,ppo-s2,1.3717532248999462,12.526059427467084,2135.3408747909953,7139.853873656237,2.4975440276227707,0.0,0.15476814438678566,0.3279869118121578,0.4915087223758272,0.6299959231237195,0.7598410955048728,0.878255348911473,1.0150517988367806,1.1470992723704327,1.2705402432180595,1.3717532248999462,0.5492408581103644,5015.35079619386
weak,10096,ppo-s3,1.3922559061735376,12.697465940974489,2167.256391788963,7237.555586355458,2.496103833355651,0.0,0.1651491979796406,0.33971442903579796,0.4972743104421167,0.6379859457045292,0.77020471971942,0.8905947245127516,1.0293801158586442,1.1561480665733361,1.27820563625181,1.3922559061735376,0.5577716309588975,5086.91416250284
weak,10096,ppo-s4,1.3830910645860583,12.618205781728184,2152.9899329992227,7192.3772955850645,2.4971563978126787,0.0,0.16497850677636466,0.3402588979646343,0.4917300615254649,0.6292636779123272,0.7608345714434754,0.8840225106089973,1.0258229376661772,1.1530825257416792,1.2729111913781077,1.3830910645860583,0.5538664161353859,5053.029835368255
weak,10096,residual-s0,1.4172456786535008,13.091219219928012,2206.156743295033,7461.994955358967,2.49999999975,0.0,0.16871782238413216,0.34537034641300257,0.5097130345128646,0.6899120125033027,0.8202776646615424,0.9281067798911292,1.0636717132469378,1.1838178534857375,1.2830291424166758,1.4172456786535008,0.5668982715180901,5236.4876884948535
weak,10096,residual-s1,1.4193750565518348,13.020132315161689,2209.471441290017,7421.475419642162,2.49999999975,0.0,0.16871782238413216,0.3458127164572462,0.5034649132060091,0.6667603530238728,0.7961549288201735,0.9157044406703946,1.0499833940072696,1.1915199695692578,1.3067018847295557,1.4193750565518348,0.567750022677509,5208.052926585481
weak,10096,residual-s2,1.3797527767292102,12.93735829526398,2147.7933842445686,7374.294228300469,2.49999999975,0.0,0.16856566566195133,0.35020064571049253,0.5085882411389416,0.6814854213093857,0.8158285362587864,0.9104859037872457,1.0505457249819965,1.178744874556172,1.2668232616927213,1.3797527767292102,0.5519011107468742,5174.943318623086
weak,10096,residual-s3,1.445957785976094,13.461983501127518,2250.8514706369647,7673.330595642685,2.49999999975,0.0,0.16871782238413216,0.3477764643270946,0.5115676642755452,0.7014351640645174,0.8314284505298122,0.9565643883525108,1.1102047430197062,1.2344460507205537,1.3399442679608196,1.445957785976094,0.5783831144482758,5384.793400989487
weak,10096,residual-s4,1.3882296331357074,12.969730006002647,2160.988890291837,7392.746103421508,2.49999999975,0.0,0.16871782238413216,0.34778217302162834,0.5092605313887796,0.6689441697431897,0.7973093642604646,0.9186627695113629,1.0655448364375404,1.1818169739164972,1.2855485203493688,1.3882296331357074,0.5552918533098121,5187.892002919849
weak,10096,hybrid-s0,1.3822235745923068,12.685439604848016,2151.639553930666,7230.700574763368,2.4999999997500004,0.0,0.16542536278144576,0.339529072253986,0.5040501438035215,0.6424223656548282,0.7742737028631353,0.8894847859904816,1.0259467476235387,1.1532984809883602,1.2725330396611376,1.3822235745923068,0.5528894298922116,5074.175842446623
weak,10096,hybrid-s1,1.3662518821564422,12.679498911223627,2126.7772047276017,7227.314379397467,2.49999999975,0.0,0.16710919193824053,0.33922360578980293,0.5033493607644184,0.6460310203498072,0.7790753873755687,0.8977789309597489,1.0346405261012037,1.155293176742246,1.256617863943145,1.3662518821564422,0.546500752917227,5071.799564996631
weak,10096,hybrid-s2,1.454335199076926,13.13635321816925,2263.892178174227,7487.721334356472,2.49999999975,0.0,0.16710919193824053,0.33922360578980293,0.5033493607644184,0.6560282239592408,0.788758258647277,0.9237921159115667,1.0572729799902572,1.2020756291275594,1.346911780019787,1.454335199076926,0.5817340796889439,5254.541287793154
weak,10096,hybrid-s3,1.435005630475575,13.101733891027717,2233.802788058485,7467.988317885798,2.4999999997500004,0.0,0.16710919193824053,0.34189372208693314,0.516834054762007,0.6616406480198715,0.7948636422511558,0.9136495590421294,1.0557380103328562,1.20392434016375,1.3259579242678745,1.435005630475575,0.5740022522476301,5240.693556935155
weak,10096,hybrid-s4,1.4051591019203664,13.161612766623682,2187.3421628981528,7502.119276975498,2.49999999975,0.0,0.17677074249151337,0.36830732718179815,0.5395370374683863,0.6846284520749708,0.806680213727526,0.9305271353007188,1.0617678480601316,1.1811749034661436,1.3005304386745187,1.4051591019203664,0.5620636408243529,5264.6451071759375
weak,10097,max-exp-cap-V,1.517220105048171,13.918074914750639,2361.782022856445,7933.302701407863,2.4999999997500004,0.0,0.16048239277365017,0.31984560762875813,0.497361785840298,0.6703015116916018,0.8537364316486866,1.017419428093399,1.1639089185178924,1.3183146443654523,1.4224472887760318,1.517220105048171,0.6068880420799572,5567.229966456978
weak,10097,max-exp-cap,1.5643950629958872,14.473303325948757,2435.2169630073254,8249.782895790791,2.4999999997500004,0.0,0.18074047790466008,0.36942938197833414,0.5497007457049479,0.7395849008385825,0.8922362994953092,1.042002126299377,1.1841675940366925,1.3264889035945662,1.4489740172830607,1.5643950629958872,0.6257580252609306,5789.3213309584335
weak,10097,rolling-lp-V,1.3672125446955654,13.244589512651721,2128.27262092159,7549.416022211481,2.4999999975000056,0.0,0.19436810355784118,0.3854790894077826,0.5603273023987698,0.7135548147236256,0.8439574485117158,0.9575306111339098,1.0754794908627687,1.1534228405906888,1.2570556143152012,1.3672125446955654,0.54688501842511,5297.835810358512
weak,10097,ppo-s0,1.4054706768051153,13.420613747831878,2187.827176218979,7649.74983626417,2.4975132991577618,0.0,0.18274485878263505,0.3768765180327092,0.5459622799341673,0.6937832415348991,0.82860935443341,0.9626455135697346,1.094149421731462,1.2147896815256867,1.3164351272213772,1.4054706768051153,0.5627480251172569,5373.590503945553
weak,10097,ppo-s1,1.4163135890861025,13.020355378351589,2204.7058052428356,7421.602565660405,2.49745514303346,0.0,0.17042952211532603,0.3549314875838273,0.5166994827236888,0.6645823191739335,0.797027678119479,0.9265046338303154,1.051101716951481,1.169569699822969,1.2971786468762372,1.4163135890861025,0.5671027137511744,5213.4491442904555
weak,10097,ppo-s2,1.4497583129495595,13.688314920769294,2256.7675643226776,7802.339504838496,2.4977796942010233,0.0,0.1963522886630962,0.38476465167188145,0.5575971474333546,0.7081502550930493,0.8443243155919604,0.9785052796153733,1.1074295835722563,1.224576242877559,1.3419811142249936,1.4497583129495595,0.5804188080779881,5480.193050071151
weak,10097,ppo-s3,1.410431263802814,13.29074994410645,2195.5490783708146,7575.727468140676,2.496148929178509,0.0,0.18132089168684926,0.3743263474231191,0.5335867763672526,0.681385230353433,0.8226059028837625,0.9587035737874051,1.0815643990857307,1.1946250970618106,1.299492060423872,1.410431263802814,0.5650429136321572,5324.501991345717
weak,10097,ppo-s4,1.4220536075801928,13.25981168508087,2213.641010125172,7558.092660496095,2.4971741587542353,0.0,0.16852682591724893,0.35815975251430965,0.5292170155429473,0.6802794905967848,0.8203231854119584,0.9540105742293552,1.080555942724352,1.198105277285514,1.3069349850108591,1.4220536075801928,0.5694651302533149,5309.926677959774
weak,10097,residual-s0,1.4810994091783514,13.865457097664962,2305.5547095783254,7903.310545669027,2.49999999975,0.0,0.15814852159045628,0.34415303493915367,0.5277625881137463,0.6968561133869529,0.8694190032560764,1.02796124224697,1.1554584346669194,1.2720869860331987,1.3742908427773353,1.4810994091783514,0.5924397637305845,5546.182839620603
weak,10097,residual-s1,1.4080028178588868,13.461230676923263,2191.7688358372743,7672.90148584626,2.49999999975,0.0,0.15814852159045628,0.3448572351237008,0.5313480167259104,0.6891272744732739,0.8433086926901688,0.9901945428145597,1.1244832657828379,1.2345659117338004,1.3235229049357733,1.4080028178588868,0.5632011271998748,5384.492271307755
weak,10097,residual-s2,1.4517089226648396,13.542338989919802,2259.803982666878,7719.133224254287,2.49999999975,0.0,0.16048239277365017,0.34487291520988334,0.5252885391472675,0.6928839108298355,0.8612255120422196,1.0058516432749243,1.1183251883751628,1.2104326390867872,1.3285918898110454,1.4517089226648396,0.5806835691240042,5416.935596509615
weak,10097,residual-s3,1.394757215870167,13.330026640836426,2171.1500577478046,7598.1151852767625,2.49999999975,0.0,0.15814852159045628,0.34415303493915367,0.5270523663982786,0.6862158913323035,0.8448219945091593,0.9843578215632807,1.1066701249410902,1.213437595114083,1.3036585150758608,1.394757215870167,0.5579028864038571,5332.010656867771
weak,10097,residual-s4,1.3690487122480484,13.134844741862137,2131.1308927715195,7486.861502861418,2.49999999975,0.0,0.15814852159045628,0.34415303493915367,0.5268683889029574,0.6705792297272021,0.8265083452603752,0.9744832157435779,1.0968436180505723,1.1845318696189873,1.2867223567252801,1.3690487122480484,0.5476194849539813,5253.937897270249
weak,10097,hybrid-s0,1.469176148081748,13.837085726458835,2286.9943546119725,7887.138864081535,2.49999999975,0.0,0.18122303071585308,0.37001420019510023,0.5399829769325855,0.6998547596959543,0.8585974593013324,1.0106554876788385,1.1382693785895168,1.2522690886470245,1.3689677413417085,1.469176148081748,0.5876704592914662,5534.834291137017
weak,10097,hybrid-s1,1.4413383539088973,13.7778078388391,2243.660627610425,7853.3504681382865,2.49999999975,0.0,0.1831584912719068,0.3718892295439242,0.5400143016737736,0.7019629258805562,0.8569393964233765,1.0074080744987568,1.1447925904269465,1.2627275048255555,1.3406990032602002,1.4413383539088973,0.5765353416212124,5511.123136086752
weak,10097,hybrid-s2,1.491504148683715,13.911666545683833,2321.7512565621873,7929.649931039784,2.49999999975,0.0,0.1831584912719068,0.3718892295439242,0.5431751360757345,0.7142203371666616,0.8835074984306646,1.013788668923439,1.1181553437198832,1.2411442973232605,1.3763781962041726,1.491504148683715,0.5966016595331461,5564.66661883
weak,10097,hybrid-s3,1.4319905806337112,13.794022612140491,2229.109408046688,7862.592888920079,2.49999999975,0.0,0.1831584912719068,0.3722552222938465,0.5449879449885958,0.7080368142098777,0.8722286854713522,1.0229684420344796,1.1446458602975056,1.2382826253436292,1.3427916533481943,1.4319905806337112,0.5727962323107642,5517.609045407957
weak,10097,hybrid-s4,1.3987790521372805,13.024947962627497,2177.410652741857,7424.220338697673,2.4999999997500004,0.0,0.162851349157414,0.34799114350728355,0.5111188795922016,0.659856784737627,0.8231175825047292,0.9556736090052564,1.0777312538781665,1.1691740582728447,1.260995361667992,1.3987790521372805,0.5595116209108633,5209.979185571996
weak,10098,max-exp-cap-V,1.4172361217060627,12.973973256291513,2206.141866464323,7395.164756086162,2.49999999975,0.0,0.16608647643492883,0.32786259803705486,0.5196960515885471,0.6464630330046591,0.7957811198480764,0.948598674296389,1.0466758105419611,1.1815881651421716,1.2845546278966213,1.4172361217060627,0.5668944487391145,5189.589303035565
weak,10098,max-exp-cap,1.449909783613997,13.200890075638924,2257.0033512668842,7524.5073431141855,2.49999999975,0.0,0.16057858792628807,0.3353540778794304,0.5114122265500372,0.6707273418311102,0.8108616862174706,0.9508681458329397,1.0707938368395347,1.1965331508537878,1.3232762946142531,1.449909783613997,0.5799639135035951,5280.356030783605
weak,10098,rolling-lp-V,1.3790240582380664,12.684568128870708,2146.659023958688,7230.203833456304,2.4999999975000056,0.0,0.1456885123027157,0.30228381683674055,0.5048835461061862,0.6610442789780367,0.8018223145258984,0.9155747812789737,1.0336608740514157,1.1529550836109217,1.2516901699339844,1.3790240582380664,0.551609623846835,5073.827256622099
weak,10098,ppo-s0,1.4041871617574975,12.927976374447535,2185.8291913811536,7368.946533435094,2.4971181404667684,0.0,0.1598008255281813,0.34671013061252537,0.5147339065870311,0.6458727215271377,0.7746668900874552,0.924273625637329,1.0486479864549139,1.186873674563404,1.299227138117595,1.4041871617574975,0.5623230791535649,5177.158487195564
weak,10098,ppo-s1,1.3758555872080738,12.414219692931281,2141.7268207182487,7076.10522497083,2.4965343624357614,0.0,0.1624062502211286,0.3351368921537431,0.4838318748197203,0.6158250656900268,0.735002222937589,0.87728482180387,1.0018408987806624,1.1358086585489073,1.2519620311213258,1.3758555872080738,0.5511062086346412,4972.581142772359
weak,10098,ppo-s2,1.4240363767745685,12.90205051791421,2216.727489551044,7354.1687952111,2.4974920457532597,0.0,0.14868398451191192,0.3277478368884151,0.5161403095588278,0.6505982234524064,0.7731758872481972,0.9187643543504111,1.0469145379663025,1.1838349460664994,1.2984427094072173,1.4240363767745685,0.5701865514230576,5166.002646476045
weak,10098,ppo-s3,1.4104304276359487,12.828197589288495,2195.547776750922,7312.072625894441,2.4964517782587103,0.0,0.15943667716711243,0.3426575722103606,0.5058998398641209,0.6351261107302416,0.7673439965406073,0.9148517168939758,1.0396776485077024,1.1777520913764046,1.2877196095485153,1.4104304276359487,0.5649740323122653,5138.572153088508
weak,10098,ppo-s4,1.4252115659841043,13.02124861730287,2218.5568488768936,7422.111711862635,2.496791063004571,0.0,0.1612702220271645,0.34187044084407425,0.5180918163191265,0.6520896998281487,0.7831209740684482,0.931420412253642,1.0549965286438956,1.1930832503034887,1.3037576869999874,1.4252115659841043,0.5708173131111112,5215.193537914002
weak,10098,residual-s0,1.4304322427923886,13.098504743484176,2226.683620063173,7466.1477037859795,2.4999999997500004,0.0,0.17009586003606172,0.3436660582169678,0.5382385701059844,0.6518240423731663,0.7939450475645325,0.9319530699286591,1.052892920754181,1.1980199604976782,1.3034745311929785,1.4304322427923886,0.5721728971741726,5239.40189791761
weak,10098,residual-s1,1.4653136150249972,13.396381890459761,2280.981739101692,7635.937677562063,2.49999999975,0.0,0.17009586003606172,0.3528311385592817,0.551378301497626,0.6614197918958574,0.8009371426375268,0.9439761317813721,1.0858588213126619,1.2315088065273234,1.3425804028403892,1.4653136150249972,0.5861254460686115,5358.55275671976
weak,10098,residual-s2,1.3995284933692096,12.69802022923274,2178.57727110057,7237.871530662662,2.4999999997500004,0.0,0.16608647643492883,0.33263063498998297,0.527209872910906,0.6372747946483771,0.7758689546118991,0.9006032784359924,1.0174960431583975,1.1424418642092005,1.2581287169196735,1.3995284933692096,0.5598113974036649,5079.208092201016
weak,10098,residual-s3,1.4550482712587864,13.336331649726871,2265.0021826188777,7601.709040344316,2.4999999997500004,0.0,0.17009586003606172,0.3445941516147559,0.5423538601786688,0.674402249884851,0.8133342228996528,0.9512383397777493,1.075141911831249,1.2111273925407398,1.3299871892786026,1.4550482712587864,0.5820193085617165,5334.532660424201
weak,10098,residual-s4,1.4264278647238344,12.949346413992918,2220.4502013894,7381.127455975963,2.49999999975,0.0,0.17009586003606172,0.3389034990787451,0.5316232118373259,0.6446193980730057,0.7812073058926161,0.9094418806984459,1.0300578912332274,1.1750647959053038,1.3112805693476064,1.4264278647238344,0.5705711459465909,5179.738566115141
weak,10098,hybrid-s0,1.4529449660121614,13.205323782746625,2261.728070640312,7527.034556165576,2.4999999997499995,0.0,0.16159176285364266,0.3404573178340682,0.5153345429333943,0.6599927903743846,0.7913956279373953,0.9322163849198863,1.0712316809645088,1.2212064344998885,1.3367918585516887,1.4529449660121614,0.5811779864629825,5282.1295136268645
weak,10098,hybrid-s1,1.4303656363669834,13.035158318078967,2226.579937111962,7430.040241305011,2.49999999975,0.0,0.15882789491100163,0.3410152232499827,0.5199155829922985,0.6516474916916875,0.7879045687680646,0.9399421337739092,1.049881612629457,1.190278181046564,1.3040699303696583,1.4303656363669834,0.572146254604008,5214.063327752993
weak,10098,hybrid-s2,1.5294842558940847,13.425816655806532,2380.873024153557,7652.715493809722,2.49999999975,0.0,0.15882789491100163,0.3410152232499827,0.5219762422437203,0.6665119847055883,0.7948046915997958,0.9452819526197496,1.081125202281184,1.2177625920183608,1.368019007098023,1.5294842558940847,0.6117937024188133,5370.326662859646
weak,10098,hybrid-s3,1.4313973925568702,13.003056417700286,2228.1860213004966,7411.742158089162,2.4999999997500004,0.0,0.15882789491100163,0.335556317754722,0.5082635555296323,0.6455194985653109,0.7867860774182743,0.9365429909848448,1.0517129390727837,1.1925579409308118,1.3060612332235892,1.4313973925568702,0.5725589570800038,5201.222567600235
weak,10098,hybrid-s4,1.3779313846768617,12.670062894758004,2144.958112690035,7221.935850012062,2.49999999975,0.0,0.17777123291605723,0.33852959037149566,0.5064215196504744,0.636392631074225,0.7767488831641299,0.9170521036746271,1.0283193369406802,1.146205883901087,1.2339366374925285,1.3779313846768617,0.551172553925862,5068.025158410004
weak,10099,max-exp-cap-V,1.5813894373088786,14.39019024868263,2461.6712708619148,8202.4084417491,2.4999999997500004,0.0,0.18816972077780053,0.3572469096905957,0.541195439584703,0.7204461024039257,0.8858335024522606,1.0343475045458257,1.1713261733635512,1.3183914052545735,1.4459810750759412,1.5813894373088786,0.6325557749868069,5756.076100048659
weak,10099,max-exp-cap,1.52771013394926,13.770718879597368,2378.111335653846,7849.309761370499,2.49999999975,0.0,0.18677618220538103,0.3346388849460465,0.5198211782184383,0.7022423926314073,0.8515012446302691,0.9672973445200006,1.1098955332579319,1.2578776949851551,1.3886153009350781,1.52771013394926,0.6110840536408124,5508.287552389776
weak,10099,rolling-lp-V,1.3155032342147095,12.511062068009531,2047.779276876356,7131.305378765432,2.499999997500005,0.0,0.17935490480574215,0.3362653763739658,0.5094532244165504,0.6716555222990982,0.803307145883269,0.9251544551090418,0.9939438393661972,1.098821486109666,1.2037071211779353,1.3155032342147095,0.5262012942120841,5004.424832208227
weak,10099,ppo-s0,1.3929760188426794,12.857916121769529,2168.377355814388,7329.012189408631,2.4975302727887088,0.0,0.18845874132428797,0.34657800722787063,0.5078765278851858,0.6540326809490958,0.781435358964312,0.9116304445360832,1.0218233039055253,1.1681147608868903,1.2870611738302273,1.3929760188426794,0.5577413951772849,5148.252360285728
weak,10099,ppo-s1,1.366111141416038,12.363855710432443,2126.558120529163,7047.397754946492,2.4971605863574937,0.0,0.17105401815934768,0.32672704113147577,0.49015603818444153,0.6272839832470366,0.7513136734573934,0.8728335896064974,0.982343146428176,1.1189835619569697,1.2357940456570304,1.366111141416038,0.5470657949990828,4951.165647086836
weak,10099,ppo-s2,1.4154864119340433,12.937983059439553,2203.418179195072,7374.650343880545,2.4971418029585988,0.0,0.19121107409796176,0.3512920447580151,0.5125192816185871,0.6605059618882353,0.7843035776985365,0.9119182280185513,1.0262190683149004,1.1641573836983068,1.2938093713042311,1.4154864119340433,0.5668426239378891,5181.116684727598
weak,10099,ppo-s3,1.4328619131940195,13.052339304435659,2230.4657686498845,7439.833403528324,2.4965502032005906,0.0,0.18831421227971465,0.34609894434973576,0.5100286567705634,0.6628650022378628,0.7929470863210318,0.9259343892057614,1.0359687012227397,1.1807355025473822,1.309130995753329,1.4328619131940195,0.5739367513447488,5228.1501440277425
weak,10099,ppo-s4,1.420659087730126,13.060142431024362,2211.4702295631128,7444.281185683885,2.4972620953032947,0.0,0.18641366764392814,0.3465829288987787,0.524244037081657,0.66775810607527,0.7983840313980621,0.9260428026440551,1.0366100245995493,1.1806431797237589,1.3025603040526716,1.420659087730126,0.5688866580732631,5229.784432954441
weak,10099,residual-s0,1.4723479830332544,13.639043461582405,2291.9317943038213,7774.25477310197,2.49999999975,0.0,0.1787426204736369,0.3408061600959204,0.5235296570342778,0.6985948717918493,0.8425223560380184,0.9910741534606049,1.1023679823999812,1.2511714486838836,1.3606297368593425,1.4723479830332544,0.5889391932721957,5455.617385178524
weak,10099,residual-s1,1.5089102754429284,13.6468742238702,2348.846519227564,7778.718307606013,2.49999999975,0.0,0.1787426204736369,0.34372840884637734,0.5385716824769331,0.7082890271821678,0.8303795241171255,0.9748157759521752,1.0857779431007781,1.2398059389540448,1.3577962925960314,1.5089102754429284,0.6035641102375278,5458.749690093955
weak,10099,residual-s2,1.4097321966455916,13.284847381334894,2194.460874860194,7572.363007360888,2.49999999975,0.0,0.18816972077780053,0.35296252051855487,0.5404289242311533,0.7108983413561205,0.8289958567880099,0.9541843138183672,1.0559968032004676,1.1937036432026118,1.2991773876880934,1.4097321966455916,0.5638928787146259,5313.938953065352
weak,10099,residual-s3,1.4911411183261514,13.669333332333338,2321.186145033944,7791.519999430002,2.49999999975,0.0,0.1787426204736369,0.34254032490642183,0.5263721487917797,0.699856248569566,0.8462962505923547,0.9980321300053687,1.101877771973048,1.237507677813376,1.3588790367425156,1.4911411183261514,0.5964564473901062,5467.733333480108
weak,10099,residual-s4,1.4386063985546458,13.402698823512885,2239.4079268839782,7639.538329402344,2.49999999975,0.0,0.1787426204736369,0.3408061600959204,0.5249981824321732,0.6973598107718634,0.8313823347331684,0.9705054786961842,1.080000433939313,1.2247065285580518,1.3228500919647515,1.4386063985546458,0.5754425594794026,5361.079529941262
weak,10099,hybrid-s0,1.416253201776672,13.01013914492615,2204.6118032840245,7415.779312607905,2.49999999975,0.0,0.18411081225541162,0.337536754607433,0.500277782718976,0.663087837527571,0.7937900217649042,0.9215885781930357,1.0440599826093153,1.1895136401747322,1.3075572072778137,1.416253201776672,0.566501280767319,5204.055658490865
weak,10099,hybrid-s1,1.444946169073335,13.069334900988165,2249.276736287608,7449.520893563254,2.49999999975,0.0,0.1855111102803029,0.33831613078939976,0.48929242089688885,0.6576434783748113,0.7898588411144689,0.9150869511354871,1.0525079268928237,1.2001613835673521,1.3224790445399592,1.444946169073335,0.5779784676871318,5227.73396091804
weak,10099,hybrid-s2,1.4597935873658028,13.140084741762529,2272.388983147708,7489.84830280464,2.4999999997500004,0.0,0.1855111102803029,0.33831613078939976,0.5056620180331128,0.6819267396399389,0.8021592189592605,0.9385392040419434,1.0417462455910564,1.1826577881656313,1.3049414510215405,1.4597935873658028,0.5839174350047127,5256.033897230614
weak,10099,hybrid-s3,1.3953149123710782,12.932928448376202,2172.01819650083,7371.769215574434,2.49999999975,0.0,0.1855111102803029,0.33941724198496703,0.4973407897785073,0.665217888078493,0.7980654009105477,0.9260813664511278,1.0392143574189232,1.1852765278620951,1.2767357017924916,1.3953149123710782,0.5581259650042438,5173.171379867798
weak,10099,hybrid-s4,1.3984233020506824,12.908487317891858,2176.856874053873,7357.837771198358,2.49999999975,0.0,0.19005236867791556,0.34978865183111435,0.4958256177984614,0.6560308917550233,0.7866315337323531,0.9366853200155473,1.0404652089417756,1.1676575664166091,1.27091373619941,1.3984233020506824,0.5593693208762099,5163.394927673083
