policy,scenario_seed,return_sum,return_disc,dpeak_frac_mean,dpeak_frac_final,dpeak_mw_final,overload_delta_sum,volt_delta_sum,volt_gross_sum,overload_frac_sum,rpf_max_mw,offered_total_mw,installed_total_mw,budget_efficiency,setting,kappa
max-exp-cap-V k=0.0,30000,1.106957550263101,0.995301469628945,0.10066971335964345,0.1276961988039179,0.5897000128342884,0.0,-0.20052083333333326,3.4748697916666673,0.0,0.0,2.49999999975,1.5064400452872135,0.39145269317495995,none,0.0
max-exp-cap-V k=0.0,30001,1.107018933325628,0.9966431353884146,0.09996621624922948,0.11818953374088288,0.5524869181874273,0.0,-0.21471354166666667,3.4761718749999995,0.0,0.0,2.49999999975,1.5414201287633102,0.35842721129552824,none,0.0
max-exp-cap-V k=0.0,30002,1.0841197019515203,0.9734653634399332,0.09889374102848537,0.1204911020287024,0.5679497109939539,0.0,-0.1903645833333334,3.46015625,0.0,0.0,2.49999999975,1.4633874616972342,0.38810617547265763,none,0.0
max-exp-cap-V k=0.0,30003,1.103079664379383,0.9918231670279145,0.09944208102127164,0.1258165300553527,0.5768138466464183,0.0,-0.21731770833333336,3.444661458333333,0.0,0.0,2.49999999975,1.4664744144230264,0.39333372677583434,none,0.0
max-exp-cap-V k=0.0,30004,1.0832974120076353,0.9721882222306883,0.09716437661743019,0.1226381960628691,0.5644774677588825,0.0,-0.22330729166666663,3.3759114583333334,0.0,0.0,2.49999999975,1.49494351075862,0.37759116896158457,none,0.0
max-exp-cap-V k=0.0,30005,1.11872613125451,1.0041815102574148,0.09980881104211767,0.12718053312483174,0.5587969746378862,0.0,-0.24127604166666666,3.2661458333333333,0.0,0.0,2.49999999975,1.5280952189968098,0.3656820384561735,none,0.0
max-exp-cap-V k=0.0,30006,1.0376554211544946,0.9324217837752026,0.09456632336544946,0.10396487838399562,0.4962342140997789,0.0,-0.18398437499999998,3.542708333333333,0.0,0.0,2.49999999975,1.4919454428693641,0.3326088205647809,none,0.0
max-exp-cap-V k=0.0,30007,1.0327578236051251,0.9256890120579842,0.09464948027717916,0.12108659055297234,0.5821903215971533,0.0,-0.17252604166666669,3.529947916666667,0.0,0.0,2.49999999975,1.4192180251667,0.410219086337189,none,0.0
max-exp-cap-V k=0.0,30008,1.0487751837057904,0.9406494206187628,0.09558064337057906,0.12397491387472036,0.5863974619539831,0.0,-0.18593749999999998,3.5095052083333327,0.0,0.0,2.49999999975,1.4730538748740418,0.39808283454950005,none,0.0
max-exp-cap-V k=0.0,30009,1.096398235700658,0.9844526804125361,0.09831820898673246,0.12534537781593927,0.5651550223567156,0.0,-0.22643229166666673,3.3967447916666664,0.0,0.0,2.4999999997499995,1.4849957272430707,0.3805768676560027,none,0.0
max-exp-cap-V k=0.0,30010,1.0668124476840846,0.9567781295848868,0.09659660935174177,0.12499829994398926,0.5721846359369666,0.0,-0.20169270833333325,3.3851562499999996,0.0,0.0,2.49999999975,1.4496948496324118,0.39469315634393753,none,0.0
max-exp-cap-V k=0.0,30011,1.1429307212837894,1.0275221158740189,0.10202744712837894,0.12309368967526754,0.546276978398304,0.0,-0.2453125,3.377213541666667,0.0,0.0,2.49999999975,1.4886255258212753,0.36696735943508885,none,0.0
max-exp-cap-V k=0.0,30012,1.0518422199497646,0.9453230644801333,0.09453318032830979,0.11138954814805958,0.513653807549782,0.0,-0.21302083333333333,3.4274739583333327,0.0,0.0,2.49999999975,1.4743145174713694,0.3484017836511312,none,0.0
max-exp-cap-V k=0.0,30013,1.0953410375755663,0.9839104042434506,0.09898722875755664,0.1189662141273024,0.5596668225392732,0.0,-0.2109375000000001,3.37265625,0.0,0.0,2.49999999975,1.513852490028977,0.36969706508760347,none,0.0
max-exp-cap-V k=0.0,30014,1.1004996069151098,0.9860479103643369,0.09908641902484433,0.12330681207716106,0.5642930199475309,0.0,-0.2192708333333333,3.391276041666667,0.0,0.0,2.49999999975,1.492720791777887,0.37802985196946076,none,0.0
max-exp-cap-V k=0.0,30015,1.065523529317561,0.954898184420331,0.0962138112650894,0.12600936724675255,0.59666238878081,0.0,-0.20677083333333351,3.4721354166666667,0.0,0.0,2.49999999975,1.4963424223220672,0.3987472251537801,none,0.0
max-exp-cap-V k=0.0,30016,1.1358489486879004,1.0208985358183236,0.1027776032021234,0.12518634475341692,0.5859653422352185,0.0,-0.21614583333333326,3.4091145833333334,0.0,0.0,2.49999999975,1.520657543021315,0.38533682019621235,none,0.0
max-exp-cap-V k=0.0,30017,1.0484263170898465,0.9408875269353432,0.09624888170898466,0.12231530115015328,0.5957205362876457,0.0,-0.17187499999999994,3.50859375,0.0,0.0,2.49999999975,1.4937871596300354,0.3987988064077262,none,0.0
max-exp-cap-V k=0.0,30018,1.101074671461833,0.9888032549426956,0.09902022756284994,0.11372748409295756,0.5184700441716259,0.0,-0.2217447916666666,3.350260416666667,0.0,0.0,2.4999999997499995,1.4958657340539219,0.3466019926578093,none,0.0
max-exp-cap-V k=0.0,30019,1.0833995266084626,0.9708927471587655,0.09670583807751293,0.11915557166005873,0.5265173382598064,0.0,-0.2326822916666667,3.2169270833333328,0.0,0.0,2.49999999975,1.4825245825787263,0.35514914521280583,none,0.0
max-exp-cap-V k=0.0,30020,1.105198997475124,0.9952794490562623,0.10072823308084573,0.11448455061761321,0.5432000024603348,0.0,-0.1958333333333333,3.4384114583333334,0.0,0.0,2.49999999975,1.521685897750909,0.35697248904205425,none,0.0
max-exp-cap-V k=0.0,30021,1.0643322044832373,0.9546920875045012,0.09677827253165705,0.12234579471082312,0.55910800346123,0.0,-0.19309895833333335,3.413932291666667,0.0,0.0,2.49999999975,1.4726302945519123,0.3796662377038453,none,0.0
max-exp-cap-V k=0.0,30022,1.0376723868306912,0.9305754492849232,0.09486749909973577,0.12956375718270524,0.6231252738636868,0.0,-0.1779947916666666,3.537239583333333,0.0,0.0,2.49999999975,1.446031048688528,0.4309210887475948,none,0.0
max-exp-cap-V k=0.0,30023,1.0819861256520817,0.9731552577285987,0.09683793548187483,0.12098901317297628,0.554220843521719,0.0,-0.22721354166666669,3.375130208333333,0.0,0.0,2.49999999975,1.504177991389335,0.3684542964292494,none,0.0
max-exp-cap-V k=0.0,30024,1.0865233196655761,0.9755035920000857,0.09751300904989095,0.12440280019125646,0.569140873402197,0.0,-0.22278645833333333,3.3470052083333335,0.0,0.0,2.49999999975,1.4968878857143118,0.38021609957154817,none,0.0
max-exp-cap-V k=0.0,30025,1.0352235800684095,0.9297652374675788,0.0943101184235076,0.12223272869468582,0.5782887461513546,0.0,-0.18424479166666674,3.4772135416666665,0.0,0.0,2.49999999975,1.4729478722741818,0.39260638956523036,none,0.0
max-exp-cap-V k=0.0,30026,1.1054682138531153,0.9936999323975155,0.10065098805197818,0.12219982875927017,0.5698988169075837,0.0,-0.19791666666666669,3.3817708333333334,0.0,0.0,2.4999999997500004,1.4988548285128407,0.38022282483023095,none,0.0
max-exp-cap-V k=0.0,30027,1.0784559415755037,0.9689626787713582,0.09817762540755039,0.12472084618716771,0.5914135603510285,0.0,-0.1933593749999999,3.514453125,0.0,0.0,2.49999999975,1.4837596089732787,0.39859122513806033,none,0.0
max-exp-cap-V k=0.0,30028,1.035423905371507,0.9285999496348483,0.09433666137048406,0.1296418890162357,0.6311019914612062,0.0,-0.1841145833333333,3.538020833333333,0.0,0.0,2.49999999975,1.5031164162780835,0.4198623503985798,none,0.0
max-exp-cap-V k=0.0,30029,1.0891190135353492,0.980184928117452,0.09894445343686827,0.11667281071407949,0.5491708032881525,0.0,-0.19934895833333321,3.4522135416666666,0.0,0.0,2.49999999975,1.4938625117646998,0.3676180364412633,none,0.0
max-exp-cap-V k=0.0,30030,1.0441735243283004,0.9341931735011623,0.09390302951616336,0.12310295432275231,0.555721812004188,0.0,-0.21028645833333337,3.353125,0.0,0.0,2.4999999997500004,1.4220624018710484,0.39078581310708227,none,0.0
max-exp-cap-V k=0.0,30031,1.0851289263800006,0.9738135832991507,0.09808320513800008,0.12641411278301196,0.6006872634197398,0.0,-0.20859374999999997,3.5281249999999997,0.0,0.0,2.49999999975,1.5069086937916296,0.3986222031198931,none,0.0
max-exp-cap-V k=0.0,30032,1.0970691100492427,0.9854222584402245,0.09837878600492425,0.12187581517517904,0.5670955769316165,0.0,-0.22656250000000006,3.393359375,0.0,0.0,2.49999999975,1.5695866245010224,0.3613025035250274,none,0.0
max-exp-cap-V k=0.0,30033,1.0924695302030245,0.9804978582911112,0.09966361968696913,0.12743816397242352,0.5976819007615432,0.0,-0.1916666666666667,3.433984375,0.0,0.0,2.49999999975,1.424204598916956,0.41966013957268045,none,0.0
max-exp-cap-V k=0.0,30034,1.0840662391491525,0.9738655293084711,0.09756678016491524,0.11087996772113377,0.5058953559760125,0.0,-0.21679687500000006,3.420963541666667,0.0,0.0,2.4999999997499995,1.4879480261682148,0.33999531373337116,none,0.0
max-exp-cap-V k=0.0,30035,1.088675559718562,0.9769765666801287,0.09862667055518953,0.13172791385738591,0.6054013012762475,0.0,-0.2048177083333333,3.3895833333333334,0.0,0.0,2.49999999975,1.4380434484406077,0.42098957575498525,none,0.0
max-exp-cap-V k=0.0,30036,1.0672574836103754,0.958232449988364,0.09742236294437087,0.12471637292661478,0.598573317882544,0.0,-0.18606770833333336,3.4824218749999996,0.0,0.0,2.49999999975,1.4718874959252606,0.40667056384378597,none,0.0
max-exp-cap-V k=0.0,30037,1.0542462970964706,0.9469767231957092,0.09569806720964705,0.11753776772397265,0.5528878776265191,0.0,-0.19453125000000004,3.4005208333333337,0.0,0.0,2.49999999975,1.434394345558972,0.3854504023515675,none,0.0
max-exp-cap-V k=0.0,30038,1.0886364221736944,0.9776111716105551,0.09731416305070277,0.12124463429823434,0.5437880240108325,0.0,-0.23098958333333336,3.326171875,0.0,0.0,2.49999999975,1.5133299005896137,0.35933210848405583,none,0.0
max-exp-cap-V k=0.0,30039,1.0873430521964726,0.9780972209941785,0.09904029480298059,0.12408762934373067,0.6016425756239987,0.0,-0.19388020833333336,3.5540364583333335,0.0,0.0,2.49999999975,1.5420956091775526,0.3901460921381349,none,0.0
max-exp-cap-V k=0.0,30040,1.078679204686009,0.9707778653495601,0.09865568088526754,0.12141761635277018,0.5930484019383666,0.0,-0.18424479166666674,3.4950520833333334,0.0,0.0,2.49999999975,1.5133559978822049,0.39187633495904495,none,0.0
max-exp-cap-V k=0.0,30041,1.0972734675939249,0.9844013652366406,0.09845781550939248,0.12382297629696448,0.5711478655289584,0.0,-0.22539062500000012,3.3764322916666663,0.0,0.0,2.49999999975,1.5258169821285186,0.3743226561367836,none,0.0
max-exp-cap-V k=0.0,30042,1.0790660358742896,0.9705792381894353,0.09909149942076231,0.11949049196771258,0.6104943597396759,0.0,-0.17630208333333325,3.656380208333333,0.0,0.0,2.49999999975,1.541592298005893,0.39601544489381085,none,0.0
max-exp-cap-V k=0.0,30043,1.0965268618690311,0.9840898685792991,0.09978289452023643,0.12191879415049484,0.5834222761737728,0.0,-0.19739583333333333,3.490885416666667,0.0,0.0,2.4999999997499995,1.476067319607912,0.39525451747603724,none,0.0
max-exp-cap-V k=0.0,30044,1.082748850780301,0.9714011245540974,0.09657566632803008,0.11890740887967306,0.5220380274888348,0.0,-0.23398437500000008,3.3385416666666665,0.0,0.0,2.49999999975,1.4526525847966734,0.3593688077606691,none,0.0
max-exp-cap-V k=0.0,30045,1.1135548773401545,0.9996649543994998,0.09963673773401545,0.12077749946143672,0.5401635474255714,0.0,-0.234375,3.320963541666666,0.0,0.0,2.49999999975,1.5223362217340461,0.354825392520903,none,0.0
max-exp-cap-V k=0.0,30046,1.0756149060020679,0.9671353568423213,0.09803024060020679,0.12302559404194337,0.5863262161645844,0.0,-0.190625,3.4712239583333337,0.0,0.0,2.49999999975,1.5041051119155093,0.3898173149733436,none,0.0
max-exp-cap-V k=0.0,30047,1.0960723078890262,0.9840231801266301,0.09910592870556931,0.12625398503485089,0.5907544118562328,0.0,-0.21002604166666666,3.4813802083333334,0.0,0.0,2.49999999975,1.5036536796147062,0.3928793045002269,none,0.0
max-exp-cap-V k=0.0,30048,1.1140422093524394,1.0010889761197892,0.1007466688519106,0.12452422204983092,0.5818111028080989,0.0,-0.21315104166666676,3.4475260416666664,0.0,0.0,2.4999999997499995,1.4745537528258335,0.39456757794900094,none,0.0
max-exp-cap-V k=0.0,30049,1.0725219636437022,0.9649916294440781,0.09746052969770355,0.1246721253901827,0.5895742208894708,0.0,-0.19583333333333336,3.4875,0.0,0.0,2.4999999997499995,1.4822630791743396,0.39775275332222365,none,0.0
max-exp-cap-V k=0.25,30000,1.1235192465124275,1.0102039862374639,0.10039879965124276,0.1276961988039179,0.5897000128342884,0.0,-0.2390625,3.4748697916666673,0.0,0.0,2.49999999975,1.4907294496917762,0.3955781600452148,none,0.25
max-exp-cap-V k=0.25,30001,1.0962038876285307,0.9854813445429346,0.09752403459618642,0.11806386767860806,0.5518994816076438,0.0,-0.24192708333333335,3.4761718749999995,0.0,0.0,2.49999999975,1.5128385796083028,0.364810554838269,none,0.25
max-exp-cap-V k=0.25,30002,1.1067315414800085,0.993846108139633,0.09879815414800085,0.1204911020287024,0.5679497109939539,0.0,-0.2375000000000001,3.46015625,0.0,0.0,2.49999999975,1.4955927346041242,0.37974891014985257,none,0.25
max-exp-cap-V k=0.25,30003,1.081317208057691,0.9713619644055829,0.0962762520557691,0.1258165300553527,0.5768138466464183,0.0,-0.2371093749999999,3.444661458333333,0.0,0.0,2.49999999975,1.384666358412222,0.4165724422653287,none,0.25
max-exp-cap-V k=0.25,30004,1.0974288225473567,0.9849834478694126,0.09668298642140234,0.1226381960628691,0.5644774677588825,0.0,-0.26119791666666664,3.3759114583333334,0.0,0.0,2.49999999975,1.456693918451745,0.3875058861774068,none,0.25
max-exp-cap-V k=0.25,30005,1.122804383188215,1.0081104365764089,0.09901220915215485,0.12718053312483174,0.5587969746378862,0.0,-0.2653645833333333,3.2661458333333333,0.0,0.0,2.4999999997499995,1.4403813555498495,0.3879507135279266,none,0.25
max-exp-cap-V k=0.25,30006,1.013933356397776,0.9093033697392857,0.09093109605644424,0.10396487838399562,0.4962342140997789,0.0,-0.2092447916666666,3.542708333333333,0.0,0.0,2.4999999997500004,1.4462119666353264,0.3431268897976891,none,0.25
max-exp-cap-V k=0.25,30007,1.053314766482326,0.9443837712213877,0.09471298706489925,0.12104467307410281,0.5819887802836838,0.0,-0.21236979166666664,3.529947916666667,0.0,0.0,2.49999999975,1.3995170170073743,0.41584973473789294,none,0.25
max-exp-cap-V k=0.25,30008,1.0779677241193677,0.9671431630318734,0.09606500157860345,0.12397491387472036,0.5863974619539831,0.0,-0.2346354166666666,3.5095052083333327,0.0,0.0,2.49999999975,1.4701808904042988,0.39886075637449225,none,0.25
max-exp-cap-V k=0.25,30009,1.1489942342400996,1.0339339955997382,0.10092155884067663,0.12534537781593927,0.5651550223567156,0.0,-0.2795572916666667,3.3967447916666664,0.0,0.0,2.4999999997500004,1.4997953663503374,0.3768214217996863,none,0.25
max-exp-cap-V k=0.25,30010,1.0520628184496774,0.9422506297036386,0.09376747976163441,0.12499829994398926,0.5721846359369666,0.0,-0.22877604166666665,3.3851562499999996,0.0,0.0,2.49999999975,1.3833679923294002,0.4136170846149815,none,0.25
max-exp-cap-V k=0.25,30011,1.1296807057057532,1.0146888873044748,0.09958916432057532,0.12309368967526754,0.546276978398304,0.0,-0.26757812499999994,3.377213541666667,0.0,0.0,2.49999999975,1.4515624861957555,0.37633721151748883,none,0.25
max-exp-cap-V k=0.25,30012,1.070830946691893,0.9620310039691837,0.09412085508585596,0.11142886580066551,0.5138351141651756,0.0,-0.2592447916666667,3.4274739583333327,0.0,0.0,2.49999999975,1.4838680328783647,0.3462808705221939,none,0.25
max-exp-cap-V k=0.25,30013,1.0838768611344178,0.9726230020007077,0.09672101944677511,0.1189662141273024,0.5596668225392732,0.0,-0.23333333333333334,3.37265625,0.0,0.0,2.49999999975,1.4782341972613708,0.37860497583950625,none,0.25
max-exp-cap-V k=0.25,30014,1.06859231347138,0.9549025209786756,0.09474985634713799,0.12330681207716106,0.5642930199475309,0.0,-0.2421875,3.391276041666667,0.0,0.0,2.49999999975,1.4559072628804899,0.38758857403533103,none,0.25
max-exp-cap-V k=0.25,30015,1.0791096878513013,0.9662807438464449,0.09513753128513014,0.12600936724675255,0.59666238878081,0.0,-0.2554687500000001,3.4721354166666667,0.0,0.0,2.49999999975,1.543461809747271,0.38657411865506963,none,0.25
max-exp-cap-V k=0.25,30016,1.1457232598484397,1.029583047857578,0.10213091973484396,0.12507030715604486,0.5854221998454459,0.0,-0.248828125,3.4091145833333334,0.0,0.0,2.49999999975,1.50894532518863,0.38796780113438734,none,0.25
max-exp-cap-V k=0.25,30017,1.0531555757169506,0.9451296745101092,0.09520488048836175,0.12231530115015328,0.5957205362876457,0.0,-0.2022135416666666,3.50859375,0.0,0.0,2.49999999975,1.4694437256619062,0.40540547819842865,none,0.25
max-exp-cap-V k=0.25,30018,1.1280537839471039,1.013951217044966,0.09969339922804372,0.11372748409295756,0.5184700441716259,0.0,-0.2622395833333332,3.350260416666667,0.0,0.0,2.4999999997500004,1.4708570879030947,0.3524951869462552,none,0.25
max-exp-cap-V k=0.25,30019,1.1124768207069642,0.9984552956342398,0.09818127582069643,0.11900066475074508,0.5258328451015464,0.0,-0.26132812500000013,3.2169270833333328,0.0,0.0,2.49999999975,1.460573034946746,0.36001817952275067,none,0.25
max-exp-cap-V k=0.25,30020,1.1301610657482255,1.018132170153509,0.1012843357414892,0.11445706557128119,0.5430695929233743,0.0,-0.2346354166666667,3.4384114583333334,0.0,0.0,2.49999999975,1.504921591675536,0.36086238374634283,none,0.25
max-exp-cap-V k=0.25,30021,1.0740933555983936,0.9637344994492557,0.0960747001431727,0.12213275122467167,0.5581344161101152,0.0,-0.22669270833333338,3.413932291666667,0.0,0.0,2.4999999997500004,1.4127614376391797,0.39506628737177,none,0.25
max-exp-cap-V k=0.25,30022,1.0643126709493382,0.9549771993093836,0.09527892334493382,0.12956375718270524,0.6231252738636868,0.0,-0.22304687499999992,3.537239583333333,0.0,0.0,2.49999999975,1.4397296347641502,0.4328071457428632,none,0.25
max-exp-cap-V k=0.25,30023,1.0603181548863703,0.9526224528380731,0.09390290923863702,0.12089454583085874,0.5537881119152648,0.0,-0.24257812499999998,3.375130208333333,0.0,0.0,2.49999999975,1.4056283201404745,0.39397905120460347,none,0.25
max-exp-cap-V k=0.25,30024,1.1078334465547084,0.9950653224480019,0.09752162590547084,0.12440819064550422,0.5691655346464286,0.0,-0.2652343750000001,3.3470052083333335,0.0,0.0,2.49999999975,1.5025337749613221,0.3788038206735685,none,0.25
max-exp-cap-V k=0.25,30025,1.0878434261140535,0.9787583909872628,0.09695491552807199,0.12252338545752975,0.579663856866303,0.0,-0.23658854166666676,3.4772135416666665,0.0,0.0,2.49999999975,1.5105089406966894,0.38375400585113095,none,0.25
max-exp-cap-V k=0.25,30026,1.1014480218105427,0.988646892989222,0.09821120843105426,0.12219982875927017,0.5698988169075837,0.0,-0.23867187500000003,3.3817708333333334,0.0,0.0,2.49999999975,1.4893222221343334,0.3826564919516659,none,0.25
max-exp-cap-V k=0.25,30027,1.0997586661118264,0.9875851774097638,0.09776883536118267,0.12472084618716771,0.5914135603510285,0.0,-0.24414062499999983,3.514453125,0.0,0.0,2.49999999975,1.5125525861565756,0.3910036356843774,none,0.25
max-exp-cap-V k=0.25,30028,1.0609877221420492,0.9525539171973376,0.09485528263087155,0.1296418890162357,0.6311019914612062,0.0,-0.2248697916666667,3.538020833333333,0.0,0.0,2.49999999975,1.520466342267135,0.4150713329965486,none,0.25
max-exp-cap-V k=0.25,30029,1.0524255903709516,0.944646589623913,0.09438318403709516,0.11667281071407949,0.5491708032881525,0.0,-0.21718749999999998,3.4522135416666666,0.0,0.0,2.4999999997500004,1.4148042551126179,0.3881602711496218,none,0.25
max-exp-cap-V k=0.25,30030,1.0829340368863078,0.9703384244444276,0.09529210160529744,0.12310295432275231,0.555721812004188,0.0,-0.26002604166666676,3.353125,0.0,0.0,2.49999999975,1.4255710748120294,0.38982399532584755,none,0.25
max-exp-cap-V k=0.25,30031,1.1202101300418772,1.0065517468679972,0.09936476300418771,0.12641411278301196,0.6006872634197398,0.0,-0.2531249999999999,3.5281249999999997,0.0,0.0,2.4999999997500004,1.5104557658959672,0.39768610043566954,none,0.25
max-exp-cap-V k=0.25,30032,1.0801107447760627,0.9690084885295099,0.09581055364427293,0.12187581517517904,0.5670955769316165,0.0,-0.24401041666666667,3.393359375,0.0,0.0,2.4999999997500004,1.4777731093097999,0.38375009895563794,none,0.25
max-exp-cap-V k=0.25,30033,1.1380956836101508,1.0228139232140911,0.10157649544434841,0.12743816397242352,0.5976819007615432,0.0,-0.24466145833333336,3.433984375,0.0,0.0,2.49999999975,1.4917742382689692,0.40065171084807283,none,0.25
max-exp-cap-V k=0.25,30034,1.0896203812890062,0.9787193525383047,0.09664432979556728,0.11077755771178002,0.5054281052254728,0.0,-0.24635416666666665,3.420963541666667,0.0,0.0,2.49999999975,1.4679020889534105,0.34432003948290213,none,0.25
max-exp-cap-V k=0.25,30035,1.1141332061242695,1.0009827276881462,0.09954483102909363,0.13172791385738591,0.6054013012762475,0.0,-0.2373697916666666,3.3895833333333334,0.0,0.0,2.4999999997500004,1.4135900897785978,0.42827217427017183,none,0.25
max-exp-cap-V k=0.25,30036,1.0893810475191716,0.9788392539711568,0.0978769068352505,0.12471637292661478,0.598573317882544,0.0,-0.22122395833333325,3.4824218749999996,0.0,0.0,2.4999999997500004,1.429231171913866,0.41880790850720234,none,0.25
max-exp-cap-V k=0.25,30037,1.045811663307434,0.9386099134418842,0.09345486424741004,0.11753776772397265,0.5528878776265191,0.0,-0.22252604166666667,3.4005208333333337,0.0,0.0,2.49999999975,1.437291050445378,0.3846735686938244,none,0.25
max-exp-cap-V k=0.25,30038,1.0988640570201889,0.9864345764174761,0.09622104111868554,0.12124463429823434,0.5437880240108325,0.0,-0.27330729166666673,3.326171875,0.0,0.0,2.49999999975,1.5084904781931163,0.36048488994255157,none,0.25
max-exp-cap-V k=0.25,30039,1.0953189751090429,0.9847172800407922,0.09787174126090428,0.12408762934373067,0.6016425756239987,0.0,-0.23320312499999996,3.5540364583333335,0.0,0.0,2.49999999975,1.4990886999009239,0.40133887718836236,none,0.25
max-exp-cap-V k=0.25,30040,1.087477003727075,0.9786703743113653,0.09808363787270746,0.12141761635277018,0.5930484019383666,0.0,-0.21328125000000014,3.4950520833333334,0.0,0.0,2.4999999997500004,1.4820851804726836,0.40014461365117004,none,0.25
max-exp-cap-V k=0.25,30041,1.134068637384633,1.0182700349572666,0.0992857699884633,0.12382297629696448,0.5711478655289584,0.0,-0.28242187500000004,3.3764322916666663,0.0,0.0,2.49999999975,1.557337780034293,0.3667462979780671,none,0.25
max-exp-cap-V k=0.25,30042,1.0905096417977322,0.9813335769570324,0.09867987042977323,0.11949049196771258,0.6104943597396759,0.0,-0.20742187499999987,3.656380208333333,0.0,0.0,2.49999999975,1.5005087752855433,0.40685824021489,none,0.25
max-exp-cap-V k=0.25,30043,1.1120862394187414,0.9984027708028484,0.09958753019187414,0.12191879415049484,0.5834222761737728,0.0,-0.23242187500000006,3.490885416666667,0.0,0.0,2.49999999975,1.4719388358134,0.3963631245936731,none,0.25
max-exp-cap-V k=0.25,30044,1.0983991610611548,0.9854464853856068,0.09614199943944882,0.11890740887967306,0.5220380274888348,0.0,-0.2739583333333334,3.3385416666666665,0.0,0.0,2.4999999997500004,1.4516528564726259,0.3596162988700591,none,0.25
max-exp-cap-V k=0.25,30045,1.1077669281407627,0.9934580468624871,0.09766471364740961,0.12077749946143672,0.5401635474255714,0.0,-0.2622395833333333,3.320963541666666,0.0,0.0,2.49999999975,1.4709742687915717,0.3672148173396154,none,0.25
max-exp-cap-V k=0.25,30046,1.0541050064651285,0.9458560863651863,0.09470737564651284,0.12302559404194337,0.5863262161645844,0.0,-0.2140625,3.4712239583333337,0.0,0.0,2.49999999975,1.481703805897483,0.39571081199284674,none,0.25
max-exp-cap-V k=0.25,30047,1.0950835648180768,0.9825159498460027,0.09754872106514102,0.12625398503485089,0.5907544118562328,0.0,-0.23919270833333334,3.4813802083333334,0.0,0.0,2.49999999975,1.4553861214443116,0.4059090595628146,none,0.25
max-exp-cap-V k=0.25,30048,1.1292987640826009,1.0153615193889538,0.10063820974159343,0.12452422204983092,0.5818111028080989,0.0,-0.24583333333333335,3.4475260416666664,0.0,0.0,2.49999999975,1.4342032677974834,0.40566851008615434,none,0.25
max-exp-cap-V k=0.25,30049,1.0890902303397358,0.980005756526611,0.09705355428397357,0.1246721253901827,0.5895742208894708,0.0,-0.237109375,3.4875,0.0,0.0,2.49999999975,1.4839380249272103,0.3973038031142779,none,0.25
max-exp-cap-V k=0.5,30000,1.1289467111515608,1.0146978419965078,0.0999389419484894,0.1276961988039179,0.5897000128342884,0.0,-0.2591145833333334,3.4748697916666673,0.0,0.0,2.4999999997500004,1.4800675671078942,0.39842776501520377,none,0.5
max-exp-cap-V k=0.5,30001,1.1058995247793408,0.9938553691149828,0.09733474414460075,0.11804344677014851,0.5518040223531371,0.0,-0.2651041666666667,3.4761718749999995,0.0,0.0,2.49999999975,1.5081940384461046,0.36587070913081043,none,0.5
max-exp-cap-V k=0.5,30002,1.0912868036087793,0.9789236464081221,0.09680446161087794,0.1204911020287024,0.5679497109939539,0.0,-0.24648437500000003,3.46015625,0.0,0.0,2.49999999975,1.4407612407113908,0.39420113128079626,none,0.5
max-exp-cap-V k=0.5,30003,1.096438285707316,0.9846810360316113,0.09647325565406492,0.1258165300553527,0.5768138466464183,0.0,-0.26341145833333324,3.444661458333333,0.0,0.0,2.49999999975,1.3787407946596246,0.41836279080203664,none,0.5
max-exp-cap-V k=0.5,30004,1.106067694994698,0.9924336653314086,0.09651171741613646,0.1226381960628691,0.5644774677588825,0.0,-0.2819010416666666,3.3759114583333334,0.0,0.0,2.4999999997500004,1.5092774969035512,0.3740050911227194,none,0.5
max-exp-cap-V k=0.5,30005,1.1217615424672243,1.0065602914857252,0.09817875841338908,0.12718053312483174,0.5587969746378862,0.0,-0.27994791666666663,3.2661458333333333,0.0,0.0,2.49999999975,1.445972550508643,0.3864506103116002,none,0.5
max-exp-cap-V k=0.5,30006,1.015202844865856,0.9101080293426329,0.09030934698658562,0.10396487838399562,0.4962342140997789,0.0,-0.2242187499999999,3.542708333333333,0.0,0.0,2.49999999975,1.3966800770891246,0.3552955485224648,none,0.5
max-exp-cap-V k=0.5,30007,1.0523188282507459,0.9434266665571245,0.09419672657507458,0.12096906316043626,0.5816252440758144,0.0,-0.22070312500000006,3.529947916666667,0.0,0.0,2.49999999975,1.3639807308031702,0.42641749325397627,none,0.5
max-exp-cap-V k=0.5,30008,1.0929330712865566,0.9804415056170012,0.096239921711989,0.12397491387472036,0.5863974619539831,0.0,-0.26106770833333326,3.5095052083333327,0.0,0.0,2.49999999975,1.4694731299366428,0.3990528646000257,none,0.5
max-exp-cap-V k=0.5,30009,1.1467428138026694,1.0314791117148263,0.10020162513026695,0.12534537781593927,0.5651550223567156,0.0,-0.289453125,3.3967447916666664,0.0,0.0,2.49999999975,1.4673197256407282,0.38516146991067796,none,0.5
max-exp-cap-V k=0.5,30010,1.0637296408127146,0.9525850693953855,0.09381437033127146,0.12499829994398926,0.5721846359369666,0.0,-0.2511718750000001,3.3851562499999996,0.0,0.0,2.49999999975,1.4174593278945302,0.40366917390630164,none,0.5
max-exp-cap-V k=0.5,30011,1.1014292523952602,0.9880009242729809,0.09670542523952602,0.12309368967526754,0.546276978398304,0.0,-0.26874999999999993,3.377213541666667,0.0,0.0,2.49999999975,1.397874141845992,0.3907912465401975,none,0.5
max-exp-cap-V k=0.5,30012,1.0656831953232766,0.9570423913033089,0.093280559115661,0.11116104272802135,0.512600093974318,0.0,-0.2657552083333333,3.4274739583333327,0.0,0.0,2.4999999997500004,1.418791618564031,0.36129343257124974,none,0.5
max-exp-cap-V k=0.5,30013,1.1103263976679316,0.9965714171844889,0.09769279601679319,0.1189662141273024,0.5596668225392732,0.0,-0.26679687499999993,3.37265625,0.0,0.0,2.4999999997499995,1.4504391177048195,0.38586026514845534,none,0.5
max-exp-cap-V k=0.5,30014,1.0656579725145283,0.9517482204735686,0.09383142225145286,0.12330681207716106,0.5642930199475309,0.0,-0.2546875,3.391276041666667,0.0,0.0,2.49999999975,1.3972837994779925,0.4038499696041302,none,0.5
max-exp-cap-V k=0.5,30015,1.0919657672550775,0.9779644785822559,0.09554423297550776,0.12600936724675255,0.59666238878081,0.0,-0.2730468750000001,3.4721354166666667,0.0,0.0,2.4999999997499995,1.4906825288674628,0.4002612073505153,none,0.5
max-exp-cap-V k=0.5,30016,1.1317126811155254,1.0159334464990553,0.10011788269488586,0.12437316885216193,0.5821590732989789,0.0,-0.26106770833333337,3.4091145833333334,0.0,0.0,2.49999999975,1.438579893126107,0.4046762199865853,none,0.5
max-exp-cap-V k=0.5,30017,1.0437930721563418,0.9359344006099877,0.09374128638230082,0.12231530115015328,0.5957205362876457,0.0,-0.21276041666666673,3.50859375,0.0,0.0,2.49999999975,1.4308601577022115,0.4163373569953201,none,0.5
max-exp-cap-V k=0.5,30018,1.1303556364618466,1.01537358075621,0.09880379281285132,0.11372748409295756,0.5184700441716259,0.0,-0.2846354166666666,3.350260416666667,0.0,0.0,2.49999999975,1.5000596406078741,0.34563295360811425,none,0.5
max-exp-cap-V k=0.5,30019,1.1175845288323196,1.0030658421937302,0.09810610913323195,0.11882789581923404,0.5250694243341759,0.0,-0.273046875,3.2169270833333328,0.0,0.0,2.49999999975,1.4360902959508424,0.36562424090925627,none,0.5
max-exp-cap-V k=0.5,30020,1.1289046410548655,1.0168218870357708,0.10066390160548652,0.11402066422273502,0.5409989797941344,0.0,-0.24453124999999998,3.4384114583333334,0.0,0.0,2.4999999997500004,1.4294165072989333,0.37847539680118963,none,0.5
max-exp-cap-V k=0.5,30021,1.0759833873102465,0.9651070117298507,0.0955540678976913,0.12202861056348213,0.5576585037398172,0.0,-0.24088541666666674,3.413932291666667,0.0,0.0,2.49999999975,1.3834961338451892,0.4030791919814777,none,0.5
max-exp-cap-V k=0.5,30022,1.0698123386028826,0.9595940490730493,0.09494998386028827,0.12956375718270524,0.6231252738636868,0.0,-0.24062499999999987,3.537239583333333,0.0,0.0,2.49999999975,1.4017566713390306,0.4445316984070033,none,0.5
max-exp-cap-V k=0.5,30023,1.0702356777523987,0.9613946631011979,0.09389856777523986,0.12088284036465916,0.5537344920601985,0.0,-0.2625,3.375130208333333,0.0,0.0,2.49999999975,1.3934170117673896,0.3973932336005069,none,0.5
max-exp-cap-V k=0.5,30024,1.107271417521697,0.994139832740432,0.0969250584188364,0.12438718319249342,0.5690694258760782,0.0,-0.2760416666666667,3.3470052083333335,0.0,0.0,2.49999999975,1.4805308513463933,0.38436850225617863,none,0.5
max-exp-cap-V k=0.5,30025,1.085748038539512,0.976263833890173,0.09600318927061788,0.12219282874748581,0.5780999776383369,0.0,-0.25143229166666664,3.4772135416666665,0.0,0.0,2.49999999975,1.467791671426954,0.39385696818699145,none,0.5
max-exp-cap-V k=0.5,30026,1.1087567219862384,0.9949555824832617,0.09794598469862384,0.12219982875927017,0.5698988169075837,0.0,-0.25859375000000007,3.3817708333333334,0.0,0.0,2.4999999997499995,1.4792945425428399,0.38525040180838743,none,0.5
max-exp-cap-V k=0.5,30027,1.0865636856895329,0.9746314464769674,0.0958633998189533,0.12472084618716771,0.5914135603510285,0.0,-0.2558593749999999,3.514453125,0.0,0.0,2.49999999975,1.4740244354469922,0.4012237152443709,none,0.5
max-exp-cap-V k=0.5,30028,1.0693246728627637,0.9597804228421966,0.09461475895294302,0.1296418890162357,0.6311019914612062,0.0,-0.2463541666666667,3.538020833333333,0.0,0.0,2.4999999997500004,1.484741075436269,0.4250586192449523,none,0.5
max-exp-cap-V k=0.5,30029,1.0537498645627346,0.9450975657918543,0.09348045520627347,0.11667281071407949,0.5491708032881525,0.0,-0.23789062499999997,3.4522135416666666,0.0,0.0,2.49999999975,1.405646202135825,0.3906892093143415,none,0.5
max-exp-cap-V k=0.5,30030,1.0740777209721197,0.9617023855283665,0.09403537626387862,0.12310295432275231,0.555721812004188,0.0,-0.2674479166666668,3.353125,0.0,0.0,2.49999999975,1.3939217695478887,0.3986750362500139,none,0.5
max-exp-cap-V k=0.5,30031,1.1399885536719676,1.0236249287867076,0.09929833453386344,0.12641411278301196,0.6006872634197398,0.0,-0.2940104166666666,3.5281249999999997,0.0,0.0,2.49999999975,1.5619724793785954,0.3845696843895183,none,0.5
max-exp-cap-V k=0.5,30032,1.0900451277975163,0.9778157965974391,0.0958404502797516,0.12187581517517904,0.5670955769316165,0.0,-0.26328124999999997,3.393359375,0.0,0.0,2.49999999975,1.4639689500621933,0.38736858244672795,none,0.5
max-exp-cap-V k=0.5,30033,1.1370265290572565,1.021244456322475,0.100727392489059,0.12743816397242352,0.5976819007615432,0.0,-0.2595052083333333,3.433984375,0.0,0.0,2.49999999975,1.4385697982984562,0.41546951803692994,none,0.5
max-exp-cap-V k=0.5,30034,1.0840036718770294,0.9730083216853227,0.09547719010436959,0.11056078761635876,0.5044390809062748,0.0,-0.25846354166666663,3.420963541666667,0.0,0.0,2.4999999997500004,1.4254710829386492,0.35387535176536816,none,0.5
max-exp-cap-V k=0.5,30035,1.1062114779152994,0.9930791726564792,0.09804302279152996,0.13172791385738591,0.6054013012762475,0.0,-0.2515624999999999,3.3895833333333334,0.0,0.0,2.4999999997500004,1.3813127249950712,0.4382796815821759,none,0.5
max-exp-cap-V k=0.5,30036,1.1193156337678594,1.005182502637975,0.09846151129345261,0.12471637292661478,0.598573317882544,0.0,-0.2694010416666666,3.4824218749999996,0.0,0.0,2.49999999975,1.517178709094996,0.3945305284699096,none,0.5
max-exp-cap-V k=0.5,30037,1.0733361371873893,0.9640615307472741,0.09502241580207227,0.11753776772397265,0.5528878776265191,0.0,-0.24622395833333333,3.4005208333333337,0.0,0.0,2.49999999975,1.374133597834149,0.4023538020596815,none,0.5
max-exp-cap-V k=0.5,30038,1.1055796746487045,0.991919559713835,0.09581187371487046,0.12124463429823434,0.5437880240108325,0.0,-0.294921875,3.326171875,0.0,0.0,2.49999999975,1.528318691449519,0.35580800460869977,none,0.5
max-exp-cap-V k=0.5,30039,1.112389941151787,1.0002620345077584,0.09836138994851204,0.12408762934373067,0.6016425756239987,0.0,-0.25755208333333335,3.5540364583333335,0.0,0.0,2.49999999975,1.4826926710320445,0.40577699436877823,none,0.5
max-exp-cap-V k=0.5,30040,1.0981878278104287,0.98813299609124,0.09811305361437618,0.12141761635277018,0.5930484019383666,0.0,-0.23411458333333351,3.4950520833333334,0.0,0.0,2.49999999975,1.467909840472136,0.4040087378579188,none,0.5
max-exp-cap-V k=0.5,30041,1.1300966277149753,1.0143342095889645,0.09849143360483088,0.12382297629696448,0.5711478655289584,0.0,-0.29036458333333337,3.3764322916666663,0.0,0.0,2.49999999975,1.498818367174947,0.38106542996633297,none,0.5
max-exp-cap-V k=0.5,30042,1.099039076453911,0.9891806209469038,0.0987776055620578,0.11949049196771258,0.6104943597396759,0.0,-0.22252604166666656,3.656380208333333,0.0,0.0,2.49999999975,1.4368143484352838,0.42489439251808353,none,0.5
max-exp-cap-V k=0.5,30043,1.119709746269647,1.00463281082876,0.09901524546029802,0.12191879415049484,0.5834222761737728,0.0,-0.25911458333333337,3.490885416666667,0.0,0.0,2.49999999975,1.4663606416027992,0.39787093271684215,none,0.5
max-exp-cap-V k=0.5,30044,1.103815738225142,0.9898986194406375,0.09579173007251418,0.11890740887967306,0.5220380274888348,0.0,-0.2917968750000001,3.3385416666666665,0.0,0.0,2.49999999975,1.4687802647718606,0.3554228226030261,none,0.5
max-exp-cap-V k=0.5,30045,1.1142304535690308,0.9987664030088247,0.09712617035690309,0.12077749946143672,0.5401635474255714,0.0,-0.28593749999999984,3.320963541666666,0.0,0.0,2.49999999975,1.5233320263629158,0.354593442583399,none,0.5
max-exp-cap-V k=0.5,30046,1.0486384423846273,0.9398404839902353,0.09312556298846272,0.12302559404194337,0.5863262161645844,0.0,-0.23476562499999998,3.4712239583333337,0.0,0.0,2.49999999975,1.4698636747612412,0.398898364679857,none,0.5
max-exp-cap-V k=0.5,30047,1.1039433400748524,0.9896388080972504,0.09699589650748522,0.12625398503485089,0.5907544118562328,0.0,-0.26796875000000003,3.4813802083333334,0.0,0.0,2.49999999975,1.5139388163644916,0.39021022875603745,none,0.5
max-exp-cap-V k=0.5,30048,1.1322705280647007,1.0175494766137123,0.0999392923898034,0.12452422204983092,0.5818111028080989,0.0,-0.2657552083333335,3.4475260416666664,0.0,0.0,2.49999999975,1.4068371045222894,0.4135596800353519,none,0.5
max-exp-cap-V k=0.5,30049,1.1043784031438526,0.9936852264999403,0.09738445489771859,0.1246721253901827,0.5895742208894708,0.0,-0.26106770833333337,3.4875,0.0,0.0,2.49999999975,1.4741381834486351,0.39994501703375346,none,0.5
max-exp-cap-V k=0.75,30000,1.1232480859134009,1.0085989787174932,0.09564512109134009,0.1276961988039179,0.5897000128342884,0.0,-0.33359374999999997,3.4748697916666673,0.0,0.0,2.49999999975,1.4392083188041733,0.40973916362869933,none,0.75
max-exp-cap-V k=0.75,30001,1.0741117573040655,0.9638517659440266,0.09119372781373987,0.11778636454043284,0.5506022698432426,0.0,-0.3243489583333334,3.4761718749999995,0.0,0.0,2.49999999975,1.4497231334738196,0.37979822293646653,none,0.75
max-exp-cap-V k=0.75,30002,1.051571306544229,0.9421876626720574,0.08996181815442288,0.1204911020287024,0.5679497109939539,0.0,-0.3039062500000001,3.46015625,0.0,0.0,2.49999999975,1.3308669489658211,0.42675168350622233,none,0.75
max-exp-cap-V k=0.75,30003,1.111655930921543,0.9971019244061146,0.09344423892548763,0.1258165300553527,0.5768138466464183,0.0,-0.3544270833333333,3.444661458333333,0.0,0.0,2.49999999975,1.4654379223208729,0.39361192846224086,none,0.75
max-exp-cap-V k=0.75,30004,1.1333819984974407,1.0161696981634312,0.09461424151641075,0.1226381960628691,0.5644774677588825,0.0,-0.3744791666666666,3.3759114583333334,0.0,0.0,2.49999999975,1.5904046437037265,0.3549269489331534,none,0.75
max-exp-cap-V k=0.75,30005,1.1202330957749784,1.0030279158878066,0.09333841374416449,0.12718053312483174,0.5587969746378862,0.0,-0.3736979166666668,3.2661458333333333,0.0,0.0,2.49999999975,1.465245079706704,0.38136758305971574,none,0.75
max-exp-cap-V k=0.75,30006,1.0275114054500598,0.9201713160368468,0.08678108846167262,0.10396487838399562,0.4962342140997789,0.0,-0.3194010416666667,3.542708333333333,0.0,0.0,2.49999999975,1.4536558355402818,0.34136980842879017,none,0.75
max-exp-cap-V k=0.75,30007,1.0825341941142055,0.9700064986912518,0.0919187839947539,0.12108230678449648,0.5821697250262596,0.0,-0.3266927083333334,3.529947916666667,0.0,0.0,2.49999999975,1.4172046751281775,0.41078733032940773,none,0.75
max-exp-cap-V k=0.75,30008,1.0749958716014727,0.9626461433556642,0.09104776424348061,0.12397491387472036,0.5863974619539831,0.0,-0.3290364583333334,3.5095052083333327,0.0,0.0,2.49999999975,1.4635383536794033,0.40067105893040156,none,0.75
max-exp-cap-V k=0.75,30009,1.1583676167468482,1.0409799915377353,0.09679379292468485,0.12534537781593927,0.5651550223567156,0.0,-0.38085937499999994,3.3967447916666664,0.0,0.0,2.49999999975,1.5224703295930568,0.37120921923501565,none,0.75
max-exp-cap-V k=0.75,30010,1.0571667823973865,0.9463414997756504,0.08966199073973866,0.12499829994398926,0.5721846359369666,0.0,-0.32109374999999996,3.3851562499999996,0.0,0.0,2.4999999997500004,1.3560588447442932,0.42194676002047776,none,0.75
max-exp-cap-V k=0.75,30011,1.0786828835109226,0.9661874447612658,0.09079797585109226,0.12309368967526754,0.546276978398304,0.0,-0.34140624999999997,3.377213541666667,0.0,0.0,2.49999999975,1.2510969235115612,0.4366384155633774,none,0.75
max-exp-cap-V k=0.75,30012,0.9905517610800871,0.8867802374091098,0.08335856152467538,0.11078132388901343,0.5108490856373819,0.0,-0.3139322916666667,3.4274739583333327,0.0,0.0,2.49999999975,1.3265264516899966,0.38510282624712033,none,0.75
max-exp-cap-V k=0.75,30013,1.056378208821233,0.945401464118482,0.08989563338212332,0.1189662141273024,0.5596668225392732,0.0,-0.31484375000000003,3.37265625,0.0,0.0,2.49999999975,1.4095669852148696,0.3970487592357731,none,0.75
max-exp-cap-V k=0.75,30014,1.0285502136305074,0.917484794625852,0.08747090677971739,0.12330681207716106,0.5642930199475309,0.0,-0.30768229166666666,3.391276041666667,0.0,0.0,2.4999999997500004,1.3332005226090882,0.42326192525277684,none,0.75
max-exp-cap-V k=0.75,30015,1.1135836903864504,0.9970675219654793,0.09372165028864506,0.12600936724675255,0.59666238878081,0.0,-0.352734375,3.4721354166666667,0.0,0.0,2.4999999997500004,1.5479915842918268,0.3854429150877912,none,0.75
max-exp-cap-V k=0.75,30016,1.1035428994771397,0.9885836026495114,0.09396757119771397,0.12430597438420504,0.5818445531371336,0.0,-0.32773437499999997,3.4091145833333334,0.0,0.0,2.49999999975,1.4317976409622966,0.40637345424461085,none,0.75
max-exp-cap-V k=0.75,30017,1.044383999974679,0.9348124917929485,0.08961418124746791,0.12231530115015328,0.5957205362876457,0.0,-0.2964843749999999,3.50859375,0.0,0.0,2.4999999997500004,1.3990651750327383,0.4257989884379087,none,0.75
max-exp-cap-V k=0.75,30018,1.1155047776905165,1.0007488120752313,0.09390724860238499,0.11372748409295756,0.5184700441716259,0.0,-0.3528645833333332,3.350260416666667,0.0,0.0,2.49999999975,1.4848777960097437,0.34916681060548616,none,0.75
max-exp-cap-V k=0.75,30019,1.0981075326548284,0.9839870564339598,0.09260372201548286,0.11855087621135647,0.5238453470665044,0.0,-0.344140625,3.2169270833333328,0.0,0.0,2.49999999975,1.3968344025613382,0.37502322831249224,none,0.75
max-exp-cap-V k=0.75,30020,1.1207467977735068,1.0074297126649792,0.095603325610684,0.11440547972166844,0.5428248312198484,0.0,-0.3294270833333333,3.4384114583333334,0.0,0.0,2.4999999997500004,1.4734571742021294,0.36840217735801223,none,0.75
max-exp-cap-V k=0.75,30021,1.115396777668332,1.0008334993091195,0.09474280276683318,0.12228708342962727,0.558839698798306,0.0,-0.3359375000000001,3.413932291666667,0.0,0.0,2.49999999975,1.4561314221546853,0.3837838331730886,none,0.75
max-exp-cap-V k=0.75,30022,1.08281988495245,0.9702365389883171,0.09165438432857834,0.12956375718270524,0.6231252738636868,0.0,-0.3325520833333333,3.537239583333333,0.0,0.0,2.49999999975,1.4406094855571996,0.43254280921430566,none,0.75
max-exp-cap-V k=0.75,30023,1.0539170181902373,0.9448365578672171,0.0884450872356904,0.12089599774971713,0.5537947627976327,0.0,-0.3389322916666667,3.375130208333333,0.0,0.0,2.49999999975,1.4071429824880273,0.3935596948495209,none,0.75
max-exp-cap-V k=0.75,30024,1.0905821452647777,0.9775140601714598,0.09164284994314445,0.12437452928589222,0.569011534450452,0.0,-0.3483072916666667,3.3470052083333335,0.0,0.0,2.49999999975,1.4672773198385878,0.3878009472081582,none,0.75
max-exp-cap-V k=0.75,30025,1.0765030720453594,0.9659335302804762,0.09124405720453593,0.12252412619661068,0.5796673613374778,0.0,-0.3281250000000002,3.4772135416666665,0.0,0.0,2.49999999975,1.5106046651210414,0.38373200793142676,none,0.75
max-exp-cap-V k=0.75,30026,1.0628835935879513,0.950917383992464,0.09027273435879511,0.12219982875927017,0.5698988169075837,0.0,-0.3203125000000001,3.3817708333333334,0.0,0.0,2.49999999975,1.4507361988289218,0.39283421573655036,none,0.75
max-exp-cap-V k=0.75,30027,1.0613278622529851,0.950689750609055,0.09015622372529851,0.12448373049014673,0.590289181845932,0.0,-0.31953125,3.514453125,0.0,0.0,2.49999999975,1.4185897065065771,0.41610987245888015,none,0.75
max-exp-cap-V k=0.75,30028,1.0552269359833895,0.9455083373804869,0.08973493318167228,0.1296418890162357,0.6311019914612062,0.0,-0.31575520833333337,3.538020833333333,0.0,0.0,2.49999999975,1.4596857141322042,0.4323547085177865,none,0.75
max-exp-cap-V k=0.75,30029,1.0335334452347533,0.9255926088666742,0.08793667785680867,0.11667281071407949,0.5491708032881525,0.0,-0.3083333333333333,3.4522135416666666,0.0,0.0,2.49999999975,1.3925649183880187,0.39435921157905673,none,0.75
max-exp-cap-V k=0.75,30030,1.090040123703348,0.976005151589608,0.09203786653700144,0.12310295432275231,0.555721812004188,0.0,-0.33932291666666664,3.353125,0.0,0.0,2.4999999997500004,1.3794823859615484,0.40284806653535493,none,0.75
max-exp-cap-V k=0.75,30031,1.1011059775649503,0.9869205722685853,0.09294262900649503,0.12641411278301196,0.6006872634197398,0.0,-0.34335937499999997,3.5281249999999997,0.0,0.0,2.4999999997500004,1.5058470644063229,0.39890323368034686,none,0.75
max-exp-cap-V k=0.75,30032,1.0761784786120365,0.9644112852558744,0.09119857702787033,0.12187581517517904,0.5670955769316165,0.0,-0.3283854166666666,3.393359375,0.0,0.0,2.4999999997500004,1.4346700540524806,0.3952794409625783,none,0.75
max-exp-cap-V k=0.75,30033,1.1405302788880929,1.0226729606147462,0.09645537163880928,0.12743816397242352,0.5976819007615432,0.0,-0.3519531249999999,3.433984375,0.0,0.0,2.49999999975,1.5196151602372354,0.3933113569808265,none,0.75
max-exp-cap-V k=0.75,30034,1.0748917476143562,0.9640369282155592,0.09079646642810228,0.11059368288469283,0.5045891672007229,0.0,-0.33385416666666673,3.420963541666667,0.0,0.0,2.49999999975,1.4319100676418814,0.35238886757161897,none,0.75
max-exp-cap-V k=0.75,30035,1.1024458301166595,0.9875650609367809,0.09316124967833263,0.13172791385738591,0.6054013012762475,0.0,-0.34166666666666656,3.3895833333333334,0.0,0.0,2.49999999975,1.416612908085075,0.4273583120844258,none,0.75
max-exp-cap-V k=0.75,30036,1.099068672324152,0.9851744060846395,0.09318811723241519,0.12471637292661478,0.598573317882544,0.0,-0.334375,3.4824218749999996,0.0,0.0,2.49999999975,1.526518149487179,0.39211673839818395,none,0.75
max-exp-cap-V k=0.75,30037,1.1054586080295834,0.9930928038929921,0.093462527469625,0.11753776772397265,0.5528878776265191,0.0,-0.3416666666666666,3.4005208333333337,0.0,0.0,2.49999999975,1.435569017875564,0.38513500273551027,none,0.75
max-exp-cap-V k=0.75,30038,1.0808212911744197,0.9676729365403142,0.09026962911744199,0.12124463429823434,0.5437880240108325,0.0,-0.35624999999999996,3.326171875,0.0,0.0,2.49999999975,1.4507540954499252,0.37483128651254055,none,0.75
max-exp-cap-V k=0.75,30039,1.0420750026428505,0.9350996198579278,0.08890802109761839,0.12408762934373067,0.6016425756239987,0.0,-0.3059895833333333,3.5540364583333335,0.0,0.0,2.49999999975,1.4056630792919176,0.42801335859733003,none,0.75
max-exp-cap-V k=0.75,30040,1.0888111964147964,0.9775796618135835,0.09289804672481296,0.12141761635277018,0.5930484019383666,0.0,-0.3196614583333334,3.4950520833333334,0.0,0.0,2.49999999975,1.5093831931788255,0.39290778154842265,none,0.75
max-exp-cap-V k=0.75,30041,1.1144319692647116,0.9989878790027711,0.09378694692647113,0.12382297629696448,0.5711478655289584,0.0,-0.35312500000000013,3.3764322916666663,0.0,0.0,2.49999999975,1.482229147402213,0.3853303428352927,none,0.75
max-exp-cap-V k=0.75,30042,1.0710122349820725,0.9615604690130449,0.09214028599820726,0.11949049196771258,0.6104943597396759,0.0,-0.29921875,3.656380208333333,0.0,0.0,2.49999999975,1.4790017730751375,0.41277459625375384,none,0.75
max-exp-cap-V k=0.75,30043,1.1179225646255377,1.0019837939493257,0.0949758502125538,0.12191879415049484,0.5834222761737728,0.0,-0.33632812500000003,3.490885416666667,0.0,0.0,2.4999999997500004,1.4797879848569,0.3942607198761595,none,0.75
max-exp-cap-V k=0.75,30044,1.072439098632199,0.9598965893690238,0.08965927444655322,0.11890740887967306,0.5220380274888348,0.0,-0.3516927083333334,3.3385416666666665,0.0,0.0,2.49999999975,1.3729003337219752,0.38024466501044074,none,0.75
max-exp-cap-V k=0.75,30045,1.0335297630604006,0.9236689787516543,0.08755219505604005,0.12077749946143672,0.5401635474255714,0.0,-0.3160156249999999,3.320963541666666,0.0,0.0,2.4999999997500004,1.3590114891372367,0.397467977087149,none,0.75
max-exp-cap-V k=0.75,30046,1.0125864379851228,0.9056642636316625,0.08655161254851228,0.12302559404194337,0.5863262161645844,0.0,-0.294140625,3.4712239583333337,0.0,0.0,2.49999999975,1.3920370340084274,0.4212001562029094,none,0.75
max-exp-cap-V k=0.75,30047,1.0385271573697117,0.9282204266719198,0.08837094490363782,0.12625398503485089,0.5907544118562328,0.0,-0.3096354166666667,3.4813802083333334,0.0,0.0,2.49999999975,1.3759258871421984,0.4293504594809472,none,0.75
max-exp-cap-V k=0.75,30048,1.1293234981494382,1.013906530184962,0.09552349564827714,0.12452422204983092,0.5818111028080989,0.0,-0.34817708333333336,3.4475260416666664,0.0,0.0,2.49999999975,1.4341753565327489,0.4056764050211272,none,0.75
max-exp-cap-V k=0.75,30049,1.0423648724550083,0.9351470824658922,0.08853336224550082,0.1246721253901827,0.5895742208894708,0.0,-0.3140625,3.4875,0.0,0.0,2.49999999975,1.4356408263703937,0.41066972327614853,none,0.75
max-exp-cap-V k=1.0,30000,1.0965080960208162,0.9821941287972306,0.09113518460208163,0.1276961988039179,0.5897000128342884,0.0,-0.37031249999999993,3.4748697916666673,0.0,0.0,2.49999999975,1.3841510480969044,0.42603732710030323,none,1.0
max-exp-cap-V k=1.0,30001,1.0844931315359558,0.9715939284895516,0.08990113607026226,0.11766287461482045,0.5500250057973554,0.0,-0.3709635416666666,3.4761718749999995,0.0,0.0,2.49999999975,1.4216365258794776,0.38689566269907794,none,1.0
max-exp-cap-V k=1.0,30002,1.098129369202731,0.9849580635307589,0.0921566869202731,0.1204911020287024,0.5679497109939539,0.0,-0.35312500000000013,3.46015625,0.0,0.0,2.49999999975,1.246233961157534,0.4557328147809643,none,1.0
max-exp-cap-V k=1.0,30003,1.0510368003561195,0.9401507198350239,0.08699821128561194,0.1258165300553527,0.5768138466464183,0.0,-0.3621093749999999,3.444661458333333,0.0,0.0,2.49999999975,1.234375341027861,0.4672921010930978,none,1.0
max-exp-cap-V k=1.0,30004,1.1158396314363515,0.9990297533616892,0.09183135897696848,0.1226381960628691,0.5644774677588825,0.0,-0.39505208333333325,3.3759114583333334,0.0,0.0,2.49999999975,1.3808981360828312,0.40877560263795093,none,1.0
max-exp-cap-V k=1.0,30005,1.1078497817358082,0.9901155566571798,0.09094122817358082,0.12718053312483174,0.5587969746378862,0.0,-0.3968750000000001,3.2661458333333333,0.0,0.0,2.49999999975,1.389170737449238,0.40225219231434134,none,1.0
max-exp-cap-V k=1.0,30006,1.0388553738872237,0.9299180639863316,0.08620324572205569,0.10364565686101561,0.49471053952773125,0.0,-0.3536458333333333,3.542708333333333,0.0,0.0,2.49999999975,1.3274481377362768,0.3726778662489751,none,1.0
max-exp-cap-V k=1.0,30007,1.0964615426667592,0.9818185412247887,0.0911956334333426,0.12094572019975382,0.5815130099652933,0.0,-0.3690104166666667,3.529947916666667,0.0,0.0,2.49999999975,1.3530096545058372,0.42979221029851455,none,1.0
max-exp-cap-V k=1.0,30008,1.0850153433145187,0.9704726850726124,0.08991429474811855,0.12397491387472036,0.5863974619539831,0.0,-0.3717447916666667,3.5095052083333327,0.0,0.0,2.49999999975,1.4303432720336955,0.4099697418230447,none,1.0
max-exp-cap-V k=1.0,30009,1.1723970767629617,1.052295063719868,0.09544934309296282,0.12534537781593927,0.5651550223567156,0.0,-0.43580729166666665,3.3967447916666664,0.0,0.0,2.49999999975,1.5009902622420883,0.37652144492431366,none,1.0
max-exp-cap-V k=1.0,30010,1.0679491835580939,0.9557740630937586,0.08896939752247607,0.12499829994398926,0.5721846359369666,0.0,-0.3565104166666666,3.3851562499999996,0.0,0.0,2.49999999975,1.2360302926096356,0.46292120780382406,none,1.0
max-exp-cap-V k=1.0,30011,1.0456006033188179,0.934638718672745,0.08644157074854844,0.12309368967526754,0.546276978398304,0.0,-0.36236979166666655,3.377213541666667,0.0,0.0,2.49999999975,1.1768170379760936,0.46419873333734085,none,1.0
max-exp-cap-V k=1.0,30012,1.0177577168088767,0.9106073224289138,0.08379400084755434,0.1107379210238143,0.5106489407643776,0.0,-0.3596354166666668,3.4274739583333327,0.0,0.0,2.49999999975,1.3159802996715577,0.3880369188595189,none,1.0
max-exp-cap-V k=1.0,30013,1.0599312520089257,0.9478815649396024,0.0885126564508926,0.1189662141273024,0.5596668225392732,0.0,-0.349609375,3.37265625,0.0,0.0,2.49999999975,1.3008153934478193,0.43024308088473096,none,1.0
max-exp-cap-V k=1.0,30014,0.9885550638472309,0.8812889120804546,0.0827812876347231,0.1209321535931155,0.5534257922191264,0.0,-0.32148437500000004,3.391276041666667,0.0,0.0,2.49999999975,1.126190628219394,0.4914139563513692,none,1.0
max-exp-cap-V k=1.0,30015,1.1203631203115993,1.0016932893507675,0.09208839536449327,0.12600936724675255,0.59666238878081,0.0,-0.39895833333333336,3.4721354166666667,0.0,0.0,2.49999999975,1.5221428885383896,0.39198842189759486,none,1.0
max-exp-cap-V k=1.0,30016,1.1143297522452746,0.9972033030182703,0.09290432939119411,0.12350300179071674,0.5780860432814807,0.0,-0.37057291666666664,3.4091145833333334,0.0,0.0,2.49999999975,1.350749858677967,0.4279741652886618,none,1.0
max-exp-cap-V k=1.0,30017,1.0556185147914985,0.9438968201662631,0.08843945564581651,0.12231530115015328,0.5957205362876457,0.0,-0.34244791666666674,3.50859375,0.0,0.0,2.4999999997500004,1.4159152582495584,0.4207317724820001,none,1.0
max-exp-cap-V k=1.0,30018,1.1414098842753546,1.0227318057833619,0.09338578009420212,0.11372748409295756,0.5184700441716259,0.0,-0.4151041666666666,3.350260416666667,0.0,0.0,2.49999999975,1.4760783654742167,0.3512483187198927,none,1.0
max-exp-cap-V k=1.0,30019,1.0970786993797466,0.9816235567002668,0.09013755743797466,0.11796738828540193,0.5212670663751342,0.0,-0.39140624999999996,3.2169270833333328,0.0,0.0,2.49999999975,1.3141494980853492,0.3966573568186835,none,1.0
max-exp-cap-V k=1.0,30020,1.1397789094412054,1.0239716755341102,0.09526695344412055,0.11370405273279788,0.5394967390010752,0.0,-0.37421875,3.4384114583333334,0.0,0.0,2.49999999975,1.3966279445029892,0.3862852244396865,none,1.0
max-exp-cap-V k=1.0,30021,1.1299056900433138,1.0126184735218888,0.09380437108766469,0.12200145282182887,0.5575343955859557,0.0,-0.38372395833333334,3.413932291666667,0.0,0.0,2.49999999975,1.375864344774851,0.40522483027001593,none,1.0
max-exp-cap-V k=1.0,30022,1.0670006464961912,0.9547686065830748,0.08914147089961913,0.12956375718270524,0.6231252738636868,0.0,-0.35117187499999997,3.537239583333333,0.0,0.0,2.49999999975,1.3256890638589025,0.4700387827367701,none,1.0
max-exp-cap-V k=1.0,30023,1.0722466914923323,0.9605340951660541,0.08781711706589988,0.12082623014707958,0.5534751746088359,0.0,-0.3881510416666667,3.375130208333333,0.0,0.0,2.49999999975,1.3343604298128795,0.4147868613628261,none,1.0
max-exp-cap-V k=1.0,30024,1.0664537879604055,0.9548963088377873,0.08818834754604053,0.1242059439882258,0.5682402593392075,0.0,-0.36914062500000006,3.3470052083333335,0.0,0.0,2.49999999975,1.2907033474841025,0.4402562838678982,none,1.0
max-exp-cap-V k=1.0,30025,1.0671568512520235,0.9564118635719464,0.08889667470853568,0.12117727362194881,0.5732953389260547,0.0,-0.35638020833333345,3.4772135416666665,0.0,0.0,2.4999999997500004,1.3365532471635684,0.4289356523151631,none,1.0
max-exp-cap-V k=1.0,30026,1.051563610581116,0.9399319326658555,0.0877149548081116,0.12219982875927017,0.5698988169075837,0.0,-0.348828125,3.3817708333333334,0.0,0.0,2.49999999975,1.283705150582156,0.4439483760341201,none,1.0
max-exp-cap-V k=1.0,30027,1.0794769778531448,0.9671378238972554,0.09010915611864784,0.12353152101134368,0.5857739013994396,0.0,-0.35677083333333326,3.514453125,0.0,0.0,2.49999999975,1.305885204934237,0.44856462052415896,none,1.0
max-exp-cap-V k=1.0,30028,1.0770457513347695,0.964734088177662,0.0898660334668103,0.1296418890162357,0.6311019914612062,0.0,-0.35677083333333326,3.538020833333333,0.0,0.0,2.49999999975,1.4325024863937734,0.4405590897436849,none,1.0
max-exp-cap-V k=1.0,30029,1.0471502729761069,0.9378408249138771,0.08753403771427737,0.11667281071407949,0.5491708032881525,0.0,-0.34361979166666656,3.4522135416666666,0.0,0.0,2.4999999997500004,1.2609909770303815,0.4355073218536766,none,1.0
max-exp-cap-V k=1.0,30030,1.0937409072131206,0.9776102128745698,0.0900902365546454,0.12310295432275231,0.555721812004188,0.0,-0.3856770833333333,3.353125,0.0,0.0,2.49999999975,1.320011564843909,0.4209976842664268,none,1.0
max-exp-cap-V k=1.0,30031,1.1242065173843132,1.0073796706627185,0.09298054757176465,0.12641411278301196,0.6006872634197398,0.0,-0.38880208333333327,3.5281249999999997,0.0,0.0,2.49999999975,1.4182443275454575,0.4235428633508753,none,1.0
max-exp-cap-V k=1.0,30032,1.1333273076178227,1.0159539721367308,0.09324158492844892,0.12187581517517904,0.5670955769316165,0.0,-0.4018229166666667,3.393359375,0.0,0.0,2.4999999997500004,1.4320241824316688,0.3960097768521282,none,1.0
max-exp-cap-V k=1.0,30033,1.1598927136746606,1.0400581661243242,0.09613250053413273,0.12686562341445176,0.594996699419301,0.0,-0.39713541666666663,3.433984375,0.0,0.0,2.49999999975,1.3547481451790282,0.43919358851801416,none,1.0
max-exp-cap-V k=1.0,30034,1.0815047772538915,0.9697661481540547,0.08986922772538916,0.10955920171493912,0.4998692955198503,0.0,-0.365625,3.420963541666667,0.0,0.0,2.49999999975,1.2294186831606886,0.40658996187917534,none,1.0
max-exp-cap-V k=1.0,30035,1.0588572804969876,0.9468090757661685,0.08794953013303211,0.13172791385738591,0.6054013012762475,0.0,-0.3587239583333333,3.3895833333333334,0.0,0.0,2.49999999975,1.2470253816414856,0.48547632645563726,none,1.0
max-exp-cap-V k=1.0,30036,1.0810634203832583,0.9683021382925208,0.09063889412165918,0.12471637292661478,0.598573317882544,0.0,-0.34934895833333324,3.4824218749999996,0.0,0.0,2.49999999975,1.2799062798070926,0.46766964685317497,none,1.0
max-exp-cap-V k=1.0,30037,1.1124705963376051,0.9979800222526536,0.09175487213376052,0.11753776772397265,0.5528878776265191,0.0,-0.38984375,3.4005208333333337,0.0,0.0,2.49999999975,1.3557341972651598,0.4078143626839437,none,1.0
max-exp-cap-V k=1.0,30038,1.0725374107755998,0.9583273810448565,0.08737092857755999,0.12124463429823434,0.5437880240108325,0.0,-0.39765625000000004,3.326171875,0.0,0.0,2.49999999975,1.3666742645006955,0.3978914640713612,none,1.0
max-exp-cap-V k=1.0,30039,1.0036003890121385,0.8980615316624531,0.08429233056788052,0.12408762934373067,0.6016425756239987,0.0,-0.32135416666666666,3.5540364583333335,0.0,0.0,2.49999999975,1.309449970400812,0.45946205599580164,none,1.0
max-exp-cap-V k=1.0,30040,1.0947320246215582,0.982379280483454,0.09181044204548913,0.12141761635277018,0.5930484019383666,0.0,-0.3532552083333334,3.4950520833333334,0.0,0.0,2.49999999975,1.3760149974866147,0.43098978065036353,none,1.0
max-exp-cap-V k=1.0,30041,1.0958168218479407,0.9810511341693651,0.09073402593479407,0.12382297629696448,0.5711478655289584,0.0,-0.3769531250000001,3.3764322916666663,0.0,0.0,2.49999999975,1.3442437860379888,0.4248841404075626,none,1.0
max-exp-cap-V k=1.0,30042,1.0876128465293748,0.9767951418911753,0.09242013881960415,0.11949049196771258,0.6104943597396759,0.0,-0.32682291666666663,3.656380208333333,0.0,0.0,2.49999999975,1.3248835064353843,0.46079097277180137,none,1.0
max-exp-cap-V k=1.0,30043,1.1276423344426643,1.0098396382926906,0.09375381677759975,0.12191879415049484,0.5834222761737728,0.0,-0.38020833333333326,3.490885416666667,0.0,0.0,2.49999999975,1.4289120053262574,0.4082982534957165,none,1.0
max-exp-cap-V k=1.0,30044,1.0826709589186747,0.9678580922488101,0.08837126255853414,0.11890740887967306,0.5220380274888348,0.0,-0.39791666666666675,3.3385416666666665,0.0,0.0,2.49999999975,1.2558123942995914,0.4156974639352822,none,1.0
max-exp-cap-V k=1.0,30045,0.9955309008576716,0.8882152735447654,0.08284085050243382,0.12077749946143672,0.5401635474255714,0.0,-0.33424479166666665,3.320963541666666,0.0,0.0,2.49999999975,1.1868656006561311,0.455117704251395,none,1.0
max-exp-cap-V k=1.0,30046,1.0182068381070244,0.9101355625089473,0.08568787131070243,0.1221633080326487,0.5822166575234041,0.0,-0.3226562500000001,3.4712239583333337,0.0,0.0,2.49999999975,1.2702927893384635,0.4583326477249453,none,1.0
max-exp-cap-V k=1.0,30047,1.0920223838069176,0.9764148285183707,0.0906215092140251,0.12625398503485089,0.5907544118562328,0.0,-0.37161458333333336,3.4813802083333334,0.0,0.0,2.49999999975,1.355503668273973,0.43581911704338533,none,1.0
max-exp-cap-V k=1.0,30048,1.0946055405284596,0.98061233125596,0.09104258530284595,0.12452422204983092,0.5818111028080989,0.0,-0.36835937500000016,3.4475260416666664,0.0,0.0,2.49999999975,1.276728871536556,0.45570450843481236,none,1.0
max-exp-cap-V k=1.0,30049,1.0650432197929924,0.9554757407824406,0.08882854072929924,0.1246721253901827,0.5895742208894708,0.0,-0.35351562500000006,3.4875,0.0,0.0,2.49999999975,1.3368993131054445,0.44100121460902386,none,1.0
max-exp-cap-V k=1.5,30000,1.1063520075086029,0.9905991442916476,0.09114301325086031,0.1276961988039179,0.5897000128342884,0.0,-0.38984374999999993,3.4748697916666673,0.0,0.0,2.49999999975,1.348724626136966,0.4372278828505672,none,1.5
max-exp-cap-V k=1.5,30001,1.0750855280387046,0.9622924885523165,0.08838094863720379,0.11744354628452439,0.5489997370663514,0.0,-0.38255208333333335,3.4761718749999995,0.0,0.0,2.4999999997500004,1.3717523858024037,0.4002178109901483,none,1.5
max-exp-cap-V k=1.5,30002,1.1171696004425289,1.0018784894657236,0.09273258504425289,0.1204911020287024,0.5679497109939539,0.0,-0.37968750000000007,3.46015625,0.0,0.0,2.49999999975,1.2919470412975935,0.43960757897902836,none,1.5
max-exp-cap-V k=1.5,30003,1.0499049879716098,0.9393643383494784,0.08657904046382765,0.1255283559707358,0.5754926943131077,0.0,-0.3682291666666667,3.444661458333333,0.0,0.0,2.49999999975,1.1875715735163808,0.4845962189959489,none,1.5
max-exp-cap-V k=1.5,30004,1.0979025731115641,0.981616140556548,0.08972515314448974,0.1226381960628691,0.5644774677588825,0.0,-0.4013020833333333,3.3759114583333334,0.0,0.0,2.49999999975,1.3067869736171949,0.43195829094959926,none,1.5
max-exp-cap-V k=1.5,30005,1.0857141684275018,0.9694168018521085,0.08858443767608351,0.12718053312483174,0.5587969746378862,0.0,-0.3997395833333334,3.2661458333333333,0.0,0.0,2.49999999975,1.2649986807260385,0.4417371995338114,none,1.5
max-exp-cap-V k=1.5,30006,1.0161127656183795,0.9080891885244352,0.08390294322850464,0.10318663725021404,0.4925195954381206,0.0,-0.3541666666666665,3.542708333333333,0.0,0.0,2.49999999975,1.2788813685925569,0.38511749997589817,none,1.5
max-exp-cap-V k=1.5,30007,1.059702955784079,0.9478261422820607,0.08789737891174124,0.12073751052054126,0.5805119275205171,0.0,-0.3614583333333334,3.529947916666667,0.0,0.0,2.49999999975,1.255152133022304,0.46250323944611527,none,1.5
max-exp-cap-V k=1.5,30008,1.037718303701074,0.9265955983927604,0.08590724703677406,0.12397491387472036,0.5863974619539831,0.0,-0.3572916666666666,3.5095052083333327,0.0,0.0,2.49999999975,1.2898318723938464,0.4546309286540319,none,1.5
max-exp-cap-V k=1.5,30009,1.1359304781858306,1.0180706395084045,0.09213471448524972,0.12534537781593927,0.5651550223567156,0.0,-0.4291666666666667,3.3967447916666664,0.0,0.0,2.49999999975,1.3412162340583045,0.4213750236579283,none,1.5
max-exp-cap-V k=1.5,30010,1.0999296680685278,0.9841583361309798,0.09039661264018611,0.12499829994398926,0.5721846359369666,0.0,-0.39192708333333326,3.3851562499999996,0.0,0.0,2.4999999997499995,1.2945365335216539,0.4419996045846593,none,1.5
max-exp-cap-V k=1.5,30011,1.080776229388383,0.9659690711003006,0.08844220627217163,0.12309368967526754,0.546276978398304,0.0,-0.39270833333333327,3.377213541666667,0.0,0.0,2.49999999975,1.1995533477859508,0.4554003199662464,none,1.5
max-exp-cap-V k=1.5,30012,1.0376417916259724,0.9284078802654089,0.08451938749593055,0.11057663496931429,0.5099051977707486,0.0,-0.3848958333333333,3.4274739583333327,0.0,0.0,2.49999999975,1.2767905539856303,0.3993647949376099,none,1.5
max-exp-cap-V k=1.5,30013,0.999913423978833,0.89292605789864,0.08331165489788331,0.1189662141273024,0.5596668225392732,0.0,-0.33359375,3.37265625,0.0,0.0,2.49999999975,1.2063050291581208,0.46395132989693677,none,1.5
max-exp-cap-V k=1.5,30014,0.9722842371379941,0.865577130584893,0.08103050704713274,0.12081144575739164,0.5528733929801506,0.0,-0.3239583333333334,3.391276041666667,0.0,0.0,2.4999999997500004,1.1208007363396095,0.4932842877903201,none,1.5
max-exp-cap-V k=1.5,30015,1.0832610231390813,0.9666640368760347,0.08879485231390813,0.12600936724675255,0.59666238878081,0.0,-0.39062500000000017,3.4721354166666667,0.0,0.0,2.49999999975,1.3875438399853581,0.4300133600010117,none,1.5
max-exp-cap-V k=1.5,30016,1.1124038143297872,0.994583176127565,0.09206720434964538,0.12328636517900586,0.5770720225704208,0.0,-0.38346354166666663,3.4091145833333334,0.0,0.0,2.49999999975,1.3288837114605843,0.43425321387689925,none,1.5
max-exp-cap-V k=1.5,30017,1.0502439994087158,0.9388057833236789,0.08747882702420494,0.12231530115015328,0.5957205362876457,0.0,-0.35091145833333337,3.50859375,0.0,0.0,2.4999999997499995,1.3627395908274162,0.4371492105296077,none,1.5
max-exp-cap-V k=1.5,30018,1.1332371893915576,1.0146181853630178,0.09199559393915575,0.11372748409295756,0.5184700441716259,0.0,-0.42656250000000007,3.350260416666667,0.0,0.0,2.4999999997500004,1.3860496646110267,0.37406310712331253,none,1.5
max-exp-cap-V k=1.5,30019,1.087288426679788,0.9719267838736747,0.08866373850131212,0.11751316097697176,0.519259954579457,0.0,-0.4013020833333333,3.2169270833333328,0.0,0.0,2.49999999975,1.2497818566358943,0.41548047110971603,none,1.5
max-exp-cap-V k=1.5,30020,1.0847713201452975,0.9728548614553338,0.09036515284786309,0.11276349000788669,0.5350340086874248,0.0,-0.36223958333333334,3.4384114583333334,0.0,0.0,2.4999999997500004,1.2992224461258073,0.41181093374953587,none,1.5
max-exp-cap-V k=1.5,30021,1.0858218062831708,0.9713197710096252,0.08989728479498377,0.12169202940319195,0.55612036161587,0.0,-0.37369791666666674,3.413932291666667,0.0,0.0,2.49999999975,1.2889110813333522,0.4314652652691719,none,1.5
max-exp-cap-V k=1.5,30022,1.0300845276271584,0.9210679623820109,0.08589256734604919,0.12956375718270524,0.6231252738636868,0.0,-0.34231770833333336,3.537239583333333,0.0,0.0,2.49999999975,1.226459755416024,0.5080682599750843,none,1.5
max-exp-cap-V k=1.5,30023,1.0400515465920075,0.9302835538321543,0.08469525882586743,0.12074354856943494,0.5530964306840433,0.0,-0.3861979166666666,3.375130208333333,0.0,0.0,2.4999999997499995,1.248105835234709,0.44314866181202683,none,1.5
max-exp-cap-V k=1.5,30024,1.0925492466205609,0.9782048211165277,0.08919633091205607,0.12421350779694983,0.5682748636463197,0.0,-0.401171875,3.3470052083333335,0.0,0.0,2.49999999975,1.2986255789657766,0.43759715875833355,none,1.5
max-exp-cap-V k=1.5,30025,1.0614406209411014,0.9505567649094909,0.08779119751077681,0.12092159856023395,0.5720857282723436,0.0,-0.3670572916666668,3.4772135416666665,0.0,0.0,2.4999999997499995,1.3035128031944152,0.4388800224059009,none,1.5
max-exp-cap-V k=1.5,30026,1.0528225778657045,0.9402954644031091,0.08718329945323712,0.12219982875927017,0.5698988169075837,0.0,-0.3619791666666668,3.3817708333333334,0.0,0.0,2.49999999975,1.2833765746770163,0.4440620377156319,none,1.5
max-exp-cap-V k=1.5,30027,1.115851928601275,0.9995382698743964,0.09183909911012751,0.12408812096755699,0.5884132417491783,0.0,-0.39492187499999987,3.514453125,0.0,0.0,2.49999999975,1.371764953074373,0.42894611094301394,none,1.5
max-exp-cap-V k=1.5,30028,1.057747675059367,0.9464559707761413,0.08789065292260337,0.1296418890162357,0.6311019914612062,0.0,-0.35768229166666665,3.538020833333333,0.0,0.0,2.49999999975,1.3200589043291449,0.47808623493353336,none,1.5
max-exp-cap-V k=1.5,30029,1.020159570040685,0.9128436170724799,0.08491960283740183,0.11667281071407949,0.5491708032881525,0.0,-0.3419270833333333,3.4522135416666666,0.0,0.0,2.4999999997500004,1.2143339438056011,0.4522403463145452,none,1.5
max-exp-cap-V k=1.5,30030,1.0954737786827229,0.9786007464697939,0.08957341953493894,0.12310295432275231,0.555721812004188,0.0,-0.39947916666666666,3.353125,0.0,0.0,2.4999999997500004,1.255847418700769,0.44250742863261794,none,1.5
max-exp-cap-V k=1.5,30031,1.1154471570498832,0.9987896718096463,0.091668413621655,0.12641411278301196,0.6006872634197398,0.0,-0.39752604166666666,3.5281249999999997,0.0,0.0,2.4999999997500004,1.3305172820514188,0.4514689673880732,none,1.5
max-exp-cap-V k=1.5,30032,1.0937731543432085,0.9786916174036292,0.08945544043432085,0.12187581517517904,0.5670955769316165,0.0,-0.3984375,3.393359375,0.0,0.0,2.49999999975,1.3430286094315775,0.4222513004928716,none,1.5
max-exp-cap-V k=1.5,30033,1.1516661314971632,1.0323445393527813,0.09501036314971632,0.1261566422970233,0.5916715951596352,0.0,-0.40312500000000007,3.433984375,0.0,0.0,2.49999999975,1.2882087979512447,0.4592978996111688,none,1.5
max-exp-cap-V k=1.5,30034,1.0761057913368453,0.9640703947977857,0.08885406871701784,0.1095248615521505,0.4997126168227396,0.0,-0.37513020833333327,3.420963541666667,0.0,0.0,2.49999999975,1.2226968719671287,0.40869705998247946,none,1.5
max-exp-cap-V k=1.5,30035,1.0159335490097372,0.9074497748434818,0.08411939656764039,0.13172791385738591,0.6054013012762475,0.0,-0.3494791666666667,3.3895833333333334,0.0,0.0,2.49999999975,1.1658806283662704,0.519265254560912,none,1.5
max-exp-cap-V k=1.5,30036,1.0473235978646076,0.9368242061383936,0.08746673478646075,0.12471637292661478,0.598573317882544,0.0,-0.3453125000000001,3.4824218749999996,0.0,0.0,2.49999999975,1.227435138198905,0.48766187251317356,none,1.5
max-exp-cap-V k=1.5,30037,1.0670168034854162,0.9556896464854895,0.0875805865985416,0.11753776772397265,0.5528878776265191,0.0,-0.3824218749999999,3.4005208333333337,0.0,0.0,2.49999999975,1.2693196138881857,0.4355781409009433,none,1.5
max-exp-cap-V k=1.5,30038,1.0531076384800522,0.9397540807457618,0.08536284718133855,0.12124463429823434,0.5437880240108325,0.0,-0.39895833333333336,3.326171875,0.0,0.0,2.49999999975,1.2813827705221286,0.4243759448936977,none,1.5
max-exp-cap-V k=1.5,30039,1.03719461557682,0.9278031057284517,0.086121805307682,0.12408762934373067,0.6016425756239987,0.0,-0.3519531249999999,3.5540364583333335,0.0,0.0,2.4999999997499995,1.355263676427779,0.44393027429895837,none,1.5
max-exp-cap-V k=1.5,30040,1.0735409113183603,0.9624903271027438,0.08943091404850269,0.12141761635277018,0.5930484019383666,0.0,-0.3584635416666668,3.4950520833333334,0.0,0.0,2.49999999975,1.3262816443317826,0.4471511797459587,none,1.5
max-exp-cap-V k=1.5,30041,1.1262497752173404,1.0080217658880026,0.09153122752173404,0.12382297629696448,0.5711478655289584,0.0,-0.42187500000000017,3.3764322916666663,0.0,0.0,2.49999999975,1.3588130935581058,0.42032849715436954,none,1.5
max-exp-cap-V k=1.5,30042,1.0663850182594503,0.9570207076142883,0.09040803307594505,0.11903456408863011,0.6081649576755926,0.0,-0.32460937500000003,3.656380208333333,0.0,0.0,2.4999999997499995,1.2509434799951413,0.4861650165664997,none,1.5
max-exp-cap-V k=1.5,30043,1.118947814335726,1.0019088937542724,0.09257186476690593,0.12191879415049484,0.5834222761737728,0.0,-0.3864583333333333,3.490885416666667,0.0,0.0,2.4999999997500004,1.3102422505316582,0.44527817351107174,none,1.5
max-exp-cap-V k=1.5,30044,1.067813430046796,0.9536329802855893,0.08659905133801296,0.11890740887967306,0.5220380274888348,0.0,-0.40364583333333337,3.3385416666666665,0.0,0.0,2.49999999975,1.2599411410388903,0.4143352498660262,none,1.5
max-exp-cap-V k=1.5,30045,1.0029338250917732,0.8942139393267106,0.08285197625917731,0.12077749946143672,0.5401635474255714,0.0,-0.348828125,3.320963541666666,0.0,0.0,2.49999999975,1.1847585290885823,0.4559271228383656,none,1.5
max-exp-cap-V k=1.5,30046,1.0390289391444,0.9284988711468746,0.08642893558110668,0.1224103944279521,0.5833942436375146,0.0,-0.3494791666666667,3.4712239583333337,0.0,0.0,2.49999999975,1.2929099697270345,0.45122572901242586,none,1.5
max-exp-cap-V k=1.5,30047,1.097683541346667,0.9813701747924893,0.09031522913466668,0.12625398503485089,0.5907544118562328,0.0,-0.3890624999999999,3.4813802083333334,0.0,0.0,2.49999999975,1.3426713970764865,0.439984357410557,none,1.5
max-exp-cap-V k=1.5,30048,1.0787116221718038,0.9650754260707463,0.0891732455505137,0.12452422204983092,0.5818111028080989,0.0,-0.37395833333333345,3.4475260416666664,0.0,0.0,2.49999999975,1.2503851516076825,0.46530551171375906,none,1.5
max-exp-cap-V k=1.5,30049,1.0510731924631582,0.9421653344894106,0.08702789216298248,0.1246721253901827,0.5895742208894708,0.0,-0.3615885416666667,3.4875,0.0,0.0,2.49999999975,1.294044437679563,0.45560585380412083,none,1.5
max-exp-cap-V k=2.0,30000,1.099235642637259,0.9839114240840866,0.0902165330137259,0.1276961988039179,0.5897000128342884,0.0,-0.39414062499999997,3.4748697916666673,0.0,0.0,2.49999999975,1.359467374600349,0.43377283181043325,none,2.0
max-exp-cap-V k=2.0,30001,1.0690868466106385,0.9570129167406781,0.0877550388277305,0.11726517637133042,0.5481659319017254,0.0,-0.38307291666666665,3.4761718749999995,0.0,0.0,2.4999999997500004,1.3311838476509623,0.41178829871548667,none,2.0
max-exp-cap-V k=2.0,30002,1.0921287388762972,0.9788680029819741,0.09061261347096304,0.1204911020287024,0.5679497109939539,0.0,-0.3720052083333334,3.46015625,0.0,0.0,2.49999999975,1.2485817116704,0.4548758849223645,none,2.0
max-exp-cap-V k=2.0,30003,1.046650277685615,0.9358953641085022,0.08593455901856151,0.12578056022746548,0.5766489406934588,0.0,-0.3746093750000001,3.444661458333333,0.0,0.0,2.49999999975,1.2063007608550216,0.47803081901791405,none,2.0
max-exp-cap-V k=2.0,30004,1.0921393354573339,0.9760785531959776,0.08899257937906671,0.1226381960628691,0.5644774677588825,0.0,-0.40442708333333327,3.3759114583333334,0.0,0.0,2.4999999997499995,1.3107296241761732,0.4306589683693698,none,2.0
max-exp-cap-V k=2.0,30005,1.0917478561170053,0.9746231205552698,0.08856931686170055,0.12718053312483174,0.5587969746378862,0.0,-0.4121093750000001,3.2661458333333333,0.0,0.0,2.49999999975,1.322761492347603,0.42244726496093243,none,2.0
max-exp-cap-V k=2.0,30006,1.0069422578227696,0.8995559105664126,0.08284917369894364,0.10324522068452799,0.492799219720262,0.0,-0.35690104166666653,3.542708333333333,0.0,0.0,2.49999999975,1.2850798142864253,0.38347751963865523,none,2.0
max-exp-cap-V k=2.0,30007,1.0656087228565514,0.9528868610454756,0.0880126952023218,0.12078066345560184,0.5807194089685127,0.0,-0.37096354166666673,3.529947916666667,0.0,0.0,2.49999999975,1.2754337994930476,0.45531129032281714,none,2.0
max-exp-cap-V k=2.0,30008,1.0150451355648513,0.905910858385802,0.0839914927231518,0.12397491387472036,0.5863974619539831,0.0,-0.3502604166666667,3.5095052083333327,0.0,0.0,2.49999999975,1.2497771462532534,0.4692016202344255,none,2.0
max-exp-cap-V k=2.0,30009,1.1082107194545294,0.9928605175264792,0.08995518652878626,0.12534537781593927,0.5651550223567156,0.0,-0.4173177083333333,3.3967447916666664,0.0,0.0,2.49999999975,1.2761296042743426,0.4428664772478849,none,2.0
max-exp-cap-V k=2.0,30010,1.1059647630052207,0.989182295946686,0.09035559088385542,0.12499829994398926,0.5721846359369666,0.0,-0.40481770833333336,3.3851562499999996,0.0,0.0,2.49999999975,1.3352595740310857,0.42851940331689076,none,2.0
max-exp-cap-V k=2.0,30011,1.0745503520377901,0.9601092075326003,0.08765034770377901,0.12309368967526754,0.546276978398304,0.0,-0.39609375,3.377213541666667,0.0,0.0,2.49999999975,1.2005351343888242,0.45502789776861136,none,2.0
max-exp-cap-V k=2.0,30012,1.030964369971306,0.9219797168905349,0.08351310366379727,0.11064067482287478,0.5102005065781113,0.0,-0.39166666666666666,3.4274739583333327,0.0,0.0,2.49999999975,1.2923511403152181,0.39478473818939647,none,2.0
max-exp-cap-V k=2.0,30013,1.014148675866223,0.9054843621021245,0.08399950300328898,0.1189662141273024,0.5596668225392732,0.0,-0.3483072916666667,3.37265625,0.0,0.0,2.4999999997500004,1.224653849570828,0.4570000108482939,none,2.0
max-exp-cap-V k=2.0,30014,0.9872661429705436,0.8787785596488235,0.08159119763038769,0.12178071888106548,0.5573091094575957,0.0,-0.3427083333333333,3.391276041666667,0.0,0.0,2.49999999975,1.1640810860141546,0.47875454395177686,none,2.0
max-exp-cap-V k=2.0,30015,1.0814818300973355,0.9648795107156856,0.08827188092640022,0.12600936724675255,0.59666238878081,0.0,-0.3975260416666667,3.4721354166666667,0.0,0.0,2.49999999975,1.4070435139184223,0.4240539705266026,none,2.0
max-exp-cap-V k=2.0,30016,1.0861707885218612,0.9705491786912905,0.08978895385218612,0.12298581491151024,0.5756652234446947,0.0,-0.37656249999999997,3.4091145833333334,0.0,0.0,2.49999999975,1.298547766195419,0.4433146307211487,none,2.0
max-exp-cap-V k=2.0,30017,1.038935885809893,0.9283541068775807,0.08628291149765598,0.12231530115015328,0.5957205362876457,0.0,-0.35221354166666674,3.50859375,0.0,0.0,2.49999999975,1.3595871661421064,0.4381628123028192,none,2.0
max-exp-cap-V k=2.0,30018,1.1172644487000638,0.999923806582976,0.09072384070333969,0.11372748409295756,0.5184700441716259,0.0,-0.42005208333333327,3.350260416666667,0.0,0.0,2.49999999975,1.3488653199097589,0.3843749531690179,none,2.0
max-exp-cap-V k=2.0,30019,1.1041619199042312,0.9871547806568117,0.08958285865708979,0.1177679894965402,0.5203859752259664,0.0,-0.4166666666666667,3.2169270833333328,0.0,0.0,2.49999999975,1.2858930953796852,0.40468836569365996,none,2.0
max-exp-cap-V k=2.0,30020,1.0752375815936563,0.963765583567925,0.08922297690936565,0.112855006192779,0.5354682296507817,0.0,-0.36601562500000007,3.4384114583333334,0.0,0.0,2.49999999975,1.3086999422703127,0.40916042887711873,none,2.0
max-exp-cap-V k=2.0,30021,1.0728248109371963,0.9595101557353273,0.0887668560937196,0.12157218684655947,0.5555726931592071,0.0,-0.3703125000000001,3.413932291666667,0.0,0.0,2.49999999975,1.2552332768405192,0.44260513436801924,none,2.0
max-exp-cap-V k=2.0,30022,1.0221480807591374,0.9137268856797199,0.0850142872425804,0.12956375718270524,0.6231252738636868,0.0,-0.3440104166666667,3.537239583333333,0.0,0.0,2.49999999975,1.2131658322127843,0.5136356937510528,none,2.0
max-exp-cap-V k=2.0,30023,1.0399603031481934,0.9299435486666804,0.08437363448148602,0.12074359265047027,0.5530966326083995,0.0,-0.3924479166666667,3.375130208333333,0.0,0.0,2.4999999997500004,1.2481518211959526,0.4431324965567362,none,2.0
max-exp-cap-V k=2.0,30024,1.080465611129878,0.9666486578620672,0.08770801944632117,0.1242143267162129,0.5682786101891943,0.0,-0.40677083333333325,3.3470052083333335,0.0,0.0,2.49999999975,1.2994833039828642,0.43731120549794156,none,2.0
max-exp-cap-V k=2.0,30025,1.0770708003869334,0.9648961983784987,0.08855994462202665,0.12104311474972508,0.5726606270380699,0.0,-0.3829427083333334,3.4772135416666665,0.0,0.0,2.49999999975,1.3192161292180633,0.4340915899637325,none,2.0
max-exp-cap-V k=2.0,30026,1.0512657942309773,0.9388123245017023,0.0868127773397644,0.12219982875927017,0.5698988169075837,0.0,-0.3662760416666667,3.3817708333333334,0.0,0.0,2.49999999975,1.2854820910982618,0.44333469976286183,none,2.0
max-exp-cap-V k=2.0,30027,1.1146412191885242,0.9982989501937003,0.09141203858551908,0.12416572811475858,0.5887812469434848,0.0,-0.4010416666666667,3.514453125,0.0,0.0,2.49999999975,1.3809506155137,0.42635937906039023,none,2.0
max-exp-cap-V k=2.0,30028,1.0559110294113558,0.9444873983201072,0.08738146752446892,0.1296418890162357,0.6311019914612062,0.0,-0.36419270833333334,3.538020833333333,0.0,0.0,2.49999999975,1.3341860614992433,0.4730239729472425,none,2.0
max-exp-cap-V k=2.0,30029,1.0212265086202654,0.9135882190995909,0.0845966091953599,0.11667281071407949,0.5491708032881525,0.0,-0.3505208333333332,3.4522135416666666,0.0,0.0,2.49999999975,1.2264377505629351,0.44777715219226005,none,2.0
max-exp-cap-V k=2.0,30030,1.0902020992504262,0.9734107354296603,0.08872724117504263,0.12310295432275231,0.555721812004188,0.0,-0.405859375,3.353125,0.0,0.0,2.4999999997499995,1.259519839477394,0.4412171960981343,none,2.0
max-exp-cap-V k=2.0,30031,1.1208466833331665,1.0035620784027437,0.09175914749998333,0.12641411278301196,0.6006872634197398,0.0,-0.40651041666666665,3.5281249999999997,0.0,0.0,2.4999999997500004,1.3556223749258218,0.4431081063062335,none,2.0
max-exp-cap-V k=2.0,30032,1.0644222518263413,0.9517727266673933,0.08708024601596746,0.12187581517517904,0.5670955769316165,0.0,-0.38723958333333336,3.393359375,0.0,0.0,2.49999999975,1.3007762141661567,0.4359670562512128,none,2.0
max-exp-cap-V k=2.0,30033,1.1547471787917698,1.0349584397854792,0.09496690537917699,0.12612350139100267,0.5915161651135177,0.0,-0.41015624999999994,3.433984375,0.0,0.0,2.4999999997500004,1.285098455237013,0.4602885971133031,none,2.0
max-exp-cap-V k=2.0,30034,1.0597910399126393,0.948852624847256,0.08728118732459725,0.10937962489502322,0.4990499673661402,0.0,-0.3739583333333334,3.420963541666667,0.0,0.0,2.49999999975,1.1942679622498673,0.41787101650620007,none,2.0
max-exp-cap-V k=2.0,30035,1.0189155436449733,0.9096511135708902,0.08383816894783065,0.13172791385738591,0.6054013012762475,0.0,-0.36106770833333335,3.3895833333333334,0.0,0.0,2.4999999997500004,1.1796289682975853,0.5132133217701066,none,2.0
max-exp-cap-V k=2.0,30036,1.0321746114609252,0.9227152175563572,0.08599089864609252,0.12471637292661478,0.598573317882544,0.0,-0.34453125,3.4824218749999996,0.0,0.0,2.49999999975,1.227814187420396,0.48751132216522935,none,2.0
max-exp-cap-V k=2.0,30037,1.0583489985642502,0.9477591415089938,0.08674635818975837,0.11753776772397265,0.5528878776265191,0.0,-0.3817708333333333,3.4005208333333337,0.0,0.0,2.49999999975,1.2273802101806006,0.450461782779735,none,2.0
max-exp-cap-V k=2.0,30038,1.0517056426887392,0.9382486213129622,0.08497525176887392,0.12124463429823434,0.5437880240108325,0.0,-0.40390624999999997,3.326171875,0.0,0.0,2.49999999975,1.2976232622327055,0.41906463905030844,none,2.0
max-exp-cap-V k=2.0,30039,1.0400574835306535,0.9304205073785518,0.08599793585306537,0.12408762934373067,0.6016425756239987,0.0,-0.36015624999999996,3.5540364583333335,0.0,0.0,2.4999999997500004,1.369711689823574,0.43924760231950233,none,2.0
max-exp-cap-V k=2.0,30040,1.0553943537743948,0.9456840042713213,0.08770740412743946,0.12141761635277018,0.5930484019383666,0.0,-0.35664062500000016,3.4950520833333334,0.0,0.0,2.49999999975,1.3068997064124728,0.4537826422551767,none,2.0
max-exp-cap-V k=2.0,30041,1.1238246237061298,1.0056899863626418,0.09108688945394632,0.12382297629696448,0.5711478655289584,0.0,-0.42591145833333344,3.3764322916666663,0.0,0.0,2.49999999975,1.3552284425982721,0.42144028827637486,none,2.0
max-exp-cap-V k=2.0,30042,1.102740112844081,0.9898689838168685,0.09250057378440811,0.11949049196771258,0.6104943597396759,0.0,-0.35546874999999994,3.656380208333333,0.0,0.0,2.49999999975,1.3337567996170336,0.45772539635034615,none,2.0
max-exp-cap-V k=2.0,30043,1.0850613267271667,0.9707136129252462,0.08977566392271667,0.121438358041021,0.5811232284305734,0.0,-0.37460937499999997,3.490885416666667,0.0,0.0,2.49999999975,1.2580838153379377,0.461911377720471,none,2.0
max-exp-cap-V k=2.0,30044,1.0605141716669508,0.946739479214572,0.0856542817500284,0.11890740887967306,0.5220380274888348,0.0,-0.4079427083333334,3.3385416666666665,0.0,0.0,2.49999999975,1.2565894218063742,0.4154404123014134,none,2.0
max-exp-cap-V k=2.0,30045,0.9942370139535885,0.8862871356845129,0.08184557639535886,0.12077749946143672,0.5401635474255714,0.0,-0.3515625,3.320963541666666,0.0,0.0,2.49999999975,1.1732743033528266,0.4603898217850371,none,2.0
max-exp-cap-V k=2.0,30046,1.0225584702810724,0.9135995226983218,0.08494464911144058,0.12209892706559859,0.5819098250378756,0.0,-0.3462239583333333,3.4712239583333337,0.0,0.0,2.49999999975,1.2643996443776975,0.4602261853088985,none,2.0
max-exp-cap-V k=2.0,30047,1.0944117706897551,0.9781685058698678,0.08964299998564218,0.12625398503485089,0.5907544118562328,0.0,-0.39596354166666675,3.4813802083333334,0.0,0.0,2.49999999975,1.3685950799096258,0.4316502525314082,none,2.0
max-exp-cap-V k=2.0,30048,1.0721474999635254,0.9588842782920878,0.08836058332968587,0.12452422204983092,0.5818111028080989,0.0,-0.37708333333333344,3.4475260416666664,0.0,0.0,2.49999999975,1.2547355884255706,0.4636921979220734,none,2.0
max-exp-cap-V k=2.0,30049,1.0296163694637002,0.9224861707696013,0.08511658486303667,0.1246721253901827,0.5895742208894708,0.0,-0.3569010416666666,3.4875,0.0,0.0,2.4999999997500004,1.280565604767318,0.46040141847835897,none,2.0
max-exp-cap-V k=4.0,30000,1.1017784655449745,0.9858877762617033,0.09019737780449746,0.1276961988039179,0.5897000128342884,0.0,-0.39960937500000004,3.4748697916666673,0.0,0.0,2.49999999975,1.3639279558192174,0.43235422392973555,none,4.0
max-exp-cap-V k=4.0,30001,1.0605814115267993,0.9495100524978258,0.0871779328193466,0.11702824242703842,0.5470583642470219,0.0,-0.3776041666666667,3.4761718749999995,0.0,0.0,2.49999999975,1.2772954783276131,0.42829429331676305,none,4.0
max-exp-cap-V k=4.0,30002,1.0772135673966245,0.9653351524830742,0.08942057548966245,0.1204911020287024,0.5679497109939539,0.0,-0.36601562500000007,3.46015625,0.0,0.0,2.49999999975,1.2314241165605633,0.4612137307983453,none,4.0
max-exp-cap-V k=4.0,30003,1.0490397475729911,0.9378107280663489,0.08582845392396579,0.1258165300553527,0.5768138466464183,0.0,-0.3815104166666666,3.444661458333333,0.0,0.0,2.49999999975,1.2252330620747538,0.47077887832186643,none,4.0
max-exp-cap-V k=4.0,30004,1.0853888923914594,0.9698300260706083,0.08840217048914593,0.1226381960628691,0.5644774677588825,0.0,-0.402734375,3.3759114583333334,0.0,0.0,2.49999999975,1.2914310518505152,0.43709454480750826,none,4.0
max-exp-cap-V k=4.0,30005,1.1026965031391887,0.9844761857866552,0.08913032739725217,0.12718053312483174,0.5587969746378862,0.0,-0.42278645833333345,3.2661458333333333,0.0,0.0,2.49999999975,1.3650720568824517,0.4093534636655485,none,4.0
max-exp-cap-V k=4.0,30006,1.0048222448240856,0.8973697975896915,0.08253300573240854,0.10335644679377962,0.49333011247721786,0.0,-0.35898437499999997,3.542708333333333,0.0,0.0,2.49999999975,1.296848141049935,0.38040700129917693,none,4.0
max-exp-cap-V k=4.0,30007,1.059130033493924,0.9470204819669528,0.0874559720993924,0.12075155967737114,0.5805794765620385,0.0,-0.3691406250000001,3.529947916666667,0.0,0.0,2.49999999975,1.2617551673842007,0.46013639695699676,none,4.0
max-exp-cap-V k=4.0,30008,1.0072731226128826,0.8989018472604134,0.08335101017795492,0.12397491387472036,0.5863974619539831,0.0,-0.34752604166666656,3.5095052083333327,0.0,0.0,2.49999999975,1.241573786128766,0.47230174195476027,none,4.0
max-exp-cap-V k=4.0,30009,1.1105446400021026,0.9948651280642842,0.09001279733354359,0.12534537781593927,0.5651550223567156,0.0,-0.4208333333333333,3.3967447916666664,0.0,0.0,2.49999999975,1.2778965163324443,0.4422541380570527,none,4.0
max-exp-cap-V k=4.0,30010,1.0949589349481812,0.9792631385149215,0.08953495599481812,0.12499829994398926,0.5721846359369666,0.0,-0.39921875,3.3851562499999996,0.0,0.0,2.49999999975,1.2966021931114335,0.441295440480403,none,4.0
max-exp-cap-V k=4.0,30011,1.0765945758454771,0.9617023281405563,0.08756831175121439,0.12309368967526754,0.546276978398304,0.0,-0.4018229166666666,3.377213541666667,0.0,0.0,2.49999999975,1.228271886674864,0.4447524886995228,none,4.0
max-exp-cap-V k=4.0,30012,1.0276895959973986,0.9187200178091078,0.08308797001640653,0.11060281027145032,0.5100259006897341,0.0,-0.39361979166666666,3.4274739583333327,0.0,0.0,2.49999999975,1.283150703579085,0.3974793446063052,none,4.0
max-exp-cap-V k=4.0,30013,1.0331459256779878,0.9227470306452792,0.08520261340113211,0.1189662141273024,0.5596668225392732,0.0,-0.3622395833333334,3.37265625,0.0,0.0,2.4999999997500004,1.259196493363103,0.4444634538685038,none,4.0
max-exp-cap-V k=4.0,30014,1.0177577957758994,0.9064165449179538,0.08370937332758994,0.12255137738559599,0.560835899320573,0.0,-0.361328125,3.391276041666667,0.0,0.0,2.49999999975,1.2210885089771115,0.45929176730225496,none,4.0
max-exp-cap-V k=4.0,30015,1.0853683835204373,0.968569261296944,0.0884456925187104,0.12600936724675255,0.59666238878081,0.0,-0.4018229166666667,3.4721354166666667,0.0,0.0,2.49999999975,1.408380144736173,0.42365151980510257,none,4.0
max-exp-cap-V k=4.0,30016,1.0758342469259932,0.9611490243275403,0.08898967469259932,0.12266846283107447,0.5741797793190763,0.0,-0.3718749999999999,3.4091145833333334,0.0,0.0,2.49999999975,1.2665159353070206,0.4533537741709403,none,4.0
max-exp-cap-V k=4.0,30017,1.0357651147328775,0.9251929835696489,0.0858551573066211,0.12231530115015328,0.5957205362876457,0.0,-0.35442708333333334,3.50859375,0.0,0.0,2.4999999997500004,1.3646417232830685,0.4365398815847835,none,4.0
max-exp-cap-V k=4.0,30018,1.1070734241550078,0.9904554992034164,0.0899781757488341,0.11372748409295756,0.5184700441716259,0.0,-0.41458333333333325,3.350260416666667,0.0,0.0,2.49999999975,1.302394028624406,0.3980900040821257,none,4.0
max-exp-cap-V k=4.0,30019,1.1064085932772123,0.9892554444845175,0.08964476557772122,0.11780580228237435,0.5205530600468623,0.0,-0.419921875,3.2169270833333328,0.0,0.0,2.4999999997500004,1.2912514694703816,0.4031384066965452,none,4.0
max-exp-cap-V k=4.0,30020,1.074382966833396,0.9629427663168367,0.08891616126667291,0.11301610869789006,0.5362326199610952,0.0,-0.3704427083333333,3.4384114583333334,0.0,0.0,2.49999999975,1.3253838585945925,0.40458665350708606,none,4.0
max-exp-cap-V k=4.0,30021,1.0753887196803444,0.961865242245542,0.08880189280136777,0.12160110721901321,0.5557048563589329,0.0,-0.37473958333333335,3.413932291666667,0.0,0.0,2.49999999975,1.263360395259244,0.4398624956459088,none,4.0
max-exp-cap-V k=4.0,30022,1.0127966517653972,0.9054352449260492,0.08439815475987304,0.12956375718270524,0.6231252738636868,0.0,-0.3376302083333333,3.537239583333333,0.0,0.0,2.49999999975,1.1793529105808773,0.5283620096013273,none,4.0
max-exp-cap-V k=4.0,30023,1.031589136438848,0.9222312025303331,0.08367323656055146,0.12073636467500962,0.5530635230346316,0.0,-0.3897135416666667,3.375130208333333,0.0,0.0,2.49999999975,1.2406114946716602,0.44579912842175073,none,4.0
max-exp-cap-V k=4.0,30024,1.0684400920807051,0.9556549289684382,0.08685051962473718,0.12417165425744076,0.5680833843549008,0.0,-0.3998697916666667,3.3470052083333335,0.0,0.0,2.49999999975,1.2547887448496595,0.45273229193888315,none,4.0
max-exp-cap-V k=4.0,30025,1.0625210873588693,0.9515376514129187,0.08756070248588692,0.12087571960450343,0.5718686727908252,0.0,-0.373828125,3.4772135416666665,0.0,0.0,2.49999999975,1.2975839454637663,0.44071805511313955,none,4.0
max-exp-cap-V k=4.0,30026,1.038616738466337,0.9275604247084767,0.0858538613466337,0.12219982875927017,0.5698988169075837,0.0,-0.36015625,3.3817708333333334,0.0,0.0,2.49999999975,1.2682490440524081,0.44935875929115515,none,4.0
max-exp-cap-V k=4.0,30027,1.1237200339165623,1.0064744588517256,0.09201393047498956,0.12416113401259515,0.5887594621785466,0.0,-0.4071614583333332,3.514453125,0.0,0.0,2.49999999975,1.3804068528164948,0.42651154692348786,none,4.0
max-exp-cap-V k=4.0,30028,1.0553429481391696,0.943882708014943,0.08712283648058364,0.1296418890162357,0.6311019914612062,0.0,-0.36822916666666666,3.538020833333333,0.0,0.0,2.49999999975,1.3368183582756201,0.47209255285458007,none,4.0
max-exp-cap-V k=4.0,30029,1.0222176011942683,0.914404672664357,0.08453946845276017,0.11667281071407949,0.5491708032881525,0.0,-0.35364583333333327,3.4522135416666666,0.0,0.0,2.49999999975,1.241905176189436,0.442200269245342,none,4.0
max-exp-cap-V k=4.0,30030,1.0825349248758167,0.9665057202951782,0.08824047165424834,0.12310295432275231,0.555721812004188,0.0,-0.40026041666666673,3.353125,0.0,0.0,2.49999999975,1.2398440397057031,0.4482191261217802,none,4.0
max-exp-cap-V k=4.0,30031,1.1187381086133925,1.0015735057017736,0.09150922752800592,0.12641411278301196,0.6006872634197398,0.0,-0.4072916666666666,3.5281249999999997,0.0,0.0,2.49999999975,1.333399655281033,0.45049303938295704,none,4.0
max-exp-cap-V k=4.0,30032,1.0507704216261726,0.9392286916827978,0.08607313591261725,0.12187581517517904,0.5670955769316165,0.0,-0.38007812500000004,3.393359375,0.0,0.0,2.49999999975,1.2731637643444633,0.445422335141314,none,4.0
max-exp-cap-V k=4.0,30033,1.1380453616670112,1.0200371399357988,0.09378500491670112,0.12558892151670506,0.5890089984577881,0.0,-0.40039062500000006,3.433984375,0.0,0.0,2.49999999975,1.2349270261221088,0.4769585457266908,none,4.0
max-exp-cap-V k=4.0,30034,1.056655951446594,0.9458994994027478,0.08688304306132606,0.10941355852637749,0.49920479124340456,0.0,-0.37565104166666663,3.420963541666667,0.0,0.0,2.49999999975,1.200910198178669,0.41568869345977016,none,4.0
max-exp-cap-V k=4.0,30035,1.0233685262293615,0.9132345439240643,0.08387982137293618,0.13172791385738591,0.6054013012762475,0.0,-0.369140625,3.3895833333333334,0.0,0.0,2.49999999975,1.2286926932734579,0.49271986770211007,none,4.0
max-exp-cap-V k=4.0,30036,1.0326716994140153,0.9229512883062374,0.08585180535806819,0.12471637292661478,0.598573317882544,0.0,-0.3483072916666667,3.4824218749999996,0.0,0.0,2.49999999975,1.2414785662392083,0.48214551113499515,none,4.0
max-exp-cap-V k=4.0,30037,1.0513618939167046,0.9413341816359619,0.08614530397500378,0.11753776772397265,0.5528878776265191,0.0,-0.3798177083333333,3.4005208333333337,0.0,0.0,2.4999999997500004,1.2187264817292096,0.4536603462017542,none,4.0
max-exp-cap-V k=4.0,30038,1.039913730563457,0.9278697650562173,0.08412809180634569,0.12124463429823434,0.5437880240108325,0.0,-0.39726562499999996,3.326171875,0.0,0.0,2.49999999975,1.2527030931148329,0.434091706965223,none,4.0
max-exp-cap-V k=4.0,30039,1.0641214988693397,0.95259275490716,0.0875775144702673,0.12408762934373067,0.6016425756239987,0.0,-0.37669270833333335,3.5540364583333335,0.0,0.0,2.49999999975,1.3964492224413623,0.4308374167534488,none,4.0
max-exp-cap-V k=4.0,30040,1.0608100723346525,0.9502707583736738,0.08780626765013191,0.12141761635277018,0.5930484019383666,0.0,-0.36549479166666676,3.4950520833333334,0.0,0.0,2.49999999975,1.3277236661639389,0.4466655351951381,none,4.0
max-exp-cap-V k=4.0,30041,1.1141933491677811,0.9971880683594068,0.09054042866677811,0.12382297629696448,0.5711478655289584,0.0,-0.417578125,3.3764322916666663,0.0,0.0,2.49999999975,1.311016198975895,0.4356527905414994,none,4.0
max-exp-cap-V k=4.0,30042,1.1032405414087527,0.9900973127218254,0.09229671039087527,0.11949049196771258,0.6104943597396759,0.0,-0.36054687499999993,3.656380208333333,0.0,0.0,2.49999999975,1.351453196717316,0.4517317811838165,none,4.0
max-exp-cap-V k=4.0,30043,1.0708339239663671,0.9579132704972467,0.08867844447997003,0.12122516090467499,0.5801030087062281,0.0,-0.36809895833333334,3.490885416666667,0.0,0.0,2.4999999997500004,1.2359527555677812,0.4693569443435045,none,4.0
max-exp-cap-V k=4.0,30044,1.0580166732611893,0.9445945696992681,0.08540453190945227,0.11890740887967306,0.5220380274888348,0.0,-0.4079427083333334,3.3385416666666665,0.0,0.0,2.49999999975,1.2553659047297991,0.4158453129258728,none,4.0
max-exp-cap-V k=4.0,30045,1.0040976679853704,0.8957764256388132,0.08262330846520372,0.12077749946143672,0.5401635474255714,0.0,-0.3557291666666666,3.320963541666666,0.0,0.0,2.49999999975,1.1464733859648115,0.47115227796674775,none,4.0
max-exp-cap-V k=4.0,30046,1.0132688941566848,0.9055038273537634,0.08428261858233516,0.12168953832497605,0.5799587241055951,0.0,-0.3408854166666666,3.4712239583333337,0.0,0.0,2.49999999975,1.2269260352607847,0.47269249118372825,none,4.0
max-exp-cap-V k=4.0,30047,1.1069813736373981,0.9893241613365727,0.0902098561137398,0.12625398503485089,0.5907544118562328,0.0,-0.4097656250000001,3.4813802083333334,0.0,0.0,2.49999999975,1.4109361678042769,0.41869676696683944,none,4.0
max-exp-cap-V k=4.0,30048,1.0756731635093095,0.9619610282332739,0.0884201809342643,0.12452422204983092,0.5818111028080989,0.0,-0.3829427083333334,3.4475260416666664,0.0,0.0,2.49999999975,1.272360381287565,0.45726911287455774,none,4.0
max-exp-cap-V k=4.0,30049,1.0269505312151423,0.9197718659834314,0.0847523447881809,0.1246721253901827,0.5895742208894708,0.0,-0.3588541666666666,3.4875,0.0,0.0,2.49999999975,1.2921649223433094,0.4562685541875664,none,4.0
max-exp-cap-V k=8.0,30000,1.063683391260028,0.9492127729770421,0.08686964120933618,0.1276961988039179,0.5897000128342884,0.0,-0.3899739583333333,3.4748697916666673,0.0,0.0,2.4999999997500004,1.3536265047448262,0.4356445524428125,none,8.0
max-exp-cap-V k=8.0,30001,1.0519758078352832,0.9411103715380008,0.08639549745019497,0.11700268634122551,0.5469389001739792,0.0,-0.37604166666666666,3.4761718749999995,0.0,0.0,2.4999999997500004,1.2714829899783044,0.4301582518090247,none,8.0
max-exp-cap-V k=8.0,30002,1.06852917018263,0.957256590195018,0.08853260451826299,0.1204911020287024,0.5679497109939539,0.0,-0.3664062500000001,3.46015625,0.0,0.0,2.49999999975,1.2182875160816002,0.4661869250869947,none,8.0
max-exp-cap-V k=8.0,30003,1.0406540847818357,0.929444959140031,0.08492478347818358,0.1258165300553527,0.5768138466464183,0.0,-0.3828124999999999,3.444661458333333,0.0,0.0,2.49999999975,1.2227527198253312,0.47173384879390456,none,8.0
max-exp-cap-V k=8.0,30004,1.0660416050240653,0.9508362719392041,0.08663671258573988,0.1226381960628691,0.5644774677588825,0.0,-0.3993489583333334,3.3759114583333334,0.0,0.0,2.49999999975,1.2918872700700603,0.43694018885120706,none,8.0
max-exp-cap-V k=8.0,30005,1.1129456024240794,0.9937102704191968,0.08963440399240793,0.12718053312483174,0.5587969746378862,0.0,-0.433203125,3.2661458333333333,0.0,0.0,2.49999999975,1.3978540058424622,0.39975345944736845,none,8.0
max-exp-cap-V k=8.0,30006,0.9965927764700553,0.8893828115576379,0.08170354848033887,0.1033506705359609,0.4933025418514098,0.0,-0.35911458333333324,3.542708333333333,0.0,0.0,2.49999999975,1.2962369815844341,0.38056508868342076,none,8.0
max-exp-cap-V k=8.0,30007,1.0457839651411034,0.9336461020372924,0.08607579234744364,0.12077898874706654,0.5807113568869708,0.0,-0.3700520833333334,3.529947916666667,0.0,0.0,2.4999999997500004,1.2746466947480632,0.4555861316548973,none,8.0
max-exp-cap-V k=8.0,30008,0.9926285117917482,0.8850869592283398,0.08214045534584147,0.12397491387472036,0.5863974619539831,0.0,-0.3424479166666667,3.5095052083333327,0.0,0.0,2.4999999997500004,1.2238604614104365,0.4791375164438192,none,8.0
max-exp-cap-V k=8.0,30009,1.073412509946392,0.9591157526279791,0.08697666766130586,0.12534537781593927,0.5651550223567156,0.0,-0.4072916666666667,3.3967447916666664,0.0,0.0,2.49999999975,1.2550340787930985,0.45031049905847653,none,8.0
max-exp-cap-V k=8.0,30010,1.0843933731759536,0.9692318040386836,0.08864116023426202,0.12499829994398926,0.5721846359369666,0.0,-0.3959635416666667,3.3851562499999996,0.0,0.0,2.4999999997500004,1.286225793190369,0.44485551367906667,none,8.0
max-exp-cap-V k=8.0,30011,1.0605619224584768,0.9458600484783404,0.0859780672458477,0.12309368967526754,0.546276978398304,0.0,-0.4015625,3.377213541666667,0.0,0.0,2.4999999997500004,1.2370705172324983,0.44158919866621904,none,8.0
max-exp-cap-V k=8.0,30012,0.9514381056880032,0.8482176190192886,0.077435477235467,0.11026707519844221,0.50847771595027,0.0,-0.35416666666666674,3.4274739583333327,0.0,0.0,2.4999999997500004,1.201572837657298,0.42317677298835005,none,8.0
max-exp-cap-V k=8.0,30013,1.0737235565188805,0.9605954747960072,0.08801037648522136,0.1189662141273024,0.5596668225392732,0.0,-0.38723958333333336,3.37265625,0.0,0.0,2.49999999975,1.2899209597743648,0.43387683431174817,none,8.0
max-exp-cap-V k=8.0,30014,1.099336002703504,0.9820022154409831,0.08981641277035039,0.12320704677197376,0.5638364606998967,0.0,-0.40234375,3.391276041666667,0.0,0.0,2.4999999997500004,1.2794402140707233,0.44068996307843866,none,8.0
max-exp-cap-V k=8.0,30015,1.107674111703595,0.9892341600744768,0.08977131742035951,0.12600936724675255,0.59666238878081,0.0,-0.4199218750000001,3.4721354166666667,0.0,0.0,2.49999999975,1.4250187216370702,0.4187049473254363,none,8.0
max-exp-cap-V k=8.0,30016,1.1136491403765085,0.9953339517865196,0.0913193411209842,0.1232379741381247,0.5768455164535844,0.0,-0.4009114583333333,3.4091145833333334,0.0,0.0,2.49999999975,1.3239993772035246,0.4356841297553813,none,8.0
max-exp-cap-V k=8.0,30017,1.004511410904109,0.8955305308750608,0.08328317234041091,0.12231530115015328,0.5957205362876457,0.0,-0.34335937499999986,3.50859375,0.0,0.0,2.4999999997500004,1.3453773974233316,0.4427906529636742,none,8.0
max-exp-cap-V k=8.0,30018,1.0700806511613463,0.9551890429153704,0.08698202344946797,0.11372748409295756,0.5184700441716259,0.0,-0.4005208333333332,3.350260416666667,0.0,0.0,2.49999999975,1.2826190705485316,0.4042276121388826,none,8.0
max-exp-cap-V k=8.0,30019,1.138244789396647,1.0186309031282899,0.09171510393966467,0.11822064884175718,0.5223861586018811,0.0,-0.4421875,3.2169270833333328,0.0,0.0,2.49999999975,1.3500385439049594,0.38694166248830913,none,8.0
max-exp-cap-V k=8.0,30020,1.0372463633457427,0.927896580246331,0.08585354258457426,0.11274642225764649,0.5349530265643134,0.0,-0.357421875,3.4384114583333334,0.0,0.0,2.4999999997500004,1.297454894984027,0.41230953664165665,none,8.0
max-exp-cap-V k=8.0,30021,1.1267416619808968,1.0102151327181121,0.09245281203142301,0.12170379122684202,0.5561741119695589,0.0,-0.4044270833333333,3.413932291666667,0.0,0.0,2.4999999997500004,1.2922163545893137,0.4304032447773187,none,8.0
max-exp-cap-V k=8.0,30022,0.9903680721427041,0.8842870412018307,0.08248081763093709,0.12956375718270524,0.6231252738636868,0.0,-0.3311197916666666,3.537239583333333,0.0,0.0,2.4999999997500004,1.1722569993925382,0.5315602928253697,none,8.0
max-exp-cap-V k=8.0,30023,0.990196681962326,0.8828958652072858,0.08026315777956594,0.12071881280345872,0.552983122237888,0.0,-0.3751302083333334,3.375130208333333,0.0,0.0,2.4999999997500004,1.2223011333091849,0.4524115270520732,none,8.0
max-exp-cap-V k=8.0,30024,1.0619480973043858,0.948634541500287,0.08594090348043856,0.12419354690012178,0.5681835428542062,0.0,-0.405078125,3.3470052083333335,0.0,0.0,2.4999999997500004,1.2777188042145584,0.4446859050520752,none,8.0
max-exp-cap-V k=8.0,30025,0.9712499628753812,0.8663347559639578,0.08020442337087144,0.1206234376359531,0.5706751150192895,0.0,-0.33841145833333336,3.4772135416666665,0.0,0.0,2.49999999975,1.2649819850284851,0.4511329977607854,none,8.0
max-exp-cap-V k=8.0,30026,1.023953487781838,0.914046807370174,0.08451123419485046,0.12219982875927017,0.5698988169075837,0.0,-0.35768229166666676,3.3817708333333334,0.0,0.0,2.49999999975,1.2548111106323372,0.45417099998452715,none,8.0
max-exp-cap-V k=8.0,30027,1.0963717951280871,0.9807192889757284,0.08974785659614207,0.12357267729153362,0.5859690602918145,0.0,-0.3977864583333333,3.514453125,0.0,0.0,2.49999999975,1.3107565049460899,0.44704646368771206,none,8.0
max-exp-cap-V k=8.0,30028,1.0348724538045146,0.9243785906726504,0.08549896413045147,0.1296418890162357,0.6311019914612062,0.0,-0.35976562500000014,3.538020833333333,0.0,0.0,2.49999999975,1.3177525372332204,0.4789229947424579,none,8.0
max-exp-cap-V k=8.0,30029,1.0272077266926958,0.9187599324229595,0.08458275183593623,0.11667281071407949,0.5491708032881525,0.0,-0.36276041666666664,3.4522135416666666,0.0,0.0,2.4999999997500004,1.2516678946582716,0.43875120999095873,none,8.0
max-exp-cap-V k=8.0,30030,1.084789405703934,0.968219941975399,0.08813388848706007,0.12310295432275231,0.555721812004188,0.0,-0.4069010416666668,3.353125,0.0,0.0,2.49999999975,1.251601759252066,0.44400849383295615,none,8.0
max-exp-cap-V k=8.0,30031,1.0523168802504286,0.9395745908750796,0.08644262552504287,0.12641411278301196,0.6006872634197398,0.0,-0.3757812499999999,3.5281249999999997,0.0,0.0,2.49999999975,1.2690301977488052,0.4733435535933883,none,8.0
max-exp-cap-V k=8.0,30032,1.020964918843425,0.9107444631084705,0.08357435646767583,0.12187581517517904,0.5670955769316165,0.0,-0.3704427083333333,3.393359375,0.0,0.0,2.49999999975,1.262088673811714,0.4493310087467112,none,8.0
max-exp-cap-V k=8.0,30033,1.0670613493446488,0.9534539132119592,0.08804728076779819,0.12508649519185927,0.5866526311697953,0.0,-0.3731770833333334,3.433984375,0.0,0.0,2.4999999997500004,1.1877732742612084,0.4939096070625865,none,8.0
max-exp-cap-V k=8.0,30034,1.0549953829431102,0.943838386728226,0.08646307996097768,0.10948210911542217,0.499517556708257,0.0,-0.3807291666666667,3.420963541666667,0.0,0.0,2.4999999997500004,1.2143284256810534,0.4113529306769737,none,8.0
max-exp-cap-V k=8.0,30035,0.9984234693681981,0.889442586495222,0.08169130527015314,0.13172791385738591,0.6054013012762475,0.0,-0.3630208333333333,3.3895833333333334,0.0,0.0,2.4999999997500004,1.2051581270747427,0.5023417987029856,none,8.0
max-exp-cap-V k=8.0,30036,0.9989800327665805,0.8915711337238458,0.08333550327665806,0.12471637292661478,0.598573317882544,0.0,-0.3312499999999999,3.4824218749999996,0.0,0.0,2.4999999997500004,1.1698996793428122,0.5116449969614411,none,8.0
max-exp-cap-V k=8.0,30037,0.9986799199204548,0.8917254184264443,0.08181460657537883,0.11753776772397265,0.5528878776265191,0.0,-0.3610677083333333,3.4005208333333337,0.0,0.0,2.49999999975,1.189081646143171,0.4649704916561708,none,8.0
max-exp-cap-V k=8.0,30038,1.0575685899548297,0.9436574326890721,0.08507326524548298,0.12124463429823434,0.5437880240108325,0.0,-0.41367187499999997,3.326171875,0.0,0.0,2.49999999975,1.3273776764971883,0.4096709125362365,none,8.0
max-exp-cap-V k=8.0,30039,1.1540762528159283,1.0357393781415536,0.09400788569825949,0.12408762934373067,0.6016425756239987,0.0,-0.42799479166666665,3.5540364583333335,0.0,0.0,2.4999999997500004,1.5160931448144805,0.3968374751127971,none,8.0
max-exp-cap-V k=8.0,30040,1.0296321565171502,0.9212434336036028,0.08522233023504835,0.12141761635277018,0.5930484019383666,0.0,-0.3548177083333335,3.4950520833333334,0.0,0.0,2.4999999997500004,1.2989957798891598,0.4565437479627301,none,8.0
max-exp-cap-V k=8.0,30041,1.13230497236151,1.0136564271921178,0.09156383056948433,0.12382297629696448,0.5711478655289584,0.0,-0.43333333333333335,3.3764322916666663,0.0,0.0,2.49999999975,1.3316305466239466,0.4289086541135429,none,8.0
max-exp-cap-V k=8.0,30042,1.0697164940232036,0.95814025560971,0.08953024315232036,0.11949049196771258,0.6104943597396759,0.0,-0.34882812499999993,3.656380208333333,0.0,0.0,2.49999999975,1.346366075097611,0.45343860858601576,none,8.0
max-exp-cap-V k=8.0,30043,1.0402339932693239,0.9291002236252799,0.0860937118269324,0.1207815540607247,0.57798020133738,0.0,-0.35859375,3.490885416666667,0.0,0.0,2.49999999975,1.1899038744890666,0.48573688491060607,none,8.0
max-exp-cap-V k=8.0,30044,1.0588133633475243,0.9453297300662253,0.08532795091808576,0.11890740887967306,0.5220380274888348,0.0,-0.4110677083333334,3.3385416666666665,0.0,0.0,2.49999999975,1.2556981798255948,0.4157352745078767,none,8.0
max-exp-cap-V k=8.0,30045,1.1199902296249427,1.0019281498117019,0.0908987625458276,0.12077749946143672,0.5401635474255714,0.0,-0.4220052083333333,3.320963541666666,0.0,0.0,2.49999999975,1.2817091920456547,0.4214400199185984,none,8.0
max-exp-cap-V k=8.0,30046,1.0450409900845385,0.934473900280127,0.08638560942512054,0.1221003670537364,0.5819166878602237,0.0,-0.36236979166666655,3.4712239583333337,0.0,0.0,2.4999999997500004,1.2645314544331514,0.46018364020931224,none,8.0
max-exp-cap-V k=8.0,30047,1.1202467646510426,1.001842240847529,0.09109368688177091,0.12625398503485089,0.5907544118562328,0.0,-0.4186197916666667,3.4813802083333334,0.0,0.0,2.4999999997500004,1.4025908875841306,0.4211879722630794,none,8.0
max-exp-cap-V k=8.0,30048,1.0950421566383504,0.9795282944425296,0.08966046566383502,0.12452422204983092,0.5818111028080989,0.0,-0.39687500000000014,3.4475260416666664,0.0,0.0,2.49999999975,1.2914088743598418,0.4505243183314082,none,8.0
max-exp-cap-V k=8.0,30049,1.0147424957737694,0.9081375899546913,0.08348596832737694,0.1246721253901827,0.5895742208894708,0.0,-0.359765625,3.4875,0.0,0.0,2.49999999975,1.2942661787286367,0.4555277968158081,none,8.0
max-exp-cap-V k=16.0,30000,1.0576428804327327,0.9434358876089581,0.08639579845993994,0.1276961988039179,0.5897000128342884,0.0,-0.38736979166666663,3.4748697916666673,0.0,0.0,2.49999999975,1.3431663157051301,0.4390372256504289,none,16.0
max-exp-cap-V k=16.0,30001,1.0511943339177328,0.9402957809747915,0.08621969380843993,0.1170037741394973,0.5469439851785118,0.0,-0.3779947916666667,3.4761718749999995,0.0,0.0,2.49999999975,1.2717303993362052,0.4300785649725726,none,16.0
max-exp-cap-V k=16.0,30002,1.0761537321727397,0.9642007468966167,0.08898907113394064,0.1204911020287024,0.5679497109939539,0.0,-0.37252604166666664,3.46015625,0.0,0.0,2.49999999975,1.2249859564569574,0.46363773233502376,none,16.0
max-exp-cap-V k=16.0,30003,1.0236738011020667,0.9134018782232386,0.08354576552687334,0.1258165300553527,0.5768138466464183,0.0,-0.37643229166666664,3.444661458333333,0.0,0.0,2.49999999975,1.2172186516594743,0.47387858036847286,none,16.0
max-exp-cap-V k=16.0,30004,1.0648122703690786,0.9492837512426606,0.08628591453690784,0.1226381960628691,0.5644774677588825,0.0,-0.4039062500000001,3.3759114583333334,0.0,0.0,2.49999999975,1.3180335723239682,0.42827245042293643,none,16.0
max-exp-cap-V k=16.0,30005,1.0960073416751952,0.9774939921566783,0.08807078625085285,0.12718053312483174,0.5587969746378862,0.0,-0.4305989583333334,3.2661458333333333,0.0,0.0,2.4999999997500004,1.4180848647202766,0.39405044686666996,none,16.0
max-exp-cap-V k=16.0,30006,1.0099770491786488,0.9013321376509342,0.08256671533453155,0.10357243580275624,0.4943610484797382,0.0,-0.3686197916666667,3.542708333333333,0.0,0.0,2.49999999975,1.3197009518878748,0.37460081223139136,none,16.0
max-exp-cap-V k=16.0,30007,1.0523257025480417,0.9395777014520024,0.08645652858813753,0.12078965502169407,0.5807626408633987,0.0,-0.37552083333333336,3.529947916666667,0.0,0.0,2.49999999975,1.279659791173084,0.4538414388491527,none,16.0
max-exp-cap-V k=16.0,30008,1.0013385069192204,0.8929761570188136,0.0826989548585887,0.12397491387472036,0.5863974619539831,0.0,-0.3486979166666666,3.5095052083333327,0.0,0.0,2.49999999975,1.231175076958046,0.47629088090609994,none,16.0
max-exp-cap-V k=16.0,30009,1.0715268016500021,0.9572212393885843,0.08676205516500018,0.12534537781593927,0.5651550223567156,0.0,-0.4078125,3.3967447916666664,0.0,0.0,2.49999999975,1.253082109319822,0.4510119633449112,none,16.0
max-exp-cap-V k=16.0,30010,1.0928754740070639,0.9764555368179877,0.08898155781737307,0.12499829994398926,0.5721846359369666,0.0,-0.4061197916666666,3.3851562499999996,0.0,0.0,2.49999999975,1.3233645828018494,0.43237112687837526,none,16.0
max-exp-cap-V k=16.0,30011,1.0447662373109587,0.930860805212977,0.08465891539776252,0.12309368967526754,0.546276978398304,0.0,-0.39635416666666673,3.377213541666667,0.0,0.0,2.49999999975,1.2366616645646449,0.441735192455097,none,16.0
max-exp-cap-V k=16.0,30012,0.9402386773283689,0.8377341352299642,0.07650433648283689,0.11023254773725724,0.508318498481508,0.0,-0.35039062499999996,3.4274739583333327,0.0,0.0,2.4999999997500004,1.1931832566286484,0.4260187994237927,none,16.0
max-exp-cap-V k=16.0,30013,1.0676438387864846,0.9552204900035599,0.0874414672119818,0.1189662141273024,0.5596668225392732,0.0,-0.3864583333333334,3.37265625,0.0,0.0,2.49999999975,1.2819647894934758,0.43656957439557004,none,16.0
max-exp-cap-V k=16.0,30014,1.1082050336472604,0.9903617862084076,0.09039081586472604,0.1232156479808424,0.5638758226949553,0.0,-0.40859375000000003,3.391276041666667,0.0,0.0,2.49999999975,1.2802056840068974,0.4404572091338389,none,16.0
max-exp-cap-V k=16.0,30015,1.0963961286027342,0.9785311312905047,0.08885836286027342,0.12600936724675255,0.59666238878081,0.0,-0.4156250000000001,3.4721354166666667,0.0,0.0,2.49999999975,1.4048391262470492,0.424719370092404,none,16.0
max-exp-cap-V k=16.0,30016,1.1159500144223309,0.9973706631674483,0.09138666810889975,0.12330998190722889,0.5771825664501302,0.0,-0.40416666666666656,3.4091145833333334,0.0,0.0,2.49999999975,1.3312674583814517,0.43355868335568415,none,16.0
max-exp-cap-V k=16.0,30017,0.9934957092781829,0.8849325578176728,0.08232483134448496,0.12231530115015328,0.5957205362876457,0.0,-0.3404947916666666,3.50859375,0.0,0.0,2.49999999975,1.3400703374131286,0.4445442299973779,none,16.0
max-exp-cap-V k=16.0,30018,1.0571122984870762,0.9428088792075972,0.08588701109870762,0.11372748409295756,0.5184700441716259,0.0,-0.3964843749999999,3.350260416666667,0.0,0.0,2.49999999975,1.2973624268461323,0.3996339291496351,none,16.0
max-exp-cap-V k=16.0,30019,1.1354936816974472,1.0157285226127573,0.09127723275307806,0.11837394835085467,0.5230635490785667,0.0,-0.4454427083333333,3.2169270833333328,0.0,0.0,2.4999999997500004,1.371762310074073,0.3813077128867333,none,16.0
max-exp-cap-V k=16.0,30020,1.0371452446681608,0.9278105041944473,0.08580436821681607,0.11269932800181715,0.5347295763280645,0.0,-0.358203125,3.4384114583333334,0.0,0.0,2.49999999975,1.292577772663245,0.41369238094377897,none,16.0
max-exp-cap-V k=16.0,30021,1.1238632161699955,1.007427708707797,0.09219751953366621,0.12168638523584538,0.556094568337533,0.0,-0.40377604166666675,3.413932291666667,0.0,0.0,2.49999999975,1.2873249739457484,0.4319768353697521,none,16.0
max-exp-cap-V k=16.0,30022,0.9855608805530409,0.8796930808452499,0.08204567138863743,0.12956375718270524,0.6231252738636868,0.0,-0.33020833333333327,3.537239583333333,0.0,0.0,2.49999999975,1.1712707939590605,0.5320078645156304,none,16.0
max-exp-cap-V k=16.0,30023,0.9829663487886474,0.8760436820483586,0.0796117390455314,0.12071949902637205,0.5529862656558885,0.0,-0.3736979166666667,3.375130208333333,0.0,0.0,2.49999999975,1.2230170107859233,0.452149283925768,none,16.0
max-exp-cap-V k=16.0,30024,1.0661410420514248,0.9522997211106947,0.08602816670514246,0.1242062399121516,0.5682416131865593,0.0,-0.41171875,3.3470052083333335,0.0,0.0,2.49999999975,1.291013294222183,0.44015163571876054,none,16.0
max-exp-cap-V k=16.0,30025,0.9558603184061063,0.8516804326422738,0.07889983392394395,0.12059417712897763,0.5705366821946991,0.0,-0.3337239583333333,3.4772135416666665,0.0,0.0,2.4999999997500004,1.2612007005545494,0.45237580501171176,none,16.0
max-exp-cap-V k=16.0,30026,1.0311106676642798,0.9205537642050565,0.08489492093309466,0.12219982875927017,0.5698988169075837,0.0,-0.3643229166666667,3.3817708333333334,0.0,0.0,2.49999999975,1.2737011094518256,0.4474352834259965,none,16.0
max-exp-cap-V k=16.0,30027,1.08948927009528,0.9743050423609071,0.08916377075952801,0.12352701118617476,0.5857525162674329,0.0,-0.39570312499999993,3.514453125,0.0,0.0,2.49999999975,1.3053514173495153,0.4487316660342617,none,16.0
max-exp-cap-V k=16.0,30028,1.017487520332034,0.9078493820720757,0.08407948119987005,0.12940463344730813,0.6299470216966365,0.0,-0.3533854166666667,3.538020833333333,0.0,0.0,2.49999999975,1.298187132325534,0.48525132163971463,none,16.0
max-exp-cap-V k=16.0,30029,1.0299682589651535,0.9212828791168239,0.08459838839651537,0.11667281071407949,0.5491708032881525,0.0,-0.36796874999999996,3.4522135416666666,0.0,0.0,2.49999999975,1.2620642265742938,0.43513696983457323,none,16.0
max-exp-cap-V k=16.0,30030,1.0870718555083263,0.9699533646536336,0.08795848763416594,0.12310295432275231,0.555721812004188,0.0,-0.41497395833333334,3.353125,0.0,0.0,2.49999999975,1.2919245194448026,0.43015037151164714,none,16.0
max-exp-cap-V k=16.0,30031,1.0519965559109188,0.9391427989702565,0.08636502017442521,0.12641411278301196,0.6006872634197398,0.0,-0.3766927083333334,3.5281249999999997,0.0,0.0,2.49999999975,1.2724899257124107,0.47205659650581644,none,16.0
max-exp-cap-V k=16.0,30032,1.0087803710166467,0.899087614055579,0.08249262043499801,0.12187581517517904,0.5670955769316165,0.0,-0.36770833333333336,3.393359375,0.0,0.0,2.49999999975,1.2597469265803103,0.4501662714677506,none,16.0
max-exp-cap-V k=16.0,30033,1.0466051477210494,0.9339854211654122,0.08627509810543828,0.12520047406925897,0.587187189342696,0.0,-0.3677083333333334,3.433984375,0.0,0.0,2.49999999975,1.1984704281253682,0.4899471656227401,none,16.0
max-exp-cap-V k=16.0,30034,1.061361627638195,0.9492989287391397,0.08668954818048616,0.10959482295263985,0.5000318191848305,0.0,-0.38893229166666665,3.420963541666667,0.0,0.0,2.49999999975,1.236391254484217,0.4044284666130446,none,16.0
max-exp-cap-V k=16.0,30035,0.9947089593521634,0.8857880130069068,0.08130032301854968,0.13172791385738591,0.6054013012762475,0.0,-0.36341145833333327,3.3895833333333334,0.0,0.0,2.49999999975,1.2050355668548178,0.5023928902417085,none,16.0
max-exp-cap-V k=16.0,30036,0.999483419644043,0.8918537275828938,0.08329469613107096,0.12471637292661478,0.598573317882544,0.0,-0.3330729166666665,3.4824218749999996,0.0,0.0,2.4999999997500004,1.1725845958137255,0.5104734618035458,none,16.0
max-exp-cap-V k=16.0,30037,0.9983261612789005,0.8912320861042793,0.08169459529455672,0.11753776772397265,0.5528878776265191,0.0,-0.3627604166666666,3.4005208333333337,0.0,0.0,2.49999999975,1.1900306856273493,0.4645996815914481,none,16.0
max-exp-cap-V k=16.0,30038,1.0409445431053623,0.9281683583148619,0.08386007931053623,0.12124463429823434,0.5437880240108325,0.0,-0.4046875,3.326171875,0.0,0.0,2.49999999975,1.2819371096599226,0.4241924349589121,none,16.0
max-exp-cap-V k=16.0,30039,1.1263213367864542,1.0095956033410889,0.09165557117864544,0.12408762934373067,0.6016425756239987,0.0,-0.4195312500000001,3.5540364583333335,0.0,0.0,2.49999999975,1.479839888910084,0.4065592366665519,none,16.0
max-exp-cap-V k=16.0,30040,1.0174815510563744,0.9096946225448694,0.08423513427230411,0.12141761635277018,0.5930484019383666,0.0,-0.35026041666666674,3.4950520833333334,0.0,0.0,2.49999999975,1.2942578510795122,0.4582150314512042,none,16.0
max-exp-cap-V k=16.0,30041,1.125518888010075,1.0072173393291666,0.09096334713434082,0.12382297629696448,0.5711478655289584,0.0,-0.43177083333333344,3.3764322916666663,0.0,0.0,2.49999999975,1.3233397305619543,0.43159579686043376,none,16.0
max-exp-cap-V k=16.0,30042,1.0522674731778696,0.9415019636735684,0.08807830981778696,0.11949049196771258,0.6104943597396759,0.0,-0.34296874999999993,3.656380208333333,0.0,0.0,2.49999999975,1.336038255260755,0.45694377188363183,none,16.0
max-exp-cap-V k=16.0,30043,1.0253601851750487,0.9151220347982928,0.08484721643417151,0.12060939704679251,0.5771563723483596,0.0,-0.35377604166666676,3.490885416666667,0.0,0.0,2.49999999975,1.1720330098494751,0.4924403728376935,none,16.0
max-exp-cap-V k=16.0,30044,1.055259581492738,0.9416346146467145,0.08484236439927377,0.11890740887967306,0.5220380274888348,0.0,-0.4136718750000001,3.3385416666666665,0.0,0.0,2.49999999975,1.2625323227127092,0.41348488121648286,none,16.0
max-exp-cap-V k=16.0,30045,1.111551748174767,0.9940173420880614,0.09023069565081002,0.12077749946143672,0.5401635474255714,0.0,-0.4184895833333333,3.320963541666666,0.0,0.0,2.49999999975,1.2596406154269184,0.42882353967484504,none,16.0
max-exp-cap-V k=16.0,30046,1.0534026352927506,0.9422429791465506,0.08691578436260838,0.12220090189212546,0.5823958256513834,0.0,-0.36848958333333337,3.4712239583333337,0.0,0.0,2.49999999975,1.2737339626181337,0.4572350606513474,none,16.0
max-exp-cap-V k=16.0,30047,1.126993083471199,1.008042131396893,0.0913842041804532,0.12625398503485089,0.5907544118562328,0.0,-0.42630208333333336,3.4813802083333334,0.0,0.0,2.49999999975,1.4050651273114063,0.4204462842136307,none,16.0
max-exp-cap-V k=16.0,30048,1.0849678782292662,0.9700397018820357,0.08878975657292665,0.12452422204983092,0.5818111028080989,0.0,-0.3941406249999999,3.4475260416666664,0.0,0.0,2.4999999997500004,1.285380795612015,0.45263715219199163,none,16.0
max-exp-cap-V k=16.0,30049,1.02487609299864,0.9172770632116928,0.08418031763319732,0.1246721253901827,0.5895742208894708,0.0,-0.3661458333333334,3.4875,0.0,0.0,2.49999999975,1.3040102181983098,0.45212392714533944,none,16.0
max-exp-cap-V k=0.0,30000,1.1006424460964344,0.9892778928630724,0.10066971335964345,0.1276961988039179,0.5897000128342884,0.0,-0.18789062500000003,2.5774739583333335,0.0,0.0,2.49999999975,1.5064400452872135,0.39145269317495995,1.01,0.0
max-exp-cap-V k=0.0,30001,1.098425183325628,0.988593068737054,0.09996621624922948,0.11818953374088288,0.5524869181874273,0.0,-0.1975260416666666,2.5861979166666664,0.0,0.0,2.49999999975,1.5414201287633102,0.35842721129552824,1.01,0.0
max-exp-cap-V k=0.0,30002,1.0787811602848536,0.9683780593979111,0.09889374102848537,0.1204911020287024,0.5679497109939539,0.0,-0.17968750000000006,2.565234375,0.0,0.0,2.49999999975,1.4633874616972342,0.38810617547265763,1.01,0.0
max-exp-cap-V k=0.0,30003,1.0930536227127163,0.9827328787687859,0.09944208102127164,0.1258165300553527,0.5768138466464183,0.0,-0.19726562500000003,2.5541666666666667,0.0,0.0,2.49999999975,1.4664744144230264,0.39333372677583434,1.01,0.0
max-exp-cap-V k=0.0,30004,1.068518766174302,0.9590549212970001,0.09716437661743019,0.1226381960628691,0.5644774677588825,0.0,-0.19375000000000003,2.480729166666667,0.0,0.0,2.49999999975,1.49494351075862,0.37759116896158457,1.01,0.0
max-exp-cap-V k=0.0,30005,1.0954188395878435,0.9839829943331603,0.09980881104211767,0.12718053312483174,0.5587969746378862,0.0,-0.19466145833333337,2.3687500000000004,0.0,0.0,2.49999999975,1.5280952189968098,0.3656820384561735,1.01,0.0
max-exp-cap-V k=0.0,30006,1.031926254487828,0.926682491409096,0.09456632336544946,0.10396487838399562,0.4962342140997789,0.0,-0.17252604166666682,2.649479166666667,0.0,0.0,2.49999999975,1.4919454428693641,0.3326088205647809,1.01,0.0
max-exp-cap-V k=0.0,30007,1.026898448605125,0.919951952102612,0.09464948027717916,0.12108659055297234,0.5821903215971533,0.0,-0.16080729166666674,2.6390625000000005,0.0,0.0,2.49999999975,1.4192180251667,0.410219086337189,1.01,0.0
max-exp-cap-V k=0.0,30008,1.0453246628724573,0.9372263044670177,0.09558064337057906,0.12397491387472036,0.5863974619539831,0.0,-0.17903645833333331,2.621484375,0.0,0.0,2.49999999975,1.4730538748740418,0.39808283454950005,1.01,0.0
max-exp-cap-V k=0.0,30009,1.0765414648673246,0.9669674166151027,0.09831820898673246,0.12534537781593927,0.5651550223567156,0.0,-0.18671875000000004,2.5126302083333334,0.0,0.0,2.4999999997499995,1.4849957272430707,0.3805768676560027,1.01,0.0
max-exp-cap-V k=0.0,30010,1.0549634893507511,0.9461288485986283,0.09659660935174177,0.12499829994398926,0.5721846359369666,0.0,-0.17799479166666657,2.4889322916666665,0.0,0.0,2.49999999975,1.4496948496324118,0.39469315634393753,1.01,0.0
max-exp-cap-V k=0.0,30011,1.1201442629504559,1.0074836264726177,0.10202744712837894,0.12309368967526754,0.546276978398304,0.0,-0.1997395833333333,2.4937500000000004,0.0,0.0,2.49999999975,1.4886255258212753,0.36696735943508885,1.01,0.0
max-exp-cap-V k=0.0,30012,1.0407745116164313,0.9354706498068173,0.09453318032830979,0.11138954814805958,0.513653807549782,0.0,-0.19088541666666678,2.52734375,0.0,0.0,2.49999999975,1.4743145174713694,0.3484017836511312,1.01,0.0
max-exp-cap-V k=0.0,30013,1.086812391742233,0.9761414121002145,0.09898722875755664,0.1189662141273024,0.5596668225392732,0.0,-0.1938802083333333,2.457682291666667,0.0,0.0,2.49999999975,1.513852490028977,0.36969706508760347,1.01,0.0
max-exp-cap-V k=0.0,30014,1.0852001277484433,0.972267762510966,0.09908641902484433,0.12330681207716106,0.5642930199475309,0.0,-0.18867187500000007,2.4990885416666666,0.0,0.0,2.49999999975,1.492720791777887,0.37802985196946076,1.01,0.0
max-exp-cap-V k=0.0,30015,1.0578412376508939,0.94759707604101,0.0962138112650894,0.12600936724675255,0.59666238878081,0.0,-0.19140625,2.5722656249999996,0.0,0.0,2.49999999975,1.4963424223220672,0.3987472251537801,1.01,0.0
max-exp-cap-V k=0.0,30016,1.1253020736879007,1.0112938274585441,0.1027776032021234,0.12518634475341692,0.5859653422352185,0.0,-0.19505208333333338,2.502734375,0.0,0.0,2.49999999975,1.520657543021315,0.38533682019621235,1.01,0.0
max-exp-cap-V k=0.0,30017,1.0516164212565131,0.9429739555787929,0.09624888170898466,0.12231530115015328,0.5957205362876457,0.0,-0.17825520833333336,2.6138020833333333,0.0,0.0,2.49999999975,1.4937871596300354,0.3987988064077262,1.01,0.0
max-exp-cap-V k=0.0,30018,1.0855147756284995,0.9749776778602895,0.09902022756284994,0.11372748409295756,0.5184700441716259,0.0,-0.19062499999999993,2.4450520833333336,0.0,0.0,2.4999999997499995,1.4958657340539219,0.3466019926578093,1.01,0.0
max-exp-cap-V k=0.0,30019,1.0671885891084625,0.9572626823677566,0.09670583807751293,0.11915557166005873,0.5265173382598064,0.0,-0.2002604166666667,2.300651041666667,0.0,0.0,2.49999999975,1.4825245825787263,0.35514914521280583,1.01,0.0
max-exp-cap-V k=0.0,30020,1.1018135808084575,0.9919824540830335,0.10072823308084573,0.11448455061761321,0.5432000024603348,0.0,-0.18906249999999994,2.530859375,0.0,0.0,2.49999999975,1.521685897750909,0.35697248904205425,1.01,0.0
max-exp-cap-V k=0.0,30021,1.0571707461499038,0.94817706530358,0.09677827253165705,0.12234579471082312,0.55910800346123,0.0,-0.17877604166666664,2.5160156249999996,0.0,0.0,2.49999999975,1.4726302945519123,0.3796662377038453,1.01,0.0
max-exp-cap-V k=0.0,30022,1.0311619701640247,0.9242499052255703,0.09486749909973577,0.12956375718270524,0.6231252738636868,0.0,-0.1649739583333334,2.6412760416666665,0.0,0.0,2.49999999975,1.446031048688528,0.4309210887475948,1.01,0.0
max-exp-cap-V k=0.0,30023,1.0655798756520816,0.958411697270539,0.09683793548187483,0.12098901317297628,0.554220843521719,0.0,-0.1944010416666667,2.4755208333333334,0.0,0.0,2.49999999975,1.504177991389335,0.3684542964292494,1.01,0.0
max-exp-cap-V k=0.0,30024,1.072525923832243,0.9631893312131911,0.09751300904989095,0.12440280019125646,0.569140873402197,0.0,-0.19479166666666664,2.440104166666667,0.0,0.0,2.49999999975,1.4968878857143118,0.38021609957154817,1.01,0.0
max-exp-cap-V k=0.0,30025,1.030796496735076,0.925648216199008,0.0943101184235076,0.12223272869468582,0.5782887461513546,0.0,-0.175390625,2.569921875,0.0,0.0,2.49999999975,1.4729478722741818,0.39260638956523036,1.01,0.0
max-exp-cap-V k=0.0,30026,1.0966791513531153,0.9855727711209576,0.10065098805197818,0.12219982875927017,0.5698988169075837,0.0,-0.18033854166666657,2.4731770833333333,0.0,0.0,2.4999999997500004,1.4988548285128407,0.38022282483023095,1.01,0.0
max-exp-cap-V k=0.0,30027,1.074289274908837,0.9649208577019237,0.09817762540755039,0.12472084618716771,0.5914135603510285,0.0,-0.1850260416666667,2.61640625,0.0,0.0,2.49999999975,1.4837596089732787,0.39859122513806033,1.01,0.0
max-exp-cap-V k=0.0,30028,1.0330801553715072,0.9259699746555106,0.09433666137048406,0.1296418890162357,0.6311019914612062,0.0,-0.1794270833333333,2.6498697916666667,0.0,0.0,2.49999999975,1.5031164162780835,0.4198623503985798,1.01,0.0
max-exp-cap-V k=0.0,30029,1.080785680202016,0.9724076734506312,0.09894445343686827,0.11667281071407949,0.5491708032881525,0.0,-0.1826822916666667,2.5518229166666666,0.0,0.0,2.49999999975,1.4938625117646998,0.3676180364412633,1.01,0.0
max-exp-cap-V k=0.0,30030,1.0262698784949669,0.9184724779051963,0.09390302951616336,0.12310295432275231,0.555721812004188,0.0,-0.17447916666666669,2.459375,0.0,0.0,2.4999999997500004,1.4220624018710484,0.39078581310708227,1.01,0.0
max-exp-cap-V k=0.0,30031,1.077446634713334,0.966548233019895,0.09808320513800008,0.12641411278301196,0.6006872634197398,0.0,-0.19322916666666667,2.6401041666666667,0.0,0.0,2.49999999975,1.5069086937916296,0.3986222031198931,1.01,0.0
max-exp-cap-V k=0.0,30032,1.085089943382576,0.9743764372933376,0.09837878600492425,0.12187581517517904,0.5670955769316165,0.0,-0.20260416666666656,2.481119791666667,0.0,0.0,2.49999999975,1.5695866245010224,0.3613025035250274,1.01,0.0
max-exp-cap-V k=0.0,30033,1.0834851552030245,0.9723640318568262,0.09966361968696913,0.12743816397242352,0.5976819007615432,0.0,-0.1736979166666666,2.53046875,0.0,0.0,2.49999999975,1.424204598916956,0.41966013957268045,1.01,0.0
max-exp-cap-V k=0.0,30034,1.0705245724824857,0.9616438129641854,0.09756678016491524,0.11087996772113377,0.5058953559760125,0.0,-0.18971354166666665,2.5322916666666666,0.0,0.0,2.4999999997499995,1.4879480261682148,0.33999531373337116,1.01,0.0
max-exp-cap-V k=0.0,30035,1.0772823305518955,0.9666882342100213,0.09862667055518953,0.13172791385738591,0.6054013012762475,0.0,-0.18203125,2.4908854166666665,0.0,0.0,2.49999999975,1.4380434484406077,0.42098957575498525,1.01,0.0
max-exp-cap-V k=0.0,30036,1.0649788377770422,0.9558550496930469,0.09742236294437087,0.12471637292661478,0.598573317882544,0.0,-0.18151041666666662,2.5959635416666664,0.0,0.0,2.49999999975,1.4718874959252606,0.40667056384378597,1.01,0.0
max-exp-cap-V k=0.0,30037,1.0428530679298038,0.9367373291348456,0.09569806720964705,0.11753776772397265,0.5528878776265191,0.0,-0.17174479166666673,2.502213541666667,0.0,0.0,2.49999999975,1.434394345558972,0.3854504023515675,1.01,0.0
max-exp-cap-V k=0.0,30038,1.0667614221736945,0.9583733421747554,0.09731416305070277,0.12124463429823434,0.5437880240108325,0.0,-0.18723958333333343,2.431510416666667,0.0,0.0,2.49999999975,1.5133299005896137,0.35933210848405583,1.01,0.0
max-exp-cap-V k=0.0,30039,1.0875383646964727,0.9775665954832815,0.09904029480298059,0.12408762934373067,0.6016425756239987,0.0,-0.1942708333333334,2.660677083333333,0.0,0.0,2.49999999975,1.5420956091775526,0.3901460921381349,1.01,0.0
max-exp-cap-V k=0.0,30040,1.0790047255193422,0.9703673961203519,0.09865568088526754,0.12141761635277018,0.5930484019383666,0.0,-0.18489583333333331,2.595703125,0.0,0.0,2.49999999975,1.5133559978822049,0.39187633495904495,1.01,0.0
max-exp-cap-V k=0.0,30041,1.083341175927258,0.9719128897349416,0.09845781550939248,0.12382297629696448,0.5711478655289584,0.0,-0.1975260416666667,2.4768229166666664,0.0,0.0,2.49999999975,1.5258169821285186,0.3743226561367836,1.01,0.0
max-exp-cap-V k=0.0,30042,1.0913707233742895,0.9802383825948721,0.09909149942076231,0.11949049196771258,0.6104943597396759,0.0,-0.2009114583333333,2.7895833333333333,0.0,0.0,2.49999999975,1.541592298005893,0.39601544489381085,1.01,0.0
max-exp-cap-V k=0.0,30043,1.0881935285356978,0.9761530425635785,0.09978289452023643,0.12191879415049484,0.5834222761737728,0.0,-0.18072916666666666,2.5908854166666666,0.0,0.0,2.4999999997499995,1.476067319607912,0.39525451747603724,1.01,0.0
max-exp-cap-V k=0.0,30044,1.0594415591136341,0.9510805077121449,0.09657566632803008,0.11890740887967306,0.5220380274888348,0.0,-0.18736979166666673,2.4522135416666666,0.0,0.0,2.49999999975,1.4526525847966734,0.3593688077606691,1.01,0.0
max-exp-cap-V k=0.0,30045,1.0948048773401546,0.9831680832719655,0.09963673773401545,0.12077749946143672,0.5401635474255714,0.0,-0.19687500000000002,2.423697916666667,0.0,0.0,2.49999999975,1.5223362217340461,0.354825392520903,1.01,0.0
max-exp-cap-V k=0.0,30046,1.075028968502068,0.966157835527347,0.09803024060020679,0.12302559404194337,0.5863262161645844,0.0,-0.18945312499999997,2.568098958333333,0.0,0.0,2.49999999975,1.5041051119155093,0.3898173149733436,1.01,0.0
max-exp-cap-V k=0.0,30047,1.087153037055693,0.9756226542366803,0.09910592870556931,0.12625398503485089,0.5907544118562328,0.0,-0.19218749999999998,2.58515625,0.0,0.0,2.49999999975,1.5036536796147062,0.3928793045002269,1.01,0.0
max-exp-cap-V k=0.0,30048,1.1029745010191059,0.9910578331603761,0.1007466688519106,0.12452422204983092,0.5818111028080989,0.0,-0.19101562499999988,2.5537760416666666,0.0,0.0,2.4999999997499995,1.4745537528258335,0.39456757794900094,1.01,0.0
max-exp-cap-V k=0.0,30049,1.0637980053103688,0.9568459051231416,0.09746052969770355,0.1246721253901827,0.5895742208894708,0.0,-0.17838541666666657,2.5942708333333337,0.0,0.0,2.4999999997499995,1.4822630791743396,0.39775275332222365,1.01,0.0
max-exp-cap-V k=0.25,30000,1.1242430186160506,1.0110776661007717,0.10106362477827173,0.1276961988039179,0.5897000128342884,0.0,-0.2272135416666667,2.5774739583333335,0.0,0.0,2.49999999975,1.506367524182741,0.39147153889567693,1.01,0.25
max-exp-cap-V k=0.25,30001,1.0956550165697008,0.9852456069382166,0.09832852249030341,0.11808242890988879,0.5519862476447325,0.0,-0.22473958333333344,2.5861979166666664,0.0,0.0,2.49999999975,1.5170601549057312,0.3638525775393741,1.01,0.25
max-exp-cap-V k=0.25,30002,1.0919660146985268,0.9801040523583666,0.09842186188651934,0.1204911020287024,0.5679497109939539,0.0,-0.21549479166666666,2.565234375,0.0,0.0,2.49999999975,1.4929982061893483,0.380408836822088,1.01,0.25
max-exp-cap-V k=0.25,30003,1.0877281007691075,0.9777194810536075,0.09797202882691076,0.1258165300553527,0.5768138466464183,0.0,-0.216015625,2.5541666666666667,0.0,0.0,2.49999999975,1.402037988301065,0.4114109970339526,1.01,0.25
max-exp-cap-V k=0.25,30004,1.0727343461514625,0.9627400254101356,0.09625780961514624,0.1226381960628691,0.5644774677588825,0.0,-0.2203125,2.480729166666667,0.0,0.0,2.49999999975,1.4394128890056939,0.3921581306311685,1.01,0.25
max-exp-cap-V k=0.25,30005,1.1021558995311096,0.990301159420655,0.0992715795364443,0.12718053312483174,0.5587969746378862,0.0,-0.21888020833333338,2.3687500000000004,0.0,0.0,2.49999999975,1.439698680232158,0.38813467172712673,1.01,0.25
max-exp-cap-V k=0.25,30006,1.0070085289631103,0.9024017372827573,0.09118913414631101,0.10396487838399562,0.4962342140997789,0.0,-0.1902343750000001,2.649479166666667,0.0,0.0,2.49999999975,1.4419586074469608,0.3441390144883419,1.01,0.25
max-exp-cap-V k=0.25,30007,1.0464254155270678,0.9378209246903123,0.09490946863604012,0.12103230594339674,0.5819293185070319,0.0,-0.1946614583333334,2.6390625000000005,0.0,0.0,2.49999999975,1.393704526621067,0.41754138512979955,1.01,0.25
max-exp-cap-V k=0.25,30008,1.0649253343458678,0.9548147679830437,0.09574383551792011,0.12397491387472036,0.5863974619539831,0.0,-0.21497395833333327,2.621484375,0.0,0.0,2.4999999997500004,1.4541519654110746,0.4032573457948147,1.01,0.25
max-exp-cap-V k=0.25,30009,1.1136148230420595,1.0020998772851744,0.10038491980420594,0.12534537781593927,0.5651550223567156,0.0,-0.21953125,2.5126302083333334,0.0,0.0,2.49999999975,1.49001718760382,0.37929429744738247,1.01,0.25
max-exp-cap-V k=0.25,30010,1.0530132168814985,0.9437046029995065,0.0951580925214832,0.12499829994398926,0.5721846359369666,0.0,-0.2028645833333333,2.4889322916666665,0.0,0.0,2.49999999975,1.4016362605369055,0.40822619394691434,1.01,0.25
max-exp-cap-V k=0.25,30011,1.1177700246038984,1.0050154196580243,0.10070278371038983,0.12309368967526754,0.546276978398304,0.0,-0.22148437499999998,2.4937500000000004,0.0,0.0,2.4999999997500004,1.4654859509926996,0.3727616617738735,1.01,0.25
max-exp-cap-V k=0.25,30012,1.0511700110824285,0.9445956967891389,0.09412741777490952,0.11136202900791001,0.5135269077521498,0.0,-0.2197916666666667,2.52734375,0.0,0.0,2.49999999975,1.4676278382832386,0.3499026758397069,1.01,0.25
max-exp-cap-V k=0.25,30013,1.0814821661172462,0.9705487220834298,0.09707399786172463,0.1189662141273024,0.5596668225392732,0.0,-0.221484375,2.457682291666667,0.0,0.0,2.49999999975,1.4817819974156023,0.3776984897342499,1.01,0.25
max-exp-cap-V k=0.25,30014,1.0496268165845244,0.9378800048156558,0.09495617124178578,0.12330681207716106,0.5642930199475309,0.0,-0.20013020833333336,2.4990885416666666,0.0,0.0,2.4999999997499995,1.4473833379985364,0.38987115930728056,1.01,0.25
max-exp-cap-V k=0.25,30015,1.0639796119639129,0.9522091142812242,0.09508285702972463,0.12600936724675255,0.59666238878081,0.0,-0.22630208333333332,2.5722656249999996,0.0,0.0,2.49999999975,1.5419348115231228,0.3869569480641189,1.01,0.25
max-exp-cap-V k=0.25,30016,1.142287197354296,1.026842907086278,0.10279642806876296,0.12516475589515355,0.5858642902974398,0.0,-0.22864583333333335,2.502734375,0.0,0.0,2.49999999975,1.5184784785071699,0.3858232425351253,1.01,0.25
max-exp-cap-V k=0.25,30017,1.056041475873333,0.9467749772706278,0.09523956425399997,0.12231530115015328,0.5957205362876457,0.0,-0.20729166666666665,2.6138020833333333,0.0,0.0,2.49999999975,1.4689145049695282,0.4055515377322818,1.01,0.25
max-exp-cap-V k=0.25,30018,1.1074159459775208,0.9956773924517348,0.09955669876441875,0.11372748409295756,0.5184700441716259,0.0,-0.22369791666666658,2.4450520833333336,0.0,0.0,2.4999999997500004,1.4680760651960987,0.3531629296758347,1.01,0.25
max-exp-cap-V k=0.25,30019,1.0941240535022763,0.9824593521409665,0.09740719701689429,0.11900116765931211,0.5258350673231044,0.0,-0.24010416666666665,2.300651041666667,0.0,0.0,2.49999999975,1.4606443011117713,0.36000213530622366,1.01,0.25
max-exp-cap-V k=0.25,30020,1.1347204854724906,1.022384577796718,0.10168819438058241,0.11446621958405877,0.5431130263799978,0.0,-0.2356770833333333,2.530859375,0.0,0.0,2.49999999975,1.5105050158461977,0.3595572478623921,1.01,0.25
max-exp-cap-V k=0.25,30021,1.056883899312799,0.9477693213989904,0.09553213993127992,0.12211863819543531,0.558069920982859,0.0,-0.20312500000000003,2.5160156249999996,0.0,0.0,2.49999999975,1.4087954354711671,0.3961326867844474,1.01,0.25
max-exp-cap-V k=0.25,30022,1.046035862768987,0.9376932708565708,0.09461009669356538,0.12956375718270524,0.6231252738636868,0.0,-0.19986979166666666,2.6412760416666665,0.0,0.0,2.49999999975,1.4267374249484552,0.4367483903958003,1.01,0.25
max-exp-cap-V k=0.25,30023,1.0442640522905822,0.9382328113445064,0.09416598856239157,0.12089523809774161,0.5537912830191999,0.0,-0.2052083333333333,2.4755208333333334,0.0,0.0,2.49999999975,1.4063505027720211,0.3937789917432647,1.01,0.25
max-exp-cap-V k=0.25,30024,1.0822220988503897,0.9719561293014546,0.09693965780170563,0.12440234244109412,0.5691387792023334,0.0,-0.22565104166666664,2.440104166666667,0.0,0.0,2.49999999975,1.4964084443536194,0.38033651931720786,1.01,0.25
max-exp-cap-V k=0.25,30025,1.074846576381683,0.966383702973489,0.09626720972150163,0.12246678213797318,0.5793960639188336,0.0,-0.22434895833333338,2.569921875,0.0,0.0,2.49999999975,1.5031941920632788,0.3854432560862657,1.01,0.25
max-exp-cap-V k=0.25,30026,1.0871520051814105,0.9755516419485701,0.09822040885147439,0.12219982875927017,0.5698988169075837,0.0,-0.20989583333333328,2.4731770833333333,0.0,0.0,2.49999999975,1.4868106660091982,0.38330288444679345,1.01,0.25
max-exp-cap-V k=0.25,30027,1.1002468959828007,0.9882159371948123,0.09844265834828007,0.12472084618716771,0.5914135603510285,0.0,-0.23164062499999996,2.61640625,0.0,0.0,2.4999999997500004,1.50716664341908,0.39240090864098376,1.01,0.25
max-exp-cap-V k=0.25,30028,1.0466523168669015,0.9383699093892208,0.09396210668669017,0.1296418890162357,0.6311019914612062,0.0,-0.21406249999999996,2.6498697916666667,0.0,0.0,2.4999999997499995,1.5184609987026552,0.41561949368499285,1.01,0.25
max-exp-cap-V k=0.25,30029,1.0538552846628122,0.9466015811185887,0.09564594513294788,0.11667281071407949,0.5491708032881525,0.0,-0.1947916666666667,2.5518229166666666,0.0,0.0,2.49999999975,1.4038405626961468,0.3911917192600862,1.01,0.25
max-exp-cap-V k=0.25,30030,1.0484491564425829,0.9390070700443648,0.09468215522759162,0.12310295432275231,0.555721812004188,0.0,-0.2032552083333333,2.459375,0.0,0.0,2.49999999975,1.4271942437833904,0.3893806427715186,1.01,0.25
max-exp-cap-V k=0.25,30031,1.1080774842944474,0.9951613535132399,0.09937545676277809,0.12641411278301196,0.6006872634197398,0.0,-0.22864583333333321,2.6401041666666667,0.0,0.0,2.49999999975,1.4975495076878742,0.40111345924527364,1.01,0.25
max-exp-cap-V k=0.25,30032,1.0786475864284772,0.9681165494816615,0.09667335239284773,0.12187581517517904,0.5670955769316165,0.0,-0.2238281249999999,2.481119791666667,0.0,0.0,2.4999999997500004,1.483768347412444,0.3821995380347473,1.01,0.25
max-exp-cap-V k=0.25,30033,1.104055474958435,0.99125336144258,0.10004747457917681,0.12743816397242352,0.5976819007615432,0.0,-0.20716145833333338,2.53046875,0.0,0.0,2.49999999975,1.457395520794837,0.41010274303270694,1.01,0.25
max-exp-cap-V k=0.25,30034,1.0757190805966976,0.966342336724662,0.09691435597633642,0.1107306918709292,0.5052142775005227,0.0,-0.21315104166666674,2.5322916666666666,0.0,0.0,2.49999999975,1.4587284768314936,0.3463388050104427,1.01,0.25
max-exp-cap-V k=0.25,30035,1.0974511176223887,0.9858093553029642,0.09932844509557218,0.13172791385738591,0.6054013012762475,0.0,-0.20833333333333334,2.4908854166666665,0.0,0.0,2.49999999975,1.4053168751201193,0.4307934473671647,1.01,0.25
max-exp-cap-V k=0.25,30036,1.0782141412473012,0.9682727696977605,0.09739172662473014,0.12471637292661478,0.598573317882544,0.0,-0.20859374999999997,2.5959635416666664,0.0,0.0,2.4999999997500004,1.4177890147117864,0.42218786552258925,1.01,0.25
max-exp-cap-V k=0.25,30037,1.04716407661887,0.9403788808820503,0.09454713682855365,0.11753776772397265,0.5528878776265191,0.0,-0.20338541666666665,2.502213541666667,0.0,0.0,2.49999999975,1.4426029420328308,0.3832571399358317,1.01,0.25
max-exp-cap-V k=0.25,30038,1.07415335234329,0.9643733342619818,0.09624346023432899,0.12124463429823434,0.5437880240108325,0.0,-0.22343750000000004,2.431510416666667,0.0,0.0,2.49999999975,1.509521631577824,0.36023864291526536,1.01,0.25
max-exp-cap-V k=0.25,30039,1.1075225662585355,0.9952217587831708,0.09880564204252021,0.12408762934373067,0.6016425756239987,0.0,-0.23893229166666666,2.660677083333333,0.0,0.0,2.49999999975,1.5331337363759747,0.3924266757355186,1.01,0.25
max-exp-cap-V k=0.25,30040,1.0926660712014635,0.9829257526513564,0.09859603420347968,0.12141761635277018,0.5930484019383666,0.0,-0.21341145833333336,2.595703125,0.0,0.0,2.49999999975,1.4838857070538314,0.3996590836607151,1.01,0.25
max-exp-cap-V k=0.25,30041,1.119220116510907,1.0054632994740533,0.09978659498442405,0.12382297629696448,0.5711478655289584,0.0,-0.24270833333333336,2.4768229166666664,0.0,0.0,2.49999999975,1.562053746597302,0.3656390612506885,1.01,0.25
max-exp-cap-V k=0.25,30042,1.1110673927706811,0.998601155310415,0.09951819761040145,0.11949049196771258,0.6104943597396759,0.0,-0.2317708333333332,2.7895833333333333,0.0,0.0,2.49999999975,1.5060158542554665,0.4053704733682819,1.01,0.25
max-exp-cap-V k=0.25,30043,1.1014765980947174,0.9882689271723352,0.09954219105947175,0.12191879415049484,0.5834222761737728,0.0,-0.21210937500000002,2.5908854166666666,0.0,0.0,2.49999999975,1.464994456155187,0.3982419685770953,1.01,0.25
max-exp-cap-V k=0.25,30044,1.066593870229975,0.9573726003619428,0.09596928285633084,0.11890740887967306,0.5220380274888348,0.0,-0.2138020833333334,2.4522135416666666,0.0,0.0,2.49999999975,1.4275776869510803,0.3656809939385973,1.01,0.25
max-exp-cap-V k=0.25,30045,1.0895718638481677,0.9777911084328142,0.09785041555148344,0.12077749946143672,0.5401635474255714,0.0,-0.22213541666666667,2.423697916666667,0.0,0.0,2.49999999975,1.4664449414633278,0.36834901342191273,1.01,0.25
max-exp-cap-V k=0.25,30046,1.0686998305994924,0.9589924519490074,0.09577623305994923,0.12302559404194337,0.5863262161645844,0.0,-0.22187500000000007,2.568098958333333,0.0,0.0,2.49999999975,1.5085630442074,0.38866537160377046,1.01,0.25
max-exp-cap-V k=0.25,30047,1.095367216683012,0.9828563323827962,0.09845599250163453,0.12625398503485089,0.5907544118562328,0.0,-0.22161458333333328,2.58515625,0.0,0.0,2.49999999975,1.460210870654095,0.4045678769612275,1.01,0.25
max-exp-cap-V k=0.25,30048,1.1142441154882745,1.001623482196977,0.10066920321549414,0.12452422204983092,0.5818111028080989,0.0,-0.2151041666666666,2.5537760416666666,0.0,0.0,2.49999999975,1.4316869390175038,0.4063815118739347,1.01,0.25
max-exp-cap-V k=0.25,30049,1.0748951328649508,0.966556562494334,0.09679940911982841,0.1246721253901827,0.5895742208894708,0.0,-0.21380208333333325,2.5942708333333337,0.0,0.0,2.49999999975,1.475468740855096,0.3995843521210675,1.01,0.25
max-exp-cap-V k=0.5,30000,1.1289682140891524,1.0145733276172968,0.0999996859922486,0.1276961988039179,0.5897000128342884,0.0,-0.25794270833333327,2.5774739583333335,0.0,0.0,2.49999999975,1.5103224192659477,0.39044644064867723,1.01,0.5
max-exp-cap-V k=0.5,30001,1.0996946531045335,0.9882603479919767,0.09738482989378669,0.11814677619213174,0.5522870444288037,0.0,-0.2516927083333333,2.5861979166666664,0.0,0.0,2.49999999975,1.5316953314770778,0.3605723886983518,1.01,0.5
max-exp-cap-V k=0.5,30002,1.08463023606806,0.9729295534687699,0.09682890902347266,0.1204911020287024,0.5679497109939539,0.0,-0.23268229166666668,2.565234375,0.0,0.0,2.49999999975,1.4297795112167078,0.39722887797618694,1.01,0.5
max-exp-cap-V k=0.5,30003,1.0832822669001292,0.9729778148708241,0.09642718502334624,0.1258165300553527,0.5768138466464183,0.0,-0.23802083333333338,2.5541666666666667,0.0,0.0,2.49999999975,1.364322568898967,0.42278406866194224,1.01,0.5
max-exp-cap-V k=0.5,30004,1.0900846906438775,0.9786438212938348,0.09650846906438773,0.1226381960628691,0.5644774677588825,0.0,-0.25,2.480729166666667,0.0,0.0,2.4999999997499995,1.4713514588904526,0.38364556907739467,1.01,0.5
max-exp-cap-V k=0.5,30005,1.1132372179841852,0.9994403706835444,0.0981857009650852,0.12718053312483174,0.5587969746378862,0.0,-0.26276041666666666,2.3687500000000004,0.0,0.0,2.49999999975,1.4653560250679545,0.3813387088724548,1.01,0.5
max-exp-cap-V k=0.5,30006,1.0129320123792662,0.9071737064637557,0.09027757623792662,0.10396487838399562,0.4962342140997789,0.0,-0.22031250000000016,2.649479166666667,0.0,0.0,2.49999999975,1.4056006032072148,0.3530406951786315,1.01,0.5
max-exp-cap-V k=0.5,30007,1.0483824045022432,0.9393051319313392,0.09427183420022431,0.12090433680159383,0.5813140365383143,0.0,-0.21132812500000003,2.6390625000000005,0.0,0.0,2.49999999975,1.3335596616437155,0.43591153306317,1.01,0.5
max-exp-cap-V k=0.5,30008,1.086248399199324,0.9742675824762695,0.09622900658659908,0.12397491387472036,0.5863974619539831,0.0,-0.2479166666666666,2.621484375,0.0,0.0,2.49999999975,1.4630879278122435,0.40079440941791084,1.01,0.5
max-exp-cap-V k=0.5,30009,1.125017626018573,1.012265902227315,0.10017103343519063,0.12534537781593927,0.5651550223567156,0.0,-0.24661458333333341,2.5126302083333334,0.0,0.0,2.49999999975,1.468943504632151,0.384735710103596,1.01,0.5
max-exp-cap-V k=0.5,30010,1.0497699375827518,0.9402598458132109,0.09383116042494186,0.12499829994398926,0.5721846359369666,0.0,-0.22291666666666668,2.4889322916666665,0.0,0.0,2.49999999975,1.424696707135154,0.401618557178771,1.01,0.5
max-exp-cap-V k=0.5,30011,1.0819799454068244,0.9709676040626197,0.09673966120734913,0.12309368967526754,0.546276978398304,0.0,-0.22916666666666669,2.4937500000000004,0.0,0.0,2.49999999975,1.399064341052569,0.39045879618897245,1.01,0.5
max-exp-cap-V k=0.5,30012,1.0507519619473564,0.9440876039491866,0.09324576911140231,0.11113225763839987,0.5124673564676978,0.0,-0.2365885416666667,2.52734375,0.0,0.0,2.49999999975,1.4117973353613604,0.3629893212233099,1.01,0.5
max-exp-cap-V k=0.5,30013,1.1043292667008875,0.9915468955549401,0.09767902042008876,0.1189662141273024,0.5596668225392732,0.0,-0.25507812500000004,2.457682291666667,0.0,0.0,2.49999999975,1.4466866975074912,0.38686111063544576,1.01,0.5
max-exp-cap-V k=0.5,30014,1.0492918515787812,0.9370979577010825,0.09382892474121146,0.12330681207716106,0.5642930199475309,0.0,-0.2220052083333334,2.4990885416666666,0.0,0.0,2.49999999975,1.401241662712239,0.4027092791797862,1.01,0.5
max-exp-cap-V k=0.5,30015,1.081829101186733,0.9687607111096738,0.09555921220200662,0.12600936724675255,0.59666238878081,0.0,-0.2524739583333333,2.5722656249999996,0.0,0.0,2.49999999975,1.5004612464248415,0.39765264861220595,1.01,0.5
max-exp-cap-V k=0.5,30016,1.1256062547135854,1.0107391950664213,0.10017781297135855,0.12442963195365203,0.5824233626721808,0.0,-0.24765625000000002,2.502734375,0.0,0.0,2.49999999975,1.444278978242823,0.40326236928324205,1.01,0.5
max-exp-cap-V k=0.5,30017,1.0535082947179482,0.9438963463335784,0.09376228780512814,0.12231530115015328,0.5957205362876457,0.0,-0.23177083333333331,2.6138020833333333,0.0,0.0,2.4999999997499995,1.4367083035648798,0.41464264862219735,1.01,0.5
max-exp-cap-V k=0.5,30018,1.1178245503810182,1.004597416202458,0.09884625712143515,0.11372748409295756,0.5184700441716259,0.0,-0.2587239583333333,2.4450520833333336,0.0,0.0,2.49999999975,1.5223750479108065,0.34056656727469053,1.01,0.5
max-exp-cap-V k=0.5,30019,1.1179415505503627,1.0044634968422594,0.09811576963836961,0.11880000278562082,0.5249461723065165,0.0,-0.2735677083333333,2.300651041666667,0.0,0.0,2.49999999975,1.4321376300647821,0.36654729356058524,1.01,0.5
max-exp-cap-V k=0.5,30020,1.1352577494428353,1.0224305008984358,0.10071327494428353,0.114212646713634,0.541909887763516,0.0,-0.25625000000000003,2.530859375,0.0,0.0,2.49999999975,1.4492983819580556,0.373911883508333,1.01,0.5
max-exp-cap-V k=0.5,30021,1.0698786089251724,0.9598719260948393,0.09554254839251723,0.12200492044929007,0.5575502422954496,0.0,-0.22890625000000003,2.5160156249999996,0.0,0.0,2.49999999975,1.3768388072944453,0.40494954045569265,1.01,0.5
max-exp-cap-V k=0.5,30022,1.0656601535423373,0.9552242702868947,0.09493190077090037,0.12956375718270524,0.6231252738636868,0.0,-0.23268229166666668,2.6412760416666665,0.0,0.0,2.49999999975,1.396882342098619,0.44608286258922053,1.01,0.5
max-exp-cap-V k=0.5,30023,1.0554915671453717,0.9484064174563475,0.09390853171453717,0.12088204932355061,0.5537308684958853,0.0,-0.23281250000000003,2.4755208333333334,0.0,0.0,2.49999999975,1.392591786462602,0.39762611978521506,1.01,0.5
max-exp-cap-V k=0.5,30024,1.0967163758053906,0.9851753706292092,0.09691773133053903,0.12438609321682813,0.569064439254385,0.0,-0.255078125,2.440104166666667,0.0,0.0,2.4999999997499995,1.4793892255009533,0.38466174380963697,1.01,0.5
max-exp-cap-V k=0.5,30025,1.085977583642911,0.9765710972053846,0.09600010211429108,0.12209499255442106,0.5776371100412553,0.0,-0.25195312500000006,2.569921875,0.0,0.0,2.49999999975,1.4551484701955508,0.39696094376103713,1.01,0.5
max-exp-cap-V k=0.5,30026,1.09924481699694,0.9865200512413739,0.09793880461636068,0.12219982875927017,0.5698988169075837,0.0,-0.23971354166666667,2.4731770833333333,0.0,0.0,2.49999999975,1.4714657603329673,0.3873000869409462,1.01,0.5
max-exp-cap-V k=0.5,30027,1.0830536196188016,0.9712964312495513,0.09588348696188018,0.12472084618716771,0.5914135603510285,0.0,-0.24843749999999992,2.61640625,0.0,0.0,2.49999999975,1.4792421066346375,0.39980849497079896,1.01,0.5
max-exp-cap-V k=0.5,30028,1.0683614456063981,0.9585307418700119,0.09462260289397315,0.1296418890162357,0.6311019914612062,0.0,-0.24427083333333327,2.6498697916666667,0.0,0.0,2.4999999997500004,1.4735127649885276,0.4282976072257642,1.01,0.5
max-exp-cap-V k=0.5,30029,1.0470004011321299,0.9388645085799845,0.09339144636321299,0.11667281071407949,0.5491708032881525,0.0,-0.22617187500000005,2.5518229166666666,0.0,0.0,2.49999999975,1.3919789961925102,0.39452520820378983,1.01,0.5
max-exp-cap-V k=0.5,30030,1.0532484022925377,0.9434670419845618,0.0940487985625871,0.12310295432275231,0.555721812004188,0.0,-0.22552083333333334,2.459375,0.0,0.0,2.49999999975,1.3921919975656563,0.39917038237247876,1.01,0.5
max-exp-cap-V k=0.5,30031,1.1260880120426502,1.011025032456858,0.0993340616209317,0.12641411278301196,0.6006872634197398,0.0,-0.2654947916666666,2.6401041666666667,0.0,0.0,2.4999999997500004,1.5573929340903865,0.38570051929160587,1.01,0.5
max-exp-cap-V k=0.5,30032,1.0805292599633476,0.969491790061951,0.09585240516300142,0.12187581517517904,0.5670955769316165,0.0,-0.24401041666666662,2.481119791666667,0.0,0.0,2.49999999975,1.4541790775919163,0.3899764380262659,1.01,0.5
max-exp-cap-V k=0.5,30033,1.1249878128920425,1.0104729576121518,0.10074096878920427,0.12743816397242352,0.5976819007615432,0.0,-0.23515625000000004,2.53046875,0.0,0.0,2.49999999975,1.4232733541102571,0.4199347223325045,1.01,0.5
max-exp-cap-V k=0.5,30034,1.069897509415015,0.9604285023569489,0.09547282385816816,0.11054754988296782,0.504378683090657,0.0,-0.23033854166666673,2.5322916666666666,0.0,0.0,2.4999999997499995,1.4228799028958319,0.3544773399808025,1.01,0.5
max-exp-cap-V k=0.5,30035,1.0965092493459343,0.9846612555169042,0.09807540410126012,0.13172791385738591,0.6054013012762475,0.0,-0.23151041666666658,2.4908854166666665,0.0,0.0,2.49999999975,1.365497057839895,0.443355990992718,1.01,0.5
max-exp-cap-V k=0.5,30036,1.11305931514043,0.9996474356087202,0.098395775264043,0.12471637292661478,0.598573317882544,0.0,-0.2582031249999999,2.5959635416666664,0.0,0.0,2.49999999975,1.4976554410254863,0.3996735841140364,1.01,0.5
max-exp-cap-V k=0.5,30037,1.063362397157194,0.9553906432653803,0.0949690522157194,0.11753776772397265,0.5528878776265191,0.0,-0.22734374999999998,2.502213541666667,0.0,0.0,2.49999999975,1.3661246348639702,0.40471261809986475,1.01,0.5
max-exp-cap-V k=0.5,30038,1.0916700615154988,0.9797806884169524,0.09580763115154986,0.12124463429823434,0.5437880240108325,0.0,-0.2671875,2.431510416666667,0.0,0.0,2.49999999975,1.532442379844006,0.3548505517487627,1.01,0.5
max-exp-cap-V k=0.5,30039,1.115864171616677,1.002682060553745,0.09837678174500104,0.12408762934373067,0.6016425756239987,0.0,-0.26419270833333336,2.660677083333333,0.0,0.0,2.49999999975,1.4750612467971713,0.40787633525750655,1.01,0.5
max-exp-cap-V k=0.5,30040,1.1037488969350626,0.9925449853474457,0.09811577511017293,0.12141761635277018,0.5930484019383666,0.0,-0.2451822916666666,2.595703125,0.0,0.0,2.49999999975,1.4630891163007322,0.40533990399561404,1.01,0.5
max-exp-cap-V k=0.5,30041,1.117074204506684,1.0029823040317767,0.09849127461733506,0.12382297629696448,0.5711478655289584,0.0,-0.2643229166666667,2.4768229166666664,0.0,0.0,2.49999999975,1.5052780205950889,0.3794301502543455,1.01,0.5
max-exp-cap-V k=0.5,30042,1.1133399572513434,1.0003637064190471,0.098801443641801,0.11949049196771258,0.6104943597396759,0.0,-0.2506510416666665,2.7895833333333333,0.0,0.0,2.4999999997500004,1.4271964644415331,0.4277577579191695,1.01,0.5
max-exp-cap-V k=0.5,30043,1.1125914654300781,0.9979716975543568,0.09900654237634114,0.12191879415049484,0.5834222761737728,0.0,-0.24505208333333328,2.5908854166666666,0.0,0.0,2.49999999975,1.4566119986654678,0.4005337569018366,1.01,0.5
max-exp-cap-V k=0.5,30044,1.0839609650298325,0.9725987533391897,0.09576588816964993,0.11890740887967306,0.5220380274888348,0.0,-0.25260416666666674,2.4522135416666666,0.0,0.0,2.49999999975,1.451478329558142,0.3596595394212694,1.01,0.5
max-exp-cap-V k=0.5,30045,1.1031267321051534,0.9891997223987171,0.09712907946051533,0.12077749946143672,0.5401635474255714,0.0,-0.263671875,2.423697916666667,0.0,0.0,2.49999999975,1.5262623818157224,0.3539126390463508,1.01,0.5
max-exp-cap-V k=0.5,30046,1.0552159532459926,0.945483981769141,0.09321690782459927,0.12302559404194337,0.5863262161645844,0.0,-0.24609375,2.568098958333333,0.0,0.0,2.49999999975,1.4799161762472177,0.3961888014842805,1.01,0.5
max-exp-cap-V k=0.5,30047,1.0920317236119537,0.9787909485613906,0.0969700994445287,0.12625398503485089,0.5907544118562328,0.0,-0.2446614583333334,2.58515625,0.0,0.0,2.49999999975,1.5054627635068178,0.39240718945457825,1.01,0.5
max-exp-cap-V k=0.5,30048,1.1173063894871453,1.0041033926403677,0.09996631603204788,0.12452422204983092,0.5818111028080989,0.0,-0.23528645833333328,2.5537760416666666,0.0,0.0,2.49999999975,1.4125835822166328,0.41187729358649217,1.01,0.5
max-exp-cap-V k=0.5,30049,1.0936110590345938,0.9839858265483036,0.09737542882012604,0.1246721253901827,0.5895742208894708,0.0,-0.23971354166666659,2.5942708333333337,0.0,0.0,2.49999999975,1.4821182468148333,0.39779162165805826,1.01,0.5
max-exp-cap-V k=0.75,30000,1.1353327163345437,1.019998872170612,0.09682754246678771,0.1276961988039179,0.5897000128342884,0.0,-0.33411458333333344,2.5774739583333335,0.0,0.0,2.49999999975,1.4273410788025833,0.41314582869638705,1.01,0.75
max-exp-cap-V k=0.75,30001,1.08642134882455,0.9752701779859261,0.09277624946578834,0.11778662102525672,0.5506034688031286,0.0,-0.3173177083333333,2.5861979166666664,0.0,0.0,2.4999999997500004,1.4497814685045545,0.3797837679433677,1.01,0.75
max-exp-cap-V k=0.75,30002,1.0394338831801258,0.9313507086262192,0.08991995081801256,0.1204911020287024,0.5679497109939539,0.0,-0.28046875000000004,2.565234375,0.0,0.0,2.49999999975,1.3289191733076606,0.4273771666491463,1.01,0.75
max-exp-cap-V k=0.75,30003,1.1146673080193619,1.0003648483516543,0.09420761621860285,0.1258165300553527,0.5768138466464183,0.0,-0.34518229166666664,2.5541666666666667,0.0,0.0,2.4999999997500004,1.4627573692859475,0.39433323581749785,1.01,0.75
max-exp-cap-V k=0.75,30004,1.1347026449562043,1.0182444426518746,0.0947658374122871,0.1226381960628691,0.5644774677588825,0.0,-0.3740885416666668,2.480729166666667,0.0,0.0,2.49999999975,1.5438780672462191,0.36562308885294836,1.01,0.75
max-exp-cap-V k=0.75,30005,1.131822372345085,1.0143506207552218,0.09412624765117514,0.12718053312483174,0.5587969746378862,0.0,-0.38111979166666676,2.3687500000000004,0.0,0.0,2.4999999997500004,1.4954706242277547,0.37365961295725425,1.01,0.75
max-exp-cap-V k=0.75,30006,1.0247926484079286,0.9173481394711971,0.08779176484079285,0.10396487838399562,0.4962342140997789,0.0,-0.29375000000000007,2.649479166666667,0.0,0.0,2.4999999997500004,1.4634024904728375,0.3390961935150469,1.01,0.75
max-exp-cap-V k=0.75,30007,1.0963736262254349,0.9821085720807268,0.09348501887254348,0.12126405276014347,0.5830435686742449,0.0,-0.32304687500000007,2.6390625000000005,0.0,0.0,2.4999999997500004,1.5026243865636029,0.3880168416590289,1.01,0.75
max-exp-cap-V k=0.75,30008,1.0656576300466065,0.9543846942534434,0.09124024217132733,0.12397491387472036,0.5863974619539831,0.0,-0.30651041666666656,2.621484375,0.0,0.0,2.49999999975,1.4523869196393755,0.4037474133267355,1.01,0.75
max-exp-cap-V k=0.75,30009,1.1680652895896915,1.050485251503241,0.09795236229230246,0.12534537781593927,0.5651550223567156,0.0,-0.3770833333333333,2.5126302083333334,0.0,0.0,2.49999999975,1.5889840819810181,0.35567066326562913,1.01,0.75
max-exp-cap-V k=0.75,30010,1.054693384574244,0.9447908424286117,0.09029355720742441,0.12499829994398926,0.5721846359369666,0.0,-0.303515625,2.4889322916666665,0.0,0.0,2.49999999975,1.3399807834390036,0.42700958327811167,1.01,0.75
max-exp-cap-V k=0.75,30011,1.0898219101626105,0.9765041648195886,0.0922504201829277,0.12309368967526754,0.546276978398304,0.0,-0.33463541666666674,2.4937500000000004,0.0,0.0,2.49999999975,1.4191706712591936,0.38492690799028884,1.01,0.75
max-exp-cap-V k=0.75,30012,0.9851492345128875,0.8825428598467867,0.08421804845128876,0.11069255068994623,0.5104397232468582,0.0,-0.28593750000000007,2.52734375,0.0,0.0,2.4999999997500004,1.3049560865027081,0.39115471281094244,1.01,0.75
max-exp-cap-V k=0.75,30013,1.0679828231147281,0.9566210949137748,0.09036599064480617,0.1189662141273024,0.5596668225392732,0.0,-0.3286458333333333,2.457682291666667,0.0,0.0,2.49999999975,1.4457459854202075,0.3871128318413456,1.01,0.75
max-exp-cap-V k=0.75,30014,1.0121564542753456,0.9027047784009384,0.0869513225108679,0.12330681207716106,0.5642930199475309,0.0,-0.2852864583333333,2.4990885416666666,0.0,0.0,2.49999999975,1.3346319530733792,0.42280796488356337,1.01,0.75
max-exp-cap-V k=0.75,30015,1.103664108113418,0.9884410528882068,0.09363463997800847,0.12600936724675255,0.59666238878081,0.0,-0.3346354166666667,2.5722656249999996,0.0,0.0,2.49999999975,1.4844103033813891,0.4019524705680446,1.01,0.75
max-exp-cap-V k=0.75,30016,1.1092966029320666,0.9940871905488439,0.09433460820987334,0.12471751945331301,0.5837708906121998,0.0,-0.3319010416666666,2.502734375,0.0,0.0,2.49999999975,1.4733368110806084,0.39622365111751817,1.01,0.75
max-exp-cap-V k=0.75,30017,1.0464946641598476,0.9359742466603163,0.0892132684993181,0.12231530115015328,0.5957205362876457,0.0,-0.3087239583333333,2.6138020833333333,0.0,0.0,2.4999999997500004,1.4545042738617888,0.40956946431375885,1.01,0.75
max-exp-cap-V k=0.75,30018,1.1235860496366423,1.0090119871942689,0.09458516746366422,0.11372748409295756,0.5184700441716259,0.0,-0.35546874999999994,2.4450520833333336,0.0,0.0,2.49999999975,1.4840604672078075,0.3493591101089727,1.01,0.75
max-exp-cap-V k=0.75,30019,1.1113433907406909,0.9973935957199522,0.09258616199073576,0.1183321430707051,0.5228788224684476,0.0,-0.3709635416666667,2.300651041666667,0.0,0.0,2.49999999975,1.3658381676162814,0.38282633687195744,1.01,0.75
max-exp-cap-V k=0.75,30020,1.1439117448325038,1.029028613878133,0.09660471614991706,0.11451447655914865,0.5433419934226785,0.0,-0.3557291666666666,2.530859375,0.0,0.0,2.49999999975,1.5399390102775583,0.3528334497641869,1.01,0.75
max-exp-cap-V k=0.75,30021,1.1147124168904252,1.0010114897801654,0.09511707502237585,0.12223011801576243,0.5585793725738731,0.0,-0.3270833333333334,2.5160156249999996,0.0,0.0,2.49999999975,1.4401231682847127,0.3878691662458151,1.01,0.75
max-exp-cap-V k=0.75,30022,1.0702122677003498,0.9587921936740104,0.09189101843670164,0.12956375718270524,0.6231252738636868,0.0,-0.3026041666666667,2.6412760416666665,0.0,0.0,2.4999999997500004,1.4490194930584355,0.4300323610888495,1.01,0.75
max-exp-cap-V k=0.75,30023,1.0535791945949913,0.9449004235276371,0.08876937779283246,0.12093130961782142,0.55395651776045,0.0,-0.33177083333333335,2.4755208333333334,0.0,0.0,2.4999999997500004,1.443980824168026,0.3836314918375882,1.01,0.75
max-exp-cap-V k=0.75,30024,1.100085535862952,0.9868040732914443,0.09196167858629521,0.12437493333456624,0.569013382966843,0.0,-0.3609375,2.440104166666667,0.0,0.0,2.49999999975,1.467700514983007,0.38769038857592214,1.01,0.75
max-exp-cap-V k=0.75,30025,1.089179035965325,0.9777511146576641,0.09187363276319918,0.1228866937751292,0.581382685478693,0.0,-0.3408854166666667,2.569921875,0.0,0.0,2.49999999975,1.5574586433022743,0.37328932487477756,1.01,0.75
max-exp-cap-V k=0.75,30026,1.0708531326151123,0.9583902731985008,0.09079625076151122,0.12219982875927017,0.5698988169075837,0.0,-0.32578124999999997,2.4731770833333333,0.0,0.0,2.49999999975,1.4461819354696765,0.39407131490858904,1.01,0.75
max-exp-cap-V k=0.75,30027,1.0635933462701173,0.9528156130717748,0.09107938671034506,0.12472084618716771,0.5914135603510285,0.0,-0.3055989583333332,2.61640625,0.0,0.0,2.49999999975,1.4535819022610599,0.4068663481783031,1.01,0.75
max-exp-cap-V k=0.75,30028,1.0571373966558357,0.9469532420667598,0.0903231146655836,0.1296418890162357,0.6311019914612062,0.0,-0.30781249999999993,2.6498697916666667,0.0,0.0,2.49999999975,1.4739765914844205,0.42816283183007164,1.01,0.75
max-exp-cap-V k=0.75,30029,1.0233292401533842,0.9167846237331638,0.08769750734867175,0.11667281071407949,0.5491708032881525,0.0,-0.29270833333333346,2.5518229166666666,0.0,0.0,2.49999999975,1.3725894672472054,0.40009836618485867,1.01,0.75
max-exp-cap-V k=0.75,30030,1.1001423309992753,0.9858129355577906,0.09281371226659417,0.12310295432275231,0.555721812004188,0.0,-0.34401041666666665,2.459375,0.0,0.0,2.49999999975,1.417740915159492,0.3919769868119175,1.01,0.75
max-exp-cap-V k=0.75,30031,1.083340250253163,0.9708323733160358,0.09283272294198298,0.12641411278301196,0.6006872634197398,0.0,-0.31002604166666664,2.6401041666666667,0.0,0.0,2.49999999975,1.4850965690385856,0.4044769046962446,1.01,0.75
max-exp-cap-V k=0.75,30032,1.081282418126072,0.9696544755361923,0.09173501264594053,0.12187581517517904,0.5670955769316165,0.0,-0.3278645833333332,2.481119791666667,0.0,0.0,2.4999999997500004,1.4318442715951647,0.39605953537100536,1.01,0.75
max-exp-cap-V k=0.75,30033,1.135470001998579,1.018437457181954,0.09653528144985793,0.12743816397242352,0.5976819007615432,0.0,-0.34023437500000003,2.53046875,0.0,0.0,2.49999999975,1.4776278970862826,0.40448742334934606,1.01,0.75
max-exp-cap-V k=0.75,30034,1.0692195676026397,0.959191681866543,0.0910756025935973,0.11038195427439097,0.5036231449076035,0.0,-0.31692708333333347,2.5322916666666666,0.0,0.0,2.49999999975,1.3904658918677566,0.36219741012928186,1.01,0.75
max-exp-cap-V k=0.75,30035,1.1045983507791883,0.9900565606739394,0.09353275174458549,0.13172791385738591,0.6054013012762475,0.0,-0.33854166666666663,2.4908854166666665,0.0,0.0,2.49999999975,1.4273942760324738,0.424130397215124,1.01,0.75
max-exp-cap-V k=0.75,30036,1.1013941800235583,0.9877981391481399,0.09366155341902249,0.12471637292661478,0.598573317882544,0.0,-0.3295572916666667,2.5959635416666664,0.0,0.0,2.49999999975,1.4861882264967685,0.40275740798559306,1.01,0.75
max-exp-cap-V k=0.75,30037,1.1176651288616852,1.0048907450828908,0.09440323163616851,0.11753776772397265,0.5528878776265191,0.0,-0.347265625,2.502213541666667,0.0,0.0,2.49999999975,1.4537807941896659,0.3803103465365957,1.01,0.75
max-exp-cap-V k=0.75,30038,1.0747179208267037,0.9631249333843883,0.09036241708267037,0.12124463429823434,0.5437880240108325,0.0,-0.34218750000000003,2.431510416666667,0.0,0.0,2.49999999975,1.3991931908579245,0.3886439896676493,1.01,0.75
max-exp-cap-V k=0.75,30039,1.0565386272622732,0.9476990342382383,0.09019162314289399,0.12408762934373067,0.6016425756239987,0.0,-0.3092447916666667,2.660677083333333,0.0,0.0,2.4999999997500004,1.438147896577202,0.41834541291331057,1.01,0.75
max-exp-cap-V k=0.75,30040,1.103657004451752,0.9908898735040217,0.0937250754451752,0.12141761635277018,0.5930484019383666,0.0,-0.33281249999999996,2.595703125,0.0,0.0,2.49999999975,1.5883302966993484,0.3733785114914442,1.01,0.75
max-exp-cap-V k=0.75,30041,1.11145116498001,0.9971402938879825,0.09379485608133435,0.12382297629696448,0.5711478655289584,0.0,-0.34700520833333337,2.4768229166666664,0.0,0.0,2.49999999975,1.4412820054901736,0.3962776634644193,1.01,0.75
max-exp-cap-V k=0.75,30042,1.079760423154924,0.9677232390824388,0.0923705735654924,0.11949049196771258,0.6104943597396759,0.0,-0.31210937499999997,2.7895833333333333,0.0,0.0,2.49999999975,1.4828019345178651,0.4117167273174478,1.01,0.75
max-exp-cap-V k=0.75,30043,1.115890610828366,1.0002559541322675,0.09557994649950326,0.12191879415049484,0.5834222761737728,0.0,-0.3201822916666666,2.5908854166666666,0.0,0.0,2.4999999997500004,1.4749132137514405,0.3955638004556477,1.01,0.75
max-exp-cap-V k=0.75,30044,1.0651320122684567,0.9542080138731079,0.09000278456017897,0.11890740887967306,0.5220380274888348,0.0,-0.33020833333333344,2.4522135416666666,0.0,0.0,2.4999999997499995,1.3959879634327665,0.3739559660708902,1.01,0.75
max-exp-cap-V k=0.75,30045,1.0279649903422512,0.9192564935882287,0.08730821778422511,0.12077749946143672,0.5401635474255714,0.0,-0.309765625,2.423697916666667,0.0,0.0,2.4999999997500004,1.3317483637552463,0.4056048140374097,1.01,0.75
max-exp-cap-V k=0.75,30046,1.020740788236542,0.913060404752094,0.08719777674032088,0.12302559404194337,0.5863262161645844,0.0,-0.2975260416666667,2.568098958333333,0.0,0.0,2.49999999975,1.3795773795573498,0.42500422582509473,1.01,0.75
max-exp-cap-V k=0.75,30047,1.0408433631910818,0.9303543551783333,0.08946845090244152,0.12625398503485089,0.5907544118562328,0.0,-0.29231770833333337,2.58515625,0.0,0.0,2.49999999975,1.3799841690250512,0.4280878180462001,1.01,0.75
max-exp-cap-V k=0.75,30048,1.1343031590377246,1.0183720327254553,0.09647719090377246,0.12452422204983092,0.5818111028080989,0.0,-0.33906249999999993,2.5537760416666666,0.0,0.0,2.49999999975,1.4873900312468207,0.39116243257351235,1.01,0.75
max-exp-cap-V k=0.75,30049,1.0242876607610238,0.9188803884747342,0.08817746399276902,0.1246721253901827,0.5895742208894708,0.0,-0.28502604166666656,2.5942708333333337,0.0,0.0,2.49999999975,1.3923344933324193,0.42344294687290357,1.01,0.75
max-exp-cap-V k=1.0,30000,1.1191832920859117,1.0032987511056772,0.09268004795859117,0.1276961988039179,0.5897000128342884,0.0,-0.38476562499999994,2.5774739583333335,0.0,0.0,2.49999999975,1.472775957003189,0.40040035283724523,1.01,1.0
max-exp-cap-V k=1.0,30001,1.1006574733976624,0.9866381041470675,0.09075585150643291,0.11796739651889582,0.5514485190559153,0.0,-0.3861979166666666,2.5861979166666664,0.0,0.0,2.49999999975,1.4908971330199856,0.36987697329519453,1.01,1.0
max-exp-cap-V k=1.0,30002,1.0937825746922087,0.9812932010384288,0.0914811220525542,0.1204911020287024,0.5679497109939539,0.0,-0.35794270833333336,2.565234375,0.0,0.0,2.4999999997500004,1.2500518593378462,0.4543409193397764,1.01,1.0
max-exp-cap-V k=1.0,30003,1.0696785286941148,0.957945303820747,0.08823738411941148,0.1258165300553527,0.5768138466464183,0.0,-0.374609375,2.5541666666666667,0.0,0.0,2.49999999975,1.2945557733756146,0.4455689422653064,1.01,1.0
max-exp-cap-V k=1.0,30004,1.134258470955474,1.0166014596381698,0.0922149095955474,0.1226381960628691,0.5644774677588825,0.0,-0.42421875,2.480729166666667,0.0,0.0,2.49999999975,1.440993140217711,0.3917280742041555,1.01,1.0
max-exp-cap-V k=1.0,30005,1.1293019625749179,1.010236804679191,0.09095102959082513,0.12718053312483174,0.5587969746378862,0.0,-0.43958333333333344,2.3687500000000004,0.0,0.0,2.4999999997500004,1.4204650025648302,0.3933901740830694,1.01,1.0
max-exp-cap-V k=1.0,30006,1.0246811847556678,0.9166713075871873,0.08526108722556677,0.10374842420386045,0.4952010577912488,0.0,-0.34414062500000014,2.649479166666667,0.0,0.0,2.49999999975,1.3383214810488615,0.37001652054718026,1.01,1.0
max-exp-cap-V k=1.0,30007,1.0993476887464355,0.9843927560689877,0.0910024772079769,0.1210532181033575,0.5820298652073498,0.0,-0.3786458333333333,2.6390625000000005,0.0,0.0,2.4999999997499995,1.4035331385778953,0.41468907944495065,1.01,1.0
max-exp-cap-V k=1.0,30008,1.0487324361061992,0.9374977577113329,0.08717142069395327,0.12397491387472036,0.5863974619539831,0.0,-0.35403645833333336,2.621484375,0.0,0.0,2.49999999975,1.366754551157818,0.4290437236570594,1.01,1.0
max-exp-cap-V k=1.0,30009,1.1695742996244807,1.0506233927407158,0.09547305496244808,0.12534537781593927,0.5651550223567156,0.0,-0.4296875,2.5126302083333334,0.0,0.0,2.49999999975,1.5448547108212338,0.3658305330578842,1.01,1.0
max-exp-cap-V k=1.0,30010,1.0906502306333348,0.9767700757686274,0.0900741376466668,0.12499829994398926,0.5721846359369666,0.0,-0.3798177083333334,2.4889322916666665,0.0,0.0,2.4999999997500004,1.2939838157108075,0.4421884021962483,1.01,1.0
max-exp-cap-V k=1.0,30011,1.086651639909031,0.9721919759564104,0.08930318482423642,0.12309368967526754,0.546276978398304,0.0,-0.3872395833333333,2.4937500000000004,0.0,0.0,2.49999999975,1.2159276557721583,0.44926766473733853,1.01,1.0
max-exp-cap-V k=1.0,30012,1.0423210903758102,0.9336021626531964,0.08528028612091434,0.11092359553217099,0.5115051469324425,0.0,-0.3790364583333334,2.52734375,0.0,0.0,2.49999999975,1.3610960214581291,0.3758038660523539,1.01,1.0
max-exp-cap-V k=1.0,30013,1.0830080863210316,0.9692457717505224,0.08889325654876983,0.1189662141273024,0.5596668225392732,0.0,-0.38815104166666664,2.457682291666667,0.0,0.0,2.49999999975,1.3639572215175326,0.4103257886025124,1.01,1.0
max-exp-cap-V k=1.0,30014,0.9920804437872907,0.8845070416046166,0.0829515339620624,0.12182311584213419,0.557503132065066,0.0,-0.3251302083333334,2.4990885416666666,0.0,0.0,2.49999999975,1.1659742111358238,0.47814362165178514,1.01,1.0
max-exp-cap-V k=1.0,30015,1.1259504876083175,1.007179825124756,0.09226301751083177,0.12600936724675255,0.59666238878081,0.0,-0.4066406249999999,2.5722656249999996,0.0,0.0,2.49999999975,1.5478227148277295,0.38548496740934424,1.01,1.0
max-exp-cap-V k=1.0,30016,1.1206439474749645,1.0032610455655762,0.09236387391416312,0.12399410556694268,0.580384774767539,0.0,-0.39401041666666664,2.502734375,0.0,0.0,2.49999999975,1.400319261491144,0.41446603694468254,1.01,1.0
max-exp-cap-V k=1.0,30017,1.071332621606517,0.9580604726222982,0.08872180382731838,0.12231530115015328,0.5957205362876457,0.0,-0.3682291666666667,2.6138020833333333,0.0,0.0,2.49999999975,1.435671166807814,0.41494218875497674,1.01,1.0
max-exp-cap-V k=1.0,30018,1.1215188260150541,1.0053121226055273,0.09147479926817208,0.11372748409295756,0.5184700441716259,0.0,-0.4135416666666667,2.4450520833333336,0.0,0.0,2.49999999975,1.430904053558679,0.3623373928406894,1.01,1.0
max-exp-cap-V k=1.0,30019,1.1277178594420985,1.0105889518293854,0.0906103276108765,0.1184789977297947,0.5235277348368554,0.0,-0.4432291666666666,2.300651041666667,0.0,0.0,2.49999999975,1.386648647008487,0.3775489457738974,1.01,1.0
max-exp-cap-V k=1.0,30020,1.1446656035908065,1.0287506712592807,0.09440796660908066,0.1140558999436588,0.5411661643058369,0.0,-0.401171875,2.530859375,0.0,0.0,2.4999999997499995,1.4330655493738302,0.37762833984969935,1.01,1.0
max-exp-cap-V k=1.0,30021,1.1097891096524632,0.9951152930377206,0.09200755679857966,0.12179254781486563,0.5565797206694019,0.0,-0.3794270833333333,2.5160156249999996,0.0,0.0,2.49999999975,1.3171584711705226,0.42256093921241283,1.01,1.0
max-exp-cap-V k=1.0,30022,1.073721508890306,0.9609263174411875,0.08940991130569728,0.12956375718270524,0.6231252738636868,0.0,-0.3592447916666666,2.6412760416666665,0.0,0.0,2.49999999975,1.3560987283115145,0.4594984574902915,1.01,1.0
max-exp-cap-V k=1.0,30023,1.080418151446801,0.9684266505605249,0.0878465026446801,0.1208703640960479,0.5536773413493001,0.0,-0.40390625,2.4755208333333334,0.0,0.0,2.49999999975,1.3804015913851972,0.40109874170291215,1.01,1.0
max-exp-cap-V k=1.0,30024,1.0813002223943213,0.9692549861213103,0.08826674098943213,0.1242511609789163,0.5684471263673986,0.0,-0.39726562499999996,2.440104166666667,0.0,0.0,2.49999999975,1.3380630151102104,0.4248283675343781,1.01,1.0
max-exp-cap-V k=1.0,30025,1.0828366861024579,0.9711721200507575,0.08894773111024581,0.12158020252499412,0.575201614377961,0.0,-0.38671875,2.569921875,0.0,0.0,2.49999999975,1.388623049182305,0.4142244468120202,1.01,1.0
max-exp-cap-V k=1.0,30026,1.0635136943222527,0.9510921191710685,0.08783574443222528,0.12219982875927017,0.5698988169075837,0.0,-0.37031249999999993,2.4731770833333333,0.0,0.0,2.49999999975,1.3188631299740954,0.43211369243355635,1.01,1.0
max-exp-cap-V k=1.0,30027,1.0631579066984844,0.9523162156496972,0.08847073858651512,0.12359674673586703,0.5860831951474065,0.0,-0.35690104166666664,2.61640625,0.0,0.0,2.49999999975,1.3136053893429533,0.44616381746161754,1.01,1.0
max-exp-cap-V k=1.0,30028,1.0956769730821532,0.9817934496331632,0.09082420772488198,0.1296418890162357,0.6311019914612062,0.0,-0.3748697916666666,2.6498697916666667,0.0,0.0,2.4999999997500004,1.461307976216649,0.431874732590689,1.01,1.0
max-exp-cap-V k=1.0,30029,1.049450222747348,0.9401176875615347,0.08715205352473482,0.11667281071407949,0.5491708032881525,0.0,-0.355859375,2.5518229166666666,0.0,0.0,2.4999999997499995,1.2909821842801472,0.42538991627864375,1.01,1.0
max-exp-cap-V k=1.0,30030,1.0937675876512842,0.978119912267376,0.08946790459846174,0.12310295432275231,0.555721812004188,0.0,-0.39817708333333324,2.459375,0.0,0.0,2.49999999975,1.3570504494185953,0.40950711319706457,1.01,1.0
max-exp-cap-V k=1.0,30031,1.1270704243966563,1.0102852677864071,0.09359896952299897,0.12641411278301196,0.6006872634197398,0.0,-0.3821614583333333,2.6401041666666667,0.0,0.0,2.49999999975,1.4718443873066809,0.4081187308931033,1.01,1.0
max-exp-cap-V k=1.0,30032,1.1440044275560066,1.0263149026226244,0.09324809900560065,0.12187581517517904,0.5670955769316165,0.0,-0.42304687499999993,2.481119791666667,0.0,0.0,2.49999999975,1.4878584474777485,0.38114887736327996,1.01,1.0
max-exp-cap-V k=1.0,30033,1.1620558404351076,1.0425027570071945,0.09589959446017741,0.1272290112962678,0.5967009797788683,0.0,-0.40611979166666656,2.53046875,0.0,0.0,2.4999999997499995,1.3888528510056344,0.4296358533208264,1.01,1.0
max-exp-cap-V k=1.0,30034,1.0827573012908651,0.971127688272317,0.08953875096241984,0.1098954454476469,0.5014034242389416,0.0,-0.37473958333333346,2.5322916666666666,0.0,0.0,2.49999999975,1.2952356945765022,0.387113655328101,1.01,1.0
max-exp-cap-V k=1.0,30035,1.0593977795198992,0.9479735160826771,0.08758691336865658,0.13172791385738591,0.6054013012762475,0.0,-0.3670572916666667,2.4908854166666665,0.0,0.0,2.49999999975,1.2725316587091897,0.47574557154070707,1.01,1.0
max-exp-cap-V k=1.0,30036,1.0751852203975785,0.9629203839582503,0.08926331370642451,0.12471637292661478,0.598573317882544,0.0,-0.3651041666666666,2.5959635416666664,0.0,0.0,2.49999999975,1.3187766414218398,0.45388528965541264,1.01,1.0
max-exp-cap-V k=1.0,30037,1.1194222196700814,1.0050708914658257,0.09182503446700811,0.11753776772397265,0.5528878776265191,0.0,-0.40234375,2.502213541666667,0.0,0.0,2.49999999975,1.3957531135911803,0.39612154344687456,1.01,1.0
max-exp-cap-V k=1.0,30038,1.0679529952356666,0.9549122001423586,0.08712733077356667,0.12124463429823434,0.5437880240108325,0.0,-0.39335937499999996,2.431510416666667,0.0,0.0,2.49999999975,1.4072191106585388,0.3864274013137549,1.01,1.0
max-exp-cap-V k=1.0,30039,1.0333233774724704,0.9245230687428387,0.08568910858058036,0.12408762934373067,0.6016425756239987,0.0,-0.35286458333333337,2.660677083333333,0.0,0.0,2.49999999975,1.411472307961895,0.42625177428577726,1.01,1.0
max-exp-cap-V k=1.0,30040,1.120931464844314,1.0065371533496357,0.09288741731776473,0.12141761635277018,0.5930484019383666,0.0,-0.38411458333333326,2.595703125,0.0,0.0,2.49999999975,1.4552838871666274,0.40751389276562755,1.01,1.0
max-exp-cap-V k=1.0,30041,1.0881749928063162,0.9747660220194476,0.08972244719729829,0.12382297629696448,0.5711478655289584,0.0,-0.3819010416666668,2.4768229166666664,0.0,0.0,2.49999999975,1.3450047969768013,0.42464373867865807,1.01,1.0
max-exp-cap-V k=1.0,30042,1.1005586656214843,0.9868463857838039,0.09189831447881511,0.11949049196771258,0.6104943597396759,0.0,-0.3631510416666666,2.7895833333333333,0.0,0.0,2.49999999975,1.3760418177073097,0.44365974339126574,1.01,1.0
max-exp-cap-V k=1.0,30043,1.1286052147193295,1.011010624248392,0.09367432355526631,0.12191879415049484,0.5834222761737728,0.0,-0.38372395833333334,2.5908854166666666,0.0,0.0,2.49999999975,1.4333653096437047,0.40702971688270845,1.01,1.0
max-exp-cap-V k=1.0,30044,1.0763633975962201,0.962650830953219,0.08747357934295534,0.11890740887967306,0.5220380274888348,0.0,-0.4032552083333334,2.4522135416666666,0.0,0.0,2.49999999975,1.2900836003672569,0.4046544172332883,1.01,1.0
max-exp-cap-V k=1.0,30045,1.0003063814201454,0.8930539116642273,0.08273897147534785,0.12077749946143672,0.5401635474255714,0.0,-0.3458333333333333,2.423697916666667,0.0,0.0,2.4999999997500004,1.2212906387142266,0.4422891081800602,1.01,1.0
max-exp-cap-V k=1.0,30046,1.0351429452110268,0.9253548004713751,0.08598174243776933,0.12301502225453162,0.586275832208632,0.0,-0.35065104166666666,2.568098958333333,0.0,0.0,2.49999999975,1.3482548890816557,0.434840501567152,1.01,1.0
max-exp-cap-V k=1.0,30047,1.080339112956851,0.9662302165988472,0.08984380712901843,0.12625398503485089,0.5907544118562328,0.0,-0.3638020833333334,2.58515625,0.0,0.0,2.4999999997499995,1.3736582667111796,0.43005922664493573,1.01,1.0
max-exp-cap-V k=1.0,30048,1.0634127565771796,0.95211294081239,0.08874361940771795,0.12452422204983092,0.5818111028080989,0.0,-0.3519531249999999,2.5537760416666666,0.0,0.0,2.49999999975,1.2750135159828657,0.4563175962566953,1.01,1.0
max-exp-cap-V k=1.0,30049,1.053362913758919,0.9450641940236566,0.08774514554255858,0.1246721253901827,0.5895742208894708,0.0,-0.35182291666666665,2.5942708333333337,0.0,0.0,2.4999999997500004,1.3621922535098934,0.4328127834895141,1.01,1.0
max-exp-cap-V k=1.5,30000,1.106560160605959,0.9911105420178957,0.09031747439392923,0.1276961988039179,0.5897000128342884,0.0,-0.4067708333333333,2.5774739583333335,0.0,0.0,2.49999999975,1.3441146395781933,0.4387274682309439,1.01,1.5
max-exp-cap-V k=1.5,30001,1.0976707457537072,0.9833338125917996,0.08923973082537072,0.11751862315362252,0.5493506902068057,0.0,-0.4105468750000001,2.5861979166666664,0.0,0.0,2.4999999997500004,1.3888279047268404,0.39554986498838673,1.01,1.5
max-exp-cap-V k=1.5,30002,1.1233672639994174,1.0074346414927853,0.09223255973327509,0.1204911020287024,0.5679497109939539,0.0,-0.40208333333333335,2.565234375,0.0,0.0,2.49999999975,1.2805720275359134,0.44351250752119514,1.01,1.5
max-exp-cap-V k=1.5,30003,1.054704834999821,0.9438678361780448,0.08610850433331543,0.1256818984811682,0.57619661967194,0.0,-0.3872395833333333,2.5541666666666667,0.0,0.0,2.49999999975,1.1989739442757912,0.4805747634657536,1.01,1.5
max-exp-cap-V k=1.5,30004,1.103337004915306,0.9870888543467468,0.08880375257486392,0.1226381960628691,0.5644774677588825,0.0,-0.4305989583333334,2.480729166666667,0.0,0.0,2.49999999975,1.2939073083170185,0.4362580411521879,1.01,1.5
max-exp-cap-V k=1.5,30005,1.1228184337212284,1.003486112684494,0.0893391350387895,0.12718053312483174,0.5587969746378862,0.0,-0.45885416666666673,2.3687500000000004,0.0,0.0,2.49999999975,1.282059682823939,0.4358587842081171,1.01,1.5
max-exp-cap-V k=1.5,30006,1.0204042211373863,0.9113991151408446,0.08363547419707194,0.10341177237655287,0.49359418672530864,0.0,-0.36809895833333345,2.649479166666667,0.0,0.0,2.49999999975,1.30270188834757,0.37890033870405676,1.01,1.5
max-exp-cap-V k=1.5,30007,1.0740544520331126,0.960291358265004,0.08809554936997795,0.12077822855379398,0.5807077018400841,0.0,-0.3861979166666667,2.6390625000000005,0.0,0.0,2.4999999997500004,1.2742894076623288,0.45571100124373365,1.01,1.5
max-exp-cap-V k=1.5,30008,1.0325254274533182,0.9217342662446091,0.0847434281619985,0.12397491387472036,0.5863974619539831,0.0,-0.37018229166666666,2.621484375,0.0,0.0,2.4999999997499995,1.2699039636614007,0.4617652033018904,1.01,1.5
max-exp-cap-V k=1.5,30009,1.1164739683298426,1.000908720069004,0.09054713641631759,0.12534537781593927,0.5651550223567156,0.0,-0.42200520833333344,2.5126302083333334,0.0,0.0,2.49999999975,1.3197272461304628,0.42823623139841327,1.01,1.5
max-exp-cap-V k=1.5,30010,1.0958014361905355,0.9807068696494503,0.08940436236905355,0.12499829994398926,0.5721846359369666,0.0,-0.403515625,2.4889322916666665,0.0,0.0,2.49999999975,1.28520333848755,0.4452094223551609,1.01,1.5
max-exp-cap-V k=1.5,30011,1.0750565158213494,0.9613687742487904,0.08755773491546827,0.12309368967526754,0.546276978398304,0.0,-0.39895833333333336,2.4937500000000004,0.0,0.0,2.49999999975,1.1964544653337832,0.4565798316828592,1.01,1.5
max-exp-cap-V k=1.5,30012,1.0416797185639508,0.9324229943438556,0.08423958643972841,0.1106354035797787,0.510176199144139,0.0,-0.3985677083333333,2.52734375,0.0,0.0,2.49999999975,1.2910703186283627,0.39515756174005445,1.01,1.5
max-exp-cap-V k=1.5,30013,1.0730095505648651,0.9594827144512639,0.08709913213981983,0.1189662141273024,0.5596668225392732,0.0,-0.40403645833333335,2.457682291666667,0.0,0.0,2.49999999975,1.2713301687677767,0.4402214596085015,1.01,1.5
max-exp-cap-V k=1.5,30014,0.9948402250854737,0.8860525895394797,0.08195798084188069,0.12159634553028946,0.5564653556279845,0.0,-0.3505208333333334,2.4990885416666666,0.0,0.0,2.49999999975,1.1558483775057262,0.4814345604990285,1.01,1.5
max-exp-cap-V k=1.5,30015,1.0781394992392836,0.9621545538701688,0.08793764784059503,0.12600936724675255,0.59666238878081,0.0,-0.39752604166666666,2.5722656249999996,0.0,0.0,2.49999999975,1.3671014252835039,0.4364433960392343,1.01,1.5
max-exp-cap-V k=1.5,30016,1.1152241843891497,0.9974736321704134,0.09099507468891496,0.1230932102454748,0.5761679136042721,0.0,-0.410546875,2.502734375,0.0,0.0,2.49999999975,1.3093876799310742,0.4400285128958915,1.01,1.5
max-exp-cap-V k=1.5,30017,1.0790172997792526,0.9645676475592864,0.08814912581125861,0.12231530115015328,0.5957205362876457,0.0,-0.3950520833333334,2.6138020833333333,0.0,0.0,2.49999999975,1.3766059219183995,0.4327458765087006,1.01,1.5
max-exp-cap-V k=1.5,30018,1.134414238586588,1.0161971738755038,0.09097397594199215,0.11372748409295756,0.5184700441716259,0.0,-0.4493489583333333,2.4450520833333336,0.0,0.0,2.49999999975,1.4054278939829117,0.36890547454719147,1.01,1.5
max-exp-cap-V k=1.5,30019,1.103903868569351,0.9879712301020919,0.08770158477360177,0.11743890483147636,0.51893183607412,0.0,-0.45377604166666674,2.300651041666667,0.0,0.0,2.49999999975,1.2392591670926503,0.418743592828572,1.01,1.5
max-exp-cap-V k=1.5,30020,1.089607060691442,0.9776058309032986,0.08903883106914422,0.11244948442907207,0.5335441322782107,0.0,-0.39843749999999994,2.530859375,0.0,0.0,2.49999999975,1.26670375376474,0.42120671916576935,1.01,1.5
max-exp-cap-V k=1.5,30021,1.0889482514240532,0.9745357147573437,0.08901852305907196,0.12161008884346575,0.5557459014813039,0.0,-0.3975260416666667,2.5160156249999996,0.0,0.0,2.49999999975,1.2658843850741897,0.4390178977116724,1.01,1.5
max-exp-cap-V k=1.5,30022,1.038497460034122,0.9284009500399815,0.0857768293367455,0.12956375718270524,0.6231252738636868,0.0,-0.3614583333333334,2.6412760416666665,0.0,0.0,2.49999999975,1.2290279679434386,0.5070065857869589,1.01,1.5
max-exp-cap-V k=1.5,30023,1.0682857817211506,0.9561486228698938,0.08585852608878172,0.12076410347618048,0.553190587644715,0.0,-0.4194010416666666,2.4755208333333334,0.0,0.0,2.49999999975,1.2695490055083398,0.43573787639903827,1.01,1.5
max-exp-cap-V k=1.5,30024,1.0933078840915367,0.9795139321036377,0.08798964257582034,0.12417848202895117,0.5681146213032239,0.0,-0.4268229166666666,2.440104166666667,0.0,0.0,2.4999999997499995,1.2619400608578464,0.4501914464281519,1.01,1.5
max-exp-cap-V k=1.5,30025,1.0795448208485448,0.9674383598961109,0.0877005758348545,0.12095931270513956,0.5722641556526578,0.0,-0.405078125,2.569921875,0.0,0.0,2.49999999975,1.3083865366091763,0.4373815685506376,1.01,1.5
max-exp-cap-V k=1.5,30026,1.0486860518845105,0.9367816347692101,0.08568240727178437,0.12219982875927017,0.5698988169075837,0.0,-0.3837239583333333,2.4731770833333333,0.0,0.0,2.49999999975,1.2549660505279625,0.4541149273861457,1.01,1.5
max-exp-cap-V k=1.5,30027,1.0950435499880227,0.980977234190866,0.08969315708213561,0.12340374422635753,0.5851679968882927,0.0,-0.3962239583333333,2.61640625,0.0,0.0,2.49999999975,1.2907614121292212,0.4533510154467727,1.01,1.5
max-exp-cap-V k=1.5,30028,1.0729161667228366,0.9598363082676487,0.087773387505617,0.1296418890162357,0.6311019914612062,0.0,-0.39036458333333335,2.6498697916666667,0.0,0.0,2.4999999997500004,1.326904582471636,0.47561972412940756,1.01,1.5
max-exp-cap-V k=1.5,30029,1.0457360631729595,0.9361914911942304,0.08578454381729596,0.11667281071407949,0.5491708032881525,0.0,-0.37578125000000007,2.5518229166666666,0.0,0.0,2.49999999975,1.238654498211602,0.44336076289317,1.01,1.5
max-exp-cap-V k=1.5,30030,1.0842782277002423,0.9687072459834751,0.08767912485335756,0.12310295432275231,0.555721812004188,0.0,-0.4149739583333333,2.459375,0.0,0.0,2.49999999975,1.228390941248741,0.45239816848474956,1.01,1.5
max-exp-cap-V k=1.5,30031,1.121713561621066,1.0044540141100984,0.09170911657877326,0.12641411278301196,0.6006872634197398,0.0,-0.40924479166666666,2.6401041666666667,0.0,0.0,2.49999999975,1.3357194335723879,0.4497106565360054,1.01,1.5
max-exp-cap-V k=1.5,30032,1.1253101604082008,1.0078587315987138,0.0905713806241534,0.12187581517517904,0.5670955769316165,0.0,-0.43919270833333324,2.481119791666667,0.0,0.0,2.49999999975,1.3598681967468957,0.41702245724124887,1.01,1.5
max-exp-cap-V k=1.5,30033,1.1705528862363963,1.0497039704780857,0.0953430490403063,0.12637674378092612,0.5927038657853163,0.0,-0.43424479166666663,2.53046875,0.0,0.0,2.49999999975,1.3088657783739468,0.4528377741846491,1.01,1.5
max-exp-cap-V k=1.5,30034,1.0709999987363892,0.9594800218731976,0.08737343737363892,0.10951005482165965,0.49964506037998035,0.0,-0.3945312500000001,2.5322916666666666,0.0,0.0,2.49999999975,1.2197985733374401,0.40961276009113723,1.01,1.5
max-exp-cap-V k=1.5,30035,1.0087674600152012,0.9015337095806497,0.08271919391818677,0.13172791385738591,0.6054013012762475,0.0,-0.3631510416666667,2.4908854166666665,0.0,0.0,2.49999999975,1.1461530016947312,0.528202866790983,1.01,1.5
max-exp-cap-V k=1.5,30036,1.066891032955735,0.9545944563405482,0.08742478037890684,0.12471637292661478,0.598573317882544,0.0,-0.38528645833333325,2.5959635416666664,0.0,0.0,2.49999999975,1.2378888573600875,0.4835436673685366,1.01,1.5
max-exp-cap-V k=1.5,30037,1.0746920416473358,0.9632301247927926,0.08758639166473357,0.11753776772397265,0.5528878776265191,0.0,-0.3976562500000001,2.502213541666667,0.0,0.0,2.49999999975,1.2470456437978021,0.4433581724745315,1.01,1.5
max-exp-cap-V k=1.5,30038,1.062030492670116,0.9482644725630152,0.08527857010034494,0.12124463429823434,0.5437880240108325,0.0,-0.41848958333333336,2.431510416666667,0.0,0.0,2.49999999975,1.3017677833363244,0.4177304362358302,1.01,1.5
max-exp-cap-V k=1.5,30039,1.072805964357639,0.9594525482136433,0.0871438776857639,0.12408762934373067,0.6016425756239987,0.0,-0.40273437500000003,2.660677083333333,0.0,0.0,2.49999999975,1.4036540174927152,0.4286259777168494,1.01,1.5
max-exp-cap-V k=1.5,30040,1.0893026847621476,0.9765896542290948,0.08917115389288142,0.12141761635277018,0.5930484019383666,0.0,-0.39518229166666663,2.595703125,0.0,0.0,2.4999999997499995,1.3243203640123111,0.4478133977654772,1.01,1.5
max-exp-cap-V k=1.5,30041,1.1304106650352483,1.0126833623845388,0.09131580608685816,0.12382297629696448,0.5711478655289584,0.0,-0.4345052083333334,2.4768229166666664,0.0,0.0,2.49999999975,1.3324004895081394,0.4286608043350387,1.01,1.5
max-exp-cap-V k=1.5,30042,1.1278877369246176,1.0112842336160686,0.09262601327579509,0.11949049196771258,0.6104943597396759,0.0,-0.4032552083333333,2.7895833333333333,0.0,0.0,2.49999999975,1.3459565915881375,0.4535765592702614,1.01,1.5
max-exp-cap-V k=1.5,30043,1.090829708153295,0.976052170595855,0.08966890831532949,0.1213668679200265,0.5807811242504495,0.0,-0.3882812500000001,2.5908854166666666,0.0,0.0,2.49999999975,1.2506627393900307,0.46437868976068336,1.01,1.5
max-exp-cap-V k=1.5,30044,1.0715160648635147,0.9574685604407975,0.08609691898635148,0.11890740887967306,0.5220380274888348,0.0,-0.42109375000000004,2.4522135416666666,0.0,0.0,2.49999999975,1.23373238040378,0.4231371696007366,1.01,1.5
max-exp-cap-V k=1.5,30045,1.0282309165279115,0.9175079769992175,0.08338949790279113,0.12077749946143672,0.5401635474255714,0.0,-0.388671875,2.423697916666667,0.0,0.0,2.49999999975,1.207067927845797,0.4475005382585041,1.01,1.5
max-exp-cap-V k=1.5,30046,1.0611444312207934,0.9486187712103451,0.08674595353874598,0.12254836584137814,0.5840517999566118,0.0,-0.38736979166666663,2.568098958333333,0.0,0.0,2.49999999975,1.3055392540795365,0.44736441139672545,1.01,1.5
max-exp-cap-V k=1.5,30047,1.1058819399923796,0.989022637623091,0.09042543358257128,0.12625398503485089,0.5907544118562328,0.0,-0.4032552083333333,2.58515625,0.0,0.0,2.49999999975,1.3536620381934206,0.43641204021991026,1.01,1.5
max-exp-cap-V k=1.5,30048,1.0780414630902109,0.9645591057708194,0.08843565672568778,0.12452422204983092,0.5818111028080989,0.0,-0.3873697916666666,2.5537760416666666,0.0,0.0,2.49999999975,1.2559166529405994,0.46325614159653683,1.01,1.5
max-exp-cap-V k=1.5,30049,1.055531520408433,0.9460571910181305,0.08669898537417663,0.1246721253901827,0.5895742208894708,0.0,-0.3770833333333332,2.5942708333333337,0.0,0.0,2.49999999975,1.32228251454449,0.4458761379693293,1.01,1.5
max-exp-cap-V k=2.0,30000,1.1070545718609215,0.9914283011285444,0.09014556135275882,0.1276961988039179,0.5897000128342884,0.0,-0.4111979166666667,2.5774739583333335,0.0,0.0,2.49999999975,1.3610314963080592,0.4332743323236175,1.01,2.0
max-exp-cap-V k=2.0,30001,1.090605512479644,0.9769105791182437,0.08858529083129774,0.11734839361250797,0.5485549378962751,0.0,-0.40950520833333337,2.5861979166666664,0.0,0.0,2.49999999975,1.3501108166846807,0.4063036390177966,1.01,2.0
max-exp-cap-V k=2.0,30002,1.1062460434582515,0.9919943573399421,0.0909305939291585,0.1204911020287024,0.5679497109939539,0.0,-0.39388020833333337,2.565234375,0.0,0.0,2.49999999975,1.253554138186154,0.4530715456898861,1.01,2.0
max-exp-cap-V k=2.0,30003,1.0589227671671084,0.9473418859656791,0.08602899546671085,0.12580590597709085,0.5767651398870871,0.0,-0.39726562500000007,2.5541666666666667,0.0,0.0,2.49999999975,1.2081829863936655,0.47738227270414335,1.01,2.0
max-exp-cap-V k=2.0,30004,1.1082475879337657,0.991442412980484,0.08880001921004323,0.1226381960628691,0.5644774677588825,0.0,-0.44049479166666666,2.480729166666667,0.0,0.0,2.49999999975,1.307124093375263,0.43184688479062894,1.01,2.0
max-exp-cap-V k=2.0,30005,1.1268808723798844,1.0069785050165208,0.08893157682132177,0.12718053312483174,0.5587969746378862,0.0,-0.4751302083333333,2.3687500000000004,0.0,0.0,2.49999999975,1.2953691355580292,0.4313804917060675,1.01,2.0
max-exp-cap-V k=2.0,30006,1.0126441540319409,0.9042622415456437,0.08283342581986075,0.10339697059696142,0.49352353642900654,0.0,-0.3686197916666668,2.649479166666667,0.0,0.0,2.49999999975,1.301135779633662,0.3793021021741169,1.01,2.0
max-exp-cap-V k=2.0,30007,1.0786541037103707,0.9643920988533355,0.08808676453770374,0.12079569793793515,0.5807916955038318,0.0,-0.3955729166666667,2.6390625000000005,0.0,0.0,2.4999999997500004,1.2824999319778574,0.452859045854405,1.01,2.0
max-exp-cap-V k=2.0,30008,1.023990942847454,0.914002847316383,0.08395508386807873,0.12397491387472036,0.5863974619539831,0.0,-0.3688802083333333,2.621484375,0.0,0.0,2.49999999975,1.2467663010272447,0.4703347062483436,1.01,2.0
max-exp-cap-V k=2.0,30009,1.1073838630731194,0.9928519065694839,0.08972927172397858,0.12534537781593927,0.5651550223567156,0.0,-0.42018229166666676,2.5126302083333334,0.0,0.0,2.49999999975,1.2710308474779086,0.4446430418885159,1.01,2.0
max-exp-cap-V k=2.0,30010,1.1010975004183683,0.9853112113474854,0.08925037504183682,0.12499829994398926,0.5721846359369666,0.0,-0.41718750000000004,2.4889322916666665,0.0,0.0,2.49999999975,1.3126214956202267,0.4359098474664272,1.01,2.0
max-exp-cap-V k=2.0,30011,1.0800395185939062,0.965751191149509,0.08754171227605731,0.12309368967526754,0.546276978398304,0.0,-0.4092447916666666,2.4937500000000004,0.0,0.0,2.49999999975,1.2058815402659588,0.4530104825037971,1.01,2.0
max-exp-cap-V k=2.0,30012,1.015705663986275,0.9088715943826292,0.08211744139862746,0.11047691269022725,0.5094453455745397,0.0,-0.38906250000000003,2.52734375,0.0,0.0,2.49999999975,1.252559750096442,0.4067233882737446,1.01,2.0
max-exp-cap-V k=2.0,30013,1.030423191326479,0.9208431345517938,0.08360221496598122,0.1189662141273024,0.5596668225392732,0.0,-0.3888020833333334,2.457682291666667,0.0,0.0,2.49999999975,1.221690600979594,0.45810847860375853,1.01,2.0
max-exp-cap-V k=2.0,30014,1.000914650504472,0.8915955884152231,0.08223990255044719,0.12190278507384338,0.5578677249906373,0.0,-0.3570312500000001,2.4990885416666666,0.0,0.0,2.49999999975,1.1695316317662532,0.4770009718746408,1.01,2.0
max-exp-cap-V k=2.0,30015,1.0833296669962866,0.9667859669899552,0.08787723753296202,0.12600936724675255,0.59666238878081,0.0,-0.40911458333333334,2.5722656249999996,0.0,0.0,2.49999999975,1.3885556272288844,0.42970002575378163,1.01,2.0
max-exp-cap-V k=2.0,30016,1.1016052722946341,0.9850336417619187,0.0897568813961301,0.1229168273369736,0.5753423102084071,0.0,-0.4080729166666667,2.502734375,0.0,0.0,2.49999999975,1.29158452739162,0.4454546318933706,1.01,2.0
max-exp-cap-V k=2.0,30017,1.0635207509720863,0.9503058395170929,0.08663202301387529,0.12231530115015328,0.5957205362876457,0.0,-0.39440104166666673,2.6138020833333333,0.0,0.0,2.49999999975,1.3671056932719303,0.4357530944530645,1.01,2.0
max-exp-cap-V k=2.0,30018,1.1278666631255803,1.0102983749541714,0.09037781214589136,0.11372748409295756,0.5184700441716259,0.0,-0.4481770833333333,2.4450520833333336,0.0,0.0,2.49999999975,1.3524488469359033,0.38335649096545665,1.01,2.0
max-exp-cap-V k=2.0,30019,1.136780263087722,1.0175766302591307,0.08919885964210553,0.11779243329792377,0.5204939859976166,0.0,-0.48958333333333337,2.300651041666667,0.0,0.0,2.49999999975,1.2893569774799465,0.4036849337217101,1.01,2.0
max-exp-cap-V k=2.0,30020,1.09816826102855,0.9850388167528287,0.08926995110285499,0.11273651383319014,0.5349060136166272,0.0,-0.41093750000000007,2.530859375,0.0,0.0,2.49999999975,1.2964287698817345,0.4125996167652338,1.01,2.0
max-exp-cap-V k=2.0,30021,1.0924709732402385,0.9778652489295584,0.08898017024069052,0.12159622734600614,0.5556825558290243,0.0,-0.4053385416666666,2.5160156249999996,0.0,0.0,2.49999999975,1.2619890676298757,0.4403227968310724,1.01,2.0
max-exp-cap-V k=2.0,30022,1.0267540952001042,0.9177204470047857,0.08463504493667706,0.12956375718270524,0.6231252738636868,0.0,-0.3608072916666667,2.6412760416666665,0.0,0.0,2.49999999975,1.2062659908022182,0.5165736898951134,1.01,2.0
max-exp-cap-V k=2.0,30023,1.0545212873617966,0.9434797016558862,0.08437790998617967,0.12074496394146281,0.55310291415439,0.0,-0.421484375,2.4755208333333334,0.0,0.0,2.4999999997500004,1.2495823714101928,0.442630215349626,1.01,2.0
max-exp-cap-V k=2.0,30024,1.097825190842,0.9832824045095614,0.0878489253342,0.12420851036222899,0.568252000460303,0.0,-0.43867187500000004,2.440104166666667,0.0,0.0,2.4999999997500004,1.2933913330828644,0.439350400706525,1.01,2.0
max-exp-cap-V k=2.0,30025,1.0780245925599221,0.965990906523473,0.08733370925599221,0.12095193855493411,0.5722292682037577,0.0,-0.40937500000000004,2.569921875,0.0,0.0,2.49999999975,1.3074335879912842,0.4376736787701162,1.01,2.0
max-exp-cap-V k=2.0,30026,1.070645079100708,0.9566189145522602,0.08686919541007083,0.12219982875927017,0.5698988169075837,0.0,-0.4039062499999999,2.4731770833333333,0.0,0.0,2.49999999975,1.2872214517187732,0.44273564284266825,1.01,2.0
max-exp-cap-V k=2.0,30027,1.1073422353092794,0.992058320708476,0.09025245269759462,0.12378755001213206,0.5869879648662809,0.0,-0.40963541666666664,2.61640625,0.0,0.0,2.4999999997499995,1.3361890630287632,0.43930008193282544,1.01,2.0
max-exp-cap-V k=2.0,30028,1.0728817521235974,0.9596416673002085,0.08742489396235975,0.1296418890162357,0.6311019914612062,0.0,-0.39726562499999996,2.6498697916666667,0.0,0.0,2.4999999997500004,1.3366242447430345,0.47216111329967325,1.01,2.0
max-exp-cap-V k=2.0,30029,1.031943158871833,0.923626786495282,0.08448337838718332,0.11667281071407949,0.5491708032881525,0.0,-0.37421875,2.5518229166666666,0.0,0.0,2.49999999975,1.2314073624444213,0.44597005023424074,1.01,2.0
max-exp-cap-V k=2.0,30030,1.1024504431379794,0.9851548177742168,0.08851978389713126,0.12310295432275231,0.555721812004188,0.0,-0.4345052083333334,2.459375,0.0,0.0,2.49999999975,1.2517192456232638,0.4439668191947305,1.01,2.0
max-exp-cap-V k=2.0,30031,1.120214279425452,1.003053961863173,0.0914289800258785,0.12641411278301196,0.6006872634197398,0.0,-0.41184895833333335,2.6401041666666667,0.0,0.0,2.49999999975,1.3358836167880013,0.4496553860463027,1.01,2.0
max-exp-cap-V k=2.0,30032,1.1144532707818013,0.9977870869398515,0.08964194166151347,0.12187581517517904,0.5670955769316165,0.0,-0.4360677083333333,2.481119791666667,0.0,0.0,2.49999999975,1.3537172025619713,0.41891731586062614,1.01,2.0
max-exp-cap-V k=2.0,30033,1.1529443769146397,1.0336906605204377,0.0938816772747973,0.1258520838299818,0.5902432233297195,0.0,-0.4282552083333333,2.53046875,0.0,0.0,2.49999999975,1.2596253546247047,0.46858633097741803,1.01,2.0
max-exp-cap-V k=2.0,30034,1.0712169792129556,0.9595627811576771,0.08708914583796223,0.10937834126827573,0.4990441107553952,0.0,-0.40065104166666676,2.5322916666666666,0.0,0.0,2.4999999997500004,1.1940167026186255,0.417954045082393,1.01,2.0
max-exp-cap-V k=2.0,30035,1.0095327935587728,0.9019250429626422,0.08250275852254395,0.13172791385738591,0.6054013012762475,0.0,-0.36901041666666656,2.4908854166666665,0.0,0.0,2.4999999997500004,1.1622018716123337,0.5209089023719851,1.01,2.0
max-exp-cap-V k=2.0,30036,1.0508649887730608,0.9398273591036941,0.08596540512730609,0.12471637292661478,0.598573317882544,0.0,-0.38242187499999997,2.5959635416666664,0.0,0.0,2.4999999997500004,1.2371373092707598,0.483837415133311,1.01,2.0
max-exp-cap-V k=2.0,30037,1.0613136828107368,0.9510775775993607,0.08633319119774034,0.11753776772397265,0.5528878776265191,0.0,-0.3959635416666667,2.502213541666667,0.0,0.0,2.49999999975,1.2234213631133297,0.45191942391748413,1.01,2.0
max-exp-cap-V k=2.0,30038,1.0597268736678087,0.9462081562300965,0.08501565611678086,0.12124463429823434,0.5437880240108325,0.0,-0.41914062500000004,2.431510416666667,0.0,0.0,2.49999999975,1.2839869028946576,0.4235152420830001,1.01,2.0
max-exp-cap-V k=2.0,30039,1.065802554573608,0.9533853082306055,0.08651515129069413,0.12408762934373067,0.6016425756239987,0.0,-0.4013020833333333,2.660677083333333,0.0,0.0,2.49999999975,1.3785377719921788,0.43643532143086766,1.01,2.0
max-exp-cap-V k=2.0,30040,1.0931261370409329,0.979864576962518,0.08920193662075994,0.12141761635277018,0.5930484019383666,0.0,-0.4022135416666666,2.595703125,0.0,0.0,2.49999999975,1.3466628981565596,0.4403837090560583,1.01,2.0
max-exp-cap-V k=2.0,30041,1.138933679451177,1.0202695208676797,0.09123711794511771,0.12382297629696448,0.5711478655289584,0.0,-0.4531250000000001,2.4768229166666664,0.0,0.0,2.49999999975,1.3512258383122573,0.4226886796676032,1.01,2.0
max-exp-cap-V k=2.0,30042,1.1298235754836579,1.0129975403819658,0.09260475338169911,0.11949049196771258,0.6104943597396759,0.0,-0.4075520833333333,2.7895833333333333,0.0,0.0,2.49999999975,1.3392573913333583,0.45584542873559997,1.01,2.0
max-exp-cap-V k=2.0,30043,1.0945017723593835,0.9792421988795462,0.08966502098593834,0.12147295499767548,0.5812887864591012,0.0,-0.39570312500000004,2.5908854166666666,0.0,0.0,2.49999999975,1.2616751736869087,0.4607277677981409,1.01,2.0
max-exp-cap-V k=2.0,30044,1.080041134102736,0.9648483472011125,0.08610958216027362,0.11890740887967306,0.5220380274888348,0.0,-0.4378906250000001,2.4522135416666666,0.0,0.0,2.49999999975,1.2710480029733076,0.4107146435600023,1.01,2.0
max-exp-cap-V k=2.0,30045,1.0320516405879259,0.9209963767767522,0.08347860155879258,0.12077749946143672,0.5401635474255714,0.0,-0.39453125,2.423697916666667,0.0,0.0,2.49999999975,1.2003218176614951,0.45001560371362326,1.01,2.0
max-exp-cap-V k=2.0,30046,1.0378844030720655,0.9276608619467915,0.08471291947387319,0.12206676753818847,0.5817565563284915,0.0,-0.38151041666666674,2.568098958333333,0.0,0.0,2.49999999975,1.261455905481208,0.4611786696631054,1.01,2.0
max-exp-cap-V k=2.0,30047,1.108522479244628,0.9912557347828137,0.09001891459112946,0.12625398503485089,0.5907544118562328,0.0,-0.41666666666666674,2.58515625,0.0,0.0,2.49999999975,1.3798577973713169,0.4281270236553673,1.01,2.0
max-exp-cap-V k=2.0,30048,1.0795702405148022,0.9658975677594661,0.0883346282181469,0.12452422204983092,0.5818111028080989,0.0,-0.3924479166666666,2.5537760416666666,0.0,0.0,2.49999999975,1.2537881516577758,0.46404259127733843,1.01,2.0
max-exp-cap-V k=2.0,30049,1.0323519334428353,0.925035679599554,0.08460238084428351,0.1246721253901827,0.5895742208894708,0.0,-0.37265624999999997,2.5942708333333337,0.0,0.0,2.49999999975,1.284074288978824,0.4591433890934278,1.01,2.0
max-exp-cap-V k=4.0,30000,1.0847207139924333,0.9695168985702896,0.08807493598257665,0.1276961988039179,0.5897000128342884,0.0,-0.40794270833333335,2.5774739583333335,0.0,0.0,2.49999999975,1.3370191161424532,0.4410557827592486,1.01,4.0
max-exp-cap-V k=4.0,30001,1.0710108752415581,0.9589792645349671,0.08698390002415579,0.11705149494637607,0.5471670601047881,0.0,-0.40234375,2.5861979166666664,0.0,0.0,2.49999999975,1.2825840424187778,0.4266130265217599,1.01,4.0
max-exp-cap-V k=4.0,30002,1.0772891208895266,0.965326135962278,0.088405995422286,0.1204911020287024,0.5679497109939539,0.0,-0.38645833333333335,2.565234375,0.0,0.0,2.49999999975,1.2237069050545482,0.46412233897514604,1.01,4.0
max-exp-cap-V k=4.0,30003,1.0701810965283223,0.9570606252763212,0.08636706798616556,0.1258165300553527,0.5768138466464183,0.0,-0.4130208333333334,2.5541666666666667,0.0,0.0,2.49999999975,1.257838044365319,0.4585756085454289,1.01,4.0
max-exp-cap-V k=4.0,30004,1.0621817982343003,0.9481634900557788,0.08518302357343002,0.1226381960628691,0.5644774677588825,0.0,-0.42070312499999996,2.480729166666667,0.0,0.0,2.49999999975,1.2635530872610798,0.4467382284526429,1.01,4.0
max-exp-cap-V k=4.0,30005,1.1598386246287757,1.037173841059545,0.09055417496287757,0.12718053312483174,0.5587969746378862,0.0,-0.50859375,2.3687500000000004,0.0,0.0,2.49999999975,1.4035172560069118,0.39814043770840135,1.01,4.0
max-exp-cap-V k=4.0,30006,0.9904901498753524,0.883222993275798,0.0810281816542019,0.10330187883327473,0.4930696544319908,0.0,-0.3604166666666668,2.649479166666667,0.0,0.0,2.49999999975,1.291074554305243,0.3819064149221986,1.01,4.0
max-exp-cap-V k=4.0,30007,1.0584333187397639,0.9456619037792412,0.08625348812397637,0.12074762035560038,0.5805605361079542,0.0,-0.391796875,2.6390625000000005,0.0,0.0,2.49999999975,1.2599037055968665,0.46079754629574615,1.01,4.0
max-exp-cap-V k=4.0,30008,1.023467261318967,0.9135411719700557,0.08373344488189671,0.12397491387472036,0.5863974619539831,0.0,-0.372265625,2.621484375,0.0,0.0,2.49999999975,1.2425369694015116,0.47193562557453006,1.01,4.0
max-exp-cap-V k=4.0,30009,1.094950937062198,0.9801786595916413,0.08830368745621979,0.12534537781593927,0.5651550223567156,0.0,-0.4238281250000001,2.5126302083333334,0.0,0.0,2.49999999975,1.273926830625833,0.44363224697848297,1.01,4.0
max-exp-cap-V k=4.0,30010,1.1104290663840872,0.9936311765963537,0.08964967747174206,0.12499829994398926,0.5721846359369666,0.0,-0.4278645833333333,2.4889322916666665,0.0,0.0,2.49999999975,1.3054284488881858,0.4383117561320866,1.01,4.0
max-exp-cap-V k=4.0,30011,1.0703609922107047,0.9561943729356168,0.08646969297107046,0.12309368967526754,0.546276978398304,0.0,-0.41132812499999993,2.4937500000000004,0.0,0.0,2.49999999975,1.2260440323963522,0.4455606519535712,1.01,4.0
max-exp-cap-V k=4.0,30012,0.9557154059107433,0.8524203530868327,0.07724471767440766,0.11030401930161986,0.5086480773493349,0.0,-0.36653645833333337,2.52734375,0.0,0.0,2.49999999975,1.2105496212522247,0.42017945272096807,1.01,4.0
max-exp-cap-V k=4.0,30013,1.1108302646087624,0.9949222418913763,0.08879787021087623,0.1189662141273024,0.5596668225392732,0.0,-0.445703125,2.457682291666667,0.0,0.0,2.49999999975,1.3080530105795325,0.42786249334903714,1.01,4.0
max-exp-cap-V k=4.0,30014,1.1194268144503186,1.0009000023162704,0.0903671606116985,0.1232128858323828,0.5638631821841064,0.0,-0.4315104166666667,2.4990885416666666,0.0,0.0,2.49999999975,1.2799598648857506,0.4405319242056366,1.01,4.0
max-exp-cap-V k=4.0,30015,1.133533417138482,1.0134903549589578,0.09108120629718156,0.12600936724675255,0.59666238878081,0.0,-0.4454427083333333,2.5722656249999996,0.0,0.0,2.49999999975,1.4759557640787755,0.4042549264023638,1.01,4.0
max-exp-cap-V k=4.0,30016,1.1216159147119429,1.003285754472171,0.09083346647119431,0.1228580954613959,0.5750674012825111,0.0,-0.42656249999999996,2.502734375,0.0,0.0,2.4999999997500004,1.2856564442869507,0.44729476823915765,1.01,4.0
max-exp-cap-V k=4.0,30017,1.0406098560952255,0.9282925648134828,0.08452973560952257,0.12231530115015328,0.5957205362876457,0.0,-0.390625,2.6138020833333333,0.0,0.0,2.4999999997500004,1.361185352010557,0.43764835950352293,1.01,4.0
max-exp-cap-V k=4.0,30018,1.0455376233955043,0.9328765601709488,0.08407199150621708,0.11372748409295756,0.5184700441716259,0.0,-0.4096354166666666,2.4450520833333336,0.0,0.0,2.49999999975,1.2639588133996933,0.41019536291462494,1.01,4.0
max-exp-cap-V k=4.0,30019,1.1961281007226738,1.0717797241169955,0.09223650798893404,0.11864011987763427,0.5242396915102472,0.0,-0.5475260416666667,2.300651041666667,0.0,0.0,2.49999999975,1.409480943634481,0.3719381194033352,1.01,4.0
max-exp-cap-V k=4.0,30020,1.0743650069534858,0.9622141601486564,0.08703936527868192,0.11287245339359496,0.5355510121701264,0.0,-0.4079427083333333,2.530859375,0.0,0.0,2.49999999975,1.3105067896455593,0.40865947158882854,1.01,4.0
max-exp-cap-V k=4.0,30021,1.1272110110338525,1.0106288726503698,0.0911065177700519,0.12166111995106846,0.5559791085216734,0.0,-0.43229166666666674,2.5160156249999996,0.0,0.0,2.49999999975,1.280224997567716,0.43428234066509513,1.01,4.0
max-exp-cap-V k=4.0,30022,1.0202276450399093,0.9114384960721977,0.08403448325399095,0.12956375718270524,0.6231252738636868,0.0,-0.3597656250000001,2.6412760416666665,0.0,0.0,2.49999999975,1.1798920878881343,0.528120563109298,1.01,4.0
max-exp-cap-V k=4.0,30023,1.029601619177995,0.9198045239878863,0.08230912025113284,0.12074122126387325,0.5530857698709851,0.0,-0.4130208333333333,2.4755208333333334,0.0,0.0,2.4999999997500004,1.2456779570614884,0.44400381875239686,1.01,4.0
max-exp-cap-V k=4.0,30024,1.0763212327212126,0.9631661484593113,0.08610868577212125,0.12413096873041621,0.5678972487024075,0.0,-0.43046875,2.440104166666667,0.0,0.0,2.4999999997500004,1.2121752712936558,0.46849433588620987,1.01,4.0
max-exp-cap-V k=4.0,30025,1.0533959696985207,0.9425380156443919,0.08532657613651871,0.12088160865753299,0.5718965341756511,0.0,-0.4002604166666667,2.569921875,0.0,0.0,2.49999999975,1.2983449775540672,0.44048118494133853,1.01,4.0
max-exp-cap-V k=4.0,30026,1.0859885043654387,0.9711045219056844,0.0875376525198772,0.12219982875927017,0.5698988169075837,0.0,-0.4212239583333333,2.4731770833333333,0.0,0.0,2.49999999975,1.303678109316143,0.4371468791529603,1.01,4.0
max-exp-cap-V k=4.0,30027,1.110152663670886,0.9934913189212635,0.08998662053375528,0.12387497695789233,0.5874025345460369,0.0,-0.42057291666666663,2.61640625,0.0,0.0,2.49999999975,1.3465370070108913,0.4362320021563921,1.01,4.0
max-exp-cap-V k=4.0,30028,1.0646373778699942,0.9516607505435708,0.08655488362033274,0.1296418890162357,0.6311019914612062,0.0,-0.39817708333333324,2.6498697916666667,0.0,0.0,2.49999999975,1.3313088322948285,0.474046273976378,1.01,4.0
max-exp-cap-V k=4.0,30029,0.9949714038634877,0.8885674135944237,0.08132005705301544,0.11667281071407949,0.5491708032881525,0.0,-0.3635416666666667,2.5518229166666666,0.0,0.0,2.49999999975,1.2176235771096642,0.4510185361158557,1.01,4.0
max-exp-cap-V k=4.0,30030,1.0732500529354008,0.9576149169729495,0.0862247448768734,0.12310295432275231,0.555721812004188,0.0,-0.4220052083333334,2.459375,0.0,0.0,2.49999999975,1.2300778300861317,0.451777764310471,1.01,4.0
max-exp-cap-V k=4.0,30031,1.1015038933445254,0.9849630658994376,0.08953841016778588,0.12641411278301196,0.6006872634197398,0.0,-0.41223958333333327,2.6401041666666667,0.0,0.0,2.49999999975,1.3220970983278493,0.45434428695099016,1.01,4.0
max-exp-cap-V k=4.0,30032,1.0188391307490998,0.9085420648323299,0.08254146515824332,0.12187581517517904,0.5670955769316165,0.0,-0.3868489583333333,2.481119791666667,0.0,0.0,2.49999999975,1.2556198438584012,0.4516459179149203,1.01,4.0
max-exp-cap-V k=4.0,30033,1.0903230438177305,0.9755360164158868,0.08890209604843972,0.12504298511262185,0.5864485699525721,0.0,-0.40260416666666665,2.53046875,0.0,0.0,2.49999999975,1.1836897631505026,0.4954411098324308,1.01,4.0
max-exp-cap-V k=4.0,30034,1.0797892984834427,0.9671477759775481,0.08723674234834425,0.10962436925418939,0.5001666256521067,0.0,-0.41484375000000007,2.5322916666666666,0.0,0.0,2.49999999975,1.2421747058239037,0.40265400938136037,1.01,4.0
max-exp-cap-V k=4.0,30035,1.014379169908086,0.9049006423872724,0.0822582294908086,0.13172791385738591,0.6054013012762475,0.0,-0.38359374999999996,2.4908854166666665,0.0,0.0,2.49999999975,1.2191032142552487,0.49659560749012355,1.01,4.0
max-exp-cap-V k=4.0,30036,1.0417900158755413,0.9307395610069192,0.08499280367088745,0.12471637292661478,0.598573317882544,0.0,-0.3837239583333333,2.5959635416666664,0.0,0.0,2.49999999975,1.2381482123308847,0.4834423794512416,1.01,4.0
max-exp-cap-V k=4.0,30037,1.0290100951929562,0.9205464725920953,0.08359111368596228,0.11753776772397265,0.5528878776265191,0.0,-0.3861979166666667,2.502213541666667,0.0,0.0,2.49999999975,1.2021887227247905,0.4599010680896965,1.01,4.0
max-exp-cap-V k=4.0,30038,1.0817532105485244,0.9672392848095505,0.0864240189715191,0.12124463429823434,0.5437880240108325,0.0,-0.4350260416666667,2.431510416666667,0.0,0.0,2.49999999975,1.2714129469921043,0.42770370185180245,1.01,4.0
max-exp-cap-V k=4.0,30039,1.174295905300255,1.0543560554150757,0.09413531969669217,0.12408762934373067,0.6016425756239987,0.0,-0.46588541666666666,2.660677083333333,0.0,0.0,2.49999999975,1.5181293781381942,0.3963052057933574,1.01,4.0
max-exp-cap-V k=4.0,30040,1.0502865479576904,0.9399903993740077,0.08542579021243568,0.12141761635277018,0.5930484019383666,0.0,-0.3920572916666666,2.595703125,0.0,0.0,2.49999999975,1.3011349702574324,0.4557931463643858,1.01,4.0
max-exp-cap-V k=4.0,30041,1.1333430481546778,1.0152006583188802,0.09052831523213445,0.12382297629696448,0.5711478655289584,0.0,-0.4561197916666667,2.4768229166666664,0.0,0.0,2.49999999975,1.310294225044058,0.43589283583216115,1.01,4.0
max-exp-cap-V k=4.0,30042,1.103674693066474,0.9880036884234602,0.09030236513998073,0.11949049196771258,0.6104943597396759,0.0,-0.40130208333333334,2.7895833333333333,0.0,0.0,2.49999999975,1.334236800429606,0.45756072650904633,1.01,4.0
max-exp-cap-V k=4.0,30043,1.0672665717110503,0.9536947017011793,0.08741676133777171,0.12119217966817666,0.5799451824399584,0.0,-0.38619791666666664,2.5908854166666666,0.0,0.0,2.49999999975,1.2325291180426678,0.47053264215043217,1.01,4.0
max-exp-cap-V k=4.0,30044,1.1014258144682796,0.9851802206862124,0.08740820644682797,0.11890740887967306,0.5220380274888348,0.0,-0.4546875,2.4522135416666666,0.0,0.0,2.49999999975,1.269665479126637,0.4111618659175709,1.01,4.0
max-exp-cap-V k=4.0,30045,1.1623961050023706,1.0420228094338773,0.09241148550023706,0.12077749946143672,0.5401635474255714,0.0,-0.47656250000000006,2.423697916666667,0.0,0.0,2.49999999975,1.2759885314810697,0.42332946895579926,1.01,4.0
max-exp-cap-V k=4.0,30046,1.0612386901407187,0.9491940303783748,0.08614991068073855,0.12207003730478544,0.5817721396702463,0.0,-0.3994791666666667,2.568098958333333,0.0,0.0,2.49999999975,1.2617552052498553,0.46108162443050327,1.01,4.0
max-exp-cap-V k=4.0,30047,1.1586295916705058,1.0379635912208198,0.09308952166705059,0.12625398503485089,0.5907544118562328,0.0,-0.45546875,2.58515625,0.0,0.0,2.49999999975,1.454421776988208,0.40617819480093115,1.01,4.0
max-exp-cap-V k=4.0,30048,1.1066692235107418,0.9905297134425257,0.08971640151774087,0.12452422204983092,0.5818111028080989,0.0,-0.4190104166666666,2.5537760416666666,0.0,0.0,2.49999999975,1.2987741216738868,0.44796942986379246,1.01,4.0
max-exp-cap-V k=4.0,30049,1.0382679114386297,0.9300385626934001,0.08477080156052963,0.1246721253901827,0.5895742208894708,0.0,-0.38111979166666654,2.5942708333333337,0.0,0.0,2.49999999975,1.2952083915665147,0.45519641837434277,1.01,4.0
max-exp-cap-V k=8.0,30000,1.0605205442248973,0.9466690242247203,0.08598695025582306,0.1276961988039179,0.5897000128342884,0.0,-0.4013020833333334,2.5774739583333335,0.0,0.0,2.49999999975,1.3107879104339923,0.44988209621115827,1.01,8.0
max-exp-cap-V k=8.0,30001,1.0816386327940588,0.9688938692201968,0.08759745702940587,0.11701894072382045,0.547014882652822,0.0,-0.41132812500000004,2.5861979166666664,0.0,0.0,2.4999999997500004,1.2751798945101371,0.4289707554265972,1.01,8.0
max-exp-cap-V k=8.0,30002,1.1012623451294332,0.9874086089158918,0.08979420326294332,0.1204911020287024,0.5679497109939539,0.0,-0.4066406250000001,2.565234375,0.0,0.0,2.49999999975,1.242874188563329,0.4569647645917097,1.01,8.0
max-exp-cap-V k=8.0,30003,1.0307402901478628,0.9195795065666736,0.08313262276478628,0.1258165300553527,0.5768138466464183,0.0,-0.398828125,2.5541666666666667,0.0,0.0,2.49999999975,1.2402834703583165,0.46506614046849903,1.01,8.0
max-exp-cap-V k=8.0,30004,1.0596609319197892,0.9453299560472591,0.0846640098586456,0.1226381960628691,0.5644774677588825,0.0,-0.42604166666666665,2.480729166666667,0.0,0.0,2.49999999975,1.2590295170435528,0.44834331532145955,1.01,8.0
max-exp-cap-V k=8.0,30005,1.1390901692138757,1.0171215190833665,0.0885704752547209,0.12718053312483174,0.5587969746378862,0.0,-0.5067708333333333,2.3687500000000004,0.0,0.0,2.49999999975,1.407897481960867,0.3969017501612509,1.01,8.0
max-exp-cap-V k=8.0,30006,1.0088676332992956,0.8998217509344572,0.08200004457992957,0.1034025771104746,0.4935502968491628,0.0,-0.37773437500000007,2.649479166666667,0.0,0.0,2.49999999975,1.3017289792292395,0.3791498113081853,1.01,8.0
max-exp-cap-V k=8.0,30007,1.0727134946079797,0.9587826483788713,0.08703697446079797,0.12076352445094402,0.580637003785676,0.0,-0.4046875,2.6390625000000005,0.0,0.0,2.49999999975,1.267378551903956,0.45814015308480427,1.01,8.0
max-exp-cap-V k=8.0,30008,1.0259602427129026,0.9155298608489995,0.08361164927129026,0.12397491387472036,0.5863974619539831,0.0,-0.3796875,2.621484375,0.0,0.0,2.49999999975,1.2564154948748971,0.4667225645863047,1.01,8.0
max-exp-cap-V k=8.0,30009,1.0680631630472839,0.9551146039367853,0.08616178505472838,0.12534537781593927,0.5651550223567156,0.0,-0.412890625,2.5126302083333334,0.0,0.0,2.4999999997500004,1.2217924671193812,0.46256220885792576,1.01,8.0
max-exp-cap-V k=8.0,30010,1.1053950288601215,0.9882287772046582,0.08885330496934549,0.12499829994398926,0.5721846359369666,0.0,-0.4337239583333333,2.4889322916666665,0.0,0.0,2.49999999975,1.331994621090716,0.42956977969507704,1.01,8.0
max-exp-cap-V k=8.0,30011,1.0398242148110066,0.9271567894466224,0.08382617148110065,0.12309368967526754,0.546276978398304,0.0,-0.40312499999999996,2.4937500000000004,0.0,0.0,2.49999999975,1.2224599916040662,0.4468669585509296,1.01,8.0
max-exp-cap-V k=8.0,30012,0.9478950555669209,0.8452343523021353,0.07643664097335874,0.11028515059026446,0.5085610675212819,0.0,-0.3670572916666667,2.52734375,0.0,0.0,2.49999999975,1.2059648479329637,0.42170471916570446,1.01,8.0
max-exp-cap-V k=8.0,30013,1.1301220911929393,1.0129644238651778,0.09005647995262726,0.1189662141273024,0.5596668225392732,0.0,-0.4591145833333333,2.457682291666667,0.0,0.0,2.49999999975,1.3219772158139604,0.42335587621657933,1.01,8.0
max-exp-cap-V k=8.0,30014,1.1220778320214038,1.0031469229518601,0.09029372070214038,0.12321188153579989,0.5638585861886204,0.0,-0.43828125000000007,2.4990885416666666,0.0,0.0,2.49999999975,1.2798704868863,0.44055909716333036,1.01,8.0
max-exp-cap-V k=8.0,30015,1.1025562235305317,0.9843143197348152,0.0887061431863865,0.12600936724675255,0.59666238878081,0.0,-0.43098958333333337,2.5722656249999996,0.0,0.0,2.4999999997500004,1.3876141170324874,0.42999158156218203,1.01,8.0
max-exp-cap-V k=8.0,30016,1.149808427350622,1.0289900687899445,0.09219438440172886,0.12340635234826737,0.5776336518985927,0.0,-0.45572916666666674,2.502734375,0.0,0.0,2.49999999975,1.3409945780705819,0.43075017702882135,1.01,8.0
max-exp-cap-V k=8.0,30017,1.0306996248615035,0.9185023447312626,0.08349313956948369,0.12231530115015328,0.5957205362876457,0.0,-0.3915364583333334,2.6138020833333333,0.0,0.0,2.49999999975,1.3666680444481645,0.4358926358947587,1.01,8.0
max-exp-cap-V k=8.0,30018,1.0580311673340526,0.9440058194626952,0.08475493965007193,0.11372748409295756,0.5184700441716259,0.0,-0.4209635416666666,2.4450520833333336,0.0,0.0,2.49999999975,1.2740971510671026,0.4069313268123929,1.01,8.0
max-exp-cap-V k=8.0,30019,1.1797067924137876,1.0566160571910062,0.09110870007471211,0.11825827198011825,0.5225524054201446,0.0,-0.5372395833333333,2.300651041666667,0.0,0.0,2.4999999997500004,1.355370043432365,0.38554224210004145,1.01,8.0
max-exp-cap-V k=8.0,30020,1.0756208447843574,0.9632283966412573,0.0869435948951024,0.11286796300723954,0.5355297064317874,0.0,-0.4123697916666667,2.530859375,0.0,0.0,2.49999999975,1.3100417613074515,0.4087882709153612,1.01,8.0
max-exp-cap-V k=8.0,30021,1.1260314429537766,1.0094835819059516,0.090858352628711,0.12165687362908532,0.5559597032563625,0.0,-0.43489583333333326,2.5160156249999996,0.0,0.0,2.49999999975,1.2790317085927336,0.4346723380830505,1.01,8.0
max-exp-cap-V k=8.0,30022,1.0049757731116735,0.8972869438727598,0.08260695231116733,0.12956375718270524,0.6231252738636868,0.0,-0.35781250000000003,2.6412760416666665,0.0,0.0,2.49999999975,1.1811758386747444,0.5275465798240682,1.01,8.0
max-exp-cap-V k=8.0,30023,1.0084848878959474,0.8997805126529637,0.08045786378959473,0.12072773547729392,0.553023994807138,0.0,-0.4078125,2.4755208333333334,0.0,0.0,2.49999999975,1.2316093932157308,0.4490254766271252,1.01,8.0
max-exp-cap-V k=8.0,30024,1.1032444417810954,0.9874489549667212,0.08723199626144286,0.1242151987906391,0.5682825999161123,0.0,-0.4618489583333333,2.440104166666667,0.0,0.0,2.4999999997500004,1.3003967030026589,0.43700710606534837,1.01,8.0
max-exp-cap-V k=8.0,30025,0.9900023598227856,0.8831044357615568,0.0800093505656119,0.12075463993785451,0.5712958392350456,0.0,-0.37981770833333334,2.569921875,0.0,0.0,2.49999999975,1.281937030528523,0.4456504692742272,1.01,8.0
max-exp-cap-V k=8.0,30026,1.0906626954332206,0.975481757950328,0.08767955079332204,0.12219982875927017,0.5698988169075837,0.0,-0.42773437499999994,2.4731770833333333,0.0,0.0,2.49999999975,1.2980530289777952,0.4390412442212579,1.01,8.0
max-exp-cap-V k=8.0,30027,1.1469733919472627,1.027654427508927,0.0922103600280596,0.12412868474484676,0.5886055910530967,0.0,-0.44973958333333336,2.61640625,0.0,0.0,2.49999999975,1.376566123828406,0.42758976911048013,1.01,8.0
max-exp-cap-V k=8.0,30028,1.0426969722445543,0.930674105695797,0.08478402014112209,0.12924813224176568,0.6291851674592954,0.0,-0.38971354166666666,2.6498697916666667,0.0,0.0,2.49999999975,1.2856837804358636,0.48937785249650845,1.01,8.0
max-exp-cap-V k=8.0,30029,1.021467212630803,0.9135655739671544,0.08311026292974696,0.11667281071407949,0.5491708032881525,0.0,-0.3807291666666667,2.5518229166666666,0.0,0.0,2.4999999997500004,1.2244846891055392,0.4484913598138254,1.01,8.0
max-exp-cap-V k=8.0,30030,1.076570167259493,0.9603479342309243,0.08606847505928264,0.12310295432275231,0.555721812004188,0.0,-0.4317708333333333,2.459375,0.0,0.0,2.49999999975,1.2516124393749848,0.44400470506804623,1.01,8.0
max-exp-cap-V k=8.0,30031,1.0681923578082917,0.9544232088022239,0.08699501703082915,0.12641411278301196,0.6006872634197398,0.0,-0.396484375,2.6401041666666667,0.0,0.0,2.49999999975,1.2715965762165025,0.47238823590341794,1.01,8.0
max-exp-cap-V k=8.0,30032,1.0142813891593516,0.9038898618134492,0.08186433683260183,0.12187581517517904,0.5670955769316165,0.0,-0.39127604166666663,2.481119791666667,0.0,0.0,2.49999999975,1.2491106045322473,0.4539994896160344,1.01,8.0
max-exp-cap-V k=8.0,30033,1.0515068152065203,0.9384733814712756,0.08567802527065203,0.12501442185508027,0.5863146089668889,0.0,-0.38945312499999996,2.53046875,0.0,0.0,2.4999999997500004,1.181009042233143,0.496452260736497,1.01,8.0
max-exp-cap-V k=8.0,30034,1.1089399336538448,0.9938226609717526,0.0887781079487178,0.10988139944935849,0.5013393386746129,0.0,-0.4423177083333334,2.5322916666666666,0.0,0.0,2.49999999975,1.292486303168527,0.3878875446846754,1.01,8.0
max-exp-cap-V k=8.0,30035,1.0177013535774355,0.9074897182825348,0.08211518744107689,0.13172791385738591,0.6054013012762475,0.0,-0.39309895833333336,2.4908854166666665,0.0,0.0,2.4999999997500004,1.234062305554395,0.49057596083390187,1.01,8.0
max-exp-cap-V k=8.0,30036,1.0382944882243756,0.9275401383113488,0.08463023007243756,0.12471637292661478,0.598573317882544,0.0,-0.383984375,2.5959635416666664,0.0,0.0,2.49999999975,1.1888889273482608,0.5034728679134246,1.01,8.0
max-exp-cap-V k=8.0,30037,1.0230420337978372,0.9143607583797699,0.08270133879645038,0.11753776772397265,0.5528878776265191,0.0,-0.39205729166666664,2.502213541666667,0.0,0.0,2.4999999997500004,1.2185376202848759,0.4537306591299678,1.01,8.0
max-exp-cap-V k=8.0,30038,1.0413956189944056,0.9293560884360431,0.08318904106610722,0.12109211213961973,0.5431039547839264,0.0,-0.41901041666666666,2.431510416666667,0.0,0.0,2.4999999997500004,1.2275681274276025,0.4424226587912586,1.01,8.0
max-exp-cap-V k=8.0,30039,1.1510185124109182,1.0320983471302665,0.09213310124109182,0.12408762934373067,0.6016425756239987,0.0,-0.45937500000000003,2.660677083333333,0.0,0.0,2.4999999997500004,1.4814540059007912,0.40611627038543985,1.01,8.0
max-exp-cap-V k=8.0,30040,1.0293337982744895,0.9195648374684996,0.08354535899411561,0.12141761635277018,0.5930484019383666,0.0,-0.3877604166666666,2.595703125,0.0,0.0,2.49999999975,1.3241277755694087,0.4478785302146091,1.01,8.0
max-exp-cap-V k=8.0,30041,1.1525799038731463,1.033300720509276,0.09168377163731463,0.12382297629696448,0.5711478655289584,0.0,-0.47148437499999996,2.4768229166666664,0.0,0.0,2.49999999975,1.312697468974684,0.43509481737255734,1.01,8.0
max-exp-cap-V k=8.0,30042,1.0664890301712249,0.9524694216309072,0.08709161135045582,0.11949049196771258,0.6104943597396759,0.0,-0.39114583333333325,2.7895833333333333,0.0,0.0,2.49999999975,1.3233091187613224,0.46133919209377655,1.01,8.0
max-exp-cap-V k=8.0,30043,1.0354680137774481,0.9236604199195845,0.08467961387774481,0.12100421897708863,0.5790457275610789,0.0,-0.37734375,2.5908854166666666,0.0,0.0,2.49999999975,1.2130177429829323,0.47735965191832014,1.01,8.0
max-exp-cap-V k=8.0,30044,1.0902833170573283,0.975057974698332,0.0864176546223995,0.11890740887967306,0.5220380274888348,0.0,-0.4522135416666667,2.4522135416666666,0.0,0.0,2.49999999975,1.2626529229266787,0.41344538788918567,1.01,8.0
max-exp-cap-V k=8.0,30045,1.1383570303082307,1.019444041483367,0.0904698176141564,0.12077749946143672,0.5401635474255714,0.0,-0.46731770833333336,2.423697916666667,0.0,0.0,2.49999999975,1.2530977398109489,0.4310625821630356,1.01,8.0
max-exp-cap-V k=8.0,30046,1.1105804013603973,0.9949103002502963,0.08943043596937306,0.12270916705244993,0.5848181605369173,0.0,-0.43255208333333334,2.568098958333333,0.0,0.0,2.49999999975,1.3202582757118078,0.44295739045575516,1.01,8.0
max-exp-cap-V k=8.0,30047,1.1505360655191823,1.030057594236931,0.09214345030191821,0.12625398503485089,0.5907544118562328,0.0,-0.45820312500000004,2.58515625,0.0,0.0,2.49999999975,1.44235148441416,0.4095772897520742,1.01,8.0
max-exp-cap-V k=8.0,30048,1.110078504410336,0.9932201412266111,0.08961462127436697,0.12452422204983092,0.5818111028080989,0.0,-0.42786458333333327,2.5537760416666666,0.0,0.0,2.4999999997500004,1.314804908257769,0.44250755313885254,1.01,8.0
max-exp-cap-V k=8.0,30049,1.0394494447191776,0.9311679442188784,0.08463504863858443,0.1246721253901827,0.5895742208894708,0.0,-0.38619791666666653,2.5942708333333337,0.0,0.0,2.4999999997500004,1.2879602196712572,0.4577580983362634,1.01,8.0
max-exp-cap-V k=16.0,30000,1.0419775581472102,0.9294994849149733,0.08451676623138768,0.1276961988039179,0.5897000128342884,0.0,-0.39361979166666666,2.5774739583333335,0.0,0.0,2.4999999997500004,1.2802813123710832,0.4606019061093401,1.01,16.0
max-exp-cap-V k=16.0,30001,1.0766523743035301,0.9644388280500591,0.087255081180353,0.1169538992375654,0.5467108407536961,0.0,-0.40820312499999994,2.5861979166666664,0.0,0.0,2.49999999975,1.2603868278470602,0.433764324312691,1.01,16.0
max-exp-cap-V k=16.0,30002,1.0982671322120547,0.9846896590309122,0.08955327572120547,0.1204911020287024,0.5679497109939539,0.0,-0.40546875000000004,2.565234375,0.0,0.0,2.49999999975,1.2346521379271862,0.4600078787758506,1.01,16.0
max-exp-cap-V k=16.0,30003,1.0254768413402806,0.9146078222520114,0.08252164246736138,0.1258165300553527,0.5768138466464183,0.0,-0.40052083333333327,2.5541666666666667,0.0,0.0,2.49999999975,1.2351259506111338,0.4670081187760761,1.01,16.0
max-exp-cap-V k=16.0,30004,1.073685005067499,0.9576306732056792,0.08540886509008323,0.1226381960628691,0.5644774677588825,0.0,-0.4391927083333333,2.480729166666667,0.0,0.0,2.49999999975,1.289046946966558,0.437902955425507,1.01,16.0
max-exp-cap-V k=16.0,30005,1.1299361280888756,1.0085031741161268,0.08785038364222086,0.12718053312483174,0.5587969746378862,0.0,-0.5028645833333334,2.3687500000000004,0.0,0.0,2.49999999975,1.3932664282265652,0.40106971883988995,1.01,16.0
max-exp-cap-V k=16.0,30006,1.0201993663862303,0.910402421235559,0.08259936372195636,0.1034658168017855,0.4938521458870819,0.0,-0.38841145833333346,2.649479166666667,0.0,0.0,2.49999999975,1.3084200822155714,0.37744158210322876,1.01,16.0
max-exp-cap-V k=16.0,30007,1.069427526932784,0.9556769062020696,0.08663676310994507,0.12077138067669739,0.5806747769080093,0.0,-0.4061197916666667,2.6390625000000005,0.0,0.0,2.49999999975,1.2710709392288957,0.45683900007994815,1.01,16.0
max-exp-cap-V k=16.0,30008,1.016343159374611,0.9064123053693678,0.0827866596874611,0.12397491387472036,0.5863974619539831,0.0,-0.37695312499999994,2.621484375,0.0,0.0,2.49999999975,1.2552448123702695,0.4671578453661905,1.01,16.0
max-exp-cap-V k=16.0,30009,1.0558207778253568,0.9435141632367676,0.08515239028253568,0.12534537781593927,0.5651550223567156,0.0,-0.4085937500000001,2.5126302083333334,0.0,0.0,2.49999999975,1.2118944241439473,0.4663401457234423,1.01,16.0
max-exp-cap-V k=16.0,30010,1.0868315849501062,0.9708523802806556,0.08738758557834395,0.12499829994398926,0.5721846359369666,0.0,-0.4259114583333333,2.4889322916666665,0.0,0.0,2.49999999975,1.3067528878517236,0.4378675121029401,1.01,16.0
max-exp-cap-V k=16.0,30011,1.0396518072219254,0.9264726170606417,0.08352247238885921,0.12309368967526754,0.546276978398304,0.0,-0.4088541666666667,2.4937500000000004,0.0,0.0,2.49999999975,1.233841815190459,0.4427447438341026,1.01,16.0
max-exp-cap-V k=16.0,30012,0.9559317518158421,0.8524990821665271,0.07688223768158418,0.11031084372884703,0.5086795470256902,0.0,-0.37421875000000004,2.52734375,0.0,0.0,2.49999999975,1.2122078400506007,0.41963063611637474,1.01,16.0
max-exp-cap-V k=16.0,30013,1.1289481176950926,1.0118911546771776,0.0899390826028426,0.1189662141273024,0.5596668225392732,0.0,-0.4591145833333333,2.457682291666667,0.0,0.0,2.4999999997500004,1.31719195932919,0.424893895362295,1.01,16.0
max-exp-cap-V k=16.0,30014,1.1222155435662486,1.0032687734416361,0.09030098143995821,0.12321209845954563,0.5638595789038932,0.0,-0.4384114583333334,2.4990885416666666,0.0,0.0,2.49999999975,1.279889792150081,0.44055322759990767,1.01,16.0
max-exp-cap-V k=16.0,30015,1.1014357871893472,0.983288744417566,0.08848993288560139,0.12600936724675255,0.59666238878081,0.0,-0.4330729166666667,2.5722656249999996,0.0,0.0,2.49999999975,1.382253651175469,0.4316591157298865,1.01,16.0
max-exp-cap-V k=16.0,30016,1.1158042193840139,0.9974899888795858,0.08975099485506804,0.12310877693970053,0.5762407773285658,0.0,-0.4365885416666667,2.502734375,0.0,0.0,2.49999999975,1.3109588992413292,0.439556707431518,1.01,16.0
max-exp-cap-V k=16.0,30017,1.005971470466907,0.8949787765890928,0.08137839704669068,0.12231530115015328,0.5957205362876457,0.0,-0.3843750000000001,2.6138020833333333,0.0,0.0,2.49999999975,1.3613158202729994,0.4376064153637613,1.01,16.0
max-exp-cap-V k=16.0,30018,1.0629705006475703,0.9484547422356302,0.08491684173142369,0.11372748409295756,0.5184700441716259,0.0,-0.4276041666666666,2.4450520833333336,0.0,0.0,2.49999999975,1.2812523138788867,0.40465881587522773,1.01,16.0
max-exp-cap-V k=16.0,30019,1.1795674743537587,1.0564505573451084,0.09105570576870922,0.11823708283466626,0.5224587761226812,0.0,-0.5380208333333334,2.300651041666667,0.0,0.0,2.4999999997500004,1.3523673721007001,0.38632903078038605,1.01,16.0
max-exp-cap-V k=16.0,30020,1.070453197208363,0.9583013275987547,0.08649193430416964,0.11285092569259808,0.5354488687178318,0.0,-0.41106770833333334,2.530859375,0.0,0.0,2.49999999975,1.3082773621029016,0.4092777909549401,1.01,16.0
max-exp-cap-V k=16.0,30021,1.1289337418203276,1.0121975017792864,0.0910444158486994,0.12167035772080495,0.556021324202286,0.0,-0.4369791666666667,2.5160156249999996,0.0,0.0,2.49999999975,1.282820968580673,0.433436416944037,1.01,16.0
max-exp-cap-V k=16.0,30022,0.9740603931979704,0.868718881802485,0.0800297372364637,0.12956375718270524,0.6231252738636868,0.0,-0.34752604166666673,2.6412760416666665,0.0,0.0,2.49999999975,1.1688893671596947,0.53309174620848,1.01,16.0
max-exp-cap-V k=16.0,30023,1.0122554092440341,0.9032304268731557,0.08058100967440343,0.12072865954412032,0.5530282277294718,0.0,-0.41289062499999996,2.4755208333333334,0.0,0.0,2.49999999975,1.2325733928361498,0.44867772657087346,1.01,16.0
max-exp-cap-V k=16.0,30024,1.0863555491845442,0.9717353931897935,0.08601185700178778,0.12419175275630207,0.5681753346741735,0.0,-0.4524739583333333,2.440104166666667,0.0,0.0,2.49999999975,1.2758396421191915,0.4453344416626093,1.01,16.0
max-exp-cap-V k=16.0,30025,0.9798693806549291,0.8737334334625704,0.07911324014882623,0.12050777078781576,0.5701278897605971,0.0,-0.37747395833333336,2.569921875,0.0,0.0,2.49999999975,1.2500345592242865,0.45608970212342936,1.01,16.0
max-exp-cap-V k=16.0,30026,1.1052175387057948,0.9890217465162215,0.08864024345391282,0.12219982875927017,0.5698988169075837,0.0,-0.4376302083333333,2.4731770833333333,0.0,0.0,2.4999999997500004,1.3007533527650508,0.43812980815781294,1.01,16.0
max-exp-cap-V k=16.0,30027,1.1175660398892675,1.000203938446703,0.08999228107226011,0.12379984037855861,0.5870462445331414,0.0,-0.43528645833333324,2.61640625,0.0,0.0,2.49999999975,1.3376437635469585,0.4388659077484892,1.01,16.0
max-exp-cap-V k=16.0,30028,0.9928549923824764,0.8842248858393427,0.08089357215491433,0.1288479991071138,0.6272373030765357,0.0,-0.36783854166666663,2.6498697916666667,0.0,0.0,2.4999999997499995,1.2537159411599772,0.500302566541665,1.01,16.0
max-exp-cap-V k=16.0,30029,1.0286848426611235,0.9201892958045392,0.08350650509944568,0.11667281071407949,0.5491708032881525,0.0,-0.3872395833333333,2.5518229166666666,0.0,0.0,2.49999999975,1.2222982917689902,0.4492936028678863,1.01,16.0
max-exp-cap-V k=16.0,30030,1.1016120772619766,0.9833812786054992,0.08757006189286431,0.12310295432275231,0.555721812004188,0.0,-0.45182291666666663,2.459375,0.0,0.0,2.49999999975,1.2841384963476634,0.432758470822865,1.01,16.0
max-exp-cap-V k=16.0,30031,1.0878516777126568,0.9723070804292672,0.0881015740212657,0.12641411278301196,0.6006872634197398,0.0,-0.41367187499999997,2.6401041666666667,0.0,0.0,2.49999999975,1.3149607268334473,0.45681004090993105,1.01,16.0
max-exp-cap-V k=16.0,30032,0.9809820849626258,0.872707445505027,0.07910081266292926,0.12187581517517904,0.5670955769316165,0.0,-0.3799479166666666,2.481119791666667,0.0,0.0,2.49999999975,1.2301279603726667,0.4610053548899215,1.01,16.0
max-exp-cap-V k=16.0,30033,1.033264129360782,0.9214925819368043,0.08412068376941154,0.12491461919125439,0.5858465368921106,0.0,-0.38411458333333337,2.53046875,0.0,0.0,2.49999999975,1.171642355392937,0.500021644143817,1.01,16.0
max-exp-cap-V k=16.0,30034,1.10835991323091,0.9932710804261434,0.08872661632309099,0.1098844493910274,0.5013532541848535,0.0,-0.44218750000000007,2.5322916666666666,0.0,0.0,2.49999999975,1.2930833047662098,0.38771922298965766,1.01,16.0
max-exp-cap-V k=16.0,30035,1.0129487448549894,0.9027987319267763,0.0815227390688323,0.13172791385738591,0.6054013012762475,0.0,-0.39544270833333334,2.4908854166666665,0.0,0.0,2.49999999975,1.235009424821222,0.49019974188770615,1.01,16.0
max-exp-cap-V k=16.0,30036,1.0252627650144537,0.9151509745995068,0.0833791410847787,0.12471637292661478,0.598573317882544,0.0,-0.38294270833333327,2.5959635416666664,0.0,0.0,2.49999999975,1.208173879913331,0.4954364002021654,1.01,16.0
max-exp-cap-V k=16.0,30037,1.0497074583690005,0.9387141468231143,0.08444991250356673,0.11753776772397265,0.5528878776265191,0.0,-0.4104166666666667,2.502213541666667,0.0,0.0,2.49999999975,1.2387677592085664,0.4463208486954427,1.01,16.0
max-exp-cap-V k=16.0,30038,1.03511119604322,0.9234602996072512,0.08258664043765532,0.12107807548634,0.5430409997179567,0.0,-0.41848958333333336,2.431510416666667,0.0,0.0,2.49999999975,1.226293888145547,0.44283104153700553,1.01,16.0
max-exp-cap-V k=16.0,30039,1.1457864121808403,1.0271123825474138,0.09164895371808404,0.12408762934373067,0.6016425756239987,0.0,-0.45859374999999997,2.660677083333333,0.0,0.0,2.49999999975,1.475215886153961,0.40783357966171485,1.01,16.0
max-exp-cap-V k=16.0,30040,1.0344081458270509,0.924171738807873,0.08380539791603842,0.12141761635277018,0.5930484019383666,0.0,-0.3927083333333333,2.595703125,0.0,0.0,2.49999999975,1.3283205687306834,0.44646481873353194,1.01,16.0
max-exp-cap-V k=16.0,30041,1.1542139929716115,1.034791185977476,0.09179509721382781,0.12382297629696448,0.5711478655289584,0.0,-0.4725260416666667,2.4768229166666664,0.0,0.0,2.49999999975,1.3149083911062087,0.4343632373115073,1.01,16.0
max-exp-cap-V k=16.0,30042,1.0524650458780032,0.9393071378631506,0.0858910358378003,0.11949049196771258,0.6104943597396759,0.0,-0.387109375,2.7895833333333333,0.0,0.0,2.49999999975,1.313816652068541,0.4646724174019883,1.01,16.0
max-exp-cap-V k=16.0,30043,1.0369627644884378,0.9249856703055008,0.08461424519884378,0.12102935553588055,0.5791660144163397,0.0,-0.381640625,2.5908854166666666,0.0,0.0,2.4999999997500004,1.2156270589173457,0.47643396070185623,1.01,16.0
max-exp-cap-V k=16.0,30044,1.0692111708557732,0.9552829403741889,0.08478570041891066,0.11890740887967306,0.5220380274888348,0.0,-0.4427083333333335,2.4522135416666666,0.0,0.0,2.49999999975,1.2593944420633352,0.4145151114320873,1.01,16.0
max-exp-cap-V k=16.0,30045,1.1467509438791528,1.0271694956681308,0.0909381152212486,0.12077749946143672,0.5401635474255714,0.0,-0.4747395833333333,2.423697916666667,0.0,0.0,2.49999999975,1.2611997195639382,0.4282934249401307,1.01,16.0
max-exp-cap-V k=16.0,30046,1.0943134824939413,0.9796452225573855,0.08818134824939414,0.12260916028678434,0.5843415394812728,0.0,-0.42500000000000004,2.568098958333333,0.0,0.0,2.49999999975,1.3111041049353698,0.44568660664065085,1.01,16.0
max-exp-cap-V k=16.0,30047,1.156454510995348,1.0357405579658785,0.09253998234953478,0.12625398503485089,0.5907544118562328,0.0,-0.46210937500000004,2.58515625,0.0,0.0,2.49999999975,1.4357021700380435,0.41147420696632286,1.01,16.0
max-exp-cap-V k=16.0,30048,1.1037864650273073,0.9873127504566985,0.08901796941939741,0.12452422204983092,0.5818111028080989,0.0,-0.4272135416666666,2.5537760416666666,0.0,0.0,2.49999999975,1.3113178579846863,0.44368426714043374,1.01,16.0
max-exp-cap-V k=16.0,30049,1.0385339576704469,0.9303134950531154,0.08451094785037803,0.1246721253901827,0.5895742208894708,0.0,-0.3868489583333332,2.5942708333333337,0.0,0.0,2.4999999997500004,1.2926231059565128,0.4561068250851038,1.01,16.0
max-exp-cap-V k=0.0,30000,1.122191925263101,1.009104670545076,0.10066971335964345,0.1276961988039179,0.5897000128342884,0.0,-0.23098958333333328,1.6037760416666667,0.0,0.0,2.49999999975,1.5064400452872135,0.39145269317495995,1.02,0.0
max-exp-cap-V k=0.0,30001,1.1260293499922946,1.0135327436625208,0.09996621624922948,0.11818953374088288,0.5524869181874273,0.0,-0.25273437499999996,1.6251302083333334,0.0,0.0,2.49999999975,1.5414201287633102,0.35842721129552824,1.02,0.0
max-exp-cap-V k=0.0,30002,1.1037811602848535,0.9909437390514407,0.09889374102848537,0.1204911020287024,0.5679497109939539,0.0,-0.22968750000000002,1.5889322916666666,0.0,0.0,2.49999999975,1.4633874616972342,0.38810617547265763,1.02,0.0
max-exp-cap-V k=0.0,30003,1.1134312268793831,1.0011641609364161,0.09944208102127164,0.1258165300553527,0.5768138466464183,0.0,-0.23802083333333332,1.5613281250000002,0.0,0.0,2.49999999975,1.4664744144230264,0.39333372677583434,1.02,0.0
max-exp-cap-V k=0.0,30004,1.1013963703409686,0.9885028279980757,0.09716437661743019,0.1226381960628691,0.5644774677588825,0.0,-0.25950520833333335,1.45859375,0.0,0.0,2.49999999975,1.49494351075862,0.37759116896158457,1.02,0.0
max-exp-cap-V k=0.0,30005,1.1417730062545102,1.0248233970977123,0.09980881104211767,0.12718053312483174,0.5587969746378862,0.0,-0.28736979166666665,1.3020833333333335,0.0,0.0,2.49999999975,1.5280952189968098,0.3656820384561735,1.02,0.0
max-exp-cap-V k=0.0,30006,1.0566007336544945,0.9489270102384516,0.09456632336544946,0.10396487838399562,0.4962342140997789,0.0,-0.22187500000000002,1.7084635416666667,0.0,0.0,2.49999999975,1.4919454428693641,0.3326088205647809,1.02,0.0
max-exp-cap-V k=0.0,30007,1.0455182402717915,0.9365583675544822,0.09464948027717916,0.12108659055297234,0.5821903215971533,0.0,-0.198046875,1.6884114583333334,0.0,0.0,2.49999999975,1.4192180251667,0.410219086337189,1.02,0.0
max-exp-cap-V k=0.0,30008,1.063879350372457,0.9539868885805672,0.09558064337057906,0.12397491387472036,0.5863974619539831,0.0,-0.21614583333333331,1.6583333333333332,0.0,0.0,2.49999999975,1.4730538748740418,0.39808283454950005,1.02,0.0
max-exp-cap-V k=0.0,30009,1.1143018815339913,1.0005692288386399,0.09831820898673246,0.12534537781593927,0.5651550223567156,0.0,-0.2622395833333333,1.5106770833333334,0.0,0.0,2.4999999997499995,1.4849957272430707,0.3805768676560027,1.02,0.0
max-exp-cap-V k=0.0,30010,1.083348906017418,0.9716855339974179,0.09659660935174177,0.12499829994398926,0.5721846359369666,0.0,-0.234765625,1.4708333333333332,0.0,0.0,2.49999999975,1.4496948496324118,0.39469315634393753,1.02,0.0
max-exp-cap-V k=0.0,30011,1.1642848879504561,1.0465890356427443,0.10202744712837894,0.12309368967526754,0.546276978398304,0.0,-0.2880208333333334,1.4872395833333334,0.0,0.0,2.49999999975,1.4886255258212753,0.36696735943508885,1.02,0.0
max-exp-cap-V k=0.0,30012,1.0629099282830978,0.955338216355311,0.09453318032830979,0.11138954814805958,0.513653807549782,0.0,-0.23515625000000004,1.5384114583333335,0.0,0.0,2.49999999975,1.4743145174713694,0.3484017836511312,1.02,0.0
max-exp-cap-V k=0.0,30013,1.1183879125755662,1.004274023143836,0.09898722875755664,0.1189662141273024,0.5596668225392732,0.0,-0.25703125000000004,1.4352864583333333,0.0,0.0,2.49999999975,1.513852490028977,0.36969706508760347,1.02,0.0
max-exp-cap-V k=0.0,30014,1.1178173152484432,1.0015311775496543,0.09908641902484433,0.12330681207716106,0.5642930199475309,0.0,-0.25390625,1.4865885416666667,0.0,0.0,2.49999999975,1.492720791777887,0.37802985196946076,1.02,0.0
max-exp-cap-V k=0.0,30015,1.077567800150894,0.9654045855523541,0.0962138112650894,0.12600936724675255,0.59666238878081,0.0,-0.23085937499999998,1.5895833333333333,0.0,0.0,2.49999999975,1.4963424223220672,0.3987472251537801,1.02,0.0
max-exp-cap-V k=0.0,30016,1.1523854070212338,1.0356384932356726,0.1027776032021234,0.12518634475341692,0.5859653422352185,0.0,-0.24921875000000002,1.496875,0.0,0.0,2.49999999975,1.520657543021315,0.38533682019621235,1.02,0.0
max-exp-cap-V k=0.0,30017,1.0703013170898465,0.9598949639943897,0.09624888170898466,0.12231530115015328,0.5957205362876457,0.0,-0.21562500000000004,1.642578125,0.0,0.0,2.49999999975,1.4937871596300354,0.3987988064077262,1.02,0.0
max-exp-cap-V k=0.0,30018,1.1148116506284995,1.0010768964760504,0.09902022756284994,0.11372748409295756,0.5184700441716259,0.0,-0.24921875,1.4067708333333333,0.0,0.0,2.4999999997499995,1.4958657340539219,0.3466019926578093,1.02,0.0
max-exp-cap-V k=0.0,30019,1.1080089016084627,0.9929649686343383,0.09670583807751293,0.11915557166005873,0.5265173382598064,0.0,-0.28190104166666663,1.2143229166666667,0.0,0.0,2.49999999975,1.4825245825787263,0.35514914521280583,1.02,0.0
max-exp-cap-V k=0.0,30020,1.1285062891417907,1.0158610380448474,0.10072823308084573,0.11448455061761321,0.5432000024603348,0.0,-0.24244791666666668,1.5377604166666667,0.0,0.0,2.49999999975,1.521685897750909,0.35697248904205425,1.02,0.0
max-exp-cap-V k=0.0,30021,1.0802827253165705,0.9688466406335787,0.09677827253165705,0.12234579471082312,0.55910800346123,0.0,-0.225,1.508984375,0.0,0.0,2.49999999975,1.4726302945519123,0.3796662377038453,1.02,0.0
max-exp-cap-V k=0.0,30022,1.0539484284973577,0.9446314525419212,0.09486749909973577,0.12956375718270524,0.6231252738636868,0.0,-0.210546875,1.6915364583333334,0.0,0.0,2.49999999975,1.446031048688528,0.4309210887475948,1.02,0.0
max-exp-cap-V k=0.0,30023,1.102819458985415,0.9918516313955297,0.09683793548187483,0.12098901317297628,0.554220843521719,0.0,-0.26888020833333337,1.4613281249999999,0.0,0.0,2.49999999975,1.504177991389335,0.3684542964292494,1.02,0.0
max-exp-cap-V k=0.0,30024,1.112564986332243,0.9986469187822861,0.09751300904989095,0.12440280019125646,0.569140873402197,0.0,-0.2748697916666667,1.41328125,0.0,0.0,2.49999999975,1.4968878857143118,0.38021609957154817,1.02,0.0
max-exp-cap-V k=0.0,30025,1.0515647259017427,0.9440298669518019,0.0943101184235076,0.12223272869468582,0.5782887461513546,0.0,-0.21692708333333335,1.58515625,0.0,0.0,2.49999999975,1.4729478722741818,0.39260638956523036,1.02,0.0
max-exp-cap-V k=0.0,30026,1.1270827971864485,1.0129585120484197,0.10065098805197818,0.12219982875927017,0.5698988169075837,0.0,-0.2411458333333333,1.4561197916666664,0.0,0.0,2.4999999997500004,1.4988548285128407,0.38022282483023095,1.02,0.0
max-exp-cap-V k=0.0,30027,1.093104379075504,0.9816620100792596,0.09817762540755039,0.12472084618716771,0.5914135603510285,0.0,-0.22265625,1.6595052083333335,0.0,0.0,2.49999999975,1.4837596089732787,0.39859122513806033,1.02,0.0
max-exp-cap-V k=0.0,30028,1.0528067178715073,0.9435699993532006,0.09433666137048406,0.1296418890162357,0.6311019914612062,0.0,-0.21888020833333338,1.6970052083333333,0.0,0.0,2.49999999975,1.5031164162780835,0.4198623503985798,1.02,0.0
max-exp-cap-V k=0.0,30029,1.1081945343686825,0.9970828437310423,0.09894445343686827,0.11667281071407949,0.5491708032881525,0.0,-0.2375,1.5635416666666668,0.0,0.0,2.49999999975,1.4938625117646998,0.3676180364412633,1.02,0.0
max-exp-cap-V k=0.0,30030,1.0624026909949669,0.9503468157271265,0.09390302951616336,0.12310295432275231,0.555721812004188,0.0,-0.24674479166666669,1.4289062499999998,0.0,0.0,2.4999999997500004,1.4220624018710484,0.39078581310708227,1.02,0.0
max-exp-cap-V k=0.0,30031,1.100884134713334,0.9875126834635429,0.09808320513800008,0.12641411278301196,0.6006872634197398,0.0,-0.2401041666666667,1.69453125,0.0,0.0,2.49999999975,1.5069086937916296,0.3986222031198931,1.02,0.0
max-exp-cap-V k=0.0,30032,1.1136055683825758,0.9999727502059783,0.09837878600492425,0.12187581517517904,0.5670955769316165,0.0,-0.2596354166666667,1.4683593750000001,0.0,0.0,2.49999999975,1.5695866245010224,0.3613025035250274,1.02,0.0
max-exp-cap-V k=0.0,30033,1.1100476552030245,0.9963174997099543,0.09966361968696913,0.12743816397242352,0.5976819007615432,0.0,-0.22682291666666668,1.5390624999999998,0.0,0.0,2.49999999975,1.424204598916956,0.41966013957268045,1.02,0.0
max-exp-cap-V k=0.0,30034,1.101123530815819,0.9890476802415362,0.09756678016491524,0.11087996772113377,0.5058953559760125,0.0,-0.25091145833333334,1.5355468749999999,0.0,0.0,2.4999999997499995,1.4879480261682148,0.33999531373337116,1.02,0.0
max-exp-cap-V k=0.0,30035,1.1028682680518953,0.9897271154977654,0.09862667055518953,0.13172791385738591,0.6054013012762475,0.0,-0.23320312499999998,1.4782552083333336,0.0,0.0,2.49999999975,1.4380434484406077,0.42098957575498525,1.02,0.0
max-exp-cap-V k=0.0,30036,1.0884163377770424,0.9770490389329902,0.09742236294437087,0.12471637292661478,0.598573317882544,0.0,-0.2283854166666667,1.6131510416666666,0.0,0.0,2.49999999975,1.4718874959252606,0.40667056384378597,1.02,0.0
max-exp-cap-V k=0.0,30037,1.0708478595964703,0.9617549700831505,0.09569806720964705,0.11753776772397265,0.5528878776265191,0.0,-0.22773437499999996,1.4986979166666667,0.0,0.0,2.49999999975,1.434394345558972,0.3854504023515675,1.02,0.0
max-exp-cap-V k=0.0,30038,1.1079723596736943,0.9949118671964144,0.09731416305070277,0.12124463429823434,0.5437880240108325,0.0,-0.26966145833333327,1.3856770833333334,0.0,0.0,2.49999999975,1.5133299005896137,0.35933210848405583,1.02,0.0
max-exp-cap-V k=0.0,30039,1.1080461771964727,0.99591060437649,0.09904029480298059,0.12408762934373067,0.6016425756239987,0.0,-0.23528645833333336,1.716796875,0.0,0.0,2.49999999975,1.5420956091775526,0.3901460921381349,1.02,0.0
max-exp-cap-V k=0.0,30040,1.097754725519342,0.9875129767370588,0.09865568088526754,0.12141761635277018,0.5930484019383666,0.0,-0.22239583333333332,1.6279947916666666,0.0,0.0,2.49999999975,1.5133559978822049,0.39187633495904495,1.02,0.0
max-exp-cap-V k=0.0,30041,1.1162187800939247,1.0012279928516046,0.09845781550939248,0.12382297629696448,0.5711478655289584,0.0,-0.26328124999999997,1.4440104166666667,0.0,0.0,2.49999999975,1.5258169821285186,0.3743226561367836,1.02,0.0
max-exp-cap-V k=0.0,30042,1.0990530150409563,0.9877416792283112,0.09909149942076231,0.11949049196771258,0.6104943597396759,0.0,-0.21627604166666667,1.8816406250000002,0.0,0.0,2.49999999975,1.541592298005893,0.39601544489381085,1.02,0.0
max-exp-cap-V k=0.0,30043,1.1107195702023644,0.9963737777730405,0.09978289452023643,0.12191879415049484,0.5834222761737728,0.0,-0.22578125,1.62265625,0.0,0.0,2.4999999997499995,1.476067319607912,0.39525451747603724,1.02,0.0
max-exp-cap-V k=0.0,30044,1.103777496613634,0.9899863242072459,0.09657566632803008,0.11890740887967306,0.5220380274888348,0.0,-0.27604166666666663,1.4201822916666667,0.0,0.0,2.49999999975,1.4526525847966734,0.3593688077606691,1.02,0.0
max-exp-cap-V k=0.0,30045,1.1382293565068213,1.021768275872273,0.09963673773401545,0.12077749946143672,0.5401635474255714,0.0,-0.28372395833333336,1.368359375,0.0,0.0,2.49999999975,1.5223362217340461,0.354825392520903,1.02,0.0
max-exp-cap-V k=0.0,30046,1.0975550101687346,0.9864262101108393,0.09803024060020679,0.12302559404194337,0.5863262161645844,0.0,-0.23450520833333335,1.5914062500000001,0.0,0.0,2.49999999975,1.5041051119155093,0.3898173149733436,1.02,0.0
max-exp-cap-V k=0.0,30047,1.1109160578890263,0.9970328460025217,0.09910592870556931,0.12625398503485089,0.5907544118562328,0.0,-0.23971354166666664,1.6100260416666665,0.0,0.0,2.49999999975,1.5036536796147062,0.3928793045002269,1.02,0.0
max-exp-cap-V k=0.0,30048,1.1303833551857725,1.015695737360136,0.1007466688519106,0.12452422204983092,0.5818111028080989,0.0,-0.24583333333333332,1.5708333333333335,0.0,0.0,2.4999999997499995,1.4745537528258335,0.39456757794900094,1.02,0.0
max-exp-cap-V k=0.0,30049,1.0871052969770356,0.9775856292533351,0.09746052969770355,0.1246721253901827,0.5895742208894708,0.0,-0.22499999999999995,1.630859375,0.0,0.0,2.4999999997499995,1.4822630791743396,0.39775275332222365,1.02,0.0
max-exp-cap-V k=0.25,30000,1.1526533550372693,1.0370288130364957,0.10104007508706025,0.1276961988039179,0.5897000128342884,0.0,-0.2845052083333333,1.6037760416666667,0.0,0.0,2.4999999997500004,1.494340649847719,0.3946222120735201,1.02,0.25
max-exp-cap-V k=0.25,30001,1.1303703556533433,1.0166671234455082,0.09831047306533433,0.11807054206094973,0.5519306815693835,0.0,-0.2945312499999999,1.6251302083333334,0.0,0.0,2.49999999975,1.5143566043122112,0.36446546341709174,1.02,0.25
max-exp-cap-V k=0.25,30002,1.1277429501106924,1.012523116791518,0.09843835751106925,0.1204911020287024,0.5679497109939539,0.0,-0.28671875,1.5889322916666666,0.0,0.0,2.49999999975,1.4930797467608834,0.3803880618071976,1.02,0.25
max-exp-cap-V k=0.25,30003,1.113439357331069,1.0010312962666639,0.0979650294831069,0.1258165300553527,0.5768138466464183,0.0,-0.267578125,1.5613281250000002,0.0,0.0,2.49999999975,1.4015838283966735,0.41154430791789187,1.02,0.25
max-exp-cap-V k=0.25,30004,1.1108507870122681,0.9969389348122272,0.09624783911789346,0.1226381960628691,0.5644774677588825,0.0,-0.2967447916666667,1.45859375,0.0,0.0,2.49999999975,1.4384055678573127,0.3924327605320266,1.02,0.25
max-exp-cap-V k=0.25,30005,1.1558097148759592,1.0379267211080665,0.0992723777375959,0.12718053312483174,0.5587969746378862,0.0,-0.326171875,1.3020833333333335,0.0,0.0,2.49999999975,1.439831750831158,0.3880987999572275,1.02,0.25
max-exp-cap-V k=0.25,30006,1.0364413658679108,0.9291732110209493,0.09120924075345774,0.10396487838399562,0.4962342140997789,0.0,-0.24869791666666669,1.7084635416666667,0.0,0.0,2.49999999975,1.442060038671448,0.34411480853248894,1.02,0.25
max-exp-cap-V k=0.25,30007,1.0733852217492086,0.9623180920453704,0.09492315759158752,0.12103302813071805,0.5819327908194236,0.0,-0.24830729166666665,1.6884114583333334,0.0,0.0,2.49999999975,1.3940439510972324,0.4174422121780253,1.02,0.25
max-exp-cap-V k=0.25,30008,1.0921429494290935,0.9795064435447427,0.09575075327624269,0.12397491387472036,0.5863974619539831,0.0,-0.2692708333333333,1.6583333333333332,0.0,0.0,2.4999999997500004,1.454283552760927,0.4032208580236775,1.02,0.25
max-exp-cap-V k=0.25,30009,1.16760291191574,1.050352750277159,0.10043216619157402,0.12534537781593927,0.5651550223567156,0.0,-0.32656250000000003,1.5106770833333334,0.0,0.0,2.49999999975,1.492049069101317,0.37877777216611025,1.02,0.25
max-exp-cap-V k=0.25,30010,1.0913241464119794,0.9784356142617731,0.09515455005786459,0.12499829994398926,0.5721846359369666,0.0,-0.27955729166666665,1.4708333333333332,0.0,0.0,2.49999999975,1.4015521692152573,0.40825068699179307,1.02,0.25
max-exp-cap-V k=0.25,30011,1.1703680221970092,1.0518323865384764,0.10068263555303422,0.12309368967526754,0.546276978398304,0.0,-0.3270833333333334,1.4872395833333334,0.0,0.0,2.4999999997500004,1.4649717753990856,0.3728924936110035,1.02,0.25
max-exp-cap-V k=0.25,30012,1.0866385902612414,0.9764681732168897,0.09413911944279081,0.11136246918373807,0.5135289375475286,0.0,-0.2904947916666667,1.5384114583333335,0.0,0.0,2.49999999975,1.46773479346179,0.34987856105551773,1.02,0.25
max-exp-cap-V k=0.25,30013,1.1188472347080771,1.0039663081214822,0.09705399430414108,0.1189662141273024,0.5596668225392732,0.0,-0.29661458333333335,1.4352864583333333,0.0,0.0,2.49999999975,1.481339359357487,0.37781134957625234,1.02,0.25
max-exp-cap-V k=0.25,30014,1.0892208688944822,0.9736032390476979,0.09497677438944824,0.12330681207716106,0.5642930199475309,0.0,-0.27890625,1.4865885416666667,0.0,0.0,2.49999999975,1.446862365122903,0.39001154052382675,1.02,0.25
max-exp-cap-V k=0.25,30015,1.0969249835969122,0.9821455751756826,0.09508963377635786,0.12600936724675255,0.59666238878081,0.0,-0.29205729166666666,1.5895833333333333,0.0,0.0,2.49999999975,1.542804711954244,0.38673876489852566,1.02,0.25
max-exp-cap-V k=0.25,30016,1.1789561125746495,1.0599024480195645,0.10280446542413162,0.1251637864925707,0.5858597527712637,0.0,-0.3018229166666667,1.496875,0.0,0.0,2.4999999997500004,1.5183806321670714,0.3858451170673257,1.02,0.25
max-exp-cap-V k=0.25,30017,1.0805448608775001,0.9692734015013456,0.09523547567108336,0.12231530115015328,0.5957205362876457,0.0,-0.25638020833333336,1.642578125,0.0,0.0,2.49999999975,1.469128055464489,0.40549258730158744,1.02,0.25
max-exp-cap-V k=0.25,30018,1.1475319555942038,1.0314630372721518,0.0995578830594204,0.11372748409295756,0.5184700441716259,0.0,-0.30390625,1.4067708333333333,0.0,0.0,2.4999999997500004,1.4688895614733433,0.35296734197742125,1.02,0.25
max-exp-cap-V k=0.25,30019,1.1387887802960472,1.0216907823466888,0.09738799261293805,0.11895780536939397,0.5256434606936328,0.0,-0.32981770833333335,1.2143229166666667,0.0,0.0,2.49999999975,1.454499517920456,0.3613912924805653,1.02,0.25
max-exp-cap-V k=0.25,30020,1.1698271901155408,1.0538349427783347,0.10168323984488743,0.11446506586025817,0.5431075522547298,0.0,-0.30598958333333337,1.5377604166666667,0.0,0.0,2.49999999975,1.5098013103226369,0.35972120870571406,1.02,0.25
max-exp-cap-V k=0.25,30021,1.0854876341660193,0.9734798261724067,0.09553444049993527,0.1221281324100306,0.5581133085907399,0.0,-0.2602864583333333,1.508984375,0.0,0.0,2.49999999975,1.4114634718677361,0.3954146314903989,1.02,0.25
max-exp-cap-V k=0.25,30022,1.073705164971672,0.9627979609988936,0.0946231206638339,0.12956375718270524,0.6231252738636868,0.0,-0.2549479166666666,1.6915364583333334,0.0,0.0,2.49999999975,1.426497991637877,0.4368216972729324,1.02,0.25
max-exp-cap-V k=0.25,30023,1.0872015226827692,0.9770727787504928,0.09417588143494358,0.12089549670743448,0.5537924676464513,0.0,-0.2908854166666667,1.4613281249999999,0.0,0.0,2.49999999975,1.4066202880719345,0.39370430836422743,1.02,0.25
max-exp-cap-V k=0.25,30024,1.132126917597763,1.016283359427142,0.0969236292597763,0.12440184700369916,0.5691365125839675,0.0,-0.32578125,1.41328125,0.0,0.0,2.49999999975,1.4958895298925752,0.38046694037950723,1.02,0.25
max-exp-cap-V k=0.25,30025,1.1018736878760609,0.9905274884506606,0.09626809795427277,0.12249937636965666,0.5795502687506596,0.0,-0.27838541666666666,1.58515625,0.0,0.0,2.4999999997500004,1.5074062879886285,0.384468522765663,1.02,0.25
max-exp-cap-V k=0.25,30026,1.1273898479781816,1.0118345013241203,0.09825330771448483,0.12219982875927017,0.5698988169075837,0.0,-0.28971354166666663,1.4561197916666664,0.0,0.0,2.4999999997500004,1.4880775765294785,0.3829765503467313,1.02,0.25
max-exp-cap-V k=0.25,30027,1.1278931074974208,1.0130220507876202,0.0984338419997421,0.12472084618716771,0.5914135603510285,0.0,-0.287109375,1.6595052083333335,0.0,0.0,2.49999999975,1.505865258409063,0.3927400257416478,1.02,0.25
max-exp-cap-V k=0.25,30028,1.0725068527556,0.9615164260266256,0.0939759456922267,0.1296418890162357,0.6311019914612062,0.0,-0.2654947916666667,1.6970052083333333,0.0,0.0,2.49999999975,1.5182094228171157,0.41568836418507005,1.02,0.25
max-exp-cap-V k=0.25,30029,1.0860218116584996,0.9757761747164293,0.09566598324918328,0.11667281071407949,0.5491708032881525,0.0,-0.2587239583333333,1.5635416666666668,0.0,0.0,2.49999999975,1.4038831814375026,0.3911798435578026,1.02,0.25
max-exp-cap-V k=0.25,30030,1.0974610241184921,0.9825549127783597,0.09468099824518254,0.12310295432275231,0.555721812004188,0.0,-0.3013020833333333,1.4289062499999998,0.0,0.0,2.49999999975,1.4270091256796207,0.3894311549966596,1.02,0.25
max-exp-cap-V k=0.25,30031,1.139870676200186,1.023765469321231,0.09936467178668526,0.12641411278301196,0.6006872634197398,0.0,-0.2924479166666667,1.69453125,0.0,0.0,2.49999999975,1.497169429547167,0.4012152877055627,1.02,0.25
max-exp-cap-V k=0.25,30032,1.112069037010492,0.9981358283135999,0.0966691432843825,0.12187581517517904,0.5670955769316165,0.0,-0.29075520833333335,1.4683593750000001,0.0,0.0,2.49999999975,1.4849354586476087,0.38189914156140736,1.02,0.25
max-exp-cap-V k=0.25,30033,1.1404498192143664,1.0242681262211228,0.10005409650476997,0.12743816397242352,0.5976819007615432,0.0,-0.27981770833333336,1.5390624999999998,0.0,0.0,2.4999999997500004,1.4572415921609108,0.4101460622430177,1.02,0.25
max-exp-cap-V k=0.25,30034,1.116917148493112,1.003282591955064,0.09691957943264452,0.11079799910200303,0.5055213700829222,0.0,-0.2954427083333334,1.5355468749999999,0.0,0.0,2.49999999975,1.471903326992346,0.3434473995760938,1.02,0.25
max-exp-cap-V k=0.25,30035,1.1313672309177303,1.0164932360179877,0.09931510850843972,0.13172791385738591,0.6054013012762475,0.0,-0.27643229166666666,1.4782552083333336,0.0,0.0,2.4999999997500004,1.4072988012673868,0.4301867526150342,1.02,0.25
max-exp-cap-V k=0.25,30036,1.1076768087852604,0.9949738571806696,0.09746038921185936,0.12471637292661478,0.598573317882544,0.0,-0.2661458333333334,1.6131510416666666,0.0,0.0,2.49999999975,1.4219477044103308,0.4209531166483841,1.02,0.25
max-exp-cap-V k=0.25,30037,1.0834893193408761,0.9729475382841475,0.09454033818408761,0.11753776772397265,0.5528878776265191,0.0,-0.27617187499999996,1.4986979166666667,0.0,0.0,2.49999999975,1.4427022008913142,0.38323077159301494,1.02,0.25
max-exp-cap-V k=0.25,30038,1.1268702730333724,1.011162809513193,0.09625473563667057,0.12124463429823434,0.5437880240108325,0.0,-0.32864583333333325,1.3856770833333334,0.0,0.0,2.49999999975,1.5116346835029266,0.3597350801390101,1.02,0.25
max-exp-cap-V k=0.25,30039,1.131145715791853,1.016612286074919,0.09878514449585195,0.12408762934373067,0.6016425756239987,0.0,-0.28658854166666664,1.716796875,0.0,0.0,2.49999999975,1.5290999994120704,0.39346188990604053,1.02,0.25
max-exp-cap-V k=0.25,30040,1.117564705164765,1.0057756008464596,0.09859891843314314,0.12141761635277018,0.5930484019383666,0.0,-0.2631510416666667,1.6279947916666666,0.0,0.0,2.49999999975,1.484324561959591,0.3995409205891128,1.02,0.25
max-exp-cap-V k=0.25,30041,1.1642015282872404,1.0454148766358842,0.09977952782872404,0.12382297629696448,0.5711478655289584,0.0,-0.33281250000000007,1.4440104166666667,0.0,0.0,2.49999999975,1.5623717074779815,0.3655646494334688,1.02,0.25
max-exp-cap-V k=0.25,30042,1.1249046080390652,1.0120437919941825,0.09955426288723984,0.11949049196771258,0.6104943597396759,0.0,-0.25872395833333334,1.8816406250000002,0.0,0.0,2.49999999975,1.5059330263054684,0.4053927691840402,1.02,0.25
max-exp-cap-V k=0.25,30043,1.1325794182792794,1.0162941242829735,0.09956653557792794,0.12191879415049484,0.5834222761737728,0.0,-0.273828125,1.62265625,0.0,0.0,2.4999999997500004,1.4709729232137625,0.3966233959623944,1.02,0.25
max-exp-cap-V k=0.25,30044,1.1198979588467262,1.0044401069221693,0.09594812921800597,0.11890740887967306,0.5220380274888348,0.0,-0.3208333333333333,1.4201822916666667,0.0,0.0,2.49999999975,1.4271412943647186,0.36579281221150295,1.02,0.25
max-exp-cap-V k=0.25,30045,1.1378651312378534,1.020709902194925,0.09786854437378534,0.12077749946143672,0.5401635474255714,0.0,-0.318359375,1.368359375,0.0,0.0,2.4999999997500004,1.4658862252982856,0.3684894080477878,1.02,0.25
max-exp-cap-V k=0.25,30046,1.0931431003869034,0.9811247531621858,0.09571404962202365,0.12302559404194337,0.5863262161645844,0.0,-0.27200520833333336,1.5914062500000001,0.0,0.0,2.49999999975,1.4857846863403597,0.394623946225187,1.02,0.25
max-exp-cap-V k=0.25,30047,1.1280705426351025,1.0123669716545265,0.09845158551351027,0.12625398503485089,0.5907544118562328,0.0,-0.287109375,1.6100260416666665,0.0,0.0,2.49999999975,1.4598853903674178,0.40465807504762696,1.02,0.25
max-exp-cap-V k=0.25,30048,1.1507522745441596,1.0344784225414219,0.1006741857877493,0.12452422204983092,0.5818111028080989,0.0,-0.28802083333333334,1.5708333333333335,0.0,0.0,2.49999999975,1.432845307909632,0.40605297696574033,1.02,0.25
max-exp-cap-V k=0.25,30049,1.1054143063335582,0.9939696898360113,0.09681747230002248,0.1246721253901827,0.5895742208894708,0.0,-0.2744791666666667,1.630859375,0.0,0.0,2.49999999975,1.4829298291451365,0.3975739170540134,1.02,0.25
max-exp-cap-V k=0.5,30000,1.173025389741431,1.0541951343875737,0.10026477855747642,0.1276961988039179,0.5897000128342884,0.0,-0.3407552083333333,1.6037760416666667,0.0,0.0,2.49999999975,1.5169382715170543,0.3887435790281323,1.02,0.5
max-exp-cap-V k=0.5,30001,1.150081355915731,1.0333933374072872,0.09735839600823978,0.11814674054753797,0.5522868778051515,0.0,-0.35299479166666664,1.6251302083333334,0.0,0.0,2.49999999975,1.5316872244537068,0.3605741883772196,1.02,0.5
max-exp-cap-V k=0.5,30002,1.1305643458235008,1.0142889479427604,0.09707987208235007,0.1204911020287024,0.5679497109939539,0.0,-0.31953125000000004,1.5889322916666666,0.0,0.0,2.49999999975,1.4198959517106295,0.3999938941368996,1.02,0.5
max-exp-cap-V k=0.5,30003,1.1196478673023886,1.0056498475448492,0.09639838048023885,0.1258165300553527,0.5768138466464183,0.0,-0.31132812499999996,1.5613281250000002,0.0,0.0,2.49999999975,1.365947860229405,0.42228101338329627,1.02,0.5
max-exp-cap-V k=0.5,30004,1.1467993331660022,1.0289613551465369,0.09657446456660021,0.1226381960628691,0.5644774677588825,0.0,-0.36210937499999996,1.45859375,0.0,0.0,2.49999999975,1.4833508072227652,0.38054212463452075,1.02,0.5
max-exp-cap-V k=0.5,30005,1.1718280420845542,1.0513538217574727,0.09815936670845542,0.12718053312483174,0.5587969746378862,0.0,-0.38046875,1.3020833333333335,0.0,0.0,2.49999999975,1.4854960173483462,0.3761686117714103,1.02,0.5
max-exp-cap-V k=0.5,30006,1.0489543868395739,0.9399621727799775,0.09028606368395739,0.10396487838399562,0.4962342140997789,0.0,-0.29218750000000004,1.7084635416666667,0.0,0.0,2.49999999975,1.4008872854641818,0.35422850878067075,1.02,0.5
max-exp-cap-V k=0.5,30007,1.0935211414246897,0.9798912014571961,0.09478180164246898,0.1210386703665244,0.5819599189684914,0.0,-0.29140625,1.6884114583333334,0.0,0.0,2.49999999975,1.3966957740755999,0.4166690626336722,1.02,0.5
max-exp-cap-V k=0.5,30008,1.1262007239167084,1.0102367464237587,0.09618127030833751,0.12397491387472036,0.5863974619539831,0.0,-0.32877604166666663,1.6583333333333332,0.0,0.0,2.49999999975,1.4609913133788373,0.40136957460603967,1.02,0.5
max-exp-cap-V k=0.5,30009,1.190387233079956,1.0705617877616653,0.10024966080799562,0.12534537781593927,0.5651550223567156,0.0,-0.37578125,1.5106770833333334,0.0,0.0,2.49999999975,1.481398803406162,0.38150093078059844,1.02,0.5
max-exp-cap-V k=0.5,30010,1.1057591689054245,0.9902536334230114,0.09404596897387577,0.12499829994398926,0.5721846359369666,0.0,-0.33059895833333336,1.4708333333333332,0.0,0.0,2.49999999975,1.4556538930271792,0.3930773920076914,1.02,0.5
max-exp-cap-V k=0.5,30011,1.1404819302811888,1.0231576014537722,0.09698439094478555,0.12309368967526754,0.546276978398304,0.0,-0.34127604166666675,1.4872395833333334,0.0,0.0,2.49999999975,1.393558728414547,0.3920014042176779,1.02,0.5
max-exp-cap-V k=0.5,30012,1.0933530421427329,0.9821077371703434,0.09320900213093997,0.1111449727716984,0.5125259901253512,0.0,-0.32252604166666665,1.5384114583333335,0.0,0.0,2.49999999975,1.4148868947276672,0.3622381351012517,1.02,0.5
max-exp-cap-V k=0.5,30013,1.1363496195693759,1.0198093971597533,0.09728079529027092,0.1189662141273024,0.5596668225392732,0.0,-0.3270833333333333,1.4352864583333333,0.0,0.0,2.49999999975,1.4309926263933224,0.39110391780973675,1.02,0.5
max-exp-cap-V k=0.5,30014,1.0935396461794962,0.9768873875610375,0.0937940687846163,0.12330681207716106,0.5642930199475309,0.0,-0.31119791666666663,1.4865885416666667,0.0,0.0,2.49999999975,1.3760971677050424,0.4100677141052611,1.02,0.5
max-exp-cap-V k=0.5,30015,1.1268420981460503,1.009127421582275,0.09554879314793836,0.12600936724675255,0.59666238878081,0.0,-0.3427083333333333,1.5895833333333333,0.0,0.0,2.49999999975,1.5065151212330394,0.3960546962797552,1.02,0.5
max-exp-cap-V k=0.5,30016,1.1773389152942635,1.0574412186926598,0.10104769361275967,0.12450285024828263,0.5827660788298863,0.0,-0.3337239583333333,1.496875,0.0,0.0,2.49999999975,1.4516692434281808,0.40144549556871406,1.02,0.5
max-exp-cap-V k=0.5,30017,1.0906172078079068,0.9773974666463319,0.09400963744745736,0.12231530115015328,0.5957205362876457,0.0,-0.30104166666666665,1.642578125,0.0,0.0,2.49999999975,1.4639621461585925,0.40692345621832127,1.02,0.5
max-exp-cap-V k=0.5,30018,1.1713978565744836,1.0520840457188165,0.09898223357411502,0.11372748409295756,0.5184700441716259,0.0,-0.3631510416666667,1.4067708333333333,0.0,0.0,2.49999999975,1.5444431139953272,0.33570031778664433,1.02,0.5
max-exp-cap-V k=0.5,30019,1.1660793248330807,1.0466973719943715,0.09794256789997471,0.11876154315788333,0.524776229260256,0.0,-0.37330729166666676,1.2143229166666667,0.0,0.0,2.49999999975,1.4266875933044514,0.3678284101740767,1.02,0.5
max-exp-cap-V k=0.5,30020,1.187968796552791,1.0698943496718438,0.1016809942386124,0.11439925616456584,0.542795302028222,0.0,-0.3423177083333333,1.5377604166666667,0.0,0.0,2.49999999975,1.469661160366686,0.36933363734862024,1.02,0.5
max-exp-cap-V k=0.5,30021,1.112977522366982,0.9982875507199395,0.09589410640336488,0.12205067181274068,0.5577593214349081,0.0,-0.3080729166666667,1.508984375,0.0,0.0,2.49999999975,1.3896957215398351,0.401353557321807,1.02,0.5
max-exp-cap-V k=0.5,30022,1.1075772909758996,0.9928875018084621,0.09497647909758997,0.12956375718270524,0.6231252738636868,0.0,-0.315625,1.6915364583333334,0.0,0.0,2.49999999975,1.4451627461534926,0.4311800006762033,1.02,0.5
max-exp-cap-V k=0.5,30023,1.1214200597186919,1.006960864789973,0.09402351638853586,0.12095326797690859,0.554057103590324,0.0,-0.3623697916666667,1.4613281249999999,0.0,0.0,2.49999999975,1.4668880958314652,0.37770918256465363,1.02,0.5
max-exp-cap-V k=0.5,30024,1.1590206032231942,1.040361034880596,0.09695023740565276,0.124410898043717,0.5691779209510864,0.0,-0.3790364583333333,1.41328125,0.0,0.0,2.49999999975,1.5053694674196914,0.3780984889554703,1.02,0.5
max-exp-cap-V k=0.5,30025,1.1163639411077346,1.0035205219794252,0.09592024827744014,0.12209605181533775,0.577642121454106,0.0,-0.3143229166666667,1.58515625,0.0,0.0,2.49999999975,1.4552853566432626,0.3969270485800021,1.02,0.5
max-exp-cap-V k=0.5,30026,1.1430020753561856,1.0257839030210987,0.09785489503561855,0.12219982875927017,0.5698988169075837,0.0,-0.32890624999999996,1.4561197916666664,0.0,0.0,2.49999999975,1.4413671518144717,0.39538768188949214,1.02,0.5
max-exp-cap-V k=0.5,30027,1.1221569404118372,1.0061394376966084,0.09597871487451706,0.12472084618716771,0.5914135603510285,0.0,-0.3247395833333334,1.6595052083333335,0.0,0.0,2.4999999997499995,1.4823257881008187,0.39897677359358213,1.02,0.5
max-exp-cap-V k=0.5,30028,1.104404276162328,0.9907530891338681,0.09466568803289947,0.1296418890162357,0.6311019914612062,0.0,-0.3154947916666667,1.6970052083333333,0.0,0.0,2.4999999997500004,1.4831455427865863,0.42551588718357974,1.02,0.5
max-exp-cap-V k=0.5,30029,1.0885328216553354,0.9763852259336441,0.09359937591553355,0.11667281071407949,0.5491708032881525,0.0,-0.30507812500000003,1.5635416666666668,0.0,0.0,2.4999999997499995,1.407797791053894,0.39009210468858374,1.02,0.5
max-exp-cap-V k=0.5,30030,1.117416304179484,1.0002139676190869,0.09429371375128173,0.12310295432275231,0.555721812004188,0.0,-0.34895833333333337,1.4289062499999998,0.0,0.0,2.49999999975,1.440098737509199,0.38589146530700175,1.02,0.5
max-exp-cap-V k=0.5,30031,1.168929764420127,1.0495191933998258,0.09924974727534604,0.12641411278301196,0.6006872634197398,0.0,-0.3528645833333333,1.69453125,0.0,0.0,2.4999999997500004,1.499061058601578,0.4007090037947487,1.02,0.5
max-exp-cap-V k=0.5,30032,1.1485368033413696,1.0302312948508665,0.09687190950080363,0.12187581517517904,0.5670955769316165,0.0,-0.35963541666666665,1.4683593750000001,0.0,0.0,2.49999999975,1.5439753751888945,0.3672957393263065,1.02,0.5
max-exp-cap-V k=0.5,30033,1.1749318321719,1.0553751288501054,0.10084604780052334,0.12743816397242352,0.5976819007615432,0.0,-0.3329427083333333,1.5390624999999998,0.0,0.0,2.49999999975,1.4322691280711126,0.4172972027725421,1.02,0.5
max-exp-cap-V k=0.5,30034,1.1159209089885531,1.0017527964667146,0.09545276798218864,0.11041507722129246,0.5037742699968157,0.0,-0.3227864583333333,1.5355468749999999,0.0,0.0,2.49999999975,1.396949442822867,0.36062455415624817,1.02,0.5
max-exp-cap-V k=0.5,30035,1.142868761459626,1.025957116114204,0.09825171989596261,0.13172791385738591,0.6054013012762475,0.0,-0.32070312500000003,1.4782552083333336,0.0,0.0,2.49999999975,1.3978135656370263,0.4331058992122083,1.02,0.5
max-exp-cap-V k=0.5,30036,1.1511882571119334,1.03389333720604,0.09828288821119335,0.12471637292661478,0.598573317882544,0.0,-0.33671874999999996,1.6131510416666666,0.0,0.0,2.49999999975,1.4969396401783555,0.3998646984932712,1.02,0.5
max-exp-cap-V k=0.5,30037,1.1004973673711145,0.9880692370016536,0.0943140596537781,0.11753776772397265,0.5528878776265191,0.0,-0.31471354166666665,1.4986979166666667,0.0,0.0,2.49999999975,1.3664763251760874,0.40460845712440185,1.02,0.5
max-exp-cap-V k=0.5,30038,1.147955105170635,1.029716900523803,0.09583717718373015,0.12124463429823434,0.5437880240108325,0.0,-0.37916666666666665,1.3856770833333334,0.0,0.0,2.49999999975,1.5254800561308395,0.3564700972820795,1.02,0.5
max-exp-cap-V k=0.5,30039,1.1520169160130638,1.0351036361437351,0.09840481660130637,0.12408762934373067,0.6016425756239987,0.0,-0.3359375,1.716796875,0.0,0.0,2.4999999997500004,1.4966060710633406,0.4020046338556751,1.02,0.5
max-exp-cap-V k=0.5,30040,1.1239502091679272,1.0105652299368395,0.09729736466679272,0.12141761635277018,0.5930484019383666,0.0,-0.30195312500000004,1.6279947916666666,0.0,0.0,2.49999999975,1.4710910808667328,0.4031350673331227,1.02,0.5
max-exp-cap-V k=0.5,30041,1.1748996416404176,1.0541041871255914,0.0986162662473751,0.12382297629696448,0.5711478655289584,0.0,-0.3774739583333333,1.4440104166666667,0.0,0.0,2.4999999997499995,1.5308300968960726,0.37309683595000115,1.02,0.5
max-exp-cap-V k=0.5,30042,1.1361674362314416,1.0219777212043102,0.09875997278981083,0.11949049196771258,0.6104943597396759,0.0,-0.29713541666666665,1.8816406250000002,0.0,0.0,2.49999999975,1.430173519226717,0.42686733569907315,1.02,0.5
max-exp-cap-V k=0.5,30043,1.151056096430087,1.0325344830699277,0.09894024505967539,0.12191879415049484,0.5834222761737728,0.0,-0.3233072916666666,1.62265625,0.0,0.0,2.49999999975,1.4440577395035201,0.4040158923107594,1.02,0.5
max-exp-cap-V k=0.5,30044,1.1382228632424483,1.0206495242208118,0.0956842654909115,0.11890740887967306,0.5220380274888348,0.0,-0.3627604166666667,1.4201822916666667,0.0,0.0,2.49999999975,1.41072051210006,0.37005063937980615,1.02,0.5
max-exp-cap-V k=0.5,30045,1.15906445776908,1.0388115942848326,0.09712389369357467,0.12077749946143672,0.5401635474255714,0.0,-0.3756510416666667,1.368359375,0.0,0.0,2.49999999975,1.5339764669156493,0.3521328775738474,1.02,0.5
max-exp-cap-V k=0.5,30046,1.086583789589034,0.973709223478874,0.09339145187557005,0.12302559404194337,0.5863262161645844,0.0,-0.3053385416666667,1.5914062500000001,0.0,0.0,2.49999999975,1.4542070268321732,0.40319308416617283,1.02,0.5
max-exp-cap-V k=0.5,30047,1.1455813633092355,1.0265083016131902,0.09700605299759023,0.12625398503485089,0.5907544118562328,0.0,-0.3510416666666666,1.6100260416666665,0.0,0.0,2.4999999997500004,1.5407665017118801,0.3834159239572451,1.02,0.5
max-exp-cap-V k=0.5,30048,1.1741176358293468,1.054800599666762,0.10030889899960134,0.12452422204983092,0.5818111028080989,0.0,-0.34205729166666665,1.5708333333333335,0.0,0.0,2.49999999975,1.4428476394060878,0.4032380737356211,1.02,0.5
max-exp-cap-V k=0.5,30049,1.1361086827665512,1.0217930048914605,0.09736086827665512,0.1246721253901827,0.5895742208894708,0.0,-0.32500000000000007,1.630859375,0.0,0.0,2.49999999975,1.4935146525678307,0.3947562348155096,1.02,0.5
max-exp-cap-V k=0.75,30000,1.1598735217926743,1.0411899178590915,0.09389099801260078,0.1276961988039179,0.5897000128342884,0.0,-0.44192708333333336,1.6037760416666667,0.0,0.0,2.49999999975,1.3836469018870186,0.42619255825316066,1.02,0.75
max-exp-cap-V k=0.75,30001,1.1304080149952311,1.0142246383892988,0.09071658274952311,0.11764822811703357,0.5499565395113113,0.0,-0.44648437499999993,1.6251302083333334,0.0,0.0,2.4999999997500004,1.4183053194354025,0.3877561001676546,1.02,0.75
max-exp-cap-V k=0.75,30002,1.1788571429116592,1.0589918388761703,0.09513180804116592,0.1204911020287024,0.5679497109939539,0.0,-0.45507812500000006,1.5889322916666666,0.0,0.0,2.49999999975,1.39260440910599,0.4078327680712719,1.02,0.75
max-exp-cap-V k=0.75,30003,1.1052993030725236,0.9896646762389907,0.08891534697391903,0.1258165300553527,0.5768138466464183,0.0,-0.43229166666666663,1.5613281250000002,0.0,0.0,2.49999999975,1.4074910282459168,0.40981706815230756,1.02,0.75
max-exp-cap-V k=0.75,30004,1.1806057597223845,1.0589395704946483,0.09303453430557176,0.1226381960628691,0.5644774677588825,0.0,-0.5005208333333333,1.45859375,0.0,0.0,2.4999999997500004,1.4934006594826097,0.3779812632160256,1.02,0.75
max-exp-cap-V k=0.75,30005,1.1725429654454347,1.0494027994176172,0.09211757779454346,0.12718053312483174,0.5587969746378862,0.0,-0.502734375,1.3020833333333335,0.0,0.0,2.49999999975,1.4878642679608807,0.37556985987956953,1.02,0.75
max-exp-cap-V k=0.75,30006,1.0903927588555193,0.9765490760865742,0.08741167171888524,0.10396487838399562,0.4962342140997789,0.0,-0.4325520833333334,1.7084635416666667,0.0,0.0,2.49999999975,1.4579883842422032,0.34035539614926297,1.02,0.75
max-exp-cap-V k=0.75,30007,1.154917374580981,1.03485842589378,0.09288757079143144,0.12121516750119969,0.5828085259292484,0.0,-0.4520833333333334,1.6884114583333334,0.0,0.0,2.49999999975,1.4796485561632542,0.39388307683040463,1.02,0.75
max-exp-cap-V k=0.75,30008,1.1296938471824016,1.012058769350206,0.09083396805157351,0.12397491387472036,0.5863974619539831,0.0,-0.44270833333333326,1.6583333333333332,0.0,0.0,2.49999999975,1.456780734747587,0.4025296655612259,1.02,0.75
max-exp-cap-V k=0.75,30009,1.238000428173096,1.1130659411315107,0.09751749073397628,0.12534537781593927,0.5651550223567156,0.0,-0.5256510416666667,1.5106770833333334,0.0,0.0,2.49999999975,1.5788262469729029,0.3579589732817605,1.02,0.75
max-exp-cap-V k=0.75,30010,1.1477215686825435,1.0290399982736333,0.09197267770158768,0.12499829994398926,0.5721846359369666,0.0,-0.45598958333333334,1.4708333333333332,0.0,0.0,2.4999999997500004,1.3667263528461007,0.4186534010597197,1.02,0.75
max-exp-cap-V k=0.75,30011,1.1155665851311212,0.9982349640538584,0.08883530434644545,0.12309368967526754,0.546276978398304,0.0,-0.45442708333333337,1.4872395833333334,0.0,0.0,2.4999999997500004,1.3606433270612504,0.4014843328399412,1.02,0.75
max-exp-cap-V k=0.75,30012,1.0602451268376063,0.9508459646012446,0.08513909601709396,0.11072275828409668,0.5105790203892766,0.0,-0.41770833333333335,1.5384114583333335,0.0,0.0,2.49999999975,1.3122960139143713,0.38907305590779034,1.02,0.75
max-exp-cap-V k=0.75,30013,1.1396666761053327,1.0206681621066584,0.09072448011053327,0.1189662141273024,0.5596668225392732,0.0,-0.4648437500000001,1.4352864583333333,0.0,0.0,2.49999999975,1.4642055198403194,0.3822324222628995,1.02,0.75
max-exp-cap-V k=0.75,30014,1.0789509356154143,0.9626324052635074,0.08700967689487478,0.12330681207716106,0.5642930199475309,0.0,-0.41770833333333335,1.4865885416666667,0.0,0.0,2.49999999975,1.338606343055643,0.4215526266366082,1.02,0.75
max-exp-cap-V k=0.75,30015,1.1585237308068113,1.0373240221680262,0.0928510709973478,0.12600936724675255,0.59666238878081,0.0,-0.4600260416666666,1.5895833333333333,0.0,0.0,2.49999999975,1.4811850245096618,0.4028277216604535,1.02,0.75
max-exp-cap-V k=0.75,30016,1.1662827596695033,1.0447260640464426,0.09347723430028368,0.12468096814856251,0.583599803279636,0.0,-0.4630208333333333,1.496875,0.0,0.0,2.49999999975,1.4696475168087288,0.39710188776890926,1.02,0.75
max-exp-cap-V k=0.75,30017,1.1252262652501743,1.007916046013716,0.09102523069168408,0.12231530115015328,0.5957205362876457,0.0,-0.4299479166666667,1.642578125,0.0,0.0,2.49999999975,1.4918101684420608,0.3993273064425974,1.02,0.75
max-exp-cap-V k=0.75,30018,1.1585026678484136,1.0394353920032642,0.09238021470150802,0.11372748409295756,0.5184700441716259,0.0,-0.46940104166666663,1.4067708333333333,0.0,0.0,2.49999999975,1.4504816826163274,0.35744680569590376,1.02,0.75
max-exp-cap-V k=0.75,30019,1.1623456338219837,1.0418717501696153,0.09230878213219836,0.11838800141172694,0.5231256458827848,0.0,-0.478515625,1.2143229166666667,0.0,0.0,2.4999999997499995,1.3737537411631093,0.3808001610535179,1.02,0.75
max-exp-cap-V k=0.75,30020,1.2178290554090014,1.0954419800047148,0.09748603054090013,0.11453505219731966,0.5434396195796125,0.0,-0.4859375,1.5377604166666667,0.0,0.0,2.49999999975,1.552488972603479,0.3500441092784576,1.02,0.75
max-exp-cap-V k=0.75,30021,1.1744410987815679,1.0540183898730238,0.0945534848781568,0.12226462855538978,0.5587370822765647,0.0,-0.4578125,1.508984375,0.0,0.0,2.4999999997500004,1.4498212191205109,0.38538343549386406,1.02,0.75
max-exp-cap-V k=0.75,30022,1.1280051728265224,1.0101744414007163,0.09064556936598558,0.12956375718270524,0.6231252738636868,0.0,-0.44309895833333335,1.6915364583333334,0.0,0.0,2.4999999997500004,1.4798645097750116,0.42106913825403003,1.02,0.75
max-exp-cap-V k=0.75,30023,1.122066054410102,1.0066073533046394,0.08888629294101019,0.12094059850266824,0.5539990678520671,0.0,-0.46640625,1.4613281249999999,0.0,0.0,2.49999999975,1.4536711205965167,0.3811034421766132,1.02,0.75
max-exp-cap-V k=0.75,30024,1.1623687670727567,1.0427080697308155,0.09136057462394231,0.1243548968978952,0.5689217165811242,0.0,-0.4975260416666667,1.41328125,0.0,0.0,2.49999999975,1.4467146208166959,0.393250823897776,1.02,0.75
max-exp-cap-V k=0.75,30025,1.1461134702236941,1.0284965491181561,0.09131707618903608,0.12290311036686354,0.5814603531406319,0.0,-0.4658854166666667,1.58515625,0.0,0.0,2.49999999975,1.559580130926968,0.3728313419811454,1.02,0.75
max-exp-cap-V k=0.75,30026,1.1366516719306108,1.0175104906905081,0.09073547969306106,0.12219982875927017,0.5698988169075837,0.0,-0.4585937499999999,1.4561197916666664,0.0,0.0,2.49999999975,1.4511114169256516,0.39273263945161474,1.02,0.75
max-exp-cap-V k=0.75,30027,1.153049472938076,1.0337363323235826,0.09242083271047427,0.12472084618716771,0.5914135603510285,0.0,-0.45768229166666663,1.6595052083333335,0.0,0.0,2.49999999975,1.4800755038547273,0.39958337180146797,1.02,0.75
max-exp-cap-V k=0.75,30028,1.1363437449066192,1.0186696447736263,0.09149244740732858,0.1296418890162357,0.6311019914612062,0.0,-0.4428385416666667,1.6970052083333333,0.0,0.0,2.49999999975,1.4870254979712134,0.42440562876846066,1.02,0.75
max-exp-cap-V k=0.75,30029,1.11249859650958,0.9975265087220959,0.08928371381762468,0.11667281071407949,0.5491708032881525,0.0,-0.4393229166666666,1.5635416666666668,0.0,0.0,2.49999999975,1.4023692566142074,0.39160214094684026,1.02,0.75
max-exp-cap-V k=0.75,30030,1.1433782675282986,1.0236840714387136,0.09103053508616318,0.12310295432275231,0.555721812004188,0.0,-0.4661458333333333,1.4289062499999998,0.0,0.0,2.49999999975,1.3580959526900438,0.40919186225645104,1.02,0.75
max-exp-cap-V k=0.75,30031,1.1606600124390447,1.04081774618653,0.09309725124390444,0.12641411278301196,0.6006872634197398,0.0,-0.459375,1.69453125,0.0,0.0,2.4999999997500004,1.4845659580516988,0.4046214721291766,1.02,0.75
max-exp-cap-V k=0.75,30032,1.1776634287605054,1.0571933653249574,0.09437441579271719,0.12187581517517904,0.5670955769316165,0.0,-0.46783854166666666,1.4683593750000001,0.0,0.0,2.49999999975,1.4716320328741441,0.3853514766351347,1.02,0.75
max-exp-cap-V k=0.75,30033,1.2212424930873107,1.096459816023739,0.09759950972539773,0.12743816397242352,0.5976819007615432,0.0,-0.49049479166666676,1.5390624999999998,0.0,0.0,2.49999999975,1.4899349878333854,0.4011462954035817,1.02,0.75
max-exp-cap-V k=0.75,30034,1.1525697175333314,1.0346970591678686,0.09210593008666648,0.11054186101387638,0.5043527273430746,0.0,-0.46302083333333344,1.5355468749999999,0.0,0.0,2.4999999997500004,1.4217663524396937,0.35473671639339727,1.02,0.75
max-exp-cap-V k=0.75,30035,1.1386497248954002,1.0198440039146914,0.09151471207287334,0.13172791385738591,0.6054013012762475,0.0,-0.44700520833333335,1.4782552083333336,0.0,0.0,2.49999999975,1.4022953934940197,0.43172166441180665,1.02,0.75
max-exp-cap-V k=0.75,30036,1.1732943515654901,1.0527319391892362,0.09417839348988236,0.12471637292661478,0.598573317882544,0.0,-0.4630208333333333,1.6131510416666666,0.0,0.0,2.49999999975,1.504061180181307,0.39797138957498324,1.02,0.75
max-exp-cap-V k=0.75,30037,1.162891952676607,1.044767812803997,0.0926368515176607,0.11753776772397265,0.5528878776265191,0.0,-0.473046875,1.4986979166666667,0.0,0.0,2.49999999975,1.4301254999884256,0.3866009504976967,1.02,0.75
max-exp-cap-V k=0.75,30038,1.1104949449057293,0.9939885979384241,0.08842579657390628,0.12124463429823434,0.5437880240108325,0.0,-0.45247395833333326,1.3856770833333334,0.0,0.0,2.49999999975,1.3723271682938347,0.39625246557415655,1.02,0.75
max-exp-cap-V k=0.75,30039,1.0422976091868974,0.9333930901801466,0.08536908383535641,0.12408762934373067,0.6016425756239987,0.0,-0.37721354166666665,1.716796875,0.0,0.0,2.4999999997500004,1.358112436467255,0.4429990915840529,1.02,0.75
max-exp-cap-V k=0.75,30040,1.1662871565463568,1.0476305060473683,0.09361439273796898,0.12141761635277018,0.5930484019383666,0.0,-0.4602864583333333,1.6279947916666666,0.0,0.0,2.49999999975,1.5911731287096667,0.37271142356412756,1.02,0.75
max-exp-cap-V k=0.75,30041,1.1697767901976681,1.048692105084335,0.09313002276976681,0.12382297629696448,0.5711478655289584,0.0,-0.47695312500000003,1.4440104166666667,0.0,0.0,2.49999999975,1.4597389070177373,0.3912671387897852,1.02,0.75
max-exp-cap-V k=0.75,30042,1.1706252268595319,1.052239508297798,0.09548700185261985,0.11949049196771258,0.6104943597396759,0.0,-0.4315104166666667,1.8816406250000002,0.0,0.0,2.49999999975,1.5497157363082306,0.3939395757792394,1.02,0.75
max-exp-cap-V k=0.75,30043,1.17404084803523,1.0523923186027575,0.09465017855352298,0.12191879415049484,0.5834222761737728,0.0,-0.455078125,1.62265625,0.0,0.0,2.49999999975,1.4500280242470491,0.40235241417263257,1.02,0.75
max-exp-cap-V k=0.75,30044,1.1359844217689437,1.0172439618618156,0.08979635884356103,0.11890740887967306,0.5220380274888348,0.0,-0.4760416666666666,1.4201822916666667,0.0,0.0,2.49999999975,1.3959957912846048,0.37395386916492906,1.02,0.75
max-exp-cap-V k=0.75,30045,1.0740924221135906,0.9598592384000535,0.0861657526280257,0.12077749946143672,0.5401635474255714,0.0,-0.4248697916666666,1.368359375,0.0,0.0,2.49999999975,1.3252470367442244,0.40759460873997344,1.02,0.75
max-exp-cap-V k=0.75,30046,1.0718158716257071,0.9592097484218134,0.08696023299590405,0.12283563083919588,0.585420872794818,0.0,-0.4044270833333333,1.5914062500000001,0.0,0.0,2.4999999997500004,1.3318342035322823,0.4395598725743553,1.02,0.75
max-exp-cap-V k=0.75,30047,1.1468860398776934,1.0268517328634768,0.09221464565443602,0.12625398503485089,0.5907544118562328,0.0,-0.4494791666666666,1.6100260416666665,0.0,0.0,2.49999999975,1.430807896463378,0.4128817106170852,1.02,0.75
max-exp-cap-V k=0.75,30048,1.1654375663559762,1.0447068946258522,0.0936596420522643,0.12452422204983092,0.5818111028080989,0.0,-0.45768229166666663,1.5708333333333335,0.0,0.0,2.4999999997499995,1.457128564709435,0.3992860457883601,1.02,0.75
max-exp-cap-V k=0.75,30049,1.1329863827090223,1.0175896270955949,0.09129994035423557,0.1246721253901827,0.5895742208894708,0.0,-0.4399739583333333,1.630859375,0.0,0.0,2.49999999975,1.442217625305091,0.4087969877394547,1.02,0.75
max-exp-cap-V k=1.0,30000,1.173284705877738,1.0518216872211579,0.09152117892110713,0.1276961988039179,0.5897000128342884,0.0,-0.5161458333333333,1.6037760416666667,0.0,0.0,2.49999999975,1.4585872061508913,0.4042953416480768,1.02,1.0
max-exp-cap-V k=1.0,30001,1.1347299041657897,1.0170845184369264,0.08828418833324565,0.11743393667388798,0.5489548161330212,0.0,-0.5037760416666667,1.6251302083333334,0.0,0.0,2.49999999975,1.3695667713747892,0.40082369666575157,1.02,1.0
max-exp-cap-V k=1.0,30002,1.1894643612819917,1.067785571039691,0.09294383196153251,0.1204911020287024,0.5679497109939539,0.0,-0.5200520833333333,1.5889322916666666,0.0,0.0,2.49999999975,1.3424704452781113,0.4230631020530923,1.02,1.0
max-exp-cap-V k=1.0,30003,1.1405404388165024,1.0215623941926413,0.0885722730483169,0.1258165300553527,0.5768138466464183,0.0,-0.5096354166666666,1.5613281250000002,0.0,0.0,2.49999999975,1.323127496478437,0.43594729017546247,1.02,1.0
max-exp-cap-V k=1.0,30004,1.1891185224053327,1.0649220895834193,0.09058502932386661,0.1226381960628691,0.5644774677588825,0.0,-0.5665364583333333,1.45859375,0.0,0.0,2.49999999975,1.4140892056307282,0.3991809466554183,1.02,1.0
max-exp-cap-V k=1.0,30005,1.2080489557993008,1.080522785569533,0.09096765599659676,0.12718053312483174,0.5587969746378862,0.0,-0.5967447916666666,1.3020833333333335,0.0,0.0,2.49999999975,1.3905124337417472,0.40186406182231144,1.02,1.0
max-exp-cap-V k=1.0,30006,1.0709957450974967,0.9575929579293647,0.08327795992641633,0.10346305324091279,0.4938389551492182,0.0,-0.4764322916666667,1.7084635416666667,0.0,0.0,2.4999999997500004,1.3081276824580046,0.3775158662044996,1.02,1.0
max-exp-cap-V k=1.0,30007,1.1649661603116586,1.0434057961997159,0.09097578269783249,0.12099949376671106,0.5817715559372073,0.0,-0.5104166666666666,1.6884114583333334,0.0,0.0,2.49999999975,1.3782829655433504,0.42209877832151815,1.02,1.0
max-exp-cap-V k=1.0,30008,1.1264623094127348,1.0071385640551433,0.08767227260794015,0.12397491387472036,0.5863974619539831,0.0,-0.4994791666666666,1.6583333333333332,0.0,0.0,2.49999999975,1.4234342395423891,0.41195964356070314,1.02,1.0
max-exp-cap-V k=1.0,30009,1.2444486451300438,1.1177012994099678,0.09500476034633773,0.12534537781593927,0.5651550223567156,0.0,-0.5888020833333333,1.5106770833333334,0.0,0.0,2.49999999975,1.5084326930104004,0.3746637320812954,1.02,1.0
max-exp-cap-V k=1.0,30010,1.154250665262735,1.0341966633183057,0.08940293110960681,0.12499829994398926,0.5721846359369666,0.0,-0.5204427083333334,1.4708333333333332,0.0,0.0,2.49999999975,1.3180949179599688,0.43409972084752707,1.02,1.0
max-exp-cap-V k=1.0,30011,1.134606016219197,1.0153137013136608,0.08766633078858638,0.12309368967526754,0.546276978398304,0.0,-0.5158854166666668,1.4872395833333334,0.0,0.0,2.49999999975,1.173905471079119,0.46535005744213453,1.02,1.0
max-exp-cap-V k=1.0,30012,1.0901142425015256,0.9764471194883731,0.0841937159168192,0.11083807327962679,0.5111107757245518,0.0,-0.49635416666666665,1.5384114583333335,0.0,0.0,2.49999999975,1.3403155805322895,0.3813361443739769,1.02,1.0
max-exp-cap-V k=1.0,30013,1.1508746257426108,1.0297733048303332,0.08881793132426105,0.1189662141273024,0.5596668225392732,0.0,-0.525390625,1.4352864583333333,0.0,0.0,2.49999999975,1.3934030474818604,0.40165465659824395,1.02,1.0
max-exp-cap-V k=1.0,30014,1.046310020901048,0.9328555838856409,0.08210496042343818,0.1216422753496122,0.5566755457708864,0.0,-0.45052083333333326,1.4865885416666667,0.0,0.0,2.49999999975,1.1578992531487466,0.4807633688829873,1.02,1.0
max-exp-cap-V k=1.0,30015,1.1665225691083212,1.0426676616103578,0.09051944441083211,0.12600936724675255,0.59666238878081,0.0,-0.52265625,1.5895833333333333,0.0,0.0,2.4999999997500004,1.528148194780989,0.3904479884991275,1.02,1.0
max-exp-cap-V k=1.0,30016,1.1659466838403403,1.0433942379466274,0.09101524130070068,0.12356114823864675,0.5783582119699122,0.0,-0.5115885416666667,1.496875,0.0,0.0,2.49999999975,1.356618851829992,0.4263232898391055,1.02,1.0
max-exp-cap-V k=1.0,30017,1.1383757883405234,1.0187934697910437,0.08903289133405234,0.12231530115015328,0.5957205362876457,0.0,-0.49609375,1.642578125,0.0,0.0,2.49999999975,1.431207055920538,0.41623644449159325,1.02,1.0
max-exp-cap-V k=1.0,30018,1.1897975646677468,1.066340315309624,0.09090683980010802,0.11372748409295756,0.5184700441716259,0.0,-0.5614583333333333,1.4067708333333333,0.0,0.0,2.49999999975,1.4635489332083733,0.3542553531401526,1.02,1.0
max-exp-cap-V k=1.0,30019,1.1806244371111345,1.0565255708529402,0.08929291246111344,0.11831788707485906,0.5228158289476033,0.0,-0.575390625,1.2143229166666667,0.0,0.0,2.49999999975,1.3638179790188636,0.383347218610301,1.02,1.0
max-exp-cap-V k=1.0,30020,1.2020918120336415,1.0794945130369253,0.09336673328669746,0.11369120837119034,0.5394357957801849,0.0,-0.5368489583333333,1.5377604166666667,0.0,0.0,2.4999999997499995,1.3952977711816734,0.3866098025250469,1.02,1.0
max-exp-cap-V k=1.0,30021,1.121678390549027,1.0049265739073636,0.08807278697156937,0.12140988634249386,0.5548309961437653,0.0,-0.4819010416666667,1.508984375,0.0,0.0,2.49999999975,1.2096240642318734,0.45868052112214713,1.02,1.0
max-exp-cap-V k=1.0,30022,1.1580499696893964,1.0370087529908432,0.09027114280227297,0.12956375718270524,0.6231252738636868,0.0,-0.5106770833333333,1.6915364583333334,0.0,0.0,2.49999999975,1.3567374770550207,0.45928212672083263,1.02,1.0
max-exp-cap-V k=1.0,30023,1.1450352727633,1.0260803124234779,0.08702956894299665,0.1208656793957022,0.5536558818918739,0.0,-0.5494791666666667,1.4613281249999999,0.0,0.0,2.49999999975,1.3755144455354444,0.4025082278771366,1.02,1.0
max-exp-cap-V k=1.0,30024,1.165937019312962,1.045326249291627,0.0889960456812962,0.12428226837225251,0.5685894422074393,0.0,-0.5519531249999999,1.41328125,0.0,0.0,2.49999999975,1.3706444803210671,0.41483364240028886,1.02,1.0
max-exp-cap-V k=1.0,30025,1.1389297612595253,1.0209903211106406,0.08852188237595252,0.12149272188812914,0.5747877394007319,0.0,-0.507421875,1.58515625,0.0,0.0,2.49999999975,1.3773180784849697,0.4173238908132174,1.02,1.0
max-exp-cap-V k=1.0,30026,1.1393994037243043,1.018608269718313,0.0880219716224304,0.12219982875927017,0.5698988169075837,0.0,-0.518359375,1.4561197916666664,0.0,0.0,2.4999999997500004,1.3876715422735213,0.41068711114005974,1.02,1.0
max-exp-cap-V k=1.0,30027,1.1776016823019877,1.0562335201979016,0.09179011614686544,0.124384983818933,0.5898209351800324,0.0,-0.5194010416666668,1.6595052083333335,0.0,0.0,2.4999999997500004,1.4069019480786131,0.4192338606009771,1.02,1.0
max-exp-cap-V k=1.0,30028,1.147076239997275,1.0274646868018598,0.08973366566639415,0.1296418890162357,0.6311019914612062,0.0,-0.4994791666666667,1.6970052083333333,0.0,0.0,2.49999999975,1.433326731434545,0.44030574301057496,1.02,1.0
max-exp-cap-V k=1.0,30029,1.1346348799339494,1.017093596362783,0.08822260257672827,0.11667281071407949,0.5491708032881525,0.0,-0.5048177083333334,1.5635416666666668,0.0,0.0,2.4999999997500004,1.3113361674138342,0.41878720112723317,1.02,1.0
max-exp-cap-V k=1.0,30030,1.185310538596925,1.05997631521259,0.09026282469302584,0.12310295432275231,0.555721812004188,0.0,-0.5653645833333334,1.4289062499999998,0.0,0.0,2.49999999975,1.3704455614793276,0.40550447797744993,1.02,1.0
max-exp-cap-V k=1.0,30031,1.1912107301648556,1.0677580775530962,0.09272133343315221,0.12641411278301196,0.6006872634197398,0.0,-0.5279947916666667,1.69453125,0.0,0.0,2.49999999975,1.4598438972474646,0.41147362711337526,1.02,1.0
max-exp-cap-V k=1.0,30032,1.1891857916009037,1.0659604585789475,0.09149670416009034,0.12187581517517904,0.5670955769316165,0.0,-0.5484375000000001,1.4683593750000001,0.0,0.0,2.49999999975,1.4271182465359438,0.39737112065389985,1.02,1.0
max-exp-cap-V k=1.0,30033,1.2470812659527846,1.1194357397455614,0.0965375536786118,0.12743816397242352,0.5976819007615432,0.0,-0.5634114583333334,1.5390624999999998,0.0,0.0,2.49999999975,1.4137265354186006,0.4227705187584749,1.02,1.0
max-exp-cap-V k=1.0,30034,1.1736085520960406,1.053328219843498,0.09107830312627072,0.11009878857007498,0.5023311873274442,0.0,-0.5256510416666667,1.5355468749999999,0.0,0.0,2.49999999975,1.3350384784154863,0.3762671978740603,1.02,1.0
max-exp-cap-V k=1.0,30035,1.1518993599240936,1.0310576817924468,0.0896365505757427,0.13172791385738591,0.6054013012762475,0.0,-0.5110677083333334,1.4782552083333336,0.0,0.0,2.49999999975,1.3596113126337188,0.4452752751104414,1.02,1.0
max-exp-cap-V k=1.0,30036,1.15583500611312,1.035515336005467,0.09010172977797867,0.12471637292661478,0.598573317882544,0.0,-0.5096354166666667,1.6131510416666666,0.0,0.0,2.49999999975,1.3635091960007455,0.438994705454276,1.02,1.0
max-exp-cap-V k=1.0,30037,1.1635419727606064,1.0441190039553894,0.08963544727606067,0.11753776772397265,0.5528878776265191,0.0,-0.5343749999999999,1.4986979166666667,0.0,0.0,2.49999999975,1.3278790156413636,0.41636916549921915,1.02,1.0
max-exp-cap-V k=1.0,30038,1.1259973033252961,1.0059952968452905,0.08580936574919629,0.12124463429823434,0.5437880240108325,0.0,-0.5358072916666666,1.3856770833333334,0.0,0.0,2.49999999975,1.3510625866179065,0.4024891440241036,1.02,1.0
max-exp-cap-V k=1.0,30039,1.0816163557072729,0.9676259337315694,0.0849780418207273,0.12408762934373067,0.6016425756239987,0.0,-0.463671875,1.716796875,0.0,0.0,2.49999999975,1.3836631776159538,0.4348186649446193,1.02,1.0
max-exp-cap-V k=1.0,30040,1.165932322440049,1.0468738034209526,0.09125469057733823,0.12141761635277018,0.5930484019383666,0.0,-0.5067708333333334,1.6279947916666666,0.0,0.0,2.4999999997500004,1.4236785201416722,0.416560616422977,1.02,1.0
max-exp-cap-V k=1.0,30041,1.1500604436232866,1.030204273097651,0.08925083602899533,0.12382297629696448,0.5711478655289584,0.0,-0.5151041666666667,1.4440104166666667,0.0,0.0,2.49999999975,1.3200221444393563,0.43268051822838016,1.02,1.0
max-exp-cap-V k=1.0,30042,1.1852039944281951,1.065222922800405,0.09404123277615285,0.11949049196771258,0.6104943597396759,0.0,-0.48958333333333337,1.8816406250000002,0.0,0.0,2.49999999975,1.431717237203919,0.42640707527692034,1.02,1.0
max-exp-cap-V k=1.0,30043,1.2035086594096445,1.078365273660149,0.09388602219096445,0.12191879415049484,0.5834222761737728,0.0,-0.529296875,1.62265625,0.0,0.0,2.4999999997500004,1.4622954139954842,0.3989770265227506,1.02,1.0
max-exp-cap-V k=1.0,30044,1.1477319116753186,1.0255180418565772,0.08693464950086519,0.11890740887967306,0.5220380274888348,0.0,-0.5567708333333334,1.4201822916666667,0.0,0.0,2.49999999975,1.2847150893147223,0.4063453693591271,1.02,1.0
max-exp-cap-V k=1.0,30045,1.0752796337826152,0.9600839900723991,0.08338082796159482,0.12077749946143672,0.5401635474255714,0.0,-0.48294270833333336,1.368359375,0.0,0.0,2.4999999997500004,1.2373724389314131,0.4365407943723501,1.02,1.0
max-exp-cap-V k=1.0,30046,1.1021096458688244,0.9857754517839428,0.08627867292021577,0.12291808704571697,0.5858138498492699,0.0,-0.4786458333333333,1.5914062500000001,0.0,0.0,2.4999999997499995,1.3393818748427615,0.43737627098921456,1.02,1.0
max-exp-cap-V k=1.0,30047,1.1811914355130302,1.0579636338302905,0.09218164355130301,0.12625398503485089,0.5907544118562328,0.0,-0.51875,1.6100260416666665,0.0,0.0,2.49999999975,1.3822377088713398,0.4273898824093077,1.02,1.0
max-exp-cap-V k=1.0,30048,1.1106458370560564,0.9935297339829722,0.08706718787227229,0.12452422204983092,0.5818111028080989,0.0,-0.47994791666666664,1.5708333333333335,0.0,0.0,2.4999999997499995,1.2457153343356007,0.4670498040536737,1.02,1.0
max-exp-cap-V k=1.0,30049,1.1173679286314506,1.002554065323653,0.08740736577981174,0.1246721253901827,0.5895742208894708,0.0,-0.4865885416666667,1.630859375,0.0,0.0,2.49999999975,1.368065405946743,0.4309547031353135,1.02,1.0
max-exp-cap-V k=1.5,30000,1.1715146582241274,1.0493968081465108,0.09026995540574606,0.1276961988039179,0.5897000128342884,0.0,-0.5376302083333333,1.6037760416666667,0.0,0.0,2.4999999997499995,1.3497341576344604,0.43690085895714065,1.02,1.5
max-exp-cap-V k=1.5,30001,1.15826827610529,1.0378352229247703,0.08831380677719569,0.11738662041836774,0.5487336323161035,0.0,-0.5502604166666666,1.6251302083333334,0.0,0.0,2.49999999975,1.358805139646202,0.4038354112047145,1.02,1.5
max-exp-cap-V k=1.5,30002,1.1715710783418942,1.0506182087195128,0.09049044116752276,0.1204911020287024,0.5679497109939539,0.0,-0.5333333333333333,1.5889322916666666,0.0,0.0,2.49999999975,1.228654338815324,0.4622534532711409,1.02,1.5
max-exp-cap-V k=1.5,30003,1.1244844256995894,1.0064565524139497,0.08659557798662561,0.1258165300553527,0.5768138466464183,0.0,-0.5170572916666667,1.5613281250000002,0.0,0.0,2.49999999975,1.2156094065477379,0.47450590916743324,1.02,1.5
max-exp-cap-V k=1.5,30004,1.1636017701109402,1.040832100337445,0.08787710409442734,0.1226381960628691,0.5644774677588825,0.0,-0.5696614583333334,1.45859375,0.0,0.0,2.49999999975,1.3087882831277464,0.43129776988062,1.02,1.5
max-exp-cap-V k=1.5,30005,1.2323566354710032,1.1024540571435206,0.09123045521376698,0.12718053312483174,0.5587969746378862,0.0,-0.6401041666666667,1.3020833333333335,0.0,0.0,2.49999999975,1.3600081359836458,0.41087767039991135,1.02,1.5
max-exp-cap-V k=1.5,30006,1.0257042779474692,0.9151827728271801,0.07893761529474692,0.1027566080520296,0.4904670253344666,0.0,-0.47265625,1.7084635416666667,0.0,0.0,2.49999999975,1.2333819426381865,0.3976602935221871,1.02,1.5
max-exp-cap-V k=1.5,30007,1.148694595942041,1.027945035770445,0.0886585220942041,0.12077871304929294,0.5807100313184274,0.0,-0.52421875,1.6884114583333334,0.0,0.0,2.4999999997499995,1.2745171181553263,0.45563140976789596,1.02,1.5
max-exp-cap-V k=1.5,30008,1.0954479282441525,0.9786881765761934,0.08466198032441526,0.12397491387472036,0.5863974619539831,0.0,-0.49765624999999997,1.6583333333333332,0.0,0.0,2.49999999975,1.256532881265739,0.4666789629597988,1.02,1.5
max-exp-cap-V k=1.5,30009,1.225034707754976,1.0988897316367927,0.09250998119216423,0.12534537781593927,0.5651550223567156,0.0,-0.5998697916666667,1.5106770833333334,0.0,0.0,2.49999999975,1.374668402674506,0.411120981072359,1.02,1.5
max-exp-cap-V k=1.5,30010,1.1854500498937912,1.0619154898874097,0.09029630707271244,0.12499829994398926,0.5721846359369666,0.0,-0.5649739583333333,1.4708333333333332,0.0,0.0,2.49999999975,1.2990300377372443,0.44047067374488436,1.02,1.5
max-exp-cap-V k=1.5,30011,1.164058119451562,1.0411127605781954,0.08843055152848953,0.12309368967526754,0.546276978398304,0.0,-0.5595052083333334,1.4872395833333334,0.0,0.0,2.49999999975,1.236379406246022,0.4418360380629007,1.02,1.5
max-exp-cap-V k=1.5,30012,1.1014691253080109,0.985923680857983,0.08377321461413442,0.11064338288147976,0.5102129943261688,0.0,-0.5274739583333333,1.5384114583333335,0.0,0.0,2.4999999997500004,1.2930091521213294,0.3945934903005954,1.02,1.5
max-exp-cap-V k=1.5,30013,1.1853178592085005,1.0618968461481042,0.09016590050418338,0.1189662141273024,0.5596668225392732,0.0,-0.5673177083333334,1.4352864583333333,0.0,0.0,2.49999999975,1.2931037162542904,0.43280891973650015,1.02,1.5
max-exp-cap-V k=1.5,30014,1.1100978128033137,0.9914164024676976,0.08557358336366469,0.12203368054679503,0.5584667462489529,0.0,-0.5087239583333333,1.4865885416666667,0.0,0.0,2.49999999975,1.1753764258720631,0.47513863129814093,1.02,1.5
max-exp-cap-V k=1.5,30015,1.1711535328126315,1.0469679267915828,0.08969998869792979,0.12600936724675255,0.59666238878081,0.0,-0.5483072916666667,1.5895833333333333,0.0,0.0,2.4999999997499995,1.42134905081411,0.4197859691390078,1.02,1.5
max-exp-cap-V k=1.5,30016,1.1955359750303307,1.069686476335019,0.09149370166969975,0.123707739830558,0.579044369813184,0.0,-0.5611979166666667,1.496875,0.0,0.0,2.49999999975,1.3714150273436796,0.42222402282899457,1.02,1.5
max-exp-cap-V k=1.5,30017,1.1411755578227862,1.020396782942823,0.08785453494894531,0.12231530115015328,0.5957205362876457,0.0,-0.5252604166666667,1.642578125,0.0,0.0,2.49999999975,1.3867676264456517,0.4295748796894721,1.02,1.5
max-exp-cap-V k=1.5,30018,1.1880820939172532,1.0638942620691987,0.08985638647505864,0.11372748409295756,0.5184700441716259,0.0,-0.5790364583333334,1.4067708333333333,0.0,0.0,2.49999999975,1.3541488371947557,0.3828752275456548,1.02,1.5
max-exp-cap-V k=1.5,30019,1.1910859497276056,1.0655612611811551,0.08866588663942722,0.11769496530648706,0.520063300409844,0.0,-0.6088541666666667,1.2143229166666667,0.0,0.0,2.49999999975,1.2755449837729338,0.40771851014736393,1.02,1.5
max-exp-cap-V k=1.5,30020,1.1549662438678028,1.0365310980654756,0.08924011397011362,0.11226941883835956,0.532689766961752,0.0,-0.5251302083333333,1.5377604166666667,0.0,0.0,2.49999999975,1.248056003711074,0.42681559591701634,1.02,1.5
max-exp-cap-V k=1.5,30021,1.1378979616355174,1.0189643147577958,0.08830151491355173,0.12141270092436324,0.5548438585004428,0.0,-0.509765625,1.508984375,0.0,0.0,2.49999999975,1.210415009790661,0.4583914227868027,1.02,1.5
max-exp-cap-V k=1.5,30022,1.1173887832071607,0.9988903273622669,0.08641986790404943,0.12956375718270524,0.6231252738636868,0.0,-0.5063802083333333,1.6915364583333334,0.0,0.0,2.4999999997500004,1.245939686596922,0.5001247496703877,1.02,1.5
max-exp-cap-V k=1.5,30023,1.1349192544009887,1.0156824348561853,0.08530833169009885,0.12077557153745044,0.5532431200063229,0.0,-0.5636718749999999,1.4613281249999999,0.0,0.0,2.49999999975,1.2815126496914535,0.43171100975048965,1.02,1.5
max-exp-cap-V k=1.5,30024,1.136890073751197,1.0177892548561174,0.08603926779178636,0.12414791688249686,0.5679747862342228,0.0,-0.5529947916666667,1.41328125,0.0,0.0,2.4999999997500004,1.2299265377348778,0.46179569983118385,1.02,1.5
max-exp-cap-V k=1.5,30025,1.120279444561666,1.002986233613776,0.08608393403949993,0.12091946985594368,0.5720756572729633,0.0,-0.5188802083333335,1.58515625,0.0,0.0,2.4999999997500004,1.3032377144377902,0.43896493397580477,1.02,1.5
max-exp-cap-V k=1.5,30026,1.1388771974658152,1.0187078311082232,0.08719501141324817,0.12219982875927017,0.5698988169075837,0.0,-0.5338541666666666,1.4561197916666664,0.0,0.0,2.49999999975,1.2807299534309653,0.4449796894192049,1.02,1.5
max-exp-cap-V k=1.5,30027,1.1453841808927936,1.0261408308263587,0.08850326183927937,0.12298824374487378,0.5831977358886752,0.0,-0.520703125,1.6595052083333335,0.0,0.0,2.49999999975,1.24158234417082,0.46972135084456174,1.02,1.5
max-exp-cap-V k=1.5,30028,1.1417198892303357,1.0213637350568288,0.08815636392303354,0.1296418890162357,0.6311019914612062,0.0,-0.5203125,1.6970052083333333,0.0,0.0,2.49999999975,1.3425349856017674,0.47008234290321,1.02,1.5
max-exp-cap-V k=1.5,30029,1.1040190301313388,0.9881747810794594,0.08512195509646724,0.11667281071407949,0.5491708032881525,0.0,-0.5055989583333333,1.5635416666666668,0.0,0.0,2.49999999975,1.2087543735192656,0.45432787282436216,1.02,1.5
max-exp-cap-V k=1.5,30030,1.1394709987462175,1.0169766466262902,0.08601741237462172,0.12310295432275231,0.555721812004188,0.0,-0.55859375,1.4289062499999998,0.0,0.0,2.49999999975,1.2301548463037275,0.45174947989188285,1.02,1.5
max-exp-cap-V k=1.5,30031,1.1946255535785026,1.070242340905303,0.09168260744118362,0.12641411278301196,0.6006872634197398,0.0,-0.5555989583333334,1.69453125,0.0,0.0,2.49999999975,1.3492309824778679,0.44520713741436274,1.02,1.5
max-exp-cap-V k=1.5,30032,1.1524571118508349,1.0302494321479054,0.08786940910175015,0.12187581517517904,0.5670955769316165,0.0,-0.5475260416666666,1.4683593750000001,0.0,0.0,2.49999999975,1.3371237340964603,0.4241160054756055,1.02,1.5
max-exp-cap-V k=1.5,30033,1.233402974765935,1.1059460194735595,0.09442102664326017,0.1262951279229748,0.5923210893893601,0.0,-0.5783854166666667,1.5390624999999998,0.0,0.0,2.49999999975,1.3012059609570505,0.45520932670313147,1.02,1.5
max-exp-cap-V k=1.5,30034,1.1382360497940576,1.0199083515277376,0.08737829247940576,0.10950469452964018,0.49962060378159684,0.0,-0.52890625,1.5355468749999999,0.0,0.0,2.4999999997500004,1.2187493392054367,0.40994533306358494,1.02,1.5
max-exp-cap-V k=1.5,30035,1.0882001293535473,0.9723286298809689,0.08402183585202139,0.13172791385738591,0.6054013012762475,0.0,-0.49596354166666673,1.4782552083333336,0.0,0.0,2.49999999975,1.2031756675728351,0.5031695018380175,1.02,1.5
max-exp-cap-V k=1.5,30036,1.1304492721667865,1.0116103467839914,0.08745247930001196,0.12471637292661478,0.598573317882544,0.0,-0.5118489583333333,1.6131510416666666,0.0,0.0,2.49999999975,1.2551073393025716,0.47691006110692863,1.02,1.5
max-exp-cap-V k=1.5,30037,1.1599931429367265,1.0394084017448681,0.088004522627006,0.11753776772397265,0.5528878776265191,0.0,-0.5598958333333333,1.4986979166666667,0.0,0.0,2.49999999975,1.2972913067819816,0.42618637366652423,1.02,1.5
max-exp-cap-V k=1.5,30038,1.1425312949476434,1.0206629929985127,0.08587422324476435,0.12124463429823434,0.5437880240108325,0.0,-0.567578125,1.3856770833333334,0.0,0.0,2.4999999997500004,1.2994059673912848,0.41848970811066305,1.02,1.5
max-exp-cap-V k=1.5,30039,1.166157209363519,1.045120531741883,0.08966910635301856,0.12408762934373067,0.6016425756239987,0.0,-0.5389322916666667,1.716796875,0.0,0.0,2.49999999975,1.4520297963984883,0.4143458881603327,1.02,1.5
max-exp-cap-V k=1.5,30040,1.166129922449735,1.0469694725689511,0.08997887766164017,0.12141761635277018,0.5930484019383666,0.0,-0.5326822916666667,1.6279947916666666,0.0,0.0,2.49999999975,1.299453341315566,0.4563829905104285,1.02,1.5
max-exp-cap-V k=1.5,30041,1.1814685064004657,1.0585165249892787,0.09002836105671326,0.12382297629696448,0.5711478655289584,0.0,-0.5623697916666666,1.4440104166666667,0.0,0.0,2.4999999997500004,1.2656766328615947,0.45125891614008723,1.02,1.5
max-exp-cap-V k=1.5,30042,1.1930318447894348,1.071432931267402,0.09345031989561013,0.11949049196771258,0.6104943597396759,0.0,-0.5170572916666667,1.8816406250000002,0.0,0.0,2.49999999975,1.347885395700191,0.45292749790685294,1.02,1.5
max-exp-cap-V k=1.5,30043,1.1605552689084682,1.03818443680218,0.08974042272418013,0.12169959562257644,0.5823733377801218,0.0,-0.5263020833333334,1.62265625,0.0,0.0,2.49999999975,1.2852017430489395,0.453137681247251,1.02,1.5
max-exp-cap-V k=1.5,30044,1.163251272702369,1.0398974736155129,0.08700872102023689,0.11890740887967306,0.5220380274888348,0.0,-0.586328125,1.4201822916666667,0.0,0.0,2.49999999975,1.2155232021385292,0.4294759874351949,1.02,1.5
max-exp-cap-V k=1.5,30045,1.1163531839139784,0.9984180049464242,0.0849426100580645,0.12077749946143672,0.5401635474255714,0.0,-0.5338541666666667,1.368359375,0.0,0.0,2.49999999975,1.1842357397778551,0.4561283951174265,1.02,1.5
max-exp-cap-V k=1.5,30046,1.1238196625062806,1.0046331327847358,0.08640540375062805,0.12244368411843069,0.5835528985776318,0.0,-0.5195312500000001,1.5914062500000001,0.0,0.0,2.49999999975,1.2959571586817709,0.4502871832362217,1.02,1.5
max-exp-cap-V k=1.5,30047,1.1912005476550123,1.0670261566919057,0.09176328393216791,0.12625398503485089,0.5907544118562328,0.0,-0.5471354166666667,1.6100260416666665,0.0,0.0,2.49999999975,1.3309389088518564,0.4438629060486714,1.02,1.5
max-exp-cap-V k=1.5,30048,1.1292328600655406,1.0098415426798464,0.08717458808988739,0.12452422204983092,0.5818111028080989,0.0,-0.5149739583333334,1.5708333333333335,0.0,0.0,2.49999999975,1.2578948879573115,0.46252759938701926,1.02,1.5
max-exp-cap-V k=1.5,30049,1.1197480269800566,1.0035522142708049,0.08655813603133901,0.1246721253901827,0.5895742208894708,0.0,-0.5083333333333333,1.630859375,0.0,0.0,2.49999999975,1.3091734912693134,0.45034078739086536,1.02,1.5
max-exp-cap-V k=2.0,30000,1.169501404282777,1.0472929441802565,0.08976915084494436,0.1276961988039179,0.5897000128342884,0.0,-0.5436197916666666,1.6037760416666667,0.0,0.0,2.49999999975,1.3702669318109395,0.4303541150591317,1.02,2.0
max-exp-cap-V k=2.0,30001,1.1645301010971503,1.0435275052475304,0.08847123927638169,0.11742139262886556,0.5488961779392939,0.0,-0.5596354166666666,1.6251302083333334,0.0,0.0,2.49999999975,1.366713747790548,0.4016175141478225,1.02,2.0
max-exp-cap-V k=2.0,30002,1.1664717397333482,1.0462963190694392,0.08981123647333479,0.1204911020287024,0.5679497109939539,0.0,-0.5367187499999999,1.5889322916666666,0.0,0.0,2.49999999975,1.2062240875640924,0.47084925334304933,1.02,2.0
max-exp-cap-V k=2.0,30003,1.1283650883188256,1.0098458566677169,0.08633911299854924,0.1258165300553527,0.5768138466464183,0.0,-0.5299479166666667,1.5613281250000002,0.0,0.0,2.49999999975,1.218194559673928,0.4734989514325306,1.02,2.0
max-exp-cap-V k=2.0,30004,1.159219920737929,1.0367242004519348,0.08731522124045957,0.1226381960628691,0.5644774677588825,0.0,-0.5721354166666668,1.45859375,0.0,0.0,2.4999999997500004,1.3017003109548404,0.43364625713642146,1.02,2.0
max-exp-cap-V k=2.0,30005,1.2321696001809448,1.1017841424805888,0.09068440793476114,0.12718053312483174,0.5587969746378862,0.0,-0.6506510416666668,1.3020833333333335,0.0,0.0,2.49999999975,1.3963948559435222,0.4001711781302115,1.02,2.0
max-exp-cap-V k=2.0,30006,1.0747471242443831,0.9594164318239458,0.08209059784110498,0.10338044536895259,0.4934446599501298,0.0,-0.5076822916666666,1.7084635416666667,0.0,0.0,2.49999999975,1.2993873207119275,0.37975178923538677,1.02,2.0
max-exp-cap-V k=2.0,30007,1.158026086405739,1.0363317220593387,0.08901224405724055,0.12081607703642755,0.5808896792182213,0.0,-0.5358072916666667,1.6884114583333334,0.0,0.0,2.4999999997500004,1.2920780076757812,0.4495778705057744,1.02,2.0
max-exp-cap-V k=2.0,30008,1.0768571026282694,0.9611234736924916,0.08301774151282693,0.12397491387472036,0.5863974619539831,0.0,-0.49335937500000004,1.6583333333333332,0.0,0.0,2.49999999975,1.256166668874898,0.466815014666165,1.02,2.0
max-exp-cap-V k=2.0,30009,1.2191062973434672,1.0935508952336153,0.09187156723434672,0.12534537781593927,0.5651550223567156,0.0,-0.60078125,1.5106770833333334,0.0,0.0,2.49999999975,1.3505025810045792,0.4184775581371505,1.02,2.0
max-exp-cap-V k=2.0,30010,1.1572836387072702,1.036582798510548,0.08814372845406036,0.12499829994398926,0.5721846359369666,0.0,-0.5516927083333333,1.4708333333333332,0.0,0.0,2.49999999975,1.2416846521273386,0.46081316617440743,1.02,2.0
max-exp-cap-V k=2.0,30011,1.1740102271754211,1.0500957598299667,0.08889190813420879,0.12309368967526754,0.546276978398304,0.0,-0.5701822916666668,1.4872395833333334,0.0,0.0,2.49999999975,1.2327261560626452,0.4431454428963565,1.02,2.0
max-exp-cap-V k=2.0,30012,1.083316953534598,0.9693612647915903,0.08215982035345981,0.11054301875046364,0.5097501823398115,0.0,-0.5234375,1.5384114583333335,0.0,0.0,2.49999999975,1.2686223892192048,0.40181395714886126,1.02,2.0
max-exp-cap-V k=2.0,30013,1.195287664834874,1.0710583669996812,0.09047928731682071,0.1189662141273024,0.5596668225392732,0.0,-0.5809895833333334,1.4352864583333333,0.0,0.0,2.49999999975,1.3026385127054412,0.42964093037361917,1.02,2.0
max-exp-cap-V k=2.0,30014,1.1131964475235798,0.9943799074637362,0.08547329058569131,0.12179493390209235,0.5573741621258851,0.0,-0.5169270833333334,1.4865885416666667,0.0,0.0,2.49999999975,1.1647158205029604,0.4785494901968393,1.02,2.0
max-exp-cap-V k=2.0,30015,1.1686986618199504,1.044519226777443,0.08930476201532837,0.12600936724675255,0.59666238878081,0.0,-0.5513020833333334,1.5895833333333333,0.0,0.0,2.49999999975,1.4161180965135831,0.4213366033876448,1.02,2.0
max-exp-cap-V k=2.0,30016,1.201955542960218,1.0757616056304962,0.09179060637935513,0.12365255679794004,0.5787860721158012,0.0,-0.5680989583333333,1.496875,0.0,0.0,2.49999999975,1.36584514556978,0.4237567296652456,1.02,2.0
max-exp-cap-V k=2.0,30017,1.1489501605240504,1.0275477699992486,0.08809814105240506,0.12231530115015328,0.5957205362876457,0.0,-0.5359375000000001,1.642578125,0.0,0.0,2.49999999975,1.4049688826151279,0.42400977250030325,1.02,2.0
max-exp-cap-V k=2.0,30018,1.192574573258517,1.0682576116024622,0.08986292607585168,0.11372748409295756,0.5184700441716259,0.0,-0.587890625,1.4067708333333333,0.0,0.0,2.49999999975,1.3474102897836782,0.3847900287705717,1.02,2.0
max-exp-cap-V k=2.0,30019,1.1964008407095066,1.0701126403151104,0.08865701115428397,0.11797741606575925,0.5213113765164799,0.0,-0.6196614583333333,1.2143229166666667,0.0,0.0,2.49999999975,1.3155705147406471,0.3962625877330883,1.02,2.0
max-exp-cap-V k=2.0,30020,1.1719930027989591,1.051527923978302,0.08990763361322926,0.11273066366427915,0.534878256056767,0.0,-0.5458333333333334,1.5377604166666667,0.0,0.0,2.49999999975,1.295822921272961,0.41277110265291916,1.02,2.0
max-exp-cap-V k=2.0,30021,1.1349167362855213,1.0162257805967776,0.08748255904521879,0.12143350789339176,0.5549389442607594,0.0,-0.5201822916666667,1.508984375,0.0,0.0,2.4999999997500004,1.2162621233262878,0.4562659098049421,1.02,2.0
max-exp-cap-V k=2.0,30022,1.1070991067782654,0.9895925294616238,0.08535834817782655,0.12956375718270524,0.6231252738636868,0.0,-0.50703125,1.6915364583333334,0.0,0.0,2.49999999975,1.2467992799991237,0.49977994362021505,1.02,2.0
max-exp-cap-V k=2.0,30023,1.1237879919592355,1.0051707421029275,0.08421473669592355,0.12076811762793944,0.5532089754843669,0.0,-0.56328125,1.4613281249999999,0.0,0.0,2.49999999975,1.2737366255611768,0.43431975212351037,1.02,2.0
max-exp-cap-V k=2.0,30024,1.1492957839116915,1.028976569751681,0.08653114089116914,0.12414728912685734,0.5679719142619488,0.0,-0.56796875,1.41328125,0.0,0.0,2.49999999975,1.2292690349248736,0.46204036555485206,1.02,2.0
max-exp-cap-V k=2.0,30025,1.1176338956590404,1.000422108219106,0.08554594164923737,0.12089265088943932,0.5719487754903303,0.0,-0.5243489583333334,1.58515625,0.0,0.0,2.49999999975,1.299771945996533,0.440037790669361,1.02,2.0
max-exp-cap-V k=2.0,30026,1.1287553761310165,1.0092697737021898,0.08600053761310164,0.12219982875927017,0.5698988169075837,0.0,-0.5375,1.4561197916666664,0.0,0.0,2.49999999975,1.2651451255693247,0.4504612201316628,1.02,2.0
max-exp-cap-V k=2.0,30027,1.1566899542271882,1.0360967032151205,0.0889111829227188,0.12321720624373594,0.5842834527578161,0.0,-0.53515625,1.6595052083333335,0.0,0.0,2.49999999975,1.268682583023168,0.4605434492255075,1.02,2.0
max-exp-cap-V k=2.0,30028,1.1487437717634148,1.027722695990291,0.08836396050967481,0.1296418890162357,0.6311019914612062,0.0,-0.5302083333333334,1.6970052083333333,0.0,0.0,2.49999999975,1.3476265639818066,0.46830628627303184,1.02,2.0
max-exp-cap-V k=2.0,30029,1.093226398262861,0.9781215678820157,0.08376274399295278,0.11667281071407949,0.5491708032881525,0.0,-0.5111979166666667,1.5635416666666668,0.0,0.0,2.49999999975,1.2123105586345113,0.45299514994467444,1.02,2.0
max-exp-cap-V k=2.0,30030,1.162327501224305,1.038160769529467,0.0874046251224305,0.12310295432275231,0.555721812004188,0.0,-0.5765625,1.4289062499999998,0.0,0.0,2.4999999997500004,1.2386839549056776,0.4486389040588684,1.02,2.0
max-exp-cap-V k=2.0,30031,1.1993065192848706,1.0743764482557845,0.09167544359515373,0.12641411278301196,0.6006872634197398,0.0,-0.5651041666666666,1.69453125,0.0,0.0,2.49999999975,1.3680733156340357,0.4390753452722308,1.02,2.0
max-exp-cap-V k=2.0,30032,1.1588452601841868,1.036419303516454,0.08811759893508535,0.12187581517517904,0.5670955769316165,0.0,-0.5553385416666666,1.4683593750000001,0.0,0.0,2.49999999975,1.3326368150934875,0.42554398205773225,1.02,2.0
max-exp-cap-V k=2.0,30033,1.2409279210776674,1.1128509668969462,0.09463966710776675,0.12633101296675428,0.5924893893750668,0.0,-0.5890625,1.5390624999999998,0.0,0.0,2.49999999975,1.304573846687184,0.4541631666767089,1.02,2.0
max-exp-cap-V k=2.0,30034,1.1398558251943944,1.0209265933522833,0.08701943668610611,0.10958001379236403,0.4999642516560566,0.0,-0.5393229166666667,1.5355468749999999,0.0,0.0,2.4999999997500004,1.2334924802436347,0.40532411803378454,1.02,2.0
max-exp-cap-V k=2.0,30035,1.0923481255482659,0.975763977003081,0.08383767713815993,0.13172791385738591,0.6054013012762475,0.0,-0.5079427083333334,1.4782552083333336,0.0,0.0,2.49999999975,1.223699338696181,0.4947304310234297,1.02,2.0
max-exp-cap-V k=2.0,30036,1.1670359960424537,1.0450149124248767,0.08932729752091202,0.12471637292661478,0.598573317882544,0.0,-0.5475260416666666,1.6131510416666666,0.0,0.0,2.49999999975,1.31071816286446,0.4566758398879697,1.02,2.0
max-exp-cap-V k=2.0,30037,1.1351092785413113,1.0163546889153123,0.08603045910413112,0.11753776772397265,0.5528878776265191,0.0,-0.549609375,1.4986979166666667,0.0,0.0,2.49999999975,1.2632175350158639,0.43768223785745325,1.02,2.0
max-exp-cap-V k=2.0,30038,1.1233835993637358,1.0028961742292757,0.0841091932697069,0.12124463429823434,0.5437880240108325,0.0,-0.5645833333333333,1.3856770833333334,0.0,0.0,2.49999999975,1.2722677945325804,0.4274163241007097,1.02,2.0
max-exp-cap-V k=2.0,30039,1.176403422909286,1.0547617001113512,0.09011430062426191,0.12408762934373067,0.6016425756239987,0.0,-0.5505208333333333,1.716796875,0.0,0.0,2.49999999975,1.4557051979639763,0.4132997371071332,1.02,2.0
max-exp-cap-V k=2.0,30040,1.1555930881363445,1.036825150900778,0.08897076714696778,0.12141761635277018,0.5930484019383666,0.0,-0.5317708333333333,1.6279947916666666,0.0,0.0,2.49999999975,1.3057120092324421,0.4541954104312695,1.02,2.0
max-exp-cap-V k=2.0,30041,1.2052340596574596,1.0801919514886356,0.09127861429907928,0.12382297629696448,0.5711478655289584,0.0,-0.5848958333333334,1.4440104166666667,0.0,0.0,2.49999999975,1.3093294330510452,0.4362140276630379,1.02,2.0
max-exp-cap-V k=2.0,30042,1.1862724513640086,1.06493721311194,0.0927157868030675,0.11949049196771258,0.6104943597396759,0.0,-0.5182291666666666,1.8816406250000002,0.0,0.0,2.49999999975,1.3517977686017157,0.4516166352095435,1.02,2.0
max-exp-cap-V k=2.0,30043,1.1446370472870415,1.0239026749940043,0.08826578806203747,0.12143110302044252,0.581088510726473,0.0,-0.5239583333333333,1.62265625,0.0,0.0,2.49999999975,1.2573307034678392,0.46216043967094333,1.02,2.0
max-exp-cap-V k=2.0,30044,1.1570199599910054,1.034014631798459,0.0862163189157672,0.11890740887967306,0.5220380274888348,0.0,-0.5897135416666667,1.4201822916666667,0.0,0.0,2.49999999975,1.2193052034106897,0.42814385276842004,1.02,2.0
max-exp-cap-V k=2.0,30045,1.1448411604286268,1.0243198879859585,0.08651536604286267,0.12077749946143672,0.5401635474255714,0.0,-0.559375,1.368359375,0.0,0.0,2.49999999975,1.2144793556849198,0.44476964132580077,1.02,2.0
max-exp-cap-V k=2.0,30046,1.1271703714311294,1.0078136113257676,0.08626521422644626,0.12255118058488956,0.5840652147092523,0.0,-0.5290364583333333,1.5914062500000001,0.0,0.0,2.49999999975,1.3057969030758154,0.4472864143983508,1.02,2.0
max-exp-cap-V k=2.0,30047,1.1768533160295385,1.0534177128077595,0.0901723107696205,0.12625398503485089,0.5907544118562328,0.0,-0.5502604166666667,1.6100260416666665,0.0,0.0,2.49999999975,1.3450596454601103,0.43920313411391576,1.02,2.0
max-exp-cap-V k=2.0,30048,1.148373723609267,1.0274364968050573,0.08803398694426004,0.12452422204983092,0.5818111028080989,0.0,-0.5360677083333333,1.5708333333333335,0.0,0.0,2.49999999975,1.2703041988014434,0.4580092731780694,1.02,2.0
max-exp-cap-V k=2.0,30049,1.0864248739968299,0.9726413885428428,0.0838117582330163,0.1246721253901827,0.5895742208894708,0.0,-0.4966145833333333,1.630859375,0.0,0.0,2.49999999975,1.2775332775999417,0.4614942179800465,1.02,2.0
max-exp-cap-V k=4.0,30000,1.1556808176841638,1.0335018283616773,0.08820480051841638,0.1276961988039179,0.5897000128342884,0.0,-0.547265625,1.6037760416666667,0.0,0.0,2.49999999975,1.3598405927185035,0.4336537797091342,1.02,4.0
max-exp-cap-V k=4.0,30001,1.1573852710190908,1.0365355657668105,0.08762654793524241,0.11714672578726598,0.5476122246818395,0.0,-0.5622395833333333,1.6251302083333334,0.0,0.0,2.49999999975,1.3042433903023594,0.4198696568091389,1.02,4.0
max-exp-cap-V k=4.0,30002,1.1563700030294262,1.036610431104676,0.08849507321960927,0.1204911020287024,0.5679497109939539,0.0,-0.5428385416666668,1.5889322916666666,0.0,0.0,2.49999999975,1.2214332302292488,0.4649862939191169,1.02,4.0
max-exp-cap-V k=4.0,30003,1.1276099852904113,1.008010700752485,0.0856386026957078,0.1258165300553527,0.5768138466464183,0.0,-0.5424479166666667,1.5613281250000002,0.0,0.0,2.4999999997500004,1.2633440460452774,0.4565770096056207,1.02,4.0
max-exp-cap-V k=4.0,30004,1.1317186400301116,1.0101484934749527,0.08489061400301115,0.1226381960628691,0.5644774677588825,0.0,-0.565625,1.45859375,0.0,0.0,2.49999999975,1.2727486505689325,0.44351056079026674,1.02,4.0
max-exp-cap-V k=4.0,30005,1.2323409059553443,1.1015803408974731,0.09007002809553444,0.12718053312483174,0.5587969746378862,0.0,-0.66328125,1.3020833333333335,0.0,0.0,2.49999999975,1.4287740156381978,0.3911024196421192,1.02,4.0
max-exp-cap-V k=4.0,30006,1.0665464145687213,0.9519107087661137,0.08129656854020546,0.10323822979822339,0.4927658515576177,0.0,-0.5071614583333334,1.7084635416666667,0.0,0.0,2.49999999975,1.2843401405267791,0.3836723902092689,1.02,4.0
max-exp-cap-V k=4.0,30007,1.144008554387213,1.023309599398636,0.08763002210538798,0.1207998934276813,0.5808118676262229,0.0,-0.5354166666666667,1.6884114583333334,0.0,0.0,2.49999999975,1.284471791449111,0.4521795429784912,1.02,4.0
max-exp-cap-V k=4.0,30008,1.0849892563469454,0.9684257092482367,0.08310830063469454,0.12397491387472036,0.5863974619539831,0.0,-0.5078125,1.6583333333333332,0.0,0.0,2.49999999975,1.2765147789140183,0.45937381348052597,1.02,4.0
max-exp-cap-V k=4.0,30009,1.161902307606188,1.040075177888818,0.08753137659395213,0.12534537781593927,0.5651550223567156,0.0,-0.5731770833333334,1.5106770833333334,0.0,0.0,2.4999999997500004,1.2567239956731249,0.4497049664863031,1.02,4.0
max-exp-cap-V k=4.0,30010,1.165177734998683,1.0430699289811005,0.08811282558320162,0.12499829994398926,0.5721846359369666,0.0,-0.5680989583333333,1.4708333333333332,0.0,0.0,2.49999999975,1.2614632635957022,0.45358802943337334,1.02,4.0
max-exp-cap-V k=4.0,30011,1.156127207486755,1.0332079254948532,0.0869799082486755,0.12309368967526754,0.546276978398304,0.0,-0.57265625,1.4872395833333334,0.0,0.0,2.49999999975,1.2363637175532565,0.4418416446896203,1.02,4.0
max-exp-cap-V k=4.0,30012,1.0495054527071264,0.9374828225610345,0.0796054931873793,0.11033604063791783,0.5087957382527657,0.0,-0.5069010416666667,1.5384114583333335,0.0,0.0,2.49999999975,1.2183302569056498,0.4176172555584557,1.02,4.0
max-exp-cap-V k=4.0,30013,1.2343539776597854,1.107255123850589,0.09263461651597855,0.1189662141273024,0.5596668225392732,0.0,-0.6160156250000001,1.4352864583333333,0.0,0.0,2.49999999975,1.3736084398031077,0.40744276630936804,1.02,4.0
max-exp-cap-V k=4.0,30014,1.1529607521161644,1.0306856453637778,0.08769190854494978,0.12252360497128036,0.560708803507443,0.0,-0.5520833333333334,1.4865885416666667,0.0,0.0,2.49999999975,1.2186168856810573,0.4601190169739652,1.02,4.0
max-exp-cap-V k=4.0,30015,1.16213771989533,1.038410550962983,0.08837523032286634,0.12600936724675255,0.59666238878081,0.0,-0.5567708333333333,1.5895833333333333,0.0,0.0,2.49999999975,1.397218666977889,0.4270357982486446,1.02,4.0
max-exp-cap-V k=4.0,30016,1.243387000739572,1.1146411385973376,0.09420198132395721,0.12357214062406609,0.5784096645216814,0.0,-0.602734375,1.496875,0.0,0.0,2.49999999975,1.357728364741742,0.4260128016340755,1.02,4.0
max-exp-cap-V k=4.0,30017,1.1464505309187087,1.0249489979286133,0.0875096364252042,0.12231530115015328,0.5957205362876457,0.0,-0.5427083333333335,1.642578125,0.0,0.0,2.49999999975,1.4128348737950103,0.4216490881821759,1.02,4.0
max-exp-cap-V k=4.0,30018,1.1442482545979145,1.0225973088961484,0.08618263795979146,0.11372748409295756,0.5184700441716259,0.0,-0.5648437499999999,1.4067708333333333,0.0,0.0,2.49999999975,1.282869963604898,0.4041485566586278,1.02,4.0
max-exp-cap-V k=4.0,30019,1.2208979494742367,1.0929660631362816,0.08991531578075698,0.11794971825193482,0.5211889871140601,0.0,-0.6434895833333333,1.2143229166666667,0.0,0.0,2.49999999975,1.3116455130595772,0.3973550642492739,1.02,4.0
max-exp-cap-V k=4.0,30020,1.1510024545364064,1.0311989977481375,0.0877825371203073,0.11303890087240363,0.5363407630178226,0.0,-0.5463541666666667,1.5377604166666667,0.0,0.0,2.49999999975,1.327744236120505,0.4039488543252428,1.02,4.0
max-exp-cap-V k=4.0,30021,1.2110479224824722,1.0865585881206339,0.09216599016491388,0.12171894217447432,0.5562433502797212,0.0,-0.5787760416666669,1.508984375,0.0,0.0,2.49999999975,1.29647402954706,0.4290431876017231,1.02,4.0
max-exp-cap-V k=4.0,30022,1.092714185132795,0.9759923611471222,0.08396542892994618,0.12956375718270524,0.6231252738636868,0.0,-0.5061197916666667,1.6915364583333334,0.0,0.0,2.49999999975,1.2305142706722088,0.5063941871420021,1.02,4.0
max-exp-cap-V k=4.0,30023,1.0787211437880064,0.9636251689836093,0.08061951021213397,0.12072613099279006,0.5530166450591583,0.0,-0.5450520833333333,1.4613281249999999,0.0,0.0,2.49999999975,1.2299355722227943,0.4496305802910652,1.02,4.0
max-exp-cap-V k=4.0,30024,1.1419503786762215,1.021381169728521,0.0852822774509555,0.12414605285891915,0.5679662583553854,0.0,-0.5782552083333334,1.41328125,0.0,0.0,2.49999999975,1.2279741845212238,0.4625229630351149,1.02,4.0
max-exp-cap-V k=4.0,30025,1.0843236464830879,0.9685230785596752,0.08291804173164212,0.12088072572300121,0.5718923569711596,0.0,-0.5102864583333334,1.58515625,0.0,0.0,2.49999999975,1.2982308774587257,0.44051668073912503,1.02,4.0
max-exp-cap-V k=4.0,30026,1.1350914531375866,1.015578889817903,0.08603518698042532,0.12219982875927017,0.5698988169075837,0.0,-0.5494791666666665,1.4561197916666664,0.0,0.0,2.49999999975,1.2622571617009846,0.45149184666902825,1.02,4.0
max-exp-cap-V k=4.0,30027,1.16374447405246,1.0426672113618602,0.08884189532191267,0.12336458143794941,0.5849822909310788,0.0,-0.5506510416666668,1.6595052083333335,0.0,0.0,2.4999999997500004,1.2861260638723726,0.4548405536310855,1.02,4.0
max-exp-cap-V k=4.0,30028,1.1439587191554805,1.022673662032191,0.0873906635822147,0.1296418890162357,0.6311019914612062,0.0,-0.5401041666666667,1.6970052083333333,0.0,0.0,2.49999999975,1.360128230211025,0.46400183265315376,1.02,4.0
max-exp-cap-V k=4.0,30029,1.10473672017412,0.988592798942062,0.08419111993407866,0.11667281071407949,0.5491708032881525,0.0,-0.5256510416666667,1.5635416666666668,0.0,0.0,2.49999999975,1.2461477904901694,0.44069476147138004,1.02,4.0
max-exp-cap-V k=4.0,30030,1.1721532433767723,1.0476785840200074,0.08769058475434391,0.12310295432275231,0.555721812004188,0.0,-0.5904947916666666,1.4289062499999998,0.0,0.0,2.49999999975,1.2318132090855658,0.4511412995942194,1.02,4.0
max-exp-cap-V k=4.0,30031,1.1629756295787106,1.0399839218928477,0.08867386504120438,0.12641411278301196,0.6006872634197398,0.0,-0.5524739583333333,1.69453125,0.0,0.0,2.4999999997500004,1.3397888552887103,0.4483447231618433,1.02,4.0
max-exp-cap-V k=4.0,30032,1.1187541606188283,0.9985572773914915,0.08495484314521615,0.12187581517517904,0.5670955769316165,0.0,-0.5384114583333333,1.4683593750000001,0.0,0.0,2.49999999975,1.2871659317769009,0.44057690071765265,1.02,4.0
max-exp-cap-V k=4.0,30033,1.14689116054284,1.024985911336523,0.08770343897095065,0.12544598402131407,0.588338625068276,0.0,-0.5397135416666666,1.5390624999999998,0.0,0.0,2.49999999975,1.2215120459429618,0.48164782903479314,1.02,4.0
max-exp-cap-V k=4.0,30034,1.1395961035107702,1.0202967125551041,0.08641403743441035,0.1096295174346343,0.5001901144809036,0.0,-0.5509114583333334,1.5355468749999999,0.0,0.0,2.49999999975,1.2431824208179567,0.4023465149642331,1.02,4.0
max-exp-cap-V k=4.0,30035,1.0389706404498018,0.9266862931881821,0.07956763696164683,0.13172791385738591,0.6054013012762475,0.0,-0.48658854166666676,1.4782552083333336,0.0,0.0,2.49999999975,1.159712082848524,0.5220272429940028,1.02,4.0
max-exp-cap-V k=4.0,30036,1.1217656703842616,1.0022882878047237,0.08582891078842614,0.12471637292661478,0.598573317882544,0.0,-0.526953125,1.6131510416666666,0.0,0.0,2.49999999975,1.276421034868924,0.4689466105077245,1.02,4.0
max-exp-cap-V k=4.0,30037,1.0934117115043167,0.9773175439139382,0.08268752531709832,0.11753776772397265,0.5528878776265191,0.0,-0.5330729166666667,1.4986979166666667,0.0,0.0,2.49999999975,1.2174831075649295,0.4541236541115895,1.02,4.0
max-exp-cap-V k=4.0,30038,1.1297141593087718,1.0087361438599811,0.08428000968087719,0.12124463429823434,0.5437880240108325,0.0,-0.5738281249999999,1.3856770833333334,0.0,0.0,2.4999999997500004,1.24755516376643,0.4358829491508094,1.02,4.0
max-exp-cap-V k=4.0,30039,1.1835283596114103,1.0616969041726647,0.09007158596114102,0.12408762934373067,0.6016425756239987,0.0,-0.565625,1.716796875,0.0,0.0,2.49999999975,1.4387061371715697,0.41818308831767437,1.02,4.0
max-exp-cap-V k=4.0,30040,1.1572723467017676,1.0369832125319436,0.08819468258684342,0.12141761635277018,0.5930484019383666,0.0,-0.5506510416666667,1.6279947916666666,0.0,0.0,2.49999999975,1.3903842215657787,0.42653562428269376,1.02,4.0
max-exp-cap-V k=4.0,30041,1.2519396218758052,1.1229407473122097,0.09372260802091387,0.12382297629696448,0.5711478655289584,0.0,-0.6294270833333333,1.4440104166666667,0.0,0.0,2.49999999975,1.387403196619532,0.41166682253622083,1.02,4.0
max-exp-cap-V k=4.0,30042,1.1383823536790683,1.0198422402719243,0.08881219370124013,0.11949049196771258,0.6104943597396759,0.0,-0.5005208333333333,1.8816406250000002,0.0,0.0,2.49999999975,1.300283504288209,0.4695086554019371,1.02,4.0
max-exp-cap-V k=4.0,30043,1.1118895194025051,0.9922547951920799,0.08550535819025049,0.12150744539514594,0.5814538345662331,0.0,-0.513671875,1.62265625,0.0,0.0,2.4999999997500004,1.2652554705942485,0.45955449162621964,1.02,4.0
max-exp-cap-V k=4.0,30044,1.1875307324608018,1.0618564251173181,0.08755515657941351,0.11890740887967306,0.5220380274888348,0.0,-0.6239583333333333,1.4201822916666667,0.0,0.0,2.49999999975,1.30412663842626,0.40029703566119795,1.02,4.0
max-exp-cap-V k=4.0,30045,1.1282605911154704,1.0091938433473453,0.085111215361547,0.12077749946143672,0.5401635474255714,0.0,-0.554296875,1.368359375,0.0,0.0,2.4999999997500004,1.1473734351220441,0.4707826858202579,1.02,4.0
max-exp-cap-V k=4.0,30046,1.146086007683006,1.0258497221197427,0.08727787160163392,0.12234226287223746,0.5830695362660554,0.0,-0.5466145833333333,1.5914062500000001,0.0,0.0,2.49999999975,1.2866735127021305,0.4531604408654972,1.02,4.0
max-exp-cap-V k=4.0,30047,1.1759896430884476,1.0522742726810643,0.08941537055884476,0.12625398503485089,0.5907544118562328,0.0,-0.5636718749999999,1.6100260416666665,0.0,0.0,2.49999999975,1.3689297168460124,0.4315447349753788,1.02,4.0
max-exp-cap-V k=4.0,30048,1.1580186737906926,1.0361681426203042,0.08838650279573593,0.12452422204983092,0.5818111028080989,0.0,-0.5483072916666667,1.5708333333333335,0.0,0.0,2.49999999975,1.2715701177773455,0.4575532994004938,1.02,4.0
max-exp-cap-V k=4.0,30049,1.0893011898395226,0.9755520417853266,0.0835720460672856,0.1246721253901827,0.5895742208894708,0.0,-0.5071614583333334,1.630859375,0.0,0.0,2.49999999975,1.263466321846067,0.46663231990864323,1.02,4.0
max-exp-cap-V k=8.0,30000,1.1497681025018736,1.0277132745238806,0.08759399775018736,0.1276961988039179,0.5897000128342884,0.0,-0.54765625,1.6037760416666667,0.0,0.0,2.49999999975,1.3595529729436842,0.43374552118957055,1.02,8.0
max-exp-cap-V k=8.0,30001,1.2066512054290852,1.0824155989620667,0.09066512054290848,0.11727194514239739,0.5481975730915019,0.0,-0.6,1.6251302083333334,0.0,0.0,2.49999999975,1.332723340171577,0.4113363640955864,1.02,8.0
max-exp-cap-V k=8.0,30002,1.1895277557836612,1.0673103310557055,0.09059991099503278,0.1204911020287024,0.5679497109939539,0.0,-0.5670572916666667,1.5889322916666666,0.0,0.0,2.4999999997500004,1.250030113309512,0.45434882323777065,1.02,8.0
max-exp-cap-V k=8.0,30003,1.0952524184584023,0.9777908440079996,0.08335336684584023,0.1258165300553527,0.5768138466464183,0.0,-0.5234375,1.5613281250000002,0.0,0.0,2.49999999975,1.236060703396017,0.4666549507331236,1.02,8.0
max-exp-cap-V k=8.0,30004,1.1215581877109249,1.000480644063861,0.08398524585442582,0.1226381960628691,0.5644774677588825,0.0,-0.5634114583333334,1.45859375,0.0,0.0,2.49999999975,1.2597908437421614,0.4480723689673147,1.02,8.0
max-exp-cap-V k=8.0,30005,1.2286216048458187,1.0978660493664618,0.0896329938179152,0.12718053312483174,0.5587969746378862,0.0,-0.6645833333333333,1.3020833333333335,0.0,0.0,2.49999999975,1.4270117951357402,0.39158539301683376,1.02,8.0
max-exp-cap-V k=8.0,30006,1.0646079079420334,0.9500448281468588,0.08085532204420334,0.1032376938231928,0.49276329329801866,0.0,-0.512109375,1.7084635416666667,0.0,0.0,2.49999999975,1.284283431456041,0.38368733974816926,1.02,8.0
max-exp-cap-V k=8.0,30007,1.1372964783375936,1.0168641413831527,0.08687417908375937,0.1207998168498444,0.5808114994361923,0.0,-0.537109375,1.6884114583333334,0.0,0.0,2.49999999975,1.2844358002437664,0.45219192685688386,1.02,8.0
max-exp-cap-V k=8.0,30008,1.1002743089762208,0.9826351372539995,0.08395972256428877,0.12397491387472036,0.5863974619539831,0.0,-0.5213541666666667,1.6583333333333332,0.0,0.0,2.49999999975,1.2878473012506262,0.45533151436861624,1.02,8.0
max-exp-cap-V k=8.0,30009,1.147694884096591,1.0267569626139073,0.08627990507632578,0.12534537781593927,0.5651550223567156,0.0,-0.5697916666666667,1.5106770833333334,0.0,0.0,2.49999999975,1.2282964798767604,0.460112873085348,1.02,8.0
max-exp-cap-V k=8.0,30010,1.1528200950875678,1.0311545036023948,0.08702680117542344,0.12499829994398926,0.5721846359369666,0.0,-0.5651041666666666,1.4708333333333332,0.0,0.0,2.49999999975,1.2704200689859864,0.4503901110391528,1.02,8.0
max-exp-cap-V k=8.0,30011,1.1145041365523025,0.9942673962007202,0.08391135115523027,0.12309368967526754,0.546276978398304,0.0,-0.55078125,1.4872395833333334,0.0,0.0,2.49999999975,1.2113499912035848,0.4509654372107015,1.02,8.0
max-exp-cap-V k=8.0,30012,0.996348019787059,0.8882099755253314,0.07532490614537257,0.11024508471163198,0.5083763105898234,0.0,-0.48619791666666656,1.5384114583333335,0.0,0.0,2.49999999975,1.196229526431297,0.4249822457621981,1.02,8.0
max-exp-cap-V k=8.0,30013,1.208044836857125,1.0828036904134106,0.09059615035237918,0.1189662141273024,0.5596668225392732,0.0,-0.6041666666666667,1.4352864583333333,0.0,0.0,2.49999999975,1.34914568043961,0.41483053361361955,1.02,8.0
max-exp-cap-V k=8.0,30014,1.1852572960980639,1.0604577840272305,0.08969760460980639,0.12295798140885462,0.5626966546863337,0.0,-0.5765625,1.4865885416666667,0.0,0.0,2.49999999975,1.2572744870752177,0.4475527503905118,1.02,8.0
max-exp-cap-V k=8.0,30015,1.1607879428478565,1.0371483222002125,0.08809702345145229,0.12600936724675255,0.59666238878081,0.0,-0.5596354166666666,1.5895833333333333,0.0,0.0,2.4999999997500004,1.3599818647655892,0.4387281950143156,1.02,8.0
max-exp-cap-V k=8.0,30016,1.2045485763480581,1.0785495026607086,0.09140537846813913,0.12299771844099908,0.5757209408294021,0.0,-0.5809895833333333,1.496875,0.0,0.0,2.49999999975,1.299749245142834,0.44294770162850455,1.02,8.0
max-exp-cap-V k=8.0,30017,1.0719383492948351,0.955369089541289,0.08190737659615016,0.12231530115015328,0.5957205362876457,0.0,-0.5057291666666668,1.642578125,0.0,0.0,2.49999999975,1.3524721912019353,0.440467863341598,1.02,8.0
max-exp-cap-V k=8.0,30018,1.104502313084199,0.9846432637186214,0.08317158547508659,0.11372748409295756,0.5184700441716259,0.0,-0.5455729166666666,1.4067708333333333,0.0,0.0,2.49999999975,1.2624322444794858,0.41069138279606965,1.02,8.0
max-exp-cap-V k=8.0,30019,1.2179992899944834,1.0902397380117081,0.08954732483278165,0.1178382322356173,0.5206963595369616,0.0,-0.6450520833333334,1.2143229166666667,0.0,0.0,2.49999999975,1.2958470531436395,0.40181930288284146,1.02,8.0
max-exp-cap-V k=8.0,30020,1.1802553517502048,1.0576414610081644,0.08954246225835381,0.11351789075644869,0.5386134478891709,0.0,-0.5696614583333334,1.5377604166666667,0.0,0.0,2.49999999975,1.3773488474211173,0.3910508575206965,1.02,8.0
max-exp-cap-V k=8.0,30021,1.2299776362570984,1.1040571439446385,0.09325818029237651,0.12184224119934933,0.5568068144493686,0.0,-0.5947916666666666,1.508984375,0.0,0.0,2.49999999975,1.3311231606285558,0.41829849477372527,1.02,8.0
max-exp-cap-V k=8.0,30022,1.10183500524515,0.9844272484198816,0.08441527135784835,0.12956375718270524,0.6231252738636868,0.0,-0.5153645833333333,1.6915364583333334,0.0,0.0,2.49999999975,1.2046471489535058,0.5172678774901054,1.02,8.0
max-exp-cap-V k=8.0,30023,1.0866855203044032,0.9707462780910872,0.08099928119710698,0.12073253492332792,0.5530459798862758,0.0,-0.5533854166666667,1.4613281249999999,0.0,0.0,2.4999999997500004,1.2366162433950811,0.4472252267752119,1.02,8.0
max-exp-cap-V k=8.0,30024,1.1808555033984607,1.0574504725769371,0.08762331075651271,0.12420469609163634,0.5682345502317457,0.0,-0.6092447916666667,1.41328125,0.0,0.0,2.4999999997500004,1.2893963173876437,0.44069813335825736,1.02,8.0
max-exp-cap-V k=8.0,30025,1.083447688224673,0.9668336133187867,0.0823486750724673,0.12095593243638489,0.5722481634433643,0.0,-0.5199218750000001,1.58515625,0.0,0.0,2.49999999975,1.3079497103514826,0.43751541738526417,1.02,8.0
max-exp-cap-V k=8.0,30026,1.1408521127971176,1.0208518596004967,0.08627271127971178,0.12219982875927017,0.5698988169075837,0.0,-0.55625,1.4561197916666664,0.0,0.0,2.49999999975,1.2671291100359543,0.44975591863043307,1.02,8.0
max-exp-cap-V k=8.0,30027,1.1869799541577986,1.0638822040667957,0.09023445374911318,0.1235210950028745,0.5857244623282859,0.0,-0.5692708333333333,1.6595052083333335,0.0,0.0,2.49999999975,1.3046511717576228,0.44895101082015615,1.02,8.0
max-exp-cap-V k=8.0,30028,1.0447308484504303,0.931036982021822,0.0804170952617097,0.12859396002988993,0.6260006305105807,0.0,-0.4811197916666667,1.6970052083333333,0.0,0.0,2.49999999975,1.2334199954179041,0.5075324162378938,1.02,8.0
max-exp-cap-V k=8.0,30029,1.0794210145801098,0.9656364596360273,0.08224548687467763,0.11667281071407949,0.5491708032881525,0.0,-0.5139322916666667,1.5635416666666668,0.0,0.0,2.49999999975,1.1907339432885466,0.4612036184770738,1.02,8.0
max-exp-cap-V k=8.0,30030,1.156237791562468,1.0321930891811502,0.08645711248958012,0.12310295432275231,0.555721812004188,0.0,-0.5833333333333334,1.4289062499999998,0.0,0.0,2.49999999975,1.2290692470970055,0.45214849636566257,1.02,8.0
max-exp-cap-V k=8.0,30031,1.1523755141025707,1.0299473456735633,0.0877505722435904,0.12641411278301196,0.6006872634197398,0.0,-0.5497395833333333,1.69453125,0.0,0.0,2.49999999975,1.332230899387949,0.45088825345194017,1.02,8.0
max-exp-cap-V k=8.0,30032,1.079546452116885,0.961603143642745,0.08183485354502182,0.12187581517517904,0.5670955769316165,0.0,-0.5223958333333334,1.4683593750000001,0.0,0.0,2.49999999975,1.2725768777830389,0.44562775485875233,1.02,8.0
max-exp-cap-V k=8.0,30033,1.1279963308103964,1.0067551373589714,0.08606786224770632,0.12539568336611984,0.5881027162143746,0.0,-0.5346354166666666,1.5390624999999998,0.0,0.0,2.49999999975,1.2167912252053232,0.4833226144568369,1.02,8.0
max-exp-cap-V k=8.0,30034,1.184673272464251,1.0622317696100019,0.08934623349642509,0.10983576649948076,0.5011311360759191,0.0,-0.5824218750000001,1.5355468749999999,0.0,0.0,2.49999999975,1.28355401955731,0.39042465563604106,1.02,8.0
max-exp-cap-V k=8.0,30035,1.039634807891045,0.9273916091144411,0.07939316828910446,0.13172791385738591,0.6054013012762475,0.0,-0.49140625000000004,1.4782552083333336,0.0,0.0,2.49999999975,1.1519695043919564,0.5255358748370654,1.02,8.0
max-exp-cap-V k=8.0,30036,1.1297371054190484,1.0098090765965884,0.08627449179190483,0.12471637292661478,0.598573317882544,0.0,-0.533984375,1.6131510416666666,0.0,0.0,2.49999999975,1.2595533613217516,0.47522664482782406,1.02,8.0
max-exp-cap-V k=8.0,30037,1.1048287521333677,0.987939591056274,0.08332141688000345,0.11753776772397265,0.5528878776265191,0.0,-0.5432291666666667,1.4986979166666667,0.0,0.0,2.49999999975,1.221431699532351,0.4526555826561592,1.02,8.0
max-exp-cap-V k=8.0,30038,1.1448969023303341,1.0222160769845892,0.0849063568997001,0.12124463429823434,0.5437880240108325,0.0,-0.5916666666666666,1.3856770833333334,0.0,0.0,2.49999999975,1.3108723982241322,0.41482910521841343,1.02,8.0
max-exp-cap-V k=8.0,30039,1.178752679576811,1.0569202055873725,0.08952891379101444,0.12408762934373067,0.6016425756239987,0.0,-0.5669270833333334,1.716796875,0.0,0.0,2.49999999975,1.4302548653442548,0.42065410172835627,1.02,8.0
max-exp-cap-V k=8.0,30040,1.0868620573929269,0.9716341155662253,0.08298959115595936,0.12141761635277018,0.5930484019383666,0.0,-0.5139322916666667,1.6279947916666666,0.0,0.0,2.49999999975,1.3225291890335187,0.44841989640452173,1.02,8.0
max-exp-cap-V k=8.0,30041,1.210550456835405,1.0853163600623803,0.09091181651687383,0.12382297629696448,0.5711478655289584,0.0,-0.6028645833333333,1.4440104166666667,0.0,0.0,2.49999999975,1.2933998417309684,0.4415864662273239,1.02,8.0
max-exp-cap-V k=8.0,30042,1.105086027256374,0.9884230453570192,0.08606849855897072,0.11939877089104277,0.6100257433748584,0.0,-0.4888020833333333,1.8816406250000002,0.0,0.0,2.49999999975,1.287050702257015,0.4739718041450091,1.02,8.0
max-exp-cap-V k=8.0,30043,1.1165601858784517,0.9964308888781667,0.08562737275451185,0.12158023639147751,0.5818021638706741,0.0,-0.5205729166666667,1.62265625,0.0,0.0,2.49999999975,1.272811584706068,0.45709999096608667,1.02,8.0
max-exp-cap-V k=8.0,30044,1.1887937117838874,1.0634240092827347,0.0875772878450554,0.11890740887967306,0.5220380274888348,0.0,-0.6260416666666667,1.4201822916666667,0.0,0.0,2.49999999975,1.275513360994673,0.40927680058305166,1.02,8.0
max-exp-cap-V k=8.0,30045,1.1561356624805847,1.0352628704998206,0.08688309749805845,0.12077749946143672,0.5401635474255714,0.0,-0.5746093750000001,1.368359375,0.0,0.0,2.49999999975,1.153840659370881,0.46814397034690186,1.02,8.0
max-exp-cap-V k=8.0,30046,1.1715264816003488,1.0497371380765717,0.08884535649336822,0.12250532774109665,0.5838466851861003,0.0,-0.5661458333333333,1.5914062500000001,0.0,0.0,2.4999999997500004,1.301599739415232,0.44856084978044347,1.02,8.0
max-exp-cap-V k=8.0,30047,1.2185642311313838,1.0922482046726925,0.09218845436313838,0.12625398503485089,0.5907544118562328,0.0,-0.5933593749999999,1.6100260416666665,0.0,0.0,2.49999999975,1.3970080599779466,0.42287115499216127,1.02,8.0
max-exp-cap-V k=8.0,30048,1.17224960626165,1.0493476109945996,0.08903485645949834,0.12452422204983092,0.5818111028080989,0.0,-0.5638020833333333,1.5708333333333335,0.0,0.0,2.49999999975,1.284079562511316,0.4530958359544576,1.02,8.0
max-exp-cap-V k=8.0,30049,1.1007969852057509,0.9865991835158643,0.08418126102057508,0.1246721253901827,0.5895742208894708,0.0,-0.5179687500000001,1.630859375,0.0,0.0,2.49999999975,1.2618495315786933,0.46723020941479254,1.02,8.0
max-exp-cap-V k=16.0,30000,1.1326293592434906,1.012232361650967,0.08620564425768239,0.1276961988039179,0.5897000128342884,0.0,-0.5411458333333333,1.6037760416666667,0.0,0.0,2.49999999975,1.3137079753421175,0.44888211375950426,1.02,16.0
max-exp-cap-V k=16.0,30001,1.205888965149862,1.0816903814146936,0.09058238609831955,0.11727570980226076,0.5482151713107359,0.0,-0.6001302083333333,1.6251302083333334,0.0,0.0,2.49999999975,1.3335795762069202,0.4110854583346394,1.02,16.0
max-exp-cap-V k=16.0,30002,1.1962145888855358,1.0733338709272013,0.09091703180522023,0.1204911020287024,0.5679497109939539,0.0,-0.5740885416666667,1.5889322916666666,0.0,0.0,2.49999999975,1.2563822286364976,0.4520516909971955,1.02,16.0
max-exp-cap-V k=16.0,30003,1.0905468596516603,0.9733724940304933,0.08285676929849935,0.1258165300553527,0.5768138466464183,0.0,-0.5239583333333333,1.5613281250000002,0.0,0.0,2.49999999975,1.231794613956843,0.46827112256445336,1.02,16.0
max-exp-cap-V k=16.0,30004,1.1234302204344715,1.0020294403894336,0.08399666787678049,0.1226381960628691,0.5644774677588825,0.0,-0.5669270833333333,1.45859375,0.0,0.0,2.4999999997500004,1.2631085359824579,0.44689545805327535,1.02,16.0
max-exp-cap-V k=16.0,30005,1.2229964957446406,1.092833525395349,0.08920720165779741,0.12718053312483174,0.5587969746378862,0.0,-0.6618489583333333,1.3020833333333335,0.0,0.0,2.49999999975,1.4091464191024579,0.396549973134663,1.02,16.0
max-exp-cap-V k=16.0,30006,1.0636259083884931,0.9491430006185958,0.08077014292218264,0.10322666879249055,0.49271066978197176,0.0,-0.5118489583333333,1.7084635416666667,0.0,0.0,2.49999999975,1.2831169232975335,0.38399514559883985,1.02,16.0
max-exp-cap-V k=16.0,30007,1.118855972848572,0.9999434342838373,0.08541424311819054,0.12077594262002361,0.5806967109573543,0.0,-0.5294270833333334,1.6884114583333334,0.0,0.0,2.49999999975,1.2732150300738638,0.45608691166932425,1.02,16.0
max-exp-cap-V k=16.0,30008,1.094561787363029,0.9771952213149199,0.08342753290296956,0.12397491387472036,0.5863974619539831,0.0,-0.5205729166666666,1.6583333333333332,0.0,0.0,2.49999999975,1.2851920767985936,0.4562722355203869,1.02,16.0
max-exp-cap-V k=16.0,30009,1.1348290380795543,1.014956257452111,0.08531884130795543,0.12534537781593927,0.5651550223567156,0.0,-0.56328125,1.5106770833333334,0.0,0.0,2.49999999975,1.205681587305653,0.46874318087553474,1.02,16.0
max-exp-cap-V k=16.0,30010,1.1645386115525984,1.0415172479945207,0.08757365282192651,0.12499829994398926,0.5721846359369666,0.0,-0.5776041666666667,1.4708333333333332,0.0,0.0,2.49999999975,1.3000068779688734,0.44013969897678235,1.02,16.0
max-exp-cap-V k=16.0,30011,1.1092914361516135,0.9893099877815921,0.08335101861516135,0.12309368967526754,0.546276978398304,0.0,-0.5515625000000001,1.4872395833333334,0.0,0.0,2.49999999975,1.2104308516882782,0.4513078773862801,1.02,16.0
max-exp-cap-V k=16.0,30012,0.9924229623762374,0.8846100426643184,0.07489333790429041,0.11023192275723291,0.5083156164932562,0.0,-0.48697916666666663,1.5384114583333335,0.0,0.0,2.49999999975,1.193031397199191,0.42607061112272365,1.02,16.0
max-exp-cap-V k=16.0,30013,1.2059746497499608,1.0809333548195597,0.09036960039166272,0.1189662141273024,0.5596668225392732,0.0,-0.6045572916666667,1.4352864583333333,0.0,0.0,2.49999999975,1.3485464844736983,0.4150148541284406,1.02,16.0
max-exp-cap-V k=16.0,30014,1.159403335583274,1.036872976850625,0.08781533355832741,0.12263601260321863,0.5612232182508223,0.0,-0.5625,1.4865885416666667,0.0,0.0,2.49999999975,1.2286206728417821,0.45679128689306603,1.02,16.0
max-exp-cap-V k=16.0,30015,1.1590522466146695,1.0353562770915663,0.08782579757813361,0.12600936724675255,0.59666238878081,0.0,-0.5615885416666666,1.5895833333333333,0.0,0.0,2.49999999975,1.3636576229653323,0.4375455970270176,1.02,16.0
max-exp-cap-V k=16.0,30016,1.190943193674546,1.0659626554410018,0.09040291311745459,0.12290348544660552,0.5752798602233788,0.0,-0.573828125,1.496875,0.0,0.0,2.49999999975,1.290237867948218,0.4458711641584425,1.02,16.0
max-exp-cap-V k=16.0,30017,1.069734687981008,0.953375993333137,0.08170654171476746,0.12231530115015328,0.5957205362876457,0.0,-0.5053385416666667,1.642578125,0.0,0.0,2.49999999975,1.3448581380248308,0.4429616176190671,1.02,16.0
max-exp-cap-V k=16.0,30018,1.101728772043876,0.9820516280981636,0.08291376262105427,0.11372748409295756,0.5184700441716259,0.0,-0.5451822916666667,1.4067708333333333,0.0,0.0,2.49999999975,1.2628962831907917,0.41054047832152674,1.02,16.0
max-exp-cap-V k=16.0,30019,1.2113900589060813,1.0843318069245462,0.08908171422394144,0.11773288172265216,0.520230843146096,0.0,-0.6411458333333333,1.2143229166666667,0.0,0.0,2.49999999975,1.2809180431100935,0.406139054675946,1.02,16.0
max-exp-cap-V k=16.0,30020,1.1701702777555623,1.0485125857018915,0.08881390277555623,0.11331064058812385,0.5376300986832157,0.0,-0.5640625,1.5377604166666667,0.0,0.0,2.49999999975,1.3558858387351571,0.3965157562120022,1.02,16.0
max-exp-cap-V k=16.0,30021,1.1987159924697441,1.075596471918761,0.09111508883030775,0.12166313345232103,0.5559883100203269,0.0,-0.5751302083333333,1.508984375,0.0,0.0,2.49999999975,1.2807908257963154,0.4340976674896529,1.02,16.0
max-exp-cap-V k=16.0,30022,1.1006391864212066,0.9833170373390219,0.08430871030878732,0.12956375718270524,0.6231252738636868,0.0,-0.5151041666666667,1.6915364583333334,0.0,0.0,2.49999999975,1.1974747862061919,0.5203660912459426,1.02,16.0
max-exp-cap-V k=16.0,30023,1.0800231586056195,0.9644879180610733,0.08047627419389528,0.12072908062168436,0.5530301565819901,0.0,-0.5505208333333333,1.4613281249999999,0.0,0.0,2.49999999975,1.2330126669237282,0.44851944462319093,1.02,16.0
max-exp-cap-V k=16.0,30024,1.1766293835287138,1.0533616659661384,0.08720720918620471,0.12420714093338299,0.5682457353446603,0.0,-0.6091145833333333,1.41328125,0.0,0.0,2.49999999975,1.2919570117360055,0.43983331502733763,1.02,16.0
max-exp-cap-V k=16.0,30025,1.0818578627534876,0.9653746201953064,0.08217016127534875,0.120944122438475,0.5721922897918775,0.0,-0.5203125,1.58515625,0.0,0.0,2.49999999975,1.306423524842446,0.43798376170613096,1.02,16.0
max-exp-cap-V k=16.0,30026,1.1350999222997564,1.0152548891037874,0.08571051306330899,0.12219982875927017,0.5698988169075837,0.0,-0.5559895833333334,1.4561197916666664,0.0,0.0,2.49999999975,1.2742974039247152,0.4472259106487617,1.02,16.0
max-exp-cap-V k=16.0,30027,1.191230416104611,1.0676493497858377,0.0904511666104611,0.12362080195369063,0.5861972625423368,0.0,-0.5734375,1.6595052083333335,0.0,0.0,2.49999999975,1.3164525898753607,0.4452855097484649,1.02,16.0
max-exp-cap-V k=16.0,30028,1.04931351550795,0.9348188738605172,0.08053682030079501,0.1287663601643994,0.6268398813811346,0.0,-0.487890625,1.6970052083333333,0.0,0.0,2.49999999975,1.2471935605487816,0.502600318995647,1.02,16.0
max-exp-cap-V k=16.0,30029,1.064596942757615,0.9523812862595529,0.0811081317757615,0.11667281071407949,0.5491708032881525,0.0,-0.50703125,1.5635416666666668,0.0,0.0,2.49999999975,1.1547295450484678,0.47558391975248365,1.02,16.0
max-exp-cap-V k=16.0,30030,1.1675823449235168,1.0424694761351694,0.08684938032568498,0.12310295432275231,0.555721812004188,0.0,-0.5981770833333333,1.4289062499999998,0.0,0.0,2.49999999975,1.2493728351805393,0.44480062024390343,1.02,16.0
max-exp-cap-V k=16.0,30031,1.156711645899052,1.0339573296478857,0.08798887292323855,0.12641411278301196,0.6006872634197398,0.0,-0.5536458333333334,1.69453125,0.0,0.0,2.49999999975,1.3360539143661814,0.4495980715753551,1.02,16.0
max-exp-cap-V k=16.0,30032,1.0783280028776656,0.9604638813025335,0.08172602945443322,0.12187581517517904,0.5670955769316165,0.0,-0.5221354166666667,1.4683593750000001,0.0,0.0,2.4999999997500004,1.2727623621575619,0.4455628118750205,1.02,16.0
max-exp-cap-V k=16.0,30033,1.1321317437222698,1.0105545674584413,0.08624051812222697,0.12540926722307438,0.5881664241743074,0.0,-0.539453125,1.5390624999999998,0.0,0.0,2.49999999975,1.2180660983329314,0.48286905364108174,1.02,16.0
max-exp-cap-V k=16.0,30034,1.1765582873096554,1.0547279914399648,0.08876259956429888,0.10980675299548551,0.5009987605239284,0.0,-0.5778645833333333,1.5355468749999999,0.0,0.0,2.49999999975,1.2778748590617568,0.392056199377592,1.02,16.0
max-exp-cap-V k=16.0,30035,1.0329492816208026,0.9212230612204231,0.07878320941208025,0.13172791385738591,0.6054013012762475,0.0,-0.490234375,1.4782552083333336,0.0,0.0,2.49999999975,1.1467820478818056,0.5279131308294109,1.02,16.0
max-exp-cap-V k=16.0,30036,1.1197864921759528,1.0007266314453103,0.0855072950509286,0.12471637292661478,0.598573317882544,0.0,-0.5294270833333333,1.6131510416666666,0.0,0.0,2.49999999975,1.2324734246829747,0.48566833644831986,1.02,16.0
max-exp-cap-V k=16.0,30037,1.0960602288612906,0.9798366622221139,0.08267893955279573,0.11753776772397265,0.5528878776265191,0.0,-0.5385416666666667,1.4986979166666667,0.0,0.0,2.4999999997500004,1.219594272642437,0.4533375484197735,1.02,16.0
max-exp-cap-V k=16.0,30038,1.147071327216167,1.024094848352103,0.08496754938828337,0.12124463429823434,0.5437880240108325,0.0,-0.5947916666666666,1.3856770833333334,0.0,0.0,2.49999999975,1.3181928083370413,0.41252540642885555,1.02,16.0
max-exp-cap-V k=16.0,30039,1.1975449427156972,1.073942739510108,0.09070501510490306,0.12408762934373067,0.6016425756239987,0.0,-0.5809895833333334,1.716796875,0.0,0.0,2.49999999975,1.4513077208242038,0.41455203950980385,1.02,16.0
max-exp-cap-V k=16.0,30040,1.0913906595251417,0.9757888653102373,0.08328620136918083,0.12141761635277018,0.5930484019383666,0.0,-0.5170572916666667,1.6279947916666666,0.0,0.0,2.49999999975,1.3246104680725075,0.44771532177405676,1.02,16.0
max-exp-cap-V k=16.0,30041,1.2252579846583156,1.0985300454687983,0.09175105888249822,0.12382297629696448,0.5711478655289584,0.0,-0.6154947916666667,1.4440104166666667,0.0,0.0,2.49999999975,1.317562637120195,0.43348820726832377,1.02,16.0
max-exp-cap-V k=16.0,30042,1.1028179351553387,0.9864000273264718,0.08587424143220054,0.11936275850610056,0.6098417508451939,0.0,-0.4881510416666667,1.8816406250000002,0.0,0.0,2.49999999975,1.2834804581575634,0.475146892162754,1.02,16.0
max-exp-cap-V k=16.0,30043,1.0886649977227032,0.9711916216416071,0.08359306227227033,0.12098211439614626,0.5789399497356243,0.0,-0.50546875,1.62265625,0.0,0.0,2.49999999975,1.2107231633726543,0.47817698318655993,1.02,16.0
max-exp-cap-V k=16.0,30044,1.1922956682041361,1.0666116161407742,0.08777774390374696,0.11890740887967306,0.5220380274888348,0.0,-0.6290364583333334,1.4201822916666667,0.0,0.0,2.49999999975,1.277467903042427,0.40865060190204794,1.02,16.0
max-exp-cap-V k=16.0,30045,1.1848959519379971,1.061050498540506,0.08869141811046635,0.12077749946143672,0.5401635474255714,0.0,-0.5959635416666667,1.368359375,0.0,0.0,2.49999999975,1.2093847427485862,0.44664326275353355,1.02,16.0
max-exp-cap-V k=16.0,30046,1.1598820945144033,1.039148915103252,0.08801294903477366,0.12228206175218324,0.5827826244636363,0.0,-0.5595052083333333,1.5914062500000001,0.0,0.0,2.49999999975,1.2811629721877889,0.45488562900662244,1.02,16.0
max-exp-cap-V k=16.0,30047,1.2128305933421952,1.0869925818393447,0.09175831975088616,0.12625398503485089,0.5907544118562328,0.0,-0.5904947916666666,1.6100260416666665,0.0,0.0,2.49999999975,1.3906003249221937,0.42481969928296,1.02,16.0
max-exp-cap-V k=16.0,30048,1.1760305331233454,1.052716906020919,0.08920461581233455,0.12452422204983092,0.5818111028080989,0.0,-0.56796875,1.5708333333333335,0.0,0.0,2.49999999975,1.2890453385173153,0.45135037955865015,1.02,16.0
max-exp-cap-V k=16.0,30049,1.1046838940408474,0.9900211668365997,0.08438114982075139,0.1246721253901827,0.5895742208894708,0.0,-0.5217447916666667,1.630859375,0.0,0.0,2.49999999975,1.272699603393592,0.4632469589189779,1.02,16.0
max-exp-cap-V k=0.0,30000,1.1378820294297678,1.021749169191141,0.10066971335964345,0.1276961988039179,0.5897000128342884,0.0,-0.2623697916666667,0.66484375,0.0,0.0,2.49999999975,1.5064400452872135,0.39145269317495995,1.03,0.0
max-exp-cap-V k=0.0,30001,1.1382689333256282,1.0232729723277194,0.09996621624922948,0.11818953374088288,0.5524869181874273,0.0,-0.2772135416666667,0.6580729166666668,0.0,0.0,2.49999999975,1.5414201287633102,0.35842721129552824,1.03,0.0
max-exp-cap-V k=0.0,30002,1.1128306394515204,0.9978686128272449,0.09889374102848537,0.1204911020287024,0.5679497109939539,0.0,-0.24778645833333335,0.6295572916666667,0.0,0.0,2.49999999975,1.4633874616972342,0.38810617547265763,1.03,0.0
max-exp-cap-V k=0.0,30003,1.127298414379383,1.0124578705706848,0.09944208102127164,0.1258165300553527,0.5768138466464183,0.0,-0.2657552083333333,0.591796875,0.0,0.0,2.49999999975,1.4664744144230264,0.39333372677583434,1.03,0.0
max-exp-cap-V k=0.0,30004,1.0975552245076352,0.9838151318537942,0.09716437661743019,0.1226381960628691,0.5644774677588825,0.0,-0.2518229166666667,0.5088541666666666,0.0,0.0,2.49999999975,1.49494351075862,0.37759116896158457,1.03,0.0
max-exp-cap-V k=0.0,30005,1.11989800625451,1.0047899914181724,0.09980881104211767,0.12718053312483174,0.5587969746378862,0.0,-0.24361979166666667,0.3614583333333333,0.0,0.0,2.49999999975,1.5280952189968098,0.3656820384561735,1.03,0.0
max-exp-cap-V k=0.0,30006,1.0699470878211612,0.9599896815351546,0.09456632336544946,0.10396487838399562,0.4962342140997789,0.0,-0.24856770833333336,0.7302083333333333,0.0,0.0,2.49999999975,1.4919454428693641,0.3326088205647809,1.03,0.0
max-exp-cap-V k=0.0,30007,1.0582786569384581,0.9471579937394722,0.09464948027717916,0.12108659055297234,0.5821903215971533,0.0,-0.2235677083333333,0.7109375,0.0,0.0,2.49999999975,1.4192180251667,0.410219086337189,1.03,0.0
max-exp-cap-V k=0.0,30008,1.080741329539124,0.9679953956724762,0.09558064337057906,0.12397491387472036,0.5863974619539831,0.0,-0.24986979166666665,0.6981770833333332,0.0,0.0,2.49999999975,1.4730538748740418,0.39808283454950005,1.03,0.0
max-exp-cap-V k=0.0,30009,1.117687298200658,1.0029314337622202,0.09831820898673246,0.12534537781593927,0.5651550223567156,0.0,-0.26901041666666664,0.5270833333333333,0.0,0.0,2.4999999997499995,1.4849957272430707,0.3805768676560027,1.03,0.0
max-exp-cap-V k=0.0,30010,1.084325468517418,0.9714559928811961,0.09659660935174177,0.12499829994398926,0.5721846359369666,0.0,-0.23671874999999998,0.5044270833333333,0.0,0.0,2.49999999975,1.4496948496324118,0.39469315634393753,1.03,0.0
max-exp-cap-V k=0.0,30011,1.1584906171171228,1.0406393824211002,0.10202744712837894,0.12309368967526754,0.546276978398304,0.0,-0.2764322916666667,0.4911458333333333,0.0,0.0,2.49999999975,1.4886255258212753,0.36696735943508885,1.03,0.0
max-exp-cap-V k=0.0,30012,1.0702666991164311,0.960672847063838,0.09453318032830979,0.11138954814805958,0.513653807549782,0.0,-0.24986979166666667,0.5813802083333333,0.0,0.0,2.49999999975,1.4743145174713694,0.3484017836511312,1.03,0.0
max-exp-cap-V k=0.0,30013,1.1110962459088993,0.9963082121642561,0.09898722875755664,0.1189662141273024,0.5596668225392732,0.0,-0.24244791666666665,0.532421875,0.0,0.0,2.49999999975,1.513852490028977,0.36969706508760347,1.03,0.0
max-exp-cap-V k=0.0,30014,1.11788241941511,1.0006047406480283,0.09908641902484433,0.12330681207716106,0.5642930199475309,0.0,-0.2540364583333333,0.5208333333333334,0.0,0.0,2.49999999975,1.492720791777887,0.37802985196946076,1.03,0.0
max-exp-cap-V k=0.0,30015,1.0913698834842274,0.9765895636463553,0.0962138112650894,0.12600936724675255,0.59666238878081,0.0,-0.2584635416666667,0.641796875,0.0,0.0,2.49999999975,1.4963424223220672,0.3987472251537801,1.03,0.0
max-exp-cap-V k=0.0,30016,1.1584400945212339,1.0396997007258642,0.1027776032021234,0.12518634475341692,0.5859653422352185,0.0,-0.261328125,0.566796875,0.0,0.0,2.49999999975,1.520657543021315,0.38533682019621235,1.03,0.0
max-exp-cap-V k=0.0,30017,1.0840382962565132,0.9709983522220857,0.09624888170898466,0.12231530115015328,0.5957205362876457,0.0,-0.24309895833333334,0.7180989583333333,0.0,0.0,2.49999999975,1.4937871596300354,0.3987988064077262,1.03,0.0
max-exp-cap-V k=0.0,30018,1.1142257131284996,0.9994542331661901,0.09902022756284994,0.11372748409295756,0.5184700441716259,0.0,-0.248046875,0.47421875,0.0,0.0,2.4999999997499995,1.4958657340539219,0.3466019926578093,1.03,0.0
max-exp-cap-V k=0.0,30019,1.0765635891084626,0.9638410761115281,0.09670583807751293,0.11915557166005873,0.5265173382598064,0.0,-0.21901041666666668,0.3263020833333333,0.0,0.0,2.49999999975,1.4825245825787263,0.35514914521280583,1.03,0.0
max-exp-cap-V k=0.0,30020,1.1326078516417908,1.0180357951415555,0.10072823308084573,0.11448455061761321,0.5432000024603348,0.0,-0.2506510416666667,0.6341145833333334,0.0,0.0,2.49999999975,1.521685897750909,0.35697248904205425,1.03,0.0
max-exp-cap-V k=0.0,30021,1.0865327253165704,0.9734418925050072,0.09677827253165705,0.12234579471082312,0.55910800346123,0.0,-0.23750000000000002,0.5618489583333333,0.0,0.0,2.49999999975,1.4726302945519123,0.3796662377038453,1.03,0.0
max-exp-cap-V k=0.0,30022,1.068596865997358,0.9565464990746375,0.09486749909973577,0.12956375718270524,0.6231252738636868,0.0,-0.23984375000000002,0.7274739583333333,0.0,0.0,2.49999999975,1.446031048688528,0.4309210887475948,1.03,0.0
max-exp-cap-V k=0.0,30023,1.0977413339854147,0.9862174332106877,0.09683793548187483,0.12098901317297628,0.554220843521719,0.0,-0.25872395833333334,0.5059895833333333,0.0,0.0,2.49999999975,1.504177991389335,0.3684542964292494,1.03,0.0
max-exp-cap-V k=0.0,30024,1.0993488404989096,0.9857788405464709,0.09751300904989095,0.12440280019125646,0.569140873402197,0.0,-0.2484375,0.470703125,0.0,0.0,2.49999999975,1.4968878857143118,0.38021609957154817,1.03,0.0
max-exp-cap-V k=0.0,30025,1.0626975384017427,0.9527822180059407,0.0943101184235076,0.12223272869468582,0.5782887461513546,0.0,-0.2391927083333334,0.6627604166666666,0.0,0.0,2.49999999975,1.4729478722741818,0.39260638956523036,1.03,0.0
max-exp-cap-V k=0.0,30026,1.126627068019782,1.0111541445923473,0.10065098805197818,0.12219982875927017,0.5698988169075837,0.0,-0.24023437500000006,0.525,0.0,0.0,2.4999999997500004,1.4988548285128407,0.38022282483023095,1.03,0.0
max-exp-cap-V k=0.0,30027,1.1102918790755039,0.9958123115292091,0.09817762540755039,0.12472084618716771,0.5914135603510285,0.0,-0.25703125,0.7141927083333333,0.0,0.0,2.49999999975,1.4837596089732787,0.39859122513806033,1.03,0.0
max-exp-cap-V k=0.0,30028,1.0645254678715073,0.9529414588886789,0.09433666137048406,0.1296418890162357,0.6311019914612062,0.0,-0.24231770833333333,0.7401041666666667,0.0,0.0,2.49999999975,1.5031164162780835,0.4198623503985798,1.03,0.0
max-exp-cap-V k=0.0,30029,1.1183507843686824,1.0048218969915403,0.09894445343686827,0.11667281071407949,0.5491708032881525,0.0,-0.2578125,0.6243489583333334,0.0,0.0,2.49999999975,1.4938625117646998,0.3676180364412633,1.03,0.0
max-exp-cap-V k=0.0,30030,1.0556969618283003,0.9439316086065516,0.09390302951616336,0.12310295432275231,0.555721812004188,0.0,-0.23333333333333336,0.4545572916666667,0.0,0.0,2.4999999997500004,1.4220624018710484,0.39078581310708227,1.03,0.0
max-exp-cap-V k=0.0,30031,1.115792988880001,0.9998564559765761,0.09808320513800008,0.12641411278301196,0.6006872634197398,0.0,-0.26992187500000003,0.70703125,0.0,0.0,2.49999999975,1.5069086937916296,0.3986222031198931,1.03,0.0
max-exp-cap-V k=0.0,30032,1.1177071308825761,1.0022630264212902,0.09837878600492425,0.12187581517517904,0.5670955769316165,0.0,-0.26783854166666665,0.5584635416666666,0.0,0.0,2.49999999975,1.5695866245010224,0.3613025035250274,1.03,0.0
max-exp-cap-V k=0.0,30033,1.1200736968696912,1.0041839838108477,0.09966361968696913,0.12743816397242352,0.5976819007615432,0.0,-0.246875,0.60078125,0.0,0.0,2.49999999975,1.424204598916956,0.41966013957268045,1.03,0.0
max-exp-cap-V k=0.0,30034,1.1043787391491526,0.9911605415141564,0.09756678016491524,0.11087996772113377,0.5058953559760125,0.0,-0.257421875,0.5561197916666667,0.0,0.0,2.4999999997499995,1.4879480261682148,0.33999531373337116,1.03,0.0
max-exp-cap-V k=0.0,30035,1.1074906638852287,0.9927683925291682,0.09862667055518953,0.13172791385738591,0.6054013012762475,0.0,-0.24244791666666665,0.54140625,0.0,0.0,2.49999999975,1.4380434484406077,0.42098957575498525,1.03,0.0
max-exp-cap-V k=0.0,30036,1.1004606086103754,0.986728586172458,0.09742236294437087,0.12471637292661478,0.598573317882544,0.0,-0.25247395833333336,0.6615885416666667,0.0,0.0,2.49999999975,1.4718874959252606,0.40667056384378597,1.03,0.0
max-exp-cap-V k=0.0,30037,1.0756004637631371,0.9649230676205681,0.09569806720964705,0.11753776772397265,0.5528878776265191,0.0,-0.23723958333333334,0.559765625,0.0,0.0,2.49999999975,1.434394345558972,0.3854504023515675,1.03,0.0
max-exp-cap-V k=0.0,30038,1.0962536096736946,0.9834864243876256,0.09731416305070277,0.12124463429823434,0.5437880240108325,0.0,-0.24622395833333333,0.4239583333333333,0.0,0.0,2.49999999975,1.5133299005896137,0.35933210848405583,1.03,0.0
max-exp-cap-V k=0.0,30039,1.1260800313631392,1.010794353057898,0.09904029480298059,0.12408762934373067,0.6016425756239987,0.0,-0.2713541666666667,0.777734375,0.0,0.0,2.49999999975,1.5420956091775526,0.3901460921381349,1.03,0.0
max-exp-cap-V k=0.0,30040,1.112663579686009,0.9994286718357365,0.09865568088526754,0.12141761635277018,0.5930484019383666,0.0,-0.25221354166666665,0.7083333333333333,0.0,0.0,2.49999999975,1.5133559978822049,0.39187633495904495,1.03,0.0
max-exp-cap-V k=0.0,30041,1.1164140925939245,1.0002391157977797,0.09845781550939248,0.12382297629696448,0.5711478655289584,0.0,-0.263671875,0.516015625,0.0,0.0,2.49999999975,1.5258169821285186,0.3743226561367836,1.03,0.0
max-exp-cap-V k=0.0,30042,1.1222952025409563,1.007693570131582,0.09909149942076231,0.11949049196771258,0.6104943597396759,0.0,-0.26276041666666666,0.9247395833333334,0.0,0.0,2.49999999975,1.541592298005893,0.39601544489381085,1.03,0.0
max-exp-cap-V k=0.0,30043,1.1256935285356977,1.0087357143691829,0.09978289452023643,0.12191879415049484,0.5834222761737728,0.0,-0.2557291666666667,0.673046875,0.0,0.0,2.4999999997499995,1.476067319607912,0.39525451747603724,1.03,0.0
max-exp-cap-V k=0.0,30044,1.093425934113634,0.9804079561500463,0.09657566632803008,0.11890740887967306,0.5220380274888348,0.0,-0.25533854166666664,0.433203125,0.0,0.0,2.49999999975,1.4526525847966734,0.3593688077606691,1.03,0.0
max-exp-cap-V k=0.0,30045,1.1233856065068213,1.0076092592202206,0.09963673773401545,0.12077749946143672,0.5401635474255714,0.0,-0.2540364583333334,0.4278645833333333,0.0,0.0,2.49999999975,1.5223362217340461,0.354825392520903,1.03,0.0
max-exp-cap-V k=0.0,30046,1.1081018851687348,0.994553232601335,0.09803024060020679,0.12302559404194337,0.5863262161645844,0.0,-0.25559895833333335,0.6720052083333332,0.0,0.0,2.49999999975,1.5041051119155093,0.3898173149733436,1.03,0.0
max-exp-cap-V k=0.0,30047,1.124653037055693,1.008309599249637,0.09910592870556931,0.12625398503485089,0.5907544118562328,0.0,-0.2671875,0.6520833333333333,0.0,0.0,2.49999999975,1.5036536796147062,0.3928793045002269,1.03,0.0
max-exp-cap-V k=0.0,30048,1.1417114801857726,1.0248567158071706,0.1007466688519106,0.12452422204983092,0.5818111028080989,0.0,-0.26848958333333334,0.6059895833333333,0.0,0.0,2.4999999997499995,1.4745537528258335,0.39456757794900094,1.03,0.0
max-exp-cap-V k=0.0,30049,1.0968709219770356,0.9854533933390592,0.09746052969770355,0.1246721253901827,0.5895742208894708,0.0,-0.24453125000000003,0.6598958333333332,0.0,0.0,2.4999999997499995,1.4822630791743396,0.39775275332222365,1.03,0.0
max-exp-cap-V k=0.25,30000,1.1554854168847504,1.0371564285786086,0.10074385418847502,0.1276961988039179,0.5897000128342884,0.0,-0.29609375000000004,0.66484375,0.0,0.0,2.49999999975,1.5041786724267,0.392041200719142,1.03,0.25
max-exp-cap-V k=0.25,30001,1.1485849240359869,1.0321663685773375,0.09974781532026536,0.11808262288091632,0.5519871543786184,0.0,-0.3022135416666667,0.6580729166666668,0.0,0.0,2.49999999975,1.5171042717687564,0.3638425945074095,1.03,0.25
max-exp-cap-V k=0.25,30002,1.1376682607639217,1.01996347706236,0.09936578440972549,0.1204911020287024,0.5679497109939539,0.0,-0.28802083333333334,0.6295572916666667,0.0,0.0,2.49999999975,1.4806269224500888,0.38358731857592515,1.03,0.25
max-exp-cap-V k=0.25,30003,1.149907386333176,1.0326079602791225,0.09988006154998426,0.1258165300553527,0.5768138466464183,0.0,-0.3022135416666667,0.591796875,0.0,0.0,2.49999999975,1.4516643688891522,0.3973465623378287,1.03,0.25
max-exp-cap-V k=0.25,30004,1.120571093359341,1.0042430232855715,0.09781882808593408,0.1226381960628691,0.5644774677588825,0.0,-0.284765625,0.5088541666666666,0.0,0.0,2.49999999975,1.4698560391063933,0.38403588701248564,1.03,0.25
max-exp-cap-V k=0.25,30005,1.1095947878056616,0.9946442794885262,0.09823812461389947,0.12718053312483174,0.5587969746378862,0.0,-0.25442708333333336,0.3614583333333333,0.0,0.0,2.49999999975,1.441704093050742,0.3875947757458568,1.03,0.25
max-exp-cap-V k=0.25,30006,1.0750792255586155,0.9638714410696259,0.09356261005586157,0.10396487838399562,0.4962342140997789,0.0,-0.27890625,0.7302083333333333,0.0,0.0,2.49999999975,1.4600200565381674,0.3398817789369228,1.03,0.25
max-exp-cap-V k=0.25,30007,1.087112793536132,0.9734811100628167,0.09574903977027986,0.12104386516337379,0.5819848958089042,0.0,-0.2592447916666667,0.7109375,0.0,0.0,2.49999999975,1.399137302952677,0.41595981651029473,1.03,0.25
max-exp-cap-V k=0.25,30008,1.1034475814015026,0.9882719922990235,0.09604788314015025,0.12397491387472036,0.5863974619539831,0.0,-0.28593749999999996,0.6981770833333332,0.0,0.0,2.49999999975,1.4481737748383479,0.40492202810359523,1.03,0.25
max-exp-cap-V k=0.25,30009,1.1352781750411922,1.0185298737263695,0.09850828625411924,0.12534537781593927,0.5651550223567156,0.0,-0.300390625,0.5270833333333333,0.0,0.0,2.49999999975,1.4838945396775447,0.38085929103797744,1.03,0.25
max-exp-cap-V k=0.25,30010,1.1105139473271681,0.9951903633050637,0.09765946764938346,0.12499829994398926,0.5721846359369666,0.0,-0.26783854166666665,0.5044270833333333,0.0,0.0,2.49999999975,1.4333673019337732,0.3991891228194095,1.03,0.25
max-exp-cap-V k=0.25,30011,1.1712136670350968,1.051756123579225,0.10193256462017634,0.12309368967526754,0.546276978398304,0.0,-0.3037760416666666,0.4911458333333333,0.0,0.0,2.49999999975,1.4762442404997647,0.3700451208624994,1.03,0.25
max-exp-cap-V k=0.25,30012,1.0877911298318463,0.9760147308931357,0.09465801923318465,0.11145147689992603,0.5139393813735551,0.0,-0.282421875,0.5813802083333333,0.0,0.0,2.49999999975,1.489362142288189,0.3450734826547704,1.03,0.25
max-exp-cap-V k=0.25,30013,1.1285894548971382,1.0112773346024562,0.09895920590638049,0.1189662141273024,0.5596668225392732,0.0,-0.2779947916666667,0.532421875,0.0,0.0,2.49999999975,1.5329165940979175,0.36509933070991574,1.03,0.25
max-exp-cap-V k=0.25,30014,1.1207502842859918,1.0023318861163721,0.09800601801193251,0.12330681207716106,0.5642930199475309,0.0,-0.2813802083333333,0.5208333333333334,0.0,0.0,2.4999999997500004,1.4815082330562963,0.3808909105981918,1.03,0.25
max-exp-cap-V k=0.25,30015,1.117658909788314,0.9998228905425043,0.09666172431216476,0.12600936724675255,0.59666238878081,0.0,-0.30208333333333337,0.641796875,0.0,0.0,2.49999999975,1.5557159470419462,0.38352913326838994,1.03,0.25
max-exp-cap-V k=0.25,30016,1.1665949941023948,1.046587498524677,0.10259699941023948,0.12511539990215187,0.5856332674859059,0.0,-0.28125000000000006,0.566796875,0.0,0.0,2.49999999975,1.5134967471160017,0.3869405524668896,1.03,0.25
max-exp-cap-V k=0.25,30017,1.0946476583150762,0.9801637743697482,0.09604028666484096,0.12231530115015328,0.5957205362876457,0.0,-0.2684895833333333,0.7180989583333333,0.0,0.0,2.49999999975,1.485723791055792,0.4009631802855576,1.03,0.25
max-exp-cap-V k=0.25,30018,1.1264178203103414,1.009797218291704,0.09887225078103411,0.11372748409295756,0.5184700441716259,0.0,-0.275390625,0.47421875,0.0,0.0,2.49999999975,1.480401412761218,0.3502226083428176,1.03,0.25
max-exp-cap-V k=0.25,30019,1.0811993497144385,0.9677951140066664,0.09659649747144385,0.11886831056064194,0.5252480065169147,0.0,-0.23046875,0.3263020833333333,0.0,0.0,2.49999999975,1.4418173879506724,0.3642957914826344,1.03,0.25
max-exp-cap-V k=0.25,30020,1.1379827124755408,1.022644598844034,0.10048446916422075,0.11431582479000496,0.542399441428497,0.0,-0.26627604166666663,0.6341145833333334,0.0,0.0,2.49999999975,1.459983593783226,0.37151064144699625,1.03,0.25
max-exp-cap-V k=0.25,30021,1.0878020740996062,0.9741781040147519,0.09612395740996062,0.12212121136979044,0.5580816801314236,0.0,-0.25312500000000004,0.5618489583333333,0.0,0.0,2.49999999975,1.4095185413968894,0.3959378069467197,1.03,0.25
max-exp-cap-V k=0.25,30022,1.0940548734649433,0.9796168352242923,0.09552527901316099,0.12956375718270524,0.6231252738636868,0.0,-0.27760416666666665,0.7274739583333333,0.0,0.0,2.49999999975,1.432991303381069,0.4348423276494804,1.03,0.25
max-exp-cap-V k=0.25,30023,1.1055459140000694,0.9923932675914308,0.09621214348334028,0.12098606420581647,0.5542073350301298,0.0,-0.28684895833333335,0.5059895833333333,0.0,0.0,2.49999999975,1.5011015870192173,0.3692004190939775,1.03,0.25
max-exp-cap-V k=0.25,30024,1.1157249844018426,0.9996044628856657,0.09734072760685092,0.12442633455914034,0.569248542768737,0.0,-0.28463541666666664,0.470703125,0.0,0.0,2.49999999975,1.521537465966182,0.37412719404005085,1.03,0.25
max-exp-cap-V k=0.25,30025,1.0824748075035806,0.9702463275535507,0.09471232450035805,0.12250568521928773,0.5795801162128064,0.0,-0.27070312500000004,0.6627604166666666,0.0,0.0,2.49999999975,1.5082215696643073,0.38428048495673384,1.03,0.25
max-exp-cap-V k=0.25,30026,1.1347715204979065,1.017591676309602,0.10009173538312399,0.12219982875927017,0.5698988169075837,0.0,-0.2677083333333333,0.525,0.0,0.0,2.49999999975,1.5081959601419732,0.37786788452472486,1.03,0.25
max-exp-cap-V k=0.25,30027,1.131356859082208,1.0143529549375467,0.09845469632488749,0.12472084618716771,0.5914135603510285,0.0,-0.2936197916666667,0.7141927083333333,0.0,0.0,2.49999999975,1.488088698229696,0.3974316591844313,1.03,0.25
max-exp-cap-V k=0.25,30028,1.0761456707832942,0.9631667015123428,0.09406638999499606,0.1296418890162357,0.6311019914612062,0.0,-0.27096354166666664,0.7401041666666667,0.0,0.0,2.49999999975,1.4901997031278151,0.4235016220554677,1.03,0.25
max-exp-cap-V k=0.25,30029,1.1221220345604943,1.0077207390153777,0.09841012012271613,0.11667281071407949,0.5491708032881525,0.0,-0.2760416666666667,0.6243489583333334,0.0,0.0,2.49999999975,1.4459595340729283,0.3797967995281772,1.03,0.25
max-exp-cap-V k=0.25,30030,1.0571925113897718,0.9447061676394674,0.09304346988897717,0.12310295432275231,0.555721812004188,0.0,-0.253515625,0.4545572916666667,0.0,0.0,2.49999999975,1.394833723984482,0.39841437903918264,1.03,0.25
max-exp-cap-V k=0.25,30031,1.112107176881985,0.995845292945742,0.09669899893819847,0.12641411278301196,0.6006872634197398,0.0,-0.29023437500000004,0.70703125,0.0,0.0,2.4999999997500004,1.4770594547462406,0.4066777823259241,1.03,0.25
max-exp-cap-V k=0.25,30032,1.1374584973627468,1.01937453242389,0.09853100598627466,0.12187581517517904,0.5670955769316165,0.0,-0.30429687499999997,0.5584635416666666,0.0,0.0,2.4999999997500004,1.571821858627709,0.3607887075872094,1.03,0.25
max-exp-cap-V k=0.25,30033,1.1344363950966634,1.0164449298958416,0.09937462909299966,0.12743816397242352,0.5976819007615432,0.0,-0.2813802083333333,0.60078125,0.0,0.0,2.49999999975,1.4631427958528647,0.4084918453999255,1.03,0.25
max-exp-cap-V k=0.25,30034,1.1204104295977644,1.0051174797299076,0.09736656379310978,0.11099687067722419,0.5064287315153593,0.0,-0.2934895833333333,0.5561197916666667,0.0,0.0,2.49999999975,1.5108308413617766,0.33519883076975937,1.03,0.25
max-exp-cap-V k=0.25,30035,1.109065660584986,0.9940476596273463,0.09812010772516526,0.13172791385738591,0.6054013012762475,0.0,-0.2557291666666667,0.54140625,0.0,0.0,2.49999999975,1.3747413347030644,0.44037469885708386,1.03,0.25
max-exp-cap-V k=0.25,30036,1.114902795462815,0.9997043581636789,0.09758402954628148,0.12471637292661478,0.598573317882544,0.0,-0.278125,0.6615885416666667,0.0,0.0,2.49999999975,1.432989900572158,0.4177093764886607,1.03,0.25
max-exp-cap-V k=0.25,30037,1.0950500480993963,0.9819973530133934,0.0960349527266063,0.11753776772397265,0.5528878776265191,0.0,-0.2694010416666667,0.559765625,0.0,0.0,2.49999999975,1.455867624887034,0.3797652122866732,1.03,0.25
max-exp-cap-V k=0.25,30038,1.1010508216364592,0.9873681845362318,0.09689544674697925,0.12124463429823434,0.5437880240108325,0.0,-0.2641927083333333,0.4239583333333333,0.0,0.0,2.49999999975,1.4536906163041254,0.3740741103449945,1.03,0.25
max-exp-cap-V k=0.25,30039,1.1455354995630358,1.027948412994105,0.09911735203963691,0.12408762934373067,0.6016425756239987,0.0,-0.3087239583333333,0.777734375,0.0,0.0,2.49999999975,1.5269205855292283,0.3940234884026207,1.03,0.25
max-exp-cap-V k=0.25,30040,1.1207324057550332,1.0063498280968,0.0984794905755033,0.12141761635277018,0.5930484019383666,0.0,-0.271875,0.7083333333333333,0.0,0.0,2.49999999975,1.5209130878791268,0.3899291857402299,1.03,0.25
max-exp-cap-V k=0.25,30041,1.1371973853549935,1.018086103125927,0.09851791561883268,0.12382297629696448,0.5711478655289584,0.0,-0.30403645833333337,0.516015625,0.0,0.0,2.49999999975,1.554790179014299,0.3673472300237019,1.03,0.25
max-exp-cap-V k=0.25,30042,1.127678707327541,1.0121720034444606,0.09826266239942075,0.11949049196771258,0.6104943597396759,0.0,-0.2901041666666667,0.9247395833333334,0.0,0.0,2.49999999975,1.4934806550762405,0.40877286067592944,1.03,0.25
max-exp-cap-V k=0.25,30043,1.126457009425173,1.0088081820214787,0.09888268010918397,0.12191879415049484,0.5834222761737728,0.0,-0.2752604166666667,0.673046875,0.0,0.0,2.49999999975,1.4506665220739177,0.40217532237505166,1.03,0.25
max-exp-cap-V k=0.25,30044,1.097351367348942,0.9832706016997144,0.09588097006822753,0.11890740887967306,0.5220380274888348,0.0,-0.27708333333333335,0.433203125,0.0,0.0,2.4999999997500004,1.456181969120538,0.3584977966758646,1.03,0.25
max-exp-cap-V k=0.25,30045,1.123536816739486,1.0071338289166367,0.09885758792394858,0.12077749946143672,0.5401635474255714,0.0,-0.26992187500000003,0.4278645833333333,0.0,0.0,2.49999999975,1.4791272844728776,0.36519071285881366,1.03,0.25
max-exp-cap-V k=0.25,30046,1.1164607665529585,1.0016983021458732,0.0978439933219625,0.12302559404194337,0.5863262161645844,0.0,-0.2760416666666667,0.6720052083333332,0.0,0.0,2.49999999975,1.49131522343425,0.3931604847527627,1.03,0.25
max-exp-cap-V k=0.25,30047,1.1396360192639163,1.0214537184065693,0.0991068310930583,0.12625398503485089,0.5907544118562328,0.0,-0.29713541666666665,0.6520833333333333,0.0,0.0,2.49999999975,1.4979133643183633,0.39438489964008033,1.03,0.25
max-exp-cap-V k=0.25,30048,1.1362233235310055,1.0194840853594813,0.09955983235310056,0.12452422204983092,0.5818111028080989,0.0,-0.28125,0.6059895833333333,0.0,0.0,2.49999999975,1.4168235050169893,0.41064472797627843,1.03,0.25
max-exp-cap-V k=0.25,30049,1.112240015055395,0.9988607282780775,0.0974740015055395,0.1246721253901827,0.5895742208894708,0.0,-0.27499999999999997,0.6598958333333332,0.0,0.0,2.49999999975,1.5028491156046972,0.3923043336604323,1.03,0.25
max-exp-cap-V k=0.5,30000,1.1892644268902424,1.066439867628181,0.10068425518902421,0.1276961988039179,0.5897000128342884,0.0,-0.36484375,0.66484375,0.0,0.0,2.49999999975,1.5099422719194866,0.3905447405513345,1.03,0.5
max-exp-cap-V k=0.5,30001,1.197383553493741,1.0748289148265122,0.10007038659937409,0.11838201196822694,0.5533866738534126,0.0,-0.393359375,0.6580729166666668,0.0,0.0,2.49999999975,1.58519746861568,0.3490963648438536,1.03,0.5
max-exp-cap-V k=0.5,30002,1.1486200641171254,1.0291042722835146,0.09882033974504587,0.1204911020287024,0.5679497109939539,0.0,-0.32083333333333336,0.6295572916666667,0.0,0.0,2.49999999975,1.4100293802572255,0.4027928204519719,1.03,0.5
max-exp-cap-V k=0.5,30003,1.158268221650448,1.039475611681043,0.09898437424837814,0.1258165300553527,0.5768138466464183,0.0,-0.3368489583333333,0.591796875,0.0,0.0,2.49999999975,1.377771511004998,0.4186571155224924,1.03,0.5
max-exp-cap-V k=0.5,30004,1.1462961620642576,1.026606822360577,0.09771555370642576,0.1226381960628691,0.5644774677588825,0.0,-0.33828125,0.5088541666666666,0.0,0.0,2.49999999975,1.4921210133107246,0.37830542075566476,1.03,0.5
max-exp-cap-V k=0.5,30005,1.1038927745606495,0.9881668027827658,0.09633979828939829,0.12718053312483174,0.5587969746378862,0.0,-0.28098958333333335,0.3614583333333333,0.0,0.0,2.49999999975,1.4774832858343636,0.37820866062949926,1.03,0.5
max-exp-cap-V k=0.5,30006,1.113960856501425,0.9985500675005143,0.09446249190014248,0.10396487838399562,0.4962342140997789,0.0,-0.338671875,0.7302083333333333,0.0,0.0,2.49999999975,1.458015762317023,0.340349005082896,1.03,0.5
max-exp-cap-V k=0.5,30007,1.1457433786622198,1.0257342240084322,0.09741938994955535,0.12118188641129697,0.5826485088014633,0.0,-0.3430989583333333,0.7109375,0.0,0.0,2.49999999975,1.464006608188194,0.39798215769157613,1.03,0.5
max-exp-cap-V k=0.5,30008,1.1347476210485137,1.0156808874590038,0.09620913710485138,0.12397491387472036,0.5863974619539831,0.0,-0.3453125,0.6981770833333332,0.0,0.0,2.49999999975,1.4664631562551351,0.3998719364020365,1.03,0.5
max-exp-cap-V k=0.5,30009,1.1633011382746694,1.0430168358180436,0.0986478221608003,0.12534537781593927,0.5651550223567156,0.0,-0.3536458333333333,0.5270833333333333,0.0,0.0,2.49999999975,1.4779540231050756,0.3823901241321197,1.03,0.5
max-exp-cap-V k=0.5,30010,1.1377303006170254,1.0191133610166858,0.09788761339503589,0.12499829994398926,0.5721846359369666,0.0,-0.3177083333333333,0.5044270833333333,0.0,0.0,2.49999999975,1.4416789361850717,0.39688769917875383,1.03,0.5
max-exp-cap-V k=0.5,30011,1.1661458885661036,1.0459706504986077,0.09986328677327704,0.12309368967526754,0.546276978398304,0.0,-0.33502604166666666,0.4911458333333333,0.0,0.0,2.49999999975,1.4099324472041164,0.3874490437336671,1.03,0.5
max-exp-cap-V k=0.5,30012,1.0870841440511378,0.9745343097648627,0.09339591440511377,0.11104316592390763,0.5120565252978895,0.0,-0.30625,0.5813802083333333,0.0,0.0,2.49999999975,1.3901495763873621,0.36834635207284055,1.03,0.5
max-exp-cap-V k=0.5,30013,1.1509946549829826,1.0309542212791656,0.09901873633163158,0.1189662141273024,0.5596668225392732,0.0,-0.32161458333333337,0.532421875,0.0,0.0,2.49999999975,1.4701685918061838,0.38068206983778063,1.03,0.5
max-exp-cap-V k=0.5,30014,1.143809227122511,1.0222209479282807,0.09770123521225112,0.12330681207716106,0.5642930199475309,0.0,-0.33359375,0.5208333333333334,0.0,0.0,2.49999999975,1.4366607181020155,0.3927809905549747,1.03,0.5
max-exp-cap-V k=0.5,30015,1.1526211614100967,1.0306227123403011,0.09699388697434301,0.12600936724675255,0.59666238878081,0.0,-0.3653645833333333,0.641796875,0.0,0.0,2.49999999975,1.5463860182034463,0.38584310887264606,1.03,0.5
max-exp-cap-V k=0.5,30016,1.188215719636774,1.0652466286708853,0.10230464488034405,0.12457687706795614,0.5831125794870468,0.0,-0.33033854166666665,0.566796875,0.0,0.0,2.49999999975,1.4591411168305202,0.39962726891944306,1.03,0.5
max-exp-cap-V k=0.5,30017,1.1153491078699962,0.997356532704973,0.09518074412033295,0.12231530115015328,0.5957205362876457,0.0,-0.32708333333333334,0.7180989583333333,0.0,0.0,2.49999999975,1.5061951450504698,0.3955135151280043,1.03,0.5
max-exp-cap-V k=0.5,30018,1.1341564815668617,1.0161489039225717,0.09804455440668616,0.11372748409295756,0.5184700441716259,0.0,-0.30742187499999996,0.47421875,0.0,0.0,2.4999999997499995,1.4124036489966685,0.36708347825349524,1.03,0.5
max-exp-cap-V k=0.5,30019,1.0938165801348214,0.9786504194381058,0.0965561371801488,0.11891336363644772,0.5254470842874561,0.0,-0.2565104166666667,0.3263020833333333,0.0,0.0,2.49999999975,1.4482017690212015,0.3628272631116802,1.03,0.5
max-exp-cap-V k=0.5,30020,1.1864402950606219,1.0649986146043453,0.10099428992272885,0.11449260216179301,0.5432382049845592,0.0,-0.35299479166666664,0.6341145833333334,0.0,0.0,2.49999999975,1.5265968791399493,0.35584915206338397,1.03,0.5
max-exp-cap-V k=0.5,30021,1.1212572292682474,1.0041807285853193,0.09702155626015806,0.12203057904348207,0.5576674994958644,0.0,-0.30208333333333337,0.5618489583333333,0.0,0.0,2.49999999975,1.3840493103331484,0.40292458898132083,1.03,0.5
max-exp-cap-V k=0.5,30022,1.1257317593498057,1.0073471827579255,0.09582187385164724,0.12956375718270524,0.6231252738636868,0.0,-0.3350260416666667,0.7274739583333333,0.0,0.0,2.4999999997499995,1.447513697465916,0.4304797080363098,1.03,0.5
max-exp-cap-V k=0.5,30023,1.1355736005174533,1.0188344633728812,0.09651959963507864,0.12095975222275442,0.5540868063220682,0.0,-0.34075520833333334,0.5059895833333333,0.0,0.0,2.49999999975,1.4736525530722728,0.37599555279628655,1.03,0.5
max-exp-cap-V k=0.5,30024,1.1103969561913096,0.9939952748072445,0.09566860186913098,0.12434662581379038,0.5688838765001601,0.0,-0.307421875,0.470703125,0.0,0.0,2.49999999975,1.4380515986178197,0.39559350794292897,1.03,0.5
max-exp-cap-V k=0.5,30025,1.0817562610671714,0.9687339805807411,0.09339046985671715,0.12171625873578815,0.5758453026633032,0.0,-0.295703125,0.6627604166666666,0.0,0.0,2.49999999975,1.4062053568944557,0.40950299317237204,1.03,0.5
max-exp-cap-V k=0.5,30026,1.1374886748695783,1.0192647641243908,0.09887256540362449,0.12219982875927017,0.5698988169075837,0.0,-0.2975260416666667,0.525,0.0,0.0,2.49999999975,1.4133595935228027,0.4032228029719665,1.03,0.5
max-exp-cap-V k=0.5,30027,1.145531535181221,1.0257529056548298,0.0974242472681221,0.12472084618716771,0.5914135603510285,0.0,-0.342578125,0.7141927083333333,0.0,0.0,2.4999999997499995,1.4833816202744254,0.3986927923790893,1.03,0.5
max-exp-cap-V k=0.5,30028,1.1022268876679846,0.9860837385632354,0.09427867835013179,0.1296418890162357,0.6311019914612062,0.0,-0.3188802083333333,0.7401041666666667,0.0,0.0,2.4999999997500004,1.4725468523259648,0.42857854774830934,1.03,0.5
max-exp-cap-V k=0.5,30029,1.129185808548838,1.0125423139854883,0.09685087252155047,0.11667281071407949,0.5491708032881525,0.0,-0.32135416666666666,0.6243489583333334,0.0,0.0,2.49999999975,1.4310461900604705,0.3837547712313511,1.03,0.5
max-exp-cap-V k=0.5,30030,1.0952886834979374,0.9780643671700652,0.09356532668312709,0.12310295432275231,0.555721812004188,0.0,-0.3192708333333333,0.4545572916666667,0.0,0.0,2.49999999975,1.4429761671025527,0.3851219615914091,1.03,0.5
max-exp-cap-V k=0.5,30031,1.1425391019092248,1.0227088061956306,0.09705338935758913,0.12641411278301196,0.6006872634197398,0.0,-0.34401041666666665,0.70703125,0.0,0.0,2.49999999975,1.4552148060673946,0.41278253967402284,1.03,0.5
max-exp-cap-V k=0.5,30032,1.1548777308650289,1.0338785558707264,0.09772735641983624,0.12187581517517904,0.5670955769316165,0.0,-0.3552083333333333,0.5584635416666666,0.0,0.0,2.49999999975,1.5520074027597421,0.3653948917532357,1.03,0.5
max-exp-cap-V k=0.5,30033,1.1646900486034997,1.0432864480146469,0.10001067152701666,0.12735272167085124,0.5972811784377327,0.0,-0.32916666666666666,0.60078125,0.0,0.0,2.49999999975,1.400463326048957,0.4264882680811115,1.03,0.5
max-exp-cap-V k=0.5,30034,1.1235055506232763,1.0072712418419034,0.09626982589566094,0.11043117434574412,0.5038477139260668,0.0,-0.32161458333333337,0.5561197916666667,0.0,0.0,2.49999999975,1.4001003257114717,0.3598654358358446,1.03,0.5
max-exp-cap-V k=0.5,30035,1.1416100767004087,1.022116530080516,0.09811934100337419,0.13172791385738591,0.6054013012762475,0.0,-0.3208333333333333,0.54140625,0.0,0.0,2.49999999975,1.4063358685027556,0.43048130594918493,1.03,0.5
max-exp-cap-V k=0.5,30036,1.1465105358701742,1.0269761989261166,0.09742449108701741,0.12471637292661478,0.598573317882544,0.0,-0.34453124999999996,0.6615885416666667,0.0,0.0,2.49999999975,1.4959467471571222,0.4001300975586631,1.03,0.5
max-exp-cap-V k=0.5,30037,1.1119960350180933,0.9966028155990219,0.09560715558514267,0.11753776772397265,0.5528878776265191,0.0,-0.3118489583333333,0.559765625,0.0,0.0,2.49999999975,1.3564048984572132,0.4076127108176759,1.03,0.5
max-exp-cap-V k=0.5,30038,1.1133836631945346,0.9973626824601104,0.09595425173612013,0.12124463429823434,0.5437880240108325,0.0,-0.30768229166666666,0.4239583333333333,0.0,0.0,2.49999999975,1.441464489833457,0.3772469095465961,1.03,0.5
max-exp-cap-V k=0.5,30039,1.1655771597144284,1.0453283809343539,0.09873870555477618,0.12408762934373067,0.6016425756239987,0.0,-0.35638020833333334,0.777734375,0.0,0.0,2.4999999997500004,1.493449181874135,0.4028544010242084,1.03,0.5
max-exp-cap-V k=0.5,30040,1.1493333340970897,1.0314076954679354,0.0986572917430423,0.12141761635277018,0.5930484019383666,0.0,-0.3255208333333333,0.7083333333333333,0.0,0.0,2.49999999975,1.480976778869047,0.4004440923045735,1.03,0.5
max-exp-cap-V k=0.5,30041,1.1234025812352757,1.0049783789075035,0.09673478937352756,0.12382297629696448,0.5711478655289584,0.0,-0.312109375,0.516015625,0.0,0.0,2.49999999975,1.412324581748352,0.4044026939061841,1.03,0.5
max-exp-cap-V k=0.5,30042,1.1231965229612038,1.0068482098722802,0.09634960021278703,0.11949049196771258,0.6104943597396759,0.0,-0.31940104166666666,0.9247395833333334,0.0,0.0,2.49999999975,1.4212117788743737,0.4295590346311363,1.03,0.5
max-exp-cap-V k=0.5,30043,1.1227053876143693,1.004563936831872,0.09725100751143696,0.12191879415049484,0.5834222761737728,0.0,-0.30039062499999997,0.673046875,0.0,0.0,2.4999999997499995,1.361015697389342,0.428666823823469,1.03,0.5
max-exp-cap-V k=0.5,30044,1.114986401021773,0.9987981902337826,0.09586712968551063,0.11890740887967306,0.5220380274888348,0.0,-0.3126302083333333,0.433203125,0.0,0.0,2.4999999997500004,1.3781088327768436,0.3788075477587249,1.03,0.5
max-exp-cap-V k=0.5,30045,1.1442167737288282,1.0248810708658593,0.09864042737288278,0.12077749946143672,0.5401635474255714,0.0,-0.31562500000000004,0.4278645833333333,0.0,0.0,2.49999999975,1.516108130685293,0.3562829962407847,1.03,0.5
max-exp-cap-V k=0.5,30046,1.1367060506897098,1.0187657764424627,0.09728388631897097,0.12302559404194337,0.5863262161645844,0.0,-0.327734375,0.6720052083333332,0.0,0.0,2.4999999997499995,1.4845129923978588,0.39496199707725105,1.03,0.5
max-exp-cap-V k=0.5,30047,1.1642300920827071,1.041657235376958,0.09803759254160403,0.12625398503485089,0.5907544118562328,0.0,-0.3677083333333333,0.6520833333333333,0.0,0.0,2.49999999975,1.5473242437369406,0.38179096220292047,1.03,0.5
max-exp-cap-V k=0.5,30048,1.172895990851613,1.051308682620114,0.09967892200182796,0.12452422204983092,0.5818111028080989,0.0,-0.35221354166666663,0.6059895833333333,0.0,0.0,2.49999999975,1.4497811821968727,0.4013095975811141,1.03,0.5
max-exp-cap-V k=0.5,30049,1.1250232403664397,1.0091891007434857,0.09633044903664398,0.1246721253901827,0.5895742208894708,0.0,-0.3234375,0.6598958333333332,0.0,0.0,2.4999999997500004,1.4803040948368658,0.3982791258538292,1.03,0.5
max-exp-cap-V k=0.75,30000,1.1951881364663208,1.0716866294950416,0.09990943864663208,0.1276961988039179,0.5897000128342884,0.0,-0.3921875,0.66484375,0.0,0.0,2.49999999975,1.40838095626305,0.41870774396082316,1.03,0.75
max-exp-cap-V k=0.75,30001,1.1714615340077121,1.0503762183741798,0.09665136173410453,0.11791989494729176,0.5512264689633739,0.0,-0.40989583333333335,0.6580729166666668,0.0,0.0,2.49999999975,1.4800933529129126,0.3724268255637573,1.03,0.75
max-exp-cap-V k=0.75,30002,1.1967375486737584,1.073050502927487,0.09999927570070916,0.1204911020287024,0.5679497109939539,0.0,-0.3934895833333333,0.6295572916666667,0.0,0.0,2.49999999975,1.4125820356488696,0.40206493970671664,1.03,0.75
max-exp-cap-V k=0.75,30003,1.15858960607778,1.0372896036871562,0.095605054357778,0.1258165300553527,0.5768138466464183,0.0,-0.40507812499999996,0.591796875,0.0,0.0,2.49999999975,1.4333428913488795,0.4024255815742699,1.03,0.75
max-exp-cap-V k=0.75,30004,1.118595422694721,1.0000634436340337,0.09413818810280543,0.1226381960628691,0.5644774677588825,0.0,-0.3544270833333333,0.5088541666666666,0.0,0.0,2.49999999975,1.4246675519001897,0.3962169749749653,1.03,0.75
max-exp-cap-V k=0.75,30005,1.06540616994121,0.9516812677060185,0.09187915866078766,0.12718053312483174,0.5587969746378862,0.0,-0.29322916666666665,0.3614583333333333,0.0,0.0,2.49999999975,1.4015608831603945,0.39869618319958317,1.03,0.75
max-exp-cap-V k=0.75,30006,1.1444705055425564,1.0257313534616275,0.09321007138758895,0.10396487838399562,0.4962342140997789,0.0,-0.42473958333333334,0.7302083333333333,0.0,0.0,2.49999999975,1.466795108710292,0.3383118822478911,1.03,0.75
max-exp-cap-V k=0.75,30007,1.1809356672073918,1.0583048863942894,0.09802195213740585,0.12108528683667999,0.5821840532646811,0.0,-0.40143229166666666,0.7109375,0.0,0.0,2.49999999975,1.418605284944551,0.41039185419884927,1.03,0.75
max-exp-cap-V k=0.75,30008,1.137763980006452,1.017214615433386,0.09365270008397854,0.12397491387472036,0.5863974619539831,0.0,-0.4024739583333333,0.6981770833333332,0.0,0.0,2.49999999975,1.4790631001302343,0.3964654800071408,1.03,0.75
max-exp-cap-V k=0.75,30009,1.1636429217163584,1.0428795416949097,0.09680049008830251,0.12534537781593927,0.5651550223567156,0.0,-0.39127604166666663,0.5270833333333333,0.0,0.0,2.49999999975,1.4613874447932655,0.3867249745235528,1.03,0.75
max-exp-cap-V k=0.75,30010,1.1399571654351282,1.0208250352799786,0.09728998737684613,0.12499829994398926,0.5721846359369666,0.0,-0.3341145833333333,0.5044270833333333,0.0,0.0,2.49999999975,1.3990361059347687,0.40898489575053554,1.03,0.75
max-exp-cap-V k=0.75,30011,1.1495997533201467,1.0296372011785622,0.09625554824868135,0.12309368967526754,0.546276978398304,0.0,-0.37408854166666666,0.4911458333333333,0.0,0.0,2.49999999975,1.4541870197839084,0.37565799375618175,1.03,0.75
max-exp-cap-V k=0.75,30012,1.1148648401003738,0.9989334468747719,0.09280158817670403,0.11116152842240651,0.5126023336707203,0.0,-0.3736979166666667,0.5813802083333333,0.0,0.0,2.49999999975,1.4189096339714629,0.36126496106448297,1.03,0.75
max-exp-cap-V k=0.75,30013,1.1305304669194332,1.0112268719059894,0.09639940085861001,0.1189662141273024,0.5596668225392732,0.0,-0.33307291666666666,0.532421875,0.0,0.0,2.49999999975,1.470072187483963,0.38070703418799196,1.03,0.75
max-exp-cap-V k=0.75,30014,1.1107243131713345,0.9908539439847894,0.09313623340046678,0.12330681207716106,0.5642930199475309,0.0,-0.35872395833333337,0.5208333333333334,0.0,0.0,2.49999999975,1.4054289798235413,0.40150945230856183,1.03,0.75
max-exp-cap-V k=0.75,30015,1.1362063430964902,1.0141333890982858,0.09330813430964902,0.12600936724675255,0.59666238878081,0.0,-0.40625000000000006,0.641796875,0.0,0.0,2.49999999975,1.4851048742531066,0.4017644808289282,1.03,0.75
max-exp-cap-V k=0.75,30016,1.2009402724003906,1.075800156743058,0.10140262099003905,0.12506915077342323,0.5854167871134105,0.0,-0.373828125,0.566796875,0.0,0.0,2.49999999975,1.508828606078015,0.38799422595460864,1.03,0.75
max-exp-cap-V k=0.75,30017,1.147996171929008,1.0265900288320466,0.09517722135956745,0.12231530115015328,0.5957205362876457,0.0,-0.3924479166666667,0.7180989583333333,0.0,0.0,2.4999999997500004,1.559596340250719,0.38197097602311525,1.03,0.75
max-exp-cap-V k=0.75,30018,1.1077121102115504,0.9900140689710114,0.09414360685448837,0.11372748409295756,0.5184700441716259,0.0,-0.3325520833333333,0.47421875,0.0,0.0,2.49999999975,1.435825180159026,0.3610955228645609,1.03,0.75
max-exp-cap-V k=0.75,30019,1.0808956407102777,0.966586621620122,0.09515987657102774,0.11878756573034911,0.5248912162088182,0.0,-0.25859375,0.3263020833333333,0.0,0.0,2.49999999975,1.4303751998903602,0.36696051235301874,1.03,0.75
max-exp-cap-V k=0.75,30020,1.1997206478645863,1.0766080423390636,0.10090305436979194,0.11456450895555648,0.5435793843868323,0.0,-0.3813802083333333,0.6341145833333334,0.0,0.0,2.4999999997500004,1.5704559101557944,0.34612839550071,1.03,0.75
max-exp-cap-V k=0.75,30021,1.0993967044398947,0.9826245272788168,0.09301258711065614,0.12204697313210253,0.5577424188355835,0.0,-0.3385416666666667,0.5618489583333333,0.0,0.0,2.49999999975,1.3886563291327434,0.401641793678289,1.03,0.75
max-exp-cap-V k=0.75,30022,1.1515523370692249,1.0299948226541007,0.0939052337069225,0.12956375718270524,0.6231252738636868,0.0,-0.425,0.7274739583333333,0.0,0.0,2.49999999975,1.4971899511411522,0.4161965376462373,1.03,0.75
max-exp-cap-V k=0.75,30023,1.1159771480532326,0.9998845358594379,0.09364849605532324,0.12095916991775427,0.5540841389264105,0.0,-0.358984375,0.5059895833333333,0.0,0.0,2.4999999997500004,1.4730450842364338,0.37614879874068824,1.03,0.75
max-exp-cap-V k=0.75,30024,1.1376122880869035,1.018318630161761,0.09663232255869034,0.1244492864811876,0.5693535474546456,0.0,-0.34257812499999996,0.470703125,0.0,0.0,2.4999999997500004,1.5455770002859035,0.36837604813563196,1.03,0.75
max-exp-cap-V k=0.75,30025,1.0887499866460368,0.9737716604293585,0.09081510283127034,0.12184170591784442,0.5764387991383819,0.0,-0.3611979166666667,0.6627604166666666,0.0,0.0,2.49999999975,1.4224166782569272,0.40525312164137983,1.03,0.75
max-exp-cap-V k=0.75,30026,1.1144414638796916,0.9963929931507916,0.09477747972130247,0.12219982875927017,0.5698988169075837,0.0,-0.3333333333333333,0.525,0.0,0.0,2.49999999975,1.413481532897788,0.40318801741911003,1.03,0.75
max-exp-cap-V k=0.75,30027,1.1400044029806955,1.0205753966316993,0.09472309654806954,0.12432940134955917,0.5895573687666347,0.0,-0.385546875,0.7141927083333333,0.0,0.0,2.4999999997500004,1.4003231493516526,0.42101522712068196,1.03,0.75
max-exp-cap-V k=0.75,30028,1.1058448769593248,0.9883664658255331,0.09036313352926581,0.1296418890162357,0.6311019914612062,0.0,-0.4044270833333333,0.7401041666666667,0.0,0.0,2.49999999975,1.4560743586393374,0.4334270346268264,1.03,0.75
max-exp-cap-V k=0.75,30029,1.1333974611134867,1.015636984107631,0.09522776694468199,0.11667281071407949,0.5491708032881525,0.0,-0.36223958333333334,0.6243489583333334,0.0,0.0,2.49999999975,1.4094291729210886,0.38964058204498336,1.03,0.75
max-exp-cap-V k=0.75,30030,1.1005969559627753,0.9827961638941006,0.09289172684627751,0.12310295432275231,0.555721812004188,0.0,-0.343359375,0.4545572916666667,0.0,0.0,2.49999999975,1.4101041124838565,0.3940998448868435,1.03,0.75
max-exp-cap-V k=0.75,30031,1.1717510909074813,1.048017633305992,0.09516990075741479,0.12641411278301196,0.6006872634197398,0.0,-0.4401041666666667,0.70703125,0.0,0.0,2.49999999975,1.5166467039658968,0.3960627493858627,1.03,0.75
max-exp-cap-V k=0.75,30032,1.1478300248612963,1.027179602200133,0.09659940873612963,0.12187581517517904,0.5670955769316165,0.0,-0.363671875,0.5584635416666666,0.0,0.0,2.49999999975,1.4808891164814784,0.38294263265234096,1.03,0.75
max-exp-cap-V k=0.75,30033,1.1818461110888556,1.0572714277008763,0.0981585694422189,0.12743816397242352,0.5976819007615432,0.0,-0.4005208333333333,0.60078125,0.0,0.0,2.4999999997500004,1.48259758956619,0.40313157458756266,1.03,0.75
max-exp-cap-V k=0.75,30034,1.1580059554662239,1.0381161173775826,0.09615215804662239,0.1107281357809192,0.505202615212987,0.0,-0.39296875,0.5561197916666667,0.0,0.0,2.49999999975,1.4582281427315387,0.34644964008625323,1.03,0.75
max-exp-cap-V k=0.75,30035,1.1327637110450874,1.0124172519657053,0.09524902735450874,0.13172791385738591,0.6054013012762475,0.0,-0.36054687499999993,0.54140625,0.0,0.0,2.49999999975,1.400091542254808,0.4324012273520814,1.03,0.75
max-exp-cap-V k=0.75,30036,1.1497079840956062,1.0286666628324383,0.09506194424289396,0.12471637292661478,0.598573317882544,0.0,-0.3981770833333334,0.6615885416666667,0.0,0.0,2.49999999975,1.4978820738935044,0.39961311261750304,1.03,0.75
max-exp-cap-V k=0.75,30037,1.121745699040893,1.0045263423836015,0.09399097615408927,0.11753776772397265,0.5528878776265191,0.0,-0.3636718749999999,0.559765625,0.0,0.0,2.49999999975,1.3798162679141714,0.40069673802462397,1.03,0.75
max-exp-cap-V k=0.75,30038,1.0755673288373138,0.9613689651653469,0.09187313913373138,0.12124463429823434,0.5437880240108325,0.0,-0.313671875,0.4239583333333333,0.0,0.0,2.4999999997500004,1.3960682920963805,0.3895139135308797,1.03,0.75
max-exp-cap-V k=0.75,30039,1.0993459055615518,0.9833573471866375,0.09044240305615517,0.12408762934373067,0.6016425756239987,0.0,-0.38984375000000004,0.777734375,0.0,0.0,2.49999999975,1.3856247544326872,0.43420310852509825,1.03,0.75
max-exp-cap-V k=0.75,30040,1.1518317766648993,1.0329727440096135,0.09671963599982326,0.12141761635277018,0.5930484019383666,0.0,-0.3692708333333333,0.7083333333333333,0.0,0.0,2.49999999975,1.4680199535302256,0.4039784340207581,1.03,0.75
max-exp-cap-V k=0.75,30041,1.130769084109168,1.0109076447888445,0.09609774174425015,0.12382297629696448,0.5711478655289584,0.0,-0.3395833333333333,0.516015625,0.0,0.0,2.49999999975,1.4017537385209908,0.40745235759569587,1.03,0.75
max-exp-cap-V k=0.75,30042,1.1108185655351859,0.9940768406206928,0.09125112738685191,0.11949049196771258,0.6104943597396759,0.0,-0.3966145833333333,0.9247395833333334,0.0,0.0,2.49999999975,1.4660759825281875,0.41641386054691626,1.03,0.75
max-exp-cap-V k=0.75,30043,1.1689276938749245,1.0463183139137922,0.09810370688749245,0.12191879415049484,0.5834222761737728,0.0,-0.37578124999999996,0.673046875,0.0,0.0,2.49999999975,1.3561245005616738,0.4302129162419332,1.03,0.75
max-exp-cap-V k=0.75,30044,1.0780674258021663,0.9638680448391543,0.09075596133021666,0.11890740887967306,0.5220380274888348,0.0,-0.341015625,0.433203125,0.0,0.0,2.49999999975,1.4190286373579422,0.36788406783728184,1.03,0.75
max-exp-cap-V k=0.75,30045,1.0964324049364969,0.9796572570545312,0.09352995924364971,0.12077749946143672,0.5401635474255714,0.0,-0.322265625,0.4278645833333333,0.0,0.0,2.49999999975,1.3690995773109254,0.3945392697341394,1.03,0.75
max-exp-cap-V k=0.75,30046,1.1247124902151764,1.0073932112784463,0.0947238531881843,0.12296685847289261,0.5860462890142708,0.0,-0.35494791666666664,0.6720052083333332,0.0,0.0,2.49999999975,1.343846192535705,0.43609625288178205,1.03,0.75
max-exp-cap-V k=0.75,30047,1.1814022873614363,1.0571163632136187,0.09738502040281027,0.12625398503485089,0.5907544118562328,0.0,-0.41510416666666666,0.6520833333333333,0.0,0.0,2.49999999975,1.516676521712845,0.3895058724777183,1.03,0.75
max-exp-cap-V k=0.75,30048,1.100164353237978,0.9827013582152627,0.09037450824046446,0.12452422204983092,0.5818111028080989,0.0,-0.39283854166666665,0.6059895833333333,0.0,0.0,2.49999999975,1.399379559100242,0.4157636139705982,1.03,0.75
max-exp-cap-V k=0.75,30049,1.1648755042837853,1.0449804376792287,0.09653963376171185,0.1246721253901827,0.5895742208894708,0.0,-0.3989583333333333,0.6598958333333332,0.0,0.0,2.49999999975,1.5353436072245281,0.3840014822188605,1.03,0.75
max-exp-cap-V k=1.0,30000,1.2046931574349014,1.0792998110052165,0.09872452407682346,0.1276961988039179,0.5897000128342884,0.0,-0.43489583333333337,0.66484375,0.0,0.0,2.49999999975,1.3996573601063127,0.421317409276151,1.03,1.0
max-exp-cap-V k=1.0,30001,1.1548400361796907,1.0339880794272664,0.09302957653463574,0.1176129678159615,0.5497917122676709,0.0,-0.4490885416666667,0.6580729166666668,0.0,0.0,2.49999999975,1.4102856997380142,0.3898442084251471,1.03,1.0
max-exp-cap-V k=1.0,30002,1.196063471331713,1.071726364314356,0.09883160754983797,0.1204911020287024,0.5679497109939539,0.0,-0.4154947916666667,0.6295572916666667,0.0,0.0,2.49999999975,1.3348202439600594,0.42548778651198527,1.03,1.0
max-exp-cap-V k=1.0,30003,1.1362169498264052,1.0158924115304675,0.09229356998264052,0.1258165300553527,0.5768138466464183,0.0,-0.4265625,0.591796875,0.0,0.0,2.49999999975,1.3182479672348695,0.43756096044383175,1.03,1.0
max-exp-cap-V k=1.0,30004,1.1215982151198045,1.002311886610001,0.0935009673453138,0.1226381960628691,0.5644774677588825,0.0,-0.3731770833333333,0.5088541666666666,0.0,0.0,2.49999999975,1.3657124123686426,0.41332088853162946,1.03,1.0
max-exp-cap-V k=1.0,30005,1.0487860269374987,0.936203010027389,0.09024969644374987,0.12718053312483174,0.5587969746378862,0.0,-0.292578125,0.3614583333333333,0.0,0.0,2.49999999975,1.3601132863755236,0.4108459054370298,1.03,1.0
max-exp-cap-V k=1.0,30006,1.1448897473130883,1.025084491724987,0.09135095389797553,0.10392359642883008,0.49603717141674497,0.0,-0.4627604166666667,0.7302083333333333,0.0,0.0,2.4999999997500004,1.3568556543396886,0.36557843852457583,1.03,1.0
max-exp-cap-V k=1.0,30007,1.1859740560645409,1.0616769907580195,0.0969307389397874,0.1211125749846207,0.5823152560308408,0.0,-0.4333333333333333,0.7109375,0.0,0.0,2.49999999975,1.4314305797793705,0.4068064943258333,1.03,1.0
max-exp-cap-V k=1.0,30008,1.150289886068469,1.027962911346254,0.09327117610684689,0.12397491387472036,0.5863974619539831,0.0,-0.43515624999999997,0.6981770833333332,0.0,0.0,2.49999999975,1.4383948750923636,0.40767488268221813,1.03,1.0
max-exp-cap-V k=1.0,30009,1.1584983217239366,1.037823958775818,0.09575868633906032,0.12534537781593927,0.5651550223567156,0.0,-0.4018229166666667,0.5270833333333333,0.0,0.0,2.49999999975,1.4467271164895583,0.390643830419138,1.03,1.0
max-exp-cap-V k=1.0,30010,1.150065995342161,1.029514894730134,0.09724618286754944,0.12499829994398926,0.5721846359369666,0.0,-0.35520833333333335,0.5044270833333333,0.0,0.0,2.4999999997500004,1.4196243591276512,0.4030535488194707,1.03,1.0
max-exp-cap-V k=1.0,30011,1.13292819450195,1.0138216171861174,0.09441912153352833,0.12309368967526754,0.546276978398304,0.0,-0.3774739583333333,0.4911458333333333,0.0,0.0,2.49999999975,1.3768611680726817,0.39675530915217677,1.03,1.0
max-exp-cap-V k=1.0,30012,1.1221259719612298,1.0048434347408122,0.09231676386278961,0.11111159505994532,0.5123720745290111,0.0,-0.3979166666666667,0.5813802083333333,0.0,0.0,2.4999999997500004,1.4067766830962847,0.3642170649298021,1.03,1.0
max-exp-cap-V k=1.0,30013,1.1356417723301397,1.0155323671191199,0.09631808348301396,0.1189662141273024,0.5596668225392732,0.0,-0.344921875,0.532421875,0.0,0.0,2.4999999997500004,1.4723223250502917,0.38012520289682905,1.03,1.0
max-exp-cap-V k=1.0,30014,1.0962905734635984,0.9768965380206355,0.09078791151302648,0.12330681207716106,0.5642930199475309,0.0,-0.3768229166666667,0.5208333333333334,0.0,0.0,2.49999999975,1.318246679138947,0.42806329716386315,1.03,1.0
max-exp-cap-V k=1.0,30015,1.1265715062120725,1.0048564959011492,0.0917652235378739,0.12600936724675255,0.59666238878081,0.0,-0.4178385416666667,0.641796875,0.0,0.0,2.49999999975,1.4017201071518401,0.4256644288232195,1.03,1.0
max-exp-cap-V k=1.0,30016,1.209147870911051,1.0829874826314896,0.10163093292443844,0.12524048214333489,0.586218745545887,0.0,-0.38567708333333334,0.566796875,0.0,0.0,2.49999999975,1.55165517721267,0.377802203836903,1.03,1.0
max-exp-cap-V k=1.0,30017,1.143608651931954,1.0214019230419522,0.09326060477652874,0.12231530115015328,0.5957205362876457,0.0,-0.4220052083333333,0.7180989583333333,0.0,0.0,2.49999999975,1.5179648607810892,0.3924468554437483,1.03,1.0
max-exp-cap-V k=1.0,30018,1.1138020675309492,0.9952652801516031,0.09418619633642825,0.11372748409295756,0.5184700441716259,0.0,-0.3438802083333333,0.47421875,0.0,0.0,2.49999999975,1.4617489537290904,0.3546915787755133,1.03,1.0
max-exp-cap-V k=1.0,30019,1.0795767670384797,0.9653421499781852,0.09500845795384795,0.11878792929085472,0.5248928226877014,0.0,-0.25898437500000004,0.3263020833333333,0.0,0.0,2.49999999975,1.430426719320908,0.36694841867669614,1.03,1.0
max-exp-cap-V k=1.0,30020,1.2021780061793663,1.0786729618220503,0.10075816520126997,0.11453426199177336,0.5434358702557747,0.0,-0.38919270833333336,0.6341145833333334,0.0,0.0,2.49999999975,1.5520069924211835,0.35015040068086056,1.03,1.0
max-exp-cap-V k=1.0,30021,1.0818470436389949,0.9660570529712031,0.09050892311389949,0.12152844825115179,0.5553728121677077,0.0,-0.353515625,0.5618489583333333,0.0,0.0,2.49999999975,1.242941984779279,0.4468211863213636,1.03,1.0
max-exp-cap-V k=1.0,30022,1.1352032091485245,1.0136322546956542,0.09048646674818576,0.12956375718270524,0.6231252738636868,0.0,-0.46067708333333335,0.7274739583333333,0.0,0.0,2.49999999975,1.358058056418997,0.45883551952615204,1.03,1.0
max-exp-cap-V k=1.0,30023,1.1115983644086127,0.9957901683357612,0.09317155519086126,0.12091408595933648,0.5538776204268515,0.0,-0.359765625,0.5059895833333333,0.0,0.0,2.4999999997500004,1.4260128593312111,0.38840997597077476,1.03,1.0
max-exp-cap-V k=1.0,30024,1.135755806939004,1.0162900910798525,0.09616672652723372,0.12446208776924744,0.5694121131481498,0.0,-0.3481770833333333,0.470703125,0.0,0.0,2.49999999975,1.5589848971504006,0.36524543258177355,1.03,1.0
max-exp-cap-V k=1.0,30025,1.10741712469666,0.9896322927425354,0.0904617645529993,0.12183515329646637,0.5764077983807192,0.0,-0.40559895833333337,0.6627604166666666,0.0,0.0,2.4999999997500004,1.4215698943819306,0.4054727105988197,1.03,1.0
max-exp-cap-V k=1.0,30026,1.1321538275172869,1.0119933453920238,0.09578048691839534,0.12219982875927017,0.5698988169075837,0.0,-0.34869791666666666,0.525,0.0,0.0,2.4999999997500004,1.4589167182449576,0.3906314937518562,1.03,1.0
max-exp-cap-V k=1.0,30027,1.15539303014822,1.033895546074516,0.09463435509815535,0.12425821366280743,0.5892198040005023,0.0,-0.4180989583333333,0.7141927083333333,0.0,0.0,2.49999999975,1.391897300909623,0.42332132091601843,1.03,1.0
max-exp-cap-V k=1.0,30028,1.1153152804802087,0.995278369381466,0.08854324679802088,0.1296418890162357,0.6311019914612062,0.0,-0.459765625,0.7401041666666667,0.0,0.0,2.4999999997499995,1.4735358758053603,0.4282908898409261,1.03,1.0
max-exp-cap-V k=1.0,30029,1.1560502974897262,1.0358536060604269,0.09575476933230595,0.11667281071407949,0.5491708032881525,0.0,-0.3970052083333333,0.6243489583333334,0.0,0.0,2.49999999975,1.401583578845031,0.39182165914122247,1.03,1.0
max-exp-cap-V k=1.0,30030,1.0794050380369935,0.9627640526158632,0.09092227463703267,0.12310295432275231,0.555721812004188,0.0,-0.3403645833333333,0.4545572916666667,0.0,0.0,2.49999999975,1.3446619376303977,0.4132799452801476,1.03,1.0
max-exp-cap-V k=1.0,30031,1.1670038361765904,1.043166066839195,0.09323684195099237,0.12641411278301196,0.6006872634197398,0.0,-0.46927083333333336,0.70703125,0.0,0.0,2.49999999975,1.4058880718222155,0.427265353095407,1.03,1.0
max-exp-cap-V k=1.0,30032,1.1519073879841346,1.0306954268458939,0.09649282213174677,0.12187581517517904,0.5670955769316165,0.0,-0.37395833333333334,0.5584635416666666,0.0,0.0,2.49999999975,1.4626387787896258,0.3877208680333936,1.03,1.0
max-exp-cap-V k=1.0,30033,1.196859740709628,1.0705242080363038,0.09860524490429612,0.12743816397242352,0.5976819007615432,0.0,-0.42161458333333335,0.60078125,0.0,0.0,2.49999999975,1.424512007000995,0.4195695773880028,1.03,1.0
max-exp-cap-V k=1.0,30034,1.1372454854868463,1.0185844164351652,0.09378314229868465,0.11011436139848142,0.5024022391299668,0.0,-0.398828125,0.5561197916666667,0.0,0.0,2.4999999997500004,1.3380867345621537,0.3754631341550232,1.03,1.0
max-exp-cap-V k=1.0,30035,1.1342725260554483,1.013710962410719,0.09532178385554484,0.13172791385738591,0.6054013012762475,0.0,-0.36210937499999996,0.54140625,0.0,0.0,2.49999999975,1.3706490640101059,0.4416895011076182,1.03,1.0
max-exp-cap-V k=1.0,30036,1.132166019044735,1.0118454312219782,0.09244837273780682,0.12471637292661478,0.598573317882544,0.0,-0.41536458333333337,0.6615885416666667,0.0,0.0,2.49999999975,1.3683394780413676,0.43744504012946994,1.03,1.0
max-exp-cap-V k=1.0,30037,1.1246287157108215,1.006298378307279,0.09295115282108216,0.11753776772397265,0.5528878776265191,0.0,-0.39023437499999997,0.559765625,0.0,0.0,2.49999999975,1.3496365762033637,0.4096568567975812,1.03,1.0
max-exp-cap-V k=1.0,30038,1.0696027001510005,0.9554479925245585,0.0910488116817667,0.12124463429823434,0.5437880240108325,0.0,-0.3182291666666667,0.4239583333333333,0.0,0.0,2.49999999975,1.3783632999848336,0.39451719587776013,1.03,1.0
max-exp-cap-V k=1.0,30039,1.09568479544812,0.978418177824905,0.08769998996147867,0.12408762934373067,0.6016425756239987,0.0,-0.4373697916666667,0.777734375,0.0,0.0,2.49999999975,1.3688719237573488,0.43951706889610226,1.03,1.0
max-exp-cap-V k=1.0,30040,1.1701042638024952,1.0484923347769377,0.09624219721358286,0.12141761635277018,0.5930484019383666,0.0,-0.4153645833333333,0.7083333333333333,0.0,0.0,2.49999999975,1.5106641646285377,0.3925746144141794,1.03,1.0
max-exp-cap-V k=1.0,30041,1.1392513205445272,1.018135046612493,0.09605403830445272,0.12382297629696448,0.5711478655289584,0.0,-0.357421875,0.516015625,0.0,0.0,2.49999999975,1.4186036752308084,0.40261270677734,1.03,1.0
max-exp-cap-V k=1.0,30042,1.1825385843818113,1.0599270654186281,0.0944517751048478,0.11949049196771258,0.6104943597396759,0.0,-0.4760416666666667,0.9247395833333334,0.0,0.0,2.49999999975,1.4280620091244312,0.4274984950506318,1.03,1.0
max-exp-cap-V k=1.0,30043,1.1707908062197965,1.0462204721905768,0.094846007705313,0.12191879415049484,0.5834222761737728,0.0,-0.44466145833333337,0.673046875,0.0,0.0,2.49999999975,1.3796706947682083,0.42287067369492165,1.03,1.0
max-exp-cap-V k=1.0,30044,1.0772972247169448,0.9630684572390562,0.09062685788836114,0.11890740887967306,0.5220380274888348,0.0,-0.34205729166666665,0.433203125,0.0,0.0,2.49999999975,1.370001195456231,0.3810493225993049,1.03,1.0
max-exp-cap-V k=1.0,30045,1.085448510618333,0.9696977171320347,0.09233391356183326,0.12077749946143672,0.5401635474255714,0.0,-0.32421875000000006,0.4278645833333333,0.0,0.0,2.49999999975,1.3614073649657612,0.3967684921692459,1.03,1.0
max-exp-cap-V k=1.0,30046,1.1446542474286134,1.0245896010499322,0.09458912265952801,0.12297591004210187,0.5860894277803637,0.0,-0.39752604166666666,0.6720052083333332,0.0,0.0,2.4999999997499995,1.3446747325828063,0.4358596272978393,1.03,1.0
max-exp-cap-V k=1.0,30047,1.192158811539918,1.066468358394748,0.09716509990399178,0.12625398503485089,0.5907544118562328,0.0,-0.44101562499999997,0.6520833333333333,0.0,0.0,2.49999999975,1.448176213923499,0.4079299232900119,1.03,1.0
max-exp-cap-V k=1.0,30048,1.1013874044358196,0.9831041068909407,0.08914264669358195,0.12452422204983092,0.5818111028080989,0.0,-0.419921875,0.6059895833333333,0.0,0.0,2.49999999975,1.2599215546215428,0.46178359333082786,1.03,1.0
max-exp-cap-V k=1.0,30049,1.1529019539432246,1.033360878418511,0.09443082039432245,0.1246721253901827,0.5895742208894708,0.0,-0.4171875,0.6598958333333332,0.0,0.0,2.49999999975,1.4593306098533738,0.404003189481997,1.03,1.0
max-exp-cap-V k=1.5,30000,1.2059511183719196,1.0799581316118825,0.09823183058719197,0.1276961988039179,0.5897000128342884,0.0,-0.447265625,0.66484375,0.0,0.0,2.49999999975,1.4495959158650882,0.40680303136917156,1.03,1.5
max-exp-cap-V k=1.5,30001,1.1388359927658493,1.0192094165229304,0.09146172427658493,0.11715248668330443,0.5476391544750077,0.0,-0.4484375,0.6580729166666668,0.0,0.0,2.49999999975,1.3055536512457122,0.4194689003799041,1.03,1.5
max-exp-cap-V k=1.5,30002,1.172052265726189,1.0492197615493533,0.09664533073928552,0.1204911020287024,0.5679497109939539,0.0,-0.4111979166666667,0.6295572916666667,0.0,0.0,2.49999999975,1.3075631483819572,0.4343573858721567,1.03,1.5
max-exp-cap-V k=1.5,30003,1.1252029242998285,1.0054903090605998,0.09097732367998283,0.1258165300553527,0.5768138466464183,0.0,-0.43085937500000004,0.591796875,0.0,0.0,2.4999999997500004,1.313867297495102,0.4390198673382908,1.03,1.5
max-exp-cap-V k=1.5,30004,1.126022913290705,1.0061524624210494,0.09383276007907047,0.1226381960628691,0.5644774677588825,0.0,-0.37539062500000003,0.5088541666666666,0.0,0.0,2.49999999975,1.477756233403438,0.3819828027108556,1.03,1.5
max-exp-cap-V k=1.5,30005,1.0486597614403865,0.9360063133413873,0.09021753864403866,0.12718053312483174,0.5587969746378862,0.0,-0.29296875,0.3614583333333333,0.0,0.0,2.49999999975,1.3430960829108327,0.41605137692519384,1.03,1.5
max-exp-cap-V k=1.5,30006,1.1439130666549084,1.0234938126444453,0.09057620249882417,0.10396487838399562,0.4962342140997789,0.0,-0.47630208333333335,0.7302083333333333,0.0,0.0,2.49999999975,1.3685119419918892,0.36260861076411416,1.03,1.5
max-exp-cap-V k=1.5,30007,1.1679152582916348,1.0451249550981871,0.09543084874583015,0.12094270016308385,0.5814984894794816,0.0,-0.42721354166666664,0.7109375,0.0,0.0,2.4999999997500004,1.3515902521781527,0.43023282281177216,1.03,1.5
max-exp-cap-V k=1.5,30008,1.1489669123823323,1.0262927732385223,0.09249434748823322,0.12397491387472036,0.5863974619539831,0.0,-0.448046875,0.6981770833333332,0.0,0.0,2.4999999997500004,1.4593760734076135,0.40181381114790854,1.03,1.5
max-exp-cap-V k=1.5,30009,1.142501027927681,1.022672431356971,0.09414593612610143,0.12534537781593927,0.5651550223567156,0.0,-0.40208333333333335,0.5270833333333333,0.0,0.0,2.4999999997500004,1.3999819372500606,0.40368736718620196,1.03,1.5
max-exp-cap-V k=1.5,30010,1.1429380859214078,1.0231014399011897,0.09687193359214077,0.12499829994398926,0.5721846359369666,0.0,-0.3484375,0.5044270833333333,0.0,0.0,2.49999999975,1.3665656715784715,0.41870262647243023,1.03,1.5
max-exp-cap-V k=1.5,30011,1.1304893353716534,1.0114140773162255,0.09405153770383202,0.12309368967526754,0.546276978398304,0.0,-0.3799479166666666,0.4911458333333333,0.0,0.0,2.49999999975,1.4304772033351407,0.38188443487576434,1.03,1.5
max-exp-cap-V k=1.5,30012,1.116101028553396,0.9993784732033527,0.09168171743867294,0.11092504466087608,0.5115118293410651,0.0,-0.3985677083333333,0.5813802083333333,0.0,0.0,2.49999999975,1.361448134885376,0.37571157962923846,1.03,1.5
max-exp-cap-V k=1.5,30013,1.121954536960135,1.0028906212053919,0.09507956827934685,0.1189662141273024,0.5596668225392732,0.0,-0.3423177083333333,0.532421875,0.0,0.0,2.4999999997499995,1.4132808087057536,0.3960053933314228,1.03,1.5
max-exp-cap-V k=1.5,30014,1.0701096792576925,0.9534119195258052,0.08859950959243591,0.12255980591206464,0.5608744710634846,0.0,-0.36822916666666666,0.5208333333333334,0.0,0.0,2.49999999975,1.2218386109356472,0.4590413709663209,1.03,1.5
max-exp-cap-V k=1.5,30015,1.116529570291175,0.9945639004623008,0.08947847786245082,0.12600936724675255,0.59666238878081,0.0,-0.4434895833333333,0.641796875,0.0,0.0,2.4999999997500004,1.348780605912346,0.4423717142471914,1.03,1.5
max-exp-cap-V k=1.5,30016,1.176703310089807,1.0535937442078516,0.0991742372589807,0.12453026226465519,0.5828943874851693,0.0,-0.369921875,0.566796875,0.0,0.0,2.49999999975,1.4544360665463687,0.40077003100540626,1.03,1.5
max-exp-cap-V k=1.5,30017,1.1353486312761976,1.0137413812830904,0.09248668604428642,0.12231530115015328,0.5957205362876457,0.0,-0.4209635416666666,0.7180989583333333,0.0,0.0,2.49999999975,1.4469666029690615,0.41170303106186007,1.03,1.5
max-exp-cap-V k=1.5,30018,1.1083143832858755,0.9903955419263305,0.09378065707858756,0.11372748409295756,0.5184700441716259,0.0,-0.341015625,0.47421875,0.0,0.0,2.49999999975,1.389917022822042,0.3730222996470259,1.03,1.5
max-exp-cap-V k=1.5,30019,1.072328630602248,0.9586620335735705,0.09430317556022477,0.11863236034466915,0.5242054041614811,0.0,-0.25859375,0.3263020833333333,0.0,0.0,2.4999999997500004,1.408381355770768,0.37220416332094797,1.03,1.5
max-exp-cap-V k=1.5,30020,1.2017696756403877,1.0780518010371427,0.10041785298070542,0.11453335671380016,0.5434315749426114,0.0,-0.3951822916666667,0.6341145833333334,0.0,0.0,2.49999999975,1.5514548246408226,0.3502722517675765,1.03,1.5
max-exp-cap-V k=1.5,30021,1.0748566779885813,0.9599405505009271,0.08986196988219144,0.12132459126546993,0.5544412062018009,0.0,-0.35247395833333334,0.5618489583333333,0.0,0.0,2.49999999975,1.185654691340186,0.46762452023455253,1.03,1.5
max-exp-cap-V k=1.5,30022,1.1390189776096027,1.0167070057522731,0.0903406998442936,0.12956375718270524,0.6231252738636868,0.0,-0.4712239583333333,0.7274739583333333,0.0,0.0,2.49999999975,1.3733456609094588,0.4537279226928492,1.03,1.5
max-exp-cap-V k=1.5,30023,1.0979805841892167,0.9825278846447162,0.091510298002255,0.12094333420979696,0.554011599452026,0.0,-0.3657552083333333,0.5059895833333333,0.0,0.0,2.49999999975,1.456525049077138,0.3803653083776697,1.03,1.5
max-exp-cap-V k=1.5,30024,1.1242804969991231,1.0055236119965894,0.09509081011657897,0.12441680742653072,0.5692049562854254,0.0,-0.3467447916666666,0.470703125,0.0,0.0,2.49999999975,1.5115588754643476,0.37656816781983893,1.03,1.5
max-exp-cap-V k=1.5,30025,1.102633343907613,0.9846149388471759,0.0895146364740946,0.12179674090281249,0.5762260675529778,0.0,-0.4149739583333334,0.6627604166666666,0.0,0.0,2.49999999975,1.416605927494712,0.4067652523324125,1.03,1.5
max-exp-cap-V k=1.5,30026,1.1053563075699406,0.9868732892658618,0.09249526617366075,0.12219982875927017,0.5698988169075837,0.0,-0.36080729166666664,0.525,0.0,0.0,2.49999999975,1.4075339883873264,0.40489169114881685,1.03,1.5
max-exp-cap-V k=1.5,30027,1.1587561632027814,1.035958416512531,0.09384436632027815,0.12419730437419368,0.588930978352355,0.0,-0.440625,0.7141927083333333,0.0,0.0,2.49999999975,1.3846880143323148,0.4253167300190236,1.03,1.5
max-exp-cap-V k=1.5,30028,1.0991221295669122,0.9800131927094404,0.08685231712335788,0.1296418890162357,0.6311019914612062,0.0,-0.46119791666666665,0.7401041666666667,0.0,0.0,2.49999999975,1.3597110189398558,0.46414420613673185,1.03,1.5
max-exp-cap-V k=1.5,30029,1.167898699775375,1.047049170828429,0.09738882831087085,0.11667281071407949,0.5491708032881525,0.0,-0.3880208333333333,0.6243489583333334,0.0,0.0,2.49999999975,1.4673367074382515,0.37426365775781745,1.03,1.5
max-exp-cap-V k=1.5,30030,1.050931803249031,0.9360170775717859,0.08748250324156977,0.12310295432275231,0.555721812004188,0.0,-0.35221354166666663,0.4545572916666667,0.0,0.0,2.49999999975,1.3100881362174515,0.42418658458254144,1.03,1.5
max-exp-cap-V k=1.5,30031,1.1403638853289464,1.018704159815798,0.09072909686622796,0.12641411278301196,0.6006872634197398,0.0,-0.4661458333333333,0.70703125,0.0,0.0,2.49999999975,1.3018148259295086,0.46142297003788013,1.03,1.5
max-exp-cap-V k=1.5,30032,1.1441186826019953,1.0233477837867595,0.09569442034353284,0.12187581517517904,0.5670955769316165,0.0,-0.3743489583333333,0.5584635416666666,0.0,0.0,2.49999999975,1.4685226109226073,0.3861674125503152,1.03,1.5
max-exp-cap-V k=1.5,30033,1.1844305974035803,1.0594268902433897,0.09761623682369139,0.12714492929061502,0.5963066372099556,0.0,-0.4165364583333334,0.60078125,0.0,0.0,2.49999999975,1.3809615805159094,0.43180537795061835,1.03,1.5
max-exp-cap-V k=1.5,30034,1.1123308355832549,0.9949791655617537,0.09049089605832547,0.10996618086256525,0.5017261580802811,0.0,-0.41484374999999996,0.5561197916666667,0.0,0.0,2.49999999975,1.3090815842045083,0.38326576749237967,1.03,1.5
max-exp-cap-V k=1.5,30035,1.1164117730616665,0.9970053173221697,0.09349664605616667,0.13172791385738591,0.6054013012762475,0.0,-0.362890625,0.54140625,0.0,0.0,2.49999999975,1.3205237469325963,0.4584554444268915,1.03,1.5
max-exp-cap-V k=1.5,30036,1.1235305142855905,1.003563995641363,0.0914220618452257,0.12471637292661478,0.598573317882544,0.0,-0.4186197916666667,0.6615885416666667,0.0,0.0,2.49999999975,1.3183431059573079,0.454034549259385,1.03,1.5
max-exp-cap-V k=1.5,30037,1.124379394470583,1.005936982647919,0.0927895019470583,0.11753776772397265,0.5528878776265191,0.0,-0.39296875000000003,0.559765625,0.0,0.0,2.49999999975,1.3346216873917283,0.41426561762759634,1.03,1.5
max-exp-cap-V k=1.5,30038,1.0601108347763517,0.9467275931840248,0.09020379181096852,0.12124463429823434,0.5437880240108325,0.0,-0.31614583333333335,0.4239583333333333,0.0,0.0,2.49999999975,1.3343051047099448,0.4075439883212039,1.03,1.5
max-exp-cap-V k=1.5,30039,1.1033289543044649,0.9852058992665269,0.08768315584711314,0.12408762934373067,0.6016425756239987,0.0,-0.4529947916666666,0.777734375,0.0,0.0,2.49999999975,1.3351248232120623,0.4506264621584658,1.03,1.5
max-exp-cap-V k=1.5,30040,1.1888830727001911,1.0658245546293692,0.09826981768668576,0.12141761635277018,0.5930484019383666,0.0,-0.41236979166666665,0.7083333333333333,0.0,0.0,2.49999999975,1.5714103929806749,0.3773988033854501,1.03,1.5
max-exp-cap-V k=1.5,30041,1.1406563148848643,1.0193708503699062,0.09596667315515311,0.12382297629696448,0.5711478655289584,0.0,-0.36197916666666663,0.516015625,0.0,0.0,2.49999999975,1.4120495151282388,0.4044814713718365,1.03,1.5
max-exp-cap-V k=1.5,30042,1.18296182112857,1.0597921435466424,0.093862588362857,0.11949049196771258,0.6104943597396759,0.0,-0.488671875,0.9247395833333334,0.0,0.0,2.49999999975,1.3648863213374225,0.4472858656400525,1.03,1.5
max-exp-cap-V k=1.5,30043,1.1548406455414055,1.0327705446868105,0.09518458538747389,0.12146096439779008,0.5812314074214673,0.0,-0.40598958333333335,0.673046875,0.0,0.0,2.49999999975,1.2604304820963392,0.4611372191306951,1.03,1.5
max-exp-cap-V k=1.5,30044,1.0669263185036841,0.9533835435267776,0.08958976726703508,0.11890740887967306,0.5220380274888348,0.0,-0.34205729166666665,0.433203125,0.0,0.0,2.49999999975,1.3306809873859384,0.39230892485685426,1.03,1.5
max-exp-cap-V k=1.5,30045,1.0972580584119602,0.9803034332726226,0.09324143084119603,0.12077749946143672,0.5401635474255714,0.0,-0.3296875,0.4278645833333333,0.0,0.0,2.49999999975,1.4041938126120153,0.3846787691086493,1.03,1.5
max-exp-cap-V k=1.5,30046,1.1224740165034834,1.0041079626131482,0.092566412067015,0.12238486872460562,0.5832725909913752,0.0,-0.3936197916666666,0.6720052083333332,0.0,0.0,2.4999999997499995,1.2905734613311686,0.4519483845497301,1.03,1.5
max-exp-cap-V k=1.5,30047,1.1806718377281369,1.0554299159688123,0.09593176710614701,0.12625398503485089,0.5907544118562328,0.0,-0.44270833333333337,0.6520833333333333,0.0,0.0,2.49999999975,1.4038263945583558,0.4208172849193965,1.03,1.5
max-exp-cap-V k=1.5,30048,1.0879105461036283,0.9707029362796921,0.08755407544369617,0.12452422204983092,0.5818111028080989,0.0,-0.42473958333333334,0.6059895833333333,0.0,0.0,2.49999999975,1.2214034552871322,0.4763463704720931,1.03,1.5
max-exp-cap-V k=1.5,30049,1.1234618297005514,1.006072651287483,0.09187092255338848,0.1246721253901827,0.5895742208894708,0.0,-0.40950520833333326,0.6598958333333332,0.0,0.0,2.49999999975,1.3837619505141128,0.4260662180156238,1.03,1.5
max-exp-cap-V k=2.0,30000,1.2008462417995034,1.0752481368503177,0.09765623876328369,0.1276961988039179,0.5897000128342884,0.0,-0.44856770833333337,0.66484375,0.0,0.0,2.49999999975,1.4404998608139725,0.40937179438606197,1.03,2.0
max-exp-cap-V k=2.0,30001,1.13820067143367,1.018646162887603,0.09138517131003368,0.11711709289897823,0.5474737032526664,0.0,-0.44869791666666664,0.6580729166666668,0.0,0.0,2.49999999975,1.2975036720533162,0.42194385653358674,1.03,2.0
max-exp-cap-V k=2.0,30002,1.1715067907578476,1.0486399482966073,0.09642802282578475,0.1204911020287024,0.5679497109939539,0.0,-0.414453125,0.6295572916666667,0.0,0.0,2.49999999975,1.3087102968310727,0.4339766504238519,1.03,2.0
max-exp-cap-V k=2.0,30003,1.1248020205815514,1.0050241038883747,0.09083306664148849,0.1258165300553527,0.5768138466464183,0.0,-0.43294270833333326,0.591796875,0.0,0.0,2.4999999997500004,1.3367165836541237,0.4315154414181109,1.03,2.0
max-exp-cap-V k=2.0,30004,1.1261557097966732,1.0062620862024052,0.093833018896334,0.1226381960628691,0.5644774677588825,0.0,-0.3756510416666667,0.5088541666666666,0.0,0.0,2.49999999975,1.4774299007498533,0.38206717453896677,1.03,2.0
max-exp-cap-V k=2.0,30005,1.0486389724522123,0.9359910154342008,0.09021545974522124,0.12718053312483174,0.5587969746378862,0.0,-0.29296875,0.3614583333333333,0.0,0.0,2.49999999975,1.332517247229461,0.419354402954051,1.03,2.0
max-exp-cap-V k=2.0,30006,1.1242392727716786,1.0057280107762396,0.08905804186050117,0.10371000356837692,0.495017672458137,0.0,-0.4673177083333334,0.7302083333333333,0.0,0.0,2.49999999975,1.3342563690362659,0.3710064152181552,1.03,2.0
max-exp-cap-V k=2.0,30007,1.1402475562112964,1.018037460880553,0.09070444312112963,0.12094746204672846,0.5815213848517751,0.0,-0.46640625,0.7109375,0.0,0.0,2.49999999975,1.353828313986,0.4295385011853051,1.03,2.0
max-exp-cap-V k=2.0,30008,1.140765358259283,1.0175208433090646,0.0900530983259283,0.12397491387472036,0.5863974619539831,0.0,-0.48046875,0.6981770833333332,0.0,0.0,2.49999999975,1.4209025454790873,0.4126936529318883,1.03,2.0
max-exp-cap-V k=2.0,30009,1.1432484818689796,1.023349620015534,0.09417510860356465,0.12534537781593927,0.5651550223567156,0.0,-0.4029947916666667,0.5270833333333333,0.0,0.0,2.49999999975,1.4095211735657258,0.4009553265007143,1.03,2.0
max-exp-cap-V k=2.0,30010,1.1442599909183029,1.0239442059030355,0.09689344700849696,0.12499829994398926,0.5721846359369666,0.0,-0.3506510416666666,0.5044270833333333,0.0,0.0,2.49999999975,1.463428591985739,0.3909891053587823,1.03,2.0
max-exp-cap-V k=2.0,30011,1.130742493290208,1.011644624487204,0.09406383266235413,0.12309368967526754,0.546276978398304,0.0,-0.38020833333333337,0.4911458333333333,0.0,0.0,2.49999999975,1.4318938057872725,0.38150662862736134,1.03,2.0
max-exp-cap-V k=2.0,30012,1.120525413776687,1.003245756402024,0.09183769762766868,0.11109611144137602,0.5123006744760887,0.0,-0.404296875,0.5813802083333333,0.0,0.0,2.49999999975,1.4030144292801627,0.36514284086082577,1.03,2.0
max-exp-cap-V k=2.0,30013,1.121544965430621,1.0025575954045987,0.09516230904306214,0.1189662141273024,0.5596668225392732,0.0,-0.33984375,0.532421875,0.0,0.0,2.49999999975,1.451131094430628,0.3856762663878184,1.03,2.0
max-exp-cap-V k=2.0,30014,1.0696280263260676,0.953018975516734,0.08855785471594008,0.12246310964960529,0.560431956777034,0.0,-0.36809895833333334,0.5208333333333334,0.0,0.0,2.49999999975,1.2132330668795763,0.4619326426854318,1.03,2.0
max-exp-cap-V k=2.0,30015,1.1079236729099444,0.9869515175840882,0.0889499193743278,0.12600936724675255,0.59666238878081,0.0,-0.43684895833333337,0.641796875,0.0,0.0,2.49999999975,1.2895510840350948,0.4626899982231119,1.03,2.0
max-exp-cap-V k=2.0,30016,1.1775166115165316,1.0542864225314648,0.09912535906831985,0.12437652227930591,0.5821747698359131,0.0,-0.3725260416666667,0.566796875,0.0,0.0,2.49999999975,1.4389183702239405,0.4045919364733029,1.03,2.0
max-exp-cap-V k=2.0,30017,1.1375086120572293,1.015620213500003,0.09246179870572294,0.12231530115015328,0.5957205362876457,0.0,-0.42578125,0.7180989583333333,0.0,0.0,2.49999999975,1.450041194506573,0.41083007747953004,1.03,2.0
max-exp-cap-V k=2.0,30018,1.108473448871234,0.990477924491338,0.0937184386371234,0.11372748409295756,0.5184700441716259,0.0,-0.342578125,0.47421875,0.0,0.0,2.49999999975,1.3831122888436387,0.3748575212249011,1.03,2.0
max-exp-cap-V k=2.0,30019,1.0722990578877476,0.9586344130006551,0.09430021828877475,0.11864350638075499,0.5242546555827139,0.0,-0.25859375,0.3263020833333333,0.0,0.0,2.4999999997500004,1.409960838204012,0.3718221395783602,1.03,2.0
max-exp-cap-V k=2.0,30020,1.1998153172250825,1.0763827424379306,0.10039168797250826,0.11449540466387585,0.543251502142386,0.0,-0.39179687500000004,0.6341145833333334,0.0,0.0,2.49999999975,1.528306245102975,0.35545984574955564,1.03,2.0
max-exp-cap-V k=2.0,30021,1.073587043432426,0.9587619682692317,0.08961781892657592,0.12138522670493306,0.5547183040749019,0.0,-0.35481770833333337,0.5618489583333333,0.0,0.0,2.4999999997500004,1.202694285061769,0.4612296831911961,1.03,2.0
max-exp-cap-V k=2.0,30022,1.1363687336512007,1.014267211208426,0.0900561441984534,0.12956375718270524,0.6231252738636868,0.0,-0.4716145833333333,0.7274739583333333,0.0,0.0,2.49999999975,1.374805498080653,0.4532461317136303,1.03,2.0
max-exp-cap-V k=2.0,30023,1.1007107444061945,0.9851689903089276,0.09154242860728612,0.1208880252477469,0.5537582427314628,0.0,-0.3705729166666667,0.5059895833333333,0.0,0.0,2.4999999997500004,1.3988259553484075,0.39587358285294144,1.03,2.0
max-exp-cap-V k=2.0,30024,1.1232464505369035,1.0045848727818563,0.09503297838702368,0.12440901614374247,0.5691693112880121,0.0,-0.3458333333333333,0.470703125,0.0,0.0,2.49999999975,1.5033983907085546,0.378588479810572,1.03,2.0
max-exp-cap-V k=2.0,30025,1.1068845383477777,0.9883172104660568,0.08955564133477775,0.12193390245524564,0.5768749852612199,0.0,-0.42265625000000007,0.6627604166666666,0.0,0.0,2.49999999975,1.434331076586274,0.4021909548485763,1.03,2.0
max-exp-cap-V k=2.0,30026,1.1085490841363965,0.9896883205889864,0.09267782508030631,0.12219982875927017,0.5698988169075837,0.0,-0.36354166666666665,0.525,0.0,0.0,2.49999999975,1.4134917551995585,0.40318510158350707,1.03,2.0
max-exp-cap-V k=2.0,30027,1.1463988974482615,1.0250754946674918,0.09305785849482615,0.12369435170763199,0.5865460279907057,0.0,-0.431640625,0.7141927083333333,0.0,0.0,2.49999999975,1.325158015039965,0.44262346175600514,1.03,2.0
max-exp-cap-V k=2.0,30028,1.0857422976991553,0.9683759736539022,0.08610678185324885,0.12919207319122267,0.6289122697199491,0.0,-0.4493489583333333,0.7401041666666667,0.0,0.0,2.49999999975,1.2812050543256732,0.49087557654926645,1.03,2.0
max-exp-cap-V k=2.0,30029,1.168215910705011,1.0472459664479326,0.09731638273716774,0.11667281071407949,0.5491708032881525,0.0,-0.39010416666666664,0.6243489583333334,0.0,0.0,2.49999999975,1.4720435778707621,0.37306694689195324,1.03,2.0
max-exp-cap-V k=2.0,30030,1.0692628353129416,0.9529289538601777,0.08925701269796084,0.12310295432275231,0.555721812004188,0.0,-0.3533854166666667,0.4545572916666667,0.0,0.0,2.49999999975,1.3392966058511333,0.41493557855395485,1.03,2.0
max-exp-cap-V k=2.0,30031,1.1513829984606074,1.0288404801081759,0.09143387276272742,0.12641411278301196,0.6006872634197398,0.0,-0.4740885416666667,0.70703125,0.0,0.0,2.49999999975,1.2972690548820978,0.4630398460204797,1.03,2.0
max-exp-cap-V k=2.0,30032,1.1471291260175227,1.0259625757410535,0.09571551676841894,0.12187581517517904,0.5670955769316165,0.0,-0.3799479166666666,0.5584635416666666,0.0,0.0,2.49999999975,1.4723441684957603,0.3851650918759009,1.03,2.0
max-exp-cap-V k=2.0,30033,1.1870644327422548,1.061684111203821,0.09765175577422548,0.1273332487740424,0.5971898510235951,0.0,-0.42109375000000004,0.60078125,0.0,0.0,2.49999999975,1.3986357543260235,0.42698025499238706,1.03,2.0
max-exp-cap-V k=2.0,30034,1.1119191437619533,0.9945985441779917,0.09043019562619534,0.10997992873586758,0.501788883434564,0.0,-0.41523437499999993,0.5561197916666667,0.0,0.0,2.49999999975,1.3117726200397177,0.38252733421084123,1.03,2.0
max-exp-cap-V k=2.0,30035,1.1181913729204245,0.9985087422443583,0.09340767895870909,0.13172791385738591,0.6054013012762475,0.0,-0.3682291666666666,0.54140625,0.0,0.0,2.4999999997500004,1.3344199922255326,0.4536812284013859,1.03,2.0
max-exp-cap-V k=2.0,30036,1.1211826459294871,1.0015275282536353,0.09128493125961537,0.12471637292661478,0.598573317882544,0.0,-0.4166666666666667,0.6615885416666667,0.0,0.0,2.49999999975,1.2936138602543723,0.4627140573191156,1.03,2.0
max-exp-cap-V k=2.0,30037,1.1251405378387629,1.0065475067514513,0.09272238711720962,0.11753776772397265,0.5528878776265191,0.0,-0.3958333333333333,0.559765625,0.0,0.0,2.49999999975,1.3398659411338547,0.41264417629620515,1.03,2.0
max-exp-cap-V k=2.0,30038,1.03542578471337,0.9233867427185922,0.08720794305467035,0.12124463429823434,0.5437880240108325,0.0,-0.3266927083333333,0.4239583333333333,0.0,0.0,2.49999999975,1.3198434281561486,0.4120094947705401,1.03,2.0
max-exp-cap-V k=2.0,30039,1.0955791479638977,0.9783621653372705,0.0870318731297231,0.12408762934373067,0.6016425756239987,0.0,-0.4505208333333333,0.777734375,0.0,0.0,2.49999999975,1.305977567966232,0.4606836980829023,1.03,2.0
max-exp-cap-V k=2.0,30040,1.1895542379981028,1.0664555011966954,0.0982457883831436,0.12141761635277018,0.5930484019383666,0.0,-0.4141927083333333,0.7083333333333333,0.0,0.0,2.49999999975,1.5541661307805754,0.3815862346971297,1.03,2.0
max-exp-cap-V k=2.0,30041,1.1393369768033565,1.0182293091337484,0.095899843513669,0.12382297629696448,0.5711478655289584,0.0,-0.3606770833333333,0.516015625,0.0,0.0,2.49999999975,1.3920793469354082,0.4102839876091196,1.03,2.0
max-exp-cap-V k=2.0,30042,1.2022042223497005,1.0782289146682769,0.09548083890163671,0.11949049196771258,0.6104943597396759,0.0,-0.49479166666666674,0.9247395833333334,0.0,0.0,2.4999999997500004,1.3588496816301339,0.44927291663880065,1.03,2.0
max-exp-cap-V k=2.0,30043,1.155493866122804,1.0332395602393771,0.09495042827894708,0.12154328588362133,0.5816253433111415,0.0,-0.4119791666666667,0.673046875,0.0,0.0,2.49999999975,1.268975914528144,0.45834230315349445,1.03,2.0
max-exp-cap-V k=2.0,30044,1.0664763263643073,0.9529689060912989,0.08954476805309741,0.11890740887967306,0.5220380274888348,0.0,-0.34205729166666665,0.433203125,0.0,0.0,2.4999999997500004,1.3290034409030635,0.39280412030694795,1.03,2.0
max-exp-cap-V k=2.0,30045,1.0955604285367289,0.9787419065543242,0.09307817827033953,0.12077749946143672,0.5401635474255714,0.0,-0.3295572916666667,0.4278645833333333,0.0,0.0,2.49999999975,1.3954957273561779,0.38707646095694803,1.03,2.0
max-exp-cap-V k=2.0,30046,1.1271856988885351,1.0081657611553982,0.09254278863885351,0.1225781961462087,0.5841939678517929,0.0,-0.403515625,0.6720052083333332,0.0,0.0,2.4999999997500004,1.3082697863881725,0.44653937125966664,1.03,2.0
max-exp-cap-V k=2.0,30047,1.1782905902074834,1.0533986301727607,0.09583687152074835,0.12625398503485089,0.5907544118562328,0.0,-0.43984375,0.6520833333333333,0.0,0.0,2.49999999975,1.3713968462782171,0.4307683902434654,1.03,2.0
max-exp-cap-V k=2.0,30048,1.1068951472849387,0.9876844549757235,0.0890228480618272,0.12452422204983092,0.5818111028080989,0.0,-0.4333333333333333,0.6059895833333333,0.0,0.0,2.49999999975,1.2700972958788836,0.45808388435745506,1.03,2.0
max-exp-cap-V k=2.0,30049,1.132934945492445,1.014383532966013,0.09223229663257783,0.1246721253901827,0.5895742208894708,0.0,-0.42122395833333337,0.6598958333333332,0.0,0.0,2.49999999975,1.4192617004411499,0.4154090966494855,1.03,2.0
max-exp-cap-V k=4.0,30000,1.19738689587565,1.0721203808874997,0.09737540833756501,0.1276961988039179,0.5897000128342884,0.0,-0.44726562500000006,0.66484375,0.0,0.0,2.49999999975,1.4237946227806964,0.4141749121671732,1.03,4.0
max-exp-cap-V k=4.0,30001,1.1334557272099743,1.0141695684248435,0.09083906230433078,0.11722891999503193,0.5479964484206439,0.0,-0.4501302083333333,0.6580729166666668,0.0,0.0,2.49999999975,1.3229376801288641,0.4142269561535694,1.03,4.0
max-exp-cap-V k=4.0,30002,1.172671263359708,1.0495473688487245,0.09635566800263745,0.1204911020287024,0.5679497109939539,0.0,-0.41822916666666665,0.6295572916666667,0.0,0.0,2.4999999997500004,1.306285901173067,0.43478208750773883,1.03,4.0
max-exp-cap-V k=4.0,30003,1.1208301782773695,1.0013025590597018,0.09042937199440362,0.1258165300553527,0.5768138466464183,0.0,-0.43307291666666664,0.591796875,0.0,0.0,2.49999999975,1.3565255515430197,0.4252141406332557,1.03,4.0
max-exp-cap-V k=4.0,30004,1.1253491626190917,1.00551065023495,0.09374585376190916,0.1226381960628691,0.5644774677588825,0.0,-0.37578125,0.5088541666666666,0.0,0.0,2.49999999975,1.4741919999660635,0.3829063431166883,1.03,4.0
max-exp-cap-V k=4.0,30005,1.0499172296913268,0.9371089979190611,0.0902846917191327,0.12718053312483174,0.5587969746378862,0.0,-0.294140625,0.3614583333333333,0.0,0.0,2.49999999975,1.3570470331462872,0.41177421341272624,1.03,4.0
max-exp-cap-V k=4.0,30006,1.1210765208352762,1.0026675712300712,0.08852692291686096,0.10389727511307414,0.4959115372829756,0.0,-0.4716145833333333,0.7302083333333333,0.0,0.0,2.49999999975,1.3540707161021897,0.36623754681771725,1.03,4.0
max-exp-cap-V k=4.0,30007,1.1390644574892073,1.0169320812363452,0.09051451866558739,0.12093755506797382,0.5814737516074919,0.0,-0.4678385416666666,0.7109375,0.0,0.0,2.49999999975,1.3491720828732348,0.4309856088699739,1.03,4.0
max-exp-cap-V k=4.0,30008,1.1249235153197619,1.0033663502612644,0.08893115361530954,0.12397491387472036,0.5863974619539831,0.0,-0.4712239583333333,0.6981770833333332,0.0,0.0,2.49999999975,1.3657619283056137,0.4293555485775455,1.03,4.0
max-exp-cap-V k=4.0,30009,1.1414407589145767,1.0217660809645486,0.0939878258914577,0.12534537781593927,0.5651550223567156,0.0,-0.40312499999999996,0.5270833333333333,0.0,0.0,2.49999999975,1.3628065231563176,0.414699381573103,1.03,4.0
max-exp-cap-V k=4.0,30010,1.1429652978416034,1.0228314451068659,0.09685512353416034,0.12499829994398926,0.5721846359369666,0.0,-0.348828125,0.5044270833333333,0.0,0.0,2.49999999975,1.433644300337901,0.399111994378317,1.03,4.0
max-exp-cap-V k=4.0,30011,1.1307410483212896,1.0116671857294866,0.09407670899879564,0.12309368967526754,0.546276978398304,0.0,-0.37994791666666666,0.4911458333333333,0.0,0.0,2.49999999975,1.3507861971924822,0.40441409568272446,1.03,4.0
max-exp-cap-V k=4.0,30012,1.1225452430261378,1.0049886989734256,0.0918769201359471,0.1111940718269037,0.512752402002162,0.0,-0.4075520833333333,0.5813802083333333,0.0,0.0,2.49999999975,1.4268171232454074,0.3593679902269931,1.03,4.0
max-exp-cap-V k=4.0,30013,1.1283067795656736,1.0084179051357771,0.0952460425399007,0.1189662141273024,0.5596668225392732,0.0,-0.3516927083333333,0.532421875,0.0,0.0,2.49999999975,1.419876796728646,0.39416576412033,1.03,4.0
max-exp-cap-V k=4.0,30014,1.0704806988020639,0.9537895874277996,0.08857150738020639,0.12232301290896669,0.5597908274547522,0.0,-0.36953125000000003,0.5208333333333334,0.0,0.0,2.4999999997500004,1.200765070257867,0.46619512952232683,1.03,4.0
max-exp-cap-V k=4.0,30015,1.1158943895741944,0.9935434500546018,0.08944100145741943,0.12600936724675255,0.59666238878081,0.0,-0.44296875,0.641796875,0.0,0.0,2.49999999975,1.3607419720256764,0.4384831224780883,1.03,4.0
max-exp-cap-V k=4.0,30016,1.1779053070222063,1.054692541782796,0.09919027028555397,0.12407213333447824,0.5807500028409195,0.0,-0.37200520833333334,0.566796875,0.0,0.0,2.49999999975,1.4081949692882136,0.41240738357023493,1.03,4.0
max-exp-cap-V k=4.0,30017,1.1432378595452686,1.0206550758574995,0.09264409845452684,0.12231530115015328,0.5957205362876457,0.0,-0.43359375,0.7180989583333333,0.0,0.0,2.49999999975,1.4667779299240742,0.4061422824370437,1.03,4.0
max-exp-cap-V k=4.0,30018,1.1071008770916073,0.9891951593513002,0.09358769187582741,0.11372748409295756,0.5184700441716259,0.0,-0.34244791666666663,0.47421875,0.0,0.0,2.49999999975,1.3579528666913774,0.381802680261552,1.03,4.0
max-exp-cap-V k=4.0,30019,1.0724902009307309,0.958791328562749,0.09430631175973976,0.11870356120342411,0.5245200221529958,0.0,-0.2588541666666667,0.3263020833333333,0.0,0.0,2.49999999975,1.4184710867538786,0.369778437538224,1.03,4.0
max-exp-cap-V k=4.0,30020,1.196291684040661,1.0732577625812958,0.10023463715406611,0.11442342434700582,0.5429099738917185,0.0,-0.38789062500000004,0.6341145833333334,0.0,0.0,2.49999999975,1.484402369197697,0.3657431335043983,1.03,4.0
max-exp-cap-V k=4.0,30021,1.0782349696316929,0.9627502350460815,0.08974406987983596,0.12149770010865509,0.5552322962423168,0.0,-0.3615885416666667,0.5618489583333333,0.0,0.0,2.49999999975,1.2343012317728388,0.44983532540499155,1.03,4.0
max-exp-cap-V k=4.0,30022,1.1219858322528433,1.001384145012292,0.08902801030861766,0.12956375718270524,0.6231252738636868,0.0,-0.4634114583333333,0.7274739583333333,0.0,0.0,2.49999999975,1.3069941992722471,0.4767620806661971,1.03,4.0
max-exp-cap-V k=4.0,30023,1.1018426499612675,0.9862616489871587,0.09165561916279343,0.12085940329368668,0.5536271326157053,0.0,-0.37057291666666664,0.5059895833333333,0.0,0.0,2.49999999975,1.3689671268907815,0.4044122913843165,1.03,4.0
max-exp-cap-V k=4.0,30024,1.1214145981792707,1.0029037642234566,0.0948888556512604,0.12439835729346985,0.5691205472140177,0.0,-0.3450520833333333,0.470703125,0.0,0.0,2.49999999975,1.4922344543545778,0.38138815623324696,1.03,4.0
max-exp-cap-V k=4.0,30025,1.1063699312505029,0.9879343870513384,0.08955626395838363,0.1215804191412532,0.575202639199596,0.0,-0.42161458333333335,0.6627604166666666,0.0,0.0,2.49999999975,1.3886510421250868,0.4142168347199375,1.03,4.0
max-exp-cap-V k=4.0,30026,1.1098540947632414,0.9908277769898415,0.09273671155965747,0.12219982875927017,0.5698988169075837,0.0,-0.36497395833333335,0.525,0.0,0.0,2.49999999975,1.4145159376881469,0.40289317477681696,1.03,4.0
max-exp-cap-V k=4.0,30027,1.1460223859937684,1.024678615675786,0.09283140526604351,0.12369987282038437,0.5865722085455191,0.0,-0.4354166666666667,0.7141927083333333,0.0,0.0,2.49999999975,1.3258114996720016,0.4424250420897946,1.03,4.0
max-exp-cap-V k=4.0,30028,1.0999380044984646,0.9807555171548581,0.08663442544984645,0.1296418890162357,0.6311019914612062,0.0,-0.4671875,0.7401041666666667,0.0,0.0,2.49999999975,1.3628842566291821,0.46306352750901164,1.03,4.0
max-exp-cap-V k=4.0,30029,1.166592890098185,1.0457101589530189,0.09713454942648518,0.11667281071407949,0.5491708032881525,0.0,-0.3904947916666667,0.6243489583333334,0.0,0.0,2.49999999975,1.4566138388088645,0.3770188011787894,1.03,4.0
max-exp-cap-V k=4.0,30030,1.0771161001494736,0.9603334790400317,0.0903613495982807,0.12310295432275231,0.555721812004188,0.0,-0.34700520833333337,0.4545572916666667,0.0,0.0,2.49999999975,1.3833311189285937,0.40172725416211347,1.03,4.0
max-exp-cap-V k=4.0,30031,1.1445028891843279,1.022204128466472,0.0906937785017661,0.12641411278301196,0.6006872634197398,0.0,-0.47513020833333336,0.70703125,0.0,0.0,2.49999999975,1.2998842635271783,0.46210826630811075,1.03,4.0
max-exp-cap-V k=4.0,30032,1.147190911359965,1.0260226549489144,0.09570867446932982,0.12187581517517904,0.5670955769316165,0.0,-0.38020833333333326,0.5584635416666666,0.0,0.0,2.49999999975,1.458301641237026,0.3888739893692839,1.03,4.0
max-exp-cap-V k=4.0,30033,1.1854878393676902,1.0602983950102929,0.0975201381034357,0.1272531826657245,0.596814342915864,0.0,-0.4205729166666667,0.60078125,0.0,0.0,2.49999999975,1.3911213841241088,0.4290167268844307,1.03,4.0
max-exp-cap-V k=4.0,30034,1.1103588182393265,0.9930875197406579,0.09019603807393264,0.10995388444598306,0.501670055069323,0.0,-0.416796875,0.5561197916666667,0.0,0.0,2.49999999975,1.3066746593704264,0.3839288161530847,1.03,4.0
max-exp-cap-V k=4.0,30035,1.1174080553935948,0.9978841912039297,0.09340747220602615,0.13172791385738591,0.6054013012762475,0.0,-0.3666666666666666,0.54140625,0.0,0.0,2.49999999975,1.3140013825378316,0.46073109916139476,1.03,4.0
max-exp-cap-V k=4.0,30036,1.121852365790566,1.0018469503917153,0.09098080949572326,0.12471637292661478,0.598573317882544,0.0,-0.4240885416666667,0.6615885416666667,0.0,0.0,2.49999999975,1.3348308821221473,0.44842633317781594,1.03,4.0
max-exp-cap-V k=4.0,30037,1.1230745652678638,1.0046427314050774,0.09250276902678638,0.11753776772397265,0.5528878776265191,0.0,-0.39609374999999997,0.559765625,0.0,0.0,2.49999999975,1.331078026555359,0.41536849575776896,1.03,4.0
max-exp-cap-V k=4.0,30038,1.0390071170469866,0.9267678008564347,0.08809993045469863,0.12124463429823434,0.5437880240108325,0.0,-0.316015625,0.4239583333333333,0.0,0.0,2.49999999975,1.3295561570862855,0.40899966587537057,1.03,4.0
max-exp-cap-V k=4.0,30039,1.1028418363691423,0.9845918032142974,0.0870485065535809,0.12408762934373067,0.6016425756239987,0.0,-0.4647135416666666,0.777734375,0.0,0.0,2.4999999997500004,1.3351710858040093,0.45061084831814147,1.03,4.0
max-exp-cap-V k=4.0,30040,1.1883657145061226,1.0653851656141975,0.09815948811727893,0.12141761635277018,0.5930484019383666,0.0,-0.4135416666666667,0.7083333333333333,0.0,0.0,2.49999999975,1.5353819820120318,0.38625463167231516,1.03,4.0
max-exp-cap-V k=4.0,30041,1.141767804495117,1.0202954217038849,0.09590855128284503,0.12382297629696448,0.5711478655289584,0.0,-0.3653645833333333,0.516015625,0.0,0.0,2.49999999975,1.3968166530610915,0.4088925087464421,1.03,4.0
max-exp-cap-V k=4.0,30042,1.1951452275552277,1.0705869741331446,0.09416296025552276,0.11949049196771258,0.6104943597396759,0.0,-0.5070312499999999,0.9247395833333334,0.0,0.0,2.49999999975,1.3968901920565449,0.4370381889795412,1.03,4.0
max-exp-cap-V k=4.0,30043,1.1633495076037617,1.040112088452943,0.09536489867704281,0.12186861707435069,0.5831821620537166,0.0,-0.4194010416666667,0.673046875,0.0,0.0,2.49999999975,1.3027471187316033,0.447655691322136,1.03,4.0
max-exp-cap-V k=4.0,30044,1.067113024950295,0.9535723606063357,0.08958890666169617,0.11890740887967306,0.5220380274888348,0.0,-0.34244791666666674,0.433203125,0.0,0.0,2.49999999975,1.3145899511496901,0.39711092195119874,1.03,4.0
max-exp-cap-V k=4.0,30045,1.089523152866174,0.9733396562866116,0.09273486736995072,0.12077749946143672,0.5401635474255714,0.0,-0.3243489583333333,0.4278645833333333,0.0,0.0,2.49999999975,1.3505332596672281,0.3999631579296817,1.03,4.0
max-exp-cap-V k=4.0,30046,1.1300015983248486,1.0105577613471475,0.0926030244158182,0.12294858097435117,0.5859591805012478,0.0,-0.40794270833333335,0.6720052083333332,0.0,0.0,2.4999999997500004,1.342173152297875,0.4365749527160882,1.03,4.0
max-exp-cap-V k=4.0,30047,1.179299326579292,1.0543000811087113,0.09584008890792917,0.12625398503485089,0.5907544118562328,0.0,-0.441796875,0.6520833333333333,0.0,0.0,2.49999999975,1.3810607189475421,0.4277541195338797,1.03,4.0
max-exp-cap-V k=4.0,30048,1.0827740117011855,0.9657548400762705,0.08682557825345188,0.12452422204983092,0.5818111028080989,0.0,-0.42903645833333337,0.6059895833333333,0.0,0.0,2.49999999975,1.2429833676488085,0.4680763379067863,1.03,4.0
max-exp-cap-V k=4.0,30049,1.1301011226488822,1.0118642436209733,0.09200099768155487,0.1246721253901827,0.5895742208894708,0.0,-0.42018229166666665,0.6598958333333332,0.0,0.0,2.49999999975,1.3886165471884249,0.42457669259609504,1.03,4.0
max-exp-cap-V k=8.0,30000,1.2006167113334067,1.0749172035896393,0.09749005655000734,0.1276961988039179,0.5897000128342884,0.0,-0.45143229166666665,0.66484375,0.0,0.0,2.49999999975,1.4542084187702824,0.40551272102588604,1.03,8.0
max-exp-cap-V k=8.0,30001,1.1334078235107496,1.0141355527635594,0.09084078235107498,0.11721222914277318,0.5479184256276394,0.0,-0.44999999999999996,0.6580729166666668,0.0,0.0,2.49999999975,1.3191415047284705,0.41535985613645127,1.03,8.0
max-exp-cap-V k=8.0,30002,1.1658568567418999,1.0432366207427464,0.09561563359085667,0.1204911020287024,0.5679497109939539,0.0,-0.4194010416666667,0.6295572916666667,0.0,0.0,2.4999999997500004,1.301109144564394,0.43651196624561506,1.03,8.0
max-exp-cap-V k=8.0,30003,1.1089675171964413,0.9906484236321121,0.0894319079696441,0.1258165300553527,0.5768138466464183,0.0,-0.429296875,0.591796875,0.0,0.0,2.49999999975,1.3184871058966918,0.43748159846745877,1.03,8.0
max-exp-cap-V k=8.0,30004,1.1255554476903664,1.005686946576069,0.0937534614357033,0.1226381960628691,0.5644774677588825,0.0,-0.37604166666666666,0.5088541666666666,0.0,0.0,2.49999999975,1.4746706920147599,0.38278204809757804,1.03,8.0
max-exp-cap-V k=8.0,30005,1.0501958481586278,0.9373445950660098,0.0903516160658628,0.12718053312483174,0.5587969746378862,0.0,-0.293359375,0.3614583333333333,0.0,0.0,2.49999999975,1.3551167647975622,0.4123607567657564,1.03,8.0
max-exp-cap-V k=8.0,30006,1.1212041179796532,1.0027384354737618,0.08844853679796531,0.10396361568605472,0.4962281871228797,0.0,-0.4734375,0.7302083333333333,0.0,0.0,2.49999999975,1.3610899092194382,0.36458148999683504,1.03,8.0
max-exp-cap-V k=8.0,30007,1.140601264103027,1.0183214404411858,0.09056403266030269,0.12093761425036009,0.5814740361593349,0.0,-0.469921875,0.7109375,0.0,0.0,2.49999999975,1.3491998983027378,0.4309769344711749,1.03,8.0
max-exp-cap-V k=8.0,30008,1.1207009971521757,0.9995299968878739,0.0885284330485509,0.12397491387472036,0.5863974619539831,0.0,-0.4708333333333333,0.6981770833333332,0.0,0.0,2.49999999975,1.3601769245700157,0.43111851948183677,1.03,8.0
max-exp-cap-V k=8.0,30009,1.141586520585585,1.0219197140026655,0.09400891247522518,0.12534537781593927,0.5651550223567156,0.0,-0.40299479166666663,0.5270833333333333,0.0,0.0,2.49999999975,1.3462936815188455,0.41978583879196824,1.03,8.0
max-exp-cap-V k=8.0,30010,1.1418527721829137,1.0218528523659813,0.09680246471829138,0.12499829994398926,0.5721846359369666,0.0,-0.34765625,0.5044270833333333,0.0,0.0,2.49999999975,1.4232248830167715,0.40203388991072314,1.03,8.0
max-exp-cap-V k=8.0,30011,1.1294739365434265,1.0104794294391017,0.09394999782100932,0.12309368967526754,0.546276978398304,0.0,-0.37994791666666666,0.4911458333333333,0.0,0.0,2.49999999975,1.3549739091264512,0.40316420465283176,1.03,8.0
max-exp-cap-V k=8.0,30012,1.1233416469356337,1.005720213401003,0.09196307094356337,0.11118077139596813,0.5126910693447835,0.0,-0.407421875,0.5813802083333333,0.0,0.0,2.49999999975,1.4235853465893964,0.3601407323930952,1.03,8.0
max-exp-cap-V k=8.0,30013,1.1291330659497851,1.0090817057798027,0.09521799409497851,0.1189662141273024,0.5596668225392732,0.0,-0.35390625,0.532421875,0.0,0.0,2.49999999975,1.437354345172304,0.38937289501301275,1.03,8.0
max-exp-cap-V k=8.0,30014,1.071129964507819,0.9543515418085139,0.08857784020078188,0.12242693011538797,0.5602663871845689,0.0,-0.370703125,0.5208333333333334,0.0,0.0,2.49999999975,1.210013246715723,0.46302500299502614,1.03,8.0
max-exp-cap-V k=8.0,30015,1.114822550768345,0.9925538145690948,0.08934032799350115,0.12600936724675255,0.59666238878081,0.0,-0.4428385416666667,0.641796875,0.0,0.0,2.4999999997500004,1.351792302380374,0.4413861417394861,1.03,8.0
max-exp-cap-V k=8.0,30016,1.1792994748892516,1.0558926612037223,0.09922552040559184,0.12416718997588219,0.5811949387284694,0.0,-0.37408854166666666,0.566796875,0.0,0.0,2.49999999975,1.4177894810307639,0.4099303503831387,1.03,8.0
max-exp-cap-V k=8.0,30017,1.1455534080541407,1.0227488237139968,0.09280403872208073,0.12231530115015328,0.5957205362876457,0.0,-0.4350260416666667,0.7180989583333333,0.0,0.0,2.49999999975,1.468045239258814,0.4057916747772792,1.03,8.0
max-exp-cap-V k=8.0,30018,1.1050099148033536,0.9872735984605235,0.09339161648033537,0.11372748409295756,0.5184700441716259,0.0,-0.3421875,0.47421875,0.0,0.0,2.49999999975,1.3433900051827947,0.3859415673567393,1.03,8.0
max-exp-cap-V k=8.0,30019,1.0722926598847433,0.9586165214492083,0.094286557655141,0.1187005460708444,0.5245066990699183,0.0,-0.2588541666666667,0.3263020833333333,0.0,0.0,2.4999999997500004,1.418043818359354,0.3698804594605273,1.03,8.0
max-exp-cap-V k=8.0,30020,1.197458231454254,1.0742351912905574,0.10021457314542541,0.11441822328621677,0.5428852961843932,0.0,-0.390625,0.6341145833333334,0.0,0.0,2.49999999975,1.4812300196250279,0.36650978510537086,1.03,8.0
max-exp-cap-V k=8.0,30021,1.0772678765633574,0.961848097850283,0.08962782932300242,0.12149938465623257,0.5552399944556883,0.0,-0.3619791666666667,0.5618489583333333,0.0,0.0,2.49999999975,1.2347746184024766,0.4496691025071808,1.03,8.0
max-exp-cap-V k=8.0,30022,1.121564544885756,1.0006681879885695,0.08877103782190894,0.12956375718270524,0.6231252738636868,0.0,-0.46770833333333334,0.7274739583333333,0.0,0.0,2.49999999975,1.3367590502692956,0.46614629146378744,1.03,8.0
max-exp-cap-V k=8.0,30023,1.1000388552782336,0.984685600159602,0.0915403438611567,0.12082081160803614,0.5534503536172387,0.0,-0.3692708333333333,0.5059895833333333,0.0,0.0,2.49999999975,1.328707733024501,0.4165328009022984,1.03,8.0
max-exp-cap-V k=8.0,30024,1.120920047763427,1.0024109924592948,0.09481986935967601,0.1243949516301172,0.5691049663572199,0.0,-0.34544270833333335,0.470703125,0.0,0.0,2.49999999975,1.4886674083844476,0.38229154689080747,1.03,8.0
max-exp-cap-V k=8.0,30025,1.097852046739711,0.9803569377243724,0.08902999634063777,0.1211993562808412,0.5733998130162509,0.0,-0.4151041666666667,0.6627604166666666,0.0,0.0,2.49999999975,1.3394069508018054,0.42809977406269106,1.03,8.0
max-exp-cap-V k=8.0,30026,1.1098791893589888,0.990830920544653,0.09271317935256554,0.12219982875927017,0.5698988169075837,0.0,-0.36549479166666665,0.525,0.0,0.0,2.49999999975,1.4213424796384007,0.4009581259068327,1.03,8.0
max-exp-cap-V k=8.0,30027,1.1554020347493763,1.0329444418223883,0.0933396826416043,0.12405263871290123,0.5882449885084671,0.0,-0.4440104166666667,0.7141927083333333,0.0,0.0,2.49999999975,1.367565236610023,0.4301403492579505,1.03,8.0
max-exp-cap-V k=8.0,30028,1.1014720148873949,0.98215639314935,0.0867487639887395,0.1296418890162357,0.6311019914612062,0.0,-0.46796874999999993,0.7401041666666667,0.0,0.0,2.49999999975,1.358447990976524,0.46457574795155526,1.03,8.0
max-exp-cap-V k=8.0,30029,1.1708886109590273,1.0493825566017148,0.09716698609590271,0.11667281071407949,0.5491708032881525,0.0,-0.3984375,0.6243489583333334,0.0,0.0,2.4999999997500004,1.4781407569808278,0.3715280839761565,1.03,8.0
max-exp-cap-V k=8.0,30030,1.0712572366660469,0.9550145639784962,0.08971686949993803,0.12310295432275231,0.555721812004188,0.0,-0.34817708333333336,0.4545572916666667,0.0,0.0,2.49999999975,1.3582893011097181,0.4091336150186599,1.03,8.0
max-exp-cap-V k=8.0,30031,1.1388815691563046,1.0168836800214824,0.09017070899896378,0.12641411278301196,0.6006872634197398,0.0,-0.4743489583333333,0.70703125,0.0,0.0,2.49999999975,1.3033740129309404,0.46087098366259,1.03,8.0
max-exp-cap-V k=8.0,30032,1.1456819728722223,1.0247140171982623,0.09566845770388888,0.12187581517517904,0.5670955769316165,0.0,-0.3779947916666666,0.5584635416666666,0.0,0.0,2.49999999975,1.4240158230301803,0.39823685085527144,1.03,8.0
max-exp-cap-V k=8.0,30033,1.1991293490468555,1.072482704787665,0.09848715365468556,0.12743816397242352,0.5976819007615432,0.0,-0.428515625,0.60078125,0.0,0.0,2.4999999997500004,1.4371469810842035,0.41588084491583716,1.03,8.0
max-exp-cap-V k=8.0,30034,1.1057599034352092,0.9890605816644984,0.08986635492685426,0.10978633053432717,0.500905582031276,0.0,-0.4141927083333333,0.5561197916666667,0.0,0.0,2.49999999975,1.2738773262352825,0.39321335870826213,1.03,8.0
max-exp-cap-V k=8.0,30035,1.1185146761621192,0.998600801893901,0.09317959261621193,0.13172791385738591,0.6054013012762475,0.0,-0.3734375,0.54140625,0.0,0.0,2.49999999975,1.3378168205086207,0.4525292939926422,1.03,8.0
max-exp-cap-V k=8.0,30036,1.1216234297014784,1.0016257056788052,0.0909383846368145,0.12471637292661478,0.598573317882544,0.0,-0.4244791666666667,0.6615885416666667,0.0,0.0,2.49999999975,1.338869259789068,0.44707376280851063,1.03,8.0
max-exp-cap-V k=8.0,30037,1.1228225901713382,1.0043932158716287,0.09245804026713383,0.11753776772397265,0.5528878776265191,0.0,-0.396484375,0.559765625,0.0,0.0,2.49999999975,1.335292314639888,0.41405755995504717,1.03,8.0
max-exp-cap-V k=8.0,30038,1.0384570226276613,0.9262648476347602,0.08803841059609947,0.12124463429823434,0.5437880240108325,0.0,-0.31614583333333335,0.4239583333333333,0.0,0.0,2.4999999997500004,1.3194522007735063,0.4121316586474645,1.03,8.0
max-exp-cap-V k=8.0,30039,1.0977417421388513,0.9797000764107042,0.08653198671388515,0.12408762934373067,0.6016425756239987,0.0,-0.46484375000000006,0.777734375,0.0,0.0,2.49999999975,1.334865446496773,0.4507140230522501,1.03,8.0
max-exp-cap-V k=8.0,30040,1.1871190411698804,1.0642661751593065,0.09809341453365471,0.12141761635277018,0.5930484019383666,0.0,-0.4123697916666666,0.7083333333333333,0.0,0.0,2.49999999975,1.5309347228555708,0.38737667457968755,1.03,8.0
max-exp-cap-V k=8.0,30041,1.1409603963648385,1.0195790037048778,0.09587338338648382,0.12382297629696448,0.5711478655289584,0.0,-0.36445312500000004,0.516015625,0.0,0.0,2.49999999975,1.3886551871305994,0.41129566995614686,1.03,8.0
max-exp-cap-V k=8.0,30042,1.2015389348002423,1.0763817331608472,0.0945744663966909,0.11949049196771258,0.6104943597396759,0.0,-0.5115885416666667,0.9247395833333334,0.0,0.0,2.49999999975,1.4075301450105777,0.43373448299047834,1.03,8.0
max-exp-cap-V k=8.0,30043,1.1605566311200088,1.0375874081289753,0.09513769436200087,0.12168735685233083,0.5823147711641704,0.0,-0.418359375,0.673046875,0.0,0.0,2.49999999975,1.283931289981584,0.4535404469911492,1.03,8.0
max-exp-cap-V k=8.0,30044,1.0666990965505945,0.9531872063303415,0.08954751382172613,0.11890740887967306,0.5220380274888348,0.0,-0.34244791666666674,0.433203125,0.0,0.0,2.49999999975,1.3110128062576427,0.39819445317168234,1.03,8.0
max-exp-cap-V k=8.0,30045,1.0908719633038113,0.9740906966355827,0.09250516508038113,0.12077749946143672,0.5401635474255714,0.0,-0.331640625,0.4278645833333333,0.0,0.0,2.49999999975,1.4019819148724189,0.38528567429824984,1.03,8.0
max-exp-cap-V k=8.0,30046,1.124491963647616,1.0055598521731266,0.09220180053142828,0.1228114243827077,0.5853055075315978,0.0,-0.4049479166666667,0.6720052083333332,0.0,0.0,2.49999999975,1.3296184530767041,0.4402056140069472,1.03,8.0
max-exp-cap-V k=8.0,30047,1.181614806072918,1.0563492383738526,0.09590887644062515,0.12625398503485089,0.5907544118562328,0.0,-0.44505208333333335,0.6520833333333333,0.0,0.0,2.49999999975,1.394395554981169,0.42366343592095773,1.03,8.0
max-exp-cap-V k=8.0,30048,1.0759476407562314,0.9594164585623673,0.08616898282562314,0.12452422204983092,0.5818111028080989,0.0,-0.42851562500000007,0.6059895833333333,0.0,0.0,2.49999999975,1.2321607464812372,0.4721876625834862,1.03,8.0
max-exp-cap-V k=8.0,30049,1.130158422229944,1.011927615107108,0.09199370680632774,0.1246721253901827,0.5895742208894708,0.0,-0.42044270833333336,0.6598958333333332,0.0,0.0,2.4999999997500004,1.3861412927557084,0.4253348659120975,1.03,8.0
max-exp-cap-V k=16.0,30000,1.2021959649640295,1.0762713913006188,0.09751777357973629,0.1276961988039179,0.5897000128342884,0.0,-0.4540364583333334,0.66484375,0.0,0.0,2.49999999975,1.4772676010361232,0.39918293234122626,1.03,16.0
max-exp-cap-V k=16.0,30001,1.1327898306203203,1.013608588999522,0.0908050247286987,0.11718075504980421,0.5477712973322924,0.0,-0.44947916666666665,0.6580729166666668,0.0,0.0,2.49999999975,1.3119830220083284,0.4175140136293739,1.03,16.0
max-exp-cap-V k=16.0,30002,1.1656509998408766,1.043031474795913,0.09558853748408766,0.1204911020287024,0.5679497109939539,0.0,-0.41953125,0.6295572916666667,0.0,0.0,2.49999999975,1.3012025525028876,0.43648063086065414,1.03,16.0
max-exp-cap-V k=16.0,30003,1.1084222254510907,0.9901546310390269,0.08939039962844242,0.1258165300553527,0.5768138466464183,0.0,-0.4290364583333333,0.591796875,0.0,0.0,2.49999999975,1.3075252360474987,0.4411493030834812,1.03,16.0
max-exp-cap-V k=16.0,30004,1.1258051749920117,1.0059009678218906,0.09375890291586784,0.1226381960628691,0.5644774677588825,0.0,-0.3764322916666667,0.5088541666666666,0.0,0.0,2.49999999975,1.4748648514541776,0.3827316565326801,1.03,16.0
max-exp-cap-V k=16.0,30005,1.0500488020710015,0.9372034751622349,0.0903434218737668,0.12718053312483174,0.5587969746378862,0.0,-0.29322916666666665,0.3614583333333333,0.0,0.0,2.49999999975,1.3549169411341473,0.4124215718862733,1.03,16.0
max-exp-cap-V k=16.0,30006,1.1208898341820448,1.002416533945241,0.08840408758487114,0.10396487838399562,0.4962342140997789,0.0,-0.4736979166666667,0.7302083333333333,0.0,0.0,2.49999999975,1.3627027338416746,0.36415441297370565,1.03,16.0
max-exp-cap-V k=16.0,30007,1.139299879198774,1.0171496304779741,0.09042738375321076,0.12094226468962678,0.5814963957015425,0.0,-0.4700520833333333,0.7109375,0.0,0.0,2.49999999975,1.3513855818029359,0.4302964331806365,1.03,16.0
max-exp-cap-V k=16.0,30008,1.1217081945189693,1.0004533975325103,0.08861613195189692,0.12397491387472036,0.5863974619539831,0.0,-0.47109375,0.6981770833333332,0.0,0.0,2.49999999975,1.3505216407778444,0.4342007149298567,1.03,16.0
max-exp-cap-V k=16.0,30009,1.1417287538994016,1.022044759840068,0.09401011497327352,0.12534537781593927,0.5651550223567156,0.0,-0.4032552083333333,0.5270833333333333,0.0,0.0,2.4999999997500004,1.3445366825260674,0.4203344019554175,1.03,16.0
max-exp-cap-V k=16.0,30010,1.1417627644657067,1.0217678122374632,0.09679346394657065,0.12499829994398926,0.5721846359369666,0.0,-0.34765625,0.5044270833333333,0.0,0.0,2.4999999997500004,1.4228377108141825,0.40214328843557884,1.03,16.0
max-exp-cap-V k=16.0,30011,1.1294494658726038,1.0104571078180302,0.09394755075392705,0.12309368967526754,0.546276978398304,0.0,-0.37994791666666666,0.4911458333333333,0.0,0.0,2.49999999975,1.3540663313373653,0.4034344298766847,1.03,16.0
max-exp-cap-V k=16.0,30012,1.1240023023036212,1.0062644855400489,0.09196403231369545,0.11126159985209748,0.51306379591509,0.0,-0.4087239583333333,0.5813802083333333,0.0,0.0,2.4999999997500004,1.443225275470541,0.3554980671661349,1.03,16.0
max-exp-cap-V k=16.0,30013,1.127284219047014,1.0074622586654913,0.09513076565470142,0.1189662141273024,0.5596668225392732,0.0,-0.351953125,0.532421875,0.0,0.0,2.49999999975,1.4219260900923383,0.39359768868361444,1.03,16.0
max-exp-cap-V k=16.0,30014,1.0710747344159197,0.9543037337042523,0.0885658067749253,0.12244100474961932,0.5603307973961482,0.0,-0.37083333333333335,0.5208333333333334,0.0,0.0,2.49999999975,1.211265827548444,0.4625993606459091,1.03,16.0
max-exp-cap-V k=16.0,30015,1.1141265959255757,0.9918935711064435,0.0892316700092242,0.12600936724675255,0.59666238878081,0.0,-0.44361979166666676,0.641796875,0.0,0.0,2.49999999975,1.3556857116659131,0.44011851983570055,1.03,16.0
max-exp-cap-V k=16.0,30016,1.1797090455344819,1.056265842761521,0.09925345663678152,0.12414307305159612,0.581082053558599,0.0,-0.3743489583333333,0.566796875,0.0,0.0,2.49999999975,1.4153552469799942,0.4105556218472213,1.03,16.0
max-exp-cap-V k=16.0,30017,1.1458572599180852,1.023010654405811,0.09279536140847519,0.12231530115015328,0.5957205362876457,0.0,-0.4358072916666667,0.7180989583333333,0.0,0.0,2.49999999975,1.4698342385665302,0.40529776804534623,1.03,16.0
max-exp-cap-V k=16.0,30018,1.104489300859085,0.9867807006311043,0.09334606550257515,0.11372748409295756,0.5184700441716259,0.0,-0.34205729166666665,0.47421875,0.0,0.0,2.49999999975,1.3426625801653393,0.38615066199862363,1.03,16.0
max-exp-cap-V k=16.0,30019,1.0721564918393636,0.9585015640553194,0.09427945126726969,0.11864128430617965,0.524244836815748,0.0,-0.2587239583333334,0.3263020833333333,0.0,0.0,2.49999999975,1.4096459524697367,0.37189823153626433,1.03,16.0
max-exp-cap-V k=16.0,30020,1.1974240803560423,1.0741945934117465,0.10020464761893758,0.11441991427911088,0.5428933195145219,0.0,-0.3907552083333333,0.6341145833333334,0.0,0.0,2.49999999975,1.4822614285629867,0.3662601677767751,1.03,16.0
max-exp-cap-V k=16.0,30021,1.0755426453227335,0.9603355362323298,0.08950738953227336,0.12137122572504634,0.5546543210019286,0.0,-0.36093749999999997,0.5618489583333333,0.0,0.0,2.49999999975,1.1987597706740671,0.46269013573090156,1.03,16.0
max-exp-cap-V k=16.0,30022,1.121772478593979,1.0008540012853537,0.08877229994273124,0.12956375718270524,0.6231252738636868,0.0,-0.4680989583333333,0.7274739583333333,0.0,0.0,2.4999999997499995,1.3357924172578417,0.46648361363126967,1.03,16.0
max-exp-cap-V k=16.0,30023,1.1001174788247263,0.9847787732578352,0.0915612270491393,0.12081628234516358,0.5534296061805589,0.0,-0.3690104166666667,0.5059895833333333,0.0,0.0,2.49999999975,1.3239827417516332,0.41800364062779993,1.03,16.0
max-exp-cap-V k=16.0,30024,1.1205226023623192,1.0020332251715716,0.09478012481956524,0.12439391094622575,0.5691002052446242,0.0,-0.34544270833333335,0.470703125,0.0,0.0,2.49999999975,1.4875774100794983,0.38256846426177626,1.03,16.0
max-exp-cap-V k=16.0,30025,1.0976936870148362,0.9802361589150611,0.08903369161815027,0.12115189554601428,0.5731752740639786,0.0,-0.41471354166666674,0.6627604166666666,0.0,0.0,2.49999999975,1.3332736825070395,0.4299006884964538,1.03,16.0
max-exp-cap-V k=16.0,30026,1.109692746570801,0.9906640995188869,0.09269453507374677,0.12219982875927017,0.5698988169075837,0.0,-0.36549479166666665,0.525,0.0,0.0,2.49999999975,1.4195553072705935,0.40146291869623535,1.03,16.0
max-exp-cap-V k=16.0,30027,1.1546189324857583,1.0322925978925048,0.09330043491524248,0.1238445828157695,0.5872584086171628,0.0,-0.4432291666666667,0.7141927083333333,0.0,0.0,2.49999999975,1.342939524823485,0.4372932643369415,1.03,16.0
max-exp-cap-V k=16.0,30028,1.1013885075950345,0.98208132786758,0.08674041325950343,0.1296418890162357,0.6311019914612062,0.0,-0.46796874999999993,0.7401041666666667,0.0,0.0,2.49999999975,1.35832065211211,0.464619300663565,1.03,16.0
max-exp-cap-V k=16.0,30029,1.1698775023520107,1.0484628043889883,0.09710493773520108,0.11667281071407949,0.5491708032881525,0.0,-0.39765625,0.6243489583333334,0.0,0.0,2.49999999975,1.472775398193013,0.3728815703751873,1.03,16.0
max-exp-cap-V k=16.0,30030,1.0708196865130777,0.9546077947303844,0.08967311448464108,0.12310295432275231,0.555721812004188,0.0,-0.34817708333333336,0.4545572916666667,0.0,0.0,2.4999999997500004,1.3563651593437847,0.40971401261371876,1.03,16.0
max-exp-cap-V k=16.0,30031,1.1402543597242822,1.018060586083089,0.09022335263909488,0.12641411278301196,0.6006872634197398,0.0,-0.47604166666666664,0.70703125,0.0,0.0,2.49999999975,1.3215227879450748,0.4545417369259209,1.03,16.0
max-exp-cap-V k=16.0,30032,1.147038109038473,1.0258783416889175,0.09569339423718062,0.12187581517517904,0.5670955769316165,0.0,-0.3802083333333333,0.5584635416666666,0.0,0.0,2.49999999975,1.4383682525722472,0.3942631352697574,1.03,16.0
max-exp-cap-V k=16.0,30033,1.199273423458453,1.0726038398995916,0.09848202984584528,0.12743816397242352,0.5976819007615432,0.0,-0.42890625000000004,0.60078125,0.0,0.0,2.49999999975,1.4410173535066568,0.41476384674140715,1.03,16.0
max-exp-cap-V k=16.0,30034,1.1081132716373727,0.9911125874891145,0.09003007716373729,0.1098400130833641,0.5011505113256554,0.0,-0.415625,0.5561197916666667,0.0,0.0,2.49999999975,1.28438525426221,0.3901870639378614,1.03,16.0
max-exp-cap-V k=16.0,30035,1.118803192274521,0.9988569887944612,0.09319542339411876,0.13172791385738591,0.6054013012762475,0.0,-0.3736979166666667,0.54140625,0.0,0.0,2.49999999975,1.337650538925848,0.4525855473152152,1.03,16.0
max-exp-cap-V k=16.0,30036,1.1216883319562314,1.0016697296937047,0.09092534361228981,0.12471637292661478,0.598573317882544,0.0,-0.42486979166666666,0.6615885416666667,0.0,0.0,2.4999999997500004,1.339896103640126,0.44673114300160016,1.03,16.0
max-exp-cap-V k=16.0,30037,1.1229299791283607,1.004462261092577,0.09244273749616941,0.11753776772397265,0.5528878776265191,0.0,-0.39700520833333336,0.559765625,0.0,0.0,2.49999999975,1.3437585544598754,0.4114488244867418,1.03,16.0
max-exp-cap-V k=16.0,30038,1.0382939683096057,0.9261149192847401,0.08802210516429392,0.12124463429823434,0.5437880240108325,0.0,-0.31614583333333335,0.4239583333333333,0.0,0.0,2.49999999975,1.3170024444668234,0.4128982647644061,1.03,16.0
max-exp-cap-V k=16.0,30039,1.0859931681395694,0.969052165778465,0.08559801473062359,0.12408762934373067,0.6016425756239987,0.0,-0.46002604166666666,0.777734375,0.0,0.0,2.4999999997499995,1.326096535266656,0.4536944028007873,1.03,16.0
max-exp-cap-V k=16.0,30040,1.1871722615722986,1.0642726984524784,0.09805967407389651,0.12141761635277018,0.5930484019383666,0.0,-0.4131510416666666,0.7083333333333333,0.0,0.0,2.4999999997500004,1.529931924008324,0.3876305818788444,1.03,16.0
max-exp-cap-V k=16.0,30041,1.140254353563622,1.0189459773553795,0.0958288207730289,0.12382297629696448,0.5711478655289584,0.0,-0.36393229166666663,0.516015625,0.0,0.0,2.49999999975,1.3829240970456593,0.41300015434621573,1.03,16.0
max-exp-cap-V k=16.0,30042,1.2014470780328523,1.0763063555114687,0.0945652807199519,0.11949049196771258,0.6104943597396759,0.0,-0.5115885416666667,0.9247395833333334,0.0,0.0,2.49999999975,1.4052421923505818,0.43444067012995646,1.03,16.0
max-exp-cap-V k=16.0,30043,1.1617690397978824,1.038596540176105,0.09517429981312156,0.12174846771443613,0.5826072071131712,0.0,-0.4200520833333333,0.673046875,0.0,0.0,2.49999999975,1.2902749405814098,0.4515372567420731,1.03,16.0
max-exp-cap-V k=16.0,30044,1.06639317581529,0.9529068820772405,0.08951692174819569,0.11890740887967306,0.5220380274888348,0.0,-0.34244791666666674,0.433203125,0.0,0.0,2.49999999975,1.3029947987846613,0.40064475159513596,1.03,16.0
max-exp-cap-V k=16.0,30045,1.090399536652975,0.9736485053088786,0.09246443283196415,0.12077749946143672,0.5401635474255714,0.0,-0.3315104166666667,0.4278645833333333,0.0,0.0,2.49999999975,1.3988329836450433,0.38615299591951785,1.03,16.0
max-exp-cap-V k=16.0,30046,1.1265455039246632,1.007322046447904,0.092192310809133,0.12292141304358249,0.5858297011829591,0.0,-0.4092447916666667,0.6720052083333332,0.0,0.0,2.49999999975,1.3396863217695218,0.43728870830685734,1.03,16.0
max-exp-cap-V k=16.0,30047,1.181768049176957,1.0564885399964072,0.0959176903343624,0.12625398503485089,0.5907544118562328,0.0,-0.4451822916666667,0.6520833333333333,0.0,0.0,2.49999999975,1.3941671608147512,0.4237328409822793,1.03,16.0
max-exp-cap-V k=16.0,30048,1.0752110595078634,0.9586837065135603,0.08606928303411968,0.12452422204983092,0.5818111028080989,0.0,-0.4290364583333333,0.6059895833333333,0.0,0.0,2.49999999975,1.2466102522607412,0.4667145178318389,1.03,16.0
max-exp-cap-V k=16.0,30049,1.129819854140823,1.0116394486273088,0.09197287083074898,0.1246721253901827,0.5895742208894708,0.0,-0.4201822916666667,0.6598958333333332,0.0,0.0,2.49999999975,1.3830392490112997,0.42628885717519777,1.03,16.0
max-exp-cap-V k=0.0,30000,1.066332550263101,0.9575368512639926,0.10066971335964345,0.1276961988039179,0.5897000128342884,0.0,-0.11927083333333334,0.13763020833333334,0.0,0.0,2.49999999975,1.5064400452872135,0.39145269317495995,1.04,0.0
max-exp-cap-V k=0.0,30001,1.0551309124922947,0.9486557575342633,0.09996621624922948,0.11818953374088288,0.5524869181874273,0.0,-0.1109375,0.128125,0.0,0.0,2.49999999975,1.5414201287633102,0.35842721129552824,1.04,0.0
max-exp-cap-V k=0.0,30002,1.041997306118187,0.9341304631107208,0.09889374102848537,0.1204911020287024,0.5679497109939539,0.0,-0.10611979166666666,0.12578125,0.0,0.0,2.49999999975,1.4633874616972342,0.38810617547265763,1.04,0.0
max-exp-cap-V k=0.0,30003,1.0383661227127163,0.9328029970629685,0.09944208102127164,0.1258165300553527,0.5768138466464183,0.0,-0.087890625,0.09479166666666666,0.0,0.0,2.49999999975,1.4664744144230264,0.39333372677583434,1.04,0.0
max-exp-cap-V k=0.0,30004,1.0079067870076353,0.9040771021769224,0.09716437661743019,0.1226381960628691,0.5644774677588825,0.0,-0.07252604166666667,0.08046875,0.0,0.0,2.49999999975,1.49494351075862,0.37759116896158457,1.04,0.0
max-exp-cap-V k=0.0,30005,1.0077886312545101,0.9062353868687216,0.09980881104211767,0.12718053312483174,0.5587969746378862,0.0,-0.019401041666666667,0.019401041666666667,0.0,0.0,2.49999999975,1.5280952189968098,0.3656820384561735,1.04,0.0
max-exp-cap-V k=0.0,30006,1.0097908378211613,0.9053504718647222,0.09456632336544946,0.10396487838399562,0.4962342140997789,0.0,-0.12825520833333331,0.166796875,0.0,0.0,2.49999999975,1.4919454428693641,0.3326088205647809,1.04,0.0
max-exp-cap-V k=0.0,30007,1.0099713652717917,0.9032443853106784,0.09464948027717916,0.12108659055297234,0.5821903215971533,0.0,-0.126953125,0.16588541666666667,0.0,0.0,2.49999999975,1.4192180251667,0.410219086337189,1.04,0.0
max-exp-cap-V k=0.0,30008,1.0186970587057906,0.9119808351243205,0.09558064337057906,0.12397491387472036,0.5863974619539831,0.0,-0.12578125,0.15221354166666667,0.0,0.0,2.49999999975,1.4730538748740418,0.39808283454950005,1.04,0.0
max-exp-cap-V k=0.0,30009,1.0099399023673246,0.9073258974919067,0.09831820898673246,0.12534537781593927,0.5651550223567156,0.0,-0.053515625,0.05559895833333333,0.0,0.0,2.4999999997499995,1.4849957272430707,0.3805768676560027,1.04,0.0
max-exp-cap-V k=0.0,30010,1.002294218517418,0.898433649637485,0.09659660935174177,0.12499829994398926,0.5721846359369666,0.0,-0.07265625,0.079296875,0.0,0.0,2.49999999975,1.4496948496324118,0.39469315634393753,1.04,0.0
max-exp-cap-V k=0.0,30011,1.0405218671171226,0.9360919378800842,0.10202744712837894,0.12309368967526754,0.546276978398304,0.0,-0.04049479166666667,0.04049479166666667,0.0,0.0,2.49999999975,1.4886255258212753,0.36696735943508885,1.04,0.0
max-exp-cap-V k=0.0,30012,0.9862172199497646,0.8856818516318862,0.09453318032830979,0.11138954814805958,0.513653807549782,0.0,-0.08177083333333333,0.0921875,0.0,0.0,2.49999999975,1.4743145174713694,0.3484017836511312,1.04,0.0
max-exp-cap-V k=0.0,30013,1.0366821834088995,0.9300392812957373,0.09898722875755664,0.1189662141273024,0.5596668225392732,0.0,-0.09361979166666667,0.11458333333333334,0.0,0.0,2.49999999975,1.513852490028977,0.36969706508760347,1.04,0.0
max-exp-cap-V k=0.0,30014,1.0278433569151098,0.920496054563735,0.09908641902484433,0.12330681207716106,0.5642930199475309,0.0,-0.07395833333333333,0.079296875,0.0,0.0,2.49999999975,1.492720791777887,0.37802985196946076,1.04,0.0
max-exp-cap-V k=0.0,30015,1.019755300150894,0.9121969720710736,0.0962138112650894,0.12600936724675255,0.59666238878081,0.0,-0.115234375,0.13919270833333333,0.0,0.0,2.49999999975,1.4963424223220672,0.3987472251537801,1.04,0.0
max-exp-cap-V k=0.0,30016,1.0775156153545673,0.9672288815750036,0.1027776032021234,0.12518634475341692,0.5859653422352185,0.0,-0.09947916666666665,0.11523437499999999,0.0,0.0,2.49999999975,1.520657543021315,0.38533682019621235,1.04,0.0
max-exp-cap-V k=0.0,30017,1.03215027542318,0.9237959787198987,0.09624888170898466,0.12231530115015328,0.5957205362876457,0.0,-0.13932291666666666,0.201171875,0.0,0.0,2.49999999975,1.4937871596300354,0.3987988064077262,1.04,0.0
max-exp-cap-V k=0.0,30018,1.0207361297951663,0.9166019887795992,0.09902022756284994,0.11372748409295756,0.5184700441716259,0.0,-0.06106770833333333,0.066015625,0.0,0.0,2.4999999997499995,1.4958657340539219,0.3466019926578093,1.04,0.0
max-exp-cap-V k=0.0,30019,0.9784516099417959,0.8781688115783159,0.09670583807751293,0.11915557166005873,0.5265173382598064,0.0,-0.022786458333333336,0.023046875,0.0,0.0,2.49999999975,1.4825245825787263,0.35514914521280583,1.04,0.0
max-exp-cap-V k=0.0,30020,1.070238059975124,0.9619687469675284,0.10072823308084573,0.11448455061761321,0.5432000024603348,0.0,-0.12591145833333334,0.15885416666666669,0.0,0.0,2.49999999975,1.521685897750909,0.35697248904205425,1.04,0.0
max-exp-cap-V k=0.0,30021,1.0143973086499039,0.9090904487344558,0.09677827253165705,0.12234579471082312,0.55910800346123,0.0,-0.09322916666666667,0.10260416666666666,0.0,0.0,2.49999999975,1.4726302945519123,0.3796662377038453,1.04,0.0
max-exp-cap-V k=0.0,30022,1.0118260326640245,0.9050781350900263,0.09486749909973577,0.12956375718270524,0.6231252738636868,0.0,-0.12630208333333334,0.16614583333333333,0.0,0.0,2.49999999975,1.446031048688528,0.4309210887475948,1.04,0.0
max-exp-cap-V k=0.0,30023,1.0029496673187484,0.9018623835997388,0.09683793548187483,0.12098901317297628,0.554220843521719,0.0,-0.069140625,0.07434895833333333,0.0,0.0,2.49999999975,1.504177991389335,0.3684542964292494,1.04,0.0
max-exp-cap-V k=0.0,30024,1.0060545696655763,0.9033079996489279,0.09751300904989095,0.12440280019125646,0.569140873402197,0.0,-0.06184895833333333,0.06666666666666667,0.0,0.0,2.49999999975,1.4968878857143118,0.38021609957154817,1.04,0.0
max-exp-cap-V k=0.0,30025,1.0002626425684094,0.8966454658759362,0.0943101184235076,0.12223272869468582,0.5782887461513546,0.0,-0.11432291666666666,0.15065104166666665,0.0,0.0,2.49999999975,1.4729478722741818,0.39260638956523036,1.04,0.0
max-exp-cap-V k=0.0,30026,1.0497390471864485,0.9426227888402547,0.10065098805197818,0.12219982875927017,0.5698988169075837,0.0,-0.08645833333333333,0.10325520833333333,0.0,0.0,2.4999999997500004,1.4988548285128407,0.38022282483023095,1.04,0.0
max-exp-cap-V k=0.0,30027,1.047010629075504,0.9388137033131331,0.09817762540755039,0.12472084618716771,0.5914135603510285,0.0,-0.13046875000000002,0.16432291666666665,0.0,0.0,2.49999999975,1.4837596089732787,0.39859122513806033,1.04,0.0
max-exp-cap-V k=0.0,30028,1.0106192178715072,0.9040321871866368,0.09433666137048406,0.1296418890162357,0.6311019914612062,0.0,-0.13450520833333335,0.18398437499999998,0.0,0.0,2.49999999975,1.5031164162780835,0.4198623503985798,1.04,0.0
max-exp-cap-V k=0.0,30029,1.0449783885353492,0.938943215869513,0.09894445343686827,0.11667281071407949,0.5491708032881525,0.0,-0.11106770833333333,0.13684895833333333,0.0,0.0,2.49999999975,1.4938625117646998,0.3676180364412633,1.04,0.0
max-exp-cap-V k=0.0,30030,0.9615563368283002,0.8605585620048966,0.09390302951616336,0.12310295432275231,0.555721812004188,0.0,-0.04505208333333333,0.046484374999999994,0.0,0.0,2.4999999997500004,1.4220624018710484,0.39078581310708227,1.04,0.0
max-exp-cap-V k=0.0,30031,1.0412487180466674,0.9327633723423784,0.09808320513800008,0.12641411278301196,0.6006872634197398,0.0,-0.12083333333333335,0.14544270833333334,0.0,0.0,2.49999999975,1.5069086937916296,0.3986222031198931,1.04,0.0
max-exp-cap-V k=0.0,30032,1.031183693382576,0.9251954719985587,0.09837878600492425,0.12187581517517904,0.5670955769316165,0.0,-0.09479166666666666,0.10768229166666667,0.0,0.0,2.49999999975,1.5695866245010224,0.3613025035250274,1.04,0.0
max-exp-cap-V k=0.0,30033,1.0454643218696913,0.9370625359773479,0.09966361968696913,0.12743816397242352,0.5976819007615432,0.0,-0.09765625,0.11627604166666666,0.0,0.0,2.49999999975,1.424204598916956,0.41966013957268045,1.04,0.0
max-exp-cap-V k=0.0,30034,1.0129724891491525,0.9094563906624571,0.09756678016491524,0.11087996772113377,0.5058953559760125,0.0,-0.074609375,0.08020833333333333,0.0,0.0,2.4999999997499995,1.4879480261682148,0.33999531373337116,1.04,0.0
max-exp-cap-V k=0.0,30035,1.0261104555518954,0.9200994698288033,0.09862667055518953,0.13172791385738591,0.6054013012762475,0.0,-0.0796875,0.08697916666666666,0.0,0.0,2.49999999975,1.4380434484406077,0.42098957575498525,1.04,0.0
max-exp-cap-V k=0.0,30036,1.0338590461103756,0.9264150311703746,0.09742236294437087,0.12471637292661478,0.598573317882544,0.0,-0.11927083333333331,0.15494791666666666,0.0,0.0,2.49999999975,1.4718874959252606,0.40667056384378597,1.04,0.0
max-exp-cap-V k=0.0,30037,0.9987775470964705,0.8961282953237298,0.09569806720964705,0.11753776772397265,0.5528878776265191,0.0,-0.08359375,0.10091145833333334,0.0,0.0,2.49999999975,1.434394345558972,0.3854504023515675,1.04,0.0
max-exp-cap-V k=0.0,30038,0.9948213180070278,0.8940770900685462,0.09731416305070277,0.12124463429823434,0.5437880240108325,0.0,-0.043359375,0.044140625,0.0,0.0,2.49999999975,1.5133299005896137,0.35933210848405583,1.04,0.0
max-exp-cap-V k=0.0,30039,1.0698300313631393,0.9597551364111347,0.09904029480298059,0.12408762934373067,0.6016425756239987,0.0,-0.15885416666666666,0.20651041666666664,0.0,0.0,2.49999999975,1.5420956091775526,0.3901460921381349,1.04,0.0
max-exp-cap-V k=0.0,30040,1.056543788019342,0.9483208972441197,0.09865568088526754,0.12141761635277018,0.5930484019383666,0.0,-0.13997395833333331,0.19283854166666667,0.0,0.0,2.49999999975,1.5133559978822049,0.39187633495904495,1.04,0.0
max-exp-cap-V k=0.0,30041,1.0253333634272581,0.9193898703504491,0.09845781550939248,0.12382297629696448,0.5711478655289584,0.0,-0.08151041666666667,0.08919270833333334,0.0,0.0,2.49999999975,1.5258169821285186,0.3743226561367836,1.04,0.0
max-exp-cap-V k=0.0,30042,1.0771129108742898,0.965709002874531,0.09909149942076231,0.11949049196771258,0.6104943597396759,0.0,-0.17239583333333333,0.29401041666666666,0.0,0.0,2.49999999975,1.541592298005893,0.39601544489381085,1.04,0.0
max-exp-cap-V k=0.0,30043,1.0568133202023642,0.9464981954465151,0.09978289452023643,0.12191879415049484,0.5834222761737728,0.0,-0.11796875,0.15078124999999998,0.0,0.0,2.4999999997499995,1.476067319607912,0.39525451747603724,1.04,0.0
max-exp-cap-V k=0.0,30044,0.9783868716136341,0.8787800796681355,0.09657566632803008,0.11890740887967306,0.5220380274888348,0.0,-0.025260416666666667,0.025651041666666666,0.0,0.0,2.49999999975,1.4526525847966734,0.3593688077606691,1.04,0.0
max-exp-cap-V k=0.0,30045,1.0196746690068212,0.916153727182418,0.09963673773401545,0.12077749946143672,0.5401635474255714,0.0,-0.046614583333333334,0.047526041666666664,0.0,0.0,2.49999999975,1.5223362217340461,0.354825392520903,1.04,0.0
max-exp-cap-V k=0.0,30046,1.045536781002068,0.9380509997563855,0.09803024060020679,0.12302559404194337,0.5863262161645844,0.0,-0.13046875000000002,0.16822916666666665,0.0,0.0,2.49999999975,1.5041051119155093,0.3898173149733436,1.04,0.0
max-exp-cap-V k=0.0,30047,1.0482207453890262,0.9395416238352944,0.09910592870556931,0.12625398503485089,0.5907544118562328,0.0,-0.11432291666666666,0.13124999999999998,0.0,0.0,2.49999999975,1.5036536796147062,0.3928793045002269,1.04,0.0
max-exp-cap-V k=0.0,30048,1.0512166885191059,0.9435649360651233,0.1007466688519106,0.12452422204983092,0.5818111028080989,0.0,-0.08750000000000001,0.10234375000000001,0.0,0.0,2.4999999997499995,1.4745537528258335,0.39456757794900094,1.04,0.0
max-exp-cap-V k=0.0,30049,1.0283162344770356,0.9236631894550499,0.09746052969770355,0.1246721253901827,0.5895742208894708,0.0,-0.107421875,0.13268229166666667,0.0,0.0,2.4999999997499995,1.4822630791743396,0.39775275332222365,1.04,0.0
max-exp-cap-V k=0.25,30000,1.0672440085964345,0.958317938169557,0.10066971335964345,0.1276961988039179,0.5897000128342884,0.0,-0.12109375,0.13763020833333334,0.0,0.0,2.4999999997500004,1.4805167760003266,0.39830687662140907,1.04,0.25
max-exp-cap-V k=0.25,30001,1.055515775826741,0.9489810675354932,0.09996564008267411,0.11818377207532925,0.5524599847970958,0.0,-0.11171874999999999,0.128125,0.0,0.0,2.49999999975,1.540109692801118,0.35871469894608193,1.04,0.25
max-exp-cap-V k=0.25,30002,1.0432993894515203,0.935221610997756,0.09889374102848537,0.1204911020287024,0.5679497109939539,0.0,-0.10872395833333334,0.12578125,0.0,0.0,2.4999999997500004,1.4504130707616103,0.3915779045590951,1.04,0.25
max-exp-cap-V k=0.25,30003,1.0384963310460498,0.9329126657338482,0.09944208102127164,0.1258165300553527,0.5768138466464183,0.0,-0.08815104166666667,0.09479166666666666,0.0,0.0,2.49999999975,1.4442358938408852,0.3993903275124993,1.04,0.25
max-exp-cap-V k=0.25,30004,1.0081020995076353,0.9042399435367134,0.09716437661743019,0.1226381960628691,0.5644774677588825,0.0,-0.07291666666666666,0.08046875,0.0,0.0,2.49999999975,1.4668547615110556,0.38482164872096514,1.04,0.25
max-exp-cap-V k=0.25,30005,1.0077886312545101,0.9062353868687216,0.09980881104211767,0.12718053312483174,0.5587969746378862,0.0,-0.019401041666666667,0.019401041666666667,0.0,0.0,2.49999999975,1.5280952189968098,0.3656820384561735,1.04,0.25
max-exp-cap-V k=0.25,30006,1.0131762544878278,0.9082007947581132,0.09456632336544946,0.10396487838399562,0.4962342140997789,0.0,-0.13502604166666665,0.166796875,0.0,0.0,2.49999999975,1.4855424150226533,0.3340424407149706,1.04,0.25
max-exp-cap-V k=0.25,30007,1.0143168716147641,0.9068928279675476,0.09458272882814309,0.12109694116087956,0.5822400878323634,0.0,-0.13697916666666665,0.16588541666666667,0.0,0.0,2.49999999975,1.4240827597913364,0.4088527045420282,1.04,0.25
max-exp-cap-V k=0.25,30008,1.0214549755414886,0.9143010590107131,0.09558299755414887,0.12397491387472036,0.5863974619539831,0.0,-0.13125,0.15221354166666667,0.0,0.0,2.49999999975,1.4652831462839253,0.40019395803543756,1.04,0.25
max-exp-cap-V k=0.25,30009,1.0099399023673246,0.9073258974919067,0.09831820898673246,0.12534537781593927,0.5651550223567156,0.0,-0.053515625,0.05559895833333333,0.0,0.0,2.4999999997499995,1.4849957272430707,0.3805768676560027,1.04,0.25
max-exp-cap-V k=0.25,30010,1.0023593226840846,0.8984879300907486,0.09659660935174177,0.12499829994398926,0.5721846359369666,0.0,-0.07278645833333333,0.079296875,0.0,0.0,2.49999999975,1.4268240125598308,0.4010197690116133,1.04,0.25
max-exp-cap-V k=0.25,30011,1.0405218671171226,0.9360919378800842,0.10202744712837894,0.12309368967526754,0.546276978398304,0.0,-0.04049479166666667,0.04049479166666667,0.0,0.0,2.49999999975,1.4886255258212753,0.36696735943508885,1.04,0.25
max-exp-cap-V k=0.25,30012,0.9862958182286172,0.8857473827709867,0.09452801932286173,0.11133793809357885,0.5134158166302332,0.0,-0.08203125,0.0921875,0.0,0.0,2.49999999975,1.4617741591855489,0.35122786471768735,1.04,0.25
max-exp-cap-V k=0.25,30013,1.038505100075566,0.9315613495158251,0.09898722875755664,0.1189662141273024,0.5596668225392732,0.0,-0.097265625,0.11458333333333334,0.0,0.0,2.49999999975,1.530290186038901,0.36572594377537626,1.04,0.25
max-exp-cap-V k=0.25,30014,1.0279735652484432,0.9206046154702623,0.09908641902484433,0.12330681207716106,0.5642930199475309,0.0,-0.07421875,0.079296875,0.0,0.0,2.49999999975,1.509830715019242,0.37374588709459344,1.04,0.25
max-exp-cap-V k=0.25,30015,1.0220339459842274,0.914112296636235,0.0962138112650894,0.12600936724675255,0.59666238878081,0.0,-0.11979166666666666,0.13919270833333333,0.0,0.0,2.49999999975,1.5311100823862187,0.3896926783023452,1.04,0.25
max-exp-cap-V k=0.25,30016,1.078155690244485,0.9677647581107731,0.10278301694111518,0.12524048214333489,0.586218745545887,0.0,-0.10065104166666666,0.11523437499999999,0.0,0.0,2.49999999975,1.5413232637917567,0.3803347158361513,1.04,0.25
max-exp-cap-V k=0.25,30017,1.0367832909293662,0.9276834095795248,0.0962369228429366,0.12231530115015328,0.5957205362876457,0.0,-0.14882812499999998,0.201171875,0.0,0.0,2.49999999975,1.475212368684459,0.4038201881529015,1.04,0.25
max-exp-cap-V k=0.25,30018,1.0207361297951663,0.9166019887795992,0.09902022756284994,0.11372748409295756,0.5184700441716259,0.0,-0.06106770833333333,0.066015625,0.0,0.0,2.4999999997499995,1.4958657340539219,0.3466019926578093,1.04,0.25
max-exp-cap-V k=0.25,30019,0.9784516099417959,0.8781688115783159,0.09670583807751293,0.11915557166005873,0.5265173382598064,0.0,-0.022786458333333336,0.023046875,0.0,0.0,2.49999999975,1.4825245825787263,0.35514914521280583,1.04,0.25
max-exp-cap-V k=0.25,30020,1.071426924378483,0.9629643910607144,0.10072342160451497,0.11443643585430553,0.5429717101763007,0.0,-0.12838541666666664,0.15885416666666669,0.0,0.0,2.49999999975,1.4923386443720827,0.3638394758615675,1.04,0.25
max-exp-cap-V k=0.25,30021,1.0147961083599377,0.9094296162937842,0.09677909000266043,0.1223539694208569,0.5591453610656877,0.0,-0.09401041666666667,0.10260416666666666,0.0,0.0,2.49999999975,1.4749275276387233,0.37910022735886434,1.04,0.25
max-exp-cap-V k=0.25,30022,1.0148024716811048,0.9075891940334457,0.09486566383477715,0.12956375718270524,0.6231252738636868,0.0,-0.1322916666666667,0.16614583333333333,0.0,0.0,2.49999999975,1.4386451898615764,0.4331333940119333,1.04,0.25
max-exp-cap-V k=0.25,30023,1.002959066861902,0.9018702204478082,0.0968388754361902,0.12099841271612996,0.5542639005117608,0.0,-0.069140625,0.07434895833333333,0.0,0.0,2.49999999975,1.51398372813311,0.36609633922236556,1.04,0.25
max-exp-cap-V k=0.25,30024,1.0060545696655763,0.9033079996489279,0.09751300904989095,0.12440280019125646,0.569140873402197,0.0,-0.06184895833333333,0.06666666666666667,0.0,0.0,2.49999999975,1.4968878857143118,0.38021609957154817,1.04,0.25
max-exp-cap-V k=0.25,30025,1.0031831630842476,0.8991071427019061,0.09432222255842478,0.12235377004385753,0.5788613984253607,0.0,-0.119921875,0.15065104166666665,0.0,0.0,2.49999999975,1.4885898355084646,0.3888656126874844,1.04,0.25
max-exp-cap-V k=0.25,30026,1.0510162530448421,0.9436960951845729,0.1006485003044842,0.12219982875927017,0.5698988169075837,0.0,-0.0890625,0.10325520833333333,0.0,0.0,2.4999999997500004,1.48935893138176,0.382647060355597,1.04,0.25
max-exp-cap-V k=0.25,30027,1.050333203709413,0.9416216794486376,0.09817785162094131,0.12472084618716771,0.5914135603510285,0.0,-0.137109375,0.16432291666666665,0.0,0.0,2.49999999975,1.4900586137326877,0.3969062390569332,1.04,0.25
max-exp-cap-V k=0.25,30028,1.0150920820187563,0.9077944674430223,0.09434774986854229,0.1296418890162357,0.6311019914612062,0.0,-0.14322916666666669,0.18398437499999998,0.0,0.0,2.49999999975,1.5240082806692106,0.41410666822891645,1.04,0.25
max-exp-cap-V k=0.25,30029,1.0456273208018545,0.9394853335668452,0.09892471124685213,0.11667281071407949,0.5491708032881525,0.0,-0.11276041666666667,0.13684895833333333,0.0,0.0,2.49999999975,1.471757489263911,0.3731394657708291,1.04,0.25
max-exp-cap-V k=0.25,30030,0.9615563368283002,0.8605585620048966,0.09390302951616336,0.12310295432275231,0.555721812004188,0.0,-0.04505208333333333,0.046484374999999994,0.0,0.0,2.4999999997500004,1.4220624018710484,0.39078581310708227,1.04,0.25
max-exp-cap-V k=0.25,30031,1.0429414327047548,0.9341846393872719,0.09808320577047548,0.12641411278301196,0.6006872634197398,0.0,-0.12421874999999999,0.14544270833333334,0.0,0.0,2.49999999975,1.5132731885407829,0.3969456856623289,1.04,0.25
max-exp-cap-V k=0.25,30032,1.0313139017159092,0.9253051406694384,0.09837878600492425,0.12187581517517904,0.5670955769316165,0.0,-0.09505208333333334,0.10768229166666667,0.0,0.0,2.49999999975,1.5490813683538325,0.36608508017513236,1.04,0.25
max-exp-cap-V k=0.25,30033,1.046896613536358,0.9382633525352628,0.09966361968696913,0.12743816397242352,0.5976819007615432,0.0,-0.10052083333333334,0.11627604166666666,0.0,0.0,2.49999999975,1.4285140824242726,0.4183941258368568,1.04,0.25
max-exp-cap-V k=0.25,30034,1.012880602816947,0.9093797806386105,0.0975575915316947,0.11078808138892832,0.505476120024778,0.0,-0.074609375,0.08020833333333333,0.0,0.0,2.49999999975,1.4699620142743375,0.34387019196160096,1.04,0.25
max-exp-cap-V k=0.25,30035,1.0261351656028839,0.9201193844621183,0.09860961031028839,0.13172791385738591,0.6054013012762475,0.0,-0.080078125,0.08697916666666666,0.0,0.0,2.49999999975,1.4126797002360987,0.4285481706681761,1.04,0.25
max-exp-cap-V k=0.25,30036,1.0352262336103755,0.9275604595106736,0.09742236294437087,0.12471637292661478,0.598573317882544,0.0,-0.12200520833333334,0.15494791666666666,0.0,0.0,2.49999999975,1.4275646496078203,0.41929681997027857,1.04,0.25
max-exp-cap-V k=0.25,30037,1.0005353595964706,0.8975938675618492,0.09569806720964705,0.11753776772397265,0.5528878776265191,0.0,-0.08710937499999999,0.10091145833333334,0.0,0.0,2.49999999975,1.4649223297856304,0.37741787833039997,1.04,0.25
max-exp-cap-V k=0.25,30038,0.9948213180070278,0.8940770900685462,0.09731416305070277,0.12124463429823434,0.5437880240108325,0.0,-0.043359375,0.044140625,0.0,0.0,2.49999999975,1.5133299005896137,0.35933210848405583,1.04,0.25
max-exp-cap-V k=0.25,30039,1.075031034146399,0.964162958751085,0.0990590929979732,0.12408762934373067,0.6016425756239987,0.0,-0.16888020833333334,0.20651041666666664,0.0,0.0,2.49999999975,1.537286728916182,0.3913665318949112,1.04,0.25
max-exp-cap-V k=0.25,30040,1.0602547255193422,0.9514382139538555,0.09865568088526754,0.12141761635277018,0.5930484019383666,0.0,-0.14739583333333334,0.19283854166666667,0.0,0.0,2.49999999975,1.5093654586450218,0.3929123980820088,1.04,0.25
max-exp-cap-V k=0.25,30041,1.0253333634272581,0.9193898703504491,0.09845781550939248,0.12382297629696448,0.5711478655289584,0.0,-0.08151041666666667,0.08919270833333334,0.0,0.0,2.49999999975,1.5258169821285186,0.3743226561367836,1.04,0.25
max-exp-cap-V k=0.25,30042,1.082321244207623,0.9701072352098377,0.09909149942076231,0.11949049196771258,0.6104943597396759,0.0,-0.1828125,0.29401041666666666,0.0,0.0,2.49999999975,1.505868264393284,0.4054102036512768,1.04,0.25
max-exp-cap-V k=0.25,30043,1.0592221743690309,0.9485143265677376,0.09978289452023643,0.12191879415049484,0.5834222761737728,0.0,-0.12278645833333333,0.15078124999999998,0.0,0.0,2.49999999975,1.483055818649049,0.39339198756876603,1.04,0.25
max-exp-cap-V k=0.25,30044,0.9783868716136341,0.8787800796681355,0.09657566632803008,0.11890740887967306,0.5220380274888348,0.0,-0.025260416666666667,0.025651041666666666,0.0,0.0,2.49999999975,1.4526525847966734,0.3593688077606691,1.04,0.25
max-exp-cap-V k=0.25,30045,1.0196746690068212,0.916153727182418,0.09963673773401545,0.12077749946143672,0.5401635474255714,0.0,-0.046614583333333334,0.047526041666666664,0.0,0.0,2.49999999975,1.5223362217340461,0.354825392520903,1.04,0.25
max-exp-cap-V k=0.25,30046,1.0481409476687347,0.9402377265878652,0.09803024060020679,0.12302559404194337,0.5863262161645844,0.0,-0.13567708333333334,0.16822916666666665,0.0,0.0,2.49999999975,1.5318606453519656,0.3827542785589795,1.04,0.25
max-exp-cap-V k=0.25,30047,1.04940751270898,0.9405438310199888,0.09910741793756467,0.12625398503485089,0.5907544118562328,0.0,-0.11666666666666667,0.13124999999999998,0.0,0.0,2.49999999975,1.4911447702679157,0.39617508885478053,1.04,0.25
max-exp-cap-V k=0.25,30048,1.051997938519106,0.9442163015042874,0.1007466688519106,0.12452422204983092,0.5818111028080989,0.0,-0.08906250000000002,0.10234375000000001,0.0,0.0,2.49999999975,1.4858489932248744,0.3915681239890609,1.04,0.25
max-exp-cap-V k=0.25,30049,1.0302001205206426,0.9252343004563017,0.09745360580206427,0.1246721253901827,0.5895742208894708,0.0,-0.111328125,0.13268229166666667,0.0,0.0,2.49999999975,1.5102121002729914,0.3903916680199405,1.04,0.25
max-exp-cap-V k=0.5,30000,1.068090362763101,0.9590492887164458,0.10066971335964345,0.1276961988039179,0.5897000128342884,0.0,-0.12278645833333333,0.13763020833333334,0.0,0.0,2.49999999975,1.5037032782754536,0.3921651441171262,1.04,0.5
max-exp-cap-V k=0.5,30001,1.0557016190150006,0.9491393371708686,0.09996469315150006,0.11817430276358871,0.552415719702757,0.0,-0.112109375,0.128125,0.0,0.0,2.49999999975,1.5379559880213203,0.3591882498623875,1.04,0.5
max-exp-cap-V k=0.5,30002,1.0440155352848537,0.9358242348054181,0.09889374102848537,0.1204911020287024,0.5679497109939539,0.0,-0.11015625,0.12578125,0.0,0.0,2.49999999975,1.4825409266719891,0.3830920959928496,1.04,0.5
max-exp-cap-V k=0.5,30003,1.0384963310460498,0.9329126657338482,0.09944208102127164,0.1258165300553527,0.5768138466464183,0.0,-0.08815104166666667,0.09479166666666666,0.0,0.0,2.49999999975,1.4420173862095702,0.4000047795280807,1.04,0.5
max-exp-cap-V k=0.5,30004,1.0081020995076353,0.9042399435367134,0.09716437661743019,0.1226381960628691,0.5644774677588825,0.0,-0.07291666666666666,0.08046875,0.0,0.0,2.49999999975,1.4588096178559256,0.386943889627297,1.04,0.5
max-exp-cap-V k=0.5,30005,1.0077886312545101,0.9062353868687216,0.09980881104211767,0.12718053312483174,0.5587969746378862,0.0,-0.019401041666666667,0.019401041666666667,0.0,0.0,2.49999999975,1.5280952189968098,0.3656820384561735,1.04,0.5
max-exp-cap-V k=0.5,30006,1.0148689628211613,0.9096466307048128,0.09456632336544946,0.10396487838399562,0.4962342140997789,0.0,-0.13841145833333335,0.166796875,0.0,0.0,2.4999999997499995,1.4246582028213908,0.34831808297389333,1.04,0.5
max-exp-cap-V k=0.5,30007,1.0187225033125975,0.9106923838318878,0.09475636491459309,0.12110935147937668,0.5822997572580525,0.0,-0.14231770833333332,0.16588541666666667,0.0,0.0,2.49999999975,1.4299155482262496,0.40722667711416316,1.04,0.5
max-exp-cap-V k=0.5,30008,1.0219288291670552,0.9147034482900918,0.09555225791670552,0.12397491387472036,0.5863974619539831,0.0,-0.1328125,0.15221354166666667,0.0,0.0,2.49999999975,1.4484849457750752,0.40483504068466897,1.04,0.5
max-exp-cap-V k=0.5,30009,1.0099399023673246,0.9073258974919067,0.09831820898673246,0.12534537781593927,0.5651550223567156,0.0,-0.053515625,0.05559895833333333,0.0,0.0,2.4999999997499995,1.4849957272430707,0.3805768676560027,1.04,0.5
max-exp-cap-V k=0.5,30010,1.002489531017418,0.898596490997276,0.09659660935174177,0.12499829994398926,0.5721846359369666,0.0,-0.07304687500000001,0.079296875,0.0,0.0,2.49999999975,1.4229274323987795,0.40211793160272014,1.04,0.5
max-exp-cap-V k=0.5,30011,1.0405218671171226,0.9360919378800842,0.10202744712837894,0.12309368967526754,0.546276978398304,0.0,-0.04049479166666667,0.04049479166666667,0.0,0.0,2.49999999975,1.4886255258212753,0.36696735943508885,1.04,0.5
max-exp-cap-V k=0.5,30012,0.9862050407768905,0.8856716972737577,0.09451894157768904,0.11124716064185207,0.5129972119721269,0.0,-0.08203125,0.0921875,0.0,0.0,2.49999999975,1.4397167949687744,0.35631814101554127,1.04,0.5
max-exp-cap-V k=0.5,30013,1.0387655167422327,0.9317851179149936,0.09898722875755664,0.1189662141273024,0.5596668225392732,0.0,-0.09778645833333333,0.11458333333333334,0.0,0.0,2.4999999997500004,1.5408993765808061,0.3632078973132895,1.04,0.5
max-exp-cap-V k=0.5,30014,1.0279735652484432,0.9206046154702623,0.09908641902484433,0.12330681207716106,0.5642930199475309,0.0,-0.07421875,0.079296875,0.0,0.0,2.49999999975,1.5038539294255449,0.3752312700762663,1.04,0.5
max-exp-cap-V k=0.5,30015,1.0221641543175606,0.9142230730714671,0.0962138112650894,0.12600936724675255,0.59666238878081,0.0,-0.12005208333333332,0.13919270833333333,0.0,0.0,2.4999999997500004,1.5000917052371738,0.3977506086446055,1.04,0.5
max-exp-cap-V k=0.5,30016,1.0777148362952034,0.9673971971171332,0.102738931546187,0.12479962819405316,0.5841552206800125,0.0,-0.10065104166666666,0.11523437499999999,0.0,0.0,2.49999999975,1.481624430604751,0.39426673090263453,1.04,0.5
max-exp-cap-V k=0.5,30017,1.0421252378938997,0.9322207931089206,0.09623075295605663,0.12231530115015328,0.5957205362876457,0.0,-0.15963541666666667,0.201171875,0.0,0.0,2.49999999975,1.4602081003526939,0.4079696148403486,1.04,0.5
max-exp-cap-V k=0.5,30018,1.0207361297951663,0.9166019887795992,0.09902022756284994,0.11372748409295756,0.5184700441716259,0.0,-0.06106770833333333,0.066015625,0.0,0.0,2.4999999997499995,1.4958657340539219,0.3466019926578093,1.04,0.5
max-exp-cap-V k=0.5,30019,0.9784516099417959,0.8781688115783159,0.09670583807751293,0.11915557166005873,0.5265173382598064,0.0,-0.022786458333333336,0.023046875,0.0,0.0,2.49999999975,1.4825245825787263,0.35514914521280583,1.04,0.5
max-exp-cap-V k=0.5,30020,1.0722006598533447,0.9636172456318274,0.10072267015200113,0.11442892132916722,0.5429360556705042,0.0,-0.12994791666666666,0.15885416666666669,0.0,0.0,2.4999999997500004,1.4877552138801828,0.36493641602134547,1.04,0.5
max-exp-cap-V k=0.5,30021,1.0149493017063942,0.9095616011929593,0.09676836767063941,0.12232454374841777,0.5590108886957396,0.0,-0.09453125,0.10260416666666666,0.0,0.0,2.49999999975,1.466658411297023,0.38114593308839007,1.04,0.5
max-exp-cap-V k=0.5,30022,1.0175811262345762,0.9099463885007426,0.09483102929012428,0.12956375718270524,0.6231252738636868,0.0,-0.13854166666666667,0.16614583333333333,0.0,0.0,2.49999999975,1.3639248979068188,0.4568618659428986,1.04,0.5
max-exp-cap-V k=0.5,30023,1.0029521451907721,0.9018644495199937,0.09683818326907723,0.12099149104500023,0.5542321940426236,0.0,-0.069140625,0.07434895833333333,0.0,0.0,2.49999999975,1.5067629426317037,0.3678297218237958,1.04,0.5
max-exp-cap-V k=0.5,30024,1.0060545696655763,0.9033079996489279,0.09751300904989095,0.12440280019125646,0.569140873402197,0.0,-0.06184895833333333,0.06666666666666667,0.0,0.0,2.49999999975,1.4968878857143118,0.38021609957154817,1.04,0.5
max-exp-cap-V k=0.5,30025,1.0048135937477087,0.9005145062049972,0.09429646354143757,0.12209617987398545,0.5776427273055469,0.0,-0.12369791666666669,0.15065104166666665,0.0,0.0,2.49999999975,1.4553019054397691,0.39692295127655486,1.04,0.5
max-exp-cap-V k=0.5,30026,1.0513359886659543,0.9439670066636652,0.10065443219992876,0.12219982875927017,0.5698988169075837,0.0,-0.08958333333333335,0.10325520833333333,0.0,0.0,2.4999999997500004,1.5111034743361378,0.3771408289283123,1.04,0.5
max-exp-cap-V k=0.5,30027,1.0514276809446237,0.9425650634587885,0.09816360142779572,0.12472084618716771,0.5914135603510285,0.0,-0.13958333333333334,0.16432291666666665,0.0,0.0,2.4999999997499995,1.4696103051069436,0.40242883320554246,1.04,0.5
max-exp-cap-V k=0.5,30028,1.0166278034905787,0.9090988999927077,0.09431903034905786,0.1296418890162357,0.6311019914612062,0.0,-0.14687500000000003,0.18398437499999998,0.0,0.0,2.49999999975,1.5135215121452905,0.416975897862642,1.04,0.5
max-exp-cap-V k=0.5,30029,1.0462351962279155,0.9399958449155601,0.09887482170612491,0.11667281071407949,0.5491708032881525,0.0,-0.11497395833333333,0.13684895833333333,0.0,0.0,2.49999999975,1.4206111941762682,0.38657361390608036,1.04,0.5
max-exp-cap-V k=0.5,30030,0.9615563368283002,0.8605585620048966,0.09390302951616336,0.12310295432275231,0.555721812004188,0.0,-0.04505208333333333,0.046484374999999994,0.0,0.0,2.4999999997500004,1.4220624018710484,0.39078581310708227,1.04,0.5
max-exp-cap-V k=0.5,30031,1.0432513076887477,0.9344449462722193,0.09807513076887478,0.12641411278301196,0.6006872634197398,0.0,-0.125,0.14544270833333334,0.0,0.0,2.49999999975,1.4840951057141902,0.40474984460694075,1.04,0.5
max-exp-cap-V k=0.5,30032,1.0313139017159092,0.9253051406694384,0.09837878600492425,0.12187581517517904,0.5670955769316165,0.0,-0.09505208333333334,0.10768229166666667,0.0,0.0,2.49999999975,1.5595011827465521,0.36363908101234194,1.04,0.5
max-exp-cap-V k=0.5,30033,1.0478080718696914,0.9390321409957729,0.09966361968696913,0.12743816397242352,0.5976819007615432,0.0,-0.10234375000000001,0.11627604166666666,0.0,0.0,2.49999999975,1.4418102392692342,0.41453575823159067,1.04,0.5
max-exp-cap-V k=0.5,30034,1.0128743569978298,0.9093745732008989,0.09755696694978298,0.11078183556981117,0.5054476231650605,0.0,-0.074609375,0.08020833333333333,0.0,0.0,2.49999999975,1.4687394453216656,0.34413702496725923,1.04,0.5
max-exp-cap-V k=0.5,30035,1.0262922584271446,0.9202519254637599,0.09859276750938113,0.13172791385738591,0.6054013012762475,0.0,-0.08072916666666666,0.08697916666666666,0.0,0.0,2.49999999975,1.4349846775376696,0.42188694468506277,1.04,0.5
max-exp-cap-V k=0.5,30036,1.0388069627770422,0.9305691474915747,0.09742236294437087,0.12471637292661478,0.598573317882544,0.0,-0.12916666666666665,0.15494791666666666,0.0,0.0,2.49999999975,1.4158419346969975,0.42276846250541655,1.04,0.5
max-exp-cap-V k=0.5,30037,1.0006655679298038,0.8977024284683766,0.09569806720964705,0.11753776772397265,0.5528878776265191,0.0,-0.08736979166666667,0.10091145833333334,0.0,0.0,2.49999999975,1.4517438720757738,0.38084395481964267,1.04,0.5
max-exp-cap-V k=0.5,30038,0.9948213180070278,0.8940770900685462,0.09731416305070277,0.12124463429823434,0.5437880240108325,0.0,-0.043359375,0.044140625,0.0,0.0,2.49999999975,1.5133299005896137,0.35933210848405583,1.04,0.5
max-exp-cap-V k=0.5,30039,1.074938443178677,0.9640708319529927,0.09894566723453437,0.12408762934373067,0.6016425756239987,0.0,-0.17096354166666666,0.20651041666666664,0.0,0.0,2.49999999975,1.502185362446244,0.4005115418274678,1.04,0.5
max-exp-cap-V k=0.5,30040,1.0636401421860089,0.9543109634235221,0.09865568088526754,0.12141761635277018,0.5930484019383666,0.0,-0.15416666666666667,0.19283854166666667,0.0,0.0,2.49999999975,1.5337625951895468,0.3866624494549471,1.04,0.5
max-exp-cap-V k=0.5,30041,1.0253333634272581,0.9193898703504491,0.09845781550939248,0.12382297629696448,0.5711478655289584,0.0,-0.08151041666666667,0.08919270833333334,0.0,0.0,2.49999999975,1.5258169821285186,0.3743226561367836,1.04,0.5
max-exp-cap-V k=0.5,30042,1.0894175983742898,0.97614457815118,0.09909149942076231,0.11949049196771258,0.6104943597396759,0.0,-0.19700520833333335,0.29401041666666666,0.0,0.0,2.49999999975,1.5082830061222814,0.4047611471200128,1.04,0.5
max-exp-cap-V k=0.5,30043,1.0611101952023643,0.9501117227637831,0.09978289452023643,0.12191879415049484,0.5834222761737728,0.0,-0.12656250000000002,0.15078124999999998,0.0,0.0,2.49999999975,1.448920063596632,0.40266008514338103,1.04,0.5
max-exp-cap-V k=0.5,30044,0.9783868716136341,0.8787800796681355,0.09657566632803008,0.11890740887967306,0.5220380274888348,0.0,-0.025260416666666667,0.025651041666666666,0.0,0.0,2.49999999975,1.4526525847966734,0.3593688077606691,1.04,0.5
max-exp-cap-V k=0.5,30045,1.0196746690068212,0.916153727182418,0.09963673773401545,0.12077749946143672,0.5401635474255714,0.0,-0.046614583333333334,0.047526041666666664,0.0,0.0,2.49999999975,1.5223362217340461,0.354825392520903,1.04,0.5
max-exp-cap-V k=0.5,30046,1.049833656002068,0.9416767124815288,0.09803024060020679,0.12302559404194337,0.5863262161645844,0.0,-0.13906249999999998,0.16822916666666665,0.0,0.0,2.49999999975,1.4910765678217937,0.393223412410743,1.04,0.5
max-exp-cap-V k=0.5,30047,1.0494258046757095,0.9405597107433602,0.09910273671757096,0.12625398503485089,0.5907544118562328,0.0,-0.116796875,0.13124999999999998,0.0,0.0,2.49999999975,1.4985833104416517,0.3942085886984354,1.04,0.5
max-exp-cap-V k=0.5,30048,1.0520630426857727,0.9442705819575511,0.1007466688519106,0.12452422204983092,0.5818111028080989,0.0,-0.08919270833333334,0.10234375000000001,0.0,0.0,2.49999999975,1.4784435770991151,0.39352946018385265,1.04,0.5
max-exp-cap-V k=0.5,30049,1.0291613990111412,0.92435664280361,0.09740181698444747,0.1246721253901827,0.5895742208894708,0.0,-0.11028645833333334,0.13268229166666667,0.0,0.0,2.49999999975,1.4599038584731827,0.40384455282286025,1.04,0.5
max-exp-cap-V k=0.75,30000,1.068090362763101,0.9590492887164458,0.10066971335964345,0.1276961988039179,0.5897000128342884,0.0,-0.12278645833333333,0.13763020833333334,0.0,0.0,2.49999999975,1.4896588346049817,0.39586246134717235,1.04,0.75
max-exp-cap-V k=0.75,30001,1.0556999665203124,0.9491379594071205,0.09996452790203125,0.11817265026890064,0.5524079949773213,0.0,-0.112109375,0.128125,0.0,0.0,2.49999999975,1.5375801438411265,0.3592710254421703,1.04,0.75
max-exp-cap-V k=0.75,30002,1.0440155352848537,0.9358242348054181,0.09889374102848537,0.1204911020287024,0.5679497109939539,0.0,-0.11015625,0.12578125,0.0,0.0,2.49999999975,1.482488658208203,0.38310560276420685,1.04,0.75
max-exp-cap-V k=0.75,30003,1.0384963310460498,0.9329126657338482,0.09944208102127164,0.1258165300553527,0.5768138466464183,0.0,-0.08815104166666667,0.09479166666666666,0.0,0.0,2.49999999975,1.4416648499655722,0.4001025943444435,1.04,0.75
max-exp-cap-V k=0.75,30004,1.0081020995076353,0.9042399435367134,0.09716437661743019,0.1226381960628691,0.5644774677588825,0.0,-0.07291666666666666,0.08046875,0.0,0.0,2.49999999975,1.458971250330928,0.3869010219569756,1.04,0.75
max-exp-cap-V k=0.75,30005,1.0077886312545101,0.9062353868687216,0.09980881104211767,0.12718053312483174,0.5587969746378862,0.0,-0.019401041666666667,0.019401041666666667,0.0,0.0,2.49999999975,1.5280952189968098,0.3656820384561735,1.04,0.75
max-exp-cap-V k=0.75,30006,1.0148689628211613,0.9096466307048128,0.09456632336544946,0.10396487838399562,0.4962342140997789,0.0,-0.13841145833333335,0.166796875,0.0,0.0,2.49999999975,1.4218805769101897,0.34899851798954745,1.04,0.75
max-exp-cap-V k=0.75,30007,1.0187951287070622,0.9107529350919965,0.0947571170373729,0.12111687270717461,0.5823359196936326,0.0,-0.14244791666666667,0.16588541666666667,0.0,0.0,2.4999999997500004,1.4334504881656152,0.4062476691740133,1.04,0.75
max-exp-cap-V k=0.75,30008,1.0219369969424288,0.9147105389444432,0.09555307469424287,0.12397491387472036,0.5863974619539831,0.0,-0.1328125,0.15221354166666667,0.0,0.0,2.49999999975,1.438999833493458,0.40750349534814523,1.04,0.75
max-exp-cap-V k=0.75,30009,1.0099399023673246,0.9073258974919067,0.09831820898673246,0.12534537781593927,0.5651550223567156,0.0,-0.053515625,0.05559895833333333,0.0,0.0,2.4999999997499995,1.4849957272430707,0.3805768676560027,1.04,0.75
max-exp-cap-V k=0.75,30010,1.002489531017418,0.898596490997276,0.09659660935174177,0.12499829994398926,0.5721846359369666,0.0,-0.07304687500000001,0.079296875,0.0,0.0,2.49999999975,1.422030655986274,0.4023715195788926,1.04,0.75
max-exp-cap-V k=0.75,30011,1.0405218671171226,0.9360919378800842,0.10202744712837894,0.12309368967526754,0.546276978398304,0.0,-0.04049479166666667,0.04049479166666667,0.0,0.0,2.49999999975,1.4886255258212753,0.36696735943508885,1.04,0.75
max-exp-cap-V k=0.75,30012,0.986203074998717,0.8856700583106047,0.0945187449998717,0.11124519486367859,0.512988147123042,0.0,-0.08203125,0.0921875,0.0,0.0,2.49999999975,1.4392391445796167,0.3564300964541089,1.04,0.75
max-exp-cap-V k=0.75,30013,1.0387655167422327,0.9317851179149936,0.09898722875755664,0.1189662141273024,0.5596668225392732,0.0,-0.09778645833333333,0.11458333333333334,0.0,0.0,2.49999999975,1.5400556567362809,0.3634068808430802,1.04,0.75
max-exp-cap-V k=0.75,30014,1.0279735652484432,0.9206046154702623,0.09908641902484433,0.12330681207716106,0.5642930199475309,0.0,-0.07421875,0.079296875,0.0,0.0,2.49999999975,1.5027186485697475,0.37551475153689734,1.04,0.75
max-exp-cap-V k=0.75,30015,1.0221641543175606,0.9142230730714671,0.0962138112650894,0.12600936724675255,0.59666238878081,0.0,-0.12005208333333332,0.13919270833333333,0.0,0.0,2.49999999975,1.5018391711894041,0.3972878056631552,1.04,0.75
max-exp-cap-V k=0.75,30016,1.0775510003879332,0.9672605992960901,0.10272254795545999,0.1246357922867829,0.583388346595917,0.0,-0.10065104166666666,0.11523437499999999,0.0,0.0,2.49999999975,1.465087705627483,0.3981934626542084,1.04,0.75
max-exp-cap-V k=0.75,30017,1.0417892051639124,0.9319360166522226,0.09621668093305791,0.12231530115015328,0.5957205362876457,0.0,-0.15924479166666666,0.201171875,0.0,0.0,2.49999999975,1.4236232541394813,0.41845378301841024,1.04,0.75
max-exp-cap-V k=0.75,30018,1.0207361297951663,0.9166019887795992,0.09902022756284994,0.11372748409295756,0.5184700441716259,0.0,-0.06106770833333333,0.066015625,0.0,0.0,2.4999999997499995,1.4958657340539219,0.3466019926578093,1.04,0.75
max-exp-cap-V k=0.75,30019,0.9784516099417959,0.8781688115783159,0.09670583807751293,0.11915557166005873,0.5265173382598064,0.0,-0.022786458333333336,0.023046875,0.0,0.0,2.49999999975,1.4825245825787263,0.35514914521280583,1.04,0.75
max-exp-cap-V k=0.75,30020,1.0721783059415406,0.9635986081078858,0.10072043476082071,0.11440656741736305,0.5428299920585887,0.0,-0.12994791666666666,0.15885416666666669,0.0,0.0,2.49999999975,1.4741206063579673,0.36823987787521023,1.04,0.75
max-exp-cap-V k=0.75,30021,1.0149386322279081,0.9095525829409723,0.09676730072279083,0.1223210794594476,0.5589950572428147,0.0,-0.09453125,0.10260416666666666,0.0,0.0,2.4999999997499995,1.4656848869503982,0.38138829309067734,1.04,0.75
max-exp-cap-V k=0.75,30022,1.0175105647897644,0.9098851323088388,0.09483048356230979,0.12956375718270524,0.6231252738636868,0.0,-0.13841145833333335,0.16614583333333333,0.0,0.0,2.49999999975,1.4190379170342777,0.4391181281230238,1.04,0.75
max-exp-cap-V k=0.75,30023,1.0029522470770462,0.9018645344674465,0.09683819345770463,0.12099159293127426,0.5542326607585283,0.0,-0.069140625,0.07434895833333333,0.0,0.0,2.49999999975,1.5068692318378596,0.36780408614658355,1.04,0.75
max-exp-cap-V k=0.75,30024,1.0060545696655763,0.9033079996489279,0.09751300904989095,0.12440280019125646,0.569140873402197,0.0,-0.06184895833333333,0.06666666666666667,0.0,0.0,2.49999999975,1.4968878857143118,0.38021609957154817,1.04,0.75
max-exp-cap-V k=0.75,30025,1.0047587161579326,0.90046875213733,0.09427795494912661,0.1219110939508758,0.5767670771621825,0.0,-0.12395833333333334,0.15065104166666665,0.0,0.0,2.49999999975,1.4313835731982143,0.40294375872533034,1.04,0.75
max-exp-cap-V k=0.75,30026,1.0513349982667326,0.9439661640686298,0.10065433316000658,0.12219982875927017,0.5698988169075837,0.0,-0.08958333333333335,0.10325520833333333,0.0,0.0,2.49999999975,1.5107266629891778,0.3772348968674198,1.04,0.75
max-exp-cap-V k=0.75,30027,1.051492375815282,0.9426189885917368,0.09816356049819489,0.12472084618716771,0.5914135603510285,0.0,-0.13971354166666666,0.16432291666666665,0.0,0.0,2.49999999975,1.4565082832513492,0.40604888221495167,1.04,0.75
max-exp-cap-V k=0.75,30028,1.0166929737544526,0.9091532366790313,0.0943190369587786,0.1296418890162357,0.6311019914612062,0.0,-0.14700520833333336,0.18398437499999998,0.0,0.0,2.4999999997500004,1.5050488906500106,0.41932324948503275,1.04,0.75
max-exp-cap-V k=0.75,30029,1.0462940630239665,0.9400448188445458,0.09887419796906333,0.11667281071407949,0.5491708032881525,0.0,-0.11510416666666667,0.13684895833333333,0.0,0.0,2.49999999975,1.4181761553331902,0.3872373690834823,1.04,0.75
max-exp-cap-V k=0.75,30030,0.9615563368283002,0.8605585620048966,0.09390302951616336,0.12310295432275231,0.555721812004188,0.0,-0.04505208333333333,0.046484374999999994,0.0,0.0,2.4999999997500004,1.4220624018710484,0.39078581310708227,1.04,0.75
max-exp-cap-V k=0.75,30031,1.0432513067654012,0.9344449454866702,0.09807513067654013,0.12641411278301196,0.6006872634197398,0.0,-0.125,0.14544270833333334,0.0,0.0,2.49999999975,1.4731886317385636,0.4077463336863025,1.04,0.75
max-exp-cap-V k=0.75,30032,1.0313139017159092,0.9253051406694384,0.09837878600492425,0.12187581517517904,0.5670955769316165,0.0,-0.09505208333333334,0.10768229166666667,0.0,0.0,2.49999999975,1.5579452556408384,0.36400224903817296,1.04,0.75
max-exp-cap-V k=0.75,30033,1.0478080718696914,0.9390321409957729,0.09966361968696913,0.12743816397242352,0.5976819007615432,0.0,-0.10234375000000001,0.11627604166666666,0.0,0.0,2.49999999975,1.4412569193275873,0.4146949046672326,1.04,0.75
max-exp-cap-V k=0.75,30034,1.0128705608210775,0.9093714081470269,0.09755658733210774,0.1107780393930587,0.5054303029202137,0.0,-0.074609375,0.08020833333333333,0.0,0.0,2.49999999975,1.4679963741969289,0.3442994218543017,1.04,0.75
max-exp-cap-V k=0.75,30035,1.0263603665179235,0.9203098693089332,0.09859306790179236,0.13172791385738591,0.6054013012762475,0.0,-0.08085937500000001,0.08697916666666666,0.0,0.0,2.49999999975,1.4352069950764728,0.42182159322877993,1.04,0.75
max-exp-cap-V k=0.75,30036,1.0389371711103756,0.9306777083981022,0.09742236294437087,0.12471637292661478,0.598573317882544,0.0,-0.1294270833333333,0.15494791666666666,0.0,0.0,2.4999999997500004,1.427186891902974,0.41940780235475805,1.04,0.75
max-exp-cap-V k=0.75,30037,1.0007306720964706,0.8977567089216403,0.09569806720964705,0.11753776772397265,0.5528878776265191,0.0,-0.0875,0.10091145833333334,0.0,0.0,2.49999999975,1.4530411479769,0.3805039371364786,1.04,0.75
max-exp-cap-V k=0.75,30038,0.9948213180070278,0.8940770900685462,0.09731416305070277,0.12124463429823434,0.5437880240108325,0.0,-0.043359375,0.044140625,0.0,0.0,2.49999999975,1.5133299005896137,0.35933210848405583,1.04,0.75
max-exp-cap-V k=0.75,30039,1.0745937495777875,0.9637715476718696,0.09891119787444541,0.12408762934373067,0.6016425756239987,0.0,-0.17096354166666666,0.20651041666666664,0.0,0.0,2.49999999975,1.471104814856697,0.4089732896990116,1.04,0.75
max-exp-cap-V k=0.75,30040,1.0636401421860089,0.9543098556591698,0.09865568088526754,0.12141761635277018,0.5930484019383666,0.0,-0.15416666666666667,0.19283854166666667,0.0,0.0,2.49999999975,1.5349786037866755,0.38635613582844824,1.04,0.75
max-exp-cap-V k=0.75,30041,1.0253333634272581,0.9193898703504491,0.09845781550939248,0.12382297629696448,0.5711478655289584,0.0,-0.08151041666666667,0.08919270833333334,0.0,0.0,2.49999999975,1.5258169821285186,0.3743226561367836,1.04,0.75
max-exp-cap-V k=0.75,30042,1.0913707233742898,0.9777851771569661,0.09909149942076231,0.11949049196771258,0.6104943597396759,0.0,-0.20091145833333332,0.29401041666666666,0.0,0.0,2.49999999975,1.5133644467861471,0.40340207610675066,1.04,0.75
max-exp-cap-V k=0.75,30043,1.0611752993690309,0.9501660032170467,0.09978289452023643,0.12191879415049484,0.5834222761737728,0.0,-0.12669270833333335,0.15078124999999998,0.0,0.0,2.49999999975,1.4536353179798778,0.4013539496168522,1.04,0.75
max-exp-cap-V k=0.75,30044,0.9783868716136341,0.8787800796681355,0.09657566632803008,0.11890740887967306,0.5220380274888348,0.0,-0.025260416666666667,0.025651041666666666,0.0,0.0,2.49999999975,1.4526525847966734,0.3593688077606691,1.04,0.75
max-exp-cap-V k=0.75,30045,1.0196746690068212,0.916153727182418,0.09963673773401545,0.12077749946143672,0.5401635474255714,0.0,-0.046614583333333334,0.047526041666666664,0.0,0.0,2.49999999975,1.5223362217340461,0.354825392520903,1.04,0.75
max-exp-cap-V k=0.75,30046,1.049833656002068,0.9416767124815288,0.09803024060020679,0.12302559404194337,0.5863262161645844,0.0,-0.13906249999999998,0.16822916666666665,0.0,0.0,2.49999999975,1.4979328372736511,0.3914235682500569,1.04,0.75
max-exp-cap-V k=0.75,30047,1.0494267850416088,0.9405605618240293,0.09910283475416089,0.12625398503485089,0.5907544118562328,0.0,-0.116796875,0.13124999999999998,0.0,0.0,2.49999999975,1.4991907968395206,0.3940488516215655,1.04,0.75
max-exp-cap-V k=0.75,30048,1.0520630426857727,0.9442705819575511,0.1007466688519106,0.12452422204983092,0.5818111028080989,0.0,-0.08919270833333334,0.10234375000000001,0.0,0.0,2.49999999975,1.4787317430594122,0.39345277163278086,1.04,0.75
max-exp-cap-V k=0.75,30049,1.0291522027899422,0.92434869633079,0.09740089736232757,0.1246721253901827,0.5895742208894708,0.0,-0.11028645833333334,0.13268229166666667,0.0,0.0,2.49999999975,1.4594366523480007,0.40397383465800996,1.04,0.75
max-exp-cap-V k=1.0,30000,1.068090362763101,0.9590492887164458,0.10066971335964345,0.1276961988039179,0.5897000128342884,0.0,-0.12278645833333333,0.13763020833333334,0.0,0.0,2.49999999975,1.4901464786522618,0.3957329170536529,1.04,1.0
max-exp-cap-V k=1.0,30001,1.0556992707344899,0.949137379297248,0.09996445832344898,0.11817195448307799,0.5524047424679602,0.0,-0.112109375,0.128125,0.0,0.0,2.49999999975,1.5374218939816817,0.3593058903547409,1.04,1.0
max-exp-cap-V k=1.0,30002,1.0440155352848537,0.9358242348054181,0.09889374102848537,0.1204911020287024,0.5679497109939539,0.0,-0.11015625,0.12578125,0.0,0.0,2.49999999975,1.4824827977789552,0.3831071172258133,1.04,1.0
max-exp-cap-V k=1.0,30003,1.0384963310460498,0.9329126657338482,0.09944208102127164,0.1258165300553527,0.5768138466464183,0.0,-0.08815104166666667,0.09479166666666666,0.0,0.0,2.49999999975,1.4414019351948442,0.400175573906418,1.04,1.0
max-exp-cap-V k=1.0,30004,1.0081020995076353,0.9042399435367134,0.09716437661743019,0.1226381960628691,0.5644774677588825,0.0,-0.07291666666666666,0.08046875,0.0,0.0,2.49999999975,1.4591076623172567,0.3868648505775217,1.04,1.0
max-exp-cap-V k=1.0,30005,1.0077886312545101,0.9062353868687216,0.09980881104211767,0.12718053312483174,0.5587969746378862,0.0,-0.019401041666666667,0.019401041666666667,0.0,0.0,2.49999999975,1.5280952189968098,0.3656820384561735,1.04,1.0
max-exp-cap-V k=1.0,30006,1.0148689628211613,0.9096466307048128,0.09456632336544946,0.10396487838399562,0.4962342140997789,0.0,-0.13841145833333335,0.166796875,0.0,0.0,2.4999999997500004,1.4220362834732612,0.3489603042249728,1.04,1.0
max-exp-cap-V k=1.0,30007,1.018795581709256,0.9107533127815618,0.09475716233759228,0.12111732570936845,0.5823380977506059,0.0,-0.14244791666666667,0.16588541666666667,0.0,0.0,2.49999999975,1.4336633969606527,0.4061888578484705,1.04,1.0
max-exp-cap-V k=1.0,30008,1.022004216719552,0.9147677637775149,0.09555328625528851,0.12397491387472036,0.5863974619539831,0.0,-0.13294270833333333,0.15221354166666667,0.0,0.0,2.49999999975,1.4391799960983844,0.40745248234668774,1.04,1.0
max-exp-cap-V k=1.0,30009,1.0099399023673246,0.9073258974919067,0.09831820898673246,0.12534537781593927,0.5651550223567156,0.0,-0.053515625,0.05559895833333333,0.0,0.0,2.4999999997499995,1.4849957272430707,0.3805768676560027,1.04,1.0
max-exp-cap-V k=1.0,30010,1.002489531017418,0.898596490997276,0.09659660935174177,0.12499829994398926,0.5721846359369666,0.0,-0.07304687500000001,0.079296875,0.0,0.0,2.49999999975,1.4213280099410688,0.40257043549060184,1.04,1.0
max-exp-cap-V k=1.0,30011,1.0405218671171226,0.9360919378800842,0.10202744712837894,0.12309368967526754,0.546276978398304,0.0,-0.04049479166666667,0.04049479166666667,0.0,0.0,2.49999999975,1.4886255258212753,0.36696735943508885,1.04,1.0
max-exp-cap-V k=1.0,30012,0.9862037834363251,0.8856706489688752,0.0945188158436325,0.11124590330128675,0.5129914139616357,0.0,-0.08203125,0.0921875,0.0,0.0,2.49999999975,1.4394112827708705,0.35638974079328173,1.04,1.0
max-exp-cap-V k=1.0,30013,1.0387655167422327,0.9317851179149936,0.09898722875755664,0.1189662141273024,0.5596668225392732,0.0,-0.09778645833333333,0.11458333333333334,0.0,0.0,2.49999999975,1.5395667905583788,0.3635222752085281,1.04,1.0
max-exp-cap-V k=1.0,30014,1.0279735652484432,0.9206046154702623,0.09908641902484433,0.12330681207716106,0.5642930199475309,0.0,-0.07421875,0.079296875,0.0,0.0,2.49999999975,1.5018065869329735,0.3757428052702472,1.04,1.0
max-exp-cap-V k=1.0,30015,1.0221641543175606,0.9142230730714671,0.0962138112650894,0.12600936724675255,0.59666238878081,0.0,-0.12005208333333332,0.13919270833333333,0.0,0.0,2.4999999997500004,1.5022697278238522,0.3971739413568023,1.04,1.0
max-exp-cap-V k=1.0,30016,1.0775475590172594,0.9672577300609921,0.10272220381839262,0.12463235091610919,0.5833722384177563,0.0,-0.10065104166666666,0.11523437499999999,0.0,0.0,2.49999999975,1.464740351977586,0.39827689435204644,1.04,1.0
max-exp-cap-V k=1.0,30017,1.0417904814278882,0.9319382102147726,0.09621680855945548,0.12231530115015328,0.5957205362876457,0.0,-0.15924479166666666,0.201171875,0.0,0.0,2.49999999975,1.3977942577480968,0.42618613789941845,1.04,1.0
max-exp-cap-V k=1.0,30018,1.0207361297951663,0.9166019887795992,0.09902022756284994,0.11372748409295756,0.5184700441716259,0.0,-0.06106770833333333,0.066015625,0.0,0.0,2.4999999997499995,1.4958657340539219,0.3466019926578093,1.04,1.0
max-exp-cap-V k=1.0,30019,0.9784516099417959,0.8781688115783159,0.09670583807751293,0.11915557166005873,0.5265173382598064,0.0,-0.022786458333333336,0.023046875,0.0,0.0,2.49999999975,1.4825245825787263,0.35514914521280583,1.04,1.0
max-exp-cap-V k=1.0,30020,1.0721791273862273,0.9635992929855551,0.10072051690528941,0.11440738886204987,0.5428338896041832,0.0,-0.12994791666666666,0.15885416666666669,0.0,0.0,2.49999999975,1.4746216406290613,0.3681174035752078,1.04,1.0
max-exp-cap-V k=1.0,30021,1.0149330451458098,0.9095478585482838,0.09676674201458098,0.12231938156214378,0.5589872980225337,0.0,-0.09453125,0.10260416666666666,0.0,0.0,2.49999999975,1.4652077488197321,0.3815071947802722,1.04,1.0
max-exp-cap-V k=1.0,30022,1.0175644541696534,0.9099319150554911,0.09482936208363199,0.12956375718270524,0.6231252738636868,0.0,-0.13854166666666667,0.16614583333333333,0.0,0.0,2.49999999975,1.4161351666138766,0.44001821899080634,1.04,1.0
max-exp-cap-V k=1.0,30023,1.002952765994364,0.901864967113599,0.0968382453494364,0.12099211184859204,0.5542350377908393,0.0,-0.069140625,0.07434895833333333,0.0,0.0,2.49999999975,1.5074105737444343,0.3676735770892927,1.04,1.0
max-exp-cap-V k=1.0,30024,1.0060545696655763,0.9033079996489279,0.09751300904989095,0.12440280019125646,0.569140873402197,0.0,-0.06184895833333333,0.06666666666666667,0.0,0.0,2.49999999975,1.4968878857143118,0.38021609957154817,1.04,1.0
max-exp-cap-V k=1.0,30025,1.0047477520787418,0.9004596108608409,0.09427685854120753,0.12190012987168507,0.5767152055916495,0.0,-0.12395833333333334,0.15065104166666665,0.0,0.0,2.49999999975,1.429966704295339,0.4033067370445132,1.04,1.0
max-exp-cap-V k=1.0,30026,1.051333701848729,0.9439650611241304,0.10065420351820623,0.12219982875927017,0.5698988169075837,0.0,-0.08958333333333335,0.10325520833333333,0.0,0.0,2.4999999997500004,1.5103002227780231,0.37734141087479983,1.04,1.0
max-exp-cap-V k=1.0,30027,1.051491317425043,0.9426180697761463,0.098163454659171,0.12472084618716771,0.5914135603510285,0.0,-0.13971354166666666,0.16432291666666665,0.0,0.0,2.4999999997500004,1.4555221815992105,0.40632397625244776,1.04,1.0
max-exp-cap-V k=1.0,30028,1.0166948633564301,0.9091548442825212,0.09431922591897635,0.1296418890162357,0.6311019914612062,0.0,-0.14700520833333336,0.18398437499999998,0.0,0.0,2.49999999975,1.505379810193375,0.41923107191143827,1.04,1.0
max-exp-cap-V k=1.0,30029,1.0462243698996252,0.9399855265114281,0.09887373907329587,0.11667281071407949,0.5491708032881525,0.0,-0.11497395833333335,0.13684895833333333,0.0,0.0,2.49999999975,1.4169021360784324,0.3875855567612421,1.04,1.0
max-exp-cap-V k=1.0,30030,0.9615563368283002,0.8605585620048966,0.09390302951616336,0.12310295432275231,0.555721812004188,0.0,-0.04505208333333333,0.046484374999999994,0.0,0.0,2.4999999997500004,1.4220624018710484,0.39078581310708227,1.04,1.0
max-exp-cap-V k=1.0,30031,1.0432514999566735,0.9344451098466612,0.09807514999566738,0.12641411278301196,0.6006872634197398,0.0,-0.125,0.14544270833333334,0.0,0.0,2.49999999975,1.4730134989440564,0.40779481236957305,1.04,1.0
max-exp-cap-V k=1.0,30032,1.0313139017159092,0.9253051406694384,0.09837878600492425,0.12187581517517904,0.5670955769316165,0.0,-0.09505208333333334,0.10768229166666667,0.0,0.0,2.49999999975,1.5569014408391022,0.36424629206199244,1.04,1.0
max-exp-cap-V k=1.0,30033,1.0478080718696914,0.9390321409957729,0.09966361968696913,0.12743816397242352,0.5976819007615432,0.0,-0.10234375000000001,0.11627604166666666,0.0,0.0,2.4999999997500004,1.4408356522402979,0.4148161518853531,1.04,1.0
max-exp-cap-V k=1.0,30034,1.0128673676704392,0.9093687458648281,0.09755626801704391,0.11077484624242044,0.5054157340119427,0.0,-0.074609375,0.08020833333333333,0.0,0.0,2.49999999975,1.4673713405931297,0.34443614920790766,1.04,1.0
max-exp-cap-V k=1.0,30035,1.0263603358668123,0.9203098432321013,0.09859306483668125,0.13172791385738591,0.6054013012762475,0.0,-0.08085937500000001,0.08697916666666666,0.0,0.0,2.49999999975,1.435173779581176,0.4218313558187501,1.04,1.0
max-exp-cap-V k=1.0,30036,1.0389371711103756,0.9306777083981022,0.09742236294437087,0.12471637292661478,0.598573317882544,0.0,-0.1294270833333333,0.15494791666666666,0.0,0.0,2.49999999975,1.425620696120055,0.41986856638067255,1.04,1.0
max-exp-cap-V k=1.0,30037,1.0007306720964706,0.8977567089216403,0.09569806720964705,0.11753776772397265,0.5528878776265191,0.0,-0.0875,0.10091145833333334,0.0,0.0,2.49999999975,1.4540614623018173,0.38023693768163225,1.04,1.0
max-exp-cap-V k=1.0,30038,0.9948213180070278,0.8940770900685462,0.09731416305070277,0.12124463429823434,0.5437880240108325,0.0,-0.043359375,0.044140625,0.0,0.0,2.49999999975,1.5133299005896137,0.35933210848405583,1.04,1.0
max-exp-cap-V k=1.0,30039,1.0745967514210157,0.9637741584445696,0.09891149805876823,0.12408762934373067,0.6016425756239987,0.0,-0.17096354166666666,0.20651041666666664,0.0,0.0,2.49999999975,1.4709998913240319,0.40900246096039233,1.04,1.0
max-exp-cap-V k=1.0,30040,1.0636401421860089,0.9543098556591698,0.09865568088526754,0.12141761635277018,0.5930484019383666,0.0,-0.15416666666666667,0.19283854166666667,0.0,0.0,2.49999999975,1.5341490782259746,0.3865650414001114,1.04,1.0
max-exp-cap-V k=1.0,30041,1.0253333634272581,0.9193898703504491,0.09845781550939248,0.12382297629696448,0.5711478655289584,0.0,-0.08151041666666667,0.08919270833333334,0.0,0.0,2.49999999975,1.5258169821285186,0.3743226561367836,1.04,1.0
max-exp-cap-V k=1.0,30042,1.091110306707623,0.9775680553439113,0.09909149942076231,0.11949049196771258,0.6104943597396759,0.0,-0.200390625,0.29401041666666666,0.0,0.0,2.49999999975,1.479542490561417,0.4126237425651912,1.04,1.0
max-exp-cap-V k=1.0,30043,1.0611752993690309,0.9501660032170467,0.09978289452023643,0.12191879415049484,0.5834222761737728,0.0,-0.12669270833333335,0.15078124999999998,0.0,0.0,2.4999999997500004,1.4535517062831604,0.4013770364355506,1.04,1.0
max-exp-cap-V k=1.0,30044,0.9783868716136341,0.8787800796681355,0.09657566632803008,0.11890740887967306,0.5220380274888348,0.0,-0.025260416666666667,0.025651041666666666,0.0,0.0,2.49999999975,1.4526525847966734,0.3593688077606691,1.04,1.0
max-exp-cap-V k=1.0,30045,1.0196746690068212,0.916153727182418,0.09963673773401545,0.12077749946143672,0.5401635474255714,0.0,-0.046614583333333334,0.047526041666666664,0.0,0.0,2.49999999975,1.5223362217340461,0.354825392520903,1.04,1.0
max-exp-cap-V k=1.0,30046,1.049833656002068,0.9416767124815288,0.09803024060020679,0.12302559404194337,0.5863262161645844,0.0,-0.13906249999999998,0.16822916666666665,0.0,0.0,2.49999999975,1.4976040904038115,0.3915094916751251,1.04,1.0
max-exp-cap-V k=1.0,30047,1.0494270995136497,0.9405608348252374,0.09910286620136498,0.12625398503485089,0.5907544118562328,0.0,-0.116796875,0.13124999999999998,0.0,0.0,2.49999999975,1.4995356130479438,0.39395824061521967,1.04,1.0
max-exp-cap-V k=1.0,30048,1.0520630426857727,0.9442705819575511,0.1007466688519106,0.12452422204983092,0.5818111028080989,0.0,-0.08919270833333334,0.10234375000000001,0.0,0.0,2.49999999975,1.4789718287967872,0.39338890131628096,1.04,1.0
max-exp-cap-V k=1.0,30049,1.0291417472589743,0.9243396496566295,0.09739985180923075,0.1246721253901827,0.5895742208894708,0.0,-0.11028645833333334,0.13268229166666667,0.0,0.0,2.49999999975,1.4591081055112007,0.4040647972981498,1.04,1.0
max-exp-cap-V k=1.5,30000,1.068090362763101,0.9590492887164458,0.10066971335964345,0.1276961988039179,0.5897000128342884,0.0,-0.12278645833333333,0.13763020833333334,0.0,0.0,2.4999999997499995,1.493673143330914,0.39479856451006967,1.04,1.5
max-exp-cap-V k=1.5,30001,1.0557144916625787,0.9491500697119797,0.09996598041625789,0.11818717541116694,0.5524758939767753,0.0,-0.112109375,0.128125,0.0,0.0,2.49999999975,1.5408837491276384,0.3585448248705044,1.04,1.5
max-exp-cap-V k=1.5,30002,1.0440155352848537,0.9358242348054181,0.09889374102848537,0.1204911020287024,0.5679497109939539,0.0,-0.11015625,0.12578125,0.0,0.0,2.49999999975,1.483576875887533,0.38282459117879175,1.04,1.5
max-exp-cap-V k=1.5,30003,1.0384963310460498,0.9329126657338482,0.09944208102127164,0.1258165300553527,0.5768138466464183,0.0,-0.08815104166666667,0.09479166666666666,0.0,0.0,2.49999999975,1.440510549430181,0.4004232019505772,1.04,1.5
max-exp-cap-V k=1.5,30004,1.0081020995076353,0.9042399435367134,0.09716437661743019,0.1226381960628691,0.5644774677588825,0.0,-0.07291666666666666,0.08046875,0.0,0.0,2.49999999975,1.4587931141413881,0.38694826722644693,1.04,1.5
max-exp-cap-V k=1.5,30005,1.0077886312545101,0.9062353868687216,0.09980881104211767,0.12718053312483174,0.5587969746378862,0.0,-0.019401041666666667,0.019401041666666667,0.0,0.0,2.49999999975,1.5280952189968098,0.3656820384561735,1.04,1.5
max-exp-cap-V k=1.5,30006,1.0148689628211613,0.9096466307048128,0.09456632336544946,0.10396487838399562,0.4962342140997789,0.0,-0.13841145833333335,0.166796875,0.0,0.0,2.4999999997500004,1.4203508147687747,0.3493744002819213,1.04,1.5
max-exp-cap-V k=1.5,30007,1.0181377350369103,0.9102048345906689,0.09476299225369106,0.12117562487035623,0.5826184030026516,0.0,-0.14101562499999998,0.16588541666666667,0.0,0.0,2.49999999975,1.4610637148536765,0.39876317307695236,1.04,1.5
max-exp-cap-V k=1.5,30008,1.021874237271522,0.9146549252998828,0.09554028831048551,0.12397491387472036,0.5863974619539831,0.0,-0.13294270833333333,0.15221354166666667,0.0,0.0,2.49999999975,1.4303780039624627,0.4099597870839266,1.04,1.5
max-exp-cap-V k=1.5,30009,1.0099399023673246,0.9073258974919067,0.09831820898673246,0.12534537781593927,0.5651550223567156,0.0,-0.053515625,0.05559895833333333,0.0,0.0,2.4999999997499995,1.4849957272430707,0.3805768676560027,1.04,1.5
max-exp-cap-V k=1.5,30010,1.002489531017418,0.898596490997276,0.09659660935174177,0.12499829994398926,0.5721846359369666,0.0,-0.07304687500000001,0.079296875,0.0,0.0,2.49999999975,1.4202022981037836,0.40288952968244895,1.04,1.5
max-exp-cap-V k=1.5,30011,1.0405218671171226,0.9360919378800842,0.10202744712837894,0.12309368967526754,0.546276978398304,0.0,-0.04049479166666667,0.04049479166666667,0.0,0.0,2.49999999975,1.4886255258212753,0.36696735943508885,1.04,1.5
max-exp-cap-V k=1.5,30012,0.9862057534690098,0.8856722914792173,0.09451901284690098,0.1112478733339715,0.5130004984296702,0.0,-0.08203125,0.0921875,0.0,0.0,2.49999999975,1.4398899669332914,0.35627756996061977,1.04,1.5
max-exp-cap-V k=1.5,30013,1.0388306209088995,0.9318393983682574,0.09898722875755664,0.1189662141273024,0.5596668225392732,0.0,-0.09791666666666668,0.11458333333333334,0.0,0.0,2.49999999975,1.542584417073284,0.36281114754232924,1.04,1.5
max-exp-cap-V k=1.5,30014,1.0279735652484432,0.9206046154702623,0.09908641902484433,0.12330681207716106,0.5642930199475309,0.0,-0.07421875,0.079296875,0.0,0.0,2.49999999975,1.49959276177277,0.37629750845185594,1.04,1.5
max-exp-cap-V k=1.5,30015,1.0221641543175606,0.9142230730714671,0.0962138112650894,0.12600936724675255,0.59666238878081,0.0,-0.12005208333333332,0.13919270833333333,0.0,0.0,2.49999999975,1.513864935810379,0.39413185064717404,1.04,1.5
max-exp-cap-V k=1.5,30016,1.0775134946751384,0.9672293289919802,0.10271879738418051,0.12459828657398797,0.583212791922786,0.0,-0.10065104166666666,0.11523437499999999,0.0,0.0,2.49999999975,1.4613020784844397,0.39910488085232415,1.04,1.5
max-exp-cap-V k=1.5,30017,1.041589013171289,0.9317690240005387,0.09621619298379558,0.12231530115015328,0.5957205362876457,0.0,-0.15885416666666666,0.201171875,0.0,0.0,2.49999999975,1.391827207606723,0.4280132857238795,1.04,1.5
max-exp-cap-V k=1.5,30018,1.0207361297951663,0.9166019887795992,0.09902022756284994,0.11372748409295756,0.5184700441716259,0.0,-0.06106770833333333,0.066015625,0.0,0.0,2.4999999997499995,1.4958657340539219,0.3466019926578093,1.04,1.5
max-exp-cap-V k=1.5,30019,0.9784516099417959,0.8781688115783159,0.09670583807751293,0.11915557166005873,0.5265173382598064,0.0,-0.022786458333333336,0.023046875,0.0,0.0,2.49999999975,1.4825245825787263,0.35514914521280583,1.04,1.5
max-exp-cap-V k=1.5,30020,1.072241407870826,0.9636523269645658,0.10072023453708259,0.11440456517998185,0.5428204919527271,0.0,-0.130078125,0.15885416666666669,0.0,0.0,2.49999999975,1.4728993560864811,0.36853875297699257,1.04,1.5
max-exp-cap-V k=1.5,30021,1.0149755197381327,0.9095837111192593,0.09677098947381328,0.12233602788812674,0.5590633700616854,0.0,-0.09453125,0.10260416666666666,0.0,0.0,2.49999999975,1.469885650624678,0.3803448042533733,1.04,1.5
max-exp-cap-V k=1.5,30022,1.0174544734138824,0.9098386760893811,0.09482487442472157,0.12956375718270524,0.6231252738636868,0.0,-0.13841145833333335,0.16614583333333333,0.0,0.0,2.49999999975,1.4069011315034294,0.44290622838422805,1.04,1.5
max-exp-cap-V k=1.5,30023,1.0029533119960519,0.9018654223412843,0.09683829994960517,0.12099265785027981,0.5542375388899723,0.0,-0.069140625,0.07434895833333333,0.0,0.0,2.49999999975,1.507980170449748,0.36753635740758683,1.04,1.5
max-exp-cap-V k=1.5,30024,1.0060545696655763,0.9033079996489279,0.09751300904989095,0.12440280019125646,0.569140873402197,0.0,-0.06184895833333333,0.06666666666666667,0.0,0.0,2.49999999975,1.4968878857143118,0.38021609957154817,1.04,1.5
max-exp-cap-V k=1.5,30025,1.0048888126828461,0.9005794579599781,0.09427794376828462,0.12191098214245598,0.5767665481913282,0.0,-0.12421875,0.15065104166666665,0.0,0.0,2.49999999975,1.4313691243903848,0.40294745664363213,1.04,1.5
max-exp-cap-V k=1.5,30026,1.0513084665007397,0.9439435918231992,0.10065167998340732,0.12219982875927017,0.5698988169075837,0.0,-0.08958333333333335,0.10325520833333333,0.0,0.0,2.49999999975,1.502331455076475,0.3793429306042011,1.04,1.5
max-exp-cap-V k=1.5,30027,1.0515538329620178,0.9426723411100182,0.09816319579620177,0.12472084618716771,0.5914135603510285,0.0,-0.13984375,0.16432291666666665,0.0,0.0,2.49999999975,1.454568696995567,0.4065903257595203,1.04,1.5
max-exp-cap-V k=1.5,30028,1.0169587628662924,0.9093793602271895,0.09432608461996257,0.1296418890162357,0.6311019914612062,0.0,-0.14739583333333334,0.18398437499999998,0.0,0.0,2.49999999975,1.5121920923101848,0.417342475648757,1.04,1.5
max-exp-cap-V k=1.5,30029,1.0462767005105573,0.9400300474601582,0.09887246171772242,0.11667281071407949,0.5491708032881525,0.0,-0.11510416666666667,0.13684895833333333,0.0,0.0,2.49999999975,1.4162357961789098,0.38776791602771843,1.04,1.5
max-exp-cap-V k=1.5,30030,0.9615563368283002,0.8605585620048966,0.09390302951616336,0.12310295432275231,0.555721812004188,0.0,-0.04505208333333333,0.046484374999999994,0.0,0.0,2.4999999997500004,1.4220624018710484,0.39078581310708227,1.04,1.5
max-exp-cap-V k=1.5,30031,1.043063686768152,0.934289756388123,0.0980758999268152,0.12641411278301196,0.6006872634197398,0.0,-0.124609375,0.14544270833333334,0.0,0.0,2.49999999975,1.516670703459776,0.39605648216812855,1.04,1.5
max-exp-cap-V k=1.5,30032,1.0313139017159092,0.9253051406694384,0.09837878600492425,0.12187581517517904,0.5670955769316165,0.0,-0.09505208333333334,0.10768229166666667,0.0,0.0,2.4999999997499995,1.5564639263914661,0.3643486799250022,1.04,1.5
max-exp-cap-V k=1.5,30033,1.0478080718696914,0.9390321409957729,0.09966361968696913,0.12743816397242352,0.5976819007615432,0.0,-0.10234375000000001,0.11627604166666666,0.0,0.0,2.49999999975,1.438906000707818,0.41537244300012305,1.04,1.5
max-exp-cap-V k=1.5,30034,1.0128664411585202,0.909367973387589,0.09755617536585202,0.11077391973050152,0.5054115067553275,0.0,-0.074609375,0.08020833333333333,0.0,0.0,2.49999999975,1.4671899833227453,0.34447584327881114,1.04,1.5
max-exp-cap-V k=1.5,30035,1.0263180166110635,0.9202738395741671,0.09858883291110636,0.13172791385738591,0.6054013012762475,0.0,-0.08085937500000001,0.08697916666666666,0.0,0.0,2.49999999975,1.4298144286744765,0.4234124996468882,1.04,1.5
max-exp-cap-V k=1.5,30036,1.0389371711103756,0.9306777083981022,0.09742236294437087,0.12471637292661478,0.598573317882544,0.0,-0.1294270833333333,0.15494791666666666,0.0,0.0,2.49999999975,1.427550758229466,0.41930090011295323,1.04,1.5
max-exp-cap-V k=1.5,30037,1.0007306720964706,0.8977567089216403,0.09569806720964705,0.11753776772397265,0.5528878776265191,0.0,-0.0875,0.10091145833333334,0.0,0.0,2.49999999975,1.453972392121977,0.3802602309522643,1.04,1.5
max-exp-cap-V k=1.5,30038,0.9948213180070278,0.8940770900685462,0.09731416305070277,0.12124463429823434,0.5437880240108325,0.0,-0.043359375,0.044140625,0.0,0.0,2.49999999975,1.5133299005896137,0.35933210848405583,1.04,1.5
max-exp-cap-V k=1.5,30039,1.0744008551407054,0.9636007783609806,0.0988919084307372,0.12408762934373067,0.6016425756239987,0.0,-0.17096354166666666,0.20651041666666664,0.0,0.0,2.49999999975,1.4730027191449846,0.4084463441949561,1.04,1.5
max-exp-cap-V k=1.5,30040,1.063835454686009,0.9544749125476654,0.09865568088526754,0.12141761635277018,0.5930484019383666,0.0,-0.15455729166666665,0.19283854166666667,0.0,0.0,2.49999999975,1.5313429588521452,0.3872734050267226,1.04,1.5
max-exp-cap-V k=1.5,30041,1.0253333634272581,0.9193898703504491,0.09845781550939248,0.12382297629696448,0.5711478655289584,0.0,-0.08151041666666667,0.08919270833333334,0.0,0.0,2.49999999975,1.5258169821285186,0.3743226561367836,1.04,1.5
max-exp-cap-V k=1.5,30042,1.091305619207623,0.9777342199967592,0.09909149942076231,0.11949049196771258,0.6104943597396759,0.0,-0.20078125,0.29401041666666666,0.0,0.0,2.49999999975,1.476010445535937,0.41361113777078073,1.04,1.5
max-exp-cap-V k=1.5,30043,1.0611752993690309,0.9501660032170467,0.09978289452023643,0.12191879415049484,0.5834222761737728,0.0,-0.12669270833333335,0.15078124999999998,0.0,0.0,2.49999999975,1.4512108093112805,0.40202448357634196,1.04,1.5
max-exp-cap-V k=1.5,30044,0.9783868716136341,0.8787800796681355,0.09657566632803008,0.11890740887967306,0.5220380274888348,0.0,-0.025260416666666667,0.025651041666666666,0.0,0.0,2.49999999975,1.4526525847966734,0.3593688077606691,1.04,1.5
max-exp-cap-V k=1.5,30045,1.0196746690068212,0.916153727182418,0.09963673773401545,0.12077749946143672,0.5401635474255714,0.0,-0.046614583333333334,0.047526041666666664,0.0,0.0,2.49999999975,1.5223362217340461,0.354825392520903,1.04,1.5
max-exp-cap-V k=1.5,30046,1.0498987601687348,0.941732100699145,0.09803024060020679,0.12302559404194337,0.5863262161645844,0.0,-0.13919270833333333,0.16822916666666665,0.0,0.0,2.49999999975,1.4972895541096674,0.3915917362511964,1.04,1.5
max-exp-cap-V k=1.5,30047,1.0494177995955882,0.9405527613289112,0.09910193620955883,0.12625398503485089,0.5907544118562328,0.0,-0.116796875,0.13124999999999998,0.0,0.0,2.49999999975,1.498133479779559,0.39432695405963336,1.04,1.5
max-exp-cap-V k=1.5,30048,1.0520630426857727,0.9442705819575511,0.1007466688519106,0.12452422204983092,0.5818111028080989,0.0,-0.08919270833333334,0.10234375000000001,0.0,0.0,2.49999999975,1.4788676794698639,0.39341660574843534,1.04,1.5
max-exp-cap-V k=1.5,30049,1.0291823775296025,0.9243728526506034,0.09739740441962691,0.1246721253901827,0.5895742208894708,0.0,-0.11041666666666666,0.13268229166666667,0.0,0.0,2.49999999975,1.4563456002723034,0.40483125762129113,1.04,1.5
max-exp-cap-V k=2.0,30000,1.068090362763101,0.9590492887164458,0.10066971335964345,0.1276961988039179,0.5897000128342884,0.0,-0.12278645833333333,0.13763020833333334,0.0,0.0,2.49999999975,1.4935606878411671,0.3948282902964303,1.04,2.0
max-exp-cap-V k=2.0,30001,1.0557131415779875,0.9491489440819729,0.09996584540779875,0.11818582532657561,0.552469582892777,0.0,-0.112109375,0.128125,0.0,0.0,2.49999999975,1.5405766852440832,0.358612192553885,1.04,2.0
max-exp-cap-V k=2.0,30002,1.0440155352848537,0.9358242348054181,0.09889374102848537,0.1204911020287024,0.5679497109939539,0.0,-0.11015625,0.12578125,0.0,0.0,2.49999999975,1.4833816119339005,0.3828749840396847,1.04,2.0
max-exp-cap-V k=2.0,30003,1.0384963310460498,0.9329126657338482,0.09944208102127164,0.1258165300553527,0.5768138466464183,0.0,-0.08815104166666667,0.09479166666666666,0.0,0.0,2.49999999975,1.440322555539065,0.40047546601846834,1.04,2.0
max-exp-cap-V k=2.0,30004,1.0081020995076353,0.9042399435367134,0.09716437661743019,0.1226381960628691,0.5644774677588825,0.0,-0.07291666666666666,0.08046875,0.0,0.0,2.49999999975,1.4589856785608135,0.386897195807775,1.04,2.0
max-exp-cap-V k=2.0,30005,1.0077886312545101,0.9062353868687216,0.09980881104211767,0.12718053312483174,0.5587969746378862,0.0,-0.019401041666666667,0.019401041666666667,0.0,0.0,2.49999999975,1.5280952189968098,0.3656820384561735,1.04,2.0
max-exp-cap-V k=2.0,30006,1.0148689628211613,0.9096466307048128,0.09456632336544946,0.10396487838399562,0.4962342140997789,0.0,-0.13841145833333335,0.166796875,0.0,0.0,2.49999999975,1.4204387881859066,0.34935276213735156,1.04,2.0
max-exp-cap-V k=2.0,30007,1.0181383652353608,0.9102053600172166,0.0947630552735361,0.12117625506880661,0.5826214330279982,0.0,-0.14101562499999998,0.16588541666666667,0.0,0.0,2.49999999975,1.461359905014664,0.39868442471203,1.04,2.0
max-exp-cap-V k=2.0,30008,1.0218773768375122,0.9146576508372823,0.09554060226708455,0.12397491387472036,0.5863974619539831,0.0,-0.13294270833333333,0.15221354166666667,0.0,0.0,2.49999999975,1.4304921748252886,0.4099270672526413,1.04,2.0
max-exp-cap-V k=2.0,30009,1.0099399023673246,0.9073258974919067,0.09831820898673246,0.12534537781593927,0.5651550223567156,0.0,-0.053515625,0.05559895833333333,0.0,0.0,2.4999999997499995,1.4849957272430707,0.3805768676560027,1.04,2.0
max-exp-cap-V k=2.0,30010,1.002489531017418,0.898596490997276,0.09659660935174177,0.12499829994398926,0.5721846359369666,0.0,-0.07304687500000001,0.079296875,0.0,0.0,2.49999999975,1.4196228173897631,0.4030539865434348,1.04,2.0
max-exp-cap-V k=2.0,30011,1.0405218671171226,0.9360919378800842,0.10202744712837894,0.12309368967526754,0.546276978398304,0.0,-0.04049479166666667,0.04049479166666667,0.0,0.0,2.49999999975,1.4886255258212753,0.36696735943508885,1.04,2.0
max-exp-cap-V k=2.0,30012,0.9862067254659623,0.8856731018795013,0.09451911004659623,0.11124884533092398,0.5130049806270026,0.0,-0.08203125,0.0921875,0.0,0.0,2.49999999975,1.4401261455260168,0.35622225332186,1.04,2.0
max-exp-cap-V k=2.0,30013,1.0388306209088995,0.9318393983682574,0.09898722875755664,0.1189662141273024,0.5596668225392732,0.0,-0.09791666666666668,0.11458333333333334,0.0,0.0,2.49999999975,1.5420074892071194,0.3629468899836841,1.04,2.0
max-exp-cap-V k=2.0,30014,1.0279735652484432,0.9206046154702623,0.09908641902484433,0.12330681207716106,0.5642930199475309,0.0,-0.07421875,0.079296875,0.0,0.0,2.49999999975,1.4988756513246342,0.3764775413149422,1.04,2.0
max-exp-cap-V k=2.0,30015,1.0221641543175606,0.9142230730714671,0.0962138112650894,0.12600936724675255,0.59666238878081,0.0,-0.12005208333333332,0.13919270833333333,0.0,0.0,2.49999999975,1.5142757996207303,0.39402491206043955,1.04,2.0
max-exp-cap-V k=2.0,30016,1.07751221036293,0.9672282581995507,0.10271866895295967,0.12459700226177975,0.5832067803849932,0.0,-0.10065104166666666,0.11523437499999999,0.0,0.0,2.49999999975,1.4611724468418705,0.39913617427259657,1.04,2.0
max-exp-cap-V k=2.0,30017,1.041587127869983,0.931767420055901,0.09621600445366497,0.12231530115015328,0.5957205362876457,0.0,-0.15885416666666666,0.201171875,0.0,0.0,2.49999999975,1.3901440344217966,0.4285315201423887,1.04,2.0
max-exp-cap-V k=2.0,30018,1.0207361297951663,0.9166019887795992,0.09902022756284994,0.11372748409295756,0.5184700441716259,0.0,-0.06106770833333333,0.066015625,0.0,0.0,2.4999999997499995,1.4958657340539219,0.3466019926578093,1.04,2.0
max-exp-cap-V k=2.0,30019,0.9784516099417959,0.8781688115783159,0.09670583807751293,0.11915557166005873,0.5265173382598064,0.0,-0.022786458333333336,0.023046875,0.0,0.0,2.49999999975,1.4825245825787263,0.35514914521280583,1.04,2.0
max-exp-cap-V k=2.0,30020,1.0723072896818406,0.9637072557770645,0.10072031230151741,0.11440534282432999,0.5428241816768823,0.0,-0.13020833333333334,0.15885416666666669,0.0,0.0,2.49999999975,1.473373674656473,0.3684226147202239,1.04,2.0
max-exp-cap-V k=2.0,30021,1.0149681453284127,0.9095774791544872,0.09677025203284127,0.12233356478558698,0.5590521139302704,0.0,-0.09453125,0.10260416666666666,0.0,0.0,2.49999999975,1.4691934767583126,0.3805163327867378,1.04,2.0
max-exp-cap-V k=2.0,30022,1.0174526904151069,0.9098371282226184,0.09482469612484404,0.12956375718270524,0.6231252738636868,0.0,-0.13841145833333335,0.16614583333333333,0.0,0.0,2.49999999975,1.4064659857668649,0.44304325889824664,1.04,2.0
max-exp-cap-V k=2.0,30023,1.0029538822520465,0.9018658977909438,0.09683835697520467,0.12099322810627461,0.5542401510921068,0.0,-0.069140625,0.07434895833333333,0.0,0.0,2.49999999975,1.5085750695920117,0.3673931528259968,1.04,2.0
max-exp-cap-V k=2.0,30024,1.0060545696655763,0.9033079996489279,0.09751300904989095,0.12440280019125646,0.569140873402197,0.0,-0.06184895833333333,0.06666666666666667,0.0,0.0,2.49999999975,1.4968878857143118,0.38021609957154817,1.04,2.0
max-exp-cap-V k=2.0,30025,1.0048842382122882,0.9005756440053875,0.09427748632122883,0.12190640767189809,0.5767449061575498,0.0,-0.12421875,0.15065104166666665,0.0,0.0,2.49999999975,1.4307779735086856,0.40309881535511954,1.04,2.0
max-exp-cap-V k=2.0,30026,1.0513085135675806,0.943943631865927,0.1006516846900914,0.12219982875927017,0.5698988169075837,0.0,-0.08958333333333335,0.10325520833333333,0.0,0.0,2.4999999997500004,1.5023178484911472,0.379346366336499,1.04,2.0
max-exp-cap-V k=2.0,30027,1.0515537016247376,0.942672227092772,0.09816318266247377,0.12472084618716771,0.5914135603510285,0.0,-0.13984375,0.16432291666666665,0.0,0.0,2.49999999975,1.4536568864245143,0.40684536074100563,1.04,2.0
max-exp-cap-V k=2.0,30028,1.016957041182126,0.9093778954819641,0.09432591245154594,0.1296418890162357,0.6311019914612062,0.0,-0.14739583333333334,0.18398437499999998,0.0,0.0,2.49999999975,1.512201967375303,0.41733975029578657,1.04,2.0
max-exp-cap-V k=2.0,30029,1.04627334000544,0.9400271884666673,0.09887212566721068,0.11667281071407949,0.5491708032881525,0.0,-0.11510416666666667,0.13684895833333333,0.0,0.0,2.49999999975,1.4156356374892567,0.38793231022507385,1.04,2.0
max-exp-cap-V k=2.0,30030,0.9615563368283002,0.8605585620048966,0.09390302951616336,0.12310295432275231,0.555721812004188,0.0,-0.04505208333333333,0.046484374999999994,0.0,0.0,2.4999999997500004,1.4220624018710484,0.39078581310708227,1.04,2.0
max-exp-cap-V k=2.0,30031,1.043063490052944,0.9342895890300982,0.09807588025529443,0.12641411278301196,0.6006872634197398,0.0,-0.124609375,0.14544270833333334,0.0,0.0,2.49999999975,1.5166183405039924,0.3960701564640999,1.04,2.0
max-exp-cap-V k=2.0,30032,1.0313139017159092,0.9253051406694384,0.09837878600492425,0.12187581517517904,0.5670955769316165,0.0,-0.09505208333333334,0.10768229166666667,0.0,0.0,2.49999999975,1.5555673504997716,0.36455867806007913,1.04,2.0
max-exp-cap-V k=2.0,30033,1.0478080718696914,0.9390321409957729,0.09966361968696913,0.12743816397242352,0.5976819007615432,0.0,-0.10234375000000001,0.11627604166666666,0.0,0.0,2.49999999975,1.4386308277229407,0.41545189303884983,1.04,2.0
max-exp-cap-V k=2.0,30034,1.0128634417646465,0.9093654726496591,0.09755587542646464,0.11077092033662778,0.5053978218719112,0.0,-0.074609375,0.08020833333333333,0.0,0.0,2.49999999975,1.4666028760501657,0.3446044120907778,1.04,2.0
max-exp-cap-V k=2.0,30035,1.0263208499750915,0.9202762500955115,0.09858911624750916,0.13172791385738591,0.6054013012762475,0.0,-0.08085937500000001,0.08697916666666666,0.0,0.0,2.49999999975,1.430054725748493,0.4233413521705468,1.04,2.0
max-exp-cap-V k=2.0,30036,1.0389371711103756,0.9306777083981022,0.09742236294437087,0.12471637292661478,0.598573317882544,0.0,-0.1294270833333333,0.15494791666666666,0.0,0.0,2.49999999975,1.4260600634480365,0.4197392053987319,1.04,2.0
max-exp-cap-V k=2.0,30037,1.0007306720964706,0.8977567089216403,0.09569806720964705,0.11753776772397265,0.5528878776265191,0.0,-0.0875,0.10091145833333334,0.0,0.0,2.49999999975,1.4539358187508293,0.3802697962978455,1.04,2.0
max-exp-cap-V k=2.0,30038,0.9948213180070278,0.8940770900685462,0.09731416305070277,0.12124463429823434,0.5437880240108325,0.0,-0.043359375,0.044140625,0.0,0.0,2.49999999975,1.5133299005896137,0.35933210848405583,1.04,2.0
max-exp-cap-V k=2.0,30039,1.074383224261735,0.9635852510314518,0.09889014534284016,0.12408762934373067,0.6016425756239987,0.0,-0.17096354166666666,0.20651041666666664,0.0,0.0,2.49999999975,1.4716964812834643,0.4088088700866548,1.04,2.0
max-exp-cap-V k=2.0,30040,1.063835454686009,0.9544749125476654,0.09865568088526754,0.12141761635277018,0.5930484019383666,0.0,-0.15455729166666665,0.19283854166666667,0.0,0.0,2.49999999975,1.5305978197505166,0.3874619408742082,1.04,2.0
max-exp-cap-V k=2.0,30041,1.0253333634272581,0.9193898703504491,0.09845781550939248,0.12382297629696448,0.5711478655289584,0.0,-0.08151041666666667,0.08919270833333334,0.0,0.0,2.49999999975,1.5258169821285186,0.3743226561367836,1.04,2.0
max-exp-cap-V k=2.0,30042,1.0912405150409563,0.9776788317791433,0.09909149942076231,0.11949049196771258,0.6104943597396759,0.0,-0.20065104166666667,0.29401041666666666,0.0,0.0,2.49999999975,1.4682912162175965,0.4157856105087551,1.04,2.0
max-exp-cap-V k=2.0,30043,1.0611752993690309,0.9501660032170467,0.09978289452023643,0.12191879415049484,0.5834222761737728,0.0,-0.12669270833333335,0.15078124999999998,0.0,0.0,2.49999999975,1.4512421441247776,0.40201580317640656,1.04,2.0
max-exp-cap-V k=2.0,30044,0.9783868716136341,0.8787800796681355,0.09657566632803008,0.11890740887967306,0.5220380274888348,0.0,-0.025260416666666667,0.025651041666666666,0.0,0.0,2.49999999975,1.4526525847966734,0.3593688077606691,1.04,2.0
max-exp-cap-V k=2.0,30045,1.0196746690068212,0.916153727182418,0.09963673773401545,0.12077749946143672,0.5401635474255714,0.0,-0.046614583333333334,0.047526041666666664,0.0,0.0,2.49999999975,1.5223362217340461,0.354825392520903,1.04,2.0
max-exp-cap-V k=2.0,30046,1.0498987601687348,0.941732100699145,0.09803024060020679,0.12302559404194337,0.5863262161645844,0.0,-0.13919270833333333,0.16822916666666665,0.0,0.0,2.49999999975,1.4969424802187528,0.3916825288296333,1.04,2.0
max-exp-cap-V k=2.0,30047,1.049418617040997,0.9405534709741425,0.0991020179540997,0.12625398503485089,0.5907544118562328,0.0,-0.116796875,0.13124999999999998,0.0,0.0,2.49999999975,1.4985221764926475,0.3942246708947062,1.04,2.0
max-exp-cap-V k=2.0,30048,1.0520630426857727,0.9442705819575511,0.1007466688519106,0.12452422204983092,0.5818111028080989,0.0,-0.08919270833333334,0.10234375000000001,0.0,0.0,2.49999999975,1.4791272745124484,0.39334755895152845,1.04,2.0
max-exp-cap-V k=2.0,30049,1.0291778340776865,0.9243689255265368,0.0973969500744353,0.1246721253901827,0.5895742208894708,0.0,-0.11041666666666666,0.13268229166666667,0.0,0.0,2.49999999975,1.4561477650461045,0.40488625882745055,1.04,2.0
max-exp-cap-V k=4.0,30000,1.068090362763101,0.9590492887164458,0.10066971335964345,0.1276961988039179,0.5897000128342884,0.0,-0.12278645833333333,0.13763020833333334,0.0,0.0,2.4999999997500004,1.4879814191939422,0.3963087208130167,1.04,4.0
max-exp-cap-V k=4.0,30001,1.0557105796745683,0.9491468081007304,0.09996558921745682,0.11818326342315635,0.5524576070597231,0.0,-0.112109375,0.128125,0.0,0.0,2.49999999975,1.5399940047082483,0.3587401024748704,1.04,4.0
max-exp-cap-V k=4.0,30002,1.0440155352848537,0.9358242348054181,0.09889374102848537,0.1204911020287024,0.5679497109939539,0.0,-0.11015625,0.12578125,0.0,0.0,2.4999999997500004,1.4821613042036184,0.3831902164650827,1.04,4.0
max-exp-cap-V k=4.0,30003,1.0384963310460498,0.9329126657338482,0.09944208102127164,0.1258165300553527,0.5768138466464183,0.0,-0.08815104166666667,0.09479166666666666,0.0,0.0,2.49999999975,1.4399655776193936,0.40057474679362065,1.04,4.0
max-exp-cap-V k=4.0,30004,1.0081020995076353,0.9042399435367134,0.09716437661743019,0.1226381960628691,0.5644774677588825,0.0,-0.07291666666666666,0.08046875,0.0,0.0,2.49999999975,1.4593771250289032,0.38679341897160613,1.04,4.0
max-exp-cap-V k=4.0,30005,1.0077886312545101,0.9062353868687216,0.09980881104211767,0.12718053312483174,0.5587969746378862,0.0,-0.019401041666666667,0.019401041666666667,0.0,0.0,2.49999999975,1.5280952189968098,0.3656820384561735,1.04,4.0
max-exp-cap-V k=4.0,30006,1.0148689628211613,0.9096466307048128,0.09456632336544946,0.10396487838399562,0.4962342140997789,0.0,-0.13841145833333335,0.166796875,0.0,0.0,2.4999999997499995,1.4152331926623092,0.3506377723986764,1.04,4.0
max-exp-cap-V k=4.0,30007,1.0181370465842186,0.9102042605947779,0.09476292340842188,0.12117493641766448,0.5826150928880288,0.0,-0.14101562499999998,0.16588541666666667,0.0,0.0,2.49999999975,1.4607401454868603,0.3988492372774796,1.04,4.0
max-exp-cap-V k=4.0,30008,1.021883350318753,0.9146628365688698,0.09554119961520863,0.12397491387472036,0.5863974619539831,0.0,-0.13294270833333333,0.15221354166666667,0.0,0.0,2.49999999975,1.4306697135580198,0.4098761974178062,1.04,4.0
max-exp-cap-V k=4.0,30009,1.0099399023673246,0.9073258974919067,0.09831820898673246,0.12534537781593927,0.5651550223567156,0.0,-0.053515625,0.05559895833333333,0.0,0.0,2.4999999997499995,1.4849957272430707,0.3805768676560027,1.04,4.0
max-exp-cap-V k=4.0,30010,1.002489531017418,0.898596490997276,0.09659660935174177,0.12499829994398926,0.5721846359369666,0.0,-0.07304687500000001,0.079296875,0.0,0.0,2.49999999975,1.4185190225425353,0.40336761569216756,1.04,4.0
max-exp-cap-V k=4.0,30011,1.0405218671171226,0.9360919378800842,0.10202744712837894,0.12309368967526754,0.546276978398304,0.0,-0.04049479166666667,0.04049479166666667,0.0,0.0,2.49999999975,1.4886255258212753,0.36696735943508885,1.04,4.0
max-exp-cap-V k=4.0,30012,0.986209023371807,0.8856750177533568,0.0945193398371807,0.11125114323676859,0.5130155770259116,0.0,-0.08203125,0.0921875,0.0,0.0,2.49999999975,1.4406844972442525,0.35609155093097067,1.04,4.0
max-exp-cap-V k=4.0,30013,1.0388306209088995,0.9318393983682574,0.09898722875755664,0.1189662141273024,0.5596668225392732,0.0,-0.09791666666666668,0.11458333333333334,0.0,0.0,2.49999999975,1.5409102001538546,0.3632053460892091,1.04,4.0
max-exp-cap-V k=4.0,30014,1.0279735652484432,0.9206046154702623,0.09908641902484433,0.12330681207716106,0.5642930199475309,0.0,-0.07421875,0.079296875,0.0,0.0,2.49999999975,1.497459034230305,0.3768336943104276,1.04,4.0
max-exp-cap-V k=4.0,30015,1.0221641543175606,0.9142230730714671,0.0962138112650894,0.12600936724675255,0.59666238878081,0.0,-0.12005208333333332,0.13919270833333333,0.0,0.0,2.49999999975,1.5150557145935266,0.3938220773226734,1.04,4.0
max-exp-cap-V k=4.0,30016,1.077509720122104,0.9672261819668349,0.10271841992887706,0.12459451202095376,0.5831951242029972,0.0,-0.10065104166666666,0.11523437499999999,0.0,0.0,2.49999999975,1.4609210951793858,0.39919686705009005,1.04,4.0
max-exp-cap-V k=4.0,30017,1.0415047579422878,0.9316984505315976,0.09621427787756212,0.12231530115015328,0.5957205362876457,0.0,-0.15872395833333333,0.201171875,0.0,0.0,2.4999999997499995,1.3775477289392823,0.4324500151775888,1.04,4.0
max-exp-cap-V k=4.0,30018,1.0207361297951663,0.9166019887795992,0.09902022756284994,0.11372748409295756,0.5184700441716259,0.0,-0.06106770833333333,0.066015625,0.0,0.0,2.4999999997499995,1.4958657340539219,0.3466019926578093,1.04,4.0
max-exp-cap-V k=4.0,30019,0.9784516099417959,0.8781688115783159,0.09670583807751293,0.11915557166005873,0.5265173382598064,0.0,-0.022786458333333336,0.023046875,0.0,0.0,2.49999999975,1.4825245825787263,0.35514914521280583,1.04,4.0
max-exp-cap-V k=4.0,30020,1.0723053199118078,0.9637056134857076,0.10072011532451411,0.11440337305429689,0.5428148356203092,0.0,-0.13020833333333334,0.15885416666666669,0.0,0.0,2.4999999997500004,1.4721722276102127,0.36871693776037623,1.04,4.0
max-exp-cap-V k=4.0,30021,1.0149541219169818,0.9095656282524244,0.09676884969169816,0.12232888088236964,0.559030708962634,0.0,-0.09453125,0.10260416666666666,0.0,0.0,2.4999999997499995,1.4678772199856345,0.3808429624434835,1.04,4.0
max-exp-cap-V k=4.0,30022,1.0174493003252043,0.909834185199014,0.09482435711585377,0.12956375718270524,0.6231252738636868,0.0,-0.13841145833333335,0.16614583333333333,0.0,0.0,2.49999999975,1.4056259471249861,0.44330803307821937,1.04,4.0
max-exp-cap-V k=4.0,30023,1.0029551178208218,0.9018669279436452,0.09683848053208219,0.12099446367504989,0.5542458109280779,0.0,-0.069140625,0.07434895833333333,0.0,0.0,2.49999999975,1.5098640324641517,0.36708325982408435,1.04,4.0
max-exp-cap-V k=4.0,30024,1.0060545696655763,0.9033079996489279,0.09751300904989095,0.12440280019125646,0.569140873402197,0.0,-0.06184895833333333,0.06666666666666667,0.0,0.0,2.49999999975,1.4968878857143118,0.38021609957154817,1.04,4.0
max-exp-cap-V k=4.0,30025,1.0048827862565672,0.9005744334405543,0.09427734112565672,0.12190495571617695,0.5767380368872455,0.0,-0.12421875,0.15065104166666665,0.0,0.0,2.49999999975,1.4305903397937416,0.40314688338409854,1.04,4.0
max-exp-cap-V k=4.0,30026,1.0513086024239409,0.9439437074616326,0.10065169357572741,0.12219982875927017,0.5698988169075837,0.0,-0.08958333333333335,0.10325520833333333,0.0,0.0,2.49999999975,1.5022918612198402,0.3793529284281909,1.04,4.0
max-exp-cap-V k=4.0,30027,1.0515534507144282,0.9426720092711258,0.09816315757144282,0.12472084618716771,0.5914135603510285,0.0,-0.13984375,0.16432291666666665,0.0,0.0,2.49999999975,1.451880755286488,0.4073430673955931,1.04,4.0
max-exp-cap-V k=4.0,30028,1.0169537742319243,0.9093751160815359,0.09432558575652576,0.1296418890162357,0.6311019914612062,0.0,-0.14739583333333334,0.18398437499999998,0.0,0.0,2.49999999975,1.5127310973869084,0.4171937712864975,1.04,4.0
max-exp-cap-V k=4.0,30029,1.0462018477268535,0.9399663654796457,0.0988714868560187,0.11667281071407949,0.5491708032881525,0.0,-0.11497395833333335,0.13684895833333333,0.0,0.0,2.4999999997500004,1.413110377799228,0.3886255538958172,1.04,4.0
max-exp-cap-V k=4.0,30030,0.9615563368283002,0.8605585620048966,0.09390302951616336,0.12310295432275231,0.555721812004188,0.0,-0.04505208333333333,0.046484374999999994,0.0,0.0,2.4999999997500004,1.4220624018710484,0.39078581310708227,1.04,4.0
max-exp-cap-V k=4.0,30031,1.0430631161552606,0.9342892709317746,0.09807584286552605,0.12641411278301196,0.6006872634197398,0.0,-0.124609375,0.14544270833333334,0.0,0.0,2.4999999997500004,1.516518815346095,0.396096149511111,1.04,4.0
max-exp-cap-V k=4.0,30032,1.0313139017159092,0.9253051406694384,0.09837878600492425,0.12187581517517904,0.5670955769316165,0.0,-0.09505208333333334,0.10768229166666667,0.0,0.0,2.49999999975,1.5538630228490584,0.36495853791013594,1.04,4.0
max-exp-cap-V k=4.0,30033,1.0478080718696914,0.9390321409957729,0.09966361968696913,0.12743816397242352,0.5976819007615432,0.0,-0.10234375000000001,0.11627604166666666,0.0,0.0,2.4999999997500004,1.4381077368695239,0.41560300764571256,1.04,4.0
max-exp-cap-V k=4.0,30034,1.0128571174936056,0.9093601998028317,0.09755524299936055,0.1107645960655869,0.505368967071398,0.0,-0.074609375,0.08020833333333333,0.0,0.0,2.49999999975,1.4653649507632116,0.3448758391608758,1.04,4.0
max-exp-cap-V k=4.0,30035,1.0263262287672466,0.9202808261729832,0.09858965412672467,0.13172791385738591,0.6054013012762475,0.0,-0.08085937500000001,0.08697916666666666,0.0,0.0,2.49999999975,1.4305109001065528,0.42320635322048483,1.04,4.0
max-exp-cap-V k=4.0,30036,1.0389371711103756,0.9306777083981022,0.09742236294437087,0.12471637292661478,0.598573317882544,0.0,-0.1294270833333333,0.15494791666666666,0.0,0.0,2.4999999997500004,1.422519376197289,0.4207839470578346,1.04,4.0
max-exp-cap-V k=4.0,30037,1.0007306720964706,0.8977567089216403,0.09569806720964705,0.11753776772397265,0.5528878776265191,0.0,-0.0875,0.10091145833333334,0.0,0.0,2.49999999975,1.4538662573444603,0.38028799061365454,1.04,4.0
max-exp-cap-V k=4.0,30038,0.9948213180070278,0.8940770900685462,0.09731416305070277,0.12124463429823434,0.5437880240108325,0.0,-0.043359375,0.044140625,0.0,0.0,2.49999999975,1.5133299005896137,0.35933210848405583,1.04,4.0
max-exp-cap-V k=4.0,30039,1.0743063808077682,0.9635181204116479,0.09888246099744348,0.12408762934373067,0.6016425756239987,0.0,-0.17096354166666666,0.20651041666666664,0.0,0.0,2.49999999975,1.467263582372307,0.41004396405126375,1.04,4.0
max-exp-cap-V k=4.0,30040,1.063835454686009,0.9544749125476654,0.09865568088526754,0.12141761635277018,0.5930484019383666,0.0,-0.15455729166666665,0.19283854166666667,0.0,0.0,2.49999999975,1.5311965797066043,0.38731042754288403,1.04,4.0
max-exp-cap-V k=4.0,30041,1.0253333634272581,0.9193898703504491,0.09845781550939248,0.12382297629696448,0.5711478655289584,0.0,-0.08151041666666667,0.08919270833333334,0.0,0.0,2.49999999975,1.5258169821285186,0.3743226561367836,1.04,4.0
max-exp-cap-V k=4.0,30042,1.0914358275409564,0.9778427809032866,0.09909149942076231,0.11949049196771258,0.6104943597396759,0.0,-0.20104166666666665,0.29401041666666666,0.0,0.0,2.49999999975,1.4690855434373817,0.4155607973047198,1.04,4.0
max-exp-cap-V k=4.0,30043,1.0611752993690309,0.9501660032170467,0.09978289452023643,0.12191879415049484,0.5834222761737728,0.0,-0.12669270833333335,0.15078124999999998,0.0,0.0,2.49999999975,1.4503086439502935,0.40227456314724175,1.04,4.0
max-exp-cap-V k=4.0,30044,0.9783868716136341,0.8787800796681355,0.09657566632803008,0.11890740887967306,0.5220380274888348,0.0,-0.025260416666666667,0.025651041666666666,0.0,0.0,2.49999999975,1.4526525847966734,0.3593688077606691,1.04,4.0
max-exp-cap-V k=4.0,30045,1.0196746690068212,0.916153727182418,0.09963673773401545,0.12077749946143672,0.5401635474255714,0.0,-0.046614583333333334,0.047526041666666664,0.0,0.0,2.49999999975,1.5223362217340461,0.354825392520903,1.04,4.0
max-exp-cap-V k=4.0,30046,1.0498987601687348,0.941732100699145,0.09803024060020679,0.12302559404194337,0.5863262161645844,0.0,-0.13919270833333333,0.16822916666666665,0.0,0.0,2.49999999975,1.4948873619861698,0.3922210001063671,1.04,4.0
max-exp-cap-V k=4.0,30047,1.049418614156238,0.9405534684698098,0.09910201766562382,0.12625398503485089,0.5907544118562328,0.0,-0.116796875,0.13124999999999998,0.0,0.0,2.49999999975,1.4984946960761931,0.39423190045525197,1.04,4.0
max-exp-cap-V k=4.0,30048,1.0520630426857727,0.9442705819575511,0.1007466688519106,0.12452422204983092,0.5818111028080989,0.0,-0.08919270833333334,0.10234375000000001,0.0,0.0,2.49999999975,1.4796384125856683,0.3932116778391715,1.04,4.0
max-exp-cap-V k=4.0,30049,1.0291692053344164,0.9243614672886187,0.09739608720010831,0.1246721253901827,0.5895742208894708,0.0,-0.11041666666666666,0.13268229166666667,0.0,0.0,2.49999999975,1.455772042992785,0.4049907564356165,1.04,4.0
max-exp-cap-V k=8.0,30000,1.068090362763101,0.9590492887164458,0.10066971335964345,0.1276961988039179,0.5897000128342884,0.0,-0.12278645833333333,0.13763020833333334,0.0,0.0,2.49999999975,1.4880705821776319,0.396284974581868,1.04,8.0
max-exp-cap-V k=8.0,30001,1.055708952050738,0.9491454510730043,0.0999654264550738,0.11818163579932607,0.5524499985952043,0.0,-0.112109375,0.128125,0.0,0.0,2.49999999975,1.5396238171677932,0.35882141626742353,1.04,8.0
max-exp-cap-V k=8.0,30002,1.0440155352848537,0.9358242348054181,0.09889374102848537,0.1204911020287024,0.5679497109939539,0.0,-0.11015625,0.12578125,0.0,0.0,2.49999999975,1.4813881739328378,0.383390201830856,1.04,8.0
max-exp-cap-V k=8.0,30003,1.0384963310460498,0.9329126657338482,0.09944208102127164,0.1258165300553527,0.5768138466464183,0.0,-0.08815104166666667,0.09479166666666666,0.0,0.0,2.49999999975,1.4397385928251647,0.40063790018613743,1.04,8.0
max-exp-cap-V k=8.0,30004,1.0081020995076353,0.9042399435367134,0.09716437661743019,0.1226381960628691,0.5644774677588825,0.0,-0.07291666666666666,0.08046875,0.0,0.0,2.49999999975,1.459627824469175,0.3867269849861672,1.04,8.0
max-exp-cap-V k=8.0,30005,1.0077886312545101,0.9062353868687216,0.09980881104211767,0.12718053312483174,0.5587969746378862,0.0,-0.019401041666666667,0.019401041666666667,0.0,0.0,2.49999999975,1.5280952189968098,0.3656820384561735,1.04,8.0
max-exp-cap-V k=8.0,30006,1.0148689628211613,0.9096466307048128,0.09456632336544946,0.10396487838399562,0.4962342140997789,0.0,-0.13841145833333335,0.166796875,0.0,0.0,2.49999999975,1.4160639743178496,0.3504320589321018,1.04,8.0
max-exp-cap-V k=8.0,30007,1.0180619090666783,0.910141189853059,0.09476192007333448,0.12117306138770692,0.5826060776511722,0.0,-0.14088541666666665,0.16588541666666667,0.0,0.0,2.49999999975,1.4598588906621588,0.3990838302097235,1.04,8.0
max-exp-cap-V k=8.0,30008,1.0218871629846356,0.9146661464414721,0.09554158088179689,0.12397491387472036,0.5863974619539831,0.0,-0.13294270833333333,0.15221354166666667,0.0,0.0,2.49999999975,1.430805286365046,0.4098373605004795,1.04,8.0
max-exp-cap-V k=8.0,30009,1.0099399023673246,0.9073258974919067,0.09831820898673246,0.12534537781593927,0.5651550223567156,0.0,-0.053515625,0.05559895833333333,0.0,0.0,2.4999999997499995,1.4849957272430707,0.3805768676560027,1.04,8.0
max-exp-cap-V k=8.0,30010,1.002489531017418,0.898596490997276,0.09659660935174177,0.12499829994398926,0.5721846359369666,0.0,-0.07304687500000001,0.079296875,0.0,0.0,2.49999999975,1.4178148009368936,0.403567966393683,1.04,8.0
max-exp-cap-V k=8.0,30011,1.0405218671171226,0.9360919378800842,0.10202744712837894,0.12309368967526754,0.546276978398304,0.0,-0.04049479166666667,0.04049479166666667,0.0,0.0,2.49999999975,1.4886255258212753,0.36696735943508885,1.04,8.0
max-exp-cap-V k=8.0,30012,0.9862757163815323,0.885730622900965,0.09451949872148657,0.11125273207982729,0.5130229037033268,0.0,-0.08216145833333333,0.0921875,0.0,0.0,2.49999999975,1.4410705588637593,0.35600123848746856,1.04,8.0
max-exp-cap-V k=8.0,30013,1.0388306209088995,0.9318393983682574,0.09898722875755664,0.1189662141273024,0.5596668225392732,0.0,-0.09791666666666668,0.11458333333333334,0.0,0.0,2.49999999975,1.5402100221610666,0.3633704588897594,1.04,8.0
max-exp-cap-V k=8.0,30014,1.0279735652484432,0.9206046154702623,0.09908641902484433,0.12330681207716106,0.5642930199475309,0.0,-0.07421875,0.079296875,0.0,0.0,2.49999999975,1.4965559255029084,0.37706109763850204,1.04,8.0
max-exp-cap-V k=8.0,30015,1.0221641543175606,0.9142230730714671,0.0962138112650894,0.12600936724675255,0.59666238878081,0.0,-0.12005208333333332,0.13919270833333333,0.0,0.0,2.4999999997500004,1.5155514208020588,0.3936932660886193,1.04,8.0
max-exp-cap-V k=8.0,30016,1.077508108800421,0.9672248385309876,0.10271825879670878,0.12459290069927081,0.5831875820172799,0.0,-0.10065104166666666,0.11523437499999999,0.0,0.0,2.49999999975,1.4607584569399226,0.39923614971839594,1.04,8.0
max-exp-cap-V k=8.0,30017,1.0415030866876798,0.9316970286899757,0.0962141107521013,0.12231530115015328,0.5957205362876457,0.0,-0.15872395833333333,0.201171875,0.0,0.0,2.49999999975,1.3761453659768463,0.4328907040026095,1.04,8.0
max-exp-cap-V k=8.0,30018,1.0207361297951663,0.9166019887795992,0.09902022756284994,0.11372748409295756,0.5184700441716259,0.0,-0.06106770833333333,0.066015625,0.0,0.0,2.4999999997499995,1.4958657340539219,0.3466019926578093,1.04,8.0
max-exp-cap-V k=8.0,30019,0.9784516099417959,0.8781688115783159,0.09670583807751293,0.11915557166005873,0.5265173382598064,0.0,-0.022786458333333336,0.023046875,0.0,0.0,2.49999999975,1.4825245825787263,0.35514914521280583,1.04,8.0
max-exp-cap-V k=8.0,30020,1.0723064872980204,0.96370658679135,0.10072023206313538,0.11440454044050968,0.5428203745702395,0.0,-0.13020833333333334,0.15885416666666669,0.0,0.0,2.49999999975,1.4728842664236368,0.36854244895173,1.04,8.0
max-exp-cap-V k=8.0,30021,1.014945175360987,0.9095580676983388,0.09676795503609872,0.12232589268632847,0.559017053206615,0.0,-0.09453125,0.10260416666666666,0.0,0.0,2.49999999975,1.4670374858804651,0.38105164904570404,1.04,8.0
max-exp-cap-V k=8.0,30022,1.0174471378230607,0.9098323078756875,0.09482414086563942,0.12956375718270524,0.6231252738636868,0.0,-0.13841145833333335,0.16614583333333333,0.0,0.0,2.49999999975,1.4089876077252288,0.44225035795006395,1.04,8.0
max-exp-cap-V k=8.0,30023,1.0029559353335515,0.901867609543054,0.09683856228335515,0.12099528118777951,0.5542495557523617,0.0,-0.069140625,0.07434895833333333,0.0,0.0,2.49999999975,1.5107168733394523,0.36687851015206335,1.04,8.0
max-exp-cap-V k=8.0,30024,1.0060545696655763,0.9033079996489279,0.09751300904989095,0.12440280019125646,0.569140873402197,0.0,-0.06184895833333333,0.06666666666666667,0.0,0.0,2.49999999975,1.4968878857143118,0.38021609957154817,1.04,8.0
max-exp-cap-V k=8.0,30025,1.004871632958249,0.9005651344030411,0.09427622579582488,0.12189380241785867,0.5766852701121861,0.0,-0.12421875,0.15065104166666665,0.0,0.0,2.4999999997500004,1.4291490184318385,0.40351654213425914,1.04,8.0
max-exp-cap-V k=8.0,30026,1.0513086587567255,0.9439437553874828,0.10065169920900588,0.12219982875927017,0.5698988169075837,0.0,-0.08958333333333335,0.10325520833333333,0.0,0.0,2.49999999975,1.502275220124178,0.37935713061983134,1.04,8.0
max-exp-cap-V k=8.0,30027,1.051553290015804,0.9426718697645472,0.09816314150158043,0.12472084618716771,0.5914135603510285,0.0,-0.13984375,0.16432291666666665,0.0,0.0,2.49999999975,1.4507513423767429,0.4076601848130122,1.04,8.0
max-exp-cap-V k=8.0,30028,1.016951698707916,0.9093733503024571,0.09432537820412494,0.1296418890162357,0.6311019914612062,0.0,-0.14739583333333334,0.18398437499999998,0.0,0.0,2.49999999975,1.5128130766674661,0.4171711635725963,1.04,8.0
max-exp-cap-V k=8.0,30029,1.0461977981487078,0.9399629202483022,0.09887108189820412,0.11667281071407949,0.5491708032881525,0.0,-0.11497395833333335,0.13684895833333333,0.0,0.0,2.49999999975,1.4124705677047902,0.3888015905213046,1.04,8.0
max-exp-cap-V k=8.0,30030,0.9615563368283002,0.8605585620048966,0.09390302951616336,0.12310295432275231,0.555721812004188,0.0,-0.04505208333333333,0.046484374999999994,0.0,0.0,2.4999999997500004,1.4220624018710484,0.39078581310708227,1.04,8.0
max-exp-cap-V k=8.0,30031,1.0430628796640335,0.9342890697337835,0.09807581921640335,0.12641411278301196,0.6006872634197398,0.0,-0.124609375,0.14544270833333334,0.0,0.0,2.49999999975,1.5164558541339401,0.39611259489172335,1.04,8.0
max-exp-cap-V k=8.0,30032,1.0313139017159092,0.9253051406694384,0.09837878600492425,0.12187581517517904,0.5670955769316165,0.0,-0.09505208333333334,0.10768229166666667,0.0,0.0,2.49999999975,1.5527760771217514,0.3652140094679931,1.04,8.0
max-exp-cap-V k=8.0,30033,1.0478080718696914,0.9390321409957729,0.09966361968696913,0.12743816397242352,0.5976819007615432,0.0,-0.10234375000000001,0.11627604166666666,0.0,0.0,2.49999999975,1.437776089705836,0.41569887344824796,1.04,8.0
max-exp-cap-V k=8.0,30034,1.012852998291341,0.9093567654271617,0.0975548310791341,0.11076047686332223,0.5053501730066191,0.0,-0.074609375,0.08020833333333333,0.0,0.0,2.49999999975,1.4645586499876098,0.3450528751517697,1.04,8.0
max-exp-cap-V k=8.0,30035,1.0263296552319616,0.9202837412824609,0.09858999677319616,0.13172791385738591,0.6054013012762475,0.0,-0.08085937500000001,0.08697916666666666,0.0,0.0,2.49999999975,1.430801497939059,0.42312039940430146,1.04,8.0
max-exp-cap-V k=8.0,30036,1.0389371711103756,0.9306777083981022,0.09742236294437087,0.12471637292661478,0.598573317882544,0.0,-0.1294270833333333,0.15494791666666666,0.0,0.0,2.49999999975,1.4207318704674585,0.42131335991329416,1.04,8.0
max-exp-cap-V k=8.0,30037,1.0007306720964706,0.8977567089216403,0.09569806720964705,0.11753776772397265,0.5528878776265191,0.0,-0.0875,0.10091145833333334,0.0,0.0,2.49999999975,1.453821722577582,0.38029963993540117,1.04,8.0
max-exp-cap-V k=8.0,30038,0.9948213180070278,0.8940770900685462,0.09731416305070277,0.12124463429823434,0.5437880240108325,0.0,-0.043359375,0.044140625,0.0,0.0,2.49999999975,1.5133299005896137,0.35933210848405583,1.04,8.0
max-exp-cap-V k=8.0,30039,1.0742865064843121,0.9635005987188805,0.09888047356509787,0.12408762934373067,0.6016425756239987,0.0,-0.17096354166666666,0.20651041666666664,0.0,0.0,2.49999999975,1.465709249154041,0.4104788012842567,1.04,8.0
max-exp-cap-V k=8.0,30040,1.0637703505193423,0.9544195243300494,0.09865568088526754,0.12141761635277018,0.5930484019383666,0.0,-0.15442708333333333,0.19283854166666667,0.0,0.0,2.49999999975,1.5300757281037762,0.38759415043681,1.04,8.0
max-exp-cap-V k=8.0,30041,1.0253333634272581,0.9193898703504491,0.09845781550939248,0.12382297629696448,0.5711478655289584,0.0,-0.08151041666666667,0.08919270833333334,0.0,0.0,2.49999999975,1.5258169821285186,0.3743226561367836,1.04,8.0
max-exp-cap-V k=8.0,30042,1.091305619207623,0.9777342199967592,0.09909149942076231,0.11949049196771258,0.6104943597396759,0.0,-0.20078125,0.29401041666666666,0.0,0.0,2.49999999975,1.467242227988398,0.41608287172641495,1.04,8.0
max-exp-cap-V k=8.0,30043,1.0611752993690309,0.9501660032170467,0.09978289452023643,0.12191879415049484,0.5834222761737728,0.0,-0.12669270833333335,0.15078124999999998,0.0,0.0,2.49999999975,1.4503948265163742,0.40225065996344156,1.04,8.0
max-exp-cap-V k=8.0,30044,0.9783868716136341,0.8787800796681355,0.09657566632803008,0.11890740887967306,0.5220380274888348,0.0,-0.025260416666666667,0.025651041666666666,0.0,0.0,2.49999999975,1.4526525847966734,0.3593688077606691,1.04,8.0
max-exp-cap-V k=8.0,30045,1.0196746690068212,0.916153727182418,0.09963673773401545,0.12077749946143672,0.5401635474255714,0.0,-0.046614583333333334,0.047526041666666664,0.0,0.0,2.49999999975,1.5223362217340461,0.354825392520903,1.04,8.0
max-exp-cap-V k=8.0,30046,1.049833656002068,0.9416767124815288,0.09803024060020679,0.12302559404194337,0.5863262161645844,0.0,-0.13906249999999998,0.16822916666666665,0.0,0.0,2.49999999975,1.494457768954355,0.3923337469581534,1.04,8.0
max-exp-cap-V k=8.0,30047,1.0494181554344453,0.9405530702417086,0.09910197179344454,0.12625398503485089,0.5907544118562328,0.0,-0.116796875,0.13124999999999998,0.0,0.0,2.49999999975,1.4982523217125,0.3942956758985706,1.04,8.0
max-exp-cap-V k=8.0,30048,1.0520630426857727,0.9442705819575511,0.1007466688519106,0.12452422204983092,0.5818111028080989,0.0,-0.08919270833333334,0.10234375000000001,0.0,0.0,2.49999999975,1.479963368220833,0.393125340330237,1.04,8.0
max-exp-cap-V k=8.0,30049,1.0291637065892358,0.9243567144586267,0.09739553732559023,0.1246721253901827,0.5895742208894708,0.0,-0.11041666666666666,0.13268229166666667,0.0,0.0,2.49999999975,1.455532610945121,0.40505737656172647,1.04,8.0
max-exp-cap-V k=16.0,30000,1.068090362763101,0.9590492887164458,0.10066971335964345,0.1276961988039179,0.5897000128342884,0.0,-0.12278645833333333,0.13763020833333334,0.0,0.0,2.4999999997499995,1.488128901953534,0.3962694441725865,1.04,16.0
max-exp-cap-V k=16.0,30001,1.0557080178783196,0.949144672208841,0.09996533303783195,0.11818070162690769,0.5524456317276472,0.0,-0.112109375,0.128125,0.0,0.0,2.49999999975,1.53941134854726,0.35886810386904655,1.04,16.0
max-exp-cap-V k=16.0,30002,1.0440155352848537,0.9358242348054181,0.09889374102848537,0.1204911020287024,0.5679497109939539,0.0,-0.11015625,0.12578125,0.0,0.0,2.49999999975,1.480945209755427,0.3835048773261158,1.04,16.0
max-exp-cap-V k=16.0,30003,1.0384963310460498,0.9329126657338482,0.09944208102127164,0.1258165300553527,0.5768138466464183,0.0,-0.08815104166666667,0.09479166666666666,0.0,0.0,2.49999999975,1.4396082636987528,0.4006741703221567,1.04,16.0
max-exp-cap-V k=16.0,30004,1.0081020995076353,0.9042399435367134,0.09716437661743019,0.1226381960628691,0.5644774677588825,0.0,-0.07291666666666666,0.08046875,0.0,0.0,2.49999999975,1.459771984432387,0.3866887937148431,1.04,16.0
max-exp-cap-V k=16.0,30005,1.0077886312545101,0.9062353868687216,0.09980881104211767,0.12718053312483174,0.5587969746378862,0.0,-0.019401041666666667,0.019401041666666667,0.0,0.0,2.49999999975,1.5280952189968098,0.3656820384561735,1.04,16.0
max-exp-cap-V k=16.0,30006,1.0148689628211613,0.9096466307048128,0.09456632336544946,0.10396487838399562,0.4962342140997789,0.0,-0.13841145833333335,0.166796875,0.0,0.0,2.49999999975,1.4165479860949466,0.35031232190571054,1.04,16.0
max-exp-cap-V k=16.0,30007,1.0187127903857822,0.910683490160091,0.09475539362191154,0.12111490962700612,0.582326481107003,0.0,-0.14231770833333332,0.16588541666666667,0.0,0.0,2.49999999975,1.4325278501764742,0.4065027294479935,1.04,16.0
max-exp-cap-V k=16.0,30008,1.0218893575469945,0.9146680515970903,0.09554180033803278,0.12397491387472036,0.5863974619539831,0.0,-0.13294270833333333,0.15221354166666667,0.0,0.0,2.49999999975,1.4308819872083438,0.40981539162292957,1.04,16.0
max-exp-cap-V k=16.0,30009,1.0099399023673246,0.9073258974919067,0.09831820898673246,0.12534537781593927,0.5651550223567156,0.0,-0.053515625,0.05559895833333333,0.0,0.0,2.4999999997499995,1.4849957272430707,0.3805768676560027,1.04,16.0
max-exp-cap-V k=16.0,30010,1.002489531017418,0.898596490997276,0.09659660935174177,0.12499829994398926,0.5721846359369666,0.0,-0.07304687500000001,0.079296875,0.0,0.0,2.49999999975,1.417409531520712,0.40368335559524593,1.04,16.0
max-exp-cap-V k=16.0,30011,1.0405218671171226,0.9360919378800842,0.10202744712837894,0.12309368967526754,0.546276978398304,0.0,-0.04049479166666667,0.04049479166666667,0.0,0.0,2.49999999975,1.4886255258212753,0.36696735943508885,1.04,16.0
max-exp-cap-V k=16.0,30012,0.9862766327412246,0.8857313869138077,0.09451959035745579,0.11125364843951951,0.5130271293389705,0.0,-0.08216145833333333,0.0921875,0.0,0.0,2.49999999975,1.441293218556277,0.3559491730994631,1.04,16.0
max-exp-cap-V k=16.0,30013,1.0388306209088995,0.9318393983682574,0.09898722875755664,0.1189662141273024,0.5596668225392732,0.0,-0.09791666666666668,0.11458333333333334,0.0,0.0,2.49999999975,1.5398070338367602,0.36346555785288437,1.04,16.0
max-exp-cap-V k=16.0,30014,1.0279735652484432,0.9206046154702623,0.09908641902484433,0.12330681207716106,0.5642930199475309,0.0,-0.07421875,0.079296875,0.0,0.0,2.49999999975,1.4960375191309132,0.37719175671165206,1.04,16.0
max-exp-cap-V k=16.0,30015,1.0221641543175606,0.9142230730714671,0.0962138112650894,0.12600936724675255,0.59666238878081,0.0,-0.12005208333333332,0.13919270833333333,0.0,0.0,2.4999999997500004,1.5158359869227005,0.3936193585112692,1.04,16.0
max-exp-cap-V k=16.0,30016,1.0775069837142675,0.9672239004929247,0.10271814628809339,0.12459177561311706,0.5831823157760264,0.0,-0.10065104166666666,0.11523437499999999,0.0,0.0,2.49999999975,1.4606448967283165,0.39926358355976216,1.04,16.0
max-exp-cap-V k=16.0,30017,1.0415021498676031,0.9316962316780957,0.09621401707009364,0.12231530115015328,0.5957205362876457,0.0,-0.15872395833333333,0.201171875,0.0,0.0,2.49999999975,1.3749939001595342,0.4332532211368552,1.04,16.0
max-exp-cap-V k=16.0,30018,1.0207361297951663,0.9166019887795992,0.09902022756284994,0.11372748409295756,0.5184700441716259,0.0,-0.06106770833333333,0.066015625,0.0,0.0,2.4999999997499995,1.4958657340539219,0.3466019926578093,1.04,16.0
max-exp-cap-V k=16.0,30019,0.9784516099417959,0.8781688115783159,0.09670583807751293,0.11915557166005873,0.5265173382598064,0.0,-0.022786458333333336,0.023046875,0.0,0.0,2.49999999975,1.4825245825787263,0.35514914521280583,1.04,16.0
max-exp-cap-V k=16.0,30020,1.0723071770572965,0.9637071618766029,0.100720301039063,0.1144052301997858,0.5428236473021362,0.0,-0.13020833333333334,0.15885416666666669,0.0,0.0,2.49999999975,1.4733049801268459,0.36843943014120617,1.04,16.0
max-exp-cap-V k=16.0,30021,1.0149400268502151,0.909553716795655,0.09676744018502151,0.12232417305925698,0.5590091946834764,0.0,-0.09453125,0.10260416666666666,0.0,0.0,2.4999999997499995,1.4665542413140837,0.38117185095219164,1.04,16.0
max-exp-cap-V k=16.0,30022,1.01744589343562,0.9098312275911768,0.09482401642689534,0.12956375718270524,0.6231252738636868,0.0,-0.13841145833333335,0.16614583333333333,0.0,0.0,2.49999999975,1.4083593255095428,0.44244764995484426,1.04,16.0
max-exp-cap-V k=16.0,30023,1.0029564059882015,0.901868001950315,0.09683860934882013,0.12099575184242939,0.5542517117052884,0.0,-0.069140625,0.07434895833333333,0.0,0.0,2.49999999975,1.5112078669461178,0.36676073743933885,1.04,16.0
max-exp-cap-V k=16.0,30024,1.0060545696655763,0.9033079996489279,0.09751300904989095,0.12440280019125646,0.569140873402197,0.0,-0.06184895833333333,0.06666666666666667,0.0,0.0,2.49999999975,1.4968878857143118,0.38021609957154817,1.04,16.0
max-exp-cap-V k=16.0,30025,1.0048633876398942,0.9005582598873149,0.09427540126398944,0.12188555709950413,0.5766462611261004,0.0,-0.12421875,0.15065104166666665,0.0,0.0,2.49999999975,1.4280834902677861,0.40379030011611644,1.04,16.0
max-exp-cap-V k=16.0,30026,1.0513086910788376,0.9439437828859406,0.1006517024412171,0.12219982875927017,0.5698988169075837,0.0,-0.08958333333333335,0.10325520833333333,0.0,0.0,2.4999999997500004,1.5022656268567118,0.379359553143754,1.04,16.0
max-exp-cap-V k=16.0,30027,1.0515531974286514,0.9426717893872758,0.09816313224286513,0.12472084618716771,0.5914135603510285,0.0,-0.13984375,0.16432291666666665,0.0,0.0,2.49999999975,1.4500961782918222,0.4078443686733243,1.04,16.0
max-exp-cap-V k=16.0,30028,1.0169505074777088,0.9093723368478455,0.0943252590811042,0.1296418890162357,0.6311019914612062,0.0,-0.14739583333333334,0.18398437499999998,0.0,0.0,2.49999999975,1.5128765498347767,0.41715366103739904,1.04,16.0
max-exp-cap-V k=16.0,30029,1.046195477304181,0.9399609457595977,0.09887084981375144,0.11667281071407949,0.5491708032881525,0.0,-0.11497395833333335,0.13684895833333333,0.0,0.0,2.49999999975,1.4119702934879292,0.38893934654358736,1.04,16.0
max-exp-cap-V k=16.0,30030,0.9615563368283002,0.8605585620048966,0.09390302951616336,0.12310295432275231,0.555721812004188,0.0,-0.04505208333333333,0.046484374999999994,0.0,0.0,2.4999999997500004,1.4220624018710484,0.39078581310708227,1.04,16.0
max-exp-cap-V k=16.0,30031,1.043062744275113,0.9342889545498964,0.09807580567751131,0.12641411278301196,0.6006872634197398,0.0,-0.124609375,0.14544270833333334,0.0,0.0,2.49999999975,1.51641980756184,0.39612201082070314,1.04,16.0
max-exp-cap-V k=16.0,30032,1.0313139017159092,0.9253051406694384,0.09837878600492425,0.12187581517517904,0.5670955769316165,0.0,-0.09505208333333334,0.10768229166666667,0.0,0.0,2.49999999975,1.552150677088337,0.3653611632573102,1.04,16.0
max-exp-cap-V k=16.0,30033,1.0478080718696914,0.9390321409957729,0.09966361968696913,0.12743816397242352,0.5976819007615432,0.0,-0.10234375000000001,0.11627604166666666,0.0,0.0,2.49999999975,1.4375860071692863,0.4157538385744469,1.04,16.0
max-exp-cap-V k=16.0,30034,1.012850627833127,0.9093547890629305,0.0975545940333127,0.11075810640510823,0.505339357673366,0.0,-0.074609375,0.08020833333333333,0.0,0.0,2.49999999975,1.464094651821536,0.34515484162492777,1.04,16.0
max-exp-cap-V k=16.0,30035,1.0263316257070283,0.9202854176897846,0.09859019382070283,0.13172791385738591,0.6054013012762475,0.0,-0.08085937500000001,0.08697916666666666,0.0,0.0,2.49999999975,1.4309686135614452,0.4230709853023983,1.04,16.0
max-exp-cap-V k=16.0,30036,1.0389371711103756,0.9306777083981022,0.09742236294437087,0.12471637292661478,0.598573317882544,0.0,-0.1294270833333333,0.15494791666666666,0.0,0.0,2.49999999975,1.4197030733893667,0.4216186673834013,1.04,16.0
max-exp-cap-V k=16.0,30037,1.0007306720964706,0.8977567089216403,0.09569806720964705,0.11753776772397265,0.5528878776265191,0.0,-0.0875,0.10091145833333334,0.0,0.0,2.49999999975,1.4537960789931752,0.3803063480604659,1.04,16.0
max-exp-cap-V k=16.0,30038,0.9948213180070278,0.8940770900685462,0.09731416305070277,0.12124463429823434,0.5437880240108325,0.0,-0.043359375,0.044140625,0.0,0.0,2.49999999975,1.5133299005896137,0.35933210848405583,1.04,16.0
max-exp-cap-V k=16.0,30039,1.0742750572417339,0.9634905050044351,0.09887932864084005,0.12408762934373067,0.6016425756239987,0.0,-0.17096354166666666,0.20651041666666664,0.0,0.0,2.49999999975,1.4646490026922228,0.41077594325882744,1.04,16.0
max-exp-cap-V k=16.0,30040,1.0637703505193423,0.9544195243300494,0.09865568088526754,0.12141761635277018,0.5930484019383666,0.0,-0.15442708333333333,0.19283854166666667,0.0,0.0,2.49999999975,1.5294032880265336,0.3877645658154737,1.04,16.0
max-exp-cap-V k=16.0,30041,1.0253333634272581,0.9193898703504491,0.09845781550939248,0.12382297629696448,0.5711478655289584,0.0,-0.08151041666666667,0.08919270833333334,0.0,0.0,2.49999999975,1.5258169821285186,0.3743226561367836,1.04,16.0
max-exp-cap-V k=16.0,30042,1.0912405150409563,0.9776788317791433,0.09909149942076231,0.11949049196771258,0.6104943597396759,0.0,-0.20065104166666667,0.29401041666666666,0.0,0.0,2.49999999975,1.4659390775190677,0.4164527497096721,1.04,16.0
max-exp-cap-V k=16.0,30043,1.0611752993690309,0.9501660032170467,0.09978289452023643,0.12191879415049484,0.5834222761737728,0.0,-0.12669270833333335,0.15078124999999998,0.0,0.0,2.49999999975,1.450446608463317,0.40223629933671434,1.04,16.0
max-exp-cap-V k=16.0,30044,0.9783868716136341,0.8787800796681355,0.09657566632803008,0.11890740887967306,0.5220380274888348,0.0,-0.025260416666666667,0.025651041666666666,0.0,0.0,2.49999999975,1.4526525847966734,0.3593688077606691,1.04,16.0
max-exp-cap-V k=16.0,30045,1.0196746690068212,0.916153727182418,0.09963673773401545,0.12077749946143672,0.5401635474255714,0.0,-0.046614583333333334,0.047526041666666664,0.0,0.0,2.49999999975,1.5223362217340461,0.354825392520903,1.04,16.0
max-exp-cap-V k=16.0,30046,1.049833656002068,0.9416767124815288,0.09803024060020679,0.12302559404194337,0.5863262161645844,0.0,-0.13906249999999998,0.16822916666666665,0.0,0.0,2.49999999975,1.4941926377377417,0.3924033630980153,1.04,16.0
max-exp-cap-V k=16.0,30047,1.049417892405826,0.9405528418998482,0.09910194549058259,0.12625398503485089,0.5907544118562328,0.0,-0.116796875,0.13124999999999998,0.0,0.0,2.49999999975,1.4981133397488895,0.39433225523193977,1.04,16.0
max-exp-cap-V k=16.0,30048,1.0520630426857727,0.9442705819575511,0.1007466688519106,0.12452422204983092,0.5818111028080989,0.0,-0.08919270833333334,0.10234375000000001,0.0,0.0,2.49999999975,1.4801495851605715,0.39307588141166294,1.04,16.0
max-exp-cap-V k=16.0,30049,1.0291605438676572,0.9243539807662147,0.09739522105343239,0.1246721253901827,0.5895742208894708,0.0,-0.11041666666666666,0.13268229166666667,0.0,0.0,2.49999999975,1.4553948967498351,0.40509570440716713,1.04,16.0
max-exp-cap-V k=0.0,30000,1.0067622377631011,0.9063518228580725,0.10066971335964345,0.1276961988039179,0.5897000128342884,0.0,-0.00013020833333333333,0.00013020833333333333,0.0,0.0,2.49999999975,1.5064400452872135,0.39145269317495995,1.05,0.0
max-exp-cap-V k=0.0,30001,1.0001178916589615,0.9016168068263632,0.09996621624922948,0.11818953374088288,0.5524869181874273,0.0,-0.0009114583333333333,0.0009114583333333333,0.0,0.0,2.49999999975,1.5414201287633102,0.35842721129552824,1.05,0.0
max-exp-cap-V k=0.0,30002,0.9903697019515204,0.890079146128701,0.09889374102848537,0.1204911020287024,0.5679497109939539,0.0,-0.002864583333333333,0.002864583333333333,0.0,0.0,2.49999999975,1.4633874616972342,0.38810617547265763,1.05,0.0
max-exp-cap-V k=0.0,30003,0.9944208102127163,0.8953530810870132,0.09944208102127164,0.1258165300553527,0.5768138466464183,0.0,0.0,0.0,0.0,0.0,2.49999999975,1.4664744144230264,0.39333372677583434,1.05,0.0
max-exp-cap-V k=0.0,30004,0.9717739745076353,0.873516199786306,0.09716437661743019,0.1226381960628691,0.5644774677588825,0.0,-0.00026041666666666666,0.00026041666666666666,0.0,0.0,2.49999999975,1.49494351075862,0.37759116896158457,1.05,0.0
max-exp-cap-V k=0.0,30005,0.9980881104211767,0.8980876670202289,0.09980881104211767,0.12718053312483174,0.5587969746378862,0.0,0.0,0.0,0.0,0.0,2.49999999975,1.5280952189968098,0.3656820384561735,1.05,0.0
max-exp-cap-V k=0.0,30006,0.9487882336544946,0.8530705138386752,0.09456632336544946,0.10396487838399562,0.4962342140997789,0.0,-0.00625,0.00703125,0.0,0.0,2.49999999975,1.4919454428693641,0.3326088205647809,1.05,0.0
max-exp-cap-V k=0.0,30007,0.950140636105125,0.8518737987436287,0.09464948027717916,0.12108659055297234,0.5821903215971533,0.0,-0.007291666666666666,0.007421875,0.0,0.0,2.49999999975,1.4192180251667,0.410219086337189,1.05,0.0
max-exp-cap-V k=0.0,30008,0.9580199753724572,0.8599605481094686,0.09558064337057906,0.12397491387472036,0.5863974619539831,0.0,-0.004427083333333333,0.004427083333333333,0.0,0.0,2.49999999975,1.4730538748740418,0.39808283454950005,1.05,0.0
max-exp-cap-V k=0.0,30009,0.9831820898673246,0.8844974604492283,0.09831820898673246,0.12534537781593927,0.5651550223567156,0.0,0.0,0.0,0.0,0.0,2.4999999997499995,1.4849957272430707,0.3805768676560027,1.05,0.0
max-exp-cap-V k=0.0,30010,0.9659660935174178,0.8676376889711062,0.09659660935174177,0.12499829994398926,0.5721846359369666,0.0,0.0,0.0,0.0,0.0,2.49999999975,1.4496948496324118,0.39469315634393753,1.05,0.0
max-exp-cap-V k=0.0,30011,1.0202744712837895,0.9188879053115913,0.10202744712837894,0.12309368967526754,0.546276978398304,0.0,0.0,0.0,0.0,0.0,2.49999999975,1.4886255258212753,0.36696735943508885,1.05,0.0
max-exp-cap-V k=0.0,30012,0.9453969074497647,0.8510016823431147,0.09453318032830979,0.11138954814805958,0.513653807549782,0.0,-0.00013020833333333333,0.00013020833333333333,0.0,0.0,2.49999999975,1.4743145174713694,0.3484017836511312,1.05,0.0
max-exp-cap-V k=0.0,30013,0.9918254125755662,0.8919790592495295,0.09898722875755664,0.1189662141273024,0.5596668225392732,0.0,-0.00390625,0.00390625,0.0,0.0,2.49999999975,1.513852490028977,0.36969706508760347,1.05,0.0
max-exp-cap-V k=0.0,30014,0.9908641902484433,0.8890795562344223,0.09908641902484433,0.12330681207716106,0.5642930199475309,0.0,0.0,0.0,0.0,0.0,2.49999999975,1.492720791777887,0.37802985196946076,1.05,0.0
max-exp-cap-V k=0.0,30015,0.9642214459842273,0.8648019946536887,0.0962138112650894,0.12600936724675255,0.59666238878081,0.0,-0.004166666666666667,0.004166666666666667,0.0,0.0,2.49999999975,1.4963424223220672,0.3987472251537801,1.05,0.0
max-exp-cap-V k=0.0,30016,1.0284270736879004,0.9255014114076432,0.1027776032021234,0.12518634475341692,0.5859653422352185,0.0,-0.0013020833333333333,0.0013020833333333333,0.0,0.0,2.49999999975,1.520657543021315,0.38533682019621235,1.05,0.0
max-exp-cap-V k=0.0,30017,0.9714731920898465,0.87174210085374,0.09624888170898466,0.12231530115015328,0.5957205362876457,0.0,-0.01796875,0.01796875,0.0,0.0,2.49999999975,1.4937871596300354,0.3987988064077262,1.05,0.0
max-exp-cap-V k=0.0,30018,0.9902022756284994,0.8907485257171716,0.09902022756284994,0.11372748409295756,0.5184700441716259,0.0,0.0,0.0,0.0,0.0,2.4999999997499995,1.4958657340539219,0.3466019926578093,1.05,0.0
max-exp-cap-V k=0.0,30019,0.9670583807751293,0.8686030403216749,0.09670583807751293,0.11915557166005873,0.5265173382598064,0.0,0.0,0.0,0.0,0.0,2.49999999975,1.4825245825787263,0.35514914521280583,1.05,0.0
max-exp-cap-V k=0.0,30020,1.0090401433084573,0.9096492914377913,0.10072823308084573,0.11448455061761321,0.5432000024603348,0.0,-0.003515625,0.0037760416666666667,0.0,0.0,2.49999999975,1.521685897750909,0.35697248904205425,1.05,0.0
max-exp-cap-V k=0.0,30021,0.9677827253165705,0.8692278986631221,0.09677827253165705,0.12234579471082312,0.55910800346123,0.0,0.0,0.0,0.0,0.0,2.49999999975,1.4726302945519123,0.3796662377038453,1.05,0.0
max-exp-cap-V k=0.0,30022,0.9518650951640246,0.8537828345711523,0.09486749909973577,0.12956375718270524,0.6231252738636868,0.0,-0.006380208333333333,0.006380208333333333,0.0,0.0,2.49999999975,1.446031048688528,0.4309210887475948,1.05,0.0
max-exp-cap-V k=0.0,30023,0.9683793548187483,0.8725809984221413,0.09683793548187483,0.12098901317297628,0.554220843521719,0.0,0.0,0.0,0.0,0.0,2.49999999975,1.504177991389335,0.3684542964292494,1.05,0.0
max-exp-cap-V k=0.0,30024,0.9751300904989095,0.8770910486978098,0.09751300904989095,0.12440280019125646,0.569140873402197,0.0,0.0,0.0,0.0,0.0,2.49999999975,1.4968878857143118,0.38021609957154817,1.05,0.0
max-exp-cap-V k=0.0,30025,0.9446636842350761,0.8490675822884335,0.0943101184235076,0.12223272869468582,0.5782887461513546,0.0,-0.003125,0.003125,0.0,0.0,2.49999999975,1.4729478722741818,0.39260638956523036,1.05,0.0
max-exp-cap-V k=0.0,30026,1.0070958180197818,0.9064900366273507,0.10065098805197818,0.12219982875927017,0.5698988169075837,0.0,-0.001171875,0.001171875,0.0,0.0,2.4999999997500004,1.4988548285128407,0.38022282483023095,1.05,0.0
max-exp-cap-V k=0.0,30027,0.9839246915755039,0.8847276215388498,0.09817762540755039,0.12472084618716771,0.5914135603510285,0.0,-0.004296875,0.004296875,0.0,0.0,2.49999999975,1.4837596089732787,0.39859122513806033,1.05,0.0
max-exp-cap-V k=0.0,30028,0.9499421345381739,0.8520489868095632,0.09433666137048406,0.1296418890162357,0.6311019914612062,0.0,-0.013151041666666667,0.013151041666666667,0.0,0.0,2.49999999975,1.5031164162780835,0.4198623503985798,1.05,0.0
max-exp-cap-V k=0.0,30029,0.9904210968686826,0.8923868787292603,0.09894445343686827,0.11667281071407949,0.5491708032881525,0.0,-0.001953125,0.001953125,0.0,0.0,2.49999999975,1.4938625117646998,0.3676180364412633,1.05,0.0
max-exp-cap-V k=0.0,30030,0.9390302951616336,0.8415411372135767,0.09390302951616336,0.12310295432275231,0.555721812004188,0.0,0.0,0.0,0.0,0.0,2.4999999997500004,1.4220624018710484,0.39078581310708227,1.05,0.0
max-exp-cap-V k=0.0,30031,0.9826549680466674,0.882566747191682,0.09808320513800008,0.12641411278301196,0.6006872634197398,0.0,-0.0036458333333333334,0.0036458333333333334,0.0,0.0,2.49999999975,1.5069086937916296,0.3986222031198931,1.05,0.0
max-exp-cap-V k=0.0,30032,0.9840482767159092,0.885168129407315,0.09837878600492425,0.12187581517517904,0.5670955769316165,0.0,-0.0005208333333333333,0.0005208333333333333,0.0,0.0,2.49999999975,1.5695866245010224,0.3613025035250274,1.05,0.0
max-exp-cap-V k=0.0,30033,0.9970919260363579,0.8958660775188498,0.09966361968696913,0.12743816397242352,0.5976819007615432,0.0,-0.0009114583333333333,0.0009114583333333333,0.0,0.0,2.49999999975,1.424204598916956,0.41966013957268045,1.05,0.0
max-exp-cap-V k=0.0,30034,0.9756678016491525,0.8776426736512581,0.09756678016491524,0.11087996772113377,0.5058953559760125,0.0,0.0,0.0,0.0,0.0,2.4999999997499995,1.4879480261682148,0.33999531373337116,1.05,0.0
max-exp-cap-V k=0.0,30035,0.9862667055518953,0.886199519729095,0.09862667055518953,0.13172791385738591,0.6054013012762475,0.0,0.0,0.0,0.0,0.0,2.49999999975,1.4380434484406077,0.42098957575498525,1.05,0.0
max-exp-cap-V k=0.0,30036,0.9783251919437088,0.8789785874877054,0.09742236294437087,0.12471637292661478,0.598573317882544,0.0,-0.008203125,0.008203125,0.0,0.0,2.49999999975,1.4718874959252606,0.40667056384378597,1.05,0.0
max-exp-cap-V k=0.0,30037,0.9584780679298037,0.8619140963115881,0.09569806720964705,0.11753776772397265,0.5528878776265191,0.0,-0.002994791666666667,0.002994791666666667,0.0,0.0,2.49999999975,1.434394345558972,0.3854504023515675,1.05,0.0
max-exp-cap-V k=0.0,30038,0.9731416305070277,0.8757604279635297,0.09731416305070277,0.12124463429823434,0.5437880240108325,0.0,0.0,0.0,0.0,0.0,2.49999999975,1.5133299005896137,0.35933210848405583,1.05,0.0
max-exp-cap-V k=0.0,30039,0.9950253438631392,0.8954092052272077,0.09904029480298059,0.12408762934373067,0.6016425756239987,0.0,-0.009244791666666667,0.009244791666666667,0.0,0.0,2.49999999975,1.5420956091775526,0.3901460921381349,1.05,0.0
max-exp-cap-V k=0.0,30040,0.9949552463526754,0.8955713992861565,0.09865568088526754,0.12141761635277018,0.5930484019383666,0.0,-0.016796875,0.016796875,0.0,0.0,2.49999999975,1.5133559978822049,0.39187633495904495,1.05,0.0
max-exp-cap-V k=0.0,30041,0.9845781550939248,0.8847830392729501,0.09845781550939248,0.12382297629696448,0.5711478655289584,0.0,0.0,0.0,0.0,0.0,2.49999999975,1.5258169821285186,0.3743226561367836,1.05,0.0
max-exp-cap-V k=0.0,30042,1.0150686400409563,0.9117174468844307,0.09909149942076231,0.11949049196771258,0.6104943597396759,0.0,-0.04830729166666667,0.05572916666666667,0.0,0.0,2.49999999975,1.541592298005893,0.39601544489381085,1.05,0.0
max-exp-cap-V k=0.0,30043,1.001019049369031,0.8988671761274716,0.09978289452023643,0.12191879415049484,0.5834222761737728,0.0,-0.006380208333333333,0.006380208333333333,0.0,0.0,2.4999999997499995,1.476067319607912,0.39525451747603724,1.05,0.0
max-exp-cap-V k=0.0,30044,0.9657566632803007,0.8680624000136566,0.09657566632803008,0.11890740887967306,0.5220380274888348,0.0,0.0,0.0,0.0,0.0,2.49999999975,1.4526525847966734,0.3593688077606691,1.05,0.0
max-exp-cap-V k=0.0,30045,0.9963673773401545,0.8964566144486873,0.09963673773401545,0.12077749946143672,0.5401635474255714,0.0,0.0,0.0,0.0,0.0,2.49999999975,1.5223362217340461,0.354825392520903,1.05,0.0
max-exp-cap-V k=0.0,30046,0.984208656002068,0.885630361545185,0.09803024060020679,0.12302559404194337,0.5863262161645844,0.0,-0.0078125,0.008072916666666666,0.0,0.0,2.49999999975,1.5041051119155093,0.3898173149733436,1.05,0.0
max-exp-cap-V k=0.0,30047,0.9917754328890264,0.89125032285865,0.09910592870556931,0.12625398503485089,0.5907544118562328,0.0,-0.0014322916666666666,0.0014322916666666666,0.0,0.0,2.49999999975,1.5036536796147062,0.3928793045002269,1.05,0.0
max-exp-cap-V k=0.0,30048,1.007857313519106,0.9067482260210464,0.1007466688519106,0.12452422204983092,0.5818111028080989,0.0,-0.00078125,0.00078125,0.0,0.0,2.4999999997499995,1.4745537528258335,0.39456757794900094,1.05,0.0
max-exp-cap-V k=0.0,30049,0.9759724844770356,0.8788617754087779,0.09746052969770355,0.1246721253901827,0.5895742208894708,0.0,-0.002734375,0.002734375,0.0,0.0,2.4999999997499995,1.4822630791743396,0.39775275332222365,1.05,0.0
max-exp-cap-V k=0.25,30000,1.0067622377631011,0.9063518228580725,0.10066971335964345,0.1276961988039179,0.5897000128342884,0.0,-0.00013020833333333333,0.00013020833333333333,0.0,0.0,2.49999999975,1.5064400452872135,0.39145269317495995,1.05,0.25
max-exp-cap-V k=0.25,30001,1.0001178916589615,0.9016168068263632,0.09996621624922948,0.11818953374088288,0.5524869181874273,0.0,-0.0009114583333333333,0.0009114583333333333,0.0,0.0,2.49999999975,1.5414201287633102,0.35842721129552824,1.05,0.25
max-exp-cap-V k=0.25,30002,0.9903697019515204,0.890079146128701,0.09889374102848537,0.1204911020287024,0.5679497109939539,0.0,-0.002864583333333333,0.002864583333333333,0.0,0.0,2.49999999975,1.4633874616972342,0.38810617547265763,1.05,0.25
max-exp-cap-V k=0.25,30003,0.9944208102127163,0.8953530810870132,0.09944208102127164,0.1258165300553527,0.5768138466464183,0.0,0.0,0.0,0.0,0.0,2.49999999975,1.4664744144230264,0.39333372677583434,1.05,0.25
max-exp-cap-V k=0.25,30004,0.9717739745076353,0.873516199786306,0.09716437661743019,0.1226381960628691,0.5644774677588825,0.0,-0.00026041666666666666,0.00026041666666666666,0.0,0.0,2.49999999975,1.49494351075862,0.37759116896158457,1.05,0.25
max-exp-cap-V k=0.25,30005,0.9980881104211767,0.8980876670202289,0.09980881104211767,0.12718053312483174,0.5587969746378862,0.0,0.0,0.0,0.0,0.0,2.49999999975,1.5280952189968098,0.3656820384561735,1.05,0.25
max-exp-cap-V k=0.25,30006,0.9487882336544946,0.8530705138386752,0.09456632336544946,0.10396487838399562,0.4962342140997789,0.0,-0.00625,0.00703125,0.0,0.0,2.49999999975,1.4919454428693641,0.3326088205647809,1.05,0.25
max-exp-cap-V k=0.25,30007,0.950140636105125,0.8518737987436287,0.09464948027717916,0.12108659055297234,0.5821903215971533,0.0,-0.007291666666666666,0.007421875,0.0,0.0,2.49999999975,1.4192180251667,0.410219086337189,1.05,0.25
max-exp-cap-V k=0.25,30008,0.9580199753724572,0.8599605481094686,0.09558064337057906,0.12397491387472036,0.5863974619539831,0.0,-0.004427083333333333,0.004427083333333333,0.0,0.0,2.49999999975,1.4730538748740418,0.39808283454950005,1.05,0.25
max-exp-cap-V k=0.25,30009,0.9831820898673246,0.8844974604492283,0.09831820898673246,0.12534537781593927,0.5651550223567156,0.0,0.0,0.0,0.0,0.0,2.4999999997499995,1.4849957272430707,0.3805768676560027,1.05,0.25
max-exp-cap-V k=0.25,30010,0.9659660935174178,0.8676376889711062,0.09659660935174177,0.12499829994398926,0.5721846359369666,0.0,0.0,0.0,0.0,0.0,2.49999999975,1.4496948496324118,0.39469315634393753,1.05,0.25
max-exp-cap-V k=0.25,30011,1.0202744712837895,0.9188879053115913,0.10202744712837894,0.12309368967526754,0.546276978398304,0.0,0.0,0.0,0.0,0.0,2.49999999975,1.4886255258212753,0.36696735943508885,1.05,0.25
max-exp-cap-V k=0.25,30012,0.9453969074497647,0.8510016823431147,0.09453318032830979,0.11138954814805958,0.513653807549782,0.0,-0.00013020833333333333,0.00013020833333333333,0.0,0.0,2.49999999975,1.4743145174713694,0.3484017836511312,1.05,0.25
max-exp-cap-V k=0.25,30013,0.9918254125755662,0.8919790592495295,0.09898722875755664,0.1189662141273024,0.5596668225392732,0.0,-0.00390625,0.00390625,0.0,0.0,2.49999999975,1.513852490028977,0.36969706508760347,1.05,0.25
max-exp-cap-V k=0.25,30014,0.9908641902484433,0.8890795562344223,0.09908641902484433,0.12330681207716106,0.5642930199475309,0.0,0.0,0.0,0.0,0.0,2.49999999975,1.492720791777887,0.37802985196946076,1.05,0.25
max-exp-cap-V k=0.25,30015,0.9642214459842273,0.8648019946536887,0.0962138112650894,0.12600936724675255,0.59666238878081,0.0,-0.004166666666666667,0.004166666666666667,0.0,0.0,2.49999999975,1.4963424223220672,0.3987472251537801,1.05,0.25
max-exp-cap-V k=0.25,30016,1.0284270736879004,0.9255014114076432,0.1027776032021234,0.12518634475341692,0.5859653422352185,0.0,-0.0013020833333333333,0.0013020833333333333,0.0,0.0,2.49999999975,1.520657543021315,0.38533682019621235,1.05,0.25
max-exp-cap-V k=0.25,30017,0.9714731920898465,0.87174210085374,0.09624888170898466,0.12231530115015328,0.5957205362876457,0.0,-0.01796875,0.01796875,0.0,0.0,2.49999999975,1.4937871596300354,0.3987988064077262,1.05,0.25
max-exp-cap-V k=0.25,30018,0.9902022756284994,0.8907485257171716,0.09902022756284994,0.11372748409295756,0.5184700441716259,0.0,0.0,0.0,0.0,0.0,2.4999999997499995,1.4958657340539219,0.3466019926578093,1.05,0.25
max-exp-cap-V k=0.25,30019,0.9670583807751293,0.8686030403216749,0.09670583807751293,0.11915557166005873,0.5265173382598064,0.0,0.0,0.0,0.0,0.0,2.49999999975,1.4825245825787263,0.35514914521280583,1.05,0.25
max-exp-cap-V k=0.25,30020,1.0090401433084573,0.9096492914377913,0.10072823308084573,0.11448455061761321,0.5432000024603348,0.0,-0.003515625,0.0037760416666666667,0.0,0.0,2.49999999975,1.521685897750909,0.35697248904205425,1.05,0.25
max-exp-cap-V k=0.25,30021,0.9677827253165705,0.8692278986631221,0.09677827253165705,0.12234579471082312,0.55910800346123,0.0,0.0,0.0,0.0,0.0,2.49999999975,1.4726302945519123,0.3796662377038453,1.05,0.25
max-exp-cap-V k=0.25,30022,0.9518650951640246,0.8537828345711523,0.09486749909973577,0.12956375718270524,0.6231252738636868,0.0,-0.006380208333333333,0.006380208333333333,0.0,0.0,2.49999999975,1.446031048688528,0.4309210887475948,1.05,0.25
max-exp-cap-V k=0.25,30023,0.9683793548187483,0.8725809984221413,0.09683793548187483,0.12098901317297628,0.554220843521719,0.0,0.0,0.0,0.0,0.0,2.49999999975,1.504177991389335,0.3684542964292494,1.05,0.25
max-exp-cap-V k=0.25,30024,0.9751300904989095,0.8770910486978098,0.09751300904989095,0.12440280019125646,0.569140873402197,0.0,0.0,0.0,0.0,0.0,2.49999999975,1.4968878857143118,0.38021609957154817,1.05,0.25
max-exp-cap-V k=0.25,30025,0.9446636842350761,0.8490675822884335,0.0943101184235076,0.12223272869468582,0.5782887461513546,0.0,-0.003125,0.003125,0.0,0.0,2.49999999975,1.4729478722741818,0.39260638956523036,1.05,0.25
max-exp-cap-V k=0.25,30026,1.0070958180197818,0.9064900366273507,0.10065098805197818,0.12219982875927017,0.5698988169075837,0.0,-0.001171875,0.001171875,0.0,0.0,2.4999999997500004,1.4988548285128407,0.38022282483023095,1.05,0.25
max-exp-cap-V k=0.25,30027,0.9839246915755039,0.8847276215388498,0.09817762540755039,0.12472084618716771,0.5914135603510285,0.0,-0.004296875,0.004296875,0.0,0.0,2.49999999975,1.4837596089732787,0.39859122513806033,1.05,0.25
max-exp-cap-V k=0.25,30028,0.9499421345381739,0.8520489868095632,0.09433666137048406,0.1296418890162357,0.6311019914612062,0.0,-0.013151041666666667,0.013151041666666667,0.0,0.0,2.49999999975,1.5031164162780835,0.4198623503985798,1.05,0.25
max-exp-cap-V k=0.25,30029,0.9904210968686826,0.8923868787292603,0.09894445343686827,0.11667281071407949,0.5491708032881525,0.0,-0.001953125,0.001953125,0.0,0.0,2.49999999975,1.4938625117646998,0.3676180364412633,1.05,0.25
max-exp-cap-V k=0.25,30030,0.9390302951616336,0.8415411372135767,0.09390302951616336,0.12310295432275231,0.555721812004188,0.0,0.0,0.0,0.0,0.0,2.4999999997500004,1.4220624018710484,0.39078581310708227,1.05,0.25
max-exp-cap-V k=0.25,30031,0.9826549680466674,0.882566747191682,0.09808320513800008,0.12641411278301196,0.6006872634197398,0.0,-0.0036458333333333334,0.0036458333333333334,0.0,0.0,2.49999999975,1.5069086937916296,0.3986222031198931,1.05,0.25
max-exp-cap-V k=0.25,30032,0.9840482767159092,0.885168129407315,0.09837878600492425,0.12187581517517904,0.5670955769316165,0.0,-0.0005208333333333333,0.0005208333333333333,0.0,0.0,2.49999999975,1.5695866245010224,0.3613025035250274,1.05,0.25
max-exp-cap-V k=0.25,30033,0.9970919260363579,0.8958660775188498,0.09966361968696913,0.12743816397242352,0.5976819007615432,0.0,-0.0009114583333333333,0.0009114583333333333,0.0,0.0,2.49999999975,1.424204598916956,0.41966013957268045,1.05,0.25
max-exp-cap-V k=0.25,30034,0.9756678016491525,0.8776426736512581,0.09756678016491524,0.11087996772113377,0.5058953559760125,0.0,0.0,0.0,0.0,0.0,2.4999999997499995,1.4879480261682148,0.33999531373337116,1.05,0.25
max-exp-cap-V k=0.25,30035,0.9862667055518953,0.886199519729095,0.09862667055518953,0.13172791385738591,0.6054013012762475,0.0,0.0,0.0,0.0,0.0,2.49999999975,1.4380434484406077,0.42098957575498525,1.05,0.25
max-exp-cap-V k=0.25,30036,0.9783251919437088,0.8789785874877054,0.09742236294437087,0.12471637292661478,0.598573317882544,0.0,-0.008203125,0.008203125,0.0,0.0,2.49999999975,1.4718874959252606,0.40667056384378597,1.05,0.25
max-exp-cap-V k=0.25,30037,0.9584780679298037,0.8619140963115881,0.09569806720964705,0.11753776772397265,0.5528878776265191,0.0,-0.002994791666666667,0.002994791666666667,0.0,0.0,2.49999999975,1.434394345558972,0.3854504023515675,1.05,0.25
max-exp-cap-V k=0.25,30038,0.9731416305070277,0.8757604279635297,0.09731416305070277,0.12124463429823434,0.5437880240108325,0.0,0.0,0.0,0.0,0.0,2.49999999975,1.5133299005896137,0.35933210848405583,1.05,0.25
max-exp-cap-V k=0.25,30039,0.9950253438631392,0.8954092052272077,0.09904029480298059,0.12408762934373067,0.6016425756239987,0.0,-0.009244791666666667,0.009244791666666667,0.0,0.0,2.49999999975,1.5420956091775526,0.3901460921381349,1.05,0.25
max-exp-cap-V k=0.25,30040,0.9949552463526754,0.8955713992861565,0.09865568088526754,0.12141761635277018,0.5930484019383666,0.0,-0.016796875,0.016796875,0.0,0.0,2.49999999975,1.5133559978822049,0.39187633495904495,1.05,0.25
max-exp-cap-V k=0.25,30041,0.9845781550939248,0.8847830392729501,0.09845781550939248,0.12382297629696448,0.5711478655289584,0.0,0.0,0.0,0.0,0.0,2.49999999975,1.5258169821285186,0.3743226561367836,1.05,0.25
max-exp-cap-V k=0.25,30042,1.0150686400409563,0.9117174468844307,0.09909149942076231,0.11949049196771258,0.6104943597396759,0.0,-0.04830729166666667,0.05572916666666667,0.0,0.0,2.49999999975,1.541592298005893,0.39601544489381085,1.05,0.25
max-exp-cap-V k=0.25,30043,1.001019049369031,0.8988671761274716,0.09978289452023643,0.12191879415049484,0.5834222761737728,0.0,-0.006380208333333333,0.006380208333333333,0.0,0.0,2.4999999997499995,1.476067319607912,0.39525451747603724,1.05,0.25
max-exp-cap-V k=0.25,30044,0.9657566632803007,0.8680624000136566,0.09657566632803008,0.11890740887967306,0.5220380274888348,0.0,0.0,0.0,0.0,0.0,2.49999999975,1.4526525847966734,0.3593688077606691,1.05,0.25
max-exp-cap-V k=0.25,30045,0.9963673773401545,0.8964566144486873,0.09963673773401545,0.12077749946143672,0.5401635474255714,0.0,0.0,0.0,0.0,0.0,2.49999999975,1.5223362217340461,0.354825392520903,1.05,0.25
max-exp-cap-V k=0.25,30046,0.984208656002068,0.885630361545185,0.09803024060020679,0.12302559404194337,0.5863262161645844,0.0,-0.0078125,0.008072916666666666,0.0,0.0,2.49999999975,1.5041051119155093,0.3898173149733436,1.05,0.25
max-exp-cap-V k=0.25,30047,0.9917754328890264,0.89125032285865,0.09910592870556931,0.12625398503485089,0.5907544118562328,0.0,-0.0014322916666666666,0.0014322916666666666,0.0,0.0,2.49999999975,1.5036536796147062,0.3928793045002269,1.05,0.25
max-exp-cap-V k=0.25,30048,1.007857313519106,0.9067482260210464,0.1007466688519106,0.12452422204983092,0.5818111028080989,0.0,-0.00078125,0.00078125,0.0,0.0,2.4999999997499995,1.4745537528258335,0.39456757794900094,1.05,0.25
max-exp-cap-V k=0.25,30049,0.9759724844770356,0.8788617754087779,0.09746052969770355,0.1246721253901827,0.5895742208894708,0.0,-0.002734375,0.002734375,0.0,0.0,2.4999999997499995,1.4822630791743396,0.39775275332222365,1.05,0.25
max-exp-cap-V k=0.5,30000,1.0067622377631011,0.9063518228580725,0.10066971335964345,0.1276961988039179,0.5897000128342884,0.0,-0.00013020833333333333,0.00013020833333333333,0.0,0.0,2.49999999975,1.5064400452872135,0.39145269317495995,1.05,0.5
max-exp-cap-V k=0.5,30001,1.0001178916589615,0.9016168068263632,0.09996621624922948,0.11818953374088288,0.5524869181874273,0.0,-0.0009114583333333333,0.0009114583333333333,0.0,0.0,2.49999999975,1.5414201287633102,0.35842721129552824,1.05,0.5
max-exp-cap-V k=0.5,30002,0.9903697019515204,0.890079146128701,0.09889374102848537,0.1204911020287024,0.5679497109939539,0.0,-0.002864583333333333,0.002864583333333333,0.0,0.0,2.49999999975,1.4633874616972342,0.38810617547265763,1.05,0.5
max-exp-cap-V k=0.5,30003,0.9944208102127163,0.8953530810870132,0.09944208102127164,0.1258165300553527,0.5768138466464183,0.0,0.0,0.0,0.0,0.0,2.49999999975,1.4664744144230264,0.39333372677583434,1.05,0.5
max-exp-cap-V k=0.5,30004,0.9717739745076353,0.873516199786306,0.09716437661743019,0.1226381960628691,0.5644774677588825,0.0,-0.00026041666666666666,0.00026041666666666666,0.0,0.0,2.49999999975,1.49494351075862,0.37759116896158457,1.05,0.5
max-exp-cap-V k=0.5,30005,0.9980881104211767,0.8980876670202289,0.09980881104211767,0.12718053312483174,0.5587969746378862,0.0,0.0,0.0,0.0,0.0,2.49999999975,1.5280952189968098,0.3656820384561735,1.05,0.5
max-exp-cap-V k=0.5,30006,0.9487882336544946,0.8530705138386752,0.09456632336544946,0.10396487838399562,0.4962342140997789,0.0,-0.00625,0.00703125,0.0,0.0,2.49999999975,1.4919454428693641,0.3326088205647809,1.05,0.5
max-exp-cap-V k=0.5,30007,0.950140636105125,0.8518737987436287,0.09464948027717916,0.12108659055297234,0.5821903215971533,0.0,-0.007291666666666666,0.007421875,0.0,0.0,2.49999999975,1.4192180251667,0.410219086337189,1.05,0.5
max-exp-cap-V k=0.5,30008,0.9580199753724572,0.8599605481094686,0.09558064337057906,0.12397491387472036,0.5863974619539831,0.0,-0.004427083333333333,0.004427083333333333,0.0,0.0,2.49999999975,1.4730538748740418,0.39808283454950005,1.05,0.5
max-exp-cap-V k=0.5,30009,0.9831820898673246,0.8844974604492283,0.09831820898673246,0.12534537781593927,0.5651550223567156,0.0,0.0,0.0,0.0,0.0,2.4999999997499995,1.4849957272430707,0.3805768676560027,1.05,0.5
max-exp-cap-V k=0.5,30010,0.9659660935174178,0.8676376889711062,0.09659660935174177,0.12499829994398926,0.5721846359369666,0.0,0.0,0.0,0.0,0.0,2.49999999975,1.4496948496324118,0.39469315634393753,1.05,0.5
max-exp-cap-V k=0.5,30011,1.0202744712837895,0.9188879053115913,0.10202744712837894,0.12309368967526754,0.546276978398304,0.0,0.0,0.0,0.0,0.0,2.49999999975,1.4886255258212753,0.36696735943508885,1.05,0.5
max-exp-cap-V k=0.5,30012,0.9453969074497647,0.8510016823431147,0.09453318032830979,0.11138954814805958,0.513653807549782,0.0,-0.00013020833333333333,0.00013020833333333333,0.0,0.0,2.49999999975,1.4743145174713694,0.3484017836511312,1.05,0.5
max-exp-cap-V k=0.5,30013,0.9918254125755662,0.8919790592495295,0.09898722875755664,0.1189662141273024,0.5596668225392732,0.0,-0.00390625,0.00390625,0.0,0.0,2.49999999975,1.513852490028977,0.36969706508760347,1.05,0.5
max-exp-cap-V k=0.5,30014,0.9908641902484433,0.8890795562344223,0.09908641902484433,0.12330681207716106,0.5642930199475309,0.0,0.0,0.0,0.0,0.0,2.49999999975,1.492720791777887,0.37802985196946076,1.05,0.5
max-exp-cap-V k=0.5,30015,0.9642214459842273,0.8648019946536887,0.0962138112650894,0.12600936724675255,0.59666238878081,0.0,-0.004166666666666667,0.004166666666666667,0.0,0.0,2.49999999975,1.4963424223220672,0.3987472251537801,1.05,0.5
max-exp-cap-V k=0.5,30016,1.0284270736879004,0.9255014114076432,0.1027776032021234,0.12518634475341692,0.5859653422352185,0.0,-0.0013020833333333333,0.0013020833333333333,0.0,0.0,2.49999999975,1.520657543021315,0.38533682019621235,1.05,0.5
max-exp-cap-V k=0.5,30017,0.9714731920898465,0.87174210085374,0.09624888170898466,0.12231530115015328,0.5957205362876457,0.0,-0.01796875,0.01796875,0.0,0.0,2.49999999975,1.4937871596300354,0.3987988064077262,1.05,0.5
max-exp-cap-V k=0.5,30018,0.9902022756284994,0.8907485257171716,0.09902022756284994,0.11372748409295756,0.5184700441716259,0.0,0.0,0.0,0.0,0.0,2.4999999997499995,1.4958657340539219,0.3466019926578093,1.05,0.5
max-exp-cap-V k=0.5,30019,0.9670583807751293,0.8686030403216749,0.09670583807751293,0.11915557166005873,0.5265173382598064,0.0,0.0,0.0,0.0,0.0,2.49999999975,1.4825245825787263,0.35514914521280583,1.05,0.5
max-exp-cap-V k=0.5,30020,1.0090401433084573,0.9096492914377913,0.10072823308084573,0.11448455061761321,0.5432000024603348,0.0,-0.003515625,0.0037760416666666667,0.0,0.0,2.49999999975,1.521685897750909,0.35697248904205425,1.05,0.5
max-exp-cap-V k=0.5,30021,0.9677827253165705,0.8692278986631221,0.09677827253165705,0.12234579471082312,0.55910800346123,0.0,0.0,0.0,0.0,0.0,2.49999999975,1.4726302945519123,0.3796662377038453,1.05,0.5
max-exp-cap-V k=0.5,30022,0.9518650951640246,0.8537828345711523,0.09486749909973577,0.12956375718270524,0.6231252738636868,0.0,-0.006380208333333333,0.006380208333333333,0.0,0.0,2.49999999975,1.446031048688528,0.4309210887475948,1.05,0.5
max-exp-cap-V k=0.5,30023,0.9683793548187483,0.8725809984221413,0.09683793548187483,0.12098901317297628,0.554220843521719,0.0,0.0,0.0,0.0,0.0,2.49999999975,1.504177991389335,0.3684542964292494,1.05,0.5
max-exp-cap-V k=0.5,30024,0.9751300904989095,0.8770910486978098,0.09751300904989095,0.12440280019125646,0.569140873402197,0.0,0.0,0.0,0.0,0.0,2.49999999975,1.4968878857143118,0.38021609957154817,1.05,0.5
max-exp-cap-V k=0.5,30025,0.9446636842350761,0.8490675822884335,0.0943101184235076,0.12223272869468582,0.5782887461513546,0.0,-0.003125,0.003125,0.0,0.0,2.49999999975,1.4729478722741818,0.39260638956523036,1.05,0.5
max-exp-cap-V k=0.5,30026,1.0070958180197818,0.9064900366273507,0.10065098805197818,0.12219982875927017,0.5698988169075837,0.0,-0.001171875,0.001171875,0.0,0.0,2.4999999997500004,1.4988548285128407,0.38022282483023095,1.05,0.5
max-exp-cap-V k=0.5,30027,0.9839246915755039,0.8847276215388498,0.09817762540755039,0.12472084618716771,0.5914135603510285,0.0,-0.004296875,0.004296875,0.0,0.0,2.49999999975,1.4837596089732787,0.39859122513806033,1.05,0.5
max-exp-cap-V k=0.5,30028,0.9499421345381739,0.8520489868095632,0.09433666137048406,0.1296418890162357,0.6311019914612062,0.0,-0.013151041666666667,0.013151041666666667,0.0,0.0,2.49999999975,1.5031164162780835,0.4198623503985798,1.05,0.5
max-exp-cap-V k=0.5,30029,0.9904210968686826,0.8923868787292603,0.09894445343686827,0.11667281071407949,0.5491708032881525,0.0,-0.001953125,0.001953125,0.0,0.0,2.49999999975,1.4938625117646998,0.3676180364412633,1.05,0.5
max-exp-cap-V k=0.5,30030,0.9390302951616336,0.8415411372135767,0.09390302951616336,0.12310295432275231,0.555721812004188,0.0,0.0,0.0,0.0,0.0,2.4999999997500004,1.4220624018710484,0.39078581310708227,1.05,0.5
max-exp-cap-V k=0.5,30031,0.9826549680466674,0.882566747191682,0.09808320513800008,0.12641411278301196,0.6006872634197398,0.0,-0.0036458333333333334,0.0036458333333333334,0.0,0.0,2.49999999975,1.5069086937916296,0.3986222031198931,1.05,0.5
max-exp-cap-V k=0.5,30032,0.9840482767159092,0.885168129407315,0.09837878600492425,0.12187581517517904,0.5670955769316165,0.0,-0.0005208333333333333,0.0005208333333333333,0.0,0.0,2.49999999975,1.5695866245010224,0.3613025035250274,1.05,0.5
max-exp-cap-V k=0.5,30033,0.9970919260363579,0.8958660775188498,0.09966361968696913,0.12743816397242352,0.5976819007615432,0.0,-0.0009114583333333333,0.0009114583333333333,0.0,0.0,2.49999999975,1.424204598916956,0.41966013957268045,1.05,0.5
max-exp-cap-V k=0.5,30034,0.9756678016491525,0.8776426736512581,0.09756678016491524,0.11087996772113377,0.5058953559760125,0.0,0.0,0.0,0.0,0.0,2.4999999997499995,1.4879480261682148,0.33999531373337116,1.05,0.5
max-exp-cap-V k=0.5,30035,0.9862667055518953,0.886199519729095,0.09862667055518953,0.13172791385738591,0.6054013012762475,0.0,0.0,0.0,0.0,0.0,2.49999999975,1.4380434484406077,0.42098957575498525,1.05,0.5
max-exp-cap-V k=0.5,30036,0.9783251919437088,0.8789785874877054,0.09742236294437087,0.12471637292661478,0.598573317882544,0.0,-0.008203125,0.008203125,0.0,0.0,2.49999999975,1.4718874959252606,0.40667056384378597,1.05,0.5
max-exp-cap-V k=0.5,30037,0.9584780679298037,0.8619140963115881,0.09569806720964705,0.11753776772397265,0.5528878776265191,0.0,-0.002994791666666667,0.002994791666666667,0.0,0.0,2.49999999975,1.434394345558972,0.3854504023515675,1.05,0.5
max-exp-cap-V k=0.5,30038,0.9731416305070277,0.8757604279635297,0.09731416305070277,0.12124463429823434,0.5437880240108325,0.0,0.0,0.0,0.0,0.0,2.49999999975,1.5133299005896137,0.35933210848405583,1.05,0.5
max-exp-cap-V k=0.5,30039,0.9950253438631392,0.8954092052272077,0.09904029480298059,0.12408762934373067,0.6016425756239987,0.0,-0.009244791666666667,0.009244791666666667,0.0,0.0,2.49999999975,1.5420956091775526,0.3901460921381349,1.05,0.5
max-exp-cap-V k=0.5,30040,0.9949552463526754,0.8955713992861565,0.09865568088526754,0.12141761635277018,0.5930484019383666,0.0,-0.016796875,0.016796875,0.0,0.0,2.49999999975,1.5133559978822049,0.39187633495904495,1.05,0.5
max-exp-cap-V k=0.5,30041,0.9845781550939248,0.8847830392729501,0.09845781550939248,0.12382297629696448,0.5711478655289584,0.0,0.0,0.0,0.0,0.0,2.49999999975,1.5258169821285186,0.3743226561367836,1.05,0.5
max-exp-cap-V k=0.5,30042,1.0150686400409563,0.9117174468844307,0.09909149942076231,0.11949049196771258,0.6104943597396759,0.0,-0.04830729166666667,0.05572916666666667,0.0,0.0,2.49999999975,1.541592298005893,0.39601544489381085,1.05,0.5
max-exp-cap-V k=0.5,30043,1.001019049369031,0.8988671761274716,0.09978289452023643,0.12191879415049484,0.5834222761737728,0.0,-0.006380208333333333,0.006380208333333333,0.0,0.0,2.4999999997499995,1.476067319607912,0.39525451747603724,1.05,0.5
max-exp-cap-V k=0.5,30044,0.9657566632803007,0.8680624000136566,0.09657566632803008,0.11890740887967306,0.5220380274888348,0.0,0.0,0.0,0.0,0.0,2.49999999975,1.4526525847966734,0.3593688077606691,1.05,0.5
max-exp-cap-V k=0.5,30045,0.9963673773401545,0.8964566144486873,0.09963673773401545,0.12077749946143672,0.5401635474255714,0.0,0.0,0.0,0.0,0.0,2.49999999975,1.5223362217340461,0.354825392520903,1.05,0.5
max-exp-cap-V k=0.5,30046,0.984208656002068,0.885630361545185,0.09803024060020679,0.12302559404194337,0.5863262161645844,0.0,-0.0078125,0.008072916666666666,0.0,0.0,2.49999999975,1.5041051119155093,0.3898173149733436,1.05,0.5
max-exp-cap-V k=0.5,30047,0.9917754328890264,0.89125032285865,0.09910592870556931,0.12625398503485089,0.5907544118562328,0.0,-0.0014322916666666666,0.0014322916666666666,0.0,0.0,2.49999999975,1.5036536796147062,0.3928793045002269,1.05,0.5
max-exp-cap-V k=0.5,30048,1.007857313519106,0.9067482260210464,0.1007466688519106,0.12452422204983092,0.5818111028080989,0.0,-0.00078125,0.00078125,0.0,0.0,2.4999999997499995,1.4745537528258335,0.39456757794900094,1.05,0.5
max-exp-cap-V k=0.5,30049,0.9759724844770356,0.8788617754087779,0.09746052969770355,0.1246721253901827,0.5895742208894708,0.0,-0.002734375,0.002734375,0.0,0.0,2.4999999997499995,1.4822630791743396,0.39775275332222365,1.05,0.5
max-exp-cap-V k=0.75,30000,1.0067622377631011,0.9063518228580725,0.10066971335964345,0.1276961988039179,0.5897000128342884,0.0,-0.00013020833333333333,0.00013020833333333333,0.0,0.0,2.49999999975,1.5064400452872135,0.39145269317495995,1.05,0.75
max-exp-cap-V k=0.75,30001,1.0001178916589615,0.9016168068263632,0.09996621624922948,0.11818953374088288,0.5524869181874273,0.0,-0.0009114583333333333,0.0009114583333333333,0.0,0.0,2.49999999975,1.5414201287633102,0.35842721129552824,1.05,0.75
max-exp-cap-V k=0.75,30002,0.9903697019515204,0.890079146128701,0.09889374102848537,0.1204911020287024,0.5679497109939539,0.0,-0.002864583333333333,0.002864583333333333,0.0,0.0,2.49999999975,1.4633874616972342,0.38810617547265763,1.05,0.75
max-exp-cap-V k=0.75,30003,0.9944208102127163,0.8953530810870132,0.09944208102127164,0.1258165300553527,0.5768138466464183,0.0,0.0,0.0,0.0,0.0,2.49999999975,1.4664744144230264,0.39333372677583434,1.05,0.75
max-exp-cap-V k=0.75,30004,0.9717739745076353,0.873516199786306,0.09716437661743019,0.1226381960628691,0.5644774677588825,0.0,-0.00026041666666666666,0.00026041666666666666,0.0,0.0,2.49999999975,1.49494351075862,0.37759116896158457,1.05,0.75
max-exp-cap-V k=0.75,30005,0.9980881104211767,0.8980876670202289,0.09980881104211767,0.12718053312483174,0.5587969746378862,0.0,0.0,0.0,0.0,0.0,2.49999999975,1.5280952189968098,0.3656820384561735,1.05,0.75
max-exp-cap-V k=0.75,30006,0.9487882336544946,0.8530705138386752,0.09456632336544946,0.10396487838399562,0.4962342140997789,0.0,-0.00625,0.00703125,0.0,0.0,2.49999999975,1.4919454428693641,0.3326088205647809,1.05,0.75
max-exp-cap-V k=0.75,30007,0.950140636105125,0.8518737987436287,0.09464948027717916,0.12108659055297234,0.5821903215971533,0.0,-0.007291666666666666,0.007421875,0.0,0.0,2.49999999975,1.4192180251667,0.410219086337189,1.05,0.75
max-exp-cap-V k=0.75,30008,0.9580199753724572,0.8599605481094686,0.09558064337057906,0.12397491387472036,0.5863974619539831,0.0,-0.004427083333333333,0.004427083333333333,0.0,0.0,2.49999999975,1.4730538748740418,0.39808283454950005,1.05,0.75
max-exp-cap-V k=0.75,30009,0.9831820898673246,0.8844974604492283,0.09831820898673246,0.12534537781593927,0.5651550223567156,0.0,0.0,0.0,0.0,0.0,2.4999999997499995,1.4849957272430707,0.3805768676560027,1.05,0.75
max-exp-cap-V k=0.75,30010,0.9659660935174178,0.8676376889711062,0.09659660935174177,0.12499829994398926,0.5721846359369666,0.0,0.0,0.0,0.0,0.0,2.49999999975,1.4496948496324118,0.39469315634393753,1.05,0.75
max-exp-cap-V k=0.75,30011,1.0202744712837895,0.9188879053115913,0.10202744712837894,0.12309368967526754,0.546276978398304,0.0,0.0,0.0,0.0,0.0,2.49999999975,1.4886255258212753,0.36696735943508885,1.05,0.75
max-exp-cap-V k=0.75,30012,0.9453969074497647,0.8510016823431147,0.09453318032830979,0.11138954814805958,0.513653807549782,0.0,-0.00013020833333333333,0.00013020833333333333,0.0,0.0,2.49999999975,1.4743145174713694,0.3484017836511312,1.05,0.75
max-exp-cap-V k=0.75,30013,0.9918254125755662,0.8919790592495295,0.09898722875755664,0.1189662141273024,0.5596668225392732,0.0,-0.00390625,0.00390625,0.0,0.0,2.49999999975,1.513852490028977,0.36969706508760347,1.05,0.75
max-exp-cap-V k=0.75,30014,0.9908641902484433,0.8890795562344223,0.09908641902484433,0.12330681207716106,0.5642930199475309,0.0,0.0,0.0,0.0,0.0,2.49999999975,1.492720791777887,0.37802985196946076,1.05,0.75
max-exp-cap-V k=0.75,30015,0.9642214459842273,0.8648019946536887,0.0962138112650894,0.12600936724675255,0.59666238878081,0.0,-0.004166666666666667,0.004166666666666667,0.0,0.0,2.49999999975,1.4963424223220672,0.3987472251537801,1.05,0.75
max-exp-cap-V k=0.75,30016,1.0284270736879004,0.9255014114076432,0.1027776032021234,0.12518634475341692,0.5859653422352185,0.0,-0.0013020833333333333,0.0013020833333333333,0.0,0.0,2.49999999975,1.520657543021315,0.38533682019621235,1.05,0.75
max-exp-cap-V k=0.75,30017,0.9714731920898465,0.87174210085374,0.09624888170898466,0.12231530115015328,0.5957205362876457,0.0,-0.01796875,0.01796875,0.0,0.0,2.49999999975,1.4937871596300354,0.3987988064077262,1.05,0.75
max-exp-cap-V k=0.75,30018,0.9902022756284994,0.8907485257171716,0.09902022756284994,0.11372748409295756,0.5184700441716259,0.0,0.0,0.0,0.0,0.0,2.4999999997499995,1.4958657340539219,0.3466019926578093,1.05,0.75
max-exp-cap-V k=0.75,30019,0.9670583807751293,0.8686030403216749,0.09670583807751293,0.11915557166005873,0.5265173382598064,0.0,0.0,0.0,0.0,0.0,2.49999999975,1.4825245825787263,0.35514914521280583,1.05,0.75
max-exp-cap-V k=0.75,30020,1.0090401433084573,0.9096492914377913,0.10072823308084573,0.11448455061761321,0.5432000024603348,0.0,-0.003515625,0.0037760416666666667,0.0,0.0,2.49999999975,1.521685897750909,0.35697248904205425,1.05,0.75
max-exp-cap-V k=0.75,30021,0.9677827253165705,0.8692278986631221,0.09677827253165705,0.12234579471082312,0.55910800346123,0.0,0.0,0.0,0.0,0.0,2.49999999975,1.4726302945519123,0.3796662377038453,1.05,0.75
max-exp-cap-V k=0.75,30022,0.9518650951640246,0.8537828345711523,0.09486749909973577,0.12956375718270524,0.6231252738636868,0.0,-0.006380208333333333,0.006380208333333333,0.0,0.0,2.49999999975,1.446031048688528,0.4309210887475948,1.05,0.75
max-exp-cap-V k=0.75,30023,0.9683793548187483,0.8725809984221413,0.09683793548187483,0.12098901317297628,0.554220843521719,0.0,0.0,0.0,0.0,0.0,2.49999999975,1.504177991389335,0.3684542964292494,1.05,0.75
max-exp-cap-V k=0.75,30024,0.9751300904989095,0.8770910486978098,0.09751300904989095,0.12440280019125646,0.569140873402197,0.0,0.0,0.0,0.0,0.0,2.49999999975,1.4968878857143118,0.38021609957154817,1.05,0.75
max-exp-cap-V k=0.75,30025,0.9446636842350761,0.8490675822884335,0.0943101184235076,0.12223272869468582,0.5782887461513546,0.0,-0.003125,0.003125,0.0,0.0,2.49999999975,1.4729478722741818,0.39260638956523036,1.05,0.75
max-exp-cap-V k=0.75,30026,1.0070958180197818,0.9064900366273507,0.10065098805197818,0.12219982875927017,0.5698988169075837,0.0,-0.001171875,0.001171875,0.0,0.0,2.4999999997500004,1.4988548285128407,0.38022282483023095,1.05,0.75
max-exp-cap-V k=0.75,30027,0.9839246915755039,0.8847276215388498,0.09817762540755039,0.12472084618716771,0.5914135603510285,0.0,-0.004296875,0.004296875,0.0,0.0,2.49999999975,1.4837596089732787,0.39859122513806033,1.05,0.75
max-exp-cap-V k=0.75,30028,0.9499421345381739,0.8520489868095632,0.09433666137048406,0.1296418890162357,0.6311019914612062,0.0,-0.013151041666666667,0.013151041666666667,0.0,0.0,2.49999999975,1.5031164162780835,0.4198623503985798,1.05,0.75
max-exp-cap-V k=0.75,30029,0.9904210968686826,0.8923868787292603,0.09894445343686827,0.11667281071407949,0.5491708032881525,0.0,-0.001953125,0.001953125,0.0,0.0,2.49999999975,1.4938625117646998,0.3676180364412633,1.05,0.75
max-exp-cap-V k=0.75,30030,0.9390302951616336,0.8415411372135767,0.09390302951616336,0.12310295432275231,0.555721812004188,0.0,0.0,0.0,0.0,0.0,2.4999999997500004,1.4220624018710484,0.39078581310708227,1.05,0.75
max-exp-cap-V k=0.75,30031,0.9826549680466674,0.882566747191682,0.09808320513800008,0.12641411278301196,0.6006872634197398,0.0,-0.0036458333333333334,0.0036458333333333334,0.0,0.0,2.49999999975,1.5069086937916296,0.3986222031198931,1.05,0.75
max-exp-cap-V k=0.75,30032,0.9840482767159092,0.885168129407315,0.09837878600492425,0.12187581517517904,0.5670955769316165,0.0,-0.0005208333333333333,0.0005208333333333333,0.0,0.0,2.49999999975,1.5695866245010224,0.3613025035250274,1.05,0.75
max-exp-cap-V k=0.75,30033,0.9970919260363579,0.8958660775188498,0.09966361968696913,0.12743816397242352,0.5976819007615432,0.0,-0.0009114583333333333,0.0009114583333333333,0.0,0.0,2.49999999975,1.424204598916956,0.41966013957268045,1.05,0.75
max-exp-cap-V k=0.75,30034,0.9756678016491525,0.8776426736512581,0.09756678016491524,0.11087996772113377,0.5058953559760125,0.0,0.0,0.0,0.0,0.0,2.4999999997499995,1.4879480261682148,0.33999531373337116,1.05,0.75
max-exp-cap-V k=0.75,30035,0.9862667055518953,0.886199519729095,0.09862667055518953,0.13172791385738591,0.6054013012762475,0.0,0.0,0.0,0.0,0.0,2.49999999975,1.4380434484406077,0.42098957575498525,1.05,0.75
max-exp-cap-V k=0.75,30036,0.9783251919437088,0.8789785874877054,0.09742236294437087,0.12471637292661478,0.598573317882544,0.0,-0.008203125,0.008203125,0.0,0.0,2.49999999975,1.4718874959252606,0.40667056384378597,1.05,0.75
max-exp-cap-V k=0.75,30037,0.9584780679298037,0.8619140963115881,0.09569806720964705,0.11753776772397265,0.5528878776265191,0.0,-0.002994791666666667,0.002994791666666667,0.0,0.0,2.49999999975,1.434394345558972,0.3854504023515675,1.05,0.75
max-exp-cap-V k=0.75,30038,0.9731416305070277,0.8757604279635297,0.09731416305070277,0.12124463429823434,0.5437880240108325,0.0,0.0,0.0,0.0,0.0,2.49999999975,1.5133299005896137,0.35933210848405583,1.05,0.75
max-exp-cap-V k=0.75,30039,0.9950253438631392,0.8954092052272077,0.09904029480298059,0.12408762934373067,0.6016425756239987,0.0,-0.009244791666666667,0.009244791666666667,0.0,0.0,2.49999999975,1.5420956091775526,0.3901460921381349,1.05,0.75
max-exp-cap-V k=0.75,30040,0.9949552463526754,0.8955713992861565,0.09865568088526754,0.12141761635277018,0.5930484019383666,0.0,-0.016796875,0.016796875,0.0,0.0,2.49999999975,1.5133559978822049,0.39187633495904495,1.05,0.75
max-exp-cap-V k=0.75,30041,0.9845781550939248,0.8847830392729501,0.09845781550939248,0.12382297629696448,0.5711478655289584,0.0,0.0,0.0,0.0,0.0,2.49999999975,1.5258169821285186,0.3743226561367836,1.05,0.75
max-exp-cap-V k=0.75,30042,1.0150686400409563,0.9117174468844307,0.09909149942076231,0.11949049196771258,0.6104943597396759,0.0,-0.04830729166666667,0.05572916666666667,0.0,0.0,2.49999999975,1.541592298005893,0.39601544489381085,1.05,0.75
max-exp-cap-V k=0.75,30043,1.001019049369031,0.8988671761274716,0.09978289452023643,0.12191879415049484,0.5834222761737728,0.0,-0.006380208333333333,0.006380208333333333,0.0,0.0,2.4999999997499995,1.476067319607912,0.39525451747603724,1.05,0.75
max-exp-cap-V k=0.75,30044,0.9657566632803007,0.8680624000136566,0.09657566632803008,0.11890740887967306,0.5220380274888348,0.0,0.0,0.0,0.0,0.0,2.49999999975,1.4526525847966734,0.3593688077606691,1.05,0.75
max-exp-cap-V k=0.75,30045,0.9963673773401545,0.8964566144486873,0.09963673773401545,0.12077749946143672,0.5401635474255714,0.0,0.0,0.0,0.0,0.0,2.49999999975,1.5223362217340461,0.354825392520903,1.05,0.75
max-exp-cap-V k=0.75,30046,0.984208656002068,0.885630361545185,0.09803024060020679,0.12302559404194337,0.5863262161645844,0.0,-0.0078125,0.008072916666666666,0.0,0.0,2.49999999975,1.5041051119155093,0.3898173149733436,1.05,0.75
max-exp-cap-V k=0.75,30047,0.9917754328890264,0.89125032285865,0.09910592870556931,0.12625398503485089,0.5907544118562328,0.0,-0.0014322916666666666,0.0014322916666666666,0.0,0.0,2.49999999975,1.5036536796147062,0.3928793045002269,1.05,0.75
max-exp-cap-V k=0.75,30048,1.007857313519106,0.9067482260210464,0.1007466688519106,0.12452422204983092,0.5818111028080989,0.0,-0.00078125,0.00078125,0.0,0.0,2.4999999997499995,1.4745537528258335,0.39456757794900094,1.05,0.75
max-exp-cap-V k=0.75,30049,0.9759724844770356,0.8788617754087779,0.09746052969770355,0.1246721253901827,0.5895742208894708,0.0,-0.002734375,0.002734375,0.0,0.0,2.4999999997499995,1.4822630791743396,0.39775275332222365,1.05,0.75
max-exp-cap-V k=1.0,30000,1.0067622377631011,0.9063518228580725,0.10066971335964345,0.1276961988039179,0.5897000128342884,0.0,-0.00013020833333333333,0.00013020833333333333,0.0,0.0,2.49999999975,1.5064400452872135,0.39145269317495995,1.05,1.0
max-exp-cap-V k=1.0,30001,1.0001178916589615,0.9016168068263632,0.09996621624922948,0.11818953374088288,0.5524869181874273,0.0,-0.0009114583333333333,0.0009114583333333333,0.0,0.0,2.49999999975,1.5414201287633102,0.35842721129552824,1.05,1.0
max-exp-cap-V k=1.0,30002,0.9903697019515204,0.890079146128701,0.09889374102848537,0.1204911020287024,0.5679497109939539,0.0,-0.002864583333333333,0.002864583333333333,0.0,0.0,2.49999999975,1.4633874616972342,0.38810617547265763,1.05,1.0
max-exp-cap-V k=1.0,30003,0.9944208102127163,0.8953530810870132,0.09944208102127164,0.1258165300553527,0.5768138466464183,0.0,0.0,0.0,0.0,0.0,2.49999999975,1.4664744144230264,0.39333372677583434,1.05,1.0
max-exp-cap-V k=1.0,30004,0.9717739745076353,0.873516199786306,0.09716437661743019,0.1226381960628691,0.5644774677588825,0.0,-0.00026041666666666666,0.00026041666666666666,0.0,0.0,2.49999999975,1.49494351075862,0.37759116896158457,1.05,1.0
max-exp-cap-V k=1.0,30005,0.9980881104211767,0.8980876670202289,0.09980881104211767,0.12718053312483174,0.5587969746378862,0.0,0.0,0.0,0.0,0.0,2.49999999975,1.5280952189968098,0.3656820384561735,1.05,1.0
max-exp-cap-V k=1.0,30006,0.9487882336544946,0.8530705138386752,0.09456632336544946,0.10396487838399562,0.4962342140997789,0.0,-0.00625,0.00703125,0.0,0.0,2.49999999975,1.4919454428693641,0.3326088205647809,1.05,1.0
max-exp-cap-V k=1.0,30007,0.950140636105125,0.8518737987436287,0.09464948027717916,0.12108659055297234,0.5821903215971533,0.0,-0.007291666666666666,0.007421875,0.0,0.0,2.49999999975,1.4192180251667,0.410219086337189,1.05,1.0
max-exp-cap-V k=1.0,30008,0.9580199753724572,0.8599605481094686,0.09558064337057906,0.12397491387472036,0.5863974619539831,0.0,-0.004427083333333333,0.004427083333333333,0.0,0.0,2.49999999975,1.4730538748740418,0.39808283454950005,1.05,1.0
max-exp-cap-V k=1.0,30009,0.9831820898673246,0.8844974604492283,0.09831820898673246,0.12534537781593927,0.5651550223567156,0.0,0.0,0.0,0.0,0.0,2.4999999997499995,1.4849957272430707,0.3805768676560027,1.05,1.0
max-exp-cap-V k=1.0,30010,0.9659660935174178,0.8676376889711062,0.09659660935174177,0.12499829994398926,0.5721846359369666,0.0,0.0,0.0,0.0,0.0,2.49999999975,1.4496948496324118,0.39469315634393753,1.05,1.0
max-exp-cap-V k=1.0,30011,1.0202744712837895,0.9188879053115913,0.10202744712837894,0.12309368967526754,0.546276978398304,0.0,0.0,0.0,0.0,0.0,2.49999999975,1.4886255258212753,0.36696735943508885,1.05,1.0
max-exp-cap-V k=1.0,30012,0.9453969074497647,0.8510016823431147,0.09453318032830979,0.11138954814805958,0.513653807549782,0.0,-0.00013020833333333333,0.00013020833333333333,0.0,0.0,2.49999999975,1.4743145174713694,0.3484017836511312,1.05,1.0
max-exp-cap-V k=1.0,30013,0.9918254125755662,0.8919790592495295,0.09898722875755664,0.1189662141273024,0.5596668225392732,0.0,-0.00390625,0.00390625,0.0,0.0,2.49999999975,1.513852490028977,0.36969706508760347,1.05,1.0
max-exp-cap-V k=1.0,30014,0.9908641902484433,0.8890795562344223,0.09908641902484433,0.12330681207716106,0.5642930199475309,0.0,0.0,0.0,0.0,0.0,2.49999999975,1.492720791777887,0.37802985196946076,1.05,1.0
max-exp-cap-V k=1.0,30015,0.9642214459842273,0.8648019946536887,0.0962138112650894,0.12600936724675255,0.59666238878081,0.0,-0.004166666666666667,0.004166666666666667,0.0,0.0,2.49999999975,1.4963424223220672,0.3987472251537801,1.05,1.0
max-exp-cap-V k=1.0,30016,1.0284270736879004,0.9255014114076432,0.1027776032021234,0.12518634475341692,0.5859653422352185,0.0,-0.0013020833333333333,0.0013020833333333333,0.0,0.0,2.49999999975,1.520657543021315,0.38533682019621235,1.05,1.0
max-exp-cap-V k=1.0,30017,0.9714731920898465,0.87174210085374,0.09624888170898466,0.12231530115015328,0.5957205362876457,0.0,-0.01796875,0.01796875,0.0,0.0,2.49999999975,1.4937871596300354,0.3987988064077262,1.05,1.0
max-exp-cap-V k=1.0,30018,0.9902022756284994,0.8907485257171716,0.09902022756284994,0.11372748409295756,0.5184700441716259,0.0,0.0,0.0,0.0,0.0,2.4999999997499995,1.4958657340539219,0.3466019926578093,1.05,1.0
max-exp-cap-V k=1.0,30019,0.9670583807751293,0.8686030403216749,0.09670583807751293,0.11915557166005873,0.5265173382598064,0.0,0.0,0.0,0.0,0.0,2.49999999975,1.4825245825787263,0.35514914521280583,1.05,1.0
max-exp-cap-V k=1.0,30020,1.0090401433084573,0.9096492914377913,0.10072823308084573,0.11448455061761321,0.5432000024603348,0.0,-0.003515625,0.0037760416666666667,0.0,0.0,2.49999999975,1.521685897750909,0.35697248904205425,1.05,1.0
max-exp-cap-V k=1.0,30021,0.9677827253165705,0.8692278986631221,0.09677827253165705,0.12234579471082312,0.55910800346123,0.0,0.0,0.0,0.0,0.0,2.49999999975,1.4726302945519123,0.3796662377038453,1.05,1.0
max-exp-cap-V k=1.0,30022,0.9518650951640246,0.8537828345711523,0.09486749909973577,0.12956375718270524,0.6231252738636868,0.0,-0.006380208333333333,0.006380208333333333,0.0,0.0,2.49999999975,1.446031048688528,0.4309210887475948,1.05,1.0
max-exp-cap-V k=1.0,30023,0.9683793548187483,0.8725809984221413,0.09683793548187483,0.12098901317297628,0.554220843521719,0.0,0.0,0.0,0.0,0.0,2.49999999975,1.504177991389335,0.3684542964292494,1.05,1.0
max-exp-cap-V k=1.0,30024,0.9751300904989095,0.8770910486978098,0.09751300904989095,0.12440280019125646,0.569140873402197,0.0,0.0,0.0,0.0,0.0,2.49999999975,1.4968878857143118,0.38021609957154817,1.05,1.0
max-exp-cap-V k=1.0,30025,0.9446636842350761,0.8490675822884335,0.0943101184235076,0.12223272869468582,0.5782887461513546,0.0,-0.003125,0.003125,0.0,0.0,2.49999999975,1.4729478722741818,0.39260638956523036,1.05,1.0
max-exp-cap-V k=1.0,30026,1.0070958180197818,0.9064900366273507,0.10065098805197818,0.12219982875927017,0.5698988169075837,0.0,-0.001171875,0.001171875,0.0,0.0,2.4999999997500004,1.4988548285128407,0.38022282483023095,1.05,1.0
max-exp-cap-V k=1.0,30027,0.9839246915755039,0.8847276215388498,0.09817762540755039,0.12472084618716771,0.5914135603510285,0.0,-0.004296875,0.004296875,0.0,0.0,2.49999999975,1.4837596089732787,0.39859122513806033,1.05,1.0
max-exp-cap-V k=1.0,30028,0.9499421345381739,0.8520489868095632,0.09433666137048406,0.1296418890162357,0.6311019914612062,0.0,-0.013151041666666667,0.013151041666666667,0.0,0.0,2.49999999975,1.5031164162780835,0.4198623503985798,1.05,1.0
max-exp-cap-V k=1.0,30029,0.9904210968686826,0.8923868787292603,0.09894445343686827,0.11667281071407949,0.5491708032881525,0.0,-0.001953125,0.001953125,0.0,0.0,2.49999999975,1.4938625117646998,0.3676180364412633,1.05,1.0
max-exp-cap-V k=1.0,30030,0.9390302951616336,0.8415411372135767,0.09390302951616336,0.12310295432275231,0.555721812004188,0.0,0.0,0.0,0.0,0.0,2.4999999997500004,1.4220624018710484,0.39078581310708227,1.05,1.0
max-exp-cap-V k=1.0,30031,0.9826549680466674,0.882566747191682,0.09808320513800008,0.12641411278301196,0.6006872634197398,0.0,-0.0036458333333333334,0.0036458333333333334,0.0,0.0,2.49999999975,1.5069086937916296,0.3986222031198931,1.05,1.0
max-exp-cap-V k=1.0,30032,0.9840482767159092,0.885168129407315,0.09837878600492425,0.12187581517517904,0.5670955769316165,0.0,-0.0005208333333333333,0.0005208333333333333,0.0,0.0,2.49999999975,1.5695866245010224,0.3613025035250274,1.05,1.0
max-exp-cap-V k=1.0,30033,0.9970919260363579,0.8958660775188498,0.09966361968696913,0.12743816397242352,0.5976819007615432,0.0,-0.0009114583333333333,0.0009114583333333333,0.0,0.0,2.49999999975,1.424204598916956,0.41966013957268045,1.05,1.0
max-exp-cap-V k=1.0,30034,0.9756678016491525,0.8776426736512581,0.09756678016491524,0.11087996772113377,0.5058953559760125,0.0,0.0,0.0,0.0,0.0,2.4999999997499995,1.4879480261682148,0.33999531373337116,1.05,1.0
max-exp-cap-V k=1.0,30035,0.9862667055518953,0.886199519729095,0.09862667055518953,0.13172791385738591,0.6054013012762475,0.0,0.0,0.0,0.0,0.0,2.49999999975,1.4380434484406077,0.42098957575498525,1.05,1.0
max-exp-cap-V k=1.0,30036,0.9783251919437088,0.8789785874877054,0.09742236294437087,0.12471637292661478,0.598573317882544,0.0,-0.008203125,0.008203125,0.0,0.0,2.49999999975,1.4718874959252606,0.40667056384378597,1.05,1.0
max-exp-cap-V k=1.0,30037,0.9584780679298037,0.8619140963115881,0.09569806720964705,0.11753776772397265,0.5528878776265191,0.0,-0.002994791666666667,0.002994791666666667,0.0,0.0,2.49999999975,1.434394345558972,0.3854504023515675,1.05,1.0
max-exp-cap-V k=1.0,30038,0.9731416305070277,0.8757604279635297,0.09731416305070277,0.12124463429823434,0.5437880240108325,0.0,0.0,0.0,0.0,0.0,2.49999999975,1.5133299005896137,0.35933210848405583,1.05,1.0
max-exp-cap-V k=1.0,30039,0.9950253438631392,0.8954092052272077,0.09904029480298059,0.12408762934373067,0.6016425756239987,0.0,-0.009244791666666667,0.009244791666666667,0.0,0.0,2.49999999975,1.5420956091775526,0.3901460921381349,1.05,1.0
max-exp-cap-V k=1.0,30040,0.9949552463526754,0.8955713992861565,0.09865568088526754,0.12141761635277018,0.5930484019383666,0.0,-0.016796875,0.016796875,0.0,0.0,2.49999999975,1.5133559978822049,0.39187633495904495,1.05,1.0
max-exp-cap-V k=1.0,30041,0.9845781550939248,0.8847830392729501,0.09845781550939248,0.12382297629696448,0.5711478655289584,0.0,0.0,0.0,0.0,0.0,2.49999999975,1.5258169821285186,0.3743226561367836,1.05,1.0
max-exp-cap-V k=1.0,30042,1.0150686400409563,0.9117174468844307,0.09909149942076231,0.11949049196771258,0.6104943597396759,0.0,-0.04830729166666667,0.05572916666666667,0.0,0.0,2.49999999975,1.541592298005893,0.39601544489381085,1.05,1.0
max-exp-cap-V k=1.0,30043,1.001019049369031,0.8988671761274716,0.09978289452023643,0.12191879415049484,0.5834222761737728,0.0,-0.006380208333333333,0.006380208333333333,0.0,0.0,2.4999999997499995,1.476067319607912,0.39525451747603724,1.05,1.0
max-exp-cap-V k=1.0,30044,0.9657566632803007,0.8680624000136566,0.09657566632803008,0.11890740887967306,0.5220380274888348,0.0,0.0,0.0,0.0,0.0,2.49999999975,1.4526525847966734,0.3593688077606691,1.05,1.0
max-exp-cap-V k=1.0,30045,0.9963673773401545,0.8964566144486873,0.09963673773401545,0.12077749946143672,0.5401635474255714,0.0,0.0,0.0,0.0,0.0,2.49999999975,1.5223362217340461,0.354825392520903,1.05,1.0
max-exp-cap-V k=1.0,30046,0.984208656002068,0.885630361545185,0.09803024060020679,0.12302559404194337,0.5863262161645844,0.0,-0.0078125,0.008072916666666666,0.0,0.0,2.49999999975,1.5041051119155093,0.3898173149733436,1.05,1.0
max-exp-cap-V k=1.0,30047,0.9917754328890264,0.89125032285865,0.09910592870556931,0.12625398503485089,0.5907544118562328,0.0,-0.0014322916666666666,0.0014322916666666666,0.0,0.0,2.49999999975,1.5036536796147062,0.3928793045002269,1.05,1.0
max-exp-cap-V k=1.0,30048,1.007857313519106,0.9067482260210464,0.1007466688519106,0.12452422204983092,0.5818111028080989,0.0,-0.00078125,0.00078125,0.0,0.0,2.4999999997499995,1.4745537528258335,0.39456757794900094,1.05,1.0
max-exp-cap-V k=1.0,30049,0.9759724844770356,0.8788617754087779,0.09746052969770355,0.1246721253901827,0.5895742208894708,0.0,-0.002734375,0.002734375,0.0,0.0,2.4999999997499995,1.4822630791743396,0.39775275332222365,1.05,1.0
max-exp-cap-V k=1.5,30000,1.0067622377631011,0.9063518228580725,0.10066971335964345,0.1276961988039179,0.5897000128342884,0.0,-0.00013020833333333333,0.00013020833333333333,0.0,0.0,2.49999999975,1.5064400452872135,0.39145269317495995,1.05,1.5
max-exp-cap-V k=1.5,30001,1.0001178916589615,0.9016168068263632,0.09996621624922948,0.11818953374088288,0.5524869181874273,0.0,-0.0009114583333333333,0.0009114583333333333,0.0,0.0,2.49999999975,1.5414201287633102,0.35842721129552824,1.05,1.5
max-exp-cap-V k=1.5,30002,0.9903697019515204,0.890079146128701,0.09889374102848537,0.1204911020287024,0.5679497109939539,0.0,-0.002864583333333333,0.002864583333333333,0.0,0.0,2.49999999975,1.4633874616972342,0.38810617547265763,1.05,1.5
max-exp-cap-V k=1.5,30003,0.9944208102127163,0.8953530810870132,0.09944208102127164,0.1258165300553527,0.5768138466464183,0.0,0.0,0.0,0.0,0.0,2.49999999975,1.4664744144230264,0.39333372677583434,1.05,1.5
max-exp-cap-V k=1.5,30004,0.9717739745076353,0.873516199786306,0.09716437661743019,0.1226381960628691,0.5644774677588825,0.0,-0.00026041666666666666,0.00026041666666666666,0.0,0.0,2.49999999975,1.49494351075862,0.37759116896158457,1.05,1.5
max-exp-cap-V k=1.5,30005,0.9980881104211767,0.8980876670202289,0.09980881104211767,0.12718053312483174,0.5587969746378862,0.0,0.0,0.0,0.0,0.0,2.49999999975,1.5280952189968098,0.3656820384561735,1.05,1.5
max-exp-cap-V k=1.5,30006,0.9487882336544946,0.8530705138386752,0.09456632336544946,0.10396487838399562,0.4962342140997789,0.0,-0.00625,0.00703125,0.0,0.0,2.49999999975,1.4919454428693641,0.3326088205647809,1.05,1.5
max-exp-cap-V k=1.5,30007,0.950140636105125,0.8518737987436287,0.09464948027717916,0.12108659055297234,0.5821903215971533,0.0,-0.007291666666666666,0.007421875,0.0,0.0,2.49999999975,1.4192180251667,0.410219086337189,1.05,1.5
max-exp-cap-V k=1.5,30008,0.9580199753724572,0.8599605481094686,0.09558064337057906,0.12397491387472036,0.5863974619539831,0.0,-0.004427083333333333,0.004427083333333333,0.0,0.0,2.49999999975,1.4730538748740418,0.39808283454950005,1.05,1.5
max-exp-cap-V k=1.5,30009,0.9831820898673246,0.8844974604492283,0.09831820898673246,0.12534537781593927,0.5651550223567156,0.0,0.0,0.0,0.0,0.0,2.4999999997499995,1.4849957272430707,0.3805768676560027,1.05,1.5
max-exp-cap-V k=1.5,30010,0.9659660935174178,0.8676376889711062,0.09659660935174177,0.12499829994398926,0.5721846359369666,0.0,0.0,0.0,0.0,0.0,2.49999999975,1.4496948496324118,0.39469315634393753,1.05,1.5
max-exp-cap-V k=1.5,30011,1.0202744712837895,0.9188879053115913,0.10202744712837894,0.12309368967526754,0.546276978398304,0.0,0.0,0.0,0.0,0.0,2.49999999975,1.4886255258212753,0.36696735943508885,1.05,1.5
max-exp-cap-V k=1.5,30012,0.9453969074497647,0.8510016823431147,0.09453318032830979,0.11138954814805958,0.513653807549782,0.0,-0.00013020833333333333,0.00013020833333333333,0.0,0.0,2.49999999975,1.4743145174713694,0.3484017836511312,1.05,1.5
max-exp-cap-V k=1.5,30013,0.9918254125755662,0.8919790592495295,0.09898722875755664,0.1189662141273024,0.5596668225392732,0.0,-0.00390625,0.00390625,0.0,0.0,2.49999999975,1.513852490028977,0.36969706508760347,1.05,1.5
max-exp-cap-V k=1.5,30014,0.9908641902484433,0.8890795562344223,0.09908641902484433,0.12330681207716106,0.5642930199475309,0.0,0.0,0.0,0.0,0.0,2.49999999975,1.492720791777887,0.37802985196946076,1.05,1.5
max-exp-cap-V k=1.5,30015,0.9642214459842273,0.8648019946536887,0.0962138112650894,0.12600936724675255,0.59666238878081,0.0,-0.004166666666666667,0.004166666666666667,0.0,0.0,2.49999999975,1.4963424223220672,0.3987472251537801,1.05,1.5
max-exp-cap-V k=1.5,30016,1.0284270736879004,0.9255014114076432,0.1027776032021234,0.12518634475341692,0.5859653422352185,0.0,-0.0013020833333333333,0.0013020833333333333,0.0,0.0,2.49999999975,1.520657543021315,0.38533682019621235,1.05,1.5
max-exp-cap-V k=1.5,30017,0.9714731920898465,0.87174210085374,0.09624888170898466,0.12231530115015328,0.5957205362876457,0.0,-0.01796875,0.01796875,0.0,0.0,2.49999999975,1.4937871596300354,0.3987988064077262,1.05,1.5
max-exp-cap-V k=1.5,30018,0.9902022756284994,0.8907485257171716,0.09902022756284994,0.11372748409295756,0.5184700441716259,0.0,0.0,0.0,0.0,0.0,2.4999999997499995,1.4958657340539219,0.3466019926578093,1.05,1.5
max-exp-cap-V k=1.5,30019,0.9670583807751293,0.8686030403216749,0.09670583807751293,0.11915557166005873,0.5265173382598064,0.0,0.0,0.0,0.0,0.0,2.49999999975,1.4825245825787263,0.35514914521280583,1.05,1.5
max-exp-cap-V k=1.5,30020,1.0090401433084573,0.9096492914377913,0.10072823308084573,0.11448455061761321,0.5432000024603348,0.0,-0.003515625,0.0037760416666666667,0.0,0.0,2.49999999975,1.521685897750909,0.35697248904205425,1.05,1.5
max-exp-cap-V k=1.5,30021,0.9677827253165705,0.8692278986631221,0.09677827253165705,0.12234579471082312,0.55910800346123,0.0,0.0,0.0,0.0,0.0,2.49999999975,1.4726302945519123,0.3796662377038453,1.05,1.5
max-exp-cap-V k=1.5,30022,0.9518650951640246,0.8537828345711523,0.09486749909973577,0.12956375718270524,0.6231252738636868,0.0,-0.006380208333333333,0.006380208333333333,0.0,0.0,2.49999999975,1.446031048688528,0.4309210887475948,1.05,1.5
max-exp-cap-V k=1.5,30023,0.9683793548187483,0.8725809984221413,0.09683793548187483,0.12098901317297628,0.554220843521719,0.0,0.0,0.0,0.0,0.0,2.49999999975,1.504177991389335,0.3684542964292494,1.05,1.5
max-exp-cap-V k=1.5,30024,0.9751300904989095,0.8770910486978098,0.09751300904989095,0.12440280019125646,0.569140873402197,0.0,0.0,0.0,0.0,0.0,2.49999999975,1.4968878857143118,0.38021609957154817,1.05,1.5
max-exp-cap-V k=1.5,30025,0.9446636842350761,0.8490675822884335,0.0943101184235076,0.12223272869468582,0.5782887461513546,0.0,-0.003125,0.003125,0.0,0.0,2.49999999975,1.4729478722741818,0.39260638956523036,1.05,1.5
max-exp-cap-V k=1.5,30026,1.0070958180197818,0.9064900366273507,0.10065098805197818,0.12219982875927017,0.5698988169075837,0.0,-0.001171875,0.001171875,0.0,0.0,2.4999999997500004,1.4988548285128407,0.38022282483023095,1.05,1.5
max-exp-cap-V k=1.5,30027,0.9839246915755039,0.8847276215388498,0.09817762540755039,0.12472084618716771,0.5914135603510285,0.0,-0.004296875,0.004296875,0.0,0.0,2.49999999975,1.4837596089732787,0.39859122513806033,1.05,1.5
max-exp-cap-V k=1.5,30028,0.9499421345381739,0.8520489868095632,0.09433666137048406,0.1296418890162357,0.6311019914612062,0.0,-0.013151041666666667,0.013151041666666667,0.0,0.0,2.49999999975,1.5031164162780835,0.4198623503985798,1.05,1.5
max-exp-cap-V k=1.5,30029,0.9904210968686826,0.8923868787292603,0.09894445343686827,0.11667281071407949,0.5491708032881525,0.0,-0.001953125,0.001953125,0.0,0.0,2.49999999975,1.4938625117646998,0.3676180364412633,1.05,1.5
max-exp-cap-V k=1.5,30030,0.9390302951616336,0.8415411372135767,0.09390302951616336,0.12310295432275231,0.555721812004188,0.0,0.0,0.0,0.0,0.0,2.4999999997500004,1.4220624018710484,0.39078581310708227,1.05,1.5
max-exp-cap-V k=1.5,30031,0.9826549680466674,0.882566747191682,0.09808320513800008,0.12641411278301196,0.6006872634197398,0.0,-0.0036458333333333334,0.0036458333333333334,0.0,0.0,2.49999999975,1.5069086937916296,0.3986222031198931,1.05,1.5
max-exp-cap-V k=1.5,30032,0.9840482767159092,0.885168129407315,0.09837878600492425,0.12187581517517904,0.5670955769316165,0.0,-0.0005208333333333333,0.0005208333333333333,0.0,0.0,2.49999999975,1.5695866245010224,0.3613025035250274,1.05,1.5
max-exp-cap-V k=1.5,30033,0.9970919260363579,0.8958660775188498,0.09966361968696913,0.12743816397242352,0.5976819007615432,0.0,-0.0009114583333333333,0.0009114583333333333,0.0,0.0,2.49999999975,1.424204598916956,0.41966013957268045,1.05,1.5
max-exp-cap-V k=1.5,30034,0.9756678016491525,0.8776426736512581,0.09756678016491524,0.11087996772113377,0.5058953559760125,0.0,0.0,0.0,0.0,0.0,2.4999999997499995,1.4879480261682148,0.33999531373337116,1.05,1.5
max-exp-cap-V k=1.5,30035,0.9862667055518953,0.886199519729095,0.09862667055518953,0.13172791385738591,0.6054013012762475,0.0,0.0,0.0,0.0,0.0,2.49999999975,1.4380434484406077,0.42098957575498525,1.05,1.5
max-exp-cap-V k=1.5,30036,0.9783251919437088,0.8789785874877054,0.09742236294437087,0.12471637292661478,0.598573317882544,0.0,-0.008203125,0.008203125,0.0,0.0,2.49999999975,1.4718874959252606,0.40667056384378597,1.05,1.5
max-exp-cap-V k=1.5,30037,0.9584780679298037,0.8619140963115881,0.09569806720964705,0.11753776772397265,0.5528878776265191,0.0,-0.002994791666666667,0.002994791666666667,0.0,0.0,2.49999999975,1.434394345558972,0.3854504023515675,1.05,1.5
max-exp-cap-V k=1.5,30038,0.9731416305070277,0.8757604279635297,0.09731416305070277,0.12124463429823434,0.5437880240108325,0.0,0.0,0.0,0.0,0.0,2.49999999975,1.5133299005896137,0.35933210848405583,1.05,1.5
max-exp-cap-V k=1.5,30039,0.9950253438631392,0.8954092052272077,0.09904029480298059,0.12408762934373067,0.6016425756239987,0.0,-0.009244791666666667,0.009244791666666667,0.0,0.0,2.49999999975,1.5420956091775526,0.3901460921381349,1.05,1.5
max-exp-cap-V k=1.5,30040,0.9949552463526754,0.8955713992861565,0.09865568088526754,0.12141761635277018,0.5930484019383666,0.0,-0.016796875,0.016796875,0.0,0.0,2.49999999975,1.5133559978822049,0.39187633495904495,1.05,1.5
max-exp-cap-V k=1.5,30041,0.9845781550939248,0.8847830392729501,0.09845781550939248,0.12382297629696448,0.5711478655289584,0.0,0.0,0.0,0.0,0.0,2.49999999975,1.5258169821285186,0.3743226561367836,1.05,1.5
max-exp-cap-V k=1.5,30042,1.0150686400409563,0.9117174468844307,0.09909149942076231,0.11949049196771258,0.6104943597396759,0.0,-0.04830729166666667,0.05572916666666667,0.0,0.0,2.49999999975,1.541592298005893,0.39601544489381085,1.05,1.5
max-exp-cap-V k=1.5,30043,1.001019049369031,0.8988671761274716,0.09978289452023643,0.12191879415049484,0.5834222761737728,0.0,-0.006380208333333333,0.006380208333333333,0.0,0.0,2.4999999997499995,1.476067319607912,0.39525451747603724,1.05,1.5
max-exp-cap-V k=1.5,30044,0.9657566632803007,0.8680624000136566,0.09657566632803008,0.11890740887967306,0.5220380274888348,0.0,0.0,0.0,0.0,0.0,2.49999999975,1.4526525847966734,0.3593688077606691,1.05,1.5
max-exp-cap-V k=1.5,30045,0.9963673773401545,0.8964566144486873,0.09963673773401545,0.12077749946143672,0.5401635474255714,0.0,0.0,0.0,0.0,0.0,2.49999999975,1.5223362217340461,0.354825392520903,1.05,1.5
max-exp-cap-V k=1.5,30046,0.984208656002068,0.885630361545185,0.09803024060020679,0.12302559404194337,0.5863262161645844,0.0,-0.0078125,0.008072916666666666,0.0,0.0,2.49999999975,1.5041051119155093,0.3898173149733436,1.05,1.5
max-exp-cap-V k=1.5,30047,0.9917754328890264,0.89125032285865,0.09910592870556931,0.12625398503485089,0.5907544118562328,0.0,-0.0014322916666666666,0.0014322916666666666,0.0,0.0,2.49999999975,1.5036536796147062,0.3928793045002269,1.05,1.5
max-exp-cap-V k=1.5,30048,1.007857313519106,0.9067482260210464,0.1007466688519106,0.12452422204983092,0.5818111028080989,0.0,-0.00078125,0.00078125,0.0,0.0,2.4999999997499995,1.4745537528258335,0.39456757794900094,1.05,1.5
max-exp-cap-V k=1.5,30049,0.9759724844770356,0.8788617754087779,0.09746052969770355,0.1246721253901827,0.5895742208894708,0.0,-0.002734375,0.002734375,0.0,0.0,2.4999999997499995,1.4822630791743396,0.39775275332222365,1.05,1.5
max-exp-cap-V k=2.0,30000,1.0067622377631011,0.9063518228580725,0.10066971335964345,0.1276961988039179,0.5897000128342884,0.0,-0.00013020833333333333,0.00013020833333333333,0.0,0.0,2.49999999975,1.5064400452872135,0.39145269317495995,1.05,2.0
max-exp-cap-V k=2.0,30001,1.0001178916589615,0.9016168068263632,0.09996621624922948,0.11818953374088288,0.5524869181874273,0.0,-0.0009114583333333333,0.0009114583333333333,0.0,0.0,2.49999999975,1.5414201287633102,0.35842721129552824,1.05,2.0
max-exp-cap-V k=2.0,30002,0.9903697019515204,0.890079146128701,0.09889374102848537,0.1204911020287024,0.5679497109939539,0.0,-0.002864583333333333,0.002864583333333333,0.0,0.0,2.49999999975,1.4633874616972342,0.38810617547265763,1.05,2.0
max-exp-cap-V k=2.0,30003,0.9944208102127163,0.8953530810870132,0.09944208102127164,0.1258165300553527,0.5768138466464183,0.0,0.0,0.0,0.0,0.0,2.49999999975,1.4664744144230264,0.39333372677583434,1.05,2.0
max-exp-cap-V k=2.0,30004,0.9717739745076353,0.873516199786306,0.09716437661743019,0.1226381960628691,0.5644774677588825,0.0,-0.00026041666666666666,0.00026041666666666666,0.0,0.0,2.49999999975,1.49494351075862,0.37759116896158457,1.05,2.0
max-exp-cap-V k=2.0,30005,0.9980881104211767,0.8980876670202289,0.09980881104211767,0.12718053312483174,0.5587969746378862,0.0,0.0,0.0,0.0,0.0,2.49999999975,1.5280952189968098,0.3656820384561735,1.05,2.0
max-exp-cap-V k=2.0,30006,0.9487882336544946,0.8530705138386752,0.09456632336544946,0.10396487838399562,0.4962342140997789,0.0,-0.00625,0.00703125,0.0,0.0,2.49999999975,1.4919454428693641,0.3326088205647809,1.05,2.0
max-exp-cap-V k=2.0,30007,0.950140636105125,0.8518737987436287,0.09464948027717916,0.12108659055297234,0.5821903215971533,0.0,-0.007291666666666666,0.007421875,0.0,0.0,2.49999999975,1.4192180251667,0.410219086337189,1.05,2.0
max-exp-cap-V k=2.0,30008,0.9580199753724572,0.8599605481094686,0.09558064337057906,0.12397491387472036,0.5863974619539831,0.0,-0.004427083333333333,0.004427083333333333,0.0,0.0,2.49999999975,1.4730538748740418,0.39808283454950005,1.05,2.0
max-exp-cap-V k=2.0,30009,0.9831820898673246,0.8844974604492283,0.09831820898673246,0.12534537781593927,0.5651550223567156,0.0,0.0,0.0,0.0,0.0,2.4999999997499995,1.4849957272430707,0.3805768676560027,1.05,2.0
max-exp-cap-V k=2.0,30010,0.9659660935174178,0.8676376889711062,0.09659660935174177,0.12499829994398926,0.5721846359369666,0.0,0.0,0.0,0.0,0.0,2.49999999975,1.4496948496324118,0.39469315634393753,1.05,2.0
max-exp-cap-V k=2.0,30011,1.0202744712837895,0.9188879053115913,0.10202744712837894,0.12309368967526754,0.546276978398304,0.0,0.0,0.0,0.0,0.0,2.49999999975,1.4886255258212753,0.36696735943508885,1.05,2.0
max-exp-cap-V k=2.0,30012,0.9453969074497647,0.8510016823431147,0.09453318032830979,0.11138954814805958,0.513653807549782,0.0,-0.00013020833333333333,0.00013020833333333333,0.0,0.0,2.49999999975,1.4743145174713694,0.3484017836511312,1.05,2.0
max-exp-cap-V k=2.0,30013,0.9918254125755662,0.8919790592495295,0.09898722875755664,0.1189662141273024,0.5596668225392732,0.0,-0.00390625,0.00390625,0.0,0.0,2.49999999975,1.513852490028977,0.36969706508760347,1.05,2.0
max-exp-cap-V k=2.0,30014,0.9908641902484433,0.8890795562344223,0.09908641902484433,0.12330681207716106,0.5642930199475309,0.0,0.0,0.0,0.0,0.0,2.49999999975,1.492720791777887,0.37802985196946076,1.05,2.0
max-exp-cap-V k=2.0,30015,0.9642214459842273,0.8648019946536887,0.0962138112650894,0.12600936724675255,0.59666238878081,0.0,-0.004166666666666667,0.004166666666666667,0.0,0.0,2.49999999975,1.4963424223220672,0.3987472251537801,1.05,2.0
max-exp-cap-V k=2.0,30016,1.0284270736879004,0.9255014114076432,0.1027776032021234,0.12518634475341692,0.5859653422352185,0.0,-0.0013020833333333333,0.0013020833333333333,0.0,0.0,2.49999999975,1.520657543021315,0.38533682019621235,1.05,2.0
max-exp-cap-V k=2.0,30017,0.9714731920898465,0.87174210085374,0.09624888170898466,0.12231530115015328,0.5957205362876457,0.0,-0.01796875,0.01796875,0.0,0.0,2.49999999975,1.4937871596300354,0.3987988064077262,1.05,2.0
max-exp-cap-V k=2.0,30018,0.9902022756284994,0.8907485257171716,0.09902022756284994,0.11372748409295756,0.5184700441716259,0.0,0.0,0.0,0.0,0.0,2.4999999997499995,1.4958657340539219,0.3466019926578093,1.05,2.0
max-exp-cap-V k=2.0,30019,0.9670583807751293,0.8686030403216749,0.09670583807751293,0.11915557166005873,0.5265173382598064,0.0,0.0,0.0,0.0,0.0,2.49999999975,1.4825245825787263,0.35514914521280583,1.05,2.0
max-exp-cap-V k=2.0,30020,1.0090401433084573,0.9096492914377913,0.10072823308084573,0.11448455061761321,0.5432000024603348,0.0,-0.003515625,0.0037760416666666667,0.0,0.0,2.49999999975,1.521685897750909,0.35697248904205425,1.05,2.0
max-exp-cap-V k=2.0,30021,0.9677827253165705,0.8692278986631221,0.09677827253165705,0.12234579471082312,0.55910800346123,0.0,0.0,0.0,0.0,0.0,2.49999999975,1.4726302945519123,0.3796662377038453,1.05,2.0
max-exp-cap-V k=2.0,30022,0.9518650951640246,0.8537828345711523,0.09486749909973577,0.12956375718270524,0.6231252738636868,0.0,-0.006380208333333333,0.006380208333333333,0.0,0.0,2.49999999975,1.446031048688528,0.4309210887475948,1.05,2.0
max-exp-cap-V k=2.0,30023,0.9683793548187483,0.8725809984221413,0.09683793548187483,0.12098901317297628,0.554220843521719,0.0,0.0,0.0,0.0,0.0,2.49999999975,1.504177991389335,0.3684542964292494,1.05,2.0
max-exp-cap-V k=2.0,30024,0.9751300904989095,0.8770910486978098,0.09751300904989095,0.12440280019125646,0.569140873402197,0.0,0.0,0.0,0.0,0.0,2.49999999975,1.4968878857143118,0.38021609957154817,1.05,2.0
max-exp-cap-V k=2.0,30025,0.9446636842350761,0.8490675822884335,0.0943101184235076,0.12223272869468582,0.5782887461513546,0.0,-0.003125,0.003125,0.0,0.0,2.49999999975,1.4729478722741818,0.39260638956523036,1.05,2.0
max-exp-cap-V k=2.0,30026,1.0070958180197818,0.9064900366273507,0.10065098805197818,0.12219982875927017,0.5698988169075837,0.0,-0.001171875,0.001171875,0.0,0.0,2.4999999997500004,1.4988548285128407,0.38022282483023095,1.05,2.0
max-exp-cap-V k=2.0,30027,0.9839246915755039,0.8847276215388498,0.09817762540755039,0.12472084618716771,0.5914135603510285,0.0,-0.004296875,0.004296875,0.0,0.0,2.49999999975,1.4837596089732787,0.39859122513806033,1.05,2.0
max-exp-cap-V k=2.0,30028,0.9499421345381739,0.8520489868095632,0.09433666137048406,0.1296418890162357,0.6311019914612062,0.0,-0.013151041666666667,0.013151041666666667,0.0,0.0,2.49999999975,1.5031164162780835,0.4198623503985798,1.05,2.0
max-exp-cap-V k=2.0,30029,0.9904210968686826,0.8923868787292603,0.09894445343686827,0.11667281071407949,0.5491708032881525,0.0,-0.001953125,0.001953125,0.0,0.0,2.49999999975,1.4938625117646998,0.3676180364412633,1.05,2.0
max-exp-cap-V k=2.0,30030,0.9390302951616336,0.8415411372135767,0.09390302951616336,0.12310295432275231,0.555721812004188,0.0,0.0,0.0,0.0,0.0,2.4999999997500004,1.4220624018710484,0.39078581310708227,1.05,2.0
max-exp-cap-V k=2.0,30031,0.9826549680466674,0.882566747191682,0.09808320513800008,0.12641411278301196,0.6006872634197398,0.0,-0.0036458333333333334,0.0036458333333333334,0.0,0.0,2.49999999975,1.5069086937916296,0.3986222031198931,1.05,2.0
max-exp-cap-V k=2.0,30032,0.9840482767159092,0.885168129407315,0.09837878600492425,0.12187581517517904,0.5670955769316165,0.0,-0.0005208333333333333,0.0005208333333333333,0.0,0.0,2.49999999975,1.5695866245010224,0.3613025035250274,1.05,2.0
max-exp-cap-V k=2.0,30033,0.9970919260363579,0.8958660775188498,0.09966361968696913,0.12743816397242352,0.5976819007615432,0.0,-0.0009114583333333333,0.0009114583333333333,0.0,0.0,2.49999999975,1.424204598916956,0.41966013957268045,1.05,2.0
max-exp-cap-V k=2.0,30034,0.9756678016491525,0.8776426736512581,0.09756678016491524,0.11087996772113377,0.5058953559760125,0.0,0.0,0.0,0.0,0.0,2.4999999997499995,1.4879480261682148,0.33999531373337116,1.05,2.0
max-exp-cap-V k=2.0,30035,0.9862667055518953,0.886199519729095,0.09862667055518953,0.13172791385738591,0.6054013012762475,0.0,0.0,0.0,0.0,0.0,2.49999999975,1.4380434484406077,0.42098957575498525,1.05,2.0
max-exp-cap-V k=2.0,30036,0.9783251919437088,0.8789785874877054,0.09742236294437087,0.12471637292661478,0.598573317882544,0.0,-0.008203125,0.008203125,0.0,0.0,2.49999999975,1.4718874959252606,0.40667056384378597,1.05,2.0
max-exp-cap-V k=2.0,30037,0.9584780679298037,0.8619140963115881,0.09569806720964705,0.11753776772397265,0.5528878776265191,0.0,-0.002994791666666667,0.002994791666666667,0.0,0.0,2.49999999975,1.434394345558972,0.3854504023515675,1.05,2.0
max-exp-cap-V k=2.0,30038,0.9731416305070277,0.8757604279635297,0.09731416305070277,0.12124463429823434,0.5437880240108325,0.0,0.0,0.0,0.0,0.0,2.49999999975,1.5133299005896137,0.35933210848405583,1.05,2.0
max-exp-cap-V k=2.0,30039,0.9950253438631392,0.8954092052272077,0.09904029480298059,0.12408762934373067,0.6016425756239987,0.0,-0.009244791666666667,0.009244791666666667,0.0,0.0,2.49999999975,1.5420956091775526,0.3901460921381349,1.05,2.0
max-exp-cap-V k=2.0,30040,0.9949552463526754,0.8955713992861565,0.09865568088526754,0.12141761635277018,0.5930484019383666,0.0,-0.016796875,0.016796875,0.0,0.0,2.49999999975,1.5133559978822049,0.39187633495904495,1.05,2.0
max-exp-cap-V k=2.0,30041,0.9845781550939248,0.8847830392729501,0.09845781550939248,0.12382297629696448,0.5711478655289584,0.0,0.0,0.0,0.0,0.0,2.49999999975,1.5258169821285186,0.3743226561367836,1.05,2.0
max-exp-cap-V k=2.0,30042,1.0150686400409563,0.9117174468844307,0.09909149942076231,0.11949049196771258,0.6104943597396759,0.0,-0.04830729166666667,0.05572916666666667,0.0,0.0,2.49999999975,1.541592298005893,0.39601544489381085,1.05,2.0
max-exp-cap-V k=2.0,30043,1.001019049369031,0.8988671761274716,0.09978289452023643,0.12191879415049484,0.5834222761737728,0.0,-0.006380208333333333,0.006380208333333333,0.0,0.0,2.4999999997499995,1.476067319607912,0.39525451747603724,1.05,2.0
max-exp-cap-V k=2.0,30044,0.9657566632803007,0.8680624000136566,0.09657566632803008,0.11890740887967306,0.5220380274888348,0.0,0.0,0.0,0.0,0.0,2.49999999975,1.4526525847966734,0.3593688077606691,1.05,2.0
max-exp-cap-V k=2.0,30045,0.9963673773401545,0.8964566144486873,0.09963673773401545,0.12077749946143672,0.5401635474255714,0.0,0.0,0.0,0.0,0.0,2.49999999975,1.5223362217340461,0.354825392520903,1.05,2.0
max-exp-cap-V k=2.0,30046,0.984208656002068,0.885630361545185,0.09803024060020679,0.12302559404194337,0.5863262161645844,0.0,-0.0078125,0.008072916666666666,0.0,0.0,2.49999999975,1.5041051119155093,0.3898173149733436,1.05,2.0
max-exp-cap-V k=2.0,30047,0.9917754328890264,0.89125032285865,0.09910592870556931,0.12625398503485089,0.5907544118562328,0.0,-0.0014322916666666666,0.0014322916666666666,0.0,0.0,2.49999999975,1.5036536796147062,0.3928793045002269,1.05,2.0
max-exp-cap-V k=2.0,30048,1.007857313519106,0.9067482260210464,0.1007466688519106,0.12452422204983092,0.5818111028080989,0.0,-0.00078125,0.00078125,0.0,0.0,2.4999999997499995,1.4745537528258335,0.39456757794900094,1.05,2.0
max-exp-cap-V k=2.0,30049,0.9759724844770356,0.8788617754087779,0.09746052969770355,0.1246721253901827,0.5895742208894708,0.0,-0.002734375,0.002734375,0.0,0.0,2.4999999997499995,1.4822630791743396,0.39775275332222365,1.05,2.0
max-exp-cap-V k=4.0,30000,1.0067622377631011,0.9063518228580725,0.10066971335964345,0.1276961988039179,0.5897000128342884,0.0,-0.00013020833333333333,0.00013020833333333333,0.0,0.0,2.49999999975,1.5064400452872135,0.39145269317495995,1.05,4.0
max-exp-cap-V k=4.0,30001,1.0001178916589615,0.9016168068263632,0.09996621624922948,0.11818953374088288,0.5524869181874273,0.0,-0.0009114583333333333,0.0009114583333333333,0.0,0.0,2.49999999975,1.5414201287633102,0.35842721129552824,1.05,4.0
max-exp-cap-V k=4.0,30002,0.9903697019515204,0.890079146128701,0.09889374102848537,0.1204911020287024,0.5679497109939539,0.0,-0.002864583333333333,0.002864583333333333,0.0,0.0,2.49999999975,1.4633874616972342,0.38810617547265763,1.05,4.0
max-exp-cap-V k=4.0,30003,0.9944208102127163,0.8953530810870132,0.09944208102127164,0.1258165300553527,0.5768138466464183,0.0,0.0,0.0,0.0,0.0,2.49999999975,1.4664744144230264,0.39333372677583434,1.05,4.0
max-exp-cap-V k=4.0,30004,0.9717739745076353,0.873516199786306,0.09716437661743019,0.1226381960628691,0.5644774677588825,0.0,-0.00026041666666666666,0.00026041666666666666,0.0,0.0,2.49999999975,1.49494351075862,0.37759116896158457,1.05,4.0
max-exp-cap-V k=4.0,30005,0.9980881104211767,0.8980876670202289,0.09980881104211767,0.12718053312483174,0.5587969746378862,0.0,0.0,0.0,0.0,0.0,2.49999999975,1.5280952189968098,0.3656820384561735,1.05,4.0
max-exp-cap-V k=4.0,30006,0.9487882336544946,0.8530705138386752,0.09456632336544946,0.10396487838399562,0.4962342140997789,0.0,-0.00625,0.00703125,0.0,0.0,2.49999999975,1.4919454428693641,0.3326088205647809,1.05,4.0
max-exp-cap-V k=4.0,30007,0.950140636105125,0.8518737987436287,0.09464948027717916,0.12108659055297234,0.5821903215971533,0.0,-0.007291666666666666,0.007421875,0.0,0.0,2.49999999975,1.4192180251667,0.410219086337189,1.05,4.0
max-exp-cap-V k=4.0,30008,0.9580199753724572,0.8599605481094686,0.09558064337057906,0.12397491387472036,0.5863974619539831,0.0,-0.004427083333333333,0.004427083333333333,0.0,0.0,2.49999999975,1.4730538748740418,0.39808283454950005,1.05,4.0
max-exp-cap-V k=4.0,30009,0.9831820898673246,0.8844974604492283,0.09831820898673246,0.12534537781593927,0.5651550223567156,0.0,0.0,0.0,0.0,0.0,2.4999999997499995,1.4849957272430707,0.3805768676560027,1.05,4.0
max-exp-cap-V k=4.0,30010,0.9659660935174178,0.8676376889711062,0.09659660935174177,0.12499829994398926,0.5721846359369666,0.0,0.0,0.0,0.0,0.0,2.49999999975,1.4496948496324118,0.39469315634393753,1.05,4.0
max-exp-cap-V k=4.0,30011,1.0202744712837895,0.9188879053115913,0.10202744712837894,0.12309368967526754,0.546276978398304,0.0,0.0,0.0,0.0,0.0,2.49999999975,1.4886255258212753,0.36696735943508885,1.05,4.0
max-exp-cap-V k=4.0,30012,0.9453969074497647,0.8510016823431147,0.09453318032830979,0.11138954814805958,0.513653807549782,0.0,-0.00013020833333333333,0.00013020833333333333,0.0,0.0,2.49999999975,1.4743145174713694,0.3484017836511312,1.05,4.0
max-exp-cap-V k=4.0,30013,0.9918254125755662,0.8919790592495295,0.09898722875755664,0.1189662141273024,0.5596668225392732,0.0,-0.00390625,0.00390625,0.0,0.0,2.49999999975,1.513852490028977,0.36969706508760347,1.05,4.0
max-exp-cap-V k=4.0,30014,0.9908641902484433,0.8890795562344223,0.09908641902484433,0.12330681207716106,0.5642930199475309,0.0,0.0,0.0,0.0,0.0,2.49999999975,1.492720791777887,0.37802985196946076,1.05,4.0
max-exp-cap-V k=4.0,30015,0.9642214459842273,0.8648019946536887,0.0962138112650894,0.12600936724675255,0.59666238878081,0.0,-0.004166666666666667,0.004166666666666667,0.0,0.0,2.49999999975,1.4963424223220672,0.3987472251537801,1.05,4.0
max-exp-cap-V k=4.0,30016,1.0284270736879004,0.9255014114076432,0.1027776032021234,0.12518634475341692,0.5859653422352185,0.0,-0.0013020833333333333,0.0013020833333333333,0.0,0.0,2.49999999975,1.520657543021315,0.38533682019621235,1.05,4.0
max-exp-cap-V k=4.0,30017,0.9714731920898465,0.87174210085374,0.09624888170898466,0.12231530115015328,0.5957205362876457,0.0,-0.01796875,0.01796875,0.0,0.0,2.49999999975,1.4937871596300354,0.3987988064077262,1.05,4.0
max-exp-cap-V k=4.0,30018,0.9902022756284994,0.8907485257171716,0.09902022756284994,0.11372748409295756,0.5184700441716259,0.0,0.0,0.0,0.0,0.0,2.4999999997499995,1.4958657340539219,0.3466019926578093,1.05,4.0
max-exp-cap-V k=4.0,30019,0.9670583807751293,0.8686030403216749,0.09670583807751293,0.11915557166005873,0.5265173382598064,0.0,0.0,0.0,0.0,0.0,2.49999999975,1.4825245825787263,0.35514914521280583,1.05,4.0
max-exp-cap-V k=4.0,30020,1.0090401433084573,0.9096492914377913,0.10072823308084573,0.11448455061761321,0.5432000024603348,0.0,-0.003515625,0.0037760416666666667,0.0,0.0,2.49999999975,1.521685897750909,0.35697248904205425,1.05,4.0
max-exp-cap-V k=4.0,30021,0.9677827253165705,0.8692278986631221,0.09677827253165705,0.12234579471082312,0.55910800346123,0.0,0.0,0.0,0.0,0.0,2.49999999975,1.4726302945519123,0.3796662377038453,1.05,4.0
max-exp-cap-V k=4.0,30022,0.9518650951640246,0.8537828345711523,0.09486749909973577,0.12956375718270524,0.6231252738636868,0.0,-0.006380208333333333,0.006380208333333333,0.0,0.0,2.49999999975,1.446031048688528,0.4309210887475948,1.05,4.0
max-exp-cap-V k=4.0,30023,0.9683793548187483,0.8725809984221413,0.09683793548187483,0.12098901317297628,0.554220843521719,0.0,0.0,0.0,0.0,0.0,2.49999999975,1.504177991389335,0.3684542964292494,1.05,4.0
max-exp-cap-V k=4.0,30024,0.9751300904989095,0.8770910486978098,0.09751300904989095,0.12440280019125646,0.569140873402197,0.0,0.0,0.0,0.0,0.0,2.49999999975,1.4968878857143118,0.38021609957154817,1.05,4.0
max-exp-cap-V k=4.0,30025,0.9446636842350761,0.8490675822884335,0.0943101184235076,0.12223272869468582,0.5782887461513546,0.0,-0.003125,0.003125,0.0,0.0,2.49999999975,1.4729478722741818,0.39260638956523036,1.05,4.0
max-exp-cap-V k=4.0,30026,1.0070958180197818,0.9064900366273507,0.10065098805197818,0.12219982875927017,0.5698988169075837,0.0,-0.001171875,0.001171875,0.0,0.0,2.4999999997500004,1.4988548285128407,0.38022282483023095,1.05,4.0
max-exp-cap-V k=4.0,30027,0.9839246915755039,0.8847276215388498,0.09817762540755039,0.12472084618716771,0.5914135603510285,0.0,-0.004296875,0.004296875,0.0,0.0,2.49999999975,1.4837596089732787,0.39859122513806033,1.05,4.0
max-exp-cap-V k=4.0,30028,0.9499421345381739,0.8520489868095632,0.09433666137048406,0.1296418890162357,0.6311019914612062,0.0,-0.013151041666666667,0.013151041666666667,0.0,0.0,2.49999999975,1.5031164162780835,0.4198623503985798,1.05,4.0
max-exp-cap-V k=4.0,30029,0.9904210968686826,0.8923868787292603,0.09894445343686827,0.11667281071407949,0.5491708032881525,0.0,-0.001953125,0.001953125,0.0,0.0,2.49999999975,1.4938625117646998,0.3676180364412633,1.05,4.0
max-exp-cap-V k=4.0,30030,0.9390302951616336,0.8415411372135767,0.09390302951616336,0.12310295432275231,0.555721812004188,0.0,0.0,0.0,0.0,0.0,2.4999999997500004,1.4220624018710484,0.39078581310708227,1.05,4.0
max-exp-cap-V k=4.0,30031,0.9826549680466674,0.882566747191682,0.09808320513800008,0.12641411278301196,0.6006872634197398,0.0,-0.0036458333333333334,0.0036458333333333334,0.0,0.0,2.49999999975,1.5069086937916296,0.3986222031198931,1.05,4.0
max-exp-cap-V k=4.0,30032,0.9840482767159092,0.885168129407315,0.09837878600492425,0.12187581517517904,0.5670955769316165,0.0,-0.0005208333333333333,0.0005208333333333333,0.0,0.0,2.49999999975,1.5695866245010224,0.3613025035250274,1.05,4.0
max-exp-cap-V k=4.0,30033,0.9970919260363579,0.8958660775188498,0.09966361968696913,0.12743816397242352,0.5976819007615432,0.0,-0.0009114583333333333,0.0009114583333333333,0.0,0.0,2.49999999975,1.424204598916956,0.41966013957268045,1.05,4.0
max-exp-cap-V k=4.0,30034,0.9756678016491525,0.8776426736512581,0.09756678016491524,0.11087996772113377,0.5058953559760125,0.0,0.0,0.0,0.0,0.0,2.4999999997499995,1.4879480261682148,0.33999531373337116,1.05,4.0
max-exp-cap-V k=4.0,30035,0.9862667055518953,0.886199519729095,0.09862667055518953,0.13172791385738591,0.6054013012762475,0.0,0.0,0.0,0.0,0.0,2.49999999975,1.4380434484406077,0.42098957575498525,1.05,4.0
max-exp-cap-V k=4.0,30036,0.9783251919437088,0.8789785874877054,0.09742236294437087,0.12471637292661478,0.598573317882544,0.0,-0.008203125,0.008203125,0.0,0.0,2.49999999975,1.4718874959252606,0.40667056384378597,1.05,4.0
max-exp-cap-V k=4.0,30037,0.9584780679298037,0.8619140963115881,0.09569806720964705,0.11753776772397265,0.5528878776265191,0.0,-0.002994791666666667,0.002994791666666667,0.0,0.0,2.49999999975,1.434394345558972,0.3854504023515675,1.05,4.0
max-exp-cap-V k=4.0,30038,0.9731416305070277,0.8757604279635297,0.09731416305070277,0.12124463429823434,0.5437880240108325,0.0,0.0,0.0,0.0,0.0,2.49999999975,1.5133299005896137,0.35933210848405583,1.05,4.0
max-exp-cap-V k=4.0,30039,0.9950253438631392,0.8954092052272077,0.09904029480298059,0.12408762934373067,0.6016425756239987,0.0,-0.009244791666666667,0.009244791666666667,0.0,0.0,2.49999999975,1.5420956091775526,0.3901460921381349,1.05,4.0
max-exp-cap-V k=4.0,30040,0.9949552463526754,0.8955713992861565,0.09865568088526754,0.12141761635277018,0.5930484019383666,0.0,-0.016796875,0.016796875,0.0,0.0,2.49999999975,1.5133559978822049,0.39187633495904495,1.05,4.0
max-exp-cap-V k=4.0,30041,0.9845781550939248,0.8847830392729501,0.09845781550939248,0.12382297629696448,0.5711478655289584,0.0,0.0,0.0,0.0,0.0,2.49999999975,1.5258169821285186,0.3743226561367836,1.05,4.0
max-exp-cap-V k=4.0,30042,1.0150686400409563,0.9117174468844307,0.09909149942076231,0.11949049196771258,0.6104943597396759,0.0,-0.04830729166666667,0.05572916666666667,0.0,0.0,2.49999999975,1.541592298005893,0.39601544489381085,1.05,4.0
max-exp-cap-V k=4.0,30043,1.001019049369031,0.8988671761274716,0.09978289452023643,0.12191879415049484,0.5834222761737728,0.0,-0.006380208333333333,0.006380208333333333,0.0,0.0,2.4999999997499995,1.476067319607912,0.39525451747603724,1.05,4.0
max-exp-cap-V k=4.0,30044,0.9657566632803007,0.8680624000136566,0.09657566632803008,0.11890740887967306,0.5220380274888348,0.0,0.0,0.0,0.0,0.0,2.49999999975,1.4526525847966734,0.3593688077606691,1.05,4.0
max-exp-cap-V k=4.0,30045,0.9963673773401545,0.8964566144486873,0.09963673773401545,0.12077749946143672,0.5401635474255714,0.0,0.0,0.0,0.0,0.0,2.49999999975,1.5223362217340461,0.354825392520903,1.05,4.0
max-exp-cap-V k=4.0,30046,0.984208656002068,0.885630361545185,0.09803024060020679,0.12302559404194337,0.5863262161645844,0.0,-0.0078125,0.008072916666666666,0.0,0.0,2.49999999975,1.5041051119155093,0.3898173149733436,1.05,4.0
max-exp-cap-V k=4.0,30047,0.9917754328890264,0.89125032285865,0.09910592870556931,0.12625398503485089,0.5907544118562328,0.0,-0.0014322916666666666,0.0014322916666666666,0.0,0.0,2.49999999975,1.5036536796147062,0.3928793045002269,1.05,4.0
max-exp-cap-V k=4.0,30048,1.007857313519106,0.9067482260210464,0.1007466688519106,0.12452422204983092,0.5818111028080989,0.0,-0.00078125,0.00078125,0.0,0.0,2.4999999997499995,1.4745537528258335,0.39456757794900094,1.05,4.0
max-exp-cap-V k=4.0,30049,0.9759724844770356,0.8788617754087779,0.09746052969770355,0.1246721253901827,0.5895742208894708,0.0,-0.002734375,0.002734375,0.0,0.0,2.4999999997499995,1.4822630791743396,0.39775275332222365,1.05,4.0
max-exp-cap-V k=8.0,30000,1.0067622377631011,0.9063518228580725,0.10066971335964345,0.1276961988039179,0.5897000128342884,0.0,-0.00013020833333333333,0.00013020833333333333,0.0,0.0,2.49999999975,1.5064400452872135,0.39145269317495995,1.05,8.0
max-exp-cap-V k=8.0,30001,1.0001178916589615,0.9016168068263632,0.09996621624922948,0.11818953374088288,0.5524869181874273,0.0,-0.0009114583333333333,0.0009114583333333333,0.0,0.0,2.49999999975,1.5414201287633102,0.35842721129552824,1.05,8.0
max-exp-cap-V k=8.0,30002,0.9903697019515204,0.890079146128701,0.09889374102848537,0.1204911020287024,0.5679497109939539,0.0,-0.002864583333333333,0.002864583333333333,0.0,0.0,2.49999999975,1.4633874616972342,0.38810617547265763,1.05,8.0
max-exp-cap-V k=8.0,30003,0.9944208102127163,0.8953530810870132,0.09944208102127164,0.1258165300553527,0.5768138466464183,0.0,0.0,0.0,0.0,0.0,2.49999999975,1.4664744144230264,0.39333372677583434,1.05,8.0
max-exp-cap-V k=8.0,30004,0.9717739745076353,0.873516199786306,0.09716437661743019,0.1226381960628691,0.5644774677588825,0.0,-0.00026041666666666666,0.00026041666666666666,0.0,0.0,2.49999999975,1.49494351075862,0.37759116896158457,1.05,8.0
max-exp-cap-V k=8.0,30005,0.9980881104211767,0.8980876670202289,0.09980881104211767,0.12718053312483174,0.5587969746378862,0.0,0.0,0.0,0.0,0.0,2.49999999975,1.5280952189968098,0.3656820384561735,1.05,8.0
max-exp-cap-V k=8.0,30006,0.9487882336544946,0.8530705138386752,0.09456632336544946,0.10396487838399562,0.4962342140997789,0.0,-0.00625,0.00703125,0.0,0.0,2.49999999975,1.4919454428693641,0.3326088205647809,1.05,8.0
max-exp-cap-V k=8.0,30007,0.950140636105125,0.8518737987436287,0.09464948027717916,0.12108659055297234,0.5821903215971533,0.0,-0.007291666666666666,0.007421875,0.0,0.0,2.49999999975,1.4192180251667,0.410219086337189,1.05,8.0
max-exp-cap-V k=8.0,30008,0.9580199753724572,0.8599605481094686,0.09558064337057906,0.12397491387472036,0.5863974619539831,0.0,-0.004427083333333333,0.004427083333333333,0.0,0.0,2.49999999975,1.4730538748740418,0.39808283454950005,1.05,8.0
max-exp-cap-V k=8.0,30009,0.9831820898673246,0.8844974604492283,0.09831820898673246,0.12534537781593927,0.5651550223567156,0.0,0.0,0.0,0.0,0.0,2.4999999997499995,1.4849957272430707,0.3805768676560027,1.05,8.0
max-exp-cap-V k=8.0,30010,0.9659660935174178,0.8676376889711062,0.09659660935174177,0.12499829994398926,0.5721846359369666,0.0,0.0,0.0,0.0,0.0,2.49999999975,1.4496948496324118,0.39469315634393753,1.05,8.0
max-exp-cap-V k=8.0,30011,1.0202744712837895,0.9188879053115913,0.10202744712837894,0.12309368967526754,0.546276978398304,0.0,0.0,0.0,0.0,0.0,2.49999999975,1.4886255258212753,0.36696735943508885,1.05,8.0
max-exp-cap-V k=8.0,30012,0.9453969074497647,0.8510016823431147,0.09453318032830979,0.11138954814805958,0.513653807549782,0.0,-0.00013020833333333333,0.00013020833333333333,0.0,0.0,2.49999999975,1.4743145174713694,0.3484017836511312,1.05,8.0
max-exp-cap-V k=8.0,30013,0.9918254125755662,0.8919790592495295,0.09898722875755664,0.1189662141273024,0.5596668225392732,0.0,-0.00390625,0.00390625,0.0,0.0,2.49999999975,1.513852490028977,0.36969706508760347,1.05,8.0
max-exp-cap-V k=8.0,30014,0.9908641902484433,0.8890795562344223,0.09908641902484433,0.12330681207716106,0.5642930199475309,0.0,0.0,0.0,0.0,0.0,2.49999999975,1.492720791777887,0.37802985196946076,1.05,8.0
max-exp-cap-V k=8.0,30015,0.9642214459842273,0.8648019946536887,0.0962138112650894,0.12600936724675255,0.59666238878081,0.0,-0.004166666666666667,0.004166666666666667,0.0,0.0,2.49999999975,1.4963424223220672,0.3987472251537801,1.05,8.0
max-exp-cap-V k=8.0,30016,1.0284270736879004,0.9255014114076432,0.1027776032021234,0.12518634475341692,0.5859653422352185,0.0,-0.0013020833333333333,0.0013020833333333333,0.0,0.0,2.49999999975,1.520657543021315,0.38533682019621235,1.05,8.0
max-exp-cap-V k=8.0,30017,0.9714731920898465,0.87174210085374,0.09624888170898466,0.12231530115015328,0.5957205362876457,0.0,-0.01796875,0.01796875,0.0,0.0,2.49999999975,1.4937871596300354,0.3987988064077262,1.05,8.0
max-exp-cap-V k=8.0,30018,0.9902022756284994,0.8907485257171716,0.09902022756284994,0.11372748409295756,0.5184700441716259,0.0,0.0,0.0,0.0,0.0,2.4999999997499995,1.4958657340539219,0.3466019926578093,1.05,8.0
max-exp-cap-V k=8.0,30019,0.9670583807751293,0.8686030403216749,0.09670583807751293,0.11915557166005873,0.5265173382598064,0.0,0.0,0.0,0.0,0.0,2.49999999975,1.4825245825787263,0.35514914521280583,1.05,8.0
max-exp-cap-V k=8.0,30020,1.0090401433084573,0.9096492914377913,0.10072823308084573,0.11448455061761321,0.5432000024603348,0.0,-0.003515625,0.0037760416666666667,0.0,0.0,2.49999999975,1.521685897750909,0.35697248904205425,1.05,8.0
max-exp-cap-V k=8.0,30021,0.9677827253165705,0.8692278986631221,0.09677827253165705,0.12234579471082312,0.55910800346123,0.0,0.0,0.0,0.0,0.0,2.49999999975,1.4726302945519123,0.3796662377038453,1.05,8.0
max-exp-cap-V k=8.0,30022,0.9518650951640246,0.8537828345711523,0.09486749909973577,0.12956375718270524,0.6231252738636868,0.0,-0.006380208333333333,0.006380208333333333,0.0,0.0,2.49999999975,1.446031048688528,0.4309210887475948,1.05,8.0
max-exp-cap-V k=8.0,30023,0.9683793548187483,0.8725809984221413,0.09683793548187483,0.12098901317297628,0.554220843521719,0.0,0.0,0.0,0.0,0.0,2.49999999975,1.504177991389335,0.3684542964292494,1.05,8.0
max-exp-cap-V k=8.0,30024,0.9751300904989095,0.8770910486978098,0.09751300904989095,0.12440280019125646,0.569140873402197,0.0,0.0,0.0,0.0,0.0,2.49999999975,1.4968878857143118,0.38021609957154817,1.05,8.0
max-exp-cap-V k=8.0,30025,0.9446636842350761,0.8490675822884335,0.0943101184235076,0.12223272869468582,0.5782887461513546,0.0,-0.003125,0.003125,0.0,0.0,2.49999999975,1.4729478722741818,0.39260638956523036,1.05,8.0
max-exp-cap-V k=8.0,30026,1.0070958180197818,0.9064900366273507,0.10065098805197818,0.12219982875927017,0.5698988169075837,0.0,-0.001171875,0.001171875,0.0,0.0,2.4999999997500004,1.4988548285128407,0.38022282483023095,1.05,8.0
max-exp-cap-V k=8.0,30027,0.9839246915755039,0.8847276215388498,0.09817762540755039,0.12472084618716771,0.5914135603510285,0.0,-0.004296875,0.004296875,0.0,0.0,2.49999999975,1.4837596089732787,0.39859122513806033,1.05,8.0
max-exp-cap-V k=8.0,30028,0.9499421345381739,0.8520489868095632,0.09433666137048406,0.1296418890162357,0.6311019914612062,0.0,-0.013151041666666667,0.013151041666666667,0.0,0.0,2.49999999975,1.5031164162780835,0.4198623503985798,1.05,8.0
max-exp-cap-V k=8.0,30029,0.9904210968686826,0.8923868787292603,0.09894445343686827,0.11667281071407949,0.5491708032881525,0.0,-0.001953125,0.001953125,0.0,0.0,2.49999999975,1.4938625117646998,0.3676180364412633,1.05,8.0
max-exp-cap-V k=8.0,30030,0.9390302951616336,0.8415411372135767,0.09390302951616336,0.12310295432275231,0.555721812004188,0.0,0.0,0.0,0.0,0.0,2.4999999997500004,1.4220624018710484,0.39078581310708227,1.05,8.0
max-exp-cap-V k=8.0,30031,0.9826549680466674,0.882566747191682,0.09808320513800008,0.12641411278301196,0.6006872634197398,0.0,-0.0036458333333333334,0.0036458333333333334,0.0,0.0,2.49999999975,1.5069086937916296,0.3986222031198931,1.05,8.0
max-exp-cap-V k=8.0,30032,0.9840482767159092,0.885168129407315,0.09837878600492425,0.12187581517517904,0.5670955769316165,0.0,-0.0005208333333333333,0.0005208333333333333,0.0,0.0,2.49999999975,1.5695866245010224,0.3613025035250274,1.05,8.0
max-exp-cap-V k=8.0,30033,0.9970919260363579,0.8958660775188498,0.09966361968696913,0.12743816397242352,0.5976819007615432,0.0,-0.0009114583333333333,0.0009114583333333333,0.0,0.0,2.49999999975,1.424204598916956,0.41966013957268045,1.05,8.0
max-exp-cap-V k=8.0,30034,0.9756678016491525,0.8776426736512581,0.09756678016491524,0.11087996772113377,0.5058953559760125,0.0,0.0,0.0,0.0,0.0,2.4999999997499995,1.4879480261682148,0.33999531373337116,1.05,8.0
max-exp-cap-V k=8.0,30035,0.9862667055518953,0.886199519729095,0.09862667055518953,0.13172791385738591,0.6054013012762475,0.0,0.0,0.0,0.0,0.0,2.49999999975,1.4380434484406077,0.42098957575498525,1.05,8.0
max-exp-cap-V k=8.0,30036,0.9783251919437088,0.8789785874877054,0.09742236294437087,0.12471637292661478,0.598573317882544,0.0,-0.008203125,0.008203125,0.0,0.0,2.49999999975,1.4718874959252606,0.40667056384378597,1.05,8.0
max-exp-cap-V k=8.0,30037,0.9584780679298037,0.8619140963115881,0.09569806720964705,0.11753776772397265,0.5528878776265191,0.0,-0.002994791666666667,0.002994791666666667,0.0,0.0,2.49999999975,1.434394345558972,0.3854504023515675,1.05,8.0
max-exp-cap-V k=8.0,30038,0.9731416305070277,0.8757604279635297,0.09731416305070277,0.12124463429823434,0.5437880240108325,0.0,0.0,0.0,0.0,0.0,2.49999999975,1.5133299005896137,0.35933210848405583,1.05,8.0
max-exp-cap-V k=8.0,30039,0.9950253438631392,0.8954092052272077,0.09904029480298059,0.12408762934373067,0.6016425756239987,0.0,-0.009244791666666667,0.009244791666666667,0.0,0.0,2.49999999975,1.5420956091775526,0.3901460921381349,1.05,8.0
max-exp-cap-V k=8.0,30040,0.9949552463526754,0.8955713992861565,0.09865568088526754,0.12141761635277018,0.5930484019383666,0.0,-0.016796875,0.016796875,0.0,0.0,2.49999999975,1.5133559978822049,0.39187633495904495,1.05,8.0
max-exp-cap-V k=8.0,30041,0.9845781550939248,0.8847830392729501,0.09845781550939248,0.12382297629696448,0.5711478655289584,0.0,0.0,0.0,0.0,0.0,2.49999999975,1.5258169821285186,0.3743226561367836,1.05,8.0
max-exp-cap-V k=8.0,30042,1.0150686400409563,0.9117174468844307,0.09909149942076231,0.11949049196771258,0.6104943597396759,0.0,-0.04830729166666667,0.05572916666666667,0.0,0.0,2.49999999975,1.541592298005893,0.39601544489381085,1.05,8.0
max-exp-cap-V k=8.0,30043,1.001019049369031,0.8988671761274716,0.09978289452023643,0.12191879415049484,0.5834222761737728,0.0,-0.006380208333333333,0.006380208333333333,0.0,0.0,2.4999999997499995,1.476067319607912,0.39525451747603724,1.05,8.0
max-exp-cap-V k=8.0,30044,0.9657566632803007,0.8680624000136566,0.09657566632803008,0.11890740887967306,0.5220380274888348,0.0,0.0,0.0,0.0,0.0,2.49999999975,1.4526525847966734,0.3593688077606691,1.05,8.0
max-exp-cap-V k=8.0,30045,0.9963673773401545,0.8964566144486873,0.09963673773401545,0.12077749946143672,0.5401635474255714,0.0,0.0,0.0,0.0,0.0,2.49999999975,1.5223362217340461,0.354825392520903,1.05,8.0
max-exp-cap-V k=8.0,30046,0.984208656002068,0.885630361545185,0.09803024060020679,0.12302559404194337,0.5863262161645844,0.0,-0.0078125,0.008072916666666666,0.0,0.0,2.49999999975,1.5041051119155093,0.3898173149733436,1.05,8.0
max-exp-cap-V k=8.0,30047,0.9917754328890264,0.89125032285865,0.09910592870556931,0.12625398503485089,0.5907544118562328,0.0,-0.0014322916666666666,0.0014322916666666666,0.0,0.0,2.49999999975,1.5036536796147062,0.3928793045002269,1.05,8.0
max-exp-cap-V k=8.0,30048,1.007857313519106,0.9067482260210464,0.1007466688519106,0.12452422204983092,0.5818111028080989,0.0,-0.00078125,0.00078125,0.0,0.0,2.4999999997499995,1.4745537528258335,0.39456757794900094,1.05,8.0
max-exp-cap-V k=8.0,30049,0.9759724844770356,0.8788617754087779,0.09746052969770355,0.1246721253901827,0.5895742208894708,0.0,-0.002734375,0.002734375,0.0,0.0,2.4999999997499995,1.4822630791743396,0.39775275332222365,1.05,8.0
max-exp-cap-V k=16.0,30000,1.0067622377631011,0.9063518228580725,0.10066971335964345,0.1276961988039179,0.5897000128342884,0.0,-0.00013020833333333333,0.00013020833333333333,0.0,0.0,2.49999999975,1.5064400452872135,0.39145269317495995,1.05,16.0
max-exp-cap-V k=16.0,30001,1.0001178916589615,0.9016168068263632,0.09996621624922948,0.11818953374088288,0.5524869181874273,0.0,-0.0009114583333333333,0.0009114583333333333,0.0,0.0,2.49999999975,1.5414201287633102,0.35842721129552824,1.05,16.0
max-exp-cap-V k=16.0,30002,0.9903697019515204,0.890079146128701,0.09889374102848537,0.1204911020287024,0.5679497109939539,0.0,-0.002864583333333333,0.002864583333333333,0.0,0.0,2.49999999975,1.4633874616972342,0.38810617547265763,1.05,16.0
max-exp-cap-V k=16.0,30003,0.9944208102127163,0.8953530810870132,0.09944208102127164,0.1258165300553527,0.5768138466464183,0.0,0.0,0.0,0.0,0.0,2.49999999975,1.4664744144230264,0.39333372677583434,1.05,16.0
max-exp-cap-V k=16.0,30004,0.9717739745076353,0.873516199786306,0.09716437661743019,0.1226381960628691,0.5644774677588825,0.0,-0.00026041666666666666,0.00026041666666666666,0.0,0.0,2.49999999975,1.49494351075862,0.37759116896158457,1.05,16.0
max-exp-cap-V k=16.0,30005,0.9980881104211767,0.8980876670202289,0.09980881104211767,0.12718053312483174,0.5587969746378862,0.0,0.0,0.0,0.0,0.0,2.49999999975,1.5280952189968098,0.3656820384561735,1.05,16.0
max-exp-cap-V k=16.0,30006,0.9487882336544946,0.8530705138386752,0.09456632336544946,0.10396487838399562,0.4962342140997789,0.0,-0.00625,0.00703125,0.0,0.0,2.49999999975,1.4919454428693641,0.3326088205647809,1.05,16.0
max-exp-cap-V k=16.0,30007,0.950140636105125,0.8518737987436287,0.09464948027717916,0.12108659055297234,0.5821903215971533,0.0,-0.007291666666666666,0.007421875,0.0,0.0,2.49999999975,1.4192180251667,0.410219086337189,1.05,16.0
max-exp-cap-V k=16.0,30008,0.9580199753724572,0.8599605481094686,0.09558064337057906,0.12397491387472036,0.5863974619539831,0.0,-0.004427083333333333,0.004427083333333333,0.0,0.0,2.49999999975,1.4730538748740418,0.39808283454950005,1.05,16.0
max-exp-cap-V k=16.0,30009,0.9831820898673246,0.8844974604492283,0.09831820898673246,0.12534537781593927,0.5651550223567156,0.0,0.0,0.0,0.0,0.0,2.4999999997499995,1.4849957272430707,0.3805768676560027,1.05,16.0
max-exp-cap-V k=16.0,30010,0.9659660935174178,0.8676376889711062,0.09659660935174177,0.12499829994398926,0.5721846359369666,0.0,0.0,0.0,0.0,0.0,2.49999999975,1.4496948496324118,0.39469315634393753,1.05,16.0
max-exp-cap-V k=16.0,30011,1.0202744712837895,0.9188879053115913,0.10202744712837894,0.12309368967526754,0.546276978398304,0.0,0.0,0.0,0.0,0.0,2.49999999975,1.4886255258212753,0.36696735943508885,1.05,16.0
max-exp-cap-V k=16.0,30012,0.9453969074497647,0.8510016823431147,0.09453318032830979,0.11138954814805958,0.513653807549782,0.0,-0.00013020833333333333,0.00013020833333333333,0.0,0.0,2.49999999975,1.4743145174713694,0.3484017836511312,1.05,16.0
max-exp-cap-V k=16.0,30013,0.9918254125755662,0.8919790592495295,0.09898722875755664,0.1189662141273024,0.5596668225392732,0.0,-0.00390625,0.00390625,0.0,0.0,2.49999999975,1.513852490028977,0.36969706508760347,1.05,16.0
max-exp-cap-V k=16.0,30014,0.9908641902484433,0.8890795562344223,0.09908641902484433,0.12330681207716106,0.5642930199475309,0.0,0.0,0.0,0.0,0.0,2.49999999975,1.492720791777887,0.37802985196946076,1.05,16.0
max-exp-cap-V k=16.0,30015,0.9642214459842273,0.8648019946536887,0.0962138112650894,0.12600936724675255,0.59666238878081,0.0,-0.004166666666666667,0.004166666666666667,0.0,0.0,2.49999999975,1.4963424223220672,0.3987472251537801,1.05,16.0
max-exp-cap-V k=16.0,30016,1.0284270736879004,0.9255014114076432,0.1027776032021234,0.12518634475341692,0.5859653422352185,0.0,-0.0013020833333333333,0.0013020833333333333,0.0,0.0,2.49999999975,1.520657543021315,0.38533682019621235,1.05,16.0
max-exp-cap-V k=16.0,30017,0.9714731920898465,0.87174210085374,0.09624888170898466,0.12231530115015328,0.5957205362876457,0.0,-0.01796875,0.01796875,0.0,0.0,2.49999999975,1.4937871596300354,0.3987988064077262,1.05,16.0
max-exp-cap-V k=16.0,30018,0.9902022756284994,0.8907485257171716,0.09902022756284994,0.11372748409295756,0.5184700441716259,0.0,0.0,0.0,0.0,0.0,2.4999999997499995,1.4958657340539219,0.3466019926578093,1.05,16.0
max-exp-cap-V k=16.0,30019,0.9670583807751293,0.8686030403216749,0.09670583807751293,0.11915557166005873,0.5265173382598064,0.0,0.0,0.0,0.0,0.0,2.49999999975,1.4825245825787263,0.35514914521280583,1.05,16.0
max-exp-cap-V k=16.0,30020,1.0090401433084573,0.9096492914377913,0.10072823308084573,0.11448455061761321,0.5432000024603348,0.0,-0.003515625,0.0037760416666666667,0.0,0.0,2.49999999975,1.521685897750909,0.35697248904205425,1.05,16.0
max-exp-cap-V k=16.0,30021,0.9677827253165705,0.8692278986631221,0.09677827253165705,0.12234579471082312,0.55910800346123,0.0,0.0,0.0,0.0,0.0,2.49999999975,1.4726302945519123,0.3796662377038453,1.05,16.0
max-exp-cap-V k=16.0,30022,0.9518650951640246,0.8537828345711523,0.09486749909973577,0.12956375718270524,0.6231252738636868,0.0,-0.006380208333333333,0.006380208333333333,0.0,0.0,2.49999999975,1.446031048688528,0.4309210887475948,1.05,16.0
max-exp-cap-V k=16.0,30023,0.9683793548187483,0.8725809984221413,0.09683793548187483,0.12098901317297628,0.554220843521719,0.0,0.0,0.0,0.0,0.0,2.49999999975,1.504177991389335,0.3684542964292494,1.05,16.0
max-exp-cap-V k=16.0,30024,0.9751300904989095,0.8770910486978098,0.09751300904989095,0.12440280019125646,0.569140873402197,0.0,0.0,0.0,0.0,0.0,2.49999999975,1.4968878857143118,0.38021609957154817,1.05,16.0
max-exp-cap-V k=16.0,30025,0.9446636842350761,0.8490675822884335,0.0943101184235076,0.12223272869468582,0.5782887461513546,0.0,-0.003125,0.003125,0.0,0.0,2.49999999975,1.4729478722741818,0.39260638956523036,1.05,16.0
max-exp-cap-V k=16.0,30026,1.0070958180197818,0.9064900366273507,0.10065098805197818,0.12219982875927017,0.5698988169075837,0.0,-0.001171875,0.001171875,0.0,0.0,2.4999999997500004,1.4988548285128407,0.38022282483023095,1.05,16.0
max-exp-cap-V k=16.0,30027,0.9839246915755039,0.8847276215388498,0.09817762540755039,0.12472084618716771,0.5914135603510285,0.0,-0.004296875,0.004296875,0.0,0.0,2.49999999975,1.4837596089732787,0.39859122513806033,1.05,16.0
max-exp-cap-V k=16.0,30028,0.9499421345381739,0.8520489868095632,0.09433666137048406,0.1296418890162357,0.6311019914612062,0.0,-0.013151041666666667,0.013151041666666667,0.0,0.0,2.49999999975,1.5031164162780835,0.4198623503985798,1.05,16.0
max-exp-cap-V k=16.0,30029,0.9904210968686826,0.8923868787292603,0.09894445343686827,0.11667281071407949,0.5491708032881525,0.0,-0.001953125,0.001953125,0.0,0.0,2.49999999975,1.4938625117646998,0.3676180364412633,1.05,16.0
max-exp-cap-V k=16.0,30030,0.9390302951616336,0.8415411372135767,0.09390302951616336,0.12310295432275231,0.555721812004188,0.0,0.0,0.0,0.0,0.0,2.4999999997500004,1.4220624018710484,0.39078581310708227,1.05,16.0
max-exp-cap-V k=16.0,30031,0.9826549680466674,0.882566747191682,0.09808320513800008,0.12641411278301196,0.6006872634197398,0.0,-0.0036458333333333334,0.0036458333333333334,0.0,0.0,2.49999999975,1.5069086937916296,0.3986222031198931,1.05,16.0
max-exp-cap-V k=16.0,30032,0.9840482767159092,0.885168129407315,0.09837878600492425,0.12187581517517904,0.5670955769316165,0.0,-0.0005208333333333333,0.0005208333333333333,0.0,0.0,2.49999999975,1.5695866245010224,0.3613025035250274,1.05,16.0
max-exp-cap-V k=16.0,30033,0.9970919260363579,0.8958660775188498,0.09966361968696913,0.12743816397242352,0.5976819007615432,0.0,-0.0009114583333333333,0.0009114583333333333,0.0,0.0,2.49999999975,1.424204598916956,0.41966013957268045,1.05,16.0
max-exp-cap-V k=16.0,30034,0.9756678016491525,0.8776426736512581,0.09756678016491524,0.11087996772113377,0.5058953559760125,0.0,0.0,0.0,0.0,0.0,2.4999999997499995,1.4879480261682148,0.33999531373337116,1.05,16.0
max-exp-cap-V k=16.0,30035,0.9862667055518953,0.886199519729095,0.09862667055518953,0.13172791385738591,0.6054013012762475,0.0,0.0,0.0,0.0,0.0,2.49999999975,1.4380434484406077,0.42098957575498525,1.05,16.0
max-exp-cap-V k=16.0,30036,0.9783251919437088,0.8789785874877054,0.09742236294437087,0.12471637292661478,0.598573317882544,0.0,-0.008203125,0.008203125,0.0,0.0,2.49999999975,1.4718874959252606,0.40667056384378597,1.05,16.0
max-exp-cap-V k=16.0,30037,0.9584780679298037,0.8619140963115881,0.09569806720964705,0.11753776772397265,0.5528878776265191,0.0,-0.002994791666666667,0.002994791666666667,0.0,0.0,2.49999999975,1.434394345558972,0.3854504023515675,1.05,16.0
max-exp-cap-V k=16.0,30038,0.9731416305070277,0.8757604279635297,0.09731416305070277,0.12124463429823434,0.5437880240108325,0.0,0.0,0.0,0.0,0.0,2.49999999975,1.5133299005896137,0.35933210848405583,1.05,16.0
max-exp-cap-V k=16.0,30039,0.9950253438631392,0.8954092052272077,0.09904029480298059,0.12408762934373067,0.6016425756239987,0.0,-0.009244791666666667,0.009244791666666667,0.0,0.0,2.49999999975,1.5420956091775526,0.3901460921381349,1.05,16.0
max-exp-cap-V k=16.0,30040,0.9949552463526754,0.8955713992861565,0.09865568088526754,0.12141761635277018,0.5930484019383666,0.0,-0.016796875,0.016796875,0.0,0.0,2.49999999975,1.5133559978822049,0.39187633495904495,1.05,16.0
max-exp-cap-V k=16.0,30041,0.9845781550939248,0.8847830392729501,0.09845781550939248,0.12382297629696448,0.5711478655289584,0.0,0.0,0.0,0.0,0.0,2.49999999975,1.5258169821285186,0.3743226561367836,1.05,16.0
max-exp-cap-V k=16.0,30042,1.0150686400409563,0.9117174468844307,0.09909149942076231,0.11949049196771258,0.6104943597396759,0.0,-0.04830729166666667,0.05572916666666667,0.0,0.0,2.49999999975,1.541592298005893,0.39601544489381085,1.05,16.0
max-exp-cap-V k=16.0,30043,1.001019049369031,0.8988671761274716,0.09978289452023643,0.12191879415049484,0.5834222761737728,0.0,-0.006380208333333333,0.006380208333333333,0.0,0.0,2.4999999997499995,1.476067319607912,0.39525451747603724,1.05,16.0
max-exp-cap-V k=16.0,30044,0.9657566632803007,0.8680624000136566,0.09657566632803008,0.11890740887967306,0.5220380274888348,0.0,0.0,0.0,0.0,0.0,2.49999999975,1.4526525847966734,0.3593688077606691,1.05,16.0
max-exp-cap-V k=16.0,30045,0.9963673773401545,0.8964566144486873,0.09963673773401545,0.12077749946143672,0.5401635474255714,0.0,0.0,0.0,0.0,0.0,2.49999999975,1.5223362217340461,0.354825392520903,1.05,16.0
max-exp-cap-V k=16.0,30046,0.984208656002068,0.885630361545185,0.09803024060020679,0.12302559404194337,0.5863262161645844,0.0,-0.0078125,0.008072916666666666,0.0,0.0,2.49999999975,1.5041051119155093,0.3898173149733436,1.05,16.0
max-exp-cap-V k=16.0,30047,0.9917754328890264,0.89125032285865,0.09910592870556931,0.12625398503485089,0.5907544118562328,0.0,-0.0014322916666666666,0.0014322916666666666,0.0,0.0,2.49999999975,1.5036536796147062,0.3928793045002269,1.05,16.0
max-exp-cap-V k=16.0,30048,1.007857313519106,0.9067482260210464,0.1007466688519106,0.12452422204983092,0.5818111028080989,0.0,-0.00078125,0.00078125,0.0,0.0,2.4999999997499995,1.4745537528258335,0.39456757794900094,1.05,16.0
max-exp-cap-V k=16.0,30049,0.9759724844770356,0.8788617754087779,0.09746052969770355,0.1246721253901827,0.5895742208894708,0.0,-0.002734375,0.002734375,0.0,0.0,2.4999999997499995,1.4822630791743396,0.39775275332222365,1.05,16.0
