setting,scenario_seed,policy,return_lin,v_term_lin,uv_gross_lin,uv_gross_exact,tap_mean_gross,v_term_exact,peak_term_exact,return_exact,peak_kw_exact
1.02,10000,max-exp-cap,1.0991252528191164,0.13470052083333334,0.15256510416666666,0.18779947916666667,1.01973125,0.11445312499999999,1.0020616911401075,1.1165148161401075,448.5284082594624
1.02,10000,max-exp-cap-V retuned,1.1752106980155008,0.27532552083333334,0.15256510416666666,0.18779947916666667,1.01973125,0.2650390625,0.9537446797166496,1.2187837422166496,427.86324224367377
1.02,10000,residual-rt-s0,1.1715992485895481,0.23828124999999997,0.15256510416666666,0.18779947916666667,1.01973125,0.23359375,0.9833274851002718,1.2169212351002718,440.3130958367255
1.02,10000,residual-rt-s1,1.1668154406722868,0.2700520833333333,0.15256510416666666,0.18779947916666667,1.01973125,0.25983072916666666,0.9494971498416349,1.2093278790083015,425.8564143069347
1.02,10000,residual-rt-s2,1.1670867843659363,0.27610677083333335,0.15256510416666666,0.18779947916666667,1.01973125,0.2638671875,0.9439185695511879,1.2077857570511878,423.67584654964594
1.02,10000,ppo-rt-s0,1.1468540848320186,0.2087890625,0.15256510416666666,0.18779947916666667,1.01973125,0.20540364583333337,0.9824688262114785,1.1878724720448117,439.9841964733496
1.02,10000,ppo-rt-s1,1.1061718185409033,0.20221354166666666,0.15256510416666666,0.18779947916666667,1.01973125,0.19531249999999997,0.9478843829597322,1.143196882959732,425.65027755174924
1.02,10000,ppo-rt-s2,1.1408630415999594,0.20748697916666664,0.15256510416666666,0.18779947916666667,1.01973125,0.20520833333333335,0.9782223838202351,1.1834307171535685,438.1941595600043
1.02,10001,max-exp-cap,1.1141680738824935,0.13111979166666665,0.14889322916666664,0.18623697916666665,1.0197354166666666,0.12005208333333332,1.0211489502168165,1.14120103355015,458.1996168875639
1.02,10001,max-exp-cap-V retuned,1.2033000722175995,0.2858723958333333,0.14889322916666664,0.18623697916666665,1.0197354166666666,0.2801432291666666,0.9722292310575646,1.2523724602242312,437.60444949259664
1.02,10001,residual-rt-s0,1.1609086370366524,0.2518229166666667,0.14889322916666664,0.18623697916666665,1.0197354166666666,0.252734375,0.9587838367652597,1.2115182117652596,432.00440301778684
1.02,10001,residual-rt-s1,1.1642053991760553,0.26848958333333334,0.14889322916666664,0.18623697916666665,1.0197354166666666,0.2692708333333333,0.9478523440413344,1.2171231773746678,427.234051195708
1.02,10001,residual-rt-s2,1.1933494118981847,0.28561197916666664,0.14889322916666664,0.18623697916666665,1.0197354166666666,0.28092447916666663,0.9617736342169174,1.2426981133835842,433.22661052414594
1.02,10001,ppo-rt-s0,1.122625474964471,0.19902343749999998,0.14889322916666664,0.18623697916666665,1.0197354166666666,0.19934895833333333,0.9669690887262935,1.1663180470596268,435.2902320412758
1.02,10001,ppo-rt-s1,1.1308124904709127,0.20631510416666665,0.14889322916666664,0.18623697916666665,1.0197354166666666,0.2069661458333333,0.9693421118006074,1.1763082576339408,436.40884851833533
1.02,10001,ppo-rt-s2,1.1498750849528998,0.212109375,0.14889322916666664,0.18623697916666665,1.0197354166666666,0.21354166666666666,0.9831745689168769,1.1967162355835437,442.1048380919076
1.02,10002,max-exp-cap,1.1423484925597487,0.12923177083333331,0.14365885416666668,0.17972656250000002,1.0197276041666665,0.1155598958333333,1.0507526204568978,1.166312516290231,470.15018896517427
1.02,10002,max-exp-cap-V retuned,1.1668670869572337,0.266796875,0.14365885416666668,0.17972656250000002,1.0197276041666665,0.2552083333333333,0.9525973181152156,1.207805651448549,428.8159782501335
1.02,10002,residual-rt-s0,1.1961578391287393,0.25462239583333335,0.14365885416666668,0.17972656250000002,1.0197276041666665,0.25091145833333334,0.9923532563914256,1.2432647147247589,445.685038582508
1.02,10002,residual-rt-s1,1.183758653345575,0.267578125,0.14365885416666668,0.17972656250000002,1.0197276041666665,0.26197916666666665,0.9682071606184833,1.2301863272851499,435.51053005127983
1.02,10002,residual-rt-s2,1.1728158287951989,0.27076822916666665,0.14365885416666668,0.17972656250000002,1.0197276041666665,0.2608723958333333,0.9543176841850536,1.2151900800183868,429.5409678267133
1.02,10002,ppo-rt-s0,1.1716624943996037,0.20865885416666666,0.14365885416666668,0.17972656250000002,1.0197276041666665,0.20618489583333333,1.00762608262665,1.2138109784599833,451.9389484813665
1.02,10002,ppo-rt-s1,1.1733997788890316,0.210546875,0.14365885416666668,0.17972656250000002,1.0197276041666665,0.20813802083333333,1.0079330277485146,1.2160710485818478,452.1367251865031
1.02,10002,ppo-rt-s2,1.1749282498767033,0.21022135416666665,0.14365885416666668,0.17972656250000002,1.0197276041666665,0.20774739583333335,1.009903566420025,1.2176509622533584,452.9059343512638
1.02,10003,max-exp-cap,1.0845295121855527,0.11744791666666665,0.15325520833333334,0.18782552083333331,1.0197447916666664,0.10520833333333333,1.0039214155526683,1.1091297488860017,456.9441725681686
1.02,10003,max-exp-cap-V retuned,1.1771600626978822,0.2602213541666667,0.15325520833333334,0.18782552083333331,1.0197447916666664,0.25299479166666666,0.9716846830210559,1.2246794746877225,442.96565589820983
1.02,10003,residual-rt-s0,1.1250115451025693,0.2294921875,0.15325520833333334,0.18782552083333331,1.0197447916666664,0.2271484375,0.9453197488769134,1.1724681863769133,431.3076881270669
1.02,10003,residual-rt-s1,1.1648023431977061,0.2515625,0.15325520833333334,0.18782552083333331,1.0197447916666664,0.25214843750000004,0.9664802173358309,1.218628654835831,440.32835480627773
1.02,10003,residual-rt-s2,1.1631324796702678,0.2561848958333333,0.15325520833333334,0.18782552083333331,1.0197447916666664,0.2535807291666667,0.9606536629820771,1.2142343921487437,437.7777465894089
1.02,10003,ppo-rt-s0,1.1090758849956903,0.19270833333333331,0.15325520833333334,0.18782552083333331,1.0197447916666664,0.1845703125,0.9600514411562375,1.1446217536562375,437.8421542274997
1.02,10003,ppo-rt-s1,1.1095186496570657,0.1923828125,0.15325520833333334,0.18782552083333331,1.0197447916666664,0.18281250000000004,0.9609870976035007,1.1437995976035007,438.32253272883895
1.02,10003,ppo-rt-s2,1.1205802847279671,0.19596354166666666,0.15325520833333334,0.18782552083333331,1.0197447916666664,0.18886718750000003,0.9692646249259746,1.1581318124259747,441.7937440618691
1.02,10004,max-exp-cap,1.1029808513117518,0.11692708333333332,0.15701822916666666,0.191640625,1.0197546874999996,0.1076171875,1.0238512863577034,1.1314684738577034,468.4142548825278
1.02,10004,max-exp-cap-V retuned,1.131264840877242,0.25201822916666666,0.15701822916666666,0.191640625,1.0197546874999996,0.24134114583333333,0.9317379299863986,1.1730790758197318,429.194067945554
1.02,10004,residual-rt-s0,1.1122671768928296,0.22089843750000002,0.15701822916666666,0.191640625,1.0197546874999996,0.20703125,0.9386272665840585,1.1456585165840585,431.79004737958746
1.02,10004,residual-rt-s1,1.1318381373632953,0.24401041666666665,0.15701822916666666,0.191640625,1.0197546874999996,0.23899739583333338,0.9388480168932818,1.1778454127266151,431.9016757527962
1.02,10004,residual-rt-s2,1.1830094568623508,0.26783854166666665,0.15701822916666666,0.191640625,1.0197546874999996,0.25813802083333337,0.9689678631497645,1.2271058839830977,445.0580008749603
1.02,10004,ppo-rt-s0,1.155920112414305,0.20240885416666665,0.15701822916666666,0.191640625,1.0197546874999996,0.19147135416666664,0.9986526139866698,1.1901239681533364,457.5338928307808
1.02,10004,ppo-rt-s1,1.1409632302376567,0.20279947916666669,0.15701822916666666,0.191640625,1.0197546874999996,0.18912760416666669,0.9830003772510246,1.1721279814176913,451.04702683319135
1.02,10004,ppo-rt-s2,1.1374135127011866,0.20026041666666666,0.15701822916666666,0.191640625,1.0197546874999996,0.1906901041666667,0.9816012938559777,1.1722913980226444,450.34089752886143
1.02,10005,max-exp-cap,1.0848436607331173,0.12799479166666664,0.154296875,0.18986979166666668,1.0197437499999997,0.11002604166666666,0.9923455247070574,1.1023715663737241,450.65495162249505
1.02,10005,max-exp-cap-V retuned,1.199114852455637,0.27890624999999997,0.154296875,0.18986979166666668,1.0197437499999997,0.2670572916666667,0.9740494775991917,1.2411067692658584,442.32759990923046
1.02,10005,residual-rt-s0,1.2537644887385337,0.2904296875,0.154296875,0.18986979166666668,1.0197437499999997,0.28437500000000004,1.0171662407390887,1.3015412407390887,460.70256552386826
1.02,10005,residual-rt-s1,1.2433878441530486,0.2934895833333333,0.154296875,0.18986979166666668,1.0197437499999997,0.28541666666666665,1.0043232560012307,1.2897399226678974,455.1533568523665
1.02,10005,residual-rt-s2,1.2384067455613963,0.2943359375,0.154296875,0.18986979166666668,1.0197437499999997,0.28587239583333335,0.9983692244812159,1.2842416203145492,452.7870146257373
1.02,10005,ppo-rt-s0,1.140189789517808,0.20748697916666664,0.154296875,0.18986979166666668,1.0197437499999997,0.20156250000000003,0.975812626066024,1.1773751260660241,443.2668987584218
1.02,10005,ppo-rt-s1,1.1555566677961921,0.214453125,0.154296875,0.18986979166666668,1.0197437499999997,0.208203125,0.9853173883887761,1.193520513388776,447.29739112155147
1.02,10005,ppo-rt-s2,1.1297726321018324,0.20787760416666665,0.154296875,0.18986979166666668,1.0197437499999997,0.20286458333333338,0.9657245141609743,1.1685890974943076,438.9987709350833
1.02,10006,max-exp-cap,1.1214499134714888,0.1359375,0.13760416666666667,0.1734375,1.0197244791666666,0.12584635416666667,1.0252132630348374,1.1510596172015042,454.64274360138523
1.02,10006,max-exp-cap-V retuned,1.1630303538487605,0.27141927083333334,0.13760416666666667,0.1734375,1.0197244791666666,0.26269531250000006,0.9436746023081632,1.2063699148081632,420.2640018891792
1.02,10006,residual-rt-s0,1.1752156030758683,0.2314453125,0.13760416666666667,0.1734375,1.0197244791666666,0.23365885416666668,0.9910867467904938,1.2247456009571605,440.14694008411124
1.02,10006,residual-rt-s1,1.1439766103786413,0.25397135416666666,0.13760416666666667,0.1734375,1.0197244791666666,0.25169270833333335,0.9400967801702163,1.1917894885035496,418.64438944118893
1.02,10006,residual-rt-s2,1.171240149327131,0.2750651041666667,0.13760416666666667,0.1734375,1.0197244791666666,0.2658203125,0.9477426126379002,1.2135629251379,422.32047081314863
1.02,10006,ppo-rt-s0,1.1348024904358411,0.19967447916666667,0.13760416666666667,0.1734375,1.0197244791666666,0.19811197916666665,0.9774587589052398,1.1755707380719065,434.5884572462081
1.02,10006,ppo-rt-s1,1.1393723777187952,0.2041015625,0.13760416666666667,0.1734375,1.0197244791666666,0.2026041666666667,0.9792347389418257,1.1818389056084924,435.5030140554362
1.02,10006,ppo-rt-s2,1.1408632882159522,0.2052734375,0.13760416666666667,0.1734375,1.0197244791666666,0.2048828125,0.9793225301993671,1.184205342699367,435.4668586875596
1.02,10007,max-exp-cap,1.0997987080112188,0.11725260416666664,0.16115885416666667,0.19695312499999998,1.019748958333333,0.10436197916666663,1.0214628840813054,1.125824863247972,468.27616975180274
1.02,10007,max-exp-cap-V retuned,1.1099844420569644,0.23932291666666666,0.16115885416666667,0.19695312499999998,1.019748958333333,0.23079427083333331,0.9252428514129822,1.1560371222463155,425.60416534169406
1.02,10007,residual-rt-s0,1.126010762470982,0.22161458333333334,0.16115885416666667,0.19695312499999998,1.019748958333333,0.2126302083333333,0.9548867449742305,1.1675169533075638,438.5137848805348
1.02,10007,residual-rt-s1,1.1039697384182052,0.23346354166666666,0.16115885416666667,0.19695312499999998,1.019748958333333,0.22591145833333326,0.9243270939556031,1.1502385522889362,424.800790042857
1.02,10007,residual-rt-s2,1.1340811769771442,0.24707031249999997,0.16115885416666667,0.19695312499999998,1.019748958333333,0.24277343749999997,0.9421653983728557,1.1849388358728556,433.0879798201042
1.02,10007,ppo-rt-s0,1.1158811225269663,0.18932291666666665,0.16115885416666667,0.19695312499999998,1.019748958333333,0.1767578125,0.9706034663857075,1.1473612788857075,445.727950557829
1.02,10007,ppo-rt-s1,1.1305294406073751,0.19381510416666667,0.16115885416666667,0.19695312499999998,1.019748958333333,0.18007812499999998,0.9819736334350323,1.1620517584350323,450.77196494019864
1.02,10007,ppo-rt-s2,1.1194526372749236,0.1930989583333333,0.16115885416666667,0.19695312499999998,1.019748958333333,0.18125000000000002,0.9712954643806707,1.1525454643806707,446.132439641707
1.02,10008,max-exp-cap,1.1142300280270234,0.11048177083333335,0.17259114583333338,0.20671875,1.0197713541666664,0.098046875,1.040135066301235,1.138181941301235,484.21131879845194
1.02,10008,max-exp-cap-V retuned,1.1779286103039202,0.2533854166666667,0.17259114583333338,0.20671875,1.0197713541666664,0.24427083333333333,0.9810304027723021,1.2253012361056355,458.03539484895464
1.02,10008,residual-rt-s0,1.160881003679686,0.2279296875,0.17259114583333338,0.20671875,1.0197713541666664,0.21087239583333334,0.9839912371809764,1.1948636330143096,459.21612980936334
1.02,10008,residual-rt-s1,1.1590393393706444,0.24830729166666668,0.17259114583333338,0.20671875,1.0197713541666664,0.23938802083333333,0.9659626431174544,1.2053506639507878,451.02903159427603
1.02,10008,residual-rt-s2,1.1442797602741275,0.24401041666666665,0.17259114583333338,0.20671875,1.0197713541666664,0.2326171875,0.9550576248817249,1.187674812381725,446.0658541416618
1.02,10008,ppo-rt-s0,1.172879906773407,0.20130208333333335,0.17259114583333338,0.20671875,1.0197713541666664,0.18092447916666668,1.0180922546497482,1.1990167338164148,474.4056930540452
1.02,10008,ppo-rt-s1,1.17951714581064,0.20501302083333334,0.17259114583333338,0.20671875,1.0197713541666664,0.18580729166666665,1.0219449083226249,1.2077521999892915,475.9262553191737
1.02,10008,ppo-rt-s2,1.1514334979859095,0.20045572916666665,0.17259114583333338,0.20671875,1.0197713541666664,0.18053385416666667,0.9972733940902117,1.1778072482568782,465.3877984433153
1.02,10009,max-exp-cap,1.123901848043461,0.12389322916666667,0.14958333333333335,0.18575520833333337,1.0197416666666663,0.11308593750000005,1.0369265176464846,1.1500124551464845,469.39923872257
1.02,10009,max-exp-cap-V retuned,1.118622458406116,0.24036458333333333,0.14958333333333335,0.18575520833333337,1.0197416666666663,0.23574218750000003,0.9298771057862472,1.1656192932862472,423.22068565431425
1.02,10009,residual-rt-s0,1.2163505436884434,0.2603515625,0.14958333333333335,0.18575520833333337,1.0197416666666663,0.26243489583333335,1.0092869240451272,1.2717218198784606,457.0104259251006
1.02,10009,residual-rt-s1,1.2197062854942369,0.2690755208333333,0.14958333333333335,0.18575520833333337,1.0197416666666663,0.26953125,1.004531966218602,1.274063216218602,455.0991761717314
1.02,10009,residual-rt-s2,1.2221799059247904,0.2740234375,0.14958333333333335,0.18575520833333337,1.0197416666666663,0.27070312500000004,1.0025646727898527,1.2732677977898528,454.3036205602495
1.02,10009,ppo-rt-s0,1.1468204092688115,0.19641927083333335,0.14958333333333335,0.18575520833333337,1.0197416666666663,0.19257812500000004,0.9935701866187872,1.1861483116187872,450.68789664565634
1.02,10009,ppo-rt-s1,1.181070454149105,0.2055338541666667,0.14958333333333335,0.18575520833333337,1.0197416666666663,0.1994791666666667,1.0214519585572106,1.2209311252238773,462.53771856974714
1.02,10009,ppo-rt-s2,1.1551840373155078,0.19908854166666667,0.14958333333333335,0.18575520833333337,1.0197416666666663,0.19563802083333337,1.0004712632209471,1.1961092840542804,453.6604821221816
1.02,10010,max-exp-cap,1.1333838514634338,0.13899739583333334,0.14795572916666666,0.18470052083333335,1.0197234374999997,0.11835937500000002,1.0304818454794975,1.1488412204794975,461.4335562248328
1.02,10010,max-exp-cap-V retuned,1.133120476636303,0.2574869791666667,0.14795572916666666,0.18470052083333335,1.0197234374999997,0.24869791666666669,0.9265277593611191,1.1752256760277857,416.6327080749509
1.02,10010,residual-rt-s0,1.215301487160094,0.27675781250000003,0.14795572916666666,0.18470052083333335,1.0197234374999997,0.2658203125,0.9910083760809499,1.2568286885809499,444.1337549340403
1.02,10010,residual-rt-s1,1.191550910276623,0.27467447916666665,0.14795572916666666,0.18470052083333335,1.0197234374999997,0.2635416666666667,0.9690437227348858,1.2325853894015526,434.4810946855916
1.02,10010,residual-rt-s2,1.186268477422065,0.27571614583333337,0.14795572916666666,0.18470052083333335,1.0197234374999997,0.2632161458333333,0.962809027580745,1.2260251734140784,431.7989779246182
1.02,10010,ppo-rt-s0,1.1457196649759407,0.2061197916666667,0.14795572916666666,0.18470052083333335,1.0197234374999997,0.19973958333333333,0.981636085537077,1.1813756688704105,440.27675053446075
1.02,10010,ppo-rt-s1,1.1754043420729499,0.2171875,0.14795572916666666,0.18470052083333335,1.0197234374999997,0.20891927083333336,1.0018956902110898,1.2108149610444232,448.8267787089021
1.02,10010,ppo-rt-s2,1.1354145464637047,0.2080729166666667,0.14795572916666666,0.18470052083333335,1.0197234374999997,0.20149739583333331,0.96993086974477,1.1714282655781034,435.2890506204282
1.02,10011,max-exp-cap,1.1355392893193421,0.1310546875,0.15494791666666669,0.19109374999999998,1.0197390624999998,0.11666666666666665,1.047289890074803,1.1639565567414698,475.2762672415036
1.02,10011,max-exp-cap-V retuned,1.2144231869581323,0.273828125,0.15494791666666669,0.19109374999999998,1.0197390624999998,0.26438802083333335,0.9967121556304664,1.2611001764638,453.48609727919813
1.02,10011,residual-rt-s0,1.251042255446261,0.260546875,0.15494791666666669,0.19109374999999998,1.0197390624999998,0.2604166666666667,1.0454114250590052,1.305828091725672,474.2167907866301
1.02,10011,residual-rt-s1,1.254383259569998,0.2840494791666666,0.15494791666666669,0.19109374999999998,1.0197390624999998,0.27877604166666664,1.0273084352958937,1.3060844769625604,466.44974985507736
1.02,10011,residual-rt-s2,1.2690218068312642,0.2943359375,0.15494791666666669,0.19109374999999998,1.0197390624999998,0.2850260416666667,1.0324346167012002,1.317460658367867,468.6139666160133
1.02,10011,ppo-rt-s0,1.2158063954660618,0.21653645833333332,0.15494791666666669,0.19109374999999998,1.0197390624999998,0.21510416666666668,1.0490792124806205,1.2641833791472872,475.7174362407847
1.02,10011,ppo-rt-s1,1.1743119718987844,0.20872395833333332,0.15494791666666669,0.19109374999999998,1.0197390624999998,0.20299479166666673,1.0134013202060728,1.2163961118727395,460.7980739262338
1.02,10011,ppo-rt-s2,1.1987021302124758,0.21393229166666664,0.15494791666666669,0.19109374999999998,1.0197390624999998,0.2126953125,1.0343325107999055,1.2470278232999055,469.5151206388093
1.02,10012,max-exp-cap,1.0698462848555044,0.11523437499999997,0.149453125,0.18527343749999997,1.0197338541666667,0.10781250000000002,0.9882004914170709,1.0960129914170709,444.23088808936143
1.02,10012,max-exp-cap-V retuned,1.1175896569651596,0.2482421875,0.149453125,0.18527343749999997,1.0197338541666667,0.24928385416666665,0.9201717795087446,1.1694556336754114,415.05162864059605
1.02,10012,residual-rt-s0,1.1798848372424364,0.26536458333333335,0.149453125,0.18527343749999997,1.0197338541666667,0.26249999999999996,0.9658930865518043,1.2283930865518042,434.5530230291518
1.02,10012,residual-rt-s1,1.2084825752203037,0.2819661458333333,0.149453125,0.18527343749999997,1.0197338541666667,0.2755859375,0.9791651846307713,1.2547511221307712,440.2217943797383
1.02,10012,residual-rt-s2,1.1531182452290794,0.262109375,0.149453125,0.18527343749999997,1.0197338541666667,0.2595703125,0.9421987317779797,1.2017690442779798,424.5223837990102
1.02,10012,ppo-rt-s0,1.1277297105790647,0.20162760416666667,0.149453125,0.18527343749999997,1.0197338541666667,0.20468750000000002,0.9685881882902554,1.1732756882902553,435.87440599959893
1.02,10012,ppo-rt-s1,1.1570950562321778,0.212109375,0.149453125,0.18527343749999997,1.0197338541666667,0.21425781249999998,0.9889165204180758,1.2031743329180757,444.21430908166553
1.02,10012,ppo-rt-s2,1.1187485301956885,0.19999999999999998,0.149453125,0.18527343749999997,1.0197338541666667,0.20377604166666669,0.9615170579647606,1.1652930996314272,432.9569530229086
1.02,10013,max-exp-cap,1.167827382466506,0.1430989583333333,0.12669270833333332,0.16446614583333335,1.0197083333333332,0.1362630208333333,1.0603080384102883,1.1965710592436216,458.96317989714106
1.02,10013,max-exp-cap-V retuned,1.185973251220244,0.28867187499999997,0.12669270833333332,0.16446614583333335,1.0197083333333332,0.2699869791666667,0.9485456427629533,1.21853262192962,412.5512280929788
1.02,10013,residual-rt-s0,1.2107940350062025,0.2641927083333333,0.12669270833333332,0.16446614583333335,1.0197083333333332,0.25169270833333335,0.9938837717708296,1.2455764801041629,431.5309305104881
1.02,10013,residual-rt-s1,1.2054462873435403,0.2872395833333333,0.12669270833333332,0.16446614583333335,1.0197083333333332,0.27532552083333334,0.9687817102744818,1.2441072311078152,421.03064715832585
1.02,10013,residual-rt-s2,1.192393528279423,0.29147135416666664,0.12669270833333332,0.16446614583333335,1.0197083333333332,0.27688802083333336,0.9519725711094609,1.2288605919427942,414.03364008821364
1.02,10013,ppo-rt-s0,1.1924941084049492,0.22467447916666666,0.12669270833333332,0.16446614583333335,1.0197083333333332,0.2150390625,1.0096571555514666,1.2246962180514667,437.8766063294588
1.02,10013,ppo-rt-s1,1.2190295018994657,0.23365885416666665,0.12669270833333332,0.16446614583333335,1.0197083333333332,0.22513020833333336,1.0285398253864275,1.2536700337197608,445.6607596813654
1.02,10013,ppo-rt-s2,1.1930025178111991,0.22721354166666666,0.12669270833333332,0.16446614583333335,1.0197083333333332,0.21692708333333333,1.0081931932825159,1.2251202766158493,437.29446767134584
1.02,10014,max-exp-cap,1.1195197739317533,0.10865885416666665,0.1851171875,0.21779947916666664,1.0198031249999997,0.1001953125,1.0534027987573271,1.153598111257327,506.3089049480511
1.02,10014,max-exp-cap-V retuned,1.1490188732703137,0.23476562499999998,0.1851171875,0.21779947916666664,1.0198031249999997,0.21152343749999997,0.9722254202495676,1.1837488577495676,469.76289875291405
1.02,10014,residual-rt-s0,1.1067428825894392,0.20026041666666666,0.1851171875,0.21779947916666664,1.0198031249999997,0.18014322916666667,0.9595360039849901,1.1396792331516568,462.6632705650596
1.02,10014,residual-rt-s1,1.1755016594506942,0.245703125,0.1851171875,0.21779947916666664,1.0198031249999997,0.2208984375,0.9877550021675329,1.2086534396675328,476.3026664001428
1.02,10014,residual-rt-s2,1.1639577818970868,0.24108072916666667,0.1851171875,0.21779947916666664,1.0198031249999997,0.21673177083333334,0.9809827685628943,1.1977145393962276,472.59559796618134
1.02,10014,ppo-rt-s0,1.124387938273352,0.17298177083333333,0.1851171875,0.21779947916666664,1.0198031249999997,0.15416666666666667,0.9980157389005395,1.1521824055672063,480.8173931165676
1.02,10014,ppo-rt-s1,1.1527576623437579,0.18359374999999997,0.1851171875,0.21779947916666664,1.0198031249999997,0.1630859375,1.0181063059462176,1.1811922434462176,489.91582175693844
1.02,10014,ppo-rt-s2,1.130437152283162,0.18033854166666666,0.1851171875,0.21779947916666664,1.0198031249999997,0.1599609375,0.998060705208577,1.158021642708577,481.0716411554984
1.02,10015,max-exp-cap,1.0399340935673744,0.10325520833333332,0.17635416666666667,0.21010416666666668,1.0197786458333333,0.09440104166666663,0.9736731311056744,1.068074172772341,458.92361526986895
1.02,10015,max-exp-cap-V retuned,1.069723119178437,0.22877604166666665,0.17635416666666667,0.21010416666666668,1.0197786458333333,0.21432291666666664,0.8946886318841861,1.1090115485508527,423.39237970459214
1.02,10015,residual-rt-s0,1.1232799657696722,0.22695312499999998,0.17635416666666667,0.21010416666666668,1.0197786458333333,0.2114583333333333,0.9470586070974599,1.1585169404307933,447.07594884097114
1.02,10015,residual-rt-s1,1.1029302391307032,0.23606770833333332,0.17635416666666667,0.21010416666666668,1.0197786458333333,0.2208984375,0.9204378489494398,1.1413362864494399,434.88589119518406
1.02,10015,residual-rt-s2,1.0656587308783239,0.23222656249999998,0.17635416666666667,0.21010416666666668,1.0197786458333333,0.21666666666666662,0.8865725700870191,1.1032392367536856,419.7445244969215
1.02,10015,ppo-rt-s0,1.0704418682207395,0.1811848958333333,0.17635416666666667,0.21010416666666668,1.0197786458333333,0.16692708333333328,0.9333304897481927,1.1002575730815258,440.79349942923216
1.02,10015,ppo-rt-s1,1.0826504552898792,0.1805989583333333,0.17635416666666667,0.21010416666666668,1.0197786458333333,0.16653645833333328,0.9467286447725438,1.1132651031058771,446.68104163993837
1.02,10015,ppo-rt-s2,1.0642102884952767,0.1788411458333333,0.17635416666666667,0.21010416666666668,1.0197786458333333,0.16510416666666664,0.9294717799505364,1.0945759466172031,439.03340774402125
1.02,10016,max-exp-cap,1.1407559072490514,0.13027343749999998,0.16502604166666665,0.19932291666666666,1.019756770833333,0.11139322916666668,1.0493851865496877,1.1607784157163543,483.9067352005354
1.02,10016,max-exp-cap-V retuned,1.1457922719910227,0.2554036458333333,0.16502604166666665,0.19932291666666666,1.019756770833333,0.24335937500000004,0.9444642411237496,1.1878236161237496,438.4784719764468
1.02,10016,residual-rt-s0,1.1794514203563817,0.24361979166666667,0.16502604166666665,0.19932291666666666,1.019756770833333,0.23313802083333338,0.9864356285417373,1.2195736493750706,456.7298651824531
1.02,10016,residual-rt-s1,1.1741723494463763,0.2633463541666667,0.16502604166666665,0.19932291666666666,1.019756770833333,0.2559244791666667,0.9648890728968856,1.2208135520635524,447.4024929988167
1.02,10016,residual-rt-s2,1.162491812554003,0.2634114583333333,0.16502604166666665,0.19932291666666666,1.019756770833333,0.2554036458333333,0.9530880317899205,1.208491677623254,442.16620817186816
1.02,10016,ppo-rt-s0,1.167493089793597,0.2111328125,0.16502604166666665,0.19932291666666666,1.019756770833333,0.19375000000000006,1.0022970976963086,1.1960470976963087,463.38192226802585
1.02,10016,ppo-rt-s1,1.1584617279054599,0.20865885416666663,0.16502604166666665,0.19932291666666666,1.019756770833333,0.19114583333333335,0.9954549892416198,1.1866008225749531,460.4979543179326
1.02,10016,ppo-rt-s2,1.1747773599148057,0.21399739583333333,0.16502604166666665,0.19932291666666666,1.019756770833333,0.19850260416666668,1.0074738997209172,1.2059765038875838,465.6373745362373
1.02,10017,max-exp-cap,1.1061621364523826,0.13033854166666667,0.1597265625,0.19473958333333335,1.0197473958333332,0.11243489583333335,1.0131819293953161,1.1256168252286496,462.6578600244999
1.02,10017,max-exp-cap-V retuned,1.06734047739924,0.23125,0.1597265625,0.19473958333333335,1.0197473958333332,0.22343749999999998,0.884840239293397,1.108277739293397,406.3594252354121
1.02,10017,residual-rt-s0,1.0608115603429165,0.19628906250000003,0.1597265625,0.19473958333333335,1.0197473958333332,0.18229166666666669,0.9070492865934037,1.0893409532600704,415.8401455680275
1.02,10017,residual-rt-s1,1.0659416918243652,0.23118489583333335,0.1597265625,0.19473958333333335,1.0197473958333332,0.22597656250000003,0.8828747514736495,1.1088513139736496,405.3598312979306
1.02,10017,residual-rt-s2,1.1047612718206925,0.24628906250000002,0.1597265625,0.19473958333333335,1.0197473958333332,0.24140625000000004,0.9083902619291837,1.1497965119291838,416.6477908289492
1.02,10017,ppo-rt-s0,1.10064452019161,0.1873046875,0.1597265625,0.19473958333333335,1.0197473958333332,0.17213541666666668,0.952940119393252,1.1250755360599187,436.14175785620415
1.02,10017,ppo-rt-s1,1.1212157712447663,0.19973958333333336,0.1597265625,0.19473958333333335,1.0197473958333332,0.18561197916666666,0.9635812691554233,1.14919324832209,441.09059561693687
1.02,10017,ppo-rt-s2,1.1039252455247668,0.19459635416666668,0.1597265625,0.19473958333333335,1.0197473958333332,0.18157552083333334,0.9504077175135401,1.1319832383468735,435.27705814423825
1.02,10018,max-exp-cap,1.1227816997827216,0.11875,0.16014322916666665,0.1954296875,1.0197609374999996,0.10559895833333335,1.042125339393436,1.1477242977267694,479.30546972577986
1.02,10018,max-exp-cap-V retuned,1.2132979089900955,0.2733072916666667,0.16014322916666665,0.1954296875,1.0197609374999996,0.25813802083333337,0.9978851608952943,1.2560231817286276,459.7006762559918
1.02,10018,residual-rt-s0,1.2046699457937855,0.2455078125,0.16014322916666665,0.1954296875,1.0197609374999996,0.23391927083333333,1.0117800612636845,1.2456993320970178,465.78043851865067
1.02,10018,residual-rt-s1,1.1865325247315712,0.2607421875,0.16014322916666665,0.1954296875,1.0197609374999996,0.25026041666666665,0.9821913813924886,1.2324517980591554,452.7525821486434
1.02,10018,residual-rt-s2,1.1672316133997773,0.25559895833333335,0.16014322916666665,0.1954296875,1.0197609374999996,0.2451171875,0.9678473625806285,1.2129645500806285,446.46221553581
1.02,10018,ppo-rt-s0,1.1554197632429153,0.2,0.16014322916666665,0.1954296875,1.0197609374999996,0.18457031250000003,1.000894011999242,1.185464324499242,460.9474467858417
1.02,10018,ppo-rt-s1,1.1508817249620442,0.201953125,0.16014322916666665,0.1954296875,1.0197609374999996,0.18645833333333334,0.9948900096039698,1.181348342937303,458.6298040490492
1.02,10018,ppo-rt-s2,1.148061106876183,0.20123697916666666,0.16014322916666665,0.1954296875,1.0197609374999996,0.18606770833333336,0.9927189165817372,1.1787866249150705,457.4328046954946
1.02,10019,max-exp-cap,1.0999898400137875,0.12265625000000002,0.14684895833333333,0.18238281250000002,1.019734895833333,0.10852864583333335,1.015405876978194,1.1239345228115274,456.1942454075593
1.02,10019,max-exp-cap-V retuned,1.1915794216598603,0.2763671875,0.14684895833333333,0.18238281250000002,1.019734895833333,0.2633463541666667,0.968788996586467,1.2321353507531336,436.3821808143935
1.02,10019,residual-rt-s0,1.1807086224244905,0.24498697916666667,0.14684895833333333,0.18238281250000002,1.019734895833333,0.24231770833333335,0.9846624301234927,1.2269801384568262,443.1547001661147
1.02,10019,residual-rt-s1,1.1769133005964227,0.2684244791666667,0.14684895833333333,0.18238281250000002,1.019734895833333,0.2619791666666667,0.9609768182075771,1.2229559848742437,432.914300043711
1.02,10019,residual-rt-s2,1.1570583181479033,0.263671875,0.14684895833333333,0.18238281250000002,1.019734895833333,0.25625,0.9454489877341431,1.201698987734143,426.4730101567059
1.02,10019,ppo-rt-s0,1.1628051653519278,0.20970052083333335,0.14684895833333333,0.18238281250000002,1.019734895833333,0.20559895833333336,0.9971770383841263,1.2027759967174596,448.32609797431303
1.02,10019,ppo-rt-s1,1.1249082629151967,0.20052083333333334,0.14684895833333333,0.18238281250000002,1.019734895833333,0.19153645833333338,0.967261568950408,1.1587980272837415,435.7553199124818
1.02,10019,ppo-rt-s2,1.1418130610999258,0.20716145833333335,0.14684895833333333,0.18238281250000002,1.019734895833333,0.20253906250000003,0.978913757921607,1.181452820421607,440.67564701531387
1.02,10020,max-exp-cap,1.0863499102496923,0.12239583333333336,0.15541666666666668,0.19089843750000002,1.0197432291666664,0.11119791666666667,1.0028992624999336,1.1140971791666003,453.4611541940032
1.02,10020,max-exp-cap-V retuned,1.1327064476913355,0.2531901041666667,0.15541666666666668,0.19089843750000002,1.0197432291666664,0.24772135416666669,0.9318949066336502,1.179616260800317,422.7222836314993
1.02,10020,residual-rt-s0,1.096154223271694,0.21555989583333335,0.15541666666666668,0.19089843750000002,1.0197432291666664,0.20768229166666669,0.9274716227218824,1.1351539143885492,420.66792717583485
1.02,10020,residual-rt-s1,1.1540935911618733,0.260546875,0.15541666666666668,0.19089843750000002,1.0197432291666664,0.25768229166666673,0.9457851274885279,1.2034674191551946,428.7941804383051
1.02,10020,residual-rt-s2,1.1682248018035688,0.2684244791666667,0.15541666666666668,0.19089843750000002,1.0197432291666664,0.2635416666666667,0.9527203534510749,1.2162620201177416,431.8038902766848
1.02,10020,ppo-rt-s0,1.1041568980525374,0.1923828125,0.15541666666666668,0.19089843750000002,1.0197432291666664,0.18671875000000004,0.9540258429143152,1.1407445929143152,432.44305539806027
1.02,10020,ppo-rt-s1,1.1242590325076582,0.2009765625,0.15541666666666668,0.19089843750000002,1.0197432291666664,0.19316406250000004,0.9679322974454652,1.1610963599454651,438.4220071367861
1.02,10020,ppo-rt-s2,1.1121917669192187,0.19544270833333335,0.15541666666666668,0.19089843750000002,1.0197432291666664,0.18990885416666664,0.9601997696927234,1.15010862385939,435.10409217721724
1.02,10021,max-exp-cap,1.120459587959963,0.12721354166666668,0.16197916666666665,0.19631510416666667,1.0197614583333332,0.11100260416666673,1.033713026231261,1.1447156303979278,474.900341583252
1.02,10021,max-exp-cap-V retuned,1.169715068953469,0.25983072916666666,0.16197916666666665,0.19631510416666667,1.0197614583333332,0.24453124999999998,0.9660148099481636,1.2105460599481637,445.6380757177963
1.02,10021,residual-rt-s0,1.1143271141132332,0.21647135416666666,0.16197916666666665,0.19631510416666667,1.0197614583333332,0.19778645833333336,0.9470773021155854,1.1448637604489187,437.20365979293115
1.02,10021,residual-rt-s1,1.0497178352768903,0.21927083333333333,0.16197916666666665,0.19631510416666667,1.0197614583333332,0.20175781250000002,0.8813008772634291,1.0830586897634291,408.11803167877133
1.02,10021,residual-rt-s2,1.192522951240202,0.27317708333333335,0.16197916666666665,0.19631510416666667,1.0197614583333332,0.26223958333333336,0.9758272663645211,1.2380668496978544,450.1652483379032
1.02,10021,ppo-rt-s0,1.1163156668283927,0.18470052083333333,0.16197916666666665,0.19631510416666667,1.0197614583333332,0.16822916666666668,0.9760913665296671,1.1443205331963338,449.9143576903089
1.02,10021,ppo-rt-s1,1.131234146971307,0.19140625000000003,0.16197916666666665,0.19631510416666667,1.0197614583333332,0.17513020833333331,0.9857499303992807,1.160880138732614,454.17304834216577
1.02,10021,ppo-rt-s2,1.1059614455094982,0.1861328125,0.16197916666666665,0.19631510416666667,1.0197614583333332,0.170703125,0.9647838617815621,1.135486986781562,445.1862835478812
1.02,10022,max-exp-cap,1.1248521221583725,0.11302083333333332,0.17045572916666668,0.20472656250000001,1.0197734374999996,0.10169270833333331,1.0516138171569627,1.1533065254902959,493.0193420680908
1.02,10022,max-exp-cap-V retuned,1.1669851577239307,0.24824218749999996,0.17045572916666668,0.20472656250000001,1.0197734374999996,0.234375,0.97368110046274,1.20805610046274,458.41011303291816
1.02,10022,residual-rt-s0,1.1945023548372713,0.22799479166666664,0.17045572916666668,0.20472656250000001,1.0197734374999996,0.21009114583333327,1.0180554735755272,1.2281466194088604,477.996720838723
1.02,10022,residual-rt-s1,1.1943745234841279,0.2563802083333333,0.17045572916666668,0.20472656250000001,1.0197734374999996,0.2406901041666667,0.9927726915601972,1.2334627957268638,466.58755023730737
1.02,10022,residual-rt-s2,1.2165026388443438,0.2667317708333333,0.17045572916666668,0.20472656250000001,1.0197734374999996,0.2515625,1.005891690267894,1.257454190267894,472.4311280645195
1.02,10022,ppo-rt-s0,1.171645348802822,0.19602864583333332,0.17045572916666668,0.20472656250000001,1.0197734374999996,0.17727864583333333,1.0205284266332741,1.1978070724666074,479.0424004250741
1.02,10022,ppo-rt-s1,1.1731088687813556,0.19661458333333331,0.17045572916666668,0.20472656250000001,1.0197734374999996,0.17955729166666662,1.0223362814837362,1.2018935731504028,479.8519876821455
1.02,10022,ppo-rt-s2,1.1614636149373057,0.19726562499999997,0.17045572916666668,0.20472656250000001,1.0197734374999996,0.1798828125,1.0098083419098802,1.1896911544098803,474.60090552713046
1.02,10023,max-exp-cap,1.0643567567666063,0.10260416666666666,0.17134114583333332,0.20463541666666668,1.0197661458333331,0.09101562499999999,0.9999316376620832,1.090947262662083,467.47171518368293
1.02,10023,max-exp-cap-V retuned,1.117622764328784,0.24114583333333336,0.17134114583333332,0.20463541666666668,1.0197661458333331,0.2216796875,0.9312033185717998,1.1528830060717998,436.8654012171907
1.02,10023,residual-rt-s0,1.1339681438802443,0.22317708333333333,0.17134114583333332,0.20463541666666668,1.0197661458333331,0.2004557291666667,0.9627895429662511,1.1632452721329178,451.0386111723252
1.02,10023,residual-rt-s1,1.0796031936789965,0.2280598958333333,0.17134114583333332,0.20463541666666668,1.0197661458333331,0.20768229166666663,0.90348513778317,1.1111674294498366,423.87755788774734
1.02,10023,residual-rt-s2,1.0807293177368464,0.23352864583333335,0.17134114583333332,0.20463541666666668,1.0197661458333331,0.21256510416666663,0.9000460983042231,1.1126112024708896,422.56914258012625
1.02,10023,ppo-rt-s0,1.1067723227907877,0.18841145833333334,0.17134114583333332,0.20463541666666668,1.0197661458333331,0.16412760416666666,0.9628403687406821,1.1269679729073487,450.87552637644484
1.02,10023,ppo-rt-s1,1.1111493333004048,0.1884765625,0.17134114583333332,0.20463541666666668,1.0197661458333331,0.16542968749999998,0.9674452162396385,1.1328749037396384,452.7823600721084
1.02,10023,ppo-rt-s2,1.1069654793422106,0.18964843750000002,0.17134114583333332,0.20463541666666668,1.0197661458333331,0.16673177083333335,0.9621748799020129,1.1289066507353462,450.61566480843953
1.02,10024,max-exp-cap,1.0779959576611546,0.1103515625,0.1724609375,0.20697916666666666,1.0197734375,0.10032552083333335,1.0051847035643915,1.1055102243977248,471.0973059883098
1.02,10024,max-exp-cap-V retuned,1.1985895710317682,0.26080729166666666,0.1724609375,0.20697916666666666,1.0197734375,0.25234375,0.9952677732344491,1.2476115232344491,466.25039113663297
1.02,10024,residual-rt-s0,1.1882470221330121,0.2376953125,0.1724609375,0.20697916666666666,1.0197734375,0.2231119791666667,1.0028418829733052,1.225953862139972,469.2691236007412
1.02,10024,residual-rt-s1,1.1925191401906485,0.2630859375,0.1724609375,0.20697916666666666,1.0197734375,0.2565104166666667,0.9860012458516629,1.2425116625183297,461.9216807733942
1.02,10024,residual-rt-s2,1.2237526464847768,0.270703125,0.1724609375,0.20697916666666666,1.0197734375,0.2641276041666667,1.0109668810080252,1.275094485174692,472.58612904392896
1.02,10024,ppo-rt-s0,1.1482558362107742,0.1986328125,0.1724609375,0.20697916666666666,1.0197734375,0.18001302083333334,0.9952871698053568,1.1753001906386902,466.06730333746185
1.02,10024,ppo-rt-s1,1.1244046392775624,0.19622395833333334,0.1724609375,0.20697916666666666,1.0197734375,0.1775390625,0.9736114279978088,1.1511504904978087,456.8654870402878
1.02,10024,ppo-rt-s2,1.1246529161287508,0.198046875,0.1724609375,0.20697916666666666,1.0197734375,0.17988281250000002,0.9719898746470126,1.1518726871470126,455.94738731204836
1.02,10025,max-exp-cap,1.115980366477232,0.13352864583333332,0.1306380208333333,0.16679687499999998,1.019720833333333,0.12513020833333335,1.020152171780364,1.1452823801136975,446.61576128067674
1.02,10025,max-exp-cap-V retuned,1.1460748343261078,0.27096354166666664,0.1306380208333333,0.16679687499999998,1.019720833333333,0.26093750000000004,0.9257039913135732,1.1866414913135732,407.670866894201
1.02,10025,residual-rt-s0,1.1596436447595737,0.23352864583333333,0.1306380208333333,0.16679687499999998,1.019720833333333,0.23111979166666669,0.9726856850168604,1.203805476683527,427.1325323832174
1.02,10025,residual-rt-s1,1.179046015772976,0.27825520833333334,0.1306380208333333,0.16679687499999998,1.019720833333333,0.27298177083333336,0.9516404923921424,1.2246222632254757,418.42307988040267
1.02,10025,residual-rt-s2,1.1611121988594761,0.27604166666666663,0.1306380208333333,0.16679687499999998,1.019720833333333,0.26992187500000003,0.9355676341418676,1.2054895091418676,411.85241055521897
1.02,10025,ppo-rt-s0,1.1479472077033788,0.2099609375,0.1306380208333333,0.16679687499999998,1.019720833333333,0.20657552083333333,0.9809024457798731,1.1874779666132065,430.5421873826734
1.02,10025,ppo-rt-s1,1.1610441595309036,0.21555989583333332,0.1306380208333333,0.16679687499999998,1.019720833333333,0.2147135416666667,0.990068649229769,1.2047821908964358,434.26221568638914
1.02,10025,ppo-rt-s2,1.1397675819946527,0.20911458333333333,0.1306380208333333,0.16679687499999998,1.019720833333333,0.20572916666666669,0.9737083407370405,1.1794375074037071,427.6395024543273
1.02,10026,max-exp-cap,1.0774324712349477,0.10852864583333334,0.17033854166666668,0.20494791666666665,1.0197692708333332,0.09667968750000001,1.0074099052267569,1.1041546968934235,469.8002539917902
1.02,10026,max-exp-cap-V retuned,1.1644366734364446,0.2559895833333333,0.17033854166666668,0.20494791666666665,1.0197692708333332,0.2421875,0.9647848686691948,1.2070374728358613,451.2811717642481
1.02,10026,residual-rt-s0,1.1545850442571848,0.23763020833333334,0.17033854166666668,0.20494791666666665,1.0197692708333332,0.2199869791666667,0.9690069519228566,1.1890590352561898,452.7839733760659
1.02,10026,residual-rt-s1,1.203788494439268,0.27109375,0.17033854166666668,0.20494791666666665,1.0197692708333332,0.25852864583333335,0.9897907990776913,1.2483845490776913,461.97155358500976
1.02,10026,residual-rt-s2,1.1941520965720982,0.26666666666666666,0.17033854166666668,0.20494791666666665,1.0197692708333332,0.2511067708333333,0.9843257840053239,1.2354976590053237,459.35863958383436
1.02,10026,ppo-rt-s0,1.134366177014334,0.19928385416666666,0.17033854166666668,0.20494791666666665,1.0197692708333332,0.18138020833333335,0.981640389895788,1.163085702395788,458.4126672225472
1.02,10026,ppo-rt-s1,1.1391239448835289,0.2001953125,0.17033854166666668,0.20494791666666665,1.0197692708333332,0.18098958333333331,0.9863728006757598,1.1674274881757598,460.5550974841006
1.02,10026,ppo-rt-s2,1.1330604196255556,0.20013020833333334,0.17033854166666668,0.20494791666666665,1.0197692708333332,0.18300781249999998,0.9802200958803803,1.1632930125470469,457.81805783322056
1.02,10027,max-exp-cap,1.0908953617063966,0.12122395833333335,0.1537109375,0.18959635416666668,1.0197416666666665,0.11145833333333334,1.0053729571144654,1.1168312904477988,456.65494503350186
1.02,10027,max-exp-cap-V retuned,1.0674304472651548,0.23059895833333335,0.1537109375,0.18959635416666668,1.0197416666666665,0.23027343750000004,0.8864191739469452,1.1166926114469453,404.7086261776677
1.02,10027,residual-rt-s0,1.1295535764609466,0.22272135416666666,0.1537109375,0.18959635416666668,1.0197416666666665,0.22552083333333334,0.9536762024635765,1.17919703579691,433.9606792262265
1.02,10027,residual-rt-s1,1.1249108408698592,0.24303385416666667,0.1537109375,0.18959635416666668,1.0197416666666665,0.24680989583333335,0.9317724725196171,1.1785823683529504,424.4792541200213
1.02,10027,residual-rt-s2,1.0896531558341669,0.23424479166666667,0.1537109375,0.18959635416666668,1.0197416666666665,0.23639322916666666,0.905493770957992,1.1418870001246586,412.5098610713626
1.02,10027,ppo-rt-s0,1.1149575454820948,0.19069010416666668,0.1537109375,0.18959635416666668,1.0197416666666665,0.18684895833333334,0.9648680101123075,1.1517169684456408,438.69678347712374
1.02,10027,ppo-rt-s1,1.1159113189512773,0.1934244791666667,0.1537109375,0.18959635416666668,1.0197416666666665,0.1892578125,0.9639032493998624,1.1531610618998624,438.47086964528984
1.02,10027,ppo-rt-s2,1.1169522180746676,0.19388020833333333,0.1537109375,0.18959635416666668,1.0197416666666665,0.19309895833333335,0.9648706519069572,1.1579696102402905,438.85514648095733
1.02,10028,max-exp-cap,1.0845012925961441,0.11686197916666669,0.16653645833333336,0.20082031250000001,1.0197557291666663,0.1005859375,1.00704745305794,1.10763339055794,465.2732932672469
1.02,10028,max-exp-cap-V retuned,1.1244966128805074,0.24947916666666667,0.16653645833333336,0.20082031250000001,1.0197557291666663,0.23717447916666667,0.9286130309287661,1.165787510095433,430.73001091550384
1.02,10028,residual-rt-s0,1.1237226188083824,0.22910156250000002,0.16653645833333336,0.20082031250000001,1.0197557291666663,0.21406250000000002,0.9439864690546914,1.1580489690546913,437.1460828280591
1.02,10028,residual-rt-s1,1.1624539784281236,0.26178385416666666,0.16653645833333336,0.20082031250000001,1.0197557291666663,0.2533203125,0.9548810395926555,1.2082013520926553,442.2246267677549
1.02,10028,residual-rt-s2,1.1685127981388284,0.265625,0.16653645833333336,0.20082031250000001,1.0197557291666663,0.25677083333333334,0.9575307430939303,1.2143015764272636,443.3269041102166
1.02,10028,ppo-rt-s0,1.144253550260774,0.20638020833333334,0.16653645833333336,0.20082031250000001,1.0197557291666663,0.1872395833333333,0.9829128923163757,1.170152475649709,454.5104609850017
1.02,10028,ppo-rt-s1,1.117475156383763,0.20065104166666667,0.16653645833333336,0.20082031250000001,1.0197557291666663,0.18079427083333333,0.9612436975681828,1.142037968401516,445.2420945628823
1.02,10028,ppo-rt-s2,1.1330516143250287,0.20625000000000002,0.16653645833333336,0.20082031250000001,1.0197557291666663,0.18906249999999997,0.9724537537749597,1.1615162537749597,450.1241385312726
1.02,10029,max-exp-cap,1.1369011357329768,0.12701822916666666,0.14940104166666665,0.1852734375,1.0197364583333333,0.11354166666666667,1.0480286788342477,1.1615703455009143,472.37828099632424
1.02,10029,max-exp-cap-V retuned,1.1652713027301342,0.2623697916666667,0.14940104166666665,0.1852734375,1.0197364583333333,0.25169270833333335,0.9545667640440656,1.206259472377399,432.57631923097586
1.02,10029,residual-rt-s0,1.191115564137449,0.2447265625,0.14940104166666665,0.1852734375,1.0197364583333333,0.23782552083333336,0.9944311521632369,1.2322566729965703,449.6071560300669
1.02,10029,residual-rt-s1,1.1883198255755345,0.2664713541666667,0.14940104166666665,0.1852734375,1.0197364583333333,0.2573567708333333,0.9735522787231012,1.2309090495564345,440.47962276682904
1.02,10029,residual-rt-s2,1.1589657326188825,0.26022135416666664,0.14940104166666665,0.1852734375,1.0197364583333333,0.2518229166666667,0.9499042280068546,1.2017271446735212,430.46617535543476
1.02,10029,ppo-rt-s0,1.1571530688618665,0.20358072916666667,0.14940104166666665,0.1852734375,1.0197364583333333,0.19622395833333334,0.9957417545322385,1.1919657128655718,449.92852882333455
1.02,10029,ppo-rt-s1,1.1596779893734728,0.20696614583333334,0.14940104166666665,0.1852734375,1.0197364583333333,0.19817708333333334,0.9954419681907989,1.1936190515241323,449.8346287140655
1.02,10029,ppo-rt-s2,1.1441836496237514,0.2033203125,0.14940104166666665,0.1852734375,1.0197364583333333,0.1974609375,0.9833735521539705,1.1808344896539704,444.7452375591888
1.02,10030,max-exp-cap,1.0662351893808557,0.12252604166666665,0.15256510416666663,0.18817708333333333,1.0197359374999997,0.10390625000000003,0.9765403539485107,1.0804466039485108,439.3591791793526
1.02,10030,max-exp-cap-V retuned,1.121846383441539,0.2569661458333333,0.15256510416666663,0.18817708333333333,1.0197359374999997,0.2548828125,0.9163702262876949,1.171253038787695,413.3306813242831
1.02,10030,residual-rt-s0,1.0965141042598903,0.22884114583333334,0.15256510416666663,0.18817708333333333,1.0197359374999997,0.22858072916666666,0.9153060120118689,1.1438867411785356,412.34146963429674
1.02,10030,residual-rt-s1,1.1434232190637996,0.26393229166666665,0.15256510416666663,0.18817708333333333,1.0197359374999997,0.26100260416666676,0.9313723872601981,1.1923749914268649,419.45693836382804
1.02,10030,residual-rt-s2,1.116133939076038,0.25729166666666664,0.15256510416666663,0.18817708333333333,1.0197359374999997,0.25449218749999997,0.9097016067741215,1.1641937942741214,410.36598871115194
1.02,10030,ppo-rt-s0,1.1078137497507334,0.19908854166666667,0.15256510416666663,0.18817708333333333,1.0197359374999997,0.19069010416666668,0.95052801436247,1.1412181185291368,427.7558233858168
1.02,10030,ppo-rt-s1,1.1124442885120176,0.20475260416666666,0.15256510416666663,0.18817708333333333,1.0197359374999997,0.19954427083333337,0.9505647729875886,1.150109043820922,428.1172260604347
1.02,10030,ppo-rt-s2,1.1167510388689366,0.20625,0.15256510416666663,0.18817708333333333,1.0197359374999997,0.20110677083333336,0.9535872149306374,1.1546939857639706,429.18154229281464
1.02,10031,max-exp-cap,1.0840736635989776,0.11875000000000004,0.1574739583333333,0.191875,1.0197416666666665,0.10325520833333335,1.0021678645502974,1.1054230728836307,456.38208440252913
1.02,10031,max-exp-cap-V retuned,1.1355948076581441,0.2509765625,0.1574739583333333,0.191875,1.0197416666666665,0.24309895833333334,0.9390154144309806,1.182114372764314,428.22079317857
1.02,10031,residual-rt-s0,1.1356675910523581,0.2440104166666667,0.1574739583333333,0.191875,1.0197416666666665,0.23789062499999997,0.9439665884754169,1.1818572134754168,430.2594863836752
1.02,10031,residual-rt-s1,1.145611383700454,0.2516276041666667,0.1574739583333333,0.191875,1.0197416666666665,0.2470052083333333,0.9477403859149416,1.194745594248275,431.95156782528744
1.02,10031,residual-rt-s2,1.1762113695407985,0.2650390625,0.1574739583333333,0.191875,1.0197416666666665,0.2591796875,0.9654808240359131,1.224660511535913,440.13731434773354
1.02,10031,ppo-rt-s0,1.1431461174782178,0.2009765625,0.1574739583333333,0.191875,1.0197416666666665,0.1884765625,0.9865898768180079,1.175066439318008,449.1799066298752
1.02,10031,ppo-rt-s1,1.1418479954065488,0.2041015625,0.1574739583333333,0.191875,1.0197416666666665,0.19082031250000003,0.9826559095815256,1.1734762220815256,447.6637098488695
1.02,10031,ppo-rt-s2,1.1191459995334652,0.19739583333333335,0.1574739583333333,0.191875,1.0197416666666665,0.18483072916666668,0.9655117082287318,1.1503424373953985,440.0970256111849
1.02,10032,max-exp-cap,1.0899098689902476,0.10611979166666666,0.16606770833333334,0.20174479166666667,1.0197635416666666,0.09622395833333332,1.0198735026309156,1.1160974609642489,475.07037979302635
1.02,10032,max-exp-cap-V retuned,1.0689053260806438,0.22317708333333336,0.16606770833333334,0.20174479166666667,1.0197635416666666,0.21549479166666663,0.8975516357583819,1.1130464274250484,421.42965708456273
1.02,10032,residual-rt-s0,1.164078875096932,0.22734375,0.16606770833333334,0.20174479166666667,1.0197635416666666,0.21647135416666663,0.9882565484821723,1.2047279026488389,461.1118969938542
1.02,10032,residual-rt-s1,1.1792221788350556,0.2557291666666667,0.16606770833333334,0.20174479166666667,1.0197635416666666,0.25423177083333337,0.9791511160115374,1.2333828868448706,457.35702199833366
1.02,10032,residual-rt-s2,1.1494502308836116,0.25091145833333334,0.16606770833333334,0.20174479166666667,1.0197635416666666,0.24720052083333335,0.9534779241268878,1.2006784449602212,446.16826736869996
1.02,10032,ppo-rt-s0,1.1113489993334236,0.18567708333333335,0.16606770833333334,0.20174479166666667,1.0197635416666666,0.17154947916666666,0.9704562097300096,1.1420056888966763,453.394603770909
1.02,10032,ppo-rt-s1,1.1446137937391312,0.19394531250000002,0.16606770833333334,0.20174479166666667,1.0197635416666666,0.1796875,0.9971245408415934,1.1768120408415934,464.9338556005382
1.02,10032,ppo-rt-s2,1.1037537990726678,0.18040364583333335,0.16606770833333334,0.20174479166666667,1.0197635416666666,0.16666666666666669,0.9672649294525214,1.133931596119188,451.96043781350915
1.02,10033,max-exp-cap,1.1339791776577366,0.12812500000000002,0.15617187500000002,0.19287760416666666,1.0197401041666665,0.11770833333333332,1.0472503945515916,1.164958727884925,476.17401351698044
1.02,10033,max-exp-cap-V retuned,1.17756722903056,0.2555338541666667,0.15617187500000002,0.19287760416666666,1.0197401041666665,0.2503255208333333,0.9768399085714712,1.2271654294048044,445.5277771530492
1.02,10033,residual-rt-s0,1.225398676093278,0.26178385416666666,0.15617187500000002,0.19287760416666666,1.0197401041666665,0.26276041666666666,1.018655746927607,1.2814161635942736,463.38048707242507
1.02,10033,residual-rt-s1,1.2539513842142809,0.2801432291666667,0.15617187500000002,0.19287760416666666,1.0197401041666665,0.277734375,1.0302637492913744,1.3079981242913745,468.5236025411918
1.02,10033,residual-rt-s2,1.2457015785377583,0.27480468750000003,0.15617187500000002,0.19287760416666666,1.0197401041666665,0.27239583333333334,1.026233791943211,1.2986296252765444,466.79516273697544
1.02,10033,ppo-rt-s0,1.1955581771482644,0.20722656250000002,0.15617187500000002,0.19287760416666666,1.0197401041666665,0.2028645833333333,1.0351864959619264,1.2380510792952597,470.64678401934066
1.02,10033,ppo-rt-s1,1.1837542508886223,0.21067708333333335,0.15617187500000002,0.19287760416666666,1.0197401041666665,0.20488281249999996,1.0205939615394657,1.2254767740394656,464.63865113014384
1.02,10033,ppo-rt-s2,1.1849930375549012,0.20768229166666669,0.15617187500000002,0.19287760416666666,1.0197401041666665,0.2046875,1.0248390793038333,1.2295265793038332,466.2985626329056
1.02,10034,max-exp-cap,1.1210681745759217,0.1357421875,0.1482421875,0.18430989583333335,1.0197281249999999,0.11647135416666667,1.019087685887901,1.1355590400545676,454.81184548400313
1.02,10034,max-exp-cap-V retuned,1.1472433115331826,0.2632161458333333,0.1482421875,0.18430989583333335,1.0197281249999999,0.25221354166666665,0.9346000940543373,1.186813635721004,418.3996812450216
1.02,10034,residual-rt-s0,1.1938011200155672,0.25664062499999996,0.1482421875,0.18430989583333335,1.0197281249999999,0.24876302083333332,0.9858300080671003,1.2345930289004337,440.23443078154014
1.02,10034,residual-rt-s1,1.1853703895138612,0.2796223958333333,0.1482421875,0.18430989583333335,1.0197281249999999,0.26621093749999997,0.9569618412321084,1.2231727787321083,427.9932879696722
1.02,10034,residual-rt-s2,1.1147505617671922,0.2541015625,0.1482421875,0.18430989583333335,1.0197281249999999,0.24524739583333333,0.9094357258292056,1.154683121662539,407.6919210557295
1.02,10034,ppo-rt-s0,1.1695720046292026,0.21705729166666665,0.1482421875,0.18430989583333335,1.0197281249999999,0.20976562500000004,0.9950324667104038,1.2047980917104038,444.35404252458585
1.02,10034,ppo-rt-s1,1.1557965227749494,0.21393229166666666,0.1482421875,0.18430989583333335,1.0197281249999999,0.2065755208333333,0.9847227912794552,1.1912983121127885,439.9811654597373
1.02,10034,ppo-rt-s2,1.1407092971192943,0.2089192708333333,0.1482421875,0.18430989583333335,1.0197281249999999,0.20182291666666666,0.9743638375373429,1.1761867542040096,435.7000780484674
1.02,10035,max-exp-cap,1.077007703947629,0.11686197916666666,0.15955729166666668,0.1949479166666667,1.019755208333333,0.10611979166666664,0.9956827243324287,1.1018025159990954,455.72358451511815
1.02,10035,max-exp-cap-V retuned,1.1084291309475394,0.24713541666666666,0.15955729166666668,0.1949479166666667,1.019755208333333,0.23776041666666667,0.9141562298624306,1.1519166465290973,420.3782112948653
1.02,10035,residual-rt-s0,1.1550167011915962,0.23938802083333333,0.15955729166666668,0.1949479166666667,1.019755208333333,0.23111979166666663,0.9657014381546418,1.1968212298213086,442.1614880776179
1.02,10035,residual-rt-s1,1.1470341805522453,0.25533854166666664,0.15955729166666668,0.1949479166666667,1.019755208333333,0.24954427083333333,0.9449234745419032,1.1944677453752366,433.11927401647824
1.02,10035,residual-rt-s2,1.1800579378737706,0.262890625,0.15955729166666668,0.1949479166666667,1.019755208333333,0.25423177083333337,0.9700703871609105,1.224302157994244,444.52250039847263
1.02,10035,ppo-rt-s0,1.135456730744969,0.19928385416666666,0.15955729166666668,0.1949479166666667,1.019755208333333,0.19023437499999996,0.9798800680871258,1.1701144430871258,448.76141524188677
1.02,10035,ppo-rt-s1,1.0915959641381463,0.18776041666666668,0.15955729166666668,0.1949479166666667,1.019755208333333,0.17753906249999996,0.945774757326711,1.123313819826711,434.29543602387173
1.02,10035,ppo-rt-s2,1.0999181493063979,0.19134114583333334,0.15955729166666668,0.1949479166666667,1.019755208333333,0.18151041666666667,0.9512116068511289,1.1327220235177955,436.533693641407
1.02,10036,max-exp-cap,1.0961213099950182,0.11738281250000002,0.15959635416666665,0.193984375,1.01974375,0.105078125,1.0154851898276753,1.1205633148276752,463.1691947758913
1.02,10036,max-exp-cap-V retuned,1.1347458084029245,0.24895833333333336,0.15959635416666665,0.193984375,1.01974375,0.24055989583333331,0.9409638699994334,1.1815237658327666,430.7753618673412
1.02,10036,residual-rt-s0,1.1126510786610486,0.20559895833333333,0.15959635416666665,0.193984375,1.01974375,0.19212239583333332,0.9557960714712901,1.1479184673046234,437.1600701501818
1.02,10036,residual-rt-s1,1.1572900622411433,0.253515625,0.15959635416666665,0.193984375,1.01974375,0.24895833333333334,0.9584992963360881,1.2074576296694215,438.39862253415674
1.02,10036,residual-rt-s2,1.162173787139651,0.258984375,0.15959635416666665,0.193984375,1.01974375,0.2529296875,0.9586620905074907,1.2115917780074907,438.2183601087771
1.02,10036,ppo-rt-s0,1.152351596656805,0.2029296875,0.15959635416666665,0.193984375,1.01974375,0.19472656249999998,0.9962374246284224,1.1909639871284223,454.5744794559279
1.02,10036,ppo-rt-s1,1.1240462172433505,0.1983072916666667,0.15959635416666665,0.193984375,1.01974375,0.1875,0.9720298371803853,1.1595298371803853,444.4162330208919
1.02,10036,ppo-rt-s2,1.147431054495462,0.2039713541666667,0.15959635416666665,0.193984375,1.01974375,0.1975260416666667,0.9910416638112166,1.1885677054778834,452.41014482265905
1.02,10037,max-exp-cap,1.0964190611942524,0.11627604166666664,0.16087239583333332,0.1955208333333333,1.0197499999999997,0.09850260416666669,1.0171890414403701,1.115691645607037,466.0514569741305
1.02,10037,max-exp-cap-V retuned,1.1673811558516192,0.25957031249999996,0.16087239583333332,0.1955208333333333,1.0197499999999997,0.24973958333333338,0.9630441680911284,1.2127837514244617,442.31674606062023
1.02,10037,residual-rt-s0,1.127651478505894,0.23457031249999996,0.16087239583333332,0.1955208333333333,1.0197499999999997,0.22493489583333334,0.9437134392699926,1.1686483351033259,433.57376817924467
1.02,10037,residual-rt-s1,1.2081915293281889,0.27506510416666663,0.16087239583333332,0.1955208333333333,1.0197499999999997,0.2696614583333333,0.9893476044547245,1.2590090627880577,453.9195213502043
1.02,10037,residual-rt-s2,1.1584486929009445,0.25826822916666664,0.16087239583333332,0.1955208333333333,1.0197499999999997,0.2522135416666667,0.9546767792289235,1.2068903208955901,438.62365757799944
1.02,10037,ppo-rt-s0,1.1403685616127974,0.20286458333333332,0.16087239583333332,0.1955208333333333,1.0197499999999997,0.18912760416666666,0.9824284690804176,1.1715560732470842,450.95213719115765
1.02,10037,ppo-rt-s1,1.1634908271892255,0.2091796875,0.16087239583333332,0.1955208333333333,1.0197499999999997,0.1962890625,1.0013521770380458,1.1976412395380458,459.199044466258
1.02,10037,ppo-rt-s2,1.1406713781676354,0.20488281249999996,0.16087239583333332,0.1955208333333333,1.0197499999999997,0.19186197916666664,0.9816001178477529,1.1734620970144196,450.6629225322197
1.02,10038,max-exp-cap,1.1044388174768758,0.12174479166666666,0.15955729166666666,0.19503906249999997,1.0197531249999998,0.10859375,1.02315901277978,1.13175276277978,470.9660683599239
1.02,10038,max-exp-cap-V retuned,1.2134952499610452,0.2718098958333333,0.15955729166666666,0.19503906249999997,1.0197531249999998,0.2628255208333333,0.9987649840940254,1.2615905049273586,459.69499406962854
1.02,10038,residual-rt-s0,1.2526704838056246,0.27513020833333335,0.15955729166666666,0.19503906249999997,1.0197531249999998,0.2704427083333333,1.0338089036005882,1.3042516119339216,474.7117559864512
1.02,10038,residual-rt-s1,1.2235933142838225,0.2716145833333333,0.15955729166666666,0.19503906249999997,1.0197531249999998,0.2667317708333334,1.0081504868962128,1.2748822577295462,463.51639772418895
1.02,10038,residual-rt-s2,1.2485898033233762,0.2729817708333333,0.15955729166666666,0.19503906249999997,1.0197531249999998,0.2694010416666667,1.0311584064894919,1.3005594481561586,473.50382160552726
1.02,10038,ppo-rt-s0,1.1663632743440215,0.20390625,0.15955729166666666,0.19503906249999997,1.0197531249999998,0.19160156250000002,1.0086636716496515,1.2002652341496516,464.20311344021735
1.02,10038,ppo-rt-s1,1.1462775638504432,0.2013671875,0.15955729166666666,0.19503906249999997,1.0197531249999998,0.18645833333333334,0.9907174684394369,1.1771758017727703,456.59481968787316
1.02,10038,ppo-rt-s2,1.159623235362423,0.20514322916666666,0.15955729166666666,0.19503906249999997,1.0197531249999998,0.19524739583333336,1.001362193806068,1.1966095896394013,461.1309858771348
1.02,10039,max-exp-cap,1.0638402150181838,0.10123697916666667,0.1812109375,0.214453125,1.0197791666666665,0.09147135416666667,0.9982845144263829,1.0897558685930495,474.6829526524719
1.02,10039,max-exp-cap-V retuned,1.1277769576154644,0.2388020833333333,0.1812109375,0.214453125,1.0197791666666665,0.21738281250000002,0.9445032365919624,1.1618860490919625,449.83654499093825
1.02,10039,residual-rt-s0,1.116351046659022,0.21490885416666666,0.1812109375,0.214453125,1.0197791666666665,0.19147135416666672,0.9514291169286054,1.1429004710952722,452.67654909967035
1.02,10039,residual-rt-s1,1.199308327648126,0.2630208333333333,0.1812109375,0.214453125,1.0197791666666665,0.24921875,0.9934286243417685,1.2426473743417685,472.2814008501439
1.02,10039,residual-rt-s2,1.165123974343818,0.25514322916666665,0.1812109375,0.214453125,1.0197791666666665,0.2373697916666667,0.9660308060580989,1.2034005977247655,459.9649303164931
1.02,10039,ppo-rt-s0,1.1663160103105807,0.1997395833333333,0.1812109375,0.214453125,1.0197791666666665,0.17747395833333332,1.0134786255948494,1.1909525839281827,480.88195374866916
1.02,10039,ppo-rt-s1,1.0901592539526648,0.1826171875,0.1812109375,0.214453125,1.0197791666666665,0.16015625,0.9515793568911871,1.111735606891187,453.7153834738799
1.02,10039,ppo-rt-s2,1.1460002053017437,0.19791666666666666,0.1812109375,0.214453125,1.0197791666666665,0.1764322916666667,0.9951283369861894,1.1715606286528562,472.6816727449806
1.02,10040,max-exp-cap,1.1264505315860949,0.13333333333333333,0.13587239583333335,0.17183593750000004,1.0197229166666664,0.12467447916666669,1.0255872453991977,1.1502617245658644,450.9699651588086
1.02,10040,max-exp-cap-V retuned,1.2134862903519839,0.2866536458333333,0.13587239583333335,0.17183593750000004,1.0197229166666664,0.278125,0.9788537646473431,1.2569787646473431,431.33979678574747
1.02,10040,residual-rt-s0,1.1904378912548834,0.2489583333333333,0.13587239583333335,0.17183593750000004,1.0197229166666664,0.24576822916666663,0.988323555513532,1.2340917846801986,435.188741389547
1.02,10040,residual-rt-s1,1.218794877946206,0.286328125,0.13587239583333335,0.17183593750000004,1.0197229166666664,0.27819010416666673,0.9838193284137297,1.2620094325803963,433.26101488794814
1.02,10040,residual-rt-s2,1.1351189891525677,0.2623046875,0.13587239583333335,0.17183593750000004,1.0197229166666664,0.25533854166666664,0.9220679334829323,1.177406475149599,407.5188681718487
1.02,10040,ppo-rt-s0,1.1499395558525194,0.20944010416666667,0.13587239583333335,0.17183593750000004,1.0197229166666664,0.20872395833333335,0.9818468651143122,1.1905708234476455,432.5491754818087
1.02,10040,ppo-rt-s1,1.1339642260435276,0.20058593749999998,0.13587239583333335,0.17183593750000004,1.0197229166666664,0.201953125,0.9743803172013266,1.1763334422013265,429.5394242611683
1.02,10040,ppo-rt-s2,1.1536331597065173,0.20989583333333334,0.13587239583333335,0.17183593750000004,1.0197229166666664,0.20930989583333334,0.9857804423736906,1.195090338207024,434.1699044389886
1.02,10041,max-exp-cap,1.087523214330459,0.12304687499999997,0.15648437499999998,0.19089843749999996,1.0197437499999997,0.10944010416666666,1.0008145970833124,1.110254701249979,455.6778104136361
1.02,10041,max-exp-cap-V retuned,1.1438748465934094,0.25677083333333334,0.15648437499999998,0.19089843749999996,1.0197437499999997,0.2511067708333333,0.9394007845391654,1.1905075553724989,428.42713784269426
1.02,10041,residual-rt-s0,1.149800973119834,0.25078124999999996,0.15648437499999998,0.19089843749999996,1.0197437499999997,0.2473307291666667,0.9493695161971181,1.1967002453637847,432.85993649167
1.02,10041,residual-rt-s1,1.1299981622908737,0.252734375,0.15648437499999998,0.19089843749999996,1.0197437499999997,0.24960937500000002,0.9283505131853865,1.1779598881853865,423.4020442769352
1.02,10041,residual-rt-s2,1.1431152793255868,0.258203125,0.15648437499999998,0.19089843749999996,1.0197437499999997,0.255078125,0.936556402693417,1.191634527693417,427.3146328679352
1.02,10041,ppo-rt-s0,1.1148221018078048,0.19654947916666668,0.15648437499999998,0.19089843749999996,1.0197437499999997,0.18756510416666666,0.959965798908463,1.1475309030751297,437.48825153359155
1.02,10041,ppo-rt-s1,1.1297122899197243,0.20345052083333331,0.15648437499999998,0.19089843749999996,1.0197437499999997,0.193359375,0.9695030069845616,1.1628623819845616,441.7703436047868
1.02,10041,ppo-rt-s2,1.121223974400802,0.2013671875,0.15648437499999998,0.19089843749999996,1.0197437499999997,0.19348958333333333,0.9629196422139705,1.156409225547304,438.8922963391723
1.02,10042,max-exp-cap,1.134167078668339,0.12669270833333332,0.15748697916666668,0.19397135416666667,1.0197494791666666,0.11230468750000001,1.0478986905577816,1.1602033780577816,478.46713175388663
1.02,10042,max-exp-cap-V retuned,1.1528701592051502,0.2567057291666667,0.15748697916666668,0.19397135416666667,1.0197494791666666,0.24687499999999998,0.9482998735279318,1.1951748735279317,435.82238924461194
1.02,10042,residual-rt-s0,1.166387452206589,0.23776041666666667,0.15748697916666668,0.19397135416666667,1.0197494791666666,0.22819010416666669,0.977444687365854,1.2056347915325207,448.3859409781363
1.02,10042,residual-rt-s1,1.2144165845653945,0.2732421875,0.15748697916666668,0.19397135416666667,1.0197494791666666,0.2621744791666667,0.9940219555294384,1.256196434696105,455.57207934367784
1.02,10042,residual-rt-s2,1.1524130855876118,0.2564453125,0.15748697916666668,0.19397135416666667,1.0197494791666666,0.24518229166666666,0.947692887714254,1.1928751793809207,435.2118123610069
1.02,10042,ppo-rt-s0,1.164874433955704,0.201953125,0.15748697916666668,0.19397135416666667,1.0197494791666666,0.19505208333333335,1.0074883459623822,1.2025404292957156,461.08772378544546
1.02,10042,ppo-rt-s1,1.1428850474508307,0.19772135416666667,0.15748697916666668,0.19397135416666667,1.0197494791666666,0.19108072916666669,0.989042664671109,1.1801233938377758,453.3570318342506
1.02,10042,ppo-rt-s2,1.1563933780118874,0.20136718750000002,0.15748697916666668,0.19397135416666667,1.0197494791666666,0.1970703125,0.9997202544296215,1.1967905669296215,457.8357918753535
1.02,10043,max-exp-cap,1.1017731694014081,0.11197916666666666,0.15403645833333332,0.18852864583333334,1.0197510416666664,0.10078124999999999,1.0281482434721496,1.1289294934721497,470.05995797150797
1.02,10043,max-exp-cap-V retuned,1.1382735177729095,0.24674479166666669,0.15403645833333332,0.18852864583333334,1.0197510416666664,0.235546875,0.9457961633448567,1.1813430383448567,435.05969624816294
1.02,10043,residual-rt-s0,1.1766999704863295,0.23040364583333334,0.15403645833333332,0.18852864583333334,1.0197510416666664,0.22376302083333333,0.9972846179345254,1.2210476387678586,456.61100449001935
1.02,10043,residual-rt-s1,1.127870694188297,0.23867187499999998,0.15403645833333332,0.18852864583333334,1.0197510416666664,0.23203124999999997,0.941609670859487,1.173640920859487,432.63326630512665
1.02,10043,residual-rt-s2,1.1282934813878147,0.24752604166666667,0.15403645833333332,0.18852864583333334,1.0197510416666664,0.23723958333333328,0.9343891804827722,1.1716287638161056,430.06032872211966
1.02,10043,ppo-rt-s0,1.1303435347971578,0.19303385416666666,0.15403645833333332,0.18852864583333334,1.0197510416666664,0.1794921875,0.9821335940421574,1.1616257815421573,450.1736286142252
1.02,10043,ppo-rt-s1,1.1426213810606278,0.19895833333333332,0.15403645833333332,0.18852864583333334,1.0197510416666664,0.1827473958333333,0.9891875016885089,1.1719348975218422,453.21274243498954
1.02,10043,ppo-rt-s2,1.1441683543365193,0.1998046875,0.15403645833333332,0.18852864583333334,1.0197510416666664,0.18658854166666666,0.9901022911733232,1.1766908328399899,453.5248351026768
1.02,10044,max-exp-cap,1.047656261046803,0.10748697916666664,0.16342447916666666,0.1974869791666667,1.0197531249999998,0.09550781250000002,0.9784085387756999,1.0739163512757,453.13638850309286
1.02,10044,max-exp-cap-V retuned,1.0574198615235877,0.22447916666666665,0.16342447916666666,0.1974869791666667,1.0197531249999998,0.20833333333333331,0.8859297136673389,1.0942630470006722,411.6977628482695
1.02,10044,residual-rt-s0,1.0776602392180383,0.2060546875,0.16342447916666666,0.1974869791666667,1.0197531249999998,0.18815104166666669,0.9206082680703043,1.108759309736971,426.75520514711604
1.02,10044,residual-rt-s1,1.0840694661138772,0.22623697916666666,0.16342447916666666,0.1974869791666667,1.0197531249999998,0.21048177083333336,0.9105753709773137,1.121057141810647,422.41752095341917
1.02,10044,residual-rt-s2,1.0810687346322039,0.23190104166666667,0.16342447916666666,0.1974869791666667,1.0197531249999998,0.21647135416666669,0.9027094389965473,1.119180793163214,418.98176475462856
1.02,10044,ppo-rt-s0,1.068766095573513,0.17643229166666666,0.16342447916666666,0.1974869791666667,1.0197531249999998,0.16054687500000003,0.9372725589494066,1.0978194339494067,434.6625894777411
1.02,10044,ppo-rt-s1,1.0491433049058887,0.17343749999999997,0.16342447916666666,0.1974869791666667,1.0197531249999998,0.15638020833333333,0.920413447492328,1.0767936558256612,427.8073452362089
1.02,10044,ppo-rt-s2,1.0837440953605972,0.18229166666666666,0.16342447916666666,0.1974869791666667,1.0197531249999998,0.1677083333333333,0.9478161376736185,1.1155244710069518,439.24066454738437
1.02,10045,max-exp-cap,1.16831568054704,0.15084635416666667,0.123828125,0.16233072916666663,1.0197067708333332,0.14583333333333337,1.0574358783821707,1.203269211715504,456.49388049685496
1.02,10045,max-exp-cap-V retuned,1.256269298304602,0.3065104166666667,0.123828125,0.16233072916666663,1.0197067708333332,0.29563802083333335,1.0022729336080614,1.2979109544413947,433.9247375115251
1.02,10045,residual-rt-s0,1.271622561047124,0.3077473958333333,0.123828125,0.16233072916666663,1.0197067708333332,0.30403645833333337,1.015823484755396,1.3198599430887294,439.5259308743422
1.02,10045,residual-rt-s1,1.25326599275464,0.3004557291666667,0.123828125,0.16233072916666663,1.0197067708333332,0.29322916666666665,1.0043537581605864,1.297582924827253,434.6765045951732
1.02,10045,residual-rt-s2,1.2929479963898745,0.321875,0.123828125,0.16233072916666663,1.0197067708333332,0.31875,1.0240933500616731,1.3428433500616732,442.9585349245454
1.02,10045,ppo-rt-s0,1.23599096327996,0.24674479166666669,0.123828125,0.16233072916666663,1.0197067708333332,0.23574218749999998,1.0339426188400471,1.269684806340047,446.8531922216639
1.02,10045,ppo-rt-s1,1.2196227559107335,0.24212239583333334,0.123828125,0.16233072916666663,1.0197067708333332,0.23274739583333334,1.0223327160236244,1.2550801118569577,442.1257220127546
1.02,10045,ppo-rt-s2,1.2275465857413985,0.24635416666666668,0.123828125,0.16233072916666663,1.0197067708333332,0.23398437500000002,1.0263191790126092,1.260303554012609,443.72321517433164
1.02,10046,max-exp-cap,1.1078570258588158,0.12942708333333336,0.14923177083333333,0.18549479166666666,1.0197296874999997,0.11171875000000002,1.015429288645094,1.127148038645094,454.973627462221
1.02,10046,max-exp-cap-V retuned,1.1950707829972134,0.2796875,0.14923177083333333,0.18549479166666666,1.0197296874999997,0.2681640625,0.9684976044858743,1.2366616669858743,434.8191610157909
1.02,10046,residual-rt-s0,1.1817881515025899,0.2520833333333333,0.14923177083333333,0.18549479166666666,1.0197296874999997,0.2470052083333334,0.978540930486692,1.2255461388200253,439.0020710222353
1.02,10046,residual-rt-s1,1.187967586368667,0.2742838541666667,0.14923177083333333,0.18549479166666666,1.0197296874999997,0.26529947916666674,0.9655249720675904,1.2308244512342572,433.45945752122213
1.02,10046,residual-rt-s2,1.1873918068638967,0.2775390625,0.14923177083333333,0.18549479166666666,1.0197296874999997,0.2685546875,0.9623752438596213,1.2309299313596211,432.02911563238985
1.02,10046,ppo-rt-s0,1.1468001963272298,0.20826822916666668,0.14923177083333333,0.18549479166666666,1.0197296874999997,0.20872395833333335,0.9818268090152983,1.1905507673486317,440.42002023160154
1.02,10046,ppo-rt-s1,1.142979950457578,0.209375,0.14923177083333333,0.18549479166666666,1.0197296874999997,0.20774739583333335,0.9769254626743439,1.1846728585076773,438.4379990786317
1.02,10046,ppo-rt-s2,1.1430338606541164,0.20703125,0.14923177083333333,0.18549479166666666,1.0197296874999997,0.20768229166666669,0.979435932927195,1.1871182245938616,439.3806115487657
1.02,10047,max-exp-cap,1.087228788652117,0.11438802083333333,0.16765625,0.20277343749999996,1.019763020833333,0.09960937499999997,1.007196568810052,1.106805943810052,467.6833027490637
1.02,10047,max-exp-cap-V retuned,1.1738340795433269,0.25611979166666665,0.16765625,0.20277343749999996,1.019763020833333,0.2440104166666667,0.9718922869135758,1.2159027035802425,451.8740265024724
1.02,10047,residual-rt-s0,1.1830923969864435,0.23906249999999998,0.16765625,0.20277343749999996,1.019763020833333,0.2255859375,0.9943410687470937,1.2199270062470937,461.68440536387743
1.02,10047,residual-rt-s1,1.1579346443347636,0.2524088541666667,0.16765625,0.20277343749999996,1.019763020833333,0.2404296875,0.9583397228214704,1.1987694103214703,445.7040533852516
1.02,10047,residual-rt-s2,1.1865678069910461,0.266015625,0.16765625,0.20277343749999996,1.019763020833333,0.254296875,0.9746612506207527,1.2289581256207527,453.11691797612394
1.02,10047,ppo-rt-s0,1.1306513714810653,0.19609375,0.16765625,0.20277343749999996,1.019763020833333,0.17727864583333336,0.9782340231548428,1.155512668988176,454.7643454243968
1.02,10047,ppo-rt-s1,1.1038692749359909,0.1900390625,0.16765625,0.20277343749999996,1.019763020833333,0.17252604166666669,0.9569069112116544,1.1294329528783211,445.72917341767277
1.02,10047,ppo-rt-s2,1.1287385414478344,0.19615885416666667,0.16765625,0.20277343749999996,1.019763020833333,0.17838541666666669,0.9767192403399059,1.1551046570065726,454.13742693935325
1.02,10048,max-exp-cap,1.0819303113318397,0.11067708333333333,0.16451822916666664,0.19876302083333336,1.0197520833333331,0.10143229166666667,1.0086466336007018,1.1100789252673686,466.14496356457573
1.02,10048,max-exp-cap-V retuned,1.1768739937702923,0.25618489583333337,0.16451822916666664,0.19876302083333336,1.0197520833333331,0.2498046875,0.9768456435411581,1.226650331041158,451.9324112542453
1.02,10048,residual-rt-s0,1.1837325255965863,0.23359375000000002,0.16451822916666664,0.19876302083333336,1.0197520833333331,0.22565104166666666,1.0015686474407097,1.2272196891073763,462.6638606701609
1.02,10048,residual-rt-s1,1.1919016847656891,0.2613932291666667,0.16451822916666664,0.19876302083333336,1.0197520833333331,0.25872395833333334,0.9856645962474755,1.2443885545808089,455.9001302120811
1.02,10048,residual-rt-s2,1.15190864814325,0.2508463541666667,0.16451822916666664,0.19876302083333336,1.0197520833333331,0.24856770833333333,0.9559722023442477,1.2045399106775811,442.5847482925592
1.02,10048,ppo-rt-s0,1.1428766103030457,0.19947916666666668,0.16451822916666664,0.19876302083333336,1.0197520833333331,0.18743489583333334,0.9892273794226659,1.1766622752559992,457.3674271748435
1.02,10048,ppo-rt-s1,1.1242788300805187,0.19498697916666669,0.16451822916666664,0.19876302083333336,1.0197520833333331,0.1828125,0.9748172843953904,1.1576297843953904,451.2645396949426
1.02,10048,ppo-rt-s2,1.1287435095922582,0.19680989583333333,0.16451822916666664,0.19876302083333336,1.0197520833333331,0.18639322916666662,0.9779211469070574,1.164314376073724,452.48418831729055
1.02,10049,max-exp-cap,1.1151683468988853,0.11901041666666667,0.16802083333333334,0.20188802083333335,1.0197635416666664,0.10436197916666667,1.0380977307525643,1.142459709919231,482.57874621853296
1.02,10049,max-exp-cap-V retuned,1.09571327986874,0.2349609375,0.16802083333333334,0.20188802083333335,1.0197635416666664,0.2193359375,0.9141576430039307,1.1334935805039306,428.5784099555001
1.02,10049,residual-rt-s0,1.179596125356671,0.23365885416666668,0.16802083333333334,0.20188802083333335,1.0197635416666664,0.2201171875,0.9974342231637512,1.2175514106637513,464.5481289725766
1.02,10049,residual-rt-s1,1.1422191368943233,0.2474609375,0.16802083333333334,0.20188802083333335,1.0197635416666664,0.23470052083333334,0.9493598075706295,1.1840603284039628,443.34979224290817
1.02,10049,residual-rt-s2,1.1258241815169048,0.24622395833333335,0.16802083333333334,0.20188802083333335,1.0197635416666664,0.233203125,0.9335367615652809,1.166739886565281,436.9959471249141
1.02,10049,ppo-rt-s0,1.1496073001591651,0.19791666666666666,0.16802083333333334,0.20188802083333335,1.0197635416666664,0.18177083333333333,0.9975983518861974,1.1793691852195307,464.6835122614449
1.02,10049,ppo-rt-s1,1.1266668023905249,0.194140625,0.16802083333333334,0.20188802083333335,1.0197635416666664,0.17760416666666665,0.9779844238409303,1.1555885905075969,456.53661928073416
1.02,10049,ppo-rt-s2,1.148359231034008,0.19895833333333332,0.16802083333333334,0.20188802083333335,1.0197635416666664,0.18287760416666665,0.9959961539026312,1.1788737580692978,464.0431687070532
1.02,10050,max-exp-cap,1.0673734300597033,0.10358072916666665,0.18239583333333334,0.21555989583333335,1.0197817708333332,0.0913411458333333,0.9958182089698684,1.0871593548032017,473.500620299601
1.02,10050,max-exp-cap-V retuned,1.1469221632820277,0.2490234375,0.18239583333333334,0.21555989583333335,1.0197817708333332,0.23072916666666665,0.9530923784221026,1.1838215450887692,454.3664019125755
1.02,10050,residual-rt-s0,1.1303890814104813,0.22389322916666665,0.18239583333333334,0.21555989583333335,1.0197817708333332,0.20052083333333331,0.955854390104116,1.1563752234374494,455.4273317485556
1.02,10050,residual-rt-s1,1.1360575128426404,0.24544270833333331,0.18239583333333334,0.21555989583333335,1.0197817708333332,0.22044270833333335,0.9433261788736321,1.1637688872069654,449.7845683199419
1.02,10050,residual-rt-s2,1.133668204751924,0.25123697916666665,0.18239583333333334,0.21555989583333335,1.0197817708333332,0.22695312499999998,0.9361430155294369,1.1630961405294369,446.61521425468084
1.02,10050,ppo-rt-s0,1.1225224633983186,0.18873697916666665,0.18239583333333334,0.21555989583333335,1.0197817708333332,0.16679687499999996,0.9777075442619225,1.1445044192619225,465.17768792624616
1.02,10050,ppo-rt-s1,1.1101573492633774,0.1876953125,0.18239583333333334,0.21555989583333335,1.0197817708333332,0.1662109375,0.9665482395948731,1.132759177094873,460.4970836711365
1.02,10050,ppo-rt-s2,1.1260411756676518,0.1923828125,0.18239583333333334,0.21555989583333335,1.0197817708333332,0.1729166666666666,0.9783335653835415,1.151250232050208,465.57504378697115
1.02,10051,max-exp-cap,1.094263861082752,0.11438802083333333,0.17001302083333333,0.20381510416666665,1.0197703124999997,0.09798177083333333,1.0206590495180365,1.1186408203513698,478.0201456286896
1.02,10051,max-exp-cap-V retuned,1.183636020269901,0.25833333333333336,0.17001302083333333,0.20381510416666665,1.0197703124999997,0.24179687500000002,0.9830973358826963,1.2248942108826963,461.5316429249075
1.02,10051,residual-rt-s0,1.1276816219754595,0.21875,0.17001302083333333,0.20381510416666665,1.0197703124999997,0.19986979166666669,0.9595201501242865,1.1593899417909532,451.04656058069816
1.02,10051,residual-rt-s1,1.1110336746391514,0.23385416666666667,0.17001302083333333,0.20381510416666665,1.0197703124999997,0.21464843749999996,0.9303066567145616,1.1449550942145614,437.84590515078787
1.02,10051,residual-rt-s2,1.1463988126563531,0.24960937500000002,0.17001302083333333,0.20381510416666665,1.0197703124999997,0.23242187499999997,0.9523315851879899,1.1847534601879899,447.8274655117815
1.02,10051,ppo-rt-s0,1.1267391671073521,0.18808593750000002,0.17001302083333333,0.20381510416666665,1.0197703124999997,0.1701171875,0.9846851097383771,1.1548022972383771,461.902276990961
1.02,10051,ppo-rt-s1,1.1055467990708454,0.18157552083333334,0.17001302083333333,0.20381510416666665,1.0197703124999997,0.1626302083333333,0.9692185017845343,1.1318487101178676,455.3561890503423
1.02,10051,ppo-rt-s2,1.131932079108848,0.188671875,0.17001302083333333,0.20381510416666665,1.0197703124999997,0.17135416666666664,0.9898920083299128,1.1612461749965794,464.1686451881161
1.02,10052,max-exp-cap,1.1448221384931307,0.1291015625,0.13770833333333335,0.17493489583333333,1.0197249999999998,0.11927083333333334,1.0524358651624472,1.1717066984957807,465.2246436823739
1.02,10052,max-exp-cap-V retuned,1.1958714648108224,0.2789713541666667,0.13770833333333335,0.17493489583333333,1.0197249999999998,0.26386718750000004,0.9693756009734962,1.2332427884734962,430.07928674120745
1.02,10052,residual-rt-s0,1.191060501493324,0.2545572916666667,0.13770833333333335,0.17493489583333333,1.0197249999999998,0.2470703125,0.9855024620201837,1.2325727745201838,436.8768394230618
1.02,10052,residual-rt-s1,1.2213129657205137,0.28470052083333336,0.13770833333333335,0.17493489583333333,1.0197249999999998,0.27089843750000003,0.9893802955540064,1.2602787330540064,438.5594254361571
1.02,10052,residual-rt-s2,1.1701190120490486,0.26875000000000004,0.13770833333333335,0.17493489583333333,1.0197249999999998,0.256640625,0.9530903658376244,1.2097309908376244,422.7383843690467
1.02,10052,ppo-rt-s0,1.1576857666159028,0.20175781250000002,0.13770833333333335,0.17493489583333333,1.0197249999999998,0.20286458333333335,0.9970521836994088,1.1999167670327422,441.7345064399308
1.02,10052,ppo-rt-s1,1.1861262942205704,0.21477864583333336,0.13770833333333335,0.17493489583333333,1.0197249999999998,0.21132812499999998,1.0149824118256812,1.226310536825681,449.3284153120784
1.02,10052,ppo-rt-s2,1.1742852373279342,0.2113932291666667,0.13770833333333335,0.17493489583333333,1.0197249999999998,0.2109375,1.0061919400820327,1.2171294400820327,445.63605065846286
1.02,10053,max-exp-cap,1.112523315150248,0.12480468750000001,0.14747395833333335,0.1827083333333333,1.0197385416666664,0.11171874999999998,1.0270243864488648,1.138743136448865,462.59223434939975
1.02,10053,max-exp-cap-V retuned,1.1241262103207124,0.2498046875,0.14747395833333335,0.1827083333333333,1.0197385416666664,0.23873697916666664,0.9272114913463083,1.165948470512975,420.24545630676187
1.02,10053,residual-rt-s0,1.1689826148451548,0.23763020833333334,0.14747395833333335,0.1827083333333333,1.0197385416666664,0.23059895833333333,0.9819409571886852,1.2125399155220187,443.4551863033305
1.02,10053,residual-rt-s1,1.1474997389958683,0.25364583333333335,0.14747395833333335,0.1827083333333333,1.0197385416666664,0.24563802083333333,0.9467711765288315,1.1924091973621649,428.30490035448474
1.02,10053,residual-rt-s2,1.1715200835097217,0.2682291666666667,0.14747395833333335,0.1827083333333333,1.0197385416666664,0.25690104166666666,0.9572467792653168,1.2141478209319834,433.1159359217985
1.02,10053,ppo-rt-s0,1.1326872437424587,0.19941406250000002,0.14747395833333335,0.1827083333333333,1.0197385416666664,0.18886718749999998,0.9786015455175476,1.1674687330175475,442.2028900169112
1.02,10053,ppo-rt-s1,1.1379753513657611,0.20026041666666666,0.14747395833333335,0.1827083333333333,1.0197385416666664,0.18815104166666663,0.983570566002482,1.1717216076691486,444.23512129338036
1.02,10053,ppo-rt-s2,1.118644349668922,0.19576822916666667,0.14747395833333335,0.1827083333333333,1.0197385416666664,0.1833984375,0.9680341135802767,1.1514325510802768,437.76661066868076
1.02,10054,max-exp-cap,1.1100846905096782,0.1212890625,0.16020833333333334,0.19467447916666666,1.0197536458333334,0.10781250000000002,1.028532801788333,1.1363453017883332,472.735685993177
1.02,10054,max-exp-cap-V retuned,1.1817669401798874,0.2645182291666667,0.16020833333333334,0.19467447916666666,1.0197536458333334,0.25091145833333334,0.9732689292048047,1.224180387538138,448.97657951300357
1.02,10054,residual-rt-s0,1.1677328480344582,0.23736979166666666,0.16020833333333334,0.19467447916666666,1.0197536458333334,0.22890625000000003,0.9818543642851126,1.2107606142851126,452.3998189471622
1.02,10054,residual-rt-s1,1.1688482377349165,0.2573567708333333,0.16020833333333334,0.19467447916666666,1.0197536458333334,0.2498046875,0.9659790350216425,1.2157837225216426,445.7010822987714
1.02,10054,residual-rt-s2,1.1661822240294533,0.258984375,0.16020833333333334,0.19467447916666666,1.0197536458333334,0.2458984375,0.962554197697191,1.208452635197191,444.11941175786916
1.02,10054,ppo-rt-s0,1.1515984773134018,0.20253906249999998,0.16020833333333334,0.19467447916666666,1.0197536458333334,0.18984375000000003,0.9950192553350133,1.1848630053350133,458.0075386679713
1.02,10054,ppo-rt-s1,1.152657583506419,0.20227864583333333,0.16020833333333334,0.19467447916666666,1.0197536458333334,0.18971354166666668,0.9966596326757089,1.1863731743423755,458.8397878458104
1.02,10054,ppo-rt-s2,1.1561506259172811,0.20325520833333333,0.16020833333333334,0.19467447916666666,1.0197536458333334,0.19257812500000004,0.9994198524280817,1.1919979774280818,459.9727235504205
1.02,10055,max-exp-cap,1.0992552673181664,0.11067708333333334,0.1710546875,0.205625,1.0197854166666664,0.10468749999999998,1.029945134999269,1.134632634999269,483.72539411331616
1.02,10055,max-exp-cap-V retuned,1.202389621516003,0.26048177083333335,0.1710546875,0.205625,1.0197854166666664,0.24765624999999997,1.0007077414449892,1.248363991444989,470.7882038551671
1.02,10055,residual-rt-s0,1.187526899151764,0.2363932291666667,0.1710546875,0.205625,1.0197854166666664,0.22324218749999997,1.0051161029460192,1.228358290446019,472.66619753130374
1.02,10055,residual-rt-s1,1.2306343370113526,0.2729817708333333,0.1710546875,0.205625,1.0197854166666664,0.2608723958333333,1.0164961354843085,1.277368531317642,477.5750666226845
1.02,10055,residual-rt-s2,1.2242514487646345,0.27272135416666665,0.1710546875,0.205625,1.0197854166666664,0.2586588541666667,1.0105306181703124,1.2691894723369792,474.91956927243996
1.02,10055,ppo-rt-s0,1.1455743984404516,0.1892578125,0.1710546875,0.205625,1.0197854166666664,0.17740885416666663,1.0042645933051957,1.1816734474718622,472.19165884423535
1.02,10055,ppo-rt-s1,1.1283505355494683,0.18723958333333332,0.1710546875,0.205625,1.0197854166666664,0.17584635416666666,0.9890660435396679,1.1649123977063345,465.81530091979386
1.02,10055,ppo-rt-s2,1.1280732532529123,0.18873697916666668,0.1710546875,0.205625,1.0197854166666664,0.17799479166666665,0.9875212689759242,1.1655160606425907,465.08281814337533
1.02,10056,max-exp-cap,1.1418760216452872,0.14837239583333334,0.12826822916666666,0.165703125,1.0197114583333333,0.13756510416666667,1.0314034225044946,1.1689685266711614,448.5954611455067
1.02,10056,max-exp-cap-V retuned,1.163973260211545,0.2801432291666667,0.12826822916666666,0.165703125,1.0197114583333333,0.2631510416666667,0.9346087684211913,1.1977598100878581,407.4497238354141
1.02,10056,residual-rt-s0,1.2721546600412263,0.3061197916666667,0.12826822916666666,0.165703125,1.0197114583333333,0.2923828125,1.0191329687196,1.3115157812196,442.6904364442624
1.02,10056,residual-rt-s1,1.3173551095104337,0.3304036458333333,0.12826822916666666,0.165703125,1.0197114583333333,0.31796875,1.041620817992174,1.359589567992174,452.24625191330284
1.02,10056,residual-rt-s2,1.1758316629133057,0.282421875,0.12826822916666666,0.165703125,1.0197114583333333,0.2662760416666667,0.9439199821500969,1.2101960238167635,411.4486006969637
1.02,10056,ppo-rt-s0,1.1856861242386492,0.23164062500000002,0.12826822916666666,0.165703125,1.0197114583333333,0.21920572916666667,0.9965356413175892,1.215741370484256,433.8096769768918
1.02,10056,ppo-rt-s1,1.225139042791135,0.24472656250000002,0.12826822916666666,0.165703125,1.0197114583333333,0.23411458333333335,1.025022089431675,1.2591366727650084,445.5748797513291
1.02,10056,ppo-rt-s2,1.1857387658271334,0.2373046875,0.12826822916666666,0.165703125,1.0197114583333333,0.223828125,0.9920869450690345,1.2159150700690344,432.03774206475026
1.02,10057,max-exp-cap,1.1199975596741631,0.120703125,0.14505208333333333,0.17944010416666667,1.0197437499999997,0.11367187499999999,1.0386458330724955,1.1523177080724956,468.8363528164464
1.02,10057,max-exp-cap-V retuned,1.1275186143221376,0.24635416666666665,0.14505208333333333,0.17944010416666667,1.0197437499999997,0.24264322916666664,0.9335499842256464,1.176193213392313,423.8080255011546
1.02,10057,residual-rt-s0,1.1853473447140623,0.2525390625,0.14505208333333333,0.17944010416666667,1.0197437499999997,0.253515625,0.9853767250654025,1.2388923500654025,445.40153286360214
1.02,10057,residual-rt-s1,1.1984384666604049,0.26276041666666666,0.14505208333333333,0.17944010416666667,1.0197437499999997,0.2630859375,0.9897345798499033,1.2528205173499032,447.30809498867245
1.02,10057,residual-rt-s2,1.1506950217330312,0.2501953125,0.14505208333333333,0.17944010416666667,1.0197437499999997,0.2494791666666667,0.953113294964687,1.2025924616313537,431.75732074044015
1.02,10057,ppo-rt-s0,1.1555315834921909,0.19759114583333331,0.14505208333333333,0.17944010416666667,1.0197437499999997,0.19192708333333336,1.0020217539916305,1.1939488373249638,452.9052448257073
1.02,10057,ppo-rt-s1,1.164291541994561,0.20078125,0.14505208333333333,0.17944010416666667,1.0197437499999997,0.19296875000000002,1.0083757916424663,1.2013445416424662,455.5186745356599
1.02,10057,ppo-rt-s2,1.1489262768495239,0.19954427083333331,0.14505208333333333,0.17944010416666667,1.0197437499999997,0.19427083333333334,0.9941072789316363,1.1883781122649697,449.684288068621
1.02,10058,max-exp-cap,1.1471706046485224,0.13444010416666669,0.14856770833333335,0.18440104166666668,1.0197338541666663,0.11822916666666668,1.052314942149308,1.1705441088159747,472.27812590346423
1.02,10058,max-exp-cap-V retuned,1.172030830487284,0.2643229166666667,0.14856770833333335,0.18440104166666668,1.0197338541666663,0.25494791666666666,0.9603300690696904,1.2152779857363571,433.1455575934292
1.02,10058,residual-rt-s0,1.1436221526646477,0.21959635416666667,0.14856770833333335,0.18440104166666668,1.0197338541666663,0.2182942708333333,0.9714347746413305,1.1897290454746638,437.8558586318799
1.02,10058,residual-rt-s1,1.1533382138860344,0.25006510416666666,0.14856770833333335,0.18440104166666668,1.0197338541666663,0.24837239583333331,0.954011333805478,1.2023837296388113,430.2835100174523
1.02,10058,residual-rt-s2,1.155677569021915,0.2606119791666667,0.14856770833333335,0.18440104166666668,1.0197338541666663,0.2554036458333333,0.9467593450777163,1.2021629909110496,427.4592161492801
1.02,10058,ppo-rt-s0,1.181406298744989,0.21223958333333334,0.14856770833333335,0.18440104166666668,1.0197338541666663,0.21184895833333334,1.0140769947897146,1.225925953123048,456.0285986194812
1.02,10058,ppo-rt-s1,1.1700910513663796,0.20970052083333332,0.14856770833333335,0.18440104166666668,1.0197338541666663,0.20631510416666665,1.0051902741074452,1.2115053782741119,452.377770536998
1.02,10058,ppo-rt-s2,1.1762180362418386,0.2095703125,0.14856770833333335,0.18440104166666668,1.0197338541666663,0.20937500000000003,1.0115125631138737,1.2208875631138738,454.9368353254263
1.02,10059,max-exp-cap,1.146024628324807,0.13567708333333328,0.15205729166666665,0.18841145833333334,1.0197406249999998,0.12330729166666665,1.0481572417129392,1.1714645333796059,474.72068337468363
1.02,10059,max-exp-cap-V retuned,1.1998872208910063,0.27350260416666666,0.15205729166666665,0.18841145833333334,1.0197406249999998,0.2681640625,0.9798784298345485,1.2480424923345486,445.6148889469109
1.02,10059,residual-rt-s0,1.228283296809716,0.2568359375,0.15205729166666665,0.18841145833333334,1.0197406249999998,0.25859374999999996,1.0220863668217774,1.2806801168217774,463.5486999180868
1.02,10059,residual-rt-s1,1.2089853901403786,0.27226562499999996,0.15205729166666665,0.18841145833333334,1.0197406249999998,0.2723958333333333,0.9901011604962612,1.2624969938295945,449.6632330954368
1.02,10059,residual-rt-s2,1.2154122081141576,0.2759114583333333,0.15205729166666665,0.18841145833333334,1.0197406249999998,0.27506510416666663,0.9931942698630007,1.2682593740296673,451.1800812315364
1.02,10059,ppo-rt-s0,1.1813396279291628,0.208984375,0.15205729166666665,0.18841145833333334,1.0197406249999998,0.2087239583333333,1.017019966608192,1.2257439249415254,461.29875760059207
1.02,10059,ppo-rt-s1,1.175225760479428,0.20976562499999998,0.15205729166666665,0.18841145833333334,1.0197406249999998,0.20904947916666664,1.0105160615244444,1.219565540691111,458.69805671588455
1.02,10059,ppo-rt-s2,1.189727068401184,0.21510416666666665,0.15205729166666665,0.18841145833333334,1.0197406249999998,0.2158203125,1.0205813367684073,1.2364016492684073,462.89071136527616
1.02,10060,max-exp-cap,1.1177710886588825,0.12858072916666669,0.1423697916666667,0.1772265625,1.019738020833333,0.11731770833333335,1.0265346522578658,1.1438523605911992,459.6227037942619
1.02,10060,max-exp-cap-V retuned,1.2119210556218747,0.28359375000000003,0.1423697916666667,0.1772265625,1.019738020833333,0.27220052083333335,0.983613835955859,1.2558143567891924,441.51424640522913
1.02,10060,residual-rt-s0,1.173714283321024,0.2442057291666667,0.1423697916666667,0.1772265625,1.019738020833333,0.23815104166666667,0.9793027400853339,1.2174537817520006,439.50586675696564
1.02,10060,residual-rt-s1,1.1550240330606705,0.2611979166666667,0.1423697916666667,0.1772265625,1.019738020833333,0.2550130208333334,0.9461407660970907,1.201153786930424,425.29097084669115
1.02,10060,residual-rt-s2,1.2184455905564389,0.2887369791666667,0.1423697916666667,0.1772265625,1.019738020833333,0.28001302083333335,0.9845068082588351,1.2645198290921684,442.05497363824435
1.02,10060,ppo-rt-s0,1.146669362416888,0.209375,0.1423697916666667,0.1772265625,1.019738020833333,0.20234375000000004,0.9815714286049876,1.1839151786049875,440.4785875616667
1.02,10060,ppo-rt-s1,1.158354234467944,0.21328125,0.1423697916666667,0.1772265625,1.019738020833333,0.20677083333333335,0.9904409257970096,1.1972117591303428,444.33792842007267
1.02,10060,ppo-rt-s2,1.1499890167823625,0.21165364583333335,0.1423697916666667,0.1772265625,1.019738020833333,0.20579427083333335,0.9832093676127709,1.1890036384461042,441.2317511493138
1.02,10061,max-exp-cap,1.1257738555901435,0.13203125,0.13938802083333332,0.17665364583333334,1.0197296874999997,0.12727864583333331,1.0320360509476745,1.1593146967810077,458.30469629042096
1.02,10061,max-exp-cap-V retuned,1.1246377528209173,0.25449218749999997,0.13938802083333332,0.17665364583333334,1.0197296874999997,0.248046875,0.9192162858804235,1.1672631608804234,410.65890729728164
1.02,10061,residual-rt-s0,1.1362548585265135,0.22734374999999998,0.13938802083333332,0.17665364583333334,1.0197296874999997,0.22942708333333334,0.9548027475628323,1.1842298308961656,425.6812935633634
1.02,10061,residual-rt-s1,1.1238273703864854,0.248046875,0.13938802083333332,0.17665364583333334,1.0197296874999997,0.24791666666666667,0.924052661211582,1.1719693278782488,412.4920662061543
1.02,10061,residual-rt-s2,1.1805151713926725,0.2710286458333333,0.13938802083333332,0.17665364583333334,1.0197296874999997,0.26555989583333334,0.9602738677522609,1.2258337635855943,427.54492887685313
1.02,10061,ppo-rt-s0,1.1293737480953656,0.19837239583333333,0.13938802083333332,0.17665364583333334,1.0197296874999997,0.19824218749999994,0.9715268018099237,1.1697689893099237,432.64702866360824
1.02,10061,ppo-rt-s1,1.1462821768313638,0.20585937499999998,0.13938802083333332,0.17665364583333334,1.0197296874999997,0.20533854166666662,0.9816769262228213,1.187015467889488,437.0367930388039
1.02,10061,ppo-rt-s2,1.1525354156683763,0.20638020833333331,0.13938802083333332,0.17665364583333334,1.0197296874999997,0.20690104166666665,0.9875803073903573,1.1944813490570239,439.362238952697
1.02,10062,max-exp-cap,1.1353411092549002,0.137109375,0.1312890625,0.16726562500000003,1.0197119791666664,0.1244140625,1.0349788811842362,1.1593929436842363,454.4995146541859
1.02,10062,max-exp-cap-V retuned,1.1842159041691112,0.2802734375,0.1312890625,0.16726562500000003,1.0197119791666664,0.26432291666666663,0.9556763161836892,1.219999232850356,420.97040942698743
1.02,10062,residual-rt-s0,1.206349165261321,0.26881510416666665,0.1312890625,0.16726562500000003,1.0197119791666664,0.2569661458333333,0.9870810308402949,1.2440471766736283,434.4061337497503
1.02,10062,residual-rt-s1,1.1966563207528225,0.27578125,0.1312890625,0.16726562500000003,1.0197119791666664,0.26373697916666666,0.97165254682104,1.2353895259877066,427.64415281960737
1.02,10062,residual-rt-s2,1.1851941319238217,0.28085937499999997,0.1312890625,0.16726562500000003,1.0197119791666664,0.2647135416666666,0.9553052946906802,1.2200188363573468,421.08541725413556
1.02,10062,ppo-rt-s0,1.1671572130717216,0.21673177083333334,0.1312890625,0.16726562500000003,1.0197119791666664,0.21015625000000002,0.9932831854236076,1.2034394354236075,437.0900541499885
1.02,10062,ppo-rt-s1,1.1646714458300635,0.21354166666666666,0.1312890625,0.16726562500000003,1.0197119791666664,0.20872395833333335,0.9941136977808761,1.2028376561142093,437.46238841151853
1.02,10062,ppo-rt-s2,1.1679928233600447,0.21640625,0.1312890625,0.16726562500000003,1.0197119791666664,0.21061197916666666,0.9947557501916765,1.2053677293583431,437.6937314150433
1.02,10063,max-exp-cap,1.1555310441676336,0.13736979166666669,0.14770833333333336,0.1840755208333333,1.0197328125,0.12773437499999998,1.0580975460030393,1.1858319210030392,474.0435661549071
1.02,10063,max-exp-cap-V retuned,1.1217794477714425,0.2518229166666667,0.14770833333333336,0.1840755208333333,1.0197328125,0.25364583333333335,0.9217957971837907,1.175441630517124,415.88318272785193
1.02,10063,residual-rt-s0,1.2093374156247463,0.2596354166666667,0.14770833333333336,0.1840755208333333,1.0197328125,0.2602864583333333,1.0010886300018007,1.261375088335134,449.90099828730854
1.02,10063,residual-rt-s1,1.227510880651721,0.28587239583333335,0.14770833333333336,0.1840755208333333,1.0197328125,0.2826171875,0.9957751482181364,1.2783923357181364,447.5567654676652
1.02,10063,residual-rt-s2,1.1819430974880143,0.273046875,0.14770833333333336,0.1840755208333333,1.0197328125,0.2696614583333333,0.9614286217869529,1.2310900801202862,433.04885278099493
1.02,10063,ppo-rt-s0,1.1917962890864156,0.2166015625,0.14770833333333336,0.1840755208333333,1.0197328125,0.22161458333333334,1.0203391438509244,1.2419537271842578,457.94315945416844
1.02,10063,ppo-rt-s1,1.1903176443539822,0.21796875,0.14770833333333336,0.1840755208333333,1.0197328125,0.22330729166666669,1.0177659636540664,1.241073255320733,456.83067109288754
1.02,10063,ppo-rt-s2,1.1631763142448852,0.20950520833333333,0.14770833333333336,0.1840755208333333,1.0197328125,0.21484374999999994,0.9982522103753957,1.2130959603753957,448.57427722031974
1.02,10064,max-exp-cap,1.0809297614154028,0.10084635416666665,0.18600260416666664,0.2185416666666667,1.0197968749999997,0.09296874999999999,1.017997345204296,1.1109660952042961,487.05530373412233
1.02,10064,max-exp-cap-V retuned,1.115862803966411,0.229296875,0.18600260416666664,0.2185416666666667,1.0197968749999997,0.21048177083333336,0.9440846092763253,1.1545663801096586,453.61133368918667
1.02,10064,residual-rt-s0,1.1363167464370252,0.2052734375,0.18600260416666664,0.2185416666666667,1.0197968749999997,0.18906249999999997,0.9835078260076348,1.1725703260076348,470.69276114463383
1.02,10064,residual-rt-s1,1.1244008457886079,0.23131510416666665,0.18600260416666664,0.2185416666666667,1.0197968749999997,0.21256510416666663,0.9503204055531189,1.1628855097197857,455.69305230768293
1.02,10064,residual-rt-s2,1.1483536890612467,0.24322916666666666,0.18600260416666664,0.2185416666666667,1.0197968749999997,0.22363281249999994,0.9633000441237758,1.1869328566237758,462.0430195257838
1.02,10064,ppo-rt-s0,1.1009792955639273,0.17083333333333334,0.18600260416666664,0.2185416666666667,1.0197968749999997,0.15494791666666663,0.9767134145595362,1.1316613312262027,467.9644678446839
1.02,10064,ppo-rt-s1,1.11168515482752,0.173046875,0.18600260416666664,0.2185416666666667,1.0197968749999997,0.15748697916666665,0.9862290929919862,1.1437160721586528,472.4388386272039
1.02,10064,ppo-rt-s2,1.105574843236593,0.17109375000000002,0.18600260416666664,0.2185416666666667,1.0197968749999997,0.15592447916666663,0.9815046952519045,1.1374291744185712,470.1619939445694
1.02,10065,max-exp-cap,1.101278814466807,0.13756510416666667,0.13596354166666666,0.17162760416666667,1.0197130208333332,0.1203125,1.0017863453987181,1.1220988453987182,439.75110118857043
1.02,10065,max-exp-cap-V retuned,1.1893130217666474,0.2953776041666667,0.13596354166666666,0.17162760416666667,1.0197130208333332,0.2733072916666667,0.9476123518608426,1.2209196435275094,417.1626728027026
1.02,10065,residual-rt-s0,1.1577969633267147,0.2529296875,0.13596354166666666,0.17162760416666667,1.0197130208333332,0.23847656250000002,0.9533467368813069,1.191823299381307,419.43279866315703
1.02,10065,residual-rt-s1,1.1607833923688904,0.2774739583333333,0.13596354166666666,0.17162760416666667,1.0197130208333332,0.25970052083333334,0.9337393707019432,1.1934398915352766,411.24872816235165
1.02,10065,residual-rt-s2,1.1919971839230032,0.29973958333333334,0.13596354166666666,0.17162760416666667,1.0197130208333332,0.27565104166666665,0.9455987205934955,1.2212497622601621,416.3752668123385
1.02,10065,ppo-rt-s0,1.152364740416806,0.2216796875,0.13596354166666666,0.17162760416666667,1.0197130208333332,0.21178385416666662,0.9757762664442584,1.187560120610925,428.8452685603483
1.02,10065,ppo-rt-s1,1.1461809414067938,0.21985677083333333,0.13596354166666666,0.17162760416666667,1.0197130208333332,0.20944010416666664,0.9716396218351364,1.181079726001803,427.18682000434353
1.02,10065,ppo-rt-s2,1.1538377425947317,0.22317708333333333,0.13596354166666666,0.17162760416666667,1.0197130208333332,0.21425781249999998,0.9762929734022248,1.1905507859022246,429.0380998632097
1.02,10066,max-exp-cap,1.1169935529384878,0.13118489583333331,0.14580729166666667,0.18126302083333332,1.0197317708333329,0.1177734375,1.0232393436160332,1.141012781116033,457.1193474534285
1.02,10066,max-exp-cap-V retuned,1.147732956737935,0.2592447916666667,0.14580729166666667,0.18126302083333332,1.0197317708333329,0.2495442708333333,0.9407428031899868,1.19028707402332,422.01338664906586
1.02,10066,residual-rt-s0,1.1572824048065322,0.23671875,0.14580729166666667,0.18126302083333332,1.0197317708333329,0.2309895833333333,0.9688591909415665,1.1998487742748998,433.8386877452075
1.02,10066,residual-rt-s1,1.1219041450004776,0.24915364583333335,0.14580729166666667,0.18126302083333332,1.0197317708333329,0.2423828125,0.9235880734309089,1.1659708859309088,414.1114974898346
1.02,10066,residual-rt-s2,1.0795253860238185,0.23704427083333335,0.14580729166666667,0.18126302083333332,1.0197317708333329,0.23046875,0.8919002282799655,1.1223689782799655,400.5562482098952
1.02,10066,ppo-rt-s0,1.144628038754017,0.20221354166666666,0.14580729166666667,0.18126302083333332,1.0197317708333329,0.1995442708333333,0.9862482159780519,1.1857924868113852,441.32480587090276
1.02,10066,ppo-rt-s1,1.134911976203954,0.203515625,0.14580729166666667,0.18126302083333332,1.0197317708333329,0.19967447916666664,0.9756903393082764,1.175364818474943,437.00599267185
1.02,10066,ppo-rt-s2,1.1357589574994902,0.20338541666666668,0.14580729166666667,0.18126302083333332,1.0197317708333329,0.2011067708333333,0.9765638173673646,1.177670588200698,437.322458130334
1.02,10067,max-exp-cap,1.1129682916219337,0.13033854166666667,0.15673177083333334,0.19201822916666664,1.019738020833333,0.11236979166666666,1.0174201340026865,1.129789925669353,460.48347936677743
1.02,10067,max-exp-cap-V retuned,1.1120695365726034,0.24915364583333333,0.15673177083333334,0.19201822916666664,1.019738020833333,0.24348958333333337,0.9131364494298125,1.156626032763146,415.7290088966501
1.02,10067,residual-rt-s0,1.1499832181044256,0.24511718749999997,0.15673177083333334,0.19201822916666664,1.019738020833333,0.23860677083333337,0.9535228117385791,1.1921295825719125,433.023686801832
1.02,10067,residual-rt-s1,1.117415782688128,0.24908854166666666,0.15673177083333334,0.19201822916666664,1.019738020833333,0.2422526041666666,0.9178689506503575,1.160121554817024,417.57369290500947
1.02,10067,residual-rt-s2,1.1343156959002971,0.25729166666666664,0.15673177083333334,0.19201822916666664,1.019738020833333,0.2503255208333333,0.9280523684283354,1.1783778892616688,421.55447012051
1.02,10067,ppo-rt-s0,1.1213514390178665,0.20384114583333335,0.15673177083333334,0.19201822916666664,1.019738020833333,0.19596354166666666,0.9600704845795704,1.1560340262462372,435.78680227095157
1.02,10067,ppo-rt-s1,1.12882891549623,0.20364583333333333,0.15673177083333334,0.19201822916666664,1.019738020833333,0.19420572916666667,0.9681454903193049,1.1623512194859715,439.212299196262
1.02,10067,ppo-rt-s2,1.1294277297872395,0.20481770833333335,0.15673177083333334,0.19201822916666664,1.019738020833333,0.19772135416666664,0.9678022424862753,1.165523596652942,439.0449925495726
1.02,10068,max-exp-cap,1.135620154220456,0.1309244791666667,0.15042968750000002,0.18654947916666667,1.0197322916666665,0.11536458333333331,1.0434123866711817,1.158776970004515,472.35199640811663
1.02,10068,max-exp-cap-V retuned,1.2295967008923712,0.2858072916666667,0.15042968750000002,0.18654947916666667,1.0197322916666665,0.27441406249999994,0.9993437438624869,1.2737578063624868,453.59833995642515
1.02,10068,residual-rt-s0,1.2191819555499324,0.26178385416666666,0.15042968750000002,0.18654947916666667,1.0197322916666665,0.2567708333333333,1.0094304973705144,1.2662013307038475,457.84279418169194
1.02,10068,residual-rt-s1,1.2285125430410357,0.28372395833333336,0.15042968750000002,0.18654947916666667,1.0197322916666665,0.27578125,0.9993718733702063,1.2751531233702063,453.4650017634636
1.02,10068,residual-rt-s2,1.2467181628399189,0.2914713541666667,0.15042968750000002,0.18654947916666667,1.0197322916666665,0.28124999999999994,1.0109000311962208,1.2921500311962208,458.38943740957774
1.02,10068,ppo-rt-s0,1.1758633379532195,0.21113281250000002,0.15042968750000002,0.18654947916666667,1.0197322916666665,0.2099609375,1.010110077683068,1.220071015183068,458.1184930142847
1.02,10068,ppo-rt-s1,1.184861684067414,0.21445312500000002,0.15042968750000002,0.18654947916666667,1.0197322916666665,0.21347656249999997,1.016862728833747,1.230339291333747,461.0141523783708
1.02,10068,ppo-rt-s2,1.1673457583272102,0.21035156250000003,0.15042968750000002,0.18654947916666667,1.0197322916666665,0.2090494791666666,1.002636708242698,1.2116861874093645,455.0064813987398
1.02,10069,max-exp-cap,1.0676254219191563,0.11738281250000002,0.15997395833333333,0.19528645833333336,1.019742708333333,0.10156250000000003,0.9869232771620322,1.0884857771620322,450.91649847008136
1.02,10069,max-exp-cap-V retuned,1.1846007759859534,0.27141927083333334,0.15997395833333333,0.19528645833333336,1.019742708333333,0.25996093750000004,0.9686733378162644,1.2286342753162645,442.87147012609273
1.02,10069,residual-rt-s0,1.112088568559751,0.21627604166666667,0.15997395833333333,0.19528645833333336,1.019742708333333,0.20423177083333335,0.944837154102632,1.1490689249359654,432.1061669320445
1.02,10069,residual-rt-s1,1.1251038080757703,0.2514322916666667,0.15997395833333333,0.19528645833333336,1.019742708333333,0.24479166666666669,0.9269918652929809,1.1717835319596477,424.36989885120954
1.02,10069,residual-rt-s2,1.1702252574471455,0.270703125,0.15997395833333333,0.19528645833333336,1.019742708333333,0.2641276041666667,0.9541973948853757,1.2183249990520424,436.6212984867988
1.02,10069,ppo-rt-s0,1.0999373973769024,0.19570312500000003,0.15997395833333333,0.19528645833333336,1.019742708333333,0.18229166666666669,0.9477437969273868,1.1300354635940535,433.7370910664847
1.02,10069,ppo-rt-s1,1.1079474964151768,0.19791666666666669,0.15997395833333333,0.19528645833333336,1.019742708333333,0.18476562500000004,0.9543906940817863,1.1391563190817864,436.67877976205864
1.02,10069,ppo-rt-s2,1.1044166488445089,0.19628906250000003,0.15997395833333333,0.19528645833333336,1.019742708333333,0.18365885416666666,0.9520931195424304,1.135751973709097,435.6194504044628
1.02,10070,max-exp-cap,1.11807409073282,0.14192708333333334,0.13641927083333333,0.17300781250000002,1.0197135416666665,0.13020833333333334,1.013072468044331,1.1432808013776643,445.48721308922313
1.02,10070,max-exp-cap-V retuned,1.1762203259261408,0.28326822916666666,0.13641927083333333,0.17300781250000002,1.0197135416666665,0.26542968750000007,0.9445019504560198,1.2099316379560199,416.334160334055
1.02,10070,residual-rt-s0,1.1940530566369143,0.2638020833333333,0.13641927083333333,0.17300781250000002,1.0197135416666665,0.24973958333333335,0.9788292595910552,1.2285688429243886,430.8889395338167
1.02,10070,residual-rt-s1,1.194673152512371,0.28359375000000003,0.13641927083333333,0.17300781250000002,1.0197135416666665,0.27057291666666666,0.9619022241485474,1.2324751408152141,423.75577536567835
1.02,10070,residual-rt-s2,1.1969228847328308,0.2916666666666667,0.13641927083333333,0.17300781250000002,1.0197135416666665,0.2733072916666667,0.9572221091263489,1.2305294007930154,421.73794971240045
1.02,10070,ppo-rt-s0,1.1424654228450624,0.21647135416666666,0.13641927083333333,0.17300781250000002,1.0197135416666665,0.20846354166666664,0.9685152012281957,1.1769787428948624,426.61099374417574
1.02,10070,ppo-rt-s1,1.1556892011702775,0.22044270833333332,0.13641927083333333,0.17300781250000002,1.0197135416666665,0.21178385416666667,0.9787984981624243,1.1905823523290908,430.924615678743
1.02,10070,ppo-rt-s2,1.1524897614981287,0.22005208333333331,0.13641927083333333,0.17300781250000002,1.0197135416666665,0.21197916666666666,0.975939339717562,1.1879185063842286,429.7808574391132
1.02,10071,max-exp-cap,1.1222184703830231,0.12838541666666667,0.16055989583333333,0.196171875,1.0197541666666665,0.11243489583333334,1.031360139623439,1.1437950354567725,471.69627632510065
1.02,10071,max-exp-cap-V retuned,1.190944064406975,0.27272135416666665,0.16055989583333333,0.196171875,1.0197541666666665,0.25898437500000004,0.9741378264904602,1.2331222014904601,446.9480666416309
1.02,10071,residual-rt-s0,1.1520413855206548,0.2426432291666667,0.16055989583333333,0.196171875,1.0197541666666665,0.23678385416666667,0.9598503246364072,1.1966341788030739,440.6568279694665
1.02,10071,residual-rt-s1,1.1875420244842203,0.2678385416666667,0.16055989583333333,0.196171875,1.0197541666666665,0.25885416666666666,0.9742528297433615,1.233106996410028,446.73446499929855
1.02,10071,residual-rt-s2,1.15298871504345,0.2591145833333333,0.16055989583333333,0.196171875,1.0197541666666665,0.2501302083333333,0.9476765348813603,1.1978067432146937,435.1369598589551
1.02,10071,ppo-rt-s0,1.126417094815099,0.19778645833333333,0.16055989583333333,0.196171875,1.0197541666666665,0.18489583333333337,0.972883937969431,1.1577797713027644,446.27203114964556
1.02,10071,ppo-rt-s1,1.1355817159322141,0.20240885416666665,0.16055989583333333,0.196171875,1.0197541666666665,0.18984375000000003,0.9785942689845006,1.1684380189845007,448.9051176336542
1.02,10071,ppo-rt-s2,1.1321113245673038,0.20052083333333334,0.16055989583333333,0.196171875,1.0197541666666665,0.19042968750000006,0.9768834302810436,1.1673131177810436,448.050171866677
1.02,10072,max-exp-cap,1.110612779324119,0.1225260416666667,0.15196614583333332,0.1871354166666667,1.0197364583333333,0.108203125,1.0244252625395012,1.1326283875395011,461.40288239871427
1.02,10072,max-exp-cap-V retuned,1.1785992671581742,0.2640625,0.15196614583333332,0.1871354166666667,1.0197364583333333,0.25299479166666666,0.9673807119880675,1.2203755036547341,436.68038532229093
1.02,10072,residual-rt-s0,1.1758404782234089,0.24036458333333335,0.15196614583333332,0.1871354166666667,1.0197364583333333,0.23567708333333337,0.9842424813158862,1.2199195646492196,443.98130493138524
1.02,10072,residual-rt-s1,1.1874455104142159,0.2643229166666667,0.15196614583333332,0.1871354166666667,1.0197364583333333,0.2578125,0.97571094805903,1.23352344805903,440.16613495169213
1.02,10072,residual-rt-s2,1.166658562026329,0.25885416666666666,0.15196614583333332,0.1871354166666667,1.0197364583333333,0.25299479166666666,0.9597804463713304,1.212775238037997,433.09106899333796
1.02,10072,ppo-rt-s0,1.1584909975703002,0.20371093750000002,0.15196614583333332,0.1871354166666667,1.0197364583333333,0.19609375,0.9980638145597603,1.1941575645597604,449.8386495774724
1.02,10072,ppo-rt-s1,1.1597491267812208,0.2061197916666667,0.15196614583333332,0.1871354166666667,1.0197364583333333,0.1953125,0.9972563577956701,1.1925688577956701,449.554741575961
1.02,10072,ppo-rt-s2,1.1500910036155105,0.2051432291666667,0.15196614583333332,0.1871354166666667,1.0197364583333333,0.19895833333333332,0.9887106477023286,1.187668981035662,445.9369240696878
1.02,10073,max-exp-cap,1.1746239160449337,0.13261718749999998,0.1362890625,0.1715625,1.019723958333333,0.12578125,1.0817785064396237,1.2075597564396237,479.23694616743524
1.02,10073,max-exp-cap-V retuned,1.1712337283483996,0.26516927083333336,0.1362890625,0.1715625,1.019723958333333,0.25234375,0.9583458430164645,1.2106895930164645,427.86360795649074
1.02,10073,residual-rt-s0,1.2334225579254516,0.25677083333333334,0.1362890625,0.1715625,1.019723958333333,0.2511067708333333,1.0273356769516284,1.2784424477849616,456.82039501794515
1.02,10073,residual-rt-s1,1.218966248330036,0.2758463541666667,0.1362890625,0.1715625,1.019723958333333,0.2670572916666667,0.9961304062842142,1.263187697950881,443.56925638710703
1.02,10073,residual-rt-s2,1.189999641927511,0.2661458333333333,0.1362890625,0.1715625,1.019723958333333,0.25833333333333336,0.9763251171297906,1.234658450463124,434.9034852180992
1.02,10073,ppo-rt-s0,1.2245593848781593,0.216796875,0.1362890625,0.1715625,1.019723958333333,0.21367187499999998,1.0529504306542987,1.2666223056542987,467.1685372606472
1.02,10073,ppo-rt-s1,1.2122299379961599,0.2173828125,0.1362890625,0.1715625,1.019723958333333,0.2126953125,1.0408027213134474,1.2534980338134474,462.41197338276675
1.02,10073,ppo-rt-s2,1.2068162516070973,0.21588541666666666,0.1362890625,0.1715625,1.019723958333333,0.21204427083333338,1.0361637797681391,1.2482080506014726,460.3610805041314
1.02,10074,max-exp-cap,1.1380520921281165,0.12167968749999998,0.16138020833333333,0.19604166666666664,1.0197723958333331,0.11445312499999996,1.0586966437256917,1.1731497687256918,490.0948218618845
1.02,10074,max-exp-cap-V retuned,1.125959722353741,0.24290364583333332,0.16138020833333333,0.19604166666666664,1.0197723958333331,0.23255208333333333,0.9372459441882208,1.169798027521554,437.7174004444313
1.02,10074,residual-rt-s0,1.1312190230250956,0.21953124999999998,0.16138020833333333,0.19604166666666664,1.0197723958333331,0.2079427083333333,0.9609800517463258,1.1689227600796592,447.7131987216718
1.02,10074,residual-rt-s1,1.1206987307683416,0.2375,0.16138020833333333,0.19604166666666664,1.0197723958333331,0.22526041666666663,0.9359147988926211,1.1611752155592878,436.46988261952856
1.02,10074,residual-rt-s2,1.1252508624804567,0.24257812499999998,0.16138020833333333,0.19604166666666664,1.0197723958333331,0.23138020833333328,0.9364927761868784,1.1678729845202116,436.7949871028672
1.02,10074,ppo-rt-s0,1.1161521185387446,0.1788411458333333,0.16138020833333333,0.19604166666666664,1.0197723958333331,0.16634114583333331,0.9804127708696475,1.1467539167029808,455.93284189096335
1.02,10074,ppo-rt-s1,1.1220875226924285,0.18300781249999998,0.16138020833333333,0.19604166666666664,1.0197723958333331,0.169921875,0.9831634414242612,1.1530853164242612,457.36626732983495
1.02,10074,ppo-rt-s2,1.1250087413425034,0.18378906249999996,0.16138020833333333,0.19604166666666664,1.0197723958333331,0.17083333333333334,0.9852507567635651,1.1560840900968985,458.06101250197094
1.02,10075,max-exp-cap,1.0696489854144218,0.10520833333333329,0.17940104166666668,0.2139453125,1.0197994791666667,0.10071614583333333,1.000990341272961,1.1017064871062945,477.64318922571283
1.02,10075,max-exp-cap-V retuned,1.156332154976508,0.2443359375,0.17940104166666668,0.2139453125,1.0197994791666667,0.23274739583333334,0.9683657988706617,1.201113194703995,463.30069275035237
1.02,10075,residual-rt-s0,1.145903923086592,0.21145833333333333,0.17940104166666668,0.2139453125,1.0197994791666667,0.20078125000000002,0.9859048875047898,1.1866861375047897,470.40491304797615
1.02,10075,residual-rt-s1,1.202593750480846,0.2635416666666667,0.17940104166666668,0.2139453125,1.0197994791666667,0.25260416666666663,0.9956118637666607,1.2482160304333272,475.02373269369883
1.02,10075,residual-rt-s2,1.2082220838788111,0.266015625,0.17940104166666668,0.2139453125,1.0197994791666667,0.2544921875,0.9989879935641874,1.2534801810641873,476.4698525637872
1.02,10075,ppo-rt-s0,1.151313974278926,0.193359375,0.17940104166666668,0.2139453125,1.0197994791666667,0.18196614583333331,1.0044730465893246,1.1864391924226578,478.6448043298508
1.02,10075,ppo-rt-s1,1.1127595395338736,0.18515624999999997,0.17940104166666668,0.2139453125,1.0197994791666667,0.17415364583333337,0.9740568605539458,1.1482105063872792,465.69704591057837
1.02,10075,ppo-rt-s2,1.1320501636233,0.1901692708333333,0.17940104166666668,0.2139453125,1.0197994791666667,0.1798828125,0.988745324506467,1.168628137006467,471.8988612761527
1.02,10076,max-exp-cap,1.0805775090979122,0.11002604166666664,0.16532552083333335,0.20113281249999998,1.019770833333333,0.10286458333333331,1.0090422638714749,1.1119068472048081,469.3705352477024
1.02,10076,max-exp-cap-V retuned,1.1849999600194063,0.25957031249999996,0.16532552083333335,0.20113281249999998,1.019770833333333,0.25032552083333337,0.9834020083178941,1.2337275291512275,458.03400153259133
1.02,10076,residual-rt-s0,1.2007950193993226,0.2375,0.16532552083333335,0.20113281249999998,1.019770833333333,0.22734375,1.0177455712288683,1.2450893212288683,472.58696356045783
1.02,10076,residual-rt-s1,1.1676794481407926,0.24986979166666665,0.16532552083333335,0.20113281249999998,1.019770833333333,0.2400390625,0.9745905745106697,1.2146296370106697,453.5802161235611
1.02,10076,residual-rt-s2,1.2203364191196155,0.278515625,0.16532552083333335,0.20113281249999998,1.019770833333333,0.26848958333333334,1.000407340231048,1.2688969235643814,465.54507409190114
1.02,10076,ppo-rt-s0,1.1144777046079175,0.18483072916666665,0.16532552083333335,0.20113281249999998,1.019770833333333,0.17311197916666665,0.9760277476283689,1.1491397267950356,454.74634135452163
1.02,10076,ppo-rt-s1,1.131664060088487,0.1916015625,0.16532552083333335,0.20113281249999998,1.019770833333333,0.18118489583333333,0.9881114548822636,1.169296350715597,460.0739870068258
1.02,10076,ppo-rt-s2,1.1145604809440577,0.18710937499999997,0.16532552083333335,0.20113281249999998,1.019770833333333,0.17623697916666667,0.9746032617749211,1.1508402409415877,454.17496195348724
1.02,10077,max-exp-cap,1.1301731790480787,0.13502604166666665,0.1404296875,0.17680989583333334,1.0197218749999997,0.1213541666666667,1.032830136915686,1.1541843035823527,457.5030036983019
1.02,10077,max-exp-cap-V retuned,1.1952215041241006,0.28313802083333334,0.1404296875,0.17680989583333334,1.0197218749999997,0.2674479166666667,0.9668545325664153,1.2343024492330819,429.7613839564799
1.02,10077,residual-rt-s0,1.1092751694566798,0.22428385416666666,0.1404296875,0.17680989583333334,1.0197218749999997,0.22102864583333337,0.9333293136972542,1.1543579595305875,415.30079053338625
1.02,10077,residual-rt-s1,1.1486437508797496,0.26165364583333334,0.1404296875,0.17680989583333334,1.0197218749999997,0.2512369791666667,0.9393669291638147,1.1906039083304814,417.9058468509724
1.02,10077,residual-rt-s2,1.186262386696824,0.28170572916666664,0.1404296875,0.17680989583333334,1.0197218749999997,0.26569010416666666,0.958415480827071,1.2241055849937377,426.07141503596813
1.02,10077,ppo-rt-s0,1.13968906727518,0.20084635416666669,0.1404296875,0.17680989583333334,1.0197218749999997,0.20208333333333334,0.9831464963655365,1.18522982969887,436.47646530723523
1.02,10077,ppo-rt-s1,1.1688143432878706,0.21139322916666667,0.1404296875,0.17680989583333334,1.0197218749999997,0.21106770833333338,1.002929706470563,1.2139974148038963,444.8102742409371
1.02,10077,ppo-rt-s2,1.135304545101543,0.2041015625,0.1404296875,0.17680989583333334,1.0197218749999997,0.2043619791666667,0.9760168702033892,1.180378849370056,433.5604338245314
1.02,10078,max-exp-cap,1.045397592784374,0.11210937500000001,0.14929687500000002,0.18483072916666665,1.019734895833333,0.09934895833333329,0.9634442345918346,1.062793192925168,435.20048535378896
1.02,10078,max-exp-cap-V retuned,1.1856566343010666,0.27154947916666666,0.14929687500000002,0.18483072916666665,1.019734895833333,0.2627604166666666,0.9675749945063752,1.2303354111730418,436.5055060473482
1.02,10078,residual-rt-s0,1.2103482239834185,0.2587890625,0.14929687500000002,0.18483072916666665,1.019734895833333,0.2535156249999999,1.0019652528512166,1.2554808778512165,451.3131994217156
1.02,10078,residual-rt-s1,1.1471103086162733,0.25872395833333334,0.14929687500000002,0.18483072916666665,1.019734895833333,0.2531901041666667,0.9395247160602365,1.1927148202269031,424.5169877128767
1.02,10078,residual-rt-s2,1.1550075368212276,0.26484375,0.14929687500000002,0.18483072916666665,1.019734895833333,0.25774739583333334,0.9423240509249209,1.2000714467582543,425.6927202100062
1.02,10078,ppo-rt-s0,1.065370049181941,0.18697916666666667,0.14929687500000002,0.18483072916666665,1.019734895833333,0.18437499999999996,0.9191004709662043,1.1034754709662042,416.07947296343366
1.02,10078,ppo-rt-s1,1.1251063820622442,0.2005859375,0.14929687500000002,0.18483072916666665,1.019734895833333,0.19785156249999997,0.9670487668326028,1.1649003293326028,436.27269885246847
1.02,10078,ppo-rt-s2,1.0761737968201988,0.19140625,0.14929687500000002,0.18483072916666665,1.019734895833333,0.18958333333333327,0.9264870913863977,1.116070424719731,419.2445085523116
1.02,10079,max-exp-cap,1.118473051483788,0.12096354166666666,0.14884114583333335,0.18544270833333332,1.0197338541666665,0.11087239583333335,1.033990080212375,1.1448624760457082,464.60829001310327
1.02,10079,max-exp-cap-V retuned,1.1755402724621484,0.26197916666666665,0.14884114583333335,0.18544270833333332,1.0197338541666665,0.2567057291666667,0.9673515016016331,1.2240572307682998,436.1324016124112
1.02,10079,residual-rt-s0,1.1096821806646633,0.22740885416666667,0.14884114583333335,0.18544270833333332,1.0197338541666665,0.22669270833333333,0.9309641236421403,1.1576568319754736,420.1515621098587
1.02,10079,residual-rt-s1,1.1590834974919573,0.2547526041666667,0.14884114583333335,0.18544270833333332,1.0197338541666665,0.2520833333333334,0.9566348479601524,1.2087181812934857,431.4263266039624
1.02,10079,residual-rt-s2,1.143473246636733,0.2545572916666667,0.14884114583333335,0.18544270833333332,1.0197338541666665,0.2518229166666667,0.9412508776234676,1.1930737942901342,425.0055624397962
1.02,10079,ppo-rt-s0,1.1302074092620917,0.18886718749999998,0.14884114583333335,0.18544270833333332,1.0197338541666665,0.1850260416666667,0.9824874508064153,1.167513492473082,442.2638046173104
1.02,10079,ppo-rt-s1,1.1311680716949382,0.19205729166666666,0.14884114583333335,0.18544270833333332,1.0197338541666665,0.1889322916666667,0.9806079228101466,1.1695402144768132,441.63880387678904
1.02,10079,ppo-rt-s2,1.1296330105335648,0.19069010416666668,0.14884114583333335,0.18544270833333332,1.0197338541666665,0.1876953125,0.9803381948766461,1.1680335073766461,441.4446566310165
1.02,10080,max-exp-cap,1.1017655263669492,0.12825520833333334,0.15942708333333336,0.1947265625,1.0197385416666667,0.10944010416666666,1.0096121864925927,1.1190522906592593,456.43497356396017
1.02,10080,max-exp-cap-V retuned,1.1057731442020293,0.25039062500000003,0.15942708333333336,0.1947265625,1.0197385416666667,0.244140625,0.9067831271475688,1.1509237521475688,411.79138508370215
1.02,10080,residual-rt-s0,1.1260535404737024,0.22988281250000003,0.15942708333333336,0.1947265625,1.0197385416666667,0.22298177083333331,0.9428353013926957,1.165817072226029,427.529419007719
1.02,10080,residual-rt-s1,1.077388427379771,0.23958333333333334,0.15942708333333336,0.1947265625,1.0197385416666667,0.23261718749999993,0.8874109883668581,1.120028175866858,403.1960534813699
1.02,10080,residual-rt-s2,1.1067585705016318,0.25221354166666665,0.15942708333333336,0.1947265625,1.0197385416666667,0.247265625,0.9060430015651416,1.1533086265651415,411.24650557301777
1.02,10080,ppo-rt-s0,1.11738270238373,0.20110677083333334,0.15942708333333336,0.1947265625,1.0197385416666667,0.19023437499999998,0.9582943854559237,1.1485287604559238,434.0564191790322
1.02,10080,ppo-rt-s1,1.108751360333079,0.19830729166666666,0.15942708333333336,0.1947265625,1.0197385416666667,0.18821614583333335,0.9525902627118782,1.1408064085452114,431.6812669112859
1.02,10080,ppo-rt-s2,1.122517799397104,0.20253906249999998,0.15942708333333336,0.1947265625,1.0197385416666667,0.19329427083333334,0.9628302548773178,1.1561245257106512,436.0487220592826
1.02,10081,max-exp-cap,1.0729436485962023,0.10683593749999999,0.14680989583333334,0.18225260416666664,1.0197437499999997,0.09973958333333334,1.000313688451518,1.1000532717848515,450.43973502972943
1.02,10081,max-exp-cap-V retuned,1.2162927374215775,0.28001302083333335,0.14680989583333334,0.18225260416666664,1.0197437499999997,0.2670572916666667,0.9920615290038778,1.2591188206705444,446.73433623778493
1.02,10081,residual-rt-s0,1.1491073022079672,0.22317708333333336,0.14680989583333334,0.18225260416666664,1.0197437499999997,0.21816406249999995,0.9760125829011193,1.1941766454011191,440.00094317012395
1.02,10081,residual-rt-s1,1.1418450416229449,0.2505859375,0.14680989583333334,0.18225260416666664,1.0197437499999997,0.2438802083333333,0.943465230890812,1.1873454392241454,426.1880951487849
1.02,10081,residual-rt-s2,1.1296078435883925,0.25071614583333335,0.14680989583333334,0.18225260416666664,1.0197437499999997,0.2440755208333333,0.9311812818440106,1.175256802677344,420.8527888753406
1.02,10081,ppo-rt-s0,1.121848365005446,0.19420572916666667,0.14680989583333334,0.18225260416666664,1.0197437499999997,0.18658854166666666,0.9713627464239201,1.1579512880905867,437.99672806271866
1.02,10081,ppo-rt-s1,1.1431162766049312,0.203515625,0.14680989583333334,0.18225260416666664,1.0197437499999997,0.1955078125,0.9849074896114973,1.1804153021114974,443.9302036540313
1.02,10081,ppo-rt-s2,1.1377865347717695,0.20266927083333336,0.14680989583333334,0.18225260416666664,1.0197437499999997,0.19830729166666666,0.9806791681527718,1.1789864598194384,442.0616652975475
1.02,10082,max-exp-cap,1.0456630660010207,0.10794270833333332,0.15544270833333332,0.19091145833333334,1.0197442708333333,0.10273437499999996,0.9707917508633045,1.0735261258633044,440.2584204531607
1.02,10082,max-exp-cap-V retuned,1.1322189307377128,0.25104166666666666,0.15544270833333332,0.19091145833333334,1.0197442708333333,0.2455729166666666,0.9322402824810072,1.177813199147674,423.4848926276437
1.02,10082,residual-rt-s0,1.1067153877624263,0.22910156249999997,0.15544270833333332,0.19091145833333334,1.0197442708333333,0.22805989583333333,0.9249403892600958,1.1530002850934291,420.0774056473729
1.02,10082,residual-rt-s1,1.1557834398461375,0.2559895833333333,0.15544270833333332,0.19091145833333334,1.0197442708333333,0.25488281249999994,0.9510925180408748,1.2059753305408747,431.27444108449504
1.02,10082,residual-rt-s2,1.155466290045848,0.25944010416666663,0.15544270833333332,0.19091145833333334,1.0197442708333333,0.2572265625,0.9475852532740662,1.2048118157740662,429.9526098637553
1.02,10082,ppo-rt-s0,1.0928871362443542,0.19029947916666667,0.15544270833333332,0.19091145833333334,1.0197442708333333,0.1852864583333333,0.9425786751366307,1.127865133469964,427.9344536517126
1.02,10082,ppo-rt-s1,1.1042085655797091,0.1955078125,0.15544270833333332,0.19091145833333334,1.0197442708333333,0.18828124999999996,0.9496305933076502,1.1379118433076503,431.00113670797066
1.02,10082,ppo-rt-s2,1.0884251303117496,0.1932942708333333,0.15544270833333332,0.19091145833333334,1.0197442708333333,0.1890625,0.9359746336688912,1.1250371336688911,425.20049596785867
1.02,10083,max-exp-cap,1.13691919765717,0.13053385416666666,0.14740885416666666,0.18321614583333332,1.0197390624999998,0.11373697916666668,1.0449687328531767,1.1587057120198434,468.98410527021866
1.02,10083,max-exp-cap-V retuned,1.142604015177695,0.253515625,0.14740885416666666,0.18321614583333332,1.0197390624999998,0.24361979166666672,0.9413800075141369,1.1849997991808037,425.049810497335
1.02,10083,residual-rt-s0,1.1810336567546387,0.24498697916666665,0.14740885416666666,0.18321614583333332,1.0197390624999998,0.23763020833333334,0.9867561623946448,1.224386370727978,444.3326358911441
1.02,10083,residual-rt-s1,1.1404056561601363,0.248046875,0.14740885416666666,0.18321614583333332,1.0197390624999998,0.24075520833333336,0.9436085285320147,1.1843637368653481,425.6558895881537
1.02,10083,residual-rt-s2,1.1494734667511297,0.254296875,0.14740885416666666,0.18321614583333332,1.0197390624999998,0.2451171875,0.9471844542464535,1.1923016417464534,427.4034803551487
1.02,10083,ppo-rt-s0,1.15472488140212,0.1994140625,0.14740885416666666,0.18321614583333332,1.0197390624999998,0.19472656249999998,0.9999599693608494,1.1946865318608495,449.71257102926586
1.02,10083,ppo-rt-s1,1.1581144998796404,0.20286458333333335,0.14740885416666666,0.18321614583333332,1.0197390624999998,0.19602864583333335,1.0007849191023321,1.1968135649356655,450.235183984311
1.02,10083,ppo-rt-s2,1.1568884883454953,0.20182291666666666,0.14740885416666666,0.18321614583333332,1.0197390624999998,0.19635416666666666,1.0006116168866255,1.196965783553292,450.0408252816865
1.02,10084,max-exp-cap,1.1101102746822944,0.11608072916666666,0.15657552083333334,0.19139322916666665,1.0197526041666665,0.10475260416666668,1.0328127313758984,1.137565335542565,470.81231569691664
1.02,10084,max-exp-cap-V retuned,1.217653125657979,0.2738932291666667,0.15657552083333334,0.19139322916666665,1.0197526041666665,0.26230468749999997,1.0015265610720985,1.2638312485720984,457.29028710382715
1.02,10084,residual-rt-s0,1.1764665116443418,0.22721354166666669,0.15657552083333334,0.19139322916666665,1.0197526041666665,0.2208984375,1.0011380035766253,1.2220364410766253,456.7042760189585
1.02,10084,residual-rt-s1,1.22514976249933,0.275390625,0.15657552083333334,0.19139322916666665,1.0197526041666665,0.2667317708333333,1.0072260618146989,1.273957832648032,459.46362218200545
1.02,10084,residual-rt-s2,1.1875888599709121,0.26751302083333334,0.15657552083333334,0.19139322916666665,1.0197526041666665,0.26093750000000004,0.9760282837786096,1.2369657837786097,446.5637051485248
1.02,10084,ppo-rt-s0,1.147160180471744,0.19837239583333333,0.15657552083333334,0.19139322916666665,1.0197526041666665,0.18665364583333333,0.9949816408585087,1.181635286691842,454.2947142530508
1.02,10084,ppo-rt-s1,1.1487081630648064,0.19759114583333337,0.15657552083333334,0.19139322916666665,1.0197526041666665,0.18509114583333336,0.997353439019577,1.1824445848529104,455.3740459444396
1.02,10084,ppo-rt-s2,1.1420391146699949,0.19830729166666666,0.15657552083333334,0.19139322916666665,1.0197526041666665,0.18528645833333335,0.9902376003357284,1.1755240586690618,452.2799372294525
1.02,10085,max-exp-cap,1.08084877271664,0.1205078125,0.1499609375,0.18502604166666667,1.019731770833333,0.10559895833333335,0.9968783606899817,1.102477319023315,448.5323356279806
1.02,10085,max-exp-cap-V retuned,1.1634399959115547,0.2692057291666667,0.1499609375,0.18502604166666667,1.019731770833333,0.2556640625,0.9489742231521133,1.2046382856521134,428.067574210815
1.02,10085,residual-rt-s0,1.1739015705286615,0.23756510416666665,0.1499609375,0.18502604166666667,1.019731770833333,0.23313802083333335,0.9867076903149234,1.2198457111482568,444.0826876327505
1.02,10085,residual-rt-s1,1.1474562236964605,0.26165364583333334,0.1499609375,0.18502604166666667,1.019731770833333,0.2508463541666667,0.9392692167889503,1.190115570955617,423.83406771864463
1.02,10085,residual-rt-s2,1.1479476877090404,0.2661458333333333,0.1499609375,0.18502604166666667,1.019731770833333,0.2547526041666667,0.9353614260697336,1.1901140302364004,422.4555626231111
1.02,10085,ppo-rt-s0,1.1200247769139664,0.205078125,0.1499609375,0.18502604166666667,1.019731770833333,0.19713541666666667,0.9598777814764606,1.1570131981431273,432.8790746521769
1.02,10085,ppo-rt-s1,1.1672055866274047,0.22278645833333333,0.1499609375,0.18502604166666667,1.019731770833333,0.2170572916666667,0.9915307678560239,1.2085880595226905,446.18439628581467
1.02,10085,ppo-rt-s2,1.1249657974762737,0.21074218749999998,0.1499609375,0.18502604166666667,1.019731770833333,0.20520833333333335,0.9604386697582168,1.1656470030915502,433.2014665518892
1.02,10086,max-exp-cap,1.0757294654113065,0.11412760416666665,0.16958333333333334,0.2037890625,1.0197661458333331,0.09550781250000001,0.9980984523054335,1.0936062648054334,464.67094052427285
1.02,10086,max-exp-cap-V retuned,1.1194125963161843,0.24615885416666666,0.16958333333333334,0.2037890625,1.0197661458333331,0.229296875,0.9268635255581333,1.1561604005581334,433.1259874193181
1.02,10086,residual-rt-s0,1.098909945451477,0.21901041666666665,0.16958333333333334,0.2037890625,1.0197661458333331,0.19934895833333338,0.9280794766487985,1.127428434982132,433.57175771278105
1.02,10086,residual-rt-s1,1.1050391078733468,0.24283854166666666,0.16958333333333334,0.2037890625,1.0197661458333331,0.2266276041666667,0.914693552038987,1.1413211562056536,427.7105694866166
1.02,10086,residual-rt-s2,1.098668569507843,0.24055989583333331,0.16958333333333334,0.2037890625,1.0197661458333331,0.22220052083333336,0.9106582933653581,1.1328588141986915,425.3997298856544
1.02,10086,ppo-rt-s0,1.0945117214044202,0.18756510416666666,0.16958333333333334,0.2037890625,1.0197661458333331,0.165234375,0.9493389714819755,1.1145733464819756,442.9966825220729
1.02,10086,ppo-rt-s1,1.109572101114745,0.19127604166666665,0.16958333333333334,0.2037890625,1.0197661458333331,0.17115885416666665,0.9620729548619955,1.1332318090286622,448.4323595359511
1.02,10086,ppo-rt-s2,1.0937157627424596,0.19055989583333333,0.16958333333333334,0.2037890625,1.0197661458333331,0.16920572916666665,0.9466385828054447,1.1158443119721113,441.9361783940109
1.02,10087,max-exp-cap,1.1111180944860357,0.11940104166666665,0.15613281250000002,0.19190104166666666,1.019742708333333,0.10944010416666668,1.0249053750591848,1.1343454792258514,466.484177746919
1.02,10087,max-exp-cap-V retuned,1.1794491786038632,0.2596354166666667,0.15613281250000002,0.19190104166666666,1.019742708333333,0.25852864583333335,0.9741044997479901,1.2326331455813233,444.31333349718557
1.02,10087,residual-rt-s0,1.1730199595517934,0.23424479166666667,0.15613281250000002,0.19190104166666666,1.019742708333333,0.2343098958333333,0.988284804390903,1.2225947002242363,450.4201503749186
1.02,10087,residual-rt-s1,1.1668083804636264,0.2544921875,0.15613281250000002,0.19190104166666666,1.019742708333333,0.2535807291666667,0.9650187181725716,1.2185994473392383,440.0880197750572
1.02,10087,residual-rt-s2,1.166239707930567,0.25839843749999997,0.15613281250000002,0.19190104166666666,1.019742708333333,0.25709635416666665,0.9610445650619532,1.21814091922862,438.4595185189979
1.02,10087,ppo-rt-s0,1.1723716881305213,0.20332031250000002,0.15613281250000002,0.19190104166666666,1.019742708333333,0.19804687499999998,1.0131513821883265,1.2111982571883264,460.917082294609
1.02,10087,ppo-rt-s1,1.123816710712188,0.19348958333333333,0.15613281250000002,0.19190104166666666,1.019742708333333,0.18678385416666668,0.9737085619134835,1.1604924160801502,444.31379753186815
1.02,10087,ppo-rt-s2,1.1570754730864665,0.20091145833333335,0.15613281250000002,0.19190104166666666,1.019742708333333,0.19505208333333332,1.0007187184485868,1.1957708017819202,455.588068707779
1.02,10088,max-exp-cap,1.1100115924828233,0.1240234375,0.1548828125,0.19002604166666667,1.0197359374999997,0.10820312500000004,1.0243234185641397,1.1325265435641396,463.3613818208048
1.02,10088,max-exp-cap-V retuned,1.1874626025235089,0.27024739583333335,0.1548828125,0.19002604166666667,1.0197359374999997,0.26093750000000004,0.9728287056692679,1.233766205669268,441.3537889736109
1.02,10088,residual-rt-s0,1.1511342775204803,0.2201822916666667,0.1548828125,0.19002604166666667,1.0197359374999997,0.20774739583333332,0.9801262449999,1.1878736408332333,444.2015228185146
1.02,10088,residual-rt-s1,1.1956607939387298,0.27421875,0.1548828125,0.19002604166666667,1.0197359374999997,0.26679687500000004,0.97642214301065,1.2432190180106502,442.8728474629584
1.02,10088,residual-rt-s2,1.2171058953874603,0.28098958333333335,0.1548828125,0.19002604166666667,1.0197359374999997,0.27265625000000004,0.992231437320796,1.2648876873207962,449.38060828313155
1.02,10088,ppo-rt-s0,1.131842003313312,0.19863281250000003,0.1548828125,0.19002604166666667,1.0197359374999997,0.18802083333333336,0.9777452132060641,1.1657660465393975,443.3134349785996
1.02,10088,ppo-rt-s1,1.141216998335749,0.2045572916666667,0.1548828125,0.19002604166666667,1.0197359374999997,0.19524739583333336,0.9828454290269326,1.178092824860266,445.6742382408262
1.02,10088,ppo-rt-s2,1.1396314542161448,0.2041015625,0.1548828125,0.19002604166666667,1.0197359374999997,0.19492187500000008,0.9812126615235846,1.1761345365235847,444.8689495959578
1.02,10089,max-exp-cap,1.0791253390465874,0.11692708333333332,0.16148437499999999,0.19600260416666665,1.019758333333333,0.10214843749999998,0.9978497265145715,1.0999981640145715,459.0046182273944
1.02,10089,max-exp-cap-V retuned,1.1781371830698002,0.26510416666666664,0.16148437499999999,0.19600260416666665,1.019758333333333,0.2505208333333333,0.9684489444014279,1.2189697777347612,445.5739719931626
1.02,10089,residual-rt-s0,1.0802470591104283,0.20983072916666665,0.16148437499999999,0.19600260416666665,1.019758333333333,0.1939453125,0.9171636289356901,1.11110894143569,423.0892693816148
1.02,10089,residual-rt-s1,1.1691757073153368,0.26178385416666666,0.16148437499999999,0.19600260416666665,1.019758333333333,0.25358072916666663,0.961685982050839,1.2152667112175055,442.7470951477429
1.02,10089,residual-rt-s2,1.1121439157725508,0.24850260416666667,0.16148437499999999,0.19600260416666665,1.019758333333333,0.23769531250000003,0.9159424164092868,1.1536377289092867,422.758171170479
1.02,10089,ppo-rt-s0,1.1177941541664203,0.19277343749999995,0.16148437499999999,0.19600260416666665,1.019758333333333,0.17591145833333333,0.9674612612748114,1.1433727196081447,445.0961600962794
1.02,10089,ppo-rt-s1,1.0545175209077227,0.1768880208333333,0.16148437499999999,0.19600260416666665,1.019758333333333,0.1599609375,0.9178235962618801,1.07778453376188,424.17169492449125
1.02,10089,ppo-rt-s2,1.1013544577888235,0.18984374999999998,0.16148437499999999,0.19600260416666665,1.019758333333333,0.1736328125,0.9535968327907475,1.1272296452907475,439.1027973723506
1.02,10090,max-exp-cap,1.1310270970694472,0.12825520833333331,0.16417968750000003,0.19946614583333333,1.0197484374999999,0.11419270833333334,1.0415670131751573,1.1557597215084907,478.05811404133595
1.02,10090,max-exp-cap-V retuned,1.15303883432245,0.252734375,0.16417968750000003,0.19946614583333333,1.0197484374999999,0.2500651041666666,0.9548068529290037,1.2048719570956703,439.84083606921934
1.02,10090,residual-rt-s0,1.1523018972311017,0.2313802083333333,0.16417968750000003,0.19946614583333333,1.0197484374999999,0.22786458333333331,0.9701651623979508,1.198029745731284,446.60756160230846
1.02,10090,residual-rt-s1,1.1311936493028134,0.24238281249999996,0.16417968750000003,0.19946614583333333,1.0197484374999999,0.240234375,0.9411247459126589,1.181359120912659,433.57263177944776
1.02,10090,residual-rt-s2,1.149279643526051,0.25390625,0.16417968750000003,0.19946614583333333,1.0197484374999999,0.25221354166666665,0.9492020123272042,1.201415553993871,437.2799443861221
1.02,10090,ppo-rt-s0,1.1641155490862665,0.20520833333333333,0.16417968750000003,0.19946614583333333,1.0197484374999999,0.19576822916666667,1.004429240646342,1.2001974698130087,461.5605370464133
1.02,10090,ppo-rt-s1,1.1526586622796633,0.20299479166666665,0.16417968750000003,0.19946614583333333,1.0197484374999999,0.19166666666666665,0.995221097914007,1.1868877645806737,457.6075661187452
1.02,10090,ppo-rt-s2,1.1575211083784194,0.2056640625,0.16417968750000003,0.19946614583333333,1.0197484374999999,0.19694010416666669,0.9979040414595018,1.1948441456261685,458.7187788028823
1.02,10091,max-exp-cap,1.1158979832369205,0.13053385416666669,0.1440234375,0.17979166666666666,1.0197265624999996,0.11751302083333333,1.0212509841313353,1.1387640049646686,455.79787263482814
1.02,10091,max-exp-cap-V retuned,1.2413812975208272,0.2968098958333334,0.1440234375,0.17979166666666666,1.0197265624999996,0.2850911458333334,0.9988230203114912,1.2839141661448246,446.2183801467918
1.02,10091,residual-rt-s0,1.2462850258401281,0.28938802083333337,0.1440234375,0.17979166666666666,1.0197265624999996,0.2782552083333333,1.0087863446499312,1.2870415529832644,450.2662277053602
1.02,10091,residual-rt-s1,1.2297575681994417,0.29055989583333336,0.1440234375,0.17979166666666666,1.0197265624999996,0.28059895833333337,0.99207551344621,1.2726744717795433,443.14671367320926
1.02,10091,residual-rt-s2,1.1972454205193888,0.275390625,0.1440234375,0.17979166666666666,1.0197265624999996,0.2642578125,0.9731392566985928,1.2373970691985927,435.07999503524684
1.02,10091,ppo-rt-s0,1.1793068128113826,0.21126302083333334,0.1440234375,0.17979166666666666,1.0197265624999996,0.20898437499999997,1.0106507041117532,1.2196350791117532,450.98940529794584
1.02,10091,ppo-rt-s1,1.1413687182516128,0.20729166666666668,0.1440234375,0.17979166666666666,1.0197265624999996,0.20240885416666668,0.9768430873999641,1.1792519415666307,437.06047380512206
1.02,10091,ppo-rt-s2,1.1621139539566527,0.21315104166666668,0.1440234375,0.17979166666666666,1.0197265624999996,0.21119791666666665,0.9927465608105126,1.2039444774771793,443.5493582849728
1.02,10092,max-exp-cap,1.1048000979729915,0.1138671875,0.172109375,0.20707031250000002,1.0197729166666663,0.102734375,1.027823424906819,1.130557799906819,480.22109460405045
1.02,10092,max-exp-cap-V retuned,1.128914316526507,0.23828124999999997,0.172109375,0.20707031250000002,1.0197729166666663,0.2199869791666667,0.9444453465618908,1.1644323257285576,443.46407266387376
1.02,10092,residual-rt-s0,1.1491399943236975,0.2177083333333333,0.172109375,0.20707031250000002,1.0197729166666663,0.19811197916666667,0.9829929111455277,1.1811048903121943,460.2286028296185
1.02,10092,residual-rt-s1,1.1111967659232667,0.2304036458333333,0.172109375,0.20707031250000002,1.0197729166666663,0.21263020833333332,0.9324331961129102,1.1450634044462435,437.76860013748325
1.02,10092,residual-rt-s2,1.1681321434194953,0.25286458333333334,0.172109375,0.20707031250000002,1.0197729166666663,0.23554687500000004,0.969894581574069,1.2054414565740692,454.5878654928243
1.02,10092,ppo-rt-s0,1.1237658734516887,0.18300781249999998,0.172109375,0.20707031250000002,1.0197729166666663,0.1640625,0.9842572189067352,1.1483197189067353,460.83885322934213
1.02,10092,ppo-rt-s1,1.126839958889099,0.18658854166666666,0.172109375,0.20707031250000002,1.0197729166666663,0.16809895833333338,0.9852200255594566,1.15331898389279,461.47013882865554
1.02,10092,ppo-rt-s2,1.1083477566309239,0.17975260416666666,0.172109375,0.20707031250000002,1.0197729166666663,0.16243489583333334,0.9723616702308862,1.1347965660642194,455.75394755582
1.02,10093,max-exp-cap,1.065968332012979,0.10065104166666668,0.16516927083333335,0.19889322916666669,1.0197666666666665,0.09016927083333329,1.0009980704065324,1.0911673412398657,467.4256208085399
1.02,10093,max-exp-cap-V retuned,1.2144482297511583,0.2658203125,0.16516927083333335,0.19889322916666669,1.0197666666666665,0.2481119791666666,1.0067229647238747,1.2548349438905413,469.56976781317314
1.02,10093,residual-rt-s0,1.184421941233077,0.23040364583333334,0.16516927083333335,0.19889322916666669,1.0197666666666665,0.2100260416666666,1.0056017501879795,1.215627791854646,468.54630753974845
1.02,10093,residual-rt-s1,1.2211065122895923,0.26979166666666665,0.16516927083333335,0.19889322916666669,1.0197666666666665,0.25742187499999997,1.008741435287818,1.2661633102878178,470.34273040128403
1.02,10093,residual-rt-s2,1.204749756686945,0.26516927083333336,0.16516927083333335,0.19889322916666669,1.0197666666666665,0.25371093750000007,0.9964378425423625,1.2501487800423625,464.8833229029533
1.02,10093,ppo-rt-s0,1.1239235713413804,0.18769531250000002,0.16516927083333335,0.19889322916666669,1.0197666666666665,0.17128906249999998,0.9810634729164484,1.1523525354164483,458.27069396547535
1.02,10093,ppo-rt-s1,1.1291171272904754,0.192578125,0.16516927083333335,0.19889322916666669,1.0197666666666665,0.17597656249999996,0.9823237957742367,1.1583003582742366,459.23176257573857
1.02,10093,ppo-rt-s2,1.1383564828424582,0.19453125,0.16516927083333335,0.19889322916666669,1.0197666666666665,0.17916666666666659,0.9898418454635581,1.1690085121302247,462.2928230883738
1.02,10094,max-exp-cap,1.1215558125801954,0.124609375,0.13735677083333334,0.17375,1.019723958333333,0.11419270833333334,1.0333316766591514,1.1475243849924848,456.91859482844563
1.02,10094,max-exp-cap-V retuned,1.1263517986011429,0.25605468750000004,0.13735677083333334,0.17375,1.019723958333333,0.24550781250000003,0.9213013366913936,1.1668091491913937,409.7705502705064
1.02,10094,residual-rt-s0,1.1223234143005203,0.22864583333333335,0.13735677083333334,0.17375,1.019723958333333,0.22591145833333337,0.9409882966268049,1.1668997549601383,417.67841370353176
1.02,10094,residual-rt-s1,1.1604377743764696,0.25820312500000003,0.13735677083333334,0.17375,1.019723958333333,0.2536458333333334,0.9532431777026366,1.20688901103597,422.9504102676377
1.02,10094,residual-rt-s2,1.1582229794907104,0.266796875,0.13735677083333334,0.17375,1.019723958333333,0.2587239583333334,0.9431401632353931,1.2018641215687265,418.9569207330546
1.02,10094,ppo-rt-s0,1.1391722584185955,0.2031901041666667,0.13735677083333334,0.17375,1.019723958333333,0.20045572916666665,0.9783216772918997,1.1787774064585663,433.82292924673663
1.02,10094,ppo-rt-s1,1.1495773083177485,0.205078125,0.13735677083333334,0.17375,1.019723958333333,0.20227864583333338,0.9880344088092434,1.1903130546425769,437.97093250393704
1.02,10094,ppo-rt-s2,1.1475317485111052,0.20592447916666667,0.13735677083333334,0.17375,1.019723958333333,0.20351562499999998,0.9848854919668136,1.1884011169668136,436.6551791736902
1.02,10095,max-exp-cap,1.0967900707870808,0.13151041666666666,0.13502604166666665,0.17171875,1.0197223958333332,0.12272135416666664,1.0017854079297346,1.1245067620964013,442.45766076871644
1.02,10095,max-exp-cap-V retuned,1.1909701080124293,0.2841796875,0.13502604166666665,0.17171875,1.0197223958333332,0.2751302083333333,0.9597758447667053,1.2349060531000386,424.8914017356333
1.02,10095,residual-rt-s0,1.1296822729948952,0.22415364583333333,0.13502604166666665,0.17171875,1.0197223958333332,0.22591145833333331,0.9519963249329986,1.1779077832663318,421.22479592793707
1.02,10095,residual-rt-s1,1.1926551572433928,0.2856770833333333,0.13502604166666665,0.17171875,1.0197223958333332,0.27695312499999997,0.9591491752910074,1.2361023002910074,424.3596145150528
1.02,10095,residual-rt-s2,1.2123194762590954,0.2994140625,0.13502604166666665,0.17171875,1.0197223958333332,0.28984374999999996,0.9656590072440555,1.2555027572440554,427.46215637216096
1.02,10095,ppo-rt-s0,1.110216280384422,0.2026692708333333,0.13502604166666665,0.17171875,1.0197223958333332,0.205078125,0.9491138055292883,1.1541919305292883,420.35449352490036
1.02,10095,ppo-rt-s1,1.1437331242509874,0.21009114583333333,0.13502604166666665,0.17171875,1.0197223958333332,0.2123046875,0.9770787622728679,1.189383449772868,431.9395186512983
1.02,10095,ppo-rt-s2,1.1175254998084716,0.20768229166666666,0.13502604166666665,0.17171875,1.0197223958333332,0.20924479166666665,0.952439310438568,1.1616841021052347,421.76048954584826
1.02,10096,max-exp-cap,1.1045486760177865,0.1296875,0.13372395833333334,0.1705078125,1.0197166666666664,0.11731770833333334,1.0087487051359707,1.1260664134693041,441.94884586128245
1.02,10096,max-exp-cap-V retuned,1.2073809025508173,0.293359375,0.13372395833333334,0.1705078125,1.0197166666666664,0.276171875,0.9669829210063227,1.2431547960063227,424.2053061496942
1.02,10096,residual-rt-s0,1.2239146106086094,0.29140625,0.13372395833333334,0.1705078125,1.0197166666666664,0.2789713541666667,0.9850387527815421,1.2640101069482088,431.57474774135045
1.02,10096,residual-rt-s1,1.2082081359122778,0.2888671875,0.13372395833333334,0.1705078125,1.0197166666666664,0.27480468750000003,0.9716030109350682,1.2464076984350683,425.910541720735
1.02,10096,residual-rt-s2,1.214971462127995,0.2966796875,0.13372395833333334,0.1705078125,1.0197166666666664,0.28046875,0.9705919888774219,1.251060738877422,425.8327009572459
1.02,10096,ppo-rt-s0,1.17300286161273,0.22395833333333334,0.13372395833333334,0.1705078125,1.0197166666666664,0.21796875000000004,0.992150117639732,1.210118867639732,434.83776712510553
1.02,10096,ppo-rt-s1,1.2074302538206216,0.23470052083333334,0.13372395833333334,0.1705078125,1.0197166666666664,0.2287109375,1.0176640287934149,1.246374966293415,445.4456734136536
1.02,10096,ppo-rt-s2,1.165560988794832,0.22311197916666667,0.13372395833333334,0.1705078125,1.0197166666666664,0.2165364583333333,0.9859638355747453,1.2025002939080787,432.29275391032564
1.02,10097,max-exp-cap,1.1025755827830868,0.11790364583333332,0.17472656250000002,0.20960937499999996,1.0197864583333331,0.10839843749999999,1.0267353351477917,1.1351337726477917,483.7213384789156
1.02,10097,max-exp-cap-V retuned,1.1256479210966284,0.23938802083333333,0.17472656250000002,0.20960937499999996,1.0197864583333331,0.2296875,0.9418670756268902,1.1715545756268901,446.5365543121321
1.02,10097,residual-rt-s0,1.1376516825854783,0.21471354166666665,0.17472656250000002,0.20960937499999996,1.0197864583333331,0.20136718749999996,0.9738963772877043,1.1752635647877043,460.16732336989253
1.02,10097,residual-rt-s1,1.147329257590892,0.24544270833333331,0.17472656250000002,0.20960937499999996,1.0197864583333331,0.23593749999999997,0.9574228245398915,1.1933603245398914,453.1279721356493
1.02,10097,residual-rt-s2,1.1163642968022283,0.23815104166666665,0.17472656250000002,0.20960937499999996,1.0197864583333331,0.22558593749999997,0.9330001209838986,1.1585860584838985,442.591306395778
1.02,10097,ppo-rt-s0,1.1469147262669979,0.19153645833333333,0.17472656250000002,0.20960937499999996,1.0197864583333331,0.17968749999999994,1.0031671682573258,1.1828546682573258,473.07559498016656
1.02,10097,ppo-rt-s1,1.0949752569235431,0.17916666666666664,0.17472656250000002,0.20960937499999996,1.0197864583333331,0.16842447916666664,0.9611563381997867,1.1295808173664534,455.05849742157255
1.02,10097,ppo-rt-s2,1.1295702046658074,0.18912760416666666,0.17472656250000002,0.20960937499999996,1.0197864583333331,0.17727864583333333,0.9882534180393533,1.1655320638726867,466.67849600219506
1.02,10098,max-exp-cap,1.1236968838350099,0.13359375,0.12986979166666665,0.16580729166666666,1.0197109374999997,0.12486979166666669,1.0241219107220987,1.1489917023887655,446.93984883236396
1.02,10098,max-exp-cap-V retuned,1.146906326505676,0.27252604166666666,0.12986979166666665,0.16580729166666666,1.0197109374999997,0.25924479166666664,0.9243308232556595,1.1835756149223262,405.4603297139881
1.02,10098,residual-rt-s0,1.2144824754387813,0.2669921875,0.12986979166666665,0.16580729166666666,1.0197109374999997,0.2590494791666667,0.9956979248105693,1.254747403977236,435.13049082102765
1.02,10098,residual-rt-s1,1.2190320618441481,0.2888671875,0.12986979166666665,0.16580729166666666,1.0197109374999997,0.27773437500000003,0.9812820791064435,1.2590164541064435,429.1181348161239
1.02,10098,residual-rt-s2,1.2124746951515084,0.2950520833333333,0.12986979166666665,0.16580729166666666,1.0197109374999997,0.28079427083333336,0.9691164263552591,1.2499106971885925,424.0758983135146
1.02,10098,ppo-rt-s0,1.1801243013469125,0.22643229166666667,0.12986979166666665,0.16580729166666666,1.0197109374999997,0.21992187500000004,0.9963395454503055,1.2162614204503055,435.3747514916158
1.02,10098,ppo-rt-s1,1.1806192130953428,0.2263671875,0.12986979166666665,0.16580729166666666,1.0197109374999997,0.22122395833333333,0.9972916585609195,1.2185156168942528,435.66640824563723
1.02,10098,ppo-rt-s2,1.1573314705676954,0.2208984375,0.12986979166666665,0.16580729166666666,1.0197109374999997,0.21432291666666664,0.9785548838971159,1.1928778005637826,428.0838103438548
1.02,10099,max-exp-cap,1.1154059833187833,0.12897135416666664,0.158359375,0.1933854166666667,1.0197432291666664,0.11080729166666665,1.0258819665470722,1.136689258213739,467.25135952573567
1.02,10099,max-exp-cap-V retuned,1.1661322700823986,0.2608072916666666,0.158359375,0.1933854166666667,1.0197432291666664,0.2598958333333334,0.9614558526718566,1.22135168600519,438.7902505502005
1.02,10099,residual-rt-s0,1.2121147017490703,0.2446614583333333,0.158359375,0.1933854166666667,1.0197432291666664,0.24270833333333333,1.0199751139262514,1.2626834472595847,464.11183495515274
1.02,10099,residual-rt-s1,1.2023789496104431,0.269921875,0.158359375,0.1933854166666667,1.0197432291666664,0.26829427083333335,0.9890050023512001,1.2572992731845334,450.5236590378226
1.02,10099,residual-rt-s2,1.1552890355690277,0.25690104166666666,0.158359375,0.1933854166666667,1.0197432291666664,0.25540364583333336,0.9533490318988944,1.2087526777322277,434.80943847271664
1.02,10099,ppo-rt-s0,1.154088362882137,0.20442708333333331,0.158359375,0.1933854166666667,1.0197432291666664,0.19401041666666669,0.9949402494280493,1.188950666094716,453.2078173220561
1.02,10099,ppo-rt-s1,1.1439037746992646,0.20546874999999995,0.158359375,0.1933854166666667,1.0197432291666664,0.19290364583333336,0.9842656219365306,1.177169267769864,448.87800850234464
1.02,10099,ppo-rt-s2,1.1598921854506987,0.21028645833333331,0.158359375,0.1933854166666667,1.0197432291666664,0.20345052083333331,0.9965238469122845,1.1999743677456178,454.03058886514395
