policy,scenario_seed,return_sum,return_disc,dpeak_frac_mean,dpeak_frac_final,dpeak_mw_final,overload_delta_sum,volt_delta_sum,overload_frac_sum,rpf_max_mw,offered_total_mw,installed_total_mw,budget_efficiency,axis,value
accept-greedy,40000,0.998270297600826,0.8985839666834211,0.09982702976008259,0.1228704576061983,0.563374081720719,0.0,0.0,0.0,0.0,2.49999999975,1.4163130611562764,0.3977751086054244,nominal,-1.0
accept-greedy,40001,0.9493141617308435,0.854681158013049,0.09481422867308435,0.11458528009858966,0.5410110409798099,0.0,-0.00234375,0.0,0.0,2.49999999975,1.3516843042712274,0.40024955477418284,nominal,-1.0
accept-greedy,40002,0.9844545990232452,0.8835667338480157,0.09825665781899119,0.13387080653219205,0.6376921732227911,0.0,-0.0037760416666666667,0.0,0.0,2.49999999975,1.4217247196512095,0.44853420947708894,nominal,-1.0
accept-greedy,40003,1.0132728126039379,0.9113831817690801,0.10014238542706047,0.11836498841163617,0.5806734581868004,0.0,-0.023697916666666666,0.0,0.0,2.49999999975,1.4653876602933051,0.3962592793162838,nominal,-1.0
accept-greedy,40004,0.987110792758335,0.8883318805276996,0.09865248552583351,0.12481642984949813,0.5800625504276391,0.0,-0.0011718750000000002,0.0,0.0,2.49999999975,1.435988062235448,0.40394663833391303,nominal,-1.0
accept-greedy,40005,0.9524766507201763,0.8551095078825951,0.09524766507201762,0.13183395125589298,0.5873701724897842,0.0,0.0,0.0,0.0,2.49999999975,1.4682243011124323,0.4000547954728377,nominal,-1.0
accept-greedy,40006,0.9780342131938664,0.8768376871828569,0.0977318067360533,0.1290118702273262,0.6084840677413113,0.0,-0.0014322916666666666,0.0,0.0,2.49999999975,1.3514859762304288,0.45023335679627097,nominal,-1.0
accept-greedy,40007,0.9817993682703913,0.8814561686985759,0.09694946807703911,0.11811285276639281,0.5812831309412022,0.0,-0.024609375,0.0,0.0,2.49999999975,1.4467830035019889,0.4017763061455561,nominal,-1.0
accept-greedy,40008,0.9504034354692212,0.8540567949321856,0.09503383313025546,0.11523007454454515,0.5285861085332317,0.0,-0.00013020833333333333,0.0,0.0,2.49999999975,1.3982956189290023,0.37802171542101526,nominal,-1.0
accept-greedy,40009,0.9278299344390932,0.8321176802377666,0.09262023302724265,0.11682870498061497,0.5525763666450056,0.0,-0.0032552083333333335,0.0,0.0,2.49999999975,1.3982029168557513,0.39520470168065985,nominal,-1.0
accept-greedy,40010,0.9603539337556204,0.8650568075127083,0.09603539337556204,0.1072758955215788,0.4802476672081975,0.0,0.0,0.0,0.0,2.49999999975,1.4119076278220068,0.3401409962980526,nominal,-1.0
accept-greedy,40011,0.9412243219629046,0.8423112855030465,0.09412243219629046,0.12622558259929922,0.5702505204497843,0.0,0.0,0.0,0.0,2.49999999975,1.367058816223544,0.41713678569081836,nominal,-1.0
accept-greedy,40012,0.9783646604787162,0.8792774647957892,0.09783646604787162,0.12607656743632442,0.5757516260599314,0.0,0.0,0.0,0.0,2.4999999997500004,1.4095595273206023,0.4084620868437985,nominal,-1.0
accept-greedy,40013,0.9406955450304822,0.8453331824074686,0.09405653366971489,0.11813379507936744,0.5480944987948138,0.0,-0.00026041666666666666,0.0,0.0,2.49999999975,1.3996494952920104,0.3915941102672024,nominal,-1.0
accept-greedy,40014,0.9283317848122412,0.8324675144073919,0.09189567848122412,0.1088346732353455,0.5351395411065214,0.0,-0.018749999999999996,0.0,0.0,2.49999999975,1.3909908116102252,0.3847182430249402,nominal,-1.0
accept-greedy,40015,0.994476068150025,0.8927245104946144,0.09888120056500252,0.12718666579389648,0.6112403677978655,0.0,-0.011328125,0.0,0.0,2.49999999975,1.450265611331264,0.42146787665797336,nominal,-1.0
accept-greedy,40016,0.9162882541229931,0.8211795584037095,0.09162231499563264,0.12082012482155455,0.5571341934315633,0.0,-0.00013020833333333333,0.0,0.0,2.4999999997500004,1.3848396256865283,0.40230954046781153,nominal,-1.0
accept-greedy,40017,0.9448367543451341,0.8476506495518772,0.09363732126784674,0.12343515824349736,0.6073250482978884,0.0,-0.016927083333333332,0.0,0.0,2.49999999975,1.3635711012236476,0.4453930181952993,nominal,-1.0
accept-greedy,40018,0.9874053507414478,0.8884197218086294,0.09858428507414477,0.12476003657256642,0.5901353157803578,0.0,-0.003125,0.0,0.0,2.49999999975,1.450169555505341,0.40694228722427783,nominal,-1.0
accept-greedy,40019,0.9494298696291441,0.8509486794252945,0.09485835154624775,0.12497694581240168,0.5865646081968471,0.0,-0.0016927083333333332,0.0,0.0,2.49999999975,1.3493283963907103,0.43470856299017807,nominal,-1.0
accept-greedy,40020,0.901963103484493,0.8070371453599079,0.08995542493178263,0.12729502834887257,0.6085936042414815,0.0,-0.0048177083333333336,0.0,0.0,2.49999999975,1.348463635438357,0.4513237051762546,nominal,-1.0
accept-greedy,40021,1.0077788414948512,0.906268492116264,0.10030913414948513,0.12679454758462216,0.6107095281647725,0.0,-0.009375,0.0,0.0,2.49999999975,1.4890075672483376,0.4101453488872149,nominal,-1.0
accept-greedy,40022,0.9784550020894107,0.8799865137615004,0.09778690645894109,0.1172089636385904,0.544532467744938,0.0,-0.001171875,0.0,0.0,2.49999999975,1.4515940871853066,0.37512722912836205,nominal,-1.0
accept-greedy,40023,0.9715730296589388,0.8725903841760739,0.09715730296589388,0.12798716813523736,0.5770854526706316,0.0,0.0,0.0,0.0,2.49999999975,1.3734462091584807,0.42017331936444424,nominal,-1.0
accept-greedy,40024,0.9666148793394256,0.8695782055204739,0.0964596650172759,0.12051494828447595,0.5708228444217402,0.0,-0.004036458333333334,0.0,0.0,2.49999999975,1.4789747160622086,0.3859584874727029,nominal,-1.0
accept-greedy,40025,0.9380854205440277,0.8442530474741984,0.09380854205440277,0.12233067527259506,0.5489055770897813,0.0,0.0,0.0,0.0,2.49999999975,1.3954074054151124,0.39336581915766045,nominal,-1.0
accept-greedy,40026,0.9547299848193075,0.8557573674558869,0.09547299848193075,0.1237484810089234,0.5637863974079637,0.0,0.0,0.0,0.0,2.49999999975,1.4230536527971798,0.39618070358751056,nominal,-1.0
accept-greedy,40027,0.9715473467640088,0.871655433956161,0.09708963050973421,0.1340580286363646,0.6309738258744915,0.0,-0.0013020833333333333,0.0,0.0,2.49999999975,1.3814816876954816,0.456737017576433,nominal,-1.0
accept-greedy,40028,0.92514221639109,0.8252247300443187,0.09112099247244233,0.12468077277958386,0.6120175287476822,0.0,-0.02786458333333333,0.0,0.0,2.49999999975,1.3644143442064496,0.44855694411775976,nominal,-1.0
accept-greedy,40029,1.0022279367039266,0.9014917516781409,0.10022279367039266,0.1284176901029437,0.5705130711404987,0.0,0.0,0.0,0.0,2.49999999975,1.4330518993212158,0.39811054394521916,nominal,-1.0
accept-greedy,40030,0.9768058527108997,0.8772475304202241,0.09738761652108997,0.13275463484530123,0.6316708477840375,0.0,-0.005859375,0.0,0.0,2.49999999975,1.485570605047746,0.42520419133073495,nominal,-1.0
accept-greedy,40031,0.9580783093766536,0.8602905242641496,0.09579481010433202,0.12326117652689887,0.5698089385487187,0.0,-0.00026041666666666666,0.0,0.0,2.49999999975,1.4148316644404284,0.4027397413204492,nominal,-1.0
accept-greedy,40032,0.966394192633159,0.8685292710164835,0.09514202342998257,0.11916139806262831,0.5878080244157936,-0.00013020833333333333,-0.02981770833333333,0.0,0.0,2.49999999975,1.4427017203322037,0.40743558847385447,nominal,-1.0
accept-greedy,40033,0.9560710067552655,0.8590614914603251,0.09560710067552655,0.1126870143467079,0.5150848129134683,0.0,0.0,0.0,0.0,2.49999999975,1.4090045695923354,0.36556646020140077,nominal,-1.0
accept-greedy,40034,0.9973363040277887,0.8961519633723833,0.09905003665277887,0.12195509351758353,0.5910492395835582,0.0,-0.013671875,0.0,0.0,2.4999999997499995,1.4337176922020736,0.41224938688993557,nominal,-1.0
accept-greedy,40035,0.9934464886775246,0.8934814089493995,0.09862850303441913,0.12786821690811653,0.6258169069720316,0.0,-0.014322916666666666,0.0,0.0,2.49999999975,1.4484201910879204,0.4320686157391767,nominal,-1.0
accept-greedy,40036,0.9143788663676499,0.8206240403605182,0.09136627205343165,0.12080376611765163,0.5674159766885396,0.0,-0.0014322916666666666,0.0,0.0,2.4999999997500004,1.3485193680741245,0.42076961601144036,nominal,-1.0
accept-greedy,40037,0.94440775581339,0.8451376398786934,0.094440775581339,0.13153900958604794,0.591162871117559,0.0,0.0,0.0,0.0,2.49999999975,1.3712868165600476,0.4311008200316002,nominal,-1.0
accept-greedy,40038,0.9734658980598532,0.872991188030351,0.09728799605598532,0.13402864306311058,0.6283510978235317,0.0,-0.001171875,0.0,0.0,2.49999999975,1.4789796685163583,0.4248544528363013,nominal,-1.0
accept-greedy,40039,0.9624975527072639,0.8636834327007139,0.09611954693739304,0.1259850906258227,0.5958860351956246,0.0,-0.0026041666666666665,0.0,0.0,2.49999999975,1.3427629038282751,0.44377606314318613,nominal,-1.0
accept-greedy,40040,0.9871324419058747,0.8887310439761513,0.09871324419058747,0.11080846310763386,0.5120073851040452,0.0,0.0,0.0,0.0,2.49999999975,1.4471167931878646,0.35381206790928066,nominal,-1.0
accept-greedy,40041,0.9741760087147214,0.8761314238085233,0.0965061425381388,0.12189833974924527,0.5982763496758071,0.0,-0.018229166666666668,0.0,0.0,2.49999999975,1.4449158198481762,0.4140561972244658,nominal,-1.0
accept-greedy,40042,0.9108273504362739,0.8152315188900782,0.09105018296029406,0.12012997817674533,0.5586369032088596,0.0,-0.0006510416666666666,0.0,0.0,2.49999999975,1.3592306784038257,0.4109949194678854,nominal,-1.0
accept-greedy,40043,1.0088317410871708,0.9076848428830132,0.10088317410871708,0.12236848280198552,0.537219958978138,0.0,0.0,0.0,0.0,2.49999999975,1.484115793899211,0.36197981396498874,nominal,-1.0
accept-greedy,40044,1.011971253786591,0.9096757249294554,0.1011971253786591,0.13115896844083688,0.6044375690364477,0.0,0.0,0.0,0.0,2.49999999975,1.504628350568587,0.4017188489157709,nominal,-1.0
accept-greedy,40045,0.9670421011690675,0.8709123562765,0.09669118928357343,0.10300550792022614,0.4750692129598974,0.0,-0.00026041666666666666,0.0,0.0,2.4999999997499995,1.4445411946313038,0.3288720423657778,nominal,-1.0
accept-greedy,40046,0.9970885664585567,0.8968884127656954,0.09965677331252235,0.12403587720449859,0.5799354563179845,0.0,-0.0010416666666666667,0.0,0.0,2.49999999975,1.418688598982003,0.408782770746254,nominal,-1.0
accept-greedy,40047,0.9484235706092878,0.8511504577203602,0.09479027372759545,0.12349974706893907,0.5801164309419928,0.0,-0.0010416666666666667,0.0,0.0,2.49999999975,1.4393578566711183,0.4030383606503944,nominal,-1.0
accept-greedy,40048,0.9839581821333983,0.8837272957154425,0.09810935988000649,0.12341744569653175,0.589805679091066,0.0,-0.005729166666666666,0.0,0.0,2.49999999975,1.381130314877287,0.42704563989204014,nominal,-1.0
accept-greedy,40049,0.9937434546538781,0.894575692269703,0.09937434546538781,0.12418642537876746,0.555028757825311,0.0,0.0,0.0,0.0,2.49999999975,1.445875722030783,0.3838703073634529,nominal,-1.0
max-exp-cap,40000,0.9906024287178414,0.8913818156306625,0.09906024287178414,0.1228704576061983,0.563374081720719,0.0,0.0,0.0,0.0,2.4999999997499995,1.5079171440055583,0.37361076764748447,nominal,-1.0
max-exp-cap,40001,0.9560884598640157,0.8608985484383217,0.09549165848640158,0.11458528009858966,0.5410110409798099,0.0,-0.00234375,0.0,0.0,2.49999999975,1.446748750880092,0.373949547667278,nominal,-1.0
max-exp-cap,40002,1.0155330217269813,0.9131305252020009,0.10136450008936479,0.13387080653219205,0.6376921732227911,0.0,-0.0037760416666666667,0.0,0.0,2.49999999975,1.476916857066954,0.43177256063635155,nominal,-1.0
max-exp-cap,40003,1.0002436066137708,0.8986837863397231,0.09883946482804373,0.11836498841163617,0.5806734581868004,0.0,-0.023697916666666666,0.0,0.0,2.4999999997500004,1.4914991741823787,0.38932201119395077,nominal,-1.0
max-exp-cap,40004,0.9865031368248319,0.8876026143050267,0.0985917199324832,0.12481642984949813,0.5800625504276391,0.0,-0.0011718750000000002,0.0,0.0,2.4999999997500004,1.4763441065759881,0.3929047082207342,nominal,-1.0
max-exp-cap,40005,0.9845772738369831,0.8853469073929251,0.09845772738369832,0.13183395125589298,0.5873701724897842,0.0,0.0,0.0,0.0,2.49999999975,1.5498936378002088,0.3789745039043124,nominal,-1.0
max-exp-cap,40006,1.015755693907592,0.912482274939057,0.10150395480742587,0.1290118702273262,0.6084840677413113,0.0,-0.0014322916666666666,0.0,0.0,2.49999999975,1.4635580464059692,0.4157567028076226,nominal,-1.0
max-exp-cap,40007,1.004604920320316,0.9028749068535044,0.09922351286536493,0.1184579549063679,0.5829815240264661,0.0,-0.024739583333333332,0.0,0.0,2.4999999997500004,1.508448571916237,0.3864775603757465,nominal,-1.0
max-exp-cap,40008,0.9928085709263966,0.8940452859042167,0.099274346675973,0.11537315636710063,0.5292424568354036,0.0,-0.00013020833333333333,0.0,0.0,2.49999999975,1.5335415085173105,0.3451112695000323,nominal,-1.0
max-exp-cap,40009,0.9890258842338504,0.8904076714892726,0.09873982800671836,0.11708128097644571,0.5537710004989121,0.0,-0.0032552083333333335,0.0,0.0,2.49999999975,1.5149804196814571,0.36553013709269533,nominal,-1.0
max-exp-cap,40010,0.9838556613079169,0.887026174699207,0.09838556613079169,0.1072758955215788,0.4802476672081975,0.0,0.0,0.0,0.0,2.49999999975,1.4712726411890713,0.3264165007649874,nominal,-1.0
max-exp-cap,40011,0.9666612602086588,0.8665370751228642,0.09666612602086588,0.12622558259929922,0.5702505204497843,0.0,0.0,0.0,0.0,2.49999999975,1.444955828378089,0.3946491022427101,nominal,-1.0
max-exp-cap,40012,0.9857423549194464,0.8857067637916062,0.09857423549194463,0.12607656743632442,0.5757516260599314,0.0,0.0,0.0,0.0,2.49999999975,1.4895593641345997,0.38652479378989374,nominal,-1.0
max-exp-cap,40013,0.9519768999860053,0.8558621318795174,0.0951846691652672,0.11826184462358881,0.5486885984824921,0.0,-0.00026041666666666666,0.0,0.0,2.49999999975,1.4687228225422402,0.3735821286774564,nominal,-1.0
max-exp-cap,40014,0.9621897619853594,0.8646587498907028,0.0952684553652026,0.109753410805443,0.5396569691195237,0.0,-0.01901041666666667,0.0,0.0,2.49999999975,1.522875609366451,0.35436707095468717,nominal,-1.0
max-exp-cap,40015,0.9999617715849715,0.8977386342409598,0.09942977090849717,0.12718666579389648,0.6112403677978655,0.0,-0.011328125,0.0,0.0,2.4999999997499995,1.4907688534557015,0.4100168623599625,nominal,-1.0
max-exp-cap,40016,0.9743790849506899,0.876437354302001,0.09743139807840233,0.12082012482155455,0.5571341934315633,0.0,-0.00013020833333333333,0.0,0.0,2.49999999975,1.4535402964328608,0.38329463228424326,nominal,-1.0
max-exp-cap,40017,0.980828743057556,0.8820309559421774,0.09723652013908894,0.12343515824349736,0.6073250482978884,0.0,-0.016927083333333332,0.0,0.0,2.49999999975,1.4818612037762473,0.40983936062988463,nominal,-1.0
max-exp-cap,40018,0.9917677154360719,0.892205791325251,0.09902052154360719,0.12476003657256642,0.5901353157803578,0.0,-0.003125,0.0,0.0,2.4999999997500004,1.5005164622060083,0.39328813154956055,nominal,-1.0
max-exp-cap,40019,0.992558425765329,0.8921248575862752,0.09917120715986624,0.12497694581240168,0.5865646081968471,0.0,-0.0016927083333333332,0.0,0.0,2.49999999975,1.4686535125063225,0.39938937482663867,nominal,-1.0
max-exp-cap,40020,0.9472869464344393,0.8498382695415843,0.09448780922677727,0.12729502834887257,0.6085936042414815,0.0,-0.0048177083333333336,0.0,0.0,2.49999999975,1.4571510487491972,0.4176599294657144,nominal,-1.0
max-exp-cap,40021,0.9809914889068194,0.880736238940483,0.09763039889068195,0.12679454758462216,0.6107095281647725,0.0,-0.009375,0.0,0.0,2.4999999997500004,1.4889416256539292,0.41016351322474087,nominal,-1.0
max-exp-cap,40022,0.9999825360177265,0.900444243260557,0.09993965985177264,0.1172089636385904,0.544532467744938,0.0,-0.001171875,0.0,0.0,2.4999999997500004,1.5085103772457715,0.3609736306482305,nominal,-1.0
max-exp-cap,40023,1.0009726601747007,0.9004795008409581,0.10009726601747007,0.12798716813523736,0.5770854526706316,0.0,0.0,0.0,0.0,2.49999999975,1.4846969587722831,0.3886890515003356,nominal,-1.0
max-exp-cap,40024,0.9691268779487254,0.8719171462988806,0.09671086487820588,0.12051494828447595,0.5708228444217402,0.0,-0.004036458333333334,0.0,0.0,2.49999999975,1.528846618907915,0.37336828780737347,nominal,-1.0
max-exp-cap,40025,0.9711059372335151,0.8751760473258127,0.09711059372335151,0.12233067527259506,0.5489055770897813,0.0,0.0,0.0,0.0,2.49999999975,1.5366495305416206,0.35720934811746524,nominal,-1.0
max-exp-cap,40026,0.9794969417482079,0.8792440970411386,0.09794969417482079,0.1237484810089234,0.5637863974079637,0.0,0.0,0.0,0.0,2.49999999975,1.4928772529189236,0.37765087270613146,nominal,-1.0
max-exp-cap,40027,1.007579505139372,0.9056456682854955,0.10069284634727052,0.1340580286363646,0.6309738258744915,0.0,-0.0013020833333333333,0.0,0.0,2.49999999975,1.495941952478133,0.4217903140086679,nominal,-1.0
max-exp-cap,40028,0.9812759058369996,0.8785647288100612,0.09673436141703332,0.12468077277958386,0.6120175287476822,0.0,-0.02786458333333333,0.0,0.0,2.49999999975,1.4793766470781216,0.4136996010829711,nominal,-1.0
max-exp-cap,40029,0.9974923788636513,0.8968983532878492,0.09974923788636512,0.1284176901029437,0.5705130711404987,0.0,0.0,0.0,0.0,2.49999999975,1.4818620954115853,0.3849974116397379,nominal,-1.0
max-exp-cap,40030,0.9540231854537686,0.8556267591309115,0.09510934979537686,0.13264989374995706,0.631172470483908,0.0,-0.005859375,0.0,0.0,2.49999999975,1.4365563151057845,0.4393649339374698,nominal,-1.0
max-exp-cap,40031,0.9767312786416342,0.8781245867478973,0.09766010703083008,0.12326117652689887,0.5698089385487187,0.0,-0.00026041666666666666,0.0,0.0,2.49999999975,1.5246227255073765,0.3737376657291351,nominal,-1.0
max-exp-cap,40032,0.974676476599803,0.8763782035934846,0.09597025182664695,0.11916139806262831,0.5878080244157936,-0.00013020833333333333,-0.02981770833333333,0.0,0.0,2.49999999975,1.5028944703204765,0.39111729800326545,nominal,-1.0
max-exp-cap,40033,0.9750663776342706,0.8767942184450674,0.09750663776342706,0.113830337335619,0.5203108658997603,0.0,0.0,0.0,0.0,2.49999999975,1.5150936255654546,0.34341829252008954,nominal,-1.0
max-exp-cap,40034,1.0175083038460073,0.9149088262176559,0.10106723663460074,0.12195509351758353,0.5910492395835582,0.0,-0.013671875,0.0,0.0,2.4999999997500004,1.5596543537919958,0.378961683495152,nominal,-1.0
max-exp-cap,40035,0.9928108480892099,0.8925522444467551,0.09856493897558767,0.12882046465687005,0.630477429775945,0.0,-0.014322916666666666,0.0,0.0,2.49999999975,1.5375264145151166,0.41005957609825916,nominal,-1.0
max-exp-cap,40036,0.9502851235822173,0.8549711161465925,0.09495689777488839,0.12080376611765163,0.5674159766885396,0.0,-0.0014322916666666666,0.0,0.0,2.49999999975,1.4784840553318226,0.38378227661115494,nominal,-1.0
max-exp-cap,40037,0.978960378969086,0.8779616066906337,0.09789603789690861,0.1323272345543036,0.5947053132933589,0.0,0.0,0.0,0.0,2.49999999975,1.4882879123026838,0.3995902327616361,nominal,-1.0
max-exp-cap,40038,1.007706567383729,0.9057930456049708,0.10071206298837292,0.13402864306311058,0.6283510978235317,0.0,-0.001171875,0.0,0.0,2.49999999975,1.5340302277249065,0.40960802888182213,nominal,-1.0
max-exp-cap,40039,0.9921246991407147,0.8912903746539189,0.09908226158073812,0.1259850906258227,0.5958860351956246,0.0,-0.0026041666666666665,0.0,0.0,2.49999999975,1.4987800116683898,0.39758071935607475,nominal,-1.0
max-exp-cap,40040,0.9854158180828041,0.886737204097173,0.0985415818082804,0.11085134328247359,0.5122055194845497,0.0,0.0,0.0,0.0,2.4999999997500004,1.4676531095751049,0.3489963099201531,nominal,-1.0
max-exp-cap,40041,0.9783966144036607,0.8799643818614007,0.09692820310703273,0.12208139937093568,0.5991748052451221,0.0,-0.018229166666666668,0.0,0.0,2.49999999975,1.47742027226723,0.4055547473473044,nominal,-1.0
max-exp-cap,40042,0.964090962672336,0.8656474874044691,0.09637654418390026,0.12012997817674533,0.5586369032088596,0.0,-0.0006510416666666666,0.0,0.0,2.4999999997499995,1.5012346562436307,0.3721183100093582,nominal,-1.0
max-exp-cap,40043,1.0000411492196601,0.8991592970931592,0.10000411492196601,0.12236848280198552,0.537219958978138,0.0,0.0,0.0,0.0,2.49999999975,1.4885262286863985,0.36090728441663156,nominal,-1.0
max-exp-cap,40044,1.0033446221755182,0.9014590614651201,0.10033446221755182,0.13115896844083688,0.6044375690364477,0.0,0.0,0.0,0.0,2.49999999975,1.5090046722249393,0.40055380885285125,nominal,-1.0
max-exp-cap,40045,0.9634547058417652,0.8674037231608541,0.09633244975084318,0.10303979453833773,0.47522734544242395,0.0,-0.00026041666666666666,0.0,0.0,2.49999999975,1.4587873642283486,0.3257687563627917,nominal,-1.0
max-exp-cap,40046,1.013116680012264,0.9118551337165881,0.10125958466789306,0.12403587720449859,0.5799354563179845,0.0,-0.0010416666666666667,0.0,0.0,2.49999999975,1.516952974073241,0.3823028572604811,nominal,-1.0
max-exp-cap,40047,0.9895545640294434,0.8904501126902766,0.09890337306961101,0.12349974706893907,0.5801164309419928,0.0,-0.0010416666666666667,0.0,0.0,2.49999999975,1.5265058153341928,0.38002896884804194,nominal,-1.0
max-exp-cap,40048,0.9887607292920332,0.8879994939114206,0.09858961459586998,0.12341744569653175,0.589805679091066,0.0,-0.005729166666666666,0.0,0.0,2.49999999975,1.4217227311030043,0.4148528163670011,nominal,-1.0
max-exp-cap,40049,1.0049204093188633,0.9052125376807697,0.10049204093188632,0.12418642537876746,0.555028757825311,0.0,0.0,0.0,0.0,2.49999999975,1.5221982656702187,0.36462317054403803,nominal,-1.0
accept-greedy,40000,1.0103025683456057,0.9080983969762175,0.10103025683456057,0.12850260895437987,0.5891980930877431,0.0,0.0,0.0,0.0,2.49999999975,1.4163130611562764,0.41600837360542475,bess_share,0.1
accept-greedy,40001,0.9528184899055251,0.8566051170998177,0.09516466149055251,0.11921575443063542,0.5628736897987064,0.0,-0.00234375,0.0,0.0,2.49999999975,1.3516843042712274,0.4164239297741826,bess_share,0.1
accept-greedy,40002,0.992985699211749,0.8899614773755524,0.09910976783784156,0.13933073999158124,0.6637005085989768,0.0,-0.0037760416666666667,0.0,0.0,2.49999999975,1.4217247196512095,0.4668277194770883,bess_share,0.1
accept-greedy,40003,1.0235987345691233,0.9193755977153674,0.10117497762357901,0.12340923659828056,0.6054194669331109,0.0,-0.023697916666666666,0.0,0.0,2.49999999975,1.4653876602933051,0.4131462843162832,bess_share,0.1
accept-greedy,40004,0.9932677202638729,0.8926414948311918,0.09926817827638727,0.130579582532125,0.6068457956111406,0.0,-0.0011718750000000002,0.0,0.0,2.49999999975,1.435988062235448,0.4225980783339136,bess_share,0.1
accept-greedy,40005,0.9643234500470815,0.864450422831934,0.09643234500470815,0.13713527743425946,0.6109895879904825,0.0,0.0,0.0,0.0,2.49999999975,1.4682243011124323,0.41614185756737093,bess_share,0.1
accept-greedy,40006,0.9831787297426064,0.8802119711243489,0.09824625839092731,0.13428500449430286,0.6333547884188915,0.0,-0.0014322916666666666,0.0,0.0,2.49999999975,1.3514859762304288,0.4686358567962708,bess_share,0.1
accept-greedy,40007,0.9895330789437002,0.8871739310469223,0.09772283914437004,0.1227298707147751,0.6040054222565723,0.0,-0.024609375,0.0,0.0,2.49999999975,1.4467830035019889,0.4174816961455561,bess_share,0.1
accept-greedy,40008,0.9544039240026998,0.8563701337209908,0.09543388198360332,0.12034740576462144,0.5520604506820782,0.0,-0.00013020833333333333,0.0,0.0,2.49999999975,1.3982956189290023,0.39480954042101507,bess_share,0.1
accept-greedy,40009,0.9353445711471439,0.8376598014933521,0.09337169669804773,0.12174748968471956,0.5758412327629184,0.0,-0.0032552083333333335,0.0,0.0,2.49999999975,1.3982029168557513,0.4118438216806598,bess_share,0.1
accept-greedy,40010,0.9671365712738305,0.8699045265250642,0.09671365712738304,0.1125048294900889,0.5036563120687528,0.0,0.0,0.0,0.0,2.49999999975,1.4119076278220068,0.3567204412980526,bess_share,0.1
accept-greedy,40011,0.9486423242095801,0.8477712102589473,0.09486423242095801,0.1316774855703394,0.5948806345887437,0.0,0.0,0.0,0.0,2.49999999975,1.367058816223544,0.4351536506908184,bess_share,0.1
accept-greedy,40012,0.983746423973307,0.882779349023807,0.09837464239733071,0.1318314799114105,0.6020324828657517,0.0,0.0,0.0,0.0,2.4999999997500004,1.4095595273206023,0.42710681684379853,bess_share,0.1
accept-greedy,40013,0.9439101119012535,0.8470901607860153,0.09437799035679202,0.1230677426234421,0.5709860812114511,0.0,-0.00026041666666666666,0.0,0.0,2.49999999975,1.3996494952920104,0.4079493352672025,bess_share,0.1
accept-greedy,40014,0.934825566539474,0.8371686485256318,0.09254505665394741,0.11263076233114842,0.5538048921048622,0.0,-0.018749999999999996,0.0,0.0,2.49999999975,1.3909908116102252,0.39813698802494024,bess_share,0.1
accept-greedy,40015,1.0010140810927477,0.8974100557471753,0.09953500185927477,0.13270517416187916,0.6377615055561855,0.0,-0.011328125,0.0,0.0,2.49999999975,1.450265611331264,0.4397549666579735,bess_share,0.1
accept-greedy,40016,0.9211681294521902,0.8244275597811598,0.09211030252855235,0.1256597465740938,0.5794509950868928,0.0,-0.00013020833333333333,0.0,0.0,2.4999999997500004,1.3848396256865283,0.4184246206846027,bess_share,0.1
accept-greedy,40017,0.9515161593636116,0.8525019401987363,0.09430526176969449,0.12857558568755004,0.6326169537011492,0.0,-0.016927083333333332,0.0,0.0,2.49999999975,1.3635711012236476,0.4639413031952999,bess_share,0.1
accept-greedy,40018,0.998981163821704,0.8975522898282636,0.09974186638217039,0.13036419378731268,0.6166438931939546,0.0,-0.003125,0.0,0.0,2.49999999975,1.450169555505341,0.42522192722427726,bess_share,0.1
accept-greedy,40019,0.9550532275465529,0.8547837791809391,0.09542068733798863,0.13033390505079384,0.6117068668459792,0.0,-0.0016927083333333332,0.0,0.0,2.49999999975,1.3493283963907103,0.453341727990177,bess_share,0.1
accept-greedy,40020,0.9022309635255517,0.8063097513145407,0.08998221093588851,0.13168339846463953,0.629574266409847,0.0,-0.0048177083333333336,0.0,0.0,2.49999999975,1.348463635438357,0.4668826432276654,bess_share,0.1
accept-greedy,40021,1.0211051309902555,0.9169189918166938,0.10164176309902553,0.13245832315580328,0.6379892635524375,0.0,-0.009375,0.0,0.0,2.49999999975,1.4890075672483376,0.4284660988872149,bess_share,0.1
accept-greedy,40022,0.9891851814747654,0.888321674928894,0.09885992439747654,0.12289959099818071,0.5709701331157316,0.0,-0.001171875,0.0,0.0,2.49999999975,1.4515940871853066,0.3933400791283625,bess_share,0.1
accept-greedy,40023,0.9783952481721665,0.8774814319347931,0.09783952481721665,0.1337206110766911,0.60293715767698,0.0,0.0,0.0,0.0,2.49999999975,1.3734462091584807,0.4389958293644448,bess_share,0.1
accept-greedy,40024,0.9801511832250548,0.8804328271286499,0.09781329540583882,0.1262640499923339,0.5980536455502679,0.0,-0.004036458333333334,0.0,0.0,2.49999999975,1.4789747160622086,0.4043704324727026,bess_share,0.1
accept-greedy,40025,0.9429435128948993,0.8473594643656697,0.09429435128948993,0.12796746693396172,0.5741982223966324,0.0,0.0,0.0,0.0,2.49999999975,1.3954074054151124,0.4114914541576603,bess_share,0.1
accept-greedy,40026,0.9641815659782011,0.8630057847813726,0.09641815659782012,0.1294181460640352,0.5896168561729551,0.0,0.0,0.0,0.0,2.49999999975,1.4230536527971798,0.41433213358751,bess_share,0.1
accept-greedy,40027,0.9758256938171442,0.8743047642515223,0.09751746521504776,0.1391658448776671,0.6550148951668102,0.0,-0.0013020833333333333,0.0,0.0,2.49999999975,1.3814816876954816,0.4741393975764334,bess_share,0.1
accept-greedy,40028,0.9289695180446452,0.8276102359427487,0.09150372263779785,0.1298958951663471,0.637616875335837,0.0,-0.02786458333333333,0.0,0.0,2.49999999975,1.3644143442064496,0.467319094117761,bess_share,0.1
accept-greedy,40029,1.0123744456791943,0.9092434093613676,0.10123744456791943,0.13446282743199733,0.5973694167132912,0.0,0.0,0.0,0.0,2.49999999975,1.4330518993212158,0.4168512089452191,bess_share,0.1
accept-greedy,40030,0.9880279129133704,0.8860951284570004,0.09850982254133704,0.13788166384266018,0.6560661900419482,0.0,-0.005859375,0.0,0.0,2.49999999975,1.485570605047746,0.44162572133073563,bess_share,0.1
accept-greedy,40031,0.9710420338542439,0.870722434179076,0.09709118255209107,0.12886896072953216,0.5957324746867616,0.0,-0.00026041666666666666,0.0,0.0,2.49999999975,1.4148316644404284,0.4210624413204494,bess_share,0.1
accept-greedy,40032,0.9753412580513243,0.8752927852315849,0.09602370913846577,0.12465099036693447,0.6148874852118679,-0.00013020833333333333,-0.030078125,0.0,0.0,2.49999999975,1.4427017203322037,0.42620555347385375,bess_share,0.1
accept-greedy,40033,0.964837544092741,0.8657641466217739,0.0964837544092741,0.11683605093752017,0.5340497819344273,0.0,0.0,0.0,0.0,2.49999999975,1.4090045695923354,0.37902629520140085,bess_share,0.1
accept-greedy,40034,1.0050847926714543,0.9018048975282702,0.09981837510047878,0.12735871357461595,0.6172376129723826,0.0,-0.013802083333333333,0.0,0.0,2.4999999997499995,1.4337176922020736,0.4305154468899354,bess_share,0.1
accept-greedy,40035,1.004016006878273,0.9018482812599936,0.09968545485449397,0.13178652748712852,0.6449940337546405,0.0,-0.014322916666666666,0.0,0.0,2.49999999975,1.4484201910879204,0.4453086457391761,bess_share,0.1
accept-greedy,40036,0.9199373130096442,0.8244225598451941,0.09192211671763109,0.12615364345774635,0.5925443809895887,0.0,-0.0014322916666666666,0.0,0.0,2.4999999997500004,1.3485193680741245,0.4394036860114405,bess_share,0.1
accept-greedy,40037,0.9546319874542498,0.8531449719151782,0.09546319874542498,0.13638790935591935,0.6129548058351706,0.0,0.0,0.0,0.0,2.49999999975,1.3712868165600476,0.4469924150316002,bess_share,0.1
accept-greedy,40038,0.9871634008425446,0.8839658631797497,0.09865774633425446,0.1400119521179552,0.6564019586492941,0.0,-0.001171875,0.0,0.0,2.49999999975,1.4789796685163583,0.4438208128363016,bess_share,0.1
accept-greedy,40039,0.9669718159313705,0.8664593419627563,0.09656697325980372,0.13116528052393933,0.6203873694774483,0.0,-0.0026041666666666665,0.0,0.0,2.49999999975,1.3427629038282751,0.462023018143186,bess_share,0.1
accept-greedy,40040,0.9939115494012299,0.8935622268469823,0.09939115494012299,0.11540807263402401,0.5332605816565424,0.0,0.0,0.0,0.0,2.49999999975,1.4471167931878646,0.36849864790928083,bess_share,0.1
accept-greedy,40041,0.9822964738211729,0.882184770569188,0.09731818904878395,0.12661618973944314,0.621431530265304,0.0,-0.018229166666666668,0.0,0.0,2.49999999975,1.4449158198481762,0.430081477224466,bess_share,0.1
accept-greedy,40042,0.915055074647384,0.817909098264886,0.09147295538140507,0.12562689579487393,0.5841990574853516,0.0,-0.0006510416666666666,0.0,0.0,2.49999999975,1.3592306784038257,0.42980125946788467,bess_share,0.1
accept-greedy,40043,1.0263052074894683,0.9220645828152535,0.10263052074894682,0.12865800563976734,0.5648321114175273,0.0,0.0,0.0,0.0,2.49999999975,1.484115793899211,0.3805849339649882,bess_share,0.1
accept-greedy,40044,1.0282786186015265,0.9229357842954992,0.10282786186015265,0.1372908865364236,0.6326961144587449,0.0,0.0,0.0,0.0,2.49999999975,1.504628350568587,0.4204999289157712,bess_share,0.1
accept-greedy,40045,0.9782177083335412,0.879705282204932,0.09780875000002079,0.10750882707548447,0.49583886236983654,0.0,-0.00026041666666666666,0.0,0.0,2.4999999997499995,1.4445411946313038,0.34325006736577807,bess_share,0.1
accept-greedy,40046,1.0040892267939476,0.9018591601373919,0.10035683934606143,0.1297065158451876,0.6064487884426926,0.0,-0.0010416666666666667,0.0,0.0,2.49999999975,1.418688598982003,0.4274713907462548,bess_share,0.1
accept-greedy,40047,0.9586574081139375,0.8590511939551294,0.09581365747806042,0.12916777238477106,0.606740895321453,0.0,-0.0010416666666666667,0.0,0.0,2.49999999975,1.4393578566711183,0.4215358206503947,bess_share,0.1
accept-greedy,40048,0.9892541939607703,0.8872538169464755,0.0986389610627437,0.12888671797116516,0.6159430523762494,0.0,-0.005729166666666666,0.0,0.0,2.49999999975,1.381130314877287,0.4459702648920393,bess_share,0.1
accept-greedy,40049,1.0074229543556807,0.9055318103094142,0.10074229543556808,0.13021042139835012,0.5819519180475008,0.0,0.0,0.0,0.0,2.49999999975,1.445875722030783,0.4024909673634529,bess_share,0.1
max-exp-cap,40000,1.0025209634304604,0.9007161249045798,0.10025209634304603,0.12886688439098234,0.5908683346054159,0.0,0.0,0.0,0.0,2.4999999997499995,1.5079171440055583,0.3918440326474847,bess_share,0.1
max-exp-cap,40001,0.9634713010529021,0.8662502375267177,0.0962299426052902,0.1195414173672558,0.5644112978073262,0.0,-0.00234375,0.0,0.0,2.49999999975,1.446748750880092,0.39012392266727813,bess_share,0.1
max-exp-cap,40002,1.0271333694031646,0.9222242544384035,0.10252453485698312,0.13954269761854407,0.6647101665167138,0.0,-0.0037760416666666667,0.0,0.0,2.49999999975,1.476916857066954,0.4500660706363514,bess_share,0.1
max-exp-cap,40003,1.011794098541186,0.9077647143387683,0.09999451402078527,0.12349911926902672,0.6058604121987137,0.0,-0.023697916666666666,0.0,0.0,2.4999999997500004,1.4914991741823787,0.4062090161939505,bess_share,0.1
max-exp-cap,40004,0.9933980094304842,0.8925342095438425,0.0992812071930484,0.1307415463055836,0.6075984939507948,0.0,-0.0011718750000000002,0.0,0.0,2.4999999997500004,1.4763441065759881,0.4115561482207342,bess_share,0.1
max-exp-cap,40005,1.0012339095386578,0.8989265590341047,0.10012339095386577,0.1381225636089999,0.6153883217402467,0.0,0.0,0.0,0.0,2.49999999975,1.5498936378002088,0.39705196971688855,bess_share,0.1
max-exp-cap,40006,1.0284712067009898,0.9225464673612122,0.10277550608676564,0.13472227952638433,0.6354171946902974,0.0,-0.0014322916666666666,0.0,0.0,2.49999999975,1.4635580464059692,0.4341592028076228,bess_share,0.1
max-exp-cap,40007,1.016232521698959,0.9121040667211926,0.10039278341989591,0.12327176189324264,0.6066722971433556,0.0,-0.024609375,0.0,0.0,2.4999999997500004,1.508448571916237,0.4021829503757478,bess_share,0.1
max-exp-cap,40008,1.0025518976948664,0.9014380817316403,0.10024867935281997,0.12098544588055098,0.5549872833106287,0.0,-0.00013020833333333333,0.0,0.0,2.49999999975,1.5335415085173105,0.3618990945000326,bess_share,0.1
max-exp-cap,40009,1.0010110058592838,0.8998585392200653,0.09993834016926172,0.12241088115501274,0.578978941499643,0.0,-0.0032552083333333335,0.0,0.0,2.49999999975,1.5149804196814571,0.38216925709269584,bess_share,0.1
max-exp-cap,40010,0.9959703022771946,0.8966583270467545,0.09959703022771946,0.11272468504495611,0.5046405510427963,0.0,0.0,0.0,0.0,2.49999999975,1.4712726411890713,0.34299594576498726,bess_share,0.1
max-exp-cap,40011,0.9782492782735571,0.875659443464719,0.09782492782735572,0.13198814298095,0.5962840945406351,0.0,0.0,0.0,0.0,2.49999999975,1.444955828378089,0.4126659672427098,bess_share,0.1
max-exp-cap,40012,0.9971733314601106,0.894612700506769,0.09971733314601106,0.13215810113595755,0.6035240582231918,0.0,0.0,0.0,0.0,2.49999999975,1.4895593641345997,0.4051695237898931,bess_share,0.1
max-exp-cap,40013,0.9596531523111852,0.861571759332112,0.09595229439778519,0.12343928468096328,0.5727098907078062,0.0,-0.00026041666666666666,0.0,0.0,2.49999999975,1.4687228225422402,0.38993735367745685,bess_share,0.1
max-exp-cap,40014,0.974594321986451,0.8745932973419681,0.09650891136531177,0.11399319095049587,0.5605039467762662,0.0,-0.01901041666666667,0.0,0.0,2.49999999975,1.522875609366451,0.3680562899089624,bess_share,0.1
max-exp-cap,40015,1.0087490425896777,0.9044064441922885,0.10030849800896777,0.1328592959164377,0.6385021919902074,0.0,-0.011328125,0.0,0.0,2.4999999997499995,1.4907688534557015,0.428303952359963,bess_share,0.1
max-exp-cap,40016,0.9837453534406133,0.8835409952647377,0.09836802492739467,0.12637879118794001,0.5827667038032032,0.0,-0.00013020833333333333,0.0,0.0,2.49999999975,1.4535402964328608,0.4009291694446816,bess_share,0.1
max-exp-cap,40017,0.9929784086411236,0.8916719454752171,0.0984514866974457,0.12902151893516403,0.6348110322359743,0.0,-0.016927083333333332,0.0,0.0,2.49999999975,1.4818612037762473,0.42838764562988535,bess_share,0.1
max-exp-cap,40018,1.0056351991670907,0.9033902153283991,0.10040726991670908,0.13055875860861627,0.6175642165235568,0.0,-0.003125,0.0,0.0,2.4999999997500004,1.5005164622060083,0.4115677715495602,bess_share,0.1
max-exp-cap,40019,1.0064043081812806,0.9032120448976593,0.1005557954014614,0.13080763686052788,0.6139302714232053,0.0,-0.0016927083333333332,0.0,0.0,2.49999999975,1.4686535125063225,0.41802253982663756,bess_share,0.1
max-exp-cap,40020,0.9585413956989514,0.8587432373022947,0.09561325415322848,0.13292771696369113,0.6355233147739882,0.0,-0.0048177083333333336,0.0,0.0,2.49999999975,1.4571510487491972,0.43614099946571394,bess_share,0.1
max-exp-cap,40021,0.9915032321253945,0.8888593372595245,0.09868157321253945,0.13245807233210047,0.6379880554529718,0.0,-0.009375,0.0,0.0,2.4999999997500004,1.4889416256539292,0.42848426322474087,bess_share,0.1
max-exp-cap,40022,1.0148757329876505,0.9124965044668538,0.10142897954876506,0.12312271769749963,0.5720067409691596,0.0,-0.001171875,0.0,0.0,2.4999999997500004,1.5085103772457715,0.37918648064823113,bess_share,0.1
max-exp-cap,40023,1.0137607185116784,0.9106468132006017,0.10137607185116784,0.1341850266619911,0.6050311760240925,0.0,0.0,0.0,0.0,2.49999999975,1.4846969587722831,0.40751156150033563,bess_share,0.1
max-exp-cap,40024,0.9837732498209051,0.8837402882172894,0.09817550206542384,0.12645791310487436,0.5989718842825087,0.0,-0.004036458333333334,0.0,0.0,2.49999999975,1.528846618907915,0.39178023280737345,bess_share,0.1
max-exp-cap,40025,0.9865151607912781,0.8877061466781002,0.09865151607912781,0.12853801889610336,0.576758325603299,0.0,0.0,0.0,0.0,2.49999999975,1.5366495305416206,0.37533498311746455,bess_share,0.1
max-exp-cap,40026,0.9943636896465254,0.8913027973726536,0.09943636896465255,0.1296963340472179,0.590884254362913,0.0,0.0,0.0,0.0,2.49999999975,1.4928772529189236,0.395802302706131,bess_share,0.1
max-exp-cap,40027,1.0172780679459068,0.913051859800139,0.10166270262792401,0.13958904411704015,0.6570067761894584,0.0,-0.0013020833333333333,0.0,0.0,2.49999999975,1.495941952478133,0.4391926940086682,bess_share,0.1
max-exp-cap,40028,0.9942761228985192,0.8889877438422967,0.09803438312318524,0.1303353089572426,0.6397738153066611,0.0,-0.02786458333333333,0.0,0.0,2.49999999975,1.4793766470781216,0.4324617510829725,bess_share,0.1
max-exp-cap,40029,1.0110636186247624,0.9077122086586427,0.10110636186247624,0.13466872670093802,0.5982841522468052,0.0,0.0,0.0,0.0,2.49999999975,1.4818620954115853,0.4037380766397379,bess_share,0.1
max-exp-cap,40030,0.9623885855929636,0.8619520442407096,0.09594588980929634,0.1376077637151139,0.6547629231091069,0.0,-0.005859375,0.0,0.0,2.49999999975,1.4365563151057845,0.45578646393746963,bess_share,0.1
max-exp-cap,40031,0.9920241083695723,0.8905710356379075,0.0991893900036239,0.12930412527476787,0.5977441433613722,0.0,-0.00026041666666666666,0.0,0.0,2.49999999975,1.5246227255073765,0.39206036572913466,bess_share,0.1
max-exp-cap,40032,0.9858476671857215,0.8850878469584758,0.09707435005190548,0.12488002846431392,0.6160173010224025,-0.00013020833333333333,-0.030078125,0.0,0.0,2.49999999975,1.5028944703204765,0.40988726300326545,bess_share,0.1
max-exp-cap,40033,0.9871877680501552,0.8864356128568129,0.09871877680501552,0.11829176991478811,0.540703776109423,0.0,0.0,0.0,0.0,2.49999999975,1.5150936255654546,0.35687812752008946,bess_share,0.1
max-exp-cap,40034,1.0326118169043081,0.927071781414724,0.10257107752376413,0.12783336341271476,0.619537979589184,0.0,-0.013802083333333333,0.0,0.0,2.4999999997500004,1.5596543537919958,0.39722774349515205,bess_share,0.1
max-exp-cap,40035,1.003428714683921,0.9009325609893487,0.09962672563505875,0.13297982811546696,0.6508343256299167,0.0,-0.014322916666666666,0.0,0.0,2.49999999975,1.5375264145151166,0.42329960609825856,bess_share,0.1
max-exp-cap,40036,0.9630549967073299,0.86511370103887,0.09623388508739965,0.12666924238189475,0.5949661520694762,0.0,-0.0014322916666666666,0.0,0.0,2.49999999975,1.4784840553318226,0.4024163466111546,bess_share,0.1
max-exp-cap,40037,0.9933888421816164,0.8896301814345834,0.09933888421816164,0.13758985272310498,0.6183565820390682,0.0,0.0,0.0,0.0,2.49999999975,1.4882879123026838,0.4154818277616358,bess_share,0.1
max-exp-cap,40038,1.0230297626882319,0.9181599888993035,0.1022443825188232,0.1402346627585396,0.6574460673734442,0.0,-0.001171875,0.0,0.0,2.49999999975,1.5340302277249065,0.42857438888182214,bess_share,0.1
max-exp-cap,40039,1.0067009483329619,0.903048884821321,0.10053988649996286,0.131767172521151,0.6232342066234378,0.0,-0.0026041666666666665,0.0,0.0,2.49999999975,1.4987800116683898,0.4158276743560752,bess_share,0.1
max-exp-cap,40040,0.9964675813905557,0.8953850278636875,0.09964675813905557,0.11551622676390035,0.5337603242905721,0.0,0.0,0.0,0.0,2.4999999997500004,1.4676531095751049,0.3636828899201523,bess_share,0.1
max-exp-cap,40041,0.9869226741964918,0.886378098257049,0.09778080908631585,0.12690538089379472,0.6228508787858819,0.0,-0.018229166666666668,0.0,0.0,2.49999999975,1.47742027226723,0.42158002734730515,bess_share,0.1
max-exp-cap,40042,0.9753388328201641,0.8743743304997506,0.09750133119868307,0.12620117960117289,0.5868696325739597,0.0,-0.0006510416666666666,0.0,0.0,2.4999999997499995,1.5012346562436307,0.39092465000935767,bess_share,0.1
max-exp-cap,40043,1.0154615765692914,0.9116682974149547,0.10154615765692913,0.1286766965872209,0.5649141680859957,0.0,0.0,0.0,0.0,2.49999999975,1.4885262286863985,0.3795124044166315,bess_share,0.1
max-exp-cap,40044,1.0175400779556258,0.912818955006595,0.10175400779556258,0.13730872166889777,0.6327783065058789,0.0,0.0,0.0,0.0,2.49999999975,1.5090046722249393,0.4193348888528517,bess_share,0.1
max-exp-cap,40045,0.9756226937583994,0.8770767711627875,0.0975492485425066,0.1075875257523688,0.4962018266349842,0.0,-0.00026041666666666666,0.0,0.0,2.49999999975,1.4587873642283486,0.3401467813627923,bess_share,0.1
max-exp-cap,40046,1.0254721539355414,0.9215647541869854,0.1024951320602208,0.13009928827092995,0.6082852140083091,0.0,-0.0010416666666666667,0.0,0.0,2.49999999975,1.516952974073241,0.40099147726048107,bess_share,0.1
max-exp-cap,40047,1.0023484511439713,0.9005758933577104,0.1001827617810638,0.12951095099989857,0.6083529112009046,0.0,-0.0010416666666666667,0.0,0.0,2.49999999975,1.5265058153341928,0.39852642884804207,bess_share,0.1
max-exp-cap,40048,0.9980271531830045,0.8950740411154187,0.09951625698496712,0.12904746382854923,0.6167112486311662,0.0,-0.005729166666666666,0.0,0.0,2.49999999975,1.4217227311030043,0.4337774413670012,bess_share,0.1
max-exp-cap,40049,1.0213446658961167,0.9185864284846466,0.10213446658961167,0.13052840633445673,0.5833730941829449,0.0,0.0,0.0,0.0,2.49999999975,1.5221982656702187,0.38324383054403743,bess_share,0.1
accept-greedy,40000,1.0180535474554167,0.9137420234763343,0.10180535474554167,0.13413476030256147,0.615022104454767,0.0,0.0,0.0,0.0,2.49999999975,1.4163130611562764,0.43424163860542503,bess_share,0.2
accept-greedy,40001,0.9524723538439441,0.8550822011916615,0.09513004788439441,0.12384622876268137,0.5847363386176039,0.0,-0.00234375,0.0,0.0,2.49999999975,1.3516843042712274,0.43259830477418293,bess_share,0.2
accept-greedy,40002,0.9948171557188533,0.8904480831214808,0.099292913488552,0.14479067345097069,0.6897088439751637,0.0,-0.0037760416666666667,0.0,0.0,2.49999999975,1.4217247196512095,0.4851212294770885,bess_share,0.2
accept-greedy,40003,1.0254966462333945,0.919805567801032,0.10136476879000611,0.12845348478492533,0.6301654756794233,0.0,-0.023697916666666666,0.0,0.0,2.49999999975,1.4653876602933051,0.43003328931628393,bess_share,0.2
accept-greedy,40004,0.9938943936446158,0.8920101182364552,0.09933084561446158,0.13634273521475157,0.6336290407946408,0.0,-0.0011718750000000002,0.0,0.0,2.49999999975,1.435988062235448,0.4412495183339132,bess_share,0.2
accept-greedy,40005,0.9733539428167495,0.8712528301611852,0.09733539428167495,0.1422537825159506,0.6337944662792866,0.0,0.0,0.0,0.0,2.49999999975,1.4682243011124323,0.4316741425673709,bess_share,0.2
accept-greedy,40006,0.9844849956773527,0.8801625108141378,0.09837688498440193,0.1395488807672468,0.6581818437976258,0.0,-0.0014322916666666666,0.0,0.0,2.49999999975,1.3514859762304288,0.4870060476938353,bess_share,0.2
accept-greedy,40007,0.9939775962351598,0.8899154855842711,0.09817380129018265,0.1273468886631574,0.6267277135719423,0.0,-0.024479166666666663,0.0,0.0,2.49999999975,1.4467830035019889,0.433187086145556,bess_share,0.2
accept-greedy,40008,0.9561166896114718,0.8566522527407975,0.09560515854448051,0.12546473698469782,0.5755347928309252,0.0,-0.00013020833333333333,0.0,0.0,2.49999999975,1.3982956189290023,0.4115973654210152,bess_share,0.2
accept-greedy,40009,0.9393108442933519,0.8400557407963488,0.09376832401266852,0.12666627438882394,0.5991060988808303,0.0,-0.0032552083333333335,0.0,0.0,2.49999999975,1.3982029168557513,0.4284829416806591,bess_share,0.2
accept-greedy,40010,0.969525489814947,0.8707884559654847,0.0969525489814947,0.1177337634585989,0.5270649569293078,0.0,0.0,0.0,0.0,2.49999999975,1.4119076278220068,0.3732998862980522,bess_share,0.2
accept-greedy,40011,0.9504545826502855,0.8482418283381097,0.09504545826502855,0.13712938854137952,0.6195107487277027,0.0,0.0,0.0,0.0,2.49999999975,1.367058816223544,0.45317051569081807,bess_share,0.2
accept-greedy,40012,0.9856103568544636,0.8831434615367009,0.09856103568544636,0.13758639238649667,0.6283133396715725,0.0,0.0,0.0,0.0,2.4999999997500004,1.4095595273206023,0.4457515468437989,bess_share,0.2
accept-greedy,40013,0.942817150360541,0.8450346964120633,0.09426869420272077,0.12765717436678067,0.5922792453684833,0.0,-0.00026041666666666666,0.0,0.0,2.49999999975,1.3996494952920104,0.42316254702390005,bess_share,0.2
accept-greedy,40014,0.933781709656576,0.8351649648097114,0.09244067096565758,0.11642685142695133,0.5724702431032028,0.0,-0.018749999999999996,0.0,0.0,2.49999999975,1.3909908116102252,0.41155573302494025,bess_share,0.2
accept-greedy,40015,1.0034068420754758,0.8983881742315338,0.09977427795754759,0.13822368252986186,0.6642826433145056,0.0,-0.011328125,0.0,0.0,2.49999999975,1.450265611331264,0.45804205665797365,bess_share,0.2
accept-greedy,40016,0.9208317628001932,0.8230645353077685,0.09207666586335266,0.1304014771505158,0.6013163941176126,0.0,-0.00013020833333333333,0.0,0.0,2.4999999997500004,1.3848396256865283,0.43421374068460283,bess_share,0.2
accept-greedy,40017,0.9522897388836622,0.8521397652266867,0.09438261972169956,0.1337160131316025,0.6579088591044092,0.0,-0.016927083333333332,0.0,0.0,2.49999999975,1.3635711012236476,0.48248958819529986,bess_share,0.2
accept-greedy,40018,1.0061189352388142,0.9026547430822576,0.10045564352388141,0.13596835100205912,0.6431524706075524,0.0,-0.003125,0.0,0.0,2.49999999975,1.450169555505341,0.44350156722427736,bess_share,0.2
accept-greedy,40019,0.9544117858835433,0.853098908178924,0.09535654317168768,0.1356908642891864,0.6368491254951132,0.0,-0.0016927083333333332,0.0,0.0,2.49999999975,1.3493283963907103,0.4719748929901774,bess_share,0.2
accept-greedy,40020,0.8956878092947655,0.7996463703061096,0.08932789551280991,0.13603774001742946,0.6503922390681982,0.0,-0.0048177083333333336,0.0,0.0,2.49999999975,1.348463635438357,0.482320933227665,bess_share,0.2
accept-greedy,40021,1.0309449628962575,0.924404121396073,0.10262574628962576,0.1381220987269844,0.6652689989401024,0.0,-0.009375,0.0,0.0,2.49999999975,1.4890075672483376,0.4467868488872148,bess_share,0.2
accept-greedy,40022,0.9963728700542105,0.8934616430237772,0.09957869325542104,0.12819598280228986,0.5955762486354329,0.0,-0.001171875,0.0,0.0,2.49999999975,1.4515940871853066,0.4102911784314834,bess_share,0.2
accept-greedy,40023,0.9796944705195845,0.8773919943998029,0.09796944705195845,0.13945405401814462,0.6287888626833273,0.0,0.0,0.0,0.0,2.49999999975,1.3734462091584807,0.45781833936444466,bess_share,0.2
accept-greedy,40024,0.9891642259686007,0.8871943508620785,0.0987145996801934,0.13201315170019184,0.6252844466787956,0.0,-0.004036458333333334,0.0,0.0,2.49999999975,1.4789747160622086,0.4227823774727024,bess_share,0.2
accept-greedy,40025,0.9434209783474463,0.8465747139711493,0.09434209783474463,0.1336042585953285,0.5994908677034841,0.0,0.0,0.0,0.0,2.49999999975,1.3954074054151124,0.42961708915766056,bess_share,0.2
accept-greedy,40026,0.9680741302075738,0.8652752841306308,0.09680741302075738,0.13508781111914722,0.6154473149379474,0.0,0.0,0.0,0.0,2.49999999975,1.4230536527971798,0.4324835635875099,bess_share,0.2
accept-greedy,40027,0.9734753587666848,0.8710956072805032,0.09728243171000181,0.14415789958111191,0.6785111071225401,0.0,-0.0013020833333333333,0.0,0.0,2.49999999975,1.3814816876954816,0.49114737688227944,bess_share,0.2
accept-greedy,40028,0.9267433274566731,0.8246991635381741,0.09128110357900064,0.13511101755310992,0.6632162219239899,0.0,-0.02786458333333333,0.0,0.0,2.49999999975,1.3644143442064496,0.48608124411776094,bess_share,0.2
accept-greedy,40029,1.0148968273948489,0.9101526942270313,0.10148968273948489,0.14050796476105074,0.624225762286083,0.0,0.0,0.0,0.0,2.49999999975,1.4330518993212158,0.4355918739452185,bess_share,0.2
accept-greedy,40030,0.995584601175511,0.8916309532647089,0.09926549136755111,0.14300869284001894,0.680461532299858,0.0,-0.005859375,0.0,0.0,2.49999999975,1.485570605047746,0.45804725133073565,bess_share,0.2
accept-greedy,40031,0.9758952950067711,0.873867918685642,0.09757650866734377,0.13447674493216535,0.621656010824804,0.0,-0.00026041666666666666,0.0,0.0,2.49999999975,1.4148316644404284,0.43938514132044926,bess_share,0.2
accept-greedy,40032,0.9777463747225942,0.8762323918799385,0.0962577103889261,0.1297342595696202,0.6399626058145477,-0.00013020833333333333,-0.030208333333333334,0.0,0.0,2.49999999975,1.4427017203322037,0.4435862221521346,bess_share,0.2
accept-greedy,40033,0.9693973789969632,0.8687458386083438,0.09693973789969632,0.12098508752833244,0.5530147509553862,0.0,0.0,0.0,0.0,2.49999999975,1.4090045695923354,0.3924861302014009,bess_share,0.2
accept-greedy,40034,1.006051891688992,0.9013946020265488,0.09991508500223253,0.13276233363164858,0.6434259863612078,0.0,-0.013802083333333333,0.0,0.0,2.4999999997499995,1.4337176922020736,0.4487815068899359,bess_share,0.2
accept-greedy,40035,1.009728282003521,0.9058845413489678,0.10025668236701876,0.13530706793637978,0.6622243806547112,0.0,-0.014322916666666666,0.0,0.0,2.49999999975,1.4484201910879204,0.45720460452661116,bess_share,0.2
accept-greedy,40036,0.9212013641699497,0.8244043372334148,0.09204852183366163,0.13150352079784108,0.6176727852906378,0.0,-0.0014322916666666666,0.0,0.0,2.4999999997500004,1.3485193680741245,0.45803775601144053,bess_share,0.2
accept-greedy,40037,0.9594521140646824,0.8563131091593308,0.09594521140646825,0.14123680912579076,0.6347467405527822,0.0,0.0,0.0,0.0,2.49999999975,1.3712868165600476,0.46288401003160023,bess_share,0.2
accept-greedy,40038,0.9980559953253376,0.8924194641996775,0.09974700578253377,0.14599526117279943,0.6844528194750547,0.0,-0.001171875,0.0,0.0,2.49999999975,1.4789796685163583,0.4627871728363007,bess_share,0.2
accept-greedy,40039,0.9657028470488658,0.864167832320754,0.09644007637155325,0.13634547042205586,0.6448887037592718,0.0,-0.0026041666666666665,0.0,0.0,2.49999999975,1.3427629038282751,0.4802699731431857,bess_share,0.2
accept-greedy,40040,0.9981534572967162,0.8961376457445728,0.09981534572967163,0.12000768216041427,0.5545137782090401,0.0,0.0,0.0,0.0,2.49999999975,1.4471167931878646,0.3831852279092813,bess_share,0.2
accept-greedy,40041,0.9858426172122006,0.8841491412727763,0.09767280338788673,0.13133403972964103,0.6445867108548009,0.0,-0.018229166666666668,0.0,0.0,2.49999999975,1.4449158198481762,0.44610675722446624,bess_share,0.2
accept-greedy,40042,0.915820936905789,0.8175250284695477,0.09154954160724557,0.13112381341300275,0.6097612117618446,0.0,-0.0006510416666666666,0.0,0.0,2.49999999975,1.3592306784038257,0.4486075994678847,bess_share,0.2
accept-greedy,40043,1.0378843013026944,0.9310660740832357,0.10378843013026944,0.1349475284775493,0.5924442638569172,0.0,0.0,0.0,0.0,2.49999999975,1.484115793899211,0.3991900539649881,bess_share,0.2
accept-greedy,40044,1.0408820878757394,0.932815866057951,0.10408820878757394,0.1434228046320103,0.6609546598810421,0.0,0.0,0.0,0.0,2.49999999975,1.504628350568587,0.43928100891577154,bess_share,0.2
accept-greedy,40045,0.9841461868123351,0.88377466159216,0.09840159784790017,0.11201214623074279,0.5166085117797756,0.0,-0.00026041666666666666,0.0,0.0,2.4999999997499995,1.4445411946313038,0.3576280923657783,bess_share,0.2
accept-greedy,40046,1.0063990762109203,0.9026373735369079,0.1005878242877587,0.13537715448587634,0.6329621205673993,0.0,-0.0010416666666666667,0.0,0.0,2.49999999975,1.418688598982003,0.44616001074625455,bess_share,0.2
accept-greedy,40047,0.967913590563386,0.8660749676959322,0.09673927572300525,0.13483579770060297,0.6333653597009129,0.0,-0.0010416666666666667,0.0,0.0,2.49999999975,1.4393578566711183,0.44003328065039476,bess_share,0.2
accept-greedy,40048,0.9871882491065028,0.8842279157018336,0.09843236657731695,0.13435599024579897,0.6420804256614346,0.0,-0.005729166666666666,0.0,0.0,2.49999999975,1.381130314877287,0.4648948898920398,bess_share,0.2
accept-greedy,40049,1.017841339592579,0.9135199353489082,0.1017841339592579,0.13623441741793277,0.6088750782696907,0.0,0.0,0.0,0.0,2.49999999975,1.445875722030783,0.42111162736345303,bess_share,0.2
max-exp-cap,40000,1.0112154731756107,0.9071632667147185,0.10112154731756107,0.1348633111757663,0.6183625874901122,0.0,0.0,0.0,0.0,2.4999999997499995,1.5079171440055583,0.4100772976474846,bess_share,0.2
max-exp-cap,40001,0.9669185138319925,0.86805357298058,0.09657466388319924,0.12449755463592195,0.5878115546348427,0.0,-0.00234375,0.0,0.0,2.49999999975,1.446748750880092,0.4062982976672783,bess_share,0.2
max-exp-cap,40002,1.0343979946270427,0.9274304005704186,0.10325099737937096,0.14521458870489606,0.6917281598106365,0.0,-0.0037760416666666667,0.0,0.0,2.49999999975,1.476916857066954,0.46835958063635125,bess_share,0.2
max-exp-cap,40003,1.0164603868260562,0.9106623670051457,0.1004611428492723,0.12863325012641763,0.6310473662106287,0.0,-0.023697916666666666,0.0,0.0,2.4999999997500004,1.4914991741823787,0.42309602119395145,bess_share,0.2
max-exp-cap,40004,0.9957594301217305,0.8934119619676085,0.09951734926217304,0.136666662761669,0.6351344374739502,0.0,-0.0011718750000000002,0.0,0.0,2.4999999997500004,1.4763441065759881,0.430207588220734,bess_share,0.2
max-exp-cap,40005,1.014215951572506,0.9092100880727885,0.1014215951572506,0.14352578330448543,0.6394617114422463,0.0,0.0,0.0,0.0,2.49999999975,1.5498936378002088,0.4125842547168885,bess_share,0.2
max-exp-cap,40006,1.0362933023320626,0.9281803492476524,0.10355771564987293,0.1404326888254423,0.6623503216392828,0.0,-0.0014322916666666666,0.0,0.0,2.49999999975,1.4635580464059692,0.4525617028076225,bess_share,0.2
max-exp-cap,40007,1.0234642894161938,0.9173015827128242,0.10111596019161939,0.12808556888011682,0.6303630702602422,0.0,-0.024609375,0.0,0.0,2.4999999997500004,1.508448571916237,0.4178883403757472,bess_share,0.2
max-exp-cap,40008,1.0078983329902909,0.9048189626602197,0.10078332288236243,0.12659773539400102,0.5807321097858525,0.0,-0.00013020833333333333,0.0,0.0,2.49999999975,1.5335415085173105,0.3786869195000321,bess_share,0.2
max-exp-cap,40009,1.0094026124497757,0.906041777884486,0.1007775008283109,0.12774048133357938,0.6041868825003721,0.0,-0.0032552083333333335,0.0,0.0,2.49999999975,1.5149804196814571,0.3988083770926952,bess_share,0.2
max-exp-cap,40010,1.003764096768407,0.9023557553277924,0.1003764096768407,0.11817347456833342,0.529033434877395,0.0,0.0,0.0,0.0,2.49999999975,1.4712726411890713,0.35957539076498707,bess_share,0.2
max-exp-cap,40011,0.9843157835271946,0.8798179355764179,0.09843157835271946,0.13775070336260078,0.622317668631486,0.0,0.0,0.0,0.0,2.49999999975,1.444955828378089,0.4306828322427096,bess_share,0.2
max-exp-cap,40012,1.0027503662436938,0.8982466726284478,0.10027503662436939,0.1382396348355911,0.6312964903864541,0.0,0.0,0.0,0.0,2.49999999975,1.4895593641345997,0.4238142537898938,bess_share,0.2
max-exp-cap,40013,0.9629450659220001,0.8633511472082013,0.09628148575886668,0.12861672473833774,0.5967311829331202,0.0,-0.00026041666666666666,0.0,0.0,2.49999999975,1.4687228225422402,0.4062925786774573,bess_share,0.2
max-exp-cap,40014,0.982756551540154,0.8806751654947077,0.0973186239040154,0.1181492007865981,0.5809390262450733,0.0,-0.019140625,0.0,0.0,2.49999999975,1.522875609366451,0.38147503490896173,bess_share,0.2
max-exp-cap,40015,1.0123649807995678,0.9064735626680677,0.10067009182995679,0.13853192603897854,0.6657640161825475,0.0,-0.011328125,0.0,0.0,2.4999999997499995,1.4907688534557015,0.4465910423599622,bess_share,0.2
max-exp-cap,40016,0.9899468622220331,0.8878634534097626,0.09898817580553665,0.1313557548303838,0.6057168259684177,0.0,-0.00013020833333333333,0.0,0.0,2.49999999975,1.4535402964328608,0.416718289444682,bess_share,0.2
max-exp-cap,40017,1.0016789418249532,0.8981760491905314,0.09932154001582866,0.13460787962683032,0.6622970161740587,0.0,-0.016927083333333332,0.0,0.0,2.49999999975,1.4818612037762473,0.44693593062988496,bess_share,0.2
max-exp-cap,40018,1.0159057795879798,0.911293357790986,0.10143432795879799,0.1363574806446663,0.6449931172667566,0.0,-0.003125,0.0,0.0,2.4999999997500004,1.5005164622060083,0.42984741154956047,bess_share,0.2
max-exp-cap,40019,1.0145106623854299,0.9091506152765874,0.10136643082187632,0.1366383279086545,0.6412959346495655,0.0,-0.0016927083333333332,0.0,0.0,2.49999999975,1.4686535125063225,0.43665570482663774,bess_share,0.2
max-exp-cap,40020,0.9626320246746289,0.8612508905230664,0.09602231705079622,0.13786283147263495,0.6591179450223199,0.0,-0.0048177083333333336,0.0,0.0,2.49999999975,1.4571510487491972,0.4523333017452787,bess_share,0.2
max-exp-cap,40021,0.9992028724881481,0.8944760148326839,0.09945153724881481,0.138121597079579,0.665266582741172,0.0,-0.009375,0.0,0.0,2.4999999997500004,1.4889416256539292,0.44680501322474153,bess_share,0.2
max-exp-cap,40022,1.023974526413446,0.9192759847106983,0.1023388588913446,0.12903647175640867,0.5994810141933804,0.0,-0.001171875,0.0,0.0,2.4999999997500004,1.5085103772457715,0.39739933064823124,bess_share,0.2
max-exp-cap,40023,1.0224489849010996,0.9170963608754684,0.10224489849010995,0.14038288518874487,0.6329768993775533,0.0,0.0,0.0,0.0,2.49999999975,1.4846969587722831,0.42633407150033553,bess_share,0.2
max-exp-cap,40024,0.995034539177386,0.892486060999911,0.09930163100107194,0.13240087792527258,0.6271209241432761,0.0,-0.004036458333333334,0.0,0.0,2.49999999975,1.528846618907915,0.41019217780737277,bess_share,0.2
max-exp-cap,40025,0.996692810292878,0.8955009510198862,0.0996692810292878,0.13474536251961206,0.6046110741168186,0.0,0.0,0.0,0.0,2.49999999975,1.5366495305416206,0.3934606181174651,bess_share,0.2
max-exp-cap,40026,1.004303042067627,0.8988975055618156,0.10043030420676272,0.1356441870855127,0.6179821113178636,0.0,0.0,0.0,0.0,2.49999999975,1.4928772529189236,0.4139537327061313,bess_share,0.2
max-exp-cap,40027,1.0233399707541375,0.9171808510365392,0.10226889290874708,0.14512005959771532,0.6830397265044235,0.0,-0.0013020833333333333,0.0,0.0,2.49999999975,1.495941952478133,0.45659507400866733,bess_share,0.2
max-exp-cap,40028,1.0002965293553343,0.8931616321306948,0.09863642376886676,0.1359898451349006,0.6675301018656364,0.0,-0.02786458333333333,0.0,0.0,2.49999999975,1.4793766470781216,0.45122390108297156,bess_share,0.2
max-exp-cap,40029,1.0176054155786176,0.9121971615040929,0.10176054155786177,0.14091976329893216,0.6260552333531109,0.0,0.0,0.0,0.0,2.49999999975,1.4818620954115853,0.42247874163973725,bess_share,0.2
max-exp-cap,40030,0.967824109126093,0.8656431966629068,0.09648944216260931,0.14241267302092347,0.6776255609240724,0.0,-0.005859375,0.0,0.0,2.49999999975,1.4365563151057845,0.47170135538624797,bess_share,0.2
max-exp-cap,40031,1.0031123291195876,0.8992138311136847,0.10029821207862544,0.13534707402263718,0.6256793481740269,0.0,-0.00026041666666666666,0.0,0.0,2.49999999975,1.5246227255073765,0.4103830657291352,bess_share,0.2
max-exp-cap,40032,0.9932472487408162,0.8903964181983872,0.09780779779074827,0.13059865886599953,0.6442265776290115,-0.00013020833333333333,-0.030208333333333334,0.0,0.0,2.49999999975,1.5028944703204765,0.4286572280032655,bess_share,0.2
max-exp-cap,40033,0.997020615560411,0.8940157032612203,0.0997020615560411,0.12275320249395724,0.5610966863190856,0.0,0.0,0.0,0.0,2.49999999975,1.5150936255654546,0.3703379625200893,bess_share,0.2
max-exp-cap,40034,1.0443925356662334,0.9362395298251377,0.10374914939995668,0.133711633307846,0.64802671959481,0.0,-0.013802083333333333,0.0,0.0,2.4999999997500004,1.5596543537919958,0.41549380349515214,bess_share,0.2
max-exp-cap,40035,1.0115026274265342,0.907002042205389,0.10043411690932007,0.13713919157406385,0.6711912214838885,0.0,-0.014322916666666666,0.0,0.0,2.49999999975,1.5375264145151166,0.4365396360982581,bess_share,0.2
max-exp-cap,40036,0.9713308446613566,0.8711750139617409,0.09706146988280231,0.13253471864613808,0.6225163274504139,0.0,-0.0014322916666666666,0.0,0.0,2.49999999975,1.4784840553318226,0.421050416611155,bess_share,0.2
max-exp-cap,40037,1.002572312525267,0.8965883674549495,0.1002572312525267,0.14285247089190647,0.642007850784778,0.0,0.0,0.0,0.0,2.49999999975,1.4882879123026838,0.4313734227616358,bess_share,0.2
max-exp-cap,40038,1.036289788789552,0.9286530023891594,0.1035703851289552,0.14644068245396846,0.6865410369233559,0.0,-0.001171875,0.0,0.0,2.49999999975,1.5340302277249065,0.44754074888182155,bess_share,0.2
max-exp-cap,40039,1.0176345399067743,0.9115070801556786,0.1016332456573441,0.1375492544164791,0.6505823780512501,0.0,-0.0026041666666666665,0.0,0.0,2.49999999975,1.4987800116683898,0.434074629356075,bess_share,0.2
max-exp-cap,40040,1.0023224513968652,0.8993953388816064,0.10023224513968651,0.1201811102453275,0.5553151290965961,0.0,0.0,0.0,0.0,2.4999999997500004,1.4676531095751049,0.37836946992015263,bess_share,0.2
max-exp-cap,40041,0.9914169288558992,0.8891797661969403,0.09823023455225657,0.13172936241665337,0.6465269523266397,0.0,-0.018229166666666668,0.0,0.0,2.49999999975,1.47742027226723,0.43760530734730463,bess_share,0.2
max-exp-cap,40042,0.9832570961652067,0.8801542021841178,0.09829315753318733,0.13227238102560065,0.6151023619390608,0.0,-0.0006510416666666666,0.0,0.0,2.4999999997499995,1.5012346562436307,0.4097309900093578,bess_share,0.2
max-exp-cap,40043,1.0262394346936023,0.9199590606038401,0.10262394346936024,0.13498491037245627,0.5926083771938534,0.0,0.0,0.0,0.0,2.49999999975,1.4885262286863985,0.39811752441663134,bess_share,0.2
max-exp-cap,40044,1.027689753001987,0.9205205483466258,0.10276897530019871,0.14345847489695834,0.6611190439753086,0.0,0.0,0.0,0.0,2.49999999975,1.5090046722249393,0.4381159688528513,bess_share,0.2
max-exp-cap,40045,0.9821339333513477,0.8816589136229451,0.09820037250180144,0.11213525696639956,0.5171763078275431,0.0,-0.00026041666666666666,0.0,0.0,2.49999999975,1.4587873642283486,0.35452480636279204,bess_share,0.2
max-exp-cap,40046,1.0319347717558123,0.9259849750489739,0.1031413938422479,0.13616269933736133,0.6366349716986338,0.0,-0.0010416666666666667,0.0,0.0,2.49999999975,1.516952974073241,0.41968009726048106,bess_share,0.2
max-exp-cap,40047,1.0130978006494504,0.9088347354538954,0.10125769673161171,0.13552215493085806,0.6365893914598164,0.0,-0.0010416666666666667,0.0,0.0,2.49999999975,1.5265058153341928,0.41702388884804215,bess_share,0.2
max-exp-cap,40048,0.9993402929431537,0.8950471162184642,0.09964757096098205,0.1346774819605667,0.6436168181712665,0.0,-0.005729166666666666,0.0,0.0,2.49999999975,1.4217227311030043,0.4527020663670012,bess_share,0.2
max-exp-cap,40049,1.0338874457394005,0.9284433885806042,0.10338874457394005,0.1368703872901462,0.6117174305405797,0.0,0.0,0.0,0.0,2.49999999975,1.5221982656702187,0.4018644905440374,bess_share,0.2
accept-greedy,40000,1.0204694588037446,0.9146607051492733,0.10204694588037447,0.13906185751470923,0.637613367818813,0.0,0.0,0.0,0.0,2.49999999975,1.4163130611562764,0.4501923941153703,bess_share,0.3
accept-greedy,40001,0.9445850121059736,0.8470228281257965,0.09434131371059737,0.12688824825506137,0.5990991444757156,0.0,-0.00234375,0.0,0.0,2.49999999975,1.3516843042712274,0.4432241630553853,bess_share,0.3
accept-greedy,40002,0.9911554856801988,0.8861154047609663,0.09892674648468655,0.15016184030728988,0.7152943405750125,0.0,-0.0037760416666666667,0.0,0.0,2.49999999975,1.4217247196512095,0.5031173269256337,bess_share,0.3
accept-greedy,40003,1.0214789588194646,0.9150304427388721,0.10096300004861314,0.1334977329715699,0.6549114844257347,0.0,-0.023697916666666666,0.0,0.0,2.49999999975,1.4653876602933051,0.44692029431628394,bess_share,0.3
accept-greedy,40004,0.9895600503363959,0.8869769804871073,0.09889741128363957,0.14210588789737824,0.6604122859781414,0.0,-0.0011718750000000002,0.0,0.0,2.49999999975,1.435988062235448,0.45990095833391315,bess_share,0.3
accept-greedy,40005,0.9778419164638535,0.8740120031008985,0.09778419164638535,0.14737228759764187,0.6565993445680911,0.0,0.0,0.0,0.0,2.49999999975,1.4682243011124323,0.44720642756737117,bess_share,0.3
accept-greedy,40006,0.9755138594645818,0.8711686743457162,0.09747977136312484,0.14379028379295516,0.6781864074200721,0.0,-0.0014322916666666666,0.0,0.0,2.49999999975,1.3514859762304288,0.5018079501732403,bess_share,0.3
accept-greedy,40007,0.9894316066172136,0.8848016218870836,0.09771920232838803,0.13121328488133976,0.6457558789792193,0.0,-0.024479166666666663,0.0,0.0,2.49999999975,1.4467830035019889,0.44633913822331656,bess_share,0.3
accept-greedy,40008,0.9539528560633495,0.8535366402174265,0.09538877518966828,0.13058206820477403,0.5990091349797713,0.0,-0.00013020833333333333,0.0,0.0,2.49999999975,1.3982956189290023,0.4283851904210147,bess_share,0.3
accept-greedy,40009,0.9374268249334066,0.8372991299779521,0.093579922076674,0.13158505909292872,0.622370964998744,0.0,-0.0032552083333333335,0.0,0.0,2.49999999975,1.3982029168557513,0.4451220616806597,bess_share,0.3
accept-greedy,40010,0.9646045277590585,0.8652574581750365,0.09646045277590584,0.12235379084093959,0.5477476775164392,0.0,0.0,0.0,0.0,2.49999999975,1.4119076278220068,0.3879486637248279,bess_share,0.3
accept-greedy,40011,0.9453419875740876,0.8426865529920151,0.09453419875740876,0.1416970545608544,0.640146137142704,0.0,0.0,0.0,0.0,2.49999999975,1.367058816223544,0.46826524912153167,bess_share,0.3
accept-greedy,40012,0.981005977334418,0.8778465296081784,0.09810059773344179,0.14334130486158256,0.6545941964773919,0.0,0.0,0.0,0.0,2.4999999997500004,1.4095595273206023,0.4643962768437983,bess_share,0.3
accept-greedy,40013,0.9350174044721222,0.8370891357431385,0.09348871961387889,0.13164752006411248,0.6107928851235401,0.0,-0.00026041666666666666,0.0,0.0,2.49999999975,1.3996494952920104,0.43638988702390075,bess_share,0.3
accept-greedy,40014,0.9254260664426046,0.8267973721154231,0.09160510664426047,0.11982756660719258,0.5891915425465614,0.0,-0.018749999999999996,0.0,0.0,2.49999999975,1.3909908116102252,0.42357687601437655,bess_share,0.3
accept-greedy,40015,1.0002192476329055,0.8944170349473628,0.09945551851329057,0.14374219089784454,0.6908037810728256,0.0,-0.011328125,0.0,0.0,2.49999999975,1.450265611331264,0.47632914665797377,bess_share,0.3
accept-greedy,40016,0.9115374534430793,0.8138714618546443,0.09114723492764126,0.13509920513338392,0.6229788853173336,0.0,-0.00013020833333333333,0.0,0.0,2.4999999997500004,1.3848396256865283,0.44985633986931484,bess_share,0.3
accept-greedy,40017,0.9430067807695102,0.842965784733983,0.09344781349361768,0.1381246943058851,0.6796004301705661,0.0,-0.017057291666666665,0.0,0.0,2.49999999975,1.3635711012236476,0.49839750164894464,bess_share,0.3
accept-greedy,40018,1.0061947468312638,0.9014108386178352,0.10046322468312638,0.14157250821680575,0.6696610480211511,0.0,-0.003125,0.0,0.0,2.49999999975,1.450169555505341,0.46178120722427807,bess_share,0.3
accept-greedy,40019,0.9476389172165192,0.8460362383425214,0.09467925630498523,0.14104782352757875,0.6619913841442462,0.0,-0.0016927083333333332,0.0,0.0,2.49999999975,1.3493283963907103,0.49060805799017704,bess_share,0.3
accept-greedy,40020,0.8831732117814874,0.7877695666778237,0.08807643576148208,0.14021330991098893,0.6703555099378109,0.0,-0.0048177083333333336,0.0,0.0,2.49999999975,1.348463635438357,0.4971253894584206,bess_share,0.3
accept-greedy,40021,1.036573499027626,0.9281510145514834,0.10318859990276259,0.1437858742981655,0.6925487343277673,0.0,-0.009375,0.0,0.0,2.49999999975,1.4890075672483376,0.4651075988872148,bess_share,0.3
accept-greedy,40022,0.999752936070488,0.8952201858985804,0.09991669985704879,0.13307012510923952,0.6182206664013574,0.0,-0.001171875,0.0,0.0,2.49999999975,1.4515940871853066,0.42589086843148394,bess_share,0.3
accept-greedy,40023,0.9760402376629758,0.8729831970210744,0.09760402376629758,0.14518749695959812,0.6546405676896747,0.0,0.0,0.0,0.0,2.49999999975,1.3734462091584807,0.4766408493644445,bess_share,0.3
accept-greedy,40024,0.992374214514632,0.8887570953553797,0.09903559853479653,0.1377622534080497,0.6525152478073228,0.0,-0.004036458333333334,0.0,0.0,2.49999999975,1.4789747160622086,0.4411943224727019,bess_share,0.3
accept-greedy,40025,0.9406538172499561,0.8429242763717255,0.09406538172499561,0.13920841222588015,0.6246370640751057,0.0,0.0,0.0,0.0,2.49999999975,1.3954074054151124,0.4476377734925992,bess_share,0.3
accept-greedy,40026,0.9666902778969746,0.8629130390797403,0.09666902778969746,0.1402381231457853,0.6389116503330283,0.0,0.0,0.0,0.0,2.49999999975,1.4230536527971798,0.4489722851117891,bess_share,0.3
accept-greedy,40027,0.9638438182545586,0.8615485633982922,0.0963192776587892,0.1475045073606208,0.6942626584157929,0.0,-0.0013020833333333333,0.0,0.0,2.49999999975,1.3814816876954816,0.502549302389905,bess_share,0.3
accept-greedy,40028,0.9184107798039652,0.8164458700713326,0.09044784881372986,0.13979204549420085,0.686193871874636,0.0,-0.02786458333333333,0.0,0.0,2.49999999975,1.3644143442064496,0.5029219128253375,bess_share,0.3
accept-greedy,40029,1.0112722438818544,0.9056134752162184,0.10112722438818544,0.14655310209010455,0.6510821078588765,0.0,0.0,0.0,0.0,2.49999999975,1.4330518993212158,0.45433253894521913,bess_share,0.3
accept-greedy,40030,0.9995065481568326,0.8939433226736047,0.09965768606568326,0.14739043765354523,0.7013106760179572,0.0,-0.005859375,0.0,0.0,2.49999999975,1.485570605047746,0.4720816860773959,bess_share,0.3
accept-greedy,40031,0.9761010905585389,0.872836244531448,0.09759708822252056,0.1397261263310323,0.6459227307053579,0.0,-0.00026041666666666666,0.0,0.0,2.49999999975,1.4148316644404284,0.4565368071266789,bess_share,0.3
accept-greedy,40032,0.9695542806348842,0.8678988369264761,0.09543850098015508,0.1343464615976425,0.6627140119441856,-0.00013020833333333333,-0.030208333333333334,0.0,0.0,2.49999999975,1.4427017203322037,0.45935622215213395,bess_share,0.3
accept-greedy,40033,0.9679831060382001,0.8664590290053658,0.09679831060382002,0.1251341241191447,0.5719797199763452,0.0,0.0,0.0,0.0,2.49999999975,1.4090045695923354,0.405945965201401,bess_share,0.3
accept-greedy,40034,1.0021082466445135,0.8966795155210028,0.09952072049778468,0.13743451070809518,0.6660694580570853,0.0,-0.013802083333333333,0.0,0.0,2.4999999997499995,1.4337176922020736,0.4645750426878369,bess_share,0.3
accept-greedy,40035,1.0076838907185302,0.9031639584178,0.10005224323851966,0.1371559558828218,0.6712732699249172,0.0,-0.014322916666666666,0.0,0.0,2.49999999975,1.4484201910879204,0.46345202452661083,bess_share,0.3
accept-greedy,40036,0.9184168802510105,0.8208295665412975,0.09177007344176773,0.1368533981379358,0.6428011895916871,0.0,-0.0014322916666666666,0.0,0.0,2.4999999997500004,1.3485193680741245,0.4766718260114407,bess_share,0.3
accept-greedy,40037,0.9586526940670403,0.8545576998410921,0.09586526940670403,0.14500378525841612,0.6516762919687626,0.0,0.0,0.0,0.0,2.49999999975,1.3712868165600476,0.47522975069761875,bess_share,0.3
accept-greedy,40038,1.0050546908102098,0.8973745421267804,0.100446875331021,0.15197857022764405,0.712503680300817,0.0,-0.001171875,0.0,0.0,2.49999999975,1.4789796685163583,0.481753532836301,bess_share,0.3
accept-greedy,40039,0.9588921114942482,0.8570541481738636,0.09575900281609148,0.14061483082625936,0.6650819840231871,0.0,-0.0026041666666666665,0.0,0.0,2.49999999975,1.3427629038282751,0.49530857765507935,bess_share,0.3
accept-greedy,40040,0.9952474267191025,0.8923791730247437,0.09952474267191025,0.12460729168680423,0.5757669747615364,0.0,0.0,0.0,0.0,2.49999999975,1.4471167931878646,0.39787180790928073,bess_share,0.3
accept-greedy,40041,0.9852133501252678,0.8823790047307692,0.09760987667919345,0.1360518897198389,0.6677418914442979,0.0,-0.018229166666666668,0.0,0.0,2.49999999975,1.4449158198481762,0.4621320372244665,bess_share,0.3
accept-greedy,40042,0.9099553177939056,0.8113206638894619,0.09096297969605723,0.1364195902982307,0.6343880072058273,0.0,-0.0006510416666666666,0.0,0.0,2.49999999975,1.3592306784038257,0.4667257863476147,bess_share,0.3
accept-greedy,40043,1.0458701505931438,0.9368491268471287,0.10458701505931438,0.1412370513153315,0.6200564162963083,0.0,0.0,0.0,0.0,2.49999999975,1.484115793899211,0.4177951739649887,bess_share,0.3
accept-greedy,40044,1.0481015537426244,0.937919269906069,0.10481015537426244,0.1495547227275967,0.6892132053033379,0.0,0.0,0.0,0.0,2.49999999975,1.504628350568587,0.45806208891577094,bess_share,0.3
accept-greedy,40045,0.9858327056767244,0.8840235568016427,0.09857024973433912,0.11651546538600092,0.5373781611897138,0.0,-0.00026041666666666666,0.0,0.0,2.4999999997499995,1.4445411946313038,0.3720061173657779,bess_share,0.3
accept-greedy,40046,1.0046798827684538,0.8998379695065042,0.10041590494351205,0.14104779312656504,0.6594754526921061,0.0,-0.0010416666666666667,0.0,0.0,2.49999999975,1.418688598982003,0.4648486307462544,bess_share,0.3
accept-greedy,40047,0.9702599989621283,0.8669758585751367,0.0969739165628795,0.14023516244015413,0.658727842429837,0.0,-0.0010416666666666667,0.0,0.0,2.49999999975,1.4393578566711183,0.4576539735249112,bess_share,0.3
accept-greedy,40048,0.979248467684759,0.8760361884762263,0.09763838843514258,0.1398252625204326,0.668217798946619,0.0,-0.005729166666666666,0.0,0.0,2.49999999975,1.381130314877287,0.48381951489203967,bess_share,0.3
accept-greedy,40049,1.021779133438927,0.9157666230168371,0.1021779133438927,0.14225841343751544,0.6357982384918806,0.0,0.0,0.0,0.0,2.49999999975,1.445875722030783,0.43973228736345316,bess_share,0.3
max-exp-cap,40000,1.0152509646802526,0.9094373998083607,0.10152509646802525,0.14085973796055026,0.6458568403748086,0.0,0.0,0.0,0.0,2.4999999997499995,1.5079171440055583,0.4283105626474845,bess_share,0.3
max-exp-cap,40001,0.9658996990748936,0.865890847477672,0.09647278240748937,0.1294536919045879,0.6112118114623581,0.0,-0.00234375,0.0,0.0,2.49999999975,1.446748750880092,0.4224726726672778,bess_share,0.3
max-exp-cap,40002,1.0335935832121055,0.9255168729271475,0.10317055623787721,0.15088647979124817,0.7187461531045597,0.0,-0.0037760416666666667,0.0,0.0,2.49999999975,1.476916857066954,0.4866530906363515,bess_share,0.3
max-exp-cap,40003,1.014393446412563,0.9076149494991921,0.10025444880792296,0.13376738098380797,0.6562343202225411,0.0,-0.023697916666666666,0.0,0.0,2.4999999997500004,1.4914991741823787,0.4399830261939506,bess_share,0.3
max-exp-cap,40004,0.9941993932414678,0.890798801407788,0.09936134557414678,0.14259177921775465,0.6626703809971068,0.0,-0.0011718750000000002,0.0,0.0,2.4999999997500004,1.4763441065759881,0.4488590282207347,bess_share,0.3
max-exp-cap,40005,1.024828205124951,0.917341835307767,0.1024828205124951,0.14892900299997103,0.6635351011442463,0.0,0.0,0.0,0.0,2.49999999975,1.5498936378002088,0.42811653971688873,bess_share,0.3
max-exp-cap,40006,1.0404506458893465,0.9305541507794945,0.10397345000560132,0.14614309812450052,0.6892834485882695,0.0,-0.0014322916666666666,0.0,0.0,2.49999999975,1.4635580464059692,0.4709642028076231,bess_share,0.3
max-exp-cap,40007,1.0259546870425027,0.9182421310217486,0.10136499995425027,0.13265638369709506,0.6528579764921706,0.0,-0.024609375,0.0,0.0,2.4999999997500004,1.508448571916237,0.4328009510213672,bess_share,0.3
max-exp-cap,40008,1.0113361523930047,0.9064998465558393,0.10112710482263379,0.13221002490745104,0.6064769362610763,0.0,-0.00013020833333333333,0.0,0.0,2.49999999975,1.5335415085173105,0.39547474450003156,bess_share,0.3
max-exp-cap,40009,1.013809077193406,0.9086642080806406,0.10121814730267395,0.1330700815121462,0.6293948235011021,0.0,-0.0032552083333333335,0.0,0.0,2.49999999975,1.5149804196814571,0.4154474970926951,bess_share,0.3
max-exp-cap,40010,1.0061786416096938,0.90321480148713,0.10061786416096938,0.1234017538310017,0.5524391487817302,0.0,0.0,0.0,0.0,2.49999999975,1.4712726411890713,0.3754838724760443,bess_share,0.3
max-exp-cap,40011,0.9848580624354635,0.879084041697242,0.09848580624354634,0.14332042239542495,0.6474800415183645,0.0,0.0,0.0,0.0,2.49999999975,1.444955828378089,0.44809677140451937,bess_share,0.3
max-exp-cap,40012,1.0049210532463535,0.8988442921409392,0.10049210532463534,0.14432116853522423,0.6590689225497145,0.0,0.0,0.0,0.0,2.49999999975,1.4895593641345997,0.44245898378989323,bess_share,0.3
max-exp-cap,40013,0.9609231067011479,0.8604511869386492,0.09607928983678146,0.13309921004998498,0.6175281575718491,0.0,-0.00026041666666666666,0.0,0.0,2.49999999975,1.4687228225422402,0.420452482996729,bess_share,0.3
max-exp-cap,40014,0.9833438135670923,0.8800198133185867,0.09737735010670923,0.12189366050555123,0.5993505158570224,0.0,-0.019140625,0.0,0.0,2.49999999975,1.522875609366451,0.39356498467157475,bess_share,0.3
max-exp-cap,40015,1.0107952563218021,0.9039131396927882,0.10051311938218022,0.14420455616151978,0.6930258403748895,0.0,-0.011328125,0.0,0.0,2.4999999997499995,1.4907688534557015,0.4648781323599627,bess_share,0.3
max-exp-cap,40016,0.9901628458369574,0.8868681958416986,0.09900977416702907,0.1363327184728275,0.6286669481336317,0.0,-0.00013020833333333333,0.0,0.0,2.49999999975,1.4535402964328608,0.4325074094446819,bess_share,0.3
max-exp-cap,40017,1.0068822033393698,0.9015588245711388,0.09983535575060365,0.1401942403184968,0.6897830001121438,0.0,-0.017057291666666665,0.0,0.0,2.49999999975,1.4818612037762473,0.46548421562988507,bess_share,0.3
max-exp-cap,40018,1.0201482806136943,0.9137551544624397,0.10185857806136944,0.14215620268071633,0.6724220180099565,0.0,-0.003125,0.0,0.0,2.4999999997500004,1.5005164622060083,0.4481270515495608,bess_share,0.3
max-exp-cap,40019,1.015630420516312,0.9088844240864458,0.10147840663496455,0.14246901895678096,0.668661597875925,0.0,-0.0016927083333333332,0.0,0.0,2.49999999975,1.4686535125063225,0.4552888698266375,bess_share,0.3
max-exp-cap,40020,0.9596933006200287,0.8576124068558454,0.0957284446453362,0.14256813697254742,0.6816138654867137,0.0,-0.0048177083333333336,0.0,0.0,2.49999999975,1.4571510487491972,0.4677715917452783,bess_share,0.3
max-exp-cap,40021,1.000303287197174,0.8942225862586827,0.09956157871971741,0.1437851218270573,0.6925451100293712,0.0,-0.009375,0.0,0.0,2.4999999997500004,1.4889416256539292,0.4651257632247416,bess_share,0.3
max-exp-cap,40022,1.029074731201061,0.9225036510897857,0.10284887937010612,0.13414918698962497,0.623233800297734,0.0,-0.001171875,0.0,0.0,2.4999999997500004,1.5085103772457715,0.4131451859387472,bess_share,0.3
max-exp-cap,40023,1.0244445764366812,0.9175224245896565,0.10244445764366812,0.14658074371549873,0.6609226227310147,0.0,0.0,0.0,0.0,2.49999999975,1.4846969587722831,0.4451565815003359,bess_share,0.3
max-exp-cap,40024,1.000677860541829,0.896160711726314,0.09986596313751624,0.13834384274567119,0.6552699640040455,0.0,-0.004036458333333334,0.0,0.0,2.49999999975,1.528846618907915,0.4286041228073733,bess_share,0.3
max-exp-cap,40025,1.0023452542844902,0.8991915317783558,0.10023452542844902,0.14095270614312047,0.6324638226303368,0.0,0.0,0.0,0.0,2.49999999975,1.5366495305416206,0.4115862531174648,bess_share,0.3
max-exp-cap,40026,1.0077864791041753,0.9007319132384273,0.10077864791041753,0.14155990185848277,0.6449335493699022,0.0,0.0,0.0,0.0,2.49999999975,1.4928772529189236,0.43200708437944685,bess_share,0.3
max-exp-cap,40027,1.0232451324291396,0.9158600788712541,0.10225940907624728,0.1505686933237506,0.7086849288311768,0.0,-0.0013020833333333333,0.0,0.0,2.49999999975,1.495941952478133,0.47373825411954684,bess_share,0.3
max-exp-cap,40028,1.0000644032770853,0.8918436254263259,0.0986067007443752,0.14164438131255916,0.6952863884246144,0.0,-0.027994791666666668,0.0,0.0,2.49999999975,1.4793766470781216,0.46998605108297237,bess_share,0.3
max-exp-cap,40029,1.017364653625559,0.9106484808379771,0.1017364653625559,0.14717079989692658,0.653826314459418,0.0,0.0,0.0,0.0,2.49999999975,1.4818620954115853,0.44121940663973763,bess_share,0.3
max-exp-cap,40030,0.9677671120685151,0.8644927970704908,0.09648374245685151,0.1462721993457655,0.6959898935027331,0.0,-0.005859375,0.0,0.0,2.49999999975,1.4365563151057845,0.48448493538624837,bess_share,0.3
max-exp-cap,40031,1.005562231777402,0.9000909998408582,0.10054320234440688,0.14139002277050639,0.6536145529866813,0.0,-0.00026041666666666666,0.0,0.0,2.49999999975,1.5246227255073765,0.4287057657291354,bess_share,0.3
max-exp-cap,40032,0.9921797189618159,0.8882451311971984,0.09770104481284825,0.13541975784349522,0.668008445847655,-0.00013020833333333333,-0.030208333333333334,0.0,0.0,2.49999999975,1.5028944703204765,0.44448127199856496,bess_share,0.3
max-exp-cap,40033,1.002120683401885,0.8973913474130158,0.1002120683401885,0.12721463507312636,0.5814895965287483,0.0,0.0,0.0,0.0,2.49999999975,1.5150936255654546,0.3837977975200893,bess_share,0.3
max-exp-cap,40034,1.0482650786499843,0.9383535817423236,0.10413640369833177,0.139589903202977,0.6765154596004349,0.0,-0.013802083333333333,0.0,0.0,2.4999999997500004,1.5596543537919958,0.43375986349515155,bess_share,0.3
max-exp-cap,40035,1.0134118647337558,0.9076306113693899,0.10062504064004223,0.14047989751282985,0.6875414163036375,0.0,-0.014322916666666666,0.0,0.0,2.49999999975,1.5375264145151166,0.44717372645624737,bess_share,0.3
max-exp-cap,40036,0.9741407581885548,0.872380038555665,0.09734246123552216,0.13840019491038122,0.6500665028313506,0.0,-0.0014322916666666666,0.0,0.0,2.49999999975,1.4784840553318226,0.4396844866111548,bess_share,0.3
max-exp-cap,40037,1.0063930008154616,0.898755523668669,0.10063930008154616,0.14811508906070814,0.6656591195304886,0.0,0.0,0.0,0.0,2.49999999975,1.4882879123026838,0.4472650177616364,bess_share,0.3
max-exp-cap,40038,1.0464373237320415,0.9363513048936765,0.10458513862320415,0.1526467021493976,0.715636006473269,0.0,-0.001171875,0.0,0.0,2.49999999975,1.5340302277249065,0.4665071088818219,bess_share,0.3
max-exp-cap,40039,1.0224796057762935,0.9144820893858512,0.10211775224429602,0.14333133631180742,0.6779305494790633,0.0,-0.0026041666666666665,0.0,0.0,2.49999999975,1.4987800116683898,0.45232158435607545,bess_share,0.3
max-exp-cap,40040,1.0047990556595432,0.9003998245105327,0.10047990556595432,0.12484599372675455,0.5768699339026198,0.0,0.0,0.0,0.0,2.4999999997500004,1.4676531095751049,0.3930560499201527,bess_share,0.3
max-exp-cap,40041,0.9909478417720597,0.8875465238727276,0.09818332584387265,0.1365533439395122,0.6702030258673985,0.0,-0.018229166666666668,0.0,0.0,2.49999999975,1.47742027226723,0.4536305873473048,bess_share,0.3
max-exp-cap,40042,0.9857093113479506,0.881104299458622,0.09853837905146172,0.1383435824500283,0.6433350913041613,0.0,-0.0006510416666666666,0.0,0.0,2.4999999997499995,1.5012346562436307,0.4285373300093576,bess_share,0.3
max-exp-cap,40043,1.0337686732928477,0.9253484724251791,0.10337686732928478,0.14129312415769163,0.620302586301711,0.0,0.0,0.0,0.0,2.49999999975,1.4885262286863985,0.4167226444166311,bess_share,0.3
max-exp-cap,40044,1.032393583755067,0.92342264149111,0.10323935837550671,0.1496082281250193,0.6894597814447402,0.0,0.0,0.0,0.0,2.49999999975,1.5090046722249393,0.4568970488528521,bess_share,0.3
max-exp-cap,40045,0.9843313955573733,0.8823650535547795,0.098420118722404,0.11668298818043053,0.5381507890201028,0.0,-0.00026041666666666666,0.0,0.0,2.49999999975,1.4587873642283486,0.36890283136279234,bess_share,0.3
max-exp-cap,40046,1.0336014118552643,0.9261165408331931,0.1033080578521931,0.1422261104037927,0.6649847293889584,0.0,-0.0010416666666666667,0.0,0.0,2.49999999975,1.516952974073241,0.438368717260481,bess_share,0.3
max-exp-cap,40047,1.021514209947318,0.9150131015801827,0.10209933766139848,0.14153335886181756,0.6648258717187282,0.0,-0.0010416666666666667,0.0,0.0,2.49999999975,1.5265058153341928,0.4355213488480423,bess_share,0.3
max-exp-cap,40048,0.994440168351105,0.8894855115359938,0.09915755850177718,0.14030750009258416,0.6705223877113667,0.0,-0.005729166666666666,0.0,0.0,2.49999999975,1.4217227311030043,0.47162669136700125,bess_share,0.3
max-exp-cap,40049,1.04210843336728,0.9344018490309713,0.104210843336728,0.14321236824583575,0.6400617668982149,0.0,0.0,0.0,0.0,2.49999999975,1.5221982656702187,0.4204851505440377,bess_share,0.3
accept-greedy,40000,1.0095853092318023,0.9092538859595478,0.10095853092318023,0.12287045760619832,0.494987344535436,0.0,0.0,0.0,0.0,2.49999999975,1.4163130611562764,0.34949006551653833,growth_mean,0.01
accept-greedy,40001,0.9707737348920843,0.8747903232487925,0.09707737348920843,0.11458528009858945,0.46740447490187215,0.0,0.0,0.0,0.0,2.49999999975,1.3516843042712274,0.34579411288930917,growth_mean,0.01
accept-greedy,40002,1.0004205413552303,0.8986449903428938,0.10004205413552303,0.13387080653219233,0.5566880580370543,0.0,0.0,0.0,0.0,2.49999999975,1.4217247196512095,0.39155826043006847,growth_mean,0.01
accept-greedy,40003,1.0195094444596222,0.9184775838499466,0.10195094444596223,0.11836498841163641,0.501491680006372,0.0,0.0,0.0,0.0,2.49999999975,1.4653876602933051,0.34222458233747904,growth_mean,0.01
accept-greedy,40004,1.0106830058413405,0.9102693038349787,0.10106830058413405,0.12481642984949792,0.5022787019251754,0.0,0.0,0.0,0.0,2.49999999975,1.435988062235448,0.34977916260895814,growth_mean,0.01
accept-greedy,40005,0.9704080884542053,0.8719402660083235,0.09704080884542053,0.13183395125589314,0.5116671137784902,0.0,0.0,0.0,0.0,2.49999999975,1.4682243011124323,0.34849383257777056,growth_mean,0.01
accept-greedy,40006,0.9990915763563231,0.8965224120635975,0.09990915763563231,0.12901187022732616,0.5296586351801389,0.0,0.0,0.0,0.0,2.49999999975,1.3514859762304288,0.391908347179055,growth_mean,0.01
accept-greedy,40007,0.9916579274097673,0.8916571859664427,0.09916579274097673,0.11939131731093347,0.5074491037761295,0.0,0.0,0.0,0.0,2.49999999975,1.4467830035019889,0.3507430641276758,growth_mean,0.01
accept-greedy,40008,0.976591648755776,0.8783313571128204,0.0976591648755776,0.11542652888717438,0.46741409967866276,0.0,0.0,0.0,0.0,2.49999999975,1.3982956189290023,0.33427416445505964,growth_mean,0.01
accept-greedy,40009,0.9473841215539964,0.8504256536094029,0.09473841215539965,0.1172963790517919,0.4804832939126177,0.0,0.0,0.0,0.0,2.49999999975,1.3982029168557513,0.343643464135462,growth_mean,0.01
accept-greedy,40010,0.9811196423066251,0.8843453057559605,0.09811196423066251,0.10727589552157862,0.41790087129430686,0.0,0.0,0.0,0.0,2.49999999975,1.4119076278220068,0.2959831529056587,growth_mean,0.01
accept-greedy,40011,0.9615365969549416,0.8612108918453578,0.09615365969549416,0.1262255825992992,0.49558659907657193,0.0,0.0,0.0,0.0,2.49999999975,1.367058816223544,0.36252031967842757,growth_mean,0.01
accept-greedy,40012,0.9996090904833478,0.8991127738084423,0.09996090904833478,0.1260765674363246,0.49924680350362266,0.0,0.0,0.0,0.0,2.4999999997500004,1.4095595273206023,0.3541863921509075,growth_mean,0.01
accept-greedy,40013,0.9638165215263156,0.8667148083886861,0.09638165215263156,0.11854188883301717,0.4752419300730676,0.0,0.0,0.0,0.0,2.49999999975,1.3996494952920104,0.3395435297705854,growth_mean,0.01
accept-greedy,40014,0.9385527634645712,0.8428663718501479,0.09385527634645711,0.10975341080544304,0.4660631541866978,0.0,0.0,0.0,0.0,2.49999999975,1.3909908116102252,0.33505839887409344,growth_mean,0.01
accept-greedy,40015,1.0110896119356423,0.9086975649905814,0.10110896119356423,0.1271866657938965,0.5277066330610042,0.0,0.0,0.0,0.0,2.49999999975,1.450265611331264,0.3638689554092085,growth_mean,0.01
accept-greedy,40016,0.9316899089036804,0.835422324133442,0.09316899089036804,0.12082012482155464,0.49087195117873217,0.0,0.0,0.0,0.0,2.4999999997500004,1.3848396256865283,0.35446122574329464,growth_mean,0.01
accept-greedy,40017,0.9554854978621583,0.8584302298649182,0.09554854978621583,0.12343515824349746,0.5283514833979398,0.0,0.0,0.0,0.0,2.49999999975,1.3635711012236476,0.38747629875978257,growth_mean,0.01
accept-greedy,40018,1.004863323316026,0.9048592302102249,0.1004863323316026,0.12476003657256636,0.5097251370898984,0.0,0.0,0.0,0.0,2.49999999975,1.450169555505341,0.35149347547313137,growth_mean,0.01
accept-greedy,40019,0.9669045839003413,0.8674056913211314,0.09669045839003412,0.12497694581240146,0.5099861803881336,0.0,0.0,0.0,0.0,2.49999999975,1.3493283963907103,0.3779555679345997,growth_mean,0.01
accept-greedy,40020,0.9236155493150884,0.8272527414088896,0.09236155493150884,0.12729502834887235,0.5253361163983641,0.0,0.0,0.0,0.0,2.49999999975,1.348463635438357,0.3895812260651645,growth_mean,0.01
accept-greedy,40021,1.0218202288961797,0.9198589268188517,0.10218202288961797,0.1267945475846222,0.5282895792318618,0.0,0.0,0.0,0.0,2.49999999975,1.4890075672483376,0.35479307886133354,growth_mean,0.01
accept-greedy,40022,0.9951363194612107,0.8956574708588309,0.09951363194612108,0.11720896363859042,0.4714310584982509,0.0,0.0,0.0,0.0,2.49999999975,1.4515940871853066,0.32476782776951973,growth_mean,0.01
accept-greedy,40023,0.9927298644736544,0.8922382792039648,0.09927298644736544,0.12798716813523764,0.5047058917097311,0.0,0.0,0.0,0.0,2.49999999975,1.3734462091584807,0.3674740869676779,growth_mean,0.01
accept-greedy,40024,0.9823542034200252,0.8845703957568779,0.09823542034200253,0.12051494828447586,0.5002122606183261,0.0,0.0,0.0,0.0,2.49999999975,1.4789747160622086,0.33821555918829255,growth_mean,0.01
accept-greedy,40025,0.9595524539636846,0.8642169406082052,0.09595524539636846,0.12233067527259466,0.4819999370054429,0.0,0.0,0.0,0.0,2.49999999975,1.3954074054151124,0.34541878962012196,growth_mean,0.01
accept-greedy,40026,0.9727785271082887,0.8726265137764839,0.09727785271082887,0.12374848100892338,0.4863784162385978,0.0,0.0,0.0,0.0,2.49999999975,1.4230536527971798,0.3417850165259501,growth_mean,0.01
accept-greedy,40027,0.9947923656814475,0.8932270509276703,0.09947923656814475,0.1340580286363646,0.5460549257929219,0.0,0.0,0.0,0.0,2.49999999975,1.3814816876954816,0.39526758165272774,growth_mean,0.01
accept-greedy,40028,0.9332666001545789,0.8339039750801459,0.09332666001545789,0.12468077277958423,0.5290037637651426,0.0,0.0,0.0,0.0,2.49999999975,1.3644143442064496,0.3877148946809218,growth_mean,0.01
accept-greedy,40029,1.0201646234983488,0.9183264431380984,0.10201646234983489,0.12841769010294396,0.49829466127873184,0.0,0.0,0.0,0.0,2.49999999975,1.4330518993212158,0.3477157118418082,growth_mean,0.01
accept-greedy,40030,0.9914818463047825,0.8912829125631563,0.09914818463047825,0.13286924594086924,0.5505387029674302,0.0,0.0,0.0,0.0,2.49999999975,1.485570605047746,0.3705907353691453,growth_mean,0.01
accept-greedy,40031,0.9742640318489814,0.8754796607676437,0.09742640318489813,0.12326117652689879,0.4952609939718823,0.0,0.0,0.0,0.0,2.49999999975,1.4148316644404284,0.35004941324080413,growth_mean,0.01
accept-greedy,40032,0.9706984624360429,0.8739604738132234,0.09706984624360429,0.11916139806262813,0.5076679706823461,0.0,0.0,0.0,0.0,2.49999999975,1.4427017203322037,0.35188699335954765,growth_mean,0.01
accept-greedy,40033,0.9783634854579663,0.8796543448749543,0.09783634854579662,0.11493316011168822,0.4576553684655205,0.0,0.0,0.0,0.0,2.49999999975,1.4090045695923354,0.32480758284405925,growth_mean,0.01
accept-greedy,40034,1.0061135235502643,0.9050475886548042,0.10061135235502643,0.12195509351758367,0.5174791405828542,0.0,0.0,0.0,0.0,2.4999999997499995,1.4337176922020736,0.36093517112706364,growth_mean,0.01
accept-greedy,40035,1.00754236271828,0.9070681412280963,0.100754236271828,0.1303025202068518,0.551066293567701,0.0,0.0,0.0,0.0,2.49999999975,1.4484201910879204,0.3804602400314446,growth_mean,0.01
accept-greedy,40036,0.9339064605634503,0.8389160803436343,0.09339064605634503,0.12080376611765165,0.49213251494354565,0.0,0.0,0.0,0.0,2.4999999997500004,1.3485193680741245,0.364942859994944,growth_mean,0.01
accept-greedy,40037,0.9596632974270722,0.8592899686365301,0.09596632974270722,0.13273939880781535,0.5279564730754146,0.0,0.0,0.0,0.0,2.49999999975,1.3712868165600476,0.3850080571764148,growth_mean,0.01
accept-greedy,40038,0.9901282635445179,0.8886339481542364,0.09901282635445179,0.13402864306311052,0.5529188313543592,0.0,0.0,0.0,0.0,2.49999999975,1.4789796685163583,0.37385154314462005,growth_mean,0.01
accept-greedy,40039,0.9826094777729365,0.882552117644739,0.09826094777729365,0.12598509062582283,0.5142818382993318,0.0,0.0,0.0,0.0,2.49999999975,1.3427629038282751,0.3830027153960629,growth_mean,0.01
accept-greedy,40040,1.0049349367652978,0.9053775614640981,0.10049349367652978,0.11123882447863966,0.4499153450727836,0.0,0.0,0.0,0.0,2.49999999975,1.4471167931878646,0.3109046534396589,growth_mean,0.01
accept-greedy,40041,0.9872814798889074,0.889126932731948,0.09872814798889074,0.12286685957958282,0.520774830012816,0.0,0.0,0.0,0.0,2.49999999975,1.4449158198481762,0.3604188028528445,growth_mean,0.01
accept-greedy,40042,0.9336596313074438,0.836424897573758,0.09336596313074438,0.12012997817674524,0.48709736595990033,0.0,0.0,0.0,0.0,2.49999999975,1.3592306784038257,0.358362545592268,growth_mean,0.01
accept-greedy,40043,1.0186297909053867,0.9168747017008301,0.10186297909053868,0.12236848280198571,0.477193022605697,0.0,0.0,0.0,0.0,2.49999999975,1.484115793899211,0.32153355187466187,growth_mean,0.01
accept-greedy,40044,1.0265061041195358,0.9234497619809975,0.10265061041195359,0.13115896844083702,0.5257225149525002,0.0,0.0,0.0,0.0,2.49999999975,1.504628350568587,0.34940356849838294,growth_mean,0.01
accept-greedy,40045,0.980425937619363,0.8835433199712565,0.0980425937619363,0.10350745230029354,0.4171562906116715,0.0,0.0,0.0,0.0,2.4999999997499995,1.4445411946313038,0.28878116606300314,growth_mean,0.01
accept-greedy,40046,1.0161114398691435,0.9147756096054185,0.10161114398691436,0.12403587720449881,0.5008822379363432,0.0,0.0,0.0,0.0,2.49999999975,1.418688598982003,0.35306002902663575,growth_mean,0.01
accept-greedy,40047,0.9691859541403365,0.8705873930976238,0.09691859541403365,0.12349974706893935,0.5006463971865405,0.0,0.0,0.0,0.0,2.49999999975,1.4393578566711183,0.3478262162992689,growth_mean,0.01
accept-greedy,40048,0.9995458162689521,0.8985621108630539,0.09995458162689522,0.1234174456965316,0.5116632601553293,0.0,0.0,0.0,0.0,2.49999999975,1.381130314877287,0.37046704039711875,growth_mean,0.01
accept-greedy,40049,1.007463355047741,0.9075347687868615,0.1007463355047741,0.12418642537876737,0.48460510122026973,0.0,0.0,0.0,0.0,2.49999999975,1.445875722030783,0.33516373076631023,growth_mean,0.01
max-exp-cap,40000,1.0032124635573825,0.9032650903285931,0.10032124635573825,0.12287045760619832,0.494987344535436,0.0,0.0,0.0,0.0,2.4999999997499995,1.5079171440055583,0.3282589806098865,growth_mean,0.01
max-exp-cap,40001,0.9736785337133104,0.8775250354090868,0.09736785337133104,0.11458528009858945,0.46740447490187215,0.0,0.0,0.0,0.0,2.49999999975,1.446748750880092,0.3230723196529728,growth_mean,0.01
max-exp-cap,40002,1.0296835520810266,0.9265740892413354,0.10296835520810266,0.13387080653219233,0.5566880580370543,0.0,0.0,0.0,0.0,2.49999999975,1.476916857066954,0.37692579333314336,growth_mean,0.01
max-exp-cap,40003,1.00586590645705,0.9051966336875543,0.100586590645705,0.11836498841163641,0.501491680006372,0.0,0.0,0.0,0.0,2.4999999997500004,1.4914991741823787,0.33623329378059064,growth_mean,0.01
max-exp-cap,40004,1.008227885403007,0.9079189111329713,0.10082278854030069,0.12481642984949792,0.5022787019251754,0.0,0.0,0.0,0.0,2.4999999997500004,1.4763441065759881,0.34021790698246196,growth_mean,0.01
max-exp-cap,40005,0.9997131501636044,0.8996440537431163,0.09997131501636045,0.13183395125589314,0.5116671137784902,0.0,0.0,0.0,0.0,2.49999999975,1.5498936378002088,0.33013046914929484,growth_mean,0.01
max-exp-cap,40006,1.0312349672047687,0.9271524811387934,0.10312349672047687,0.12901187022732616,0.5296586351801389,0.0,0.0,0.0,0.0,2.49999999975,1.4635580464059692,0.36189793529598036,growth_mean,0.01
max-exp-cap,40007,1.0103793738307647,0.9093644442429389,0.10103793738307647,0.11979091085884347,0.5091474968613953,0.0,0.0,0.0,0.0,2.4999999997500004,1.508448571916237,0.337530563746437,growth_mean,0.01
max-exp-cap,40008,1.0128849405874922,0.9127890410334126,0.10128849405874922,0.11558861215833131,0.4680704479808355,0.0,0.0,0.0,0.0,2.49999999975,1.5335415085173105,0.3052218967541249,growth_mean,0.01
max-exp-cap,40009,1.0044012053288833,0.904978373442425,0.10044012053288834,0.11758801505065235,0.48167792776652457,0.0,0.0,0.0,0.0,2.49999999975,1.5149804196814571,0.3179433354444298,growth_mean,0.01
max-exp-cap,40010,0.9982219348401333,0.9005374590834994,0.09982219348401333,0.10727589552157862,0.41790087129430686,0.0,0.0,0.0,0.0,2.49999999975,1.4712726411890713,0.28404040121113283,growth_mean,0.01
max-exp-cap,40011,0.984938264579186,0.8836194965050961,0.0984938264579186,0.1262255825992992,0.49558659907657193,0.0,0.0,0.0,0.0,2.49999999975,1.444955828378089,0.34297698887643513,growth_mean,0.01
max-exp-cap,40012,1.0041790729029307,0.9029994550511695,0.10041790729029307,0.1260765674363246,0.49924680350362266,0.0,0.0,0.0,0.0,2.49999999975,1.4895593641345997,0.3351640864569864,growth_mean,0.01
max-exp-cap,40013,0.9714250158476011,0.8739946408544678,0.09714250158476011,0.11869007798611174,0.47583602976074646,0.0,0.0,0.0,0.0,2.49999999975,1.4687228225422402,0.3239794619226471,growth_mean,0.01
max-exp-cap,40014,0.9686307585176648,0.8717317813651775,0.09686307585176648,0.10975341080544304,0.4660631541866978,0.0,0.0,0.0,0.0,2.49999999975,1.522875609366451,0.3060415120710943,growth_mean,0.01
max-exp-cap,40015,1.01515217068456,0.9124445688652028,0.10151521706845601,0.1271866657938965,0.5277066330610042,0.0,0.0,0.0,0.0,2.4999999997499995,1.4907688534557015,0.3539828671881258,growth_mean,0.01
max-exp-cap,40016,0.9868296405967718,0.888021351222595,0.09868296405967718,0.12082012482155464,0.49087195117873217,0.0,0.0,0.0,0.0,2.49999999975,1.4535402964328608,0.3377078381544585,growth_mean,0.01
max-exp-cap,40017,0.9887327775707214,0.8903368904784086,0.09887327775707214,0.12343515824349746,0.5283514833979398,0.0,0.0,0.0,0.0,2.49999999975,1.4818612037762473,0.3565458641143546,growth_mean,0.01
max-exp-cap,40018,1.0075115409698037,0.9070607449136963,0.10075115409698036,0.12476003657256636,0.5097251370898984,0.0,0.0,0.0,0.0,2.4999999997500004,1.5005164622060083,0.3396997966556914,growth_mean,0.01
max-exp-cap,40019,1.007478234875578,0.9063149018220854,0.1007478234875578,0.12497694581240146,0.5099861803881336,0.0,0.0,0.0,0.0,2.49999999975,1.4686535125063225,0.3472474453949451,growth_mean,0.01
max-exp-cap,40020,0.962641026799476,0.8644328812810764,0.0962641026799476,0.12729502834887235,0.5253361163983641,0.0,0.0,0.0,0.0,2.49999999975,1.4571510487491972,0.36052275901616854,growth_mean,0.01
max-exp-cap,40021,0.9967462284099522,0.8958700557591259,0.09967462284099522,0.1267945475846222,0.5282895792318618,0.0,0.0,0.0,0.0,2.4999999997500004,1.4889416256539292,0.3548087917817745,growth_mean,0.01
max-exp-cap,40022,1.0140010937338457,0.9137015858861052,0.10140010937338458,0.11720896363859042,0.4714310584982509,0.0,0.0,0.0,0.0,2.4999999997500004,1.5085103772457715,0.3125142959632712,growth_mean,0.01
max-exp-cap,40023,1.0182742430109726,0.9167099243206868,0.10182742430109726,0.12798716813523764,0.5047058917097311,0.0,0.0,0.0,0.0,2.49999999975,1.4846969587722831,0.3399386580053882,growth_mean,0.01
max-exp-cap,40024,0.9846038183825956,0.8866707102740834,0.09846038183825956,0.12051494828447586,0.5002122606183261,0.0,0.0,0.0,0.0,2.49999999975,1.528846618907915,0.3271827627650689,growth_mean,0.01
max-exp-cap,40025,0.9861048863160075,0.8893241778436016,0.09861048863160074,0.12233067527259466,0.4819999370054429,0.0,0.0,0.0,0.0,2.49999999975,1.5366495305416206,0.3136694004881862,growth_mean,0.01
max-exp-cap,40026,0.9952166739657524,0.8940524251439355,0.09952166739657524,0.12374848100892338,0.4863784162385978,0.0,0.0,0.0,0.0,2.49999999975,1.4928772529189236,0.3257993350006603,growth_mean,0.01
max-exp-cap,40027,1.0254941200080974,0.9224574548089751,0.10254941200080973,0.1340580286363646,0.5460549257929219,0.0,0.0,0.0,0.0,2.49999999975,1.495941952478133,0.3650241407351024,growth_mean,0.01
max-exp-cap,40028,0.9826931150445405,0.8812551995893049,0.09826931150445405,0.12468077277958423,0.5290037637651426,0.0,0.0,0.0,0.0,2.49999999975,1.4793766470781216,0.3575855849894374,growth_mean,0.01
max-exp-cap,40029,1.0141937908178735,0.9125993358288753,0.10141937908178736,0.12841769010294396,0.49829466127873184,0.0,0.0,0.0,0.0,2.49999999975,1.4818620954115853,0.3362625056823058,growth_mean,0.01
max-exp-cap,40030,0.9712156999921207,0.8719030798988848,0.09712156999921207,0.13286924594086924,0.5505387029674302,0.0,0.0,0.0,0.0,2.49999999975,1.4365563151057845,0.38323503031406736,growth_mean,0.01
max-exp-cap,40031,0.9910998816700636,0.8916527785841948,0.09910998816700636,0.12326117652689879,0.4952609939718823,0.0,0.0,0.0,0.0,2.49999999975,1.5246227255073765,0.32484167111379325,growth_mean,0.01
max-exp-cap,40032,0.9771701930453347,0.8801930522172752,0.09771701930453347,0.11916139806262813,0.5076679706823461,0.0,0.0,0.0,0.0,2.49999999975,1.5028944703204765,0.33779349163091354,growth_mean,0.01
max-exp-cap,40033,0.994042815419979,0.8944093397282846,0.0994042815419979,0.11580952905786758,0.46114500498630967,0.0,0.0,0.0,0.0,2.49999999975,1.5150936255654546,0.30436733229222307,growth_mean,0.01
max-exp-cap,40034,1.0238967777249393,0.9216336512132374,0.10238967777249393,0.12195509351758367,0.5174791405828542,0.0,0.0,0.0,0.0,2.4999999997500004,1.5596543537919958,0.3317909120855556,growth_mean,0.01
max-exp-cap,40035,1.005799161450914,0.9051999471203469,0.1005799161450914,0.1307638824161914,0.5530174543149328,0.0,0.0,0.0,0.0,2.49999999975,1.5375264145151166,0.35967996978402195,growth_mean,0.01
max-exp-cap,40036,0.9669262566880612,0.870676874774608,0.09669262566880613,0.12080376611765165,0.49213251494354565,0.0,0.0,0.0,0.0,2.49999999975,1.4784840553318226,0.3328629166941501,growth_mean,0.01
max-exp-cap,40037,0.9916389397436539,0.8897756497389706,0.0991638939743654,0.13363004352704386,0.5314989152512144,0.0,0.0,0.0,0.0,2.49999999975,1.4882879123026838,0.3571210320648762,growth_mean,0.01
max-exp-cap,40038,1.0238296390523545,0.9209665576779402,0.10238296390523545,0.13402864306311052,0.5529188313543592,0.0,0.0,0.0,0.0,2.49999999975,1.5340302277249065,0.36043542125919087,growth_mean,0.01
max-exp-cap,40039,1.0056733776240487,0.904173205359443,0.10056733776240487,0.12598509062582283,0.5142818382993318,0.0,0.0,0.0,0.0,2.49999999975,1.4987800116683898,0.3431336382227644,growth_mean,0.01
max-exp-cap,40040,1.0024704728561085,0.9026850330483549,0.10024704728561085,0.11128781199555235,0.4501134794532873,0.0,0.0,0.0,0.0,2.4999999997500004,1.4676531095751049,0.3066892827172206,growth_mean,0.01
max-exp-cap,40041,0.9900394372369157,0.8916264039705403,0.09900394372369156,0.12286685957958282,0.520774830012816,0.0,0.0,0.0,0.0,2.49999999975,1.47742027226723,0.3524892948799475,growth_mean,0.01
max-exp-cap,40042,0.9838620778129635,0.8841986717508814,0.09838620778129635,0.12012997817674524,0.48709736595990033,0.0,0.0,0.0,0.0,2.4999999997499995,1.5012346562436307,0.3244645092185047,growth_mean,0.01
max-exp-cap,40043,1.010374712093976,0.9088417805262582,0.10103747120939759,0.12236848280198571,0.477193022605697,0.0,0.0,0.0,0.0,2.49999999975,1.4885262286863985,0.32058086274154035,growth_mean,0.01
max-exp-cap,40044,1.0197870182403157,0.9169748881494583,0.10197870182403157,0.13115896844083702,0.5257225149525002,0.0,0.0,0.0,0.0,2.49999999975,1.5090046722249393,0.3483902499634763,growth_mean,0.01
max-exp-cap,40045,0.9775663243127273,0.8807036004223457,0.09775663243127272,0.10354668913013552,0.417314423094198,0.0,0.0,0.0,0.0,2.49999999975,1.4587873642283486,0.28606939799958014,growth_mean,0.01
max-exp-cap,40046,1.027467573187633,0.925479889594732,0.1027467573187633,0.12403587720449881,0.5008822379363432,0.0,0.0,0.0,0.0,2.49999999975,1.516952974073241,0.3301896937460105,growth_mean,0.01
max-exp-cap,40047,1.0061752190658222,0.9061495937816619,0.10061752190658221,0.12349974706893935,0.5006463971865405,0.0,0.0,0.0,0.0,2.49999999975,1.5265058153341928,0.32796887647423445,growth_mean,0.01
max-exp-cap,40048,1.0025900075430196,0.9012641383765286,0.10025900075430197,0.1234174456965316,0.5116632601553293,0.0,0.0,0.0,0.0,2.49999999975,1.4217227311030043,0.35988962472195224,growth_mean,0.01
max-exp-cap,40049,1.0183741155724364,0.9179399102555055,0.10183741155724364,0.12418642537876737,0.48460510122026973,0.0,0.0,0.0,0.0,2.49999999975,1.5221982656702187,0.3183587264218172,growth_mean,0.01
accept-greedy,40000,1.0035673862909098,0.9035493502670555,0.10035673862909097,0.12287045760619851,0.5376701142117577,0.0,0.0,0.0,0.0,2.49999999975,1.4163130611562764,0.3796266016023353,growth_mean,0.02
accept-greedy,40001,0.9564682226820376,0.8614357357537129,0.09564682226820376,0.1145852800985895,0.5152026123512488,0.0,0.0,0.0,0.0,2.49999999975,1.3516843042712274,0.38115602195220044,growth_mean,0.02
accept-greedy,40002,0.9899741212991711,0.8888921865108874,0.09899741212991711,0.13387080653219197,0.6072902249075964,0.0,0.0,0.0,0.0,2.49999999975,1.4217247196512095,0.4271503593583028,growth_mean,0.02
accept-greedy,40003,1.0089645050220686,0.9084285154625481,0.10079879425220686,0.11836498841163623,0.5531116113527341,0.0,-0.001953125,0.0,0.0,2.49999999975,1.4653876602933051,0.3774507090103556,growth_mean,0.02
accept-greedy,40004,0.9953662908696499,0.8960017524064308,0.09953662908696499,0.12481642984949813,0.5523700386661622,0.0,0.0,0.0,0.0,2.49999999975,1.435988062235448,0.3846619990741917,growth_mean,0.02
accept-greedy,40005,0.9588450780051156,0.8610746533017826,0.09588450780051157,0.13183395125589317,0.5591992246328222,0.0,0.0,0.0,0.0,2.49999999975,1.4682243011124323,0.38086770816225607,growth_mean,0.02
accept-greedy,40006,0.985671608405214,0.8839932560671584,0.09856716084052139,0.1290118702273259,0.5794574630069347,0.0,0.0,0.0,0.0,2.49999999975,1.3514859762304288,0.428755808937922,growth_mean,0.02
accept-greedy,40007,0.9785450553520242,0.8794076608461834,0.09774382845186909,0.1185163325067067,0.5555827022499852,0.0,-0.0022135416666666666,0.0,0.0,2.49999999975,1.4467830035019889,0.38401246137477274,growth_mean,0.02
accept-greedy,40008,0.9600006672776304,0.8629374038799573,0.09600006672776304,0.11529658960010725,0.5061336627614573,0.0,0.0,0.0,0.0,2.49999999975,1.3982956189290023,0.3619647061106583,growth_mean,0.02
accept-greedy,40009,0.9338930304092725,0.8378988923509413,0.09338930304092725,0.11698004162062872,0.5269234697110865,0.0,0.0,0.0,0.0,2.49999999975,1.3982029168557513,0.3768576530336675,growth_mean,0.02
accept-greedy,40010,0.9683385443866318,0.8724552823095024,0.09683385443866319,0.10727589552157842,0.4572412211788078,0.0,0.0,0.0,0.0,2.49999999975,1.4119076278220068,0.323846413298399,growth_mean,0.02
accept-greedy,40011,0.9483988785242866,0.8489750284769678,0.09483988785242867,0.12622558259929897,0.5429427193152164,0.0,0.0,0.0,0.0,2.49999999975,1.367058816223544,0.3971611995561963,growth_mean,0.02
accept-greedy,40012,0.9860664044043453,0.886453524543735,0.09860664044043453,0.12607656743632437,0.5482165781218218,0.0,0.0,0.0,0.0,2.4999999997500004,1.4095595273206023,0.38892758162822216,growth_mean,0.02
accept-greedy,40013,0.9494756876963064,0.8534280959063218,0.09494756876963065,0.11826386389273914,0.5225054606646954,0.0,0.0,0.0,0.0,2.49999999975,1.3996494952920104,0.37331164868221844,growth_mean,0.02
accept-greedy,40014,0.927092674215965,0.8320943634463411,0.09263765283826317,0.10936159483233421,0.5122050148289636,0.0,-0.0014322916666666668,0.0,0.0,2.49999999975,1.3909908116102252,0.36823033664473304,growth_mean,0.02
accept-greedy,40015,0.996845593323638,0.8953973063489553,0.0996845593323638,0.12718666579389643,0.5821607345555181,0.0,0.0,0.0,0.0,2.49999999975,1.450265611331264,0.4014166301724045,growth_mean,0.02
accept-greedy,40016,0.9223357203582541,0.8267920730137965,0.09223357203582541,0.12082012482155459,0.532683077467651,0.0,0.0,0.0,0.0,2.4999999997500004,1.3848396256865283,0.38465326062833854,growth_mean,0.02
accept-greedy,40017,0.9444495306538947,0.8480250954100969,0.09437984889872279,0.12343515824349743,0.5784873184597136,0.0,-0.0013020833333333333,0.0,0.0,2.49999999975,1.3635711012236476,0.4242443374904235,growth_mean,0.02
accept-greedy,40018,0.9927182088488321,0.89352167587604,0.0992718208848832,0.12476003657256637,0.5620020565757877,0.0,0.0,0.0,0.0,2.49999999975,1.450169555505341,0.3875423080302818,growth_mean,0.02
accept-greedy,40019,0.9554225694845252,0.856620476283022,0.09554225694845252,0.12497694581240097,0.558589800310639,0.0,0.0,0.0,0.0,2.49999999975,1.3493283963907103,0.4139761690369808,growth_mean,0.02
accept-greedy,40020,0.9089997913809394,0.8136991410844587,0.09089997913809394,0.1272950283488726,0.5796087613223954,0.0,0.0,0.0,0.0,2.49999999975,1.348463635438357,0.42982898914732454,growth_mean,0.02
accept-greedy,40021,1.009701377721468,0.9085188423657211,0.1009701377721468,0.1267945475846225,0.5816490376200649,0.0,0.0,0.0,0.0,2.49999999975,1.4890075672483376,0.39062866463126383,growth_mean,0.02
accept-greedy,40022,0.9844764043528789,0.8856665171213147,0.09844764043528789,0.11720896363859053,0.5185398452385884,0.0,0.0,0.0,0.0,2.49999999975,1.4515940871853066,0.3572209681868131,growth_mean,0.02
accept-greedy,40023,0.9793316129120644,0.879781803162711,0.09793316129120644,0.1279871681352373,0.5494494404907241,0.0,0.0,0.0,0.0,2.49999999975,1.3734462091584807,0.40005166334644826,growth_mean,0.02
accept-greedy,40024,0.9709249413510407,0.873822142906181,0.09709249413510407,0.12051494828447581,0.5463601469537116,0.0,0.0,0.0,0.0,2.49999999975,1.4789747160622086,0.3694181793779432,growth_mean,0.02
accept-greedy,40025,0.9462894055796677,0.851853832250068,0.09462894055796676,0.12233067527259509,0.5226066679712612,0.0,0.0,0.0,0.0,2.49999999975,1.3954074054151124,0.3745190586943988,growth_mean,0.02
accept-greedy,40026,0.9611034654903177,0.8616985543702436,0.09611034654903176,0.1237484810089235,0.5368334582598159,0.0,0.0,0.0,0.0,2.49999999975,1.4230536527971798,0.37724049069028875,growth_mean,0.02
accept-greedy,40027,0.9798979929882501,0.8794284230144358,0.09798979929882501,0.13405802863636465,0.6008697108415718,0.0,0.0,0.0,0.0,2.49999999975,1.3814816876954816,0.43494583836569883,growth_mean,0.02
accept-greedy,40028,0.9203362628655021,0.8218520204437846,0.09199456378655022,0.12468077277958409,0.5829632702999988,0.0,-0.0007812499999999999,0.0,0.0,2.49999999975,1.3644143442064496,0.42726263673155185,growth_mean,0.02
accept-greedy,40029,1.0089709447404658,0.9078048227656413,0.10089709447404657,0.1284176901029436,0.543138859404296,0.0,0.0,0.0,0.0,2.49999999975,1.4330518993212158,0.3790085060154213,growth_mean,0.02
accept-greedy,40030,0.9805236644182154,0.8809865550190891,0.09805236644182154,0.13286924594086916,0.6020828780324736,0.0,0.0,0.0,0.0,2.49999999975,1.485570605047746,0.40528728556332927,growth_mean,0.02
accept-greedy,40031,0.9641834246732078,0.866005722772208,0.09641834246732078,0.1232611765268985,0.5425897726310668,0.0,0.0,0.0,0.0,2.49999999975,1.4148316644404284,0.383501292958172,growth_mean,0.02
accept-greedy,40032,0.959672745171374,0.8635040632410459,0.09584357660047074,0.11916139806262853,0.5599128518878369,0.0,-0.0024739583333333332,0.0,0.0,2.49999999975,1.4427017203322037,0.3881002178044874,growth_mean,0.02
accept-greedy,40033,0.9640527522262806,0.8664140628828922,0.09640527522262807,0.11344951154545088,0.4937755386651097,0.0,0.0,0.0,0.0,2.49999999975,1.4090045695923354,0.350442822770953,growth_mean,0.02
accept-greedy,40034,0.9964743158119052,0.8959958534680592,0.09963441074785719,0.12195509351758373,0.5650924247815637,0.0,-0.00026041666666666666,0.0,0.0,2.4999999997499995,1.4337176922020736,0.3941448360824981,growth_mean,0.02
accept-greedy,40035,0.993896787876074,0.8944596751680002,0.09933759545427406,0.12864061640096644,0.5996731779896909,0.0,-0.0010416666666666667,0.0,0.0,2.49999999975,1.4484201910879204,0.4140187921153401,growth_mean,0.02
accept-greedy,40036,0.921121980205234,0.8269609561296942,0.0921121980205234,0.12080376611765191,0.5403527645340137,0.0,0.0,0.0,0.0,2.4999999997500004,1.3485193680741245,0.4007007814101428,growth_mean,0.02
accept-greedy,40037,0.9511576589626248,0.8514001533509185,0.09511576589626249,0.13200410684768063,0.564817451028408,0.0,0.0,0.0,0.0,2.49999999975,1.3712868165600476,0.4118886320553167,growth_mean,0.02
accept-greedy,40038,0.9796060034006695,0.8787901348492563,0.09796060034006696,0.13402864306311024,0.6002062361007279,0.0,0.0,0.0,0.0,2.49999999975,1.4789796685163583,0.4058245348989997,growth_mean,0.02
accept-greedy,40039,0.9691281747373363,0.8699532996347615,0.09691281747373362,0.12598509062582286,0.5674753953685726,0.0,0.0,0.0,0.0,2.49999999975,1.3427629038282751,0.42261771884721844,growth_mean,0.02
accept-greedy,40040,0.9937409661378575,0.894909566477888,0.09937409661378574,0.1109523746749326,0.4893650964238268,0.0,0.0,0.0,0.0,2.49999999975,1.4471167931878646,0.338165584649046,growth_mean,0.02
accept-greedy,40041,0.9737732836158205,0.876517018474446,0.09731222419491539,0.12230397048398628,0.5717663724439135,0.0,-0.0013020833333333333,0.0,0.0,2.49999999975,1.4449158198481762,0.39570912338961833,growth_mean,0.02
accept-greedy,40042,0.9188332645353576,0.822648501509945,0.09188332645353577,0.12012997817674514,0.5321491482769034,0.0,0.0,0.0,0.0,2.49999999975,1.3592306784038257,0.3915076055389051,growth_mean,0.02
accept-greedy,40043,1.0125446435601555,0.911150932249236,0.10125446435601555,0.12236848280198576,0.5139988188822485,0.0,0.0,0.0,0.0,2.49999999975,1.484115793899211,0.3463333663014404,growth_mean,0.02
accept-greedy,40044,1.0176161490904159,0.9149994659512741,0.10176161490904159,0.13115896844083713,0.5755457114197315,0.0,0.0,0.0,0.0,2.49999999975,1.504628350568587,0.38251685953028697,growth_mean,0.02
accept-greedy,40045,0.9717719662769733,0.8753788487077343,0.09717719662769733,0.10317032247149267,0.45429285692085886,0.0,0.0,0.0,0.0,2.4999999997499995,1.4445411946313038,0.3144893746258374,growth_mean,0.02
accept-greedy,40046,1.0046154333077482,0.9039473089948901,0.10046154333077481,0.12403587720449911,0.5522590238340345,0.0,0.0,0.0,0.0,2.49999999975,1.418688598982003,0.38927430884431896,growth_mean,0.02
accept-greedy,40047,0.9554586421368674,0.857744665643007,0.09554586421368674,0.1234997470689393,0.552448391631855,0.0,0.0,0.0,0.0,2.49999999975,1.4393578566711183,0.38381587252355204,growth_mean,0.02
accept-greedy,40048,0.9885775637669947,0.888298933263702,0.09885775637669947,0.12341744569653156,0.5617257841336623,0.0,0.0,0.0,0.0,2.49999999975,1.381130314877287,0.40671454248947636,growth_mean,0.02
accept-greedy,40049,0.9992978426532624,0.8998091044680618,0.09992978426532624,0.12418642537876766,0.5285705412386282,0.0,0.0,0.0,0.0,2.49999999975,1.445875722030783,0.3655712127846178,growth_mean,0.02
max-exp-cap,40000,0.996508368924125,0.8969312952943077,0.0996508368924125,0.12287045760619851,0.5376701142117577,0.0,0.0,0.0,0.0,2.4999999997499995,1.5079171440055583,0.356564759774212,growth_mean,0.02
max-exp-cap,40001,0.962126513686465,0.866659771805591,0.0962126513686465,0.1145852800985895,0.5152026123512488,0.0,0.0,0.0,0.0,2.49999999975,1.446748750880092,0.35611063222818656,growth_mean,0.02
max-exp-cap,40002,1.0200935103250042,0.9175934078022119,0.10200935103250042,0.13387080653219197,0.6072902249075964,0.0,0.0,0.0,0.0,2.49999999975,1.476916857066954,0.4111878214415057,growth_mean,0.02
max-exp-cap,40003,0.9957395164619737,0.895542882075642,0.09947629539619737,0.11836498841163623,0.5531116113527341,0.0,-0.001953125,0.0,0.0,2.4999999997500004,1.4914991741823787,0.3708427204835316,growth_mean,0.02
max-exp-cap,40004,0.9938685009492476,0.8944903825274542,0.09938685009492476,0.12481642984949813,0.5523700386661622,0.0,0.0,0.0,0.0,2.4999999997500004,1.4763441065759881,0.374147216902736,growth_mean,0.02
max-exp-cap,40005,0.9895492355220343,0.8900431561837618,0.09895492355220344,0.13183395125589317,0.5591992246328222,0.0,0.0,0.0,0.0,2.49999999975,1.5498936378002088,0.36079845158052487,growth_mean,0.02
max-exp-cap,40006,1.0212586672916095,0.9177191929523414,0.10212586672916095,0.1290118702273259,0.5794574630069347,0.0,0.0,0.0,0.0,2.49999999975,1.4635580464059692,0.395923799831443,growth_mean,0.02
max-exp-cap,40007,1.0004048753870103,0.8999680206705976,0.0999298104553677,0.11887863197860381,0.55728109533525,0.0,-0.0022135416666666666,0.0,0.0,2.4999999997500004,1.508448571916237,0.3694399038260321,growth_mean,0.02
max-exp-cap,40008,1.0002215176134672,0.9009482413686817,0.10002215176134673,0.11544610488904773,0.5067900110636296,0.0,0.0,0.0,0.0,2.49999999975,1.5335415085173105,0.33047035782788464,growth_mean,0.02
max-exp-cap,40009,0.9940882478872295,0.8953074273710757,0.09940882478872295,0.11724525720882042,0.5281181035649933,0.0,0.0,0.0,0.0,2.49999999975,1.5149804196814571,0.3485973130108418,growth_mean,0.02
max-exp-cap,40010,0.9895862071166016,0.8923952077134805,0.09895862071166016,0.10727589552157842,0.4572412211788078,0.0,0.0,0.0,0.0,2.49999999975,1.4712726411890713,0.3107793949116521,growth_mean,0.02
max-exp-cap,40011,0.9734830931229991,0.8728942294104987,0.0973483093122999,0.12622558259929897,0.5429427193152164,0.0,0.0,0.0,0.0,2.49999999975,1.444955828378089,0.3757503922626134,growth_mean,0.02
max-exp-cap,40012,0.9922496778457833,0.8917885408342289,0.09922496778457833,0.12607656743632437,0.5482165781218218,0.0,0.0,0.0,0.0,2.49999999975,1.4895593641345997,0.3680394291907414,growth_mean,0.02
max-exp-cap,40013,0.959032598904336,0.8624224015373769,0.0959032598904336,0.11839833239094956,0.5230995603523738,0.0,0.0,0.0,0.0,2.49999999975,1.4687228225422402,0.35615948245900536,growth_mean,0.02
max-exp-cap,40014,0.958934813939648,0.8625134109556299,0.09582186681063146,0.10975341080544314,0.5140401207143904,0.0,-0.0014322916666666668,0.0,0.0,2.49999999975,1.522875609366451,0.33754570468709666,growth_mean,0.02
max-exp-cap,40015,1.0020594305061243,0.900186391622958,0.10020594305061244,0.12718666579389643,0.5821607345555181,0.0,0.0,0.0,0.0,2.4999999997499995,1.4907688534557015,0.3905103954956067,growth_mean,0.02
max-exp-cap,40016,0.9796117375524753,0.8813267347679603,0.09796117375524753,0.12082012482155459,0.532683077467651,0.0,0.0,0.0,0.0,2.49999999975,1.4535402964328608,0.3664728654409587,growth_mean,0.02
max-exp-cap,40017,0.9791351419879799,0.8812288072659006,0.09784841003213132,0.12343515824349743,0.5784873184597136,0.0,-0.0013020833333333333,0.0,0.0,2.49999999975,1.4818612037762473,0.3903788809542664,growth_mean,0.02
max-exp-cap,40018,0.9963063781270661,0.8965980559558763,0.09963063781270662,0.12476003657256637,0.5620020565757877,0.0,0.0,0.0,0.0,2.4999999997500004,1.5005164622060083,0.374539080863899,growth_mean,0.02
max-exp-cap,40019,0.9975884060720174,0.8969495231183705,0.09975884060720173,0.12497694581240097,0.558589800310639,0.0,0.0,0.0,0.0,2.49999999975,1.4686535125063225,0.38034144578960677,growth_mean,0.02
max-exp-cap,40020,0.9507838027724967,0.8533420300654043,0.09507838027724967,0.1272950283488726,0.5796087613223954,0.0,0.0,0.0,0.0,2.49999999975,1.4571510487491972,0.39776848242323626,growth_mean,0.02
max-exp-cap,40021,0.9833116678464618,0.8833424951398352,0.09833116678464618,0.1267945475846225,0.5816490376200649,0.0,0.0,0.0,0.0,2.4999999997500004,1.4889416256539292,0.3906459646224278,growth_mean,0.02
max-exp-cap,40022,1.00524383240185,0.9054441867043233,0.100524383240185,0.11720896363859053,0.5185398452385884,0.0,0.0,0.0,0.0,2.4999999997500004,1.5085103772457715,0.34374297522920266,growth_mean,0.02
max-exp-cap,40023,1.0073680321135132,0.9064457721151444,0.10073680321135133,0.1279871681352373,0.5494494404907241,0.0,0.0,0.0,0.0,2.49999999975,1.4846969587722831,0.3700751437822514,growth_mean,0.02
max-exp-cap,40024,0.9732656761045125,0.8760038551890081,0.09732656761045125,0.12051494828447581,0.5463601469537116,0.0,0.0,0.0,0.0,2.49999999975,1.528846618907915,0.3573675345823686,growth_mean,0.02
max-exp-cap,40025,0.9761609746302503,0.8799404665290139,0.09761609746302503,0.12233067527259509,0.5226066679712612,0.0,0.0,0.0,0.0,2.49999999975,1.5366495305416206,0.3400948997049827,growth_mean,0.02
max-exp-cap,40026,0.9849606464719542,0.884381613218,0.09849606464719543,0.1237484810089235,0.5368334582598159,0.0,0.0,0.0,0.0,2.49999999975,1.4928772529189236,0.3595965155274361,growth_mean,0.02
max-exp-cap,40027,1.0138538944562578,0.9115691441534548,0.10138538944562578,0.13405802863636465,0.6008697108415718,0.0,0.0,0.0,0.0,2.49999999975,1.495941952478133,0.401666461620512,growth_mean,0.02
max-exp-cap,40028,0.9730285097215623,0.8721253838262205,0.09726378847215623,0.12468077277958409,0.5829632702999988,0.0,-0.0007812499999999999,0.0,0.0,2.49999999975,1.4793766470781216,0.3940600735123097,growth_mean,0.02
max-exp-cap,40029,1.0035277968464826,0.9025674519778343,0.10035277968464826,0.1284176901029436,0.543138859404296,0.0,0.0,0.0,0.0,2.49999999975,1.4818620954115853,0.36652456465825173,growth_mean,0.02
max-exp-cap,40030,0.9581322267844654,0.8596988580423032,0.09581322267844654,0.1328035349244854,0.6017851155398621,0.0,0.0,0.0,0.0,2.49999999975,1.4365563151057845,0.41890812717324494,growth_mean,0.02
max-exp-cap,40031,0.9815963914868272,0.8827111208618965,0.09815963914868273,0.1232611765268985,0.5425897726310668,0.0,0.0,0.0,0.0,2.49999999975,1.5246227255073765,0.35588461561892254,growth_mean,0.02
max-exp-cap,40032,0.9669883869116862,0.8704979048935192,0.09657514077450194,0.11916139806262853,0.5599128518878369,0.0,-0.0024739583333333332,0.0,0.0,2.49999999975,1.5028944703204765,0.37255633242728037,growth_mean,0.02
max-exp-cap,40033,0.9818588784207504,0.8830798963374911,0.09818588784207503,0.11465024570941598,0.4990015916514017,0.0,0.0,0.0,0.0,2.49999999975,1.5150936255654546,0.32935363414598695,growth_mean,0.02
max-exp-cap,40034,1.01569278574729,0.9138953354392814,0.10155625774139568,0.12195509351758373,0.5650924247815637,0.0,-0.00026041666666666666,0.0,0.0,2.4999999997500004,1.5596543537919958,0.36231901216295237,growth_mean,0.02
max-exp-cap,40035,0.9933402933351385,0.8935950133744182,0.0992819460001805,0.129640381853635,0.6043337007936034,0.0,-0.0010416666666666667,0.0,0.0,2.49999999975,1.5375264145151166,0.3930558168551463,growth_mean,0.02
max-exp-cap,40036,0.9556659941695314,0.8600887948351726,0.09556659941695314,0.12080376611765191,0.5403527645340137,0.0,0.0,0.0,0.0,2.49999999975,1.4784840553318226,0.3654775731840679,growth_mean,0.02
max-exp-cap,40037,0.9846286645135178,0.8832452419808787,0.09846286645135179,0.1328320148994318,0.5683598932042078,0.0,0.0,0.0,0.0,2.49999999975,1.4882879123026838,0.3818884024428039,growth_mean,0.02
max-exp-cap,40038,1.0135598930192258,0.9113462160109955,0.10135598930192258,0.13402864306311024,0.6002062361007279,0.0,0.0,0.0,0.0,2.49999999975,1.5340302277249065,0.3912610229270927,growth_mean,0.02
max-exp-cap,40039,0.9963164213114869,0.8953578533715727,0.0996316421311487,0.12598509062582286,0.5674753953685726,0.0,0.0,0.0,0.0,2.49999999975,1.4987800116683898,0.3786248755325198,growth_mean,0.02
max-exp-cap,40040,0.9919020893361203,0.8927993429162466,0.09919020893361204,0.11099729712686529,0.4895632308043305,0.0,0.0,0.0,0.0,2.4999999997500004,1.4676531095751049,0.3335687619985776,growth_mean,0.02
max-exp-cap,40041,0.9774252694934309,0.8798240932946921,0.09767742278267642,0.12249615506973062,0.5726648280132285,0.0,-0.0013020833333333333,0.0,0.0,2.49999999975,1.47742027226723,0.38761132411864396,growth_mean,0.02
max-exp-cap,40042,0.9710113635569979,0.8721467384597466,0.0971011363556998,0.12012997817674514,0.5321491482769034,0.0,0.0,0.0,0.0,2.4999999997499995,1.5012346562436307,0.3544743295551409,growth_mean,0.02
max-exp-cap,40043,1.0038763109394728,0.9027428928395114,0.10038763109394729,0.12236848280198576,0.5139988188822485,0.0,0.0,0.0,0.0,2.49999999975,1.4885262286863985,0.3453071964582341,growth_mean,0.02
max-exp-cap,40044,1.009088314269615,0.90687096454713,0.1009088314269615,0.13115896844083713,0.5755457114197315,0.0,0.0,0.0,0.0,2.49999999975,1.5090046722249393,0.3814075078847324,growth_mean,0.02
max-exp-cap,40045,0.9687639193971789,0.8724041974507899,0.09687639193971789,0.1032062345026132,0.4544509894033863,0.0,0.0,0.0,0.0,2.49999999975,1.4587873642283486,0.311526546326905,growth_mean,0.02
max-exp-cap,40046,1.0181985358208068,0.9167037536934064,0.10181985358208068,0.12403587720449911,0.5522590238340345,0.0,0.0,0.0,0.0,2.49999999975,1.516952974073241,0.3640581041554229,growth_mean,0.02
max-exp-cap,40047,0.9956190857311947,0.8961881772088789,0.09956190857311947,0.1234997470689393,0.552448391631855,0.0,0.0,0.0,0.0,2.49999999975,1.5265058153341928,0.3619038893152918,growth_mean,0.02
max-exp-cap,40048,0.9923063424227309,0.8916094037627391,0.09923063424227309,0.12341744569653156,0.5617257841336623,0.0,0.0,0.0,0.0,2.49999999975,1.4217227311030043,0.3951022037172205,growth_mean,0.02
max-exp-cap,40049,1.0103457556087523,0.910334588895066,0.10103457556087522,0.12418642537876766,0.5285705412386282,0.0,0.0,0.0,0.0,2.49999999975,1.5221982656702187,0.3472415868283101,growth_mean,0.02
accept-greedy,40000,0.9949433218063676,0.8951111541650663,0.09909068634730342,0.12287045760619816,0.5915162554162499,0.0,-0.008072916666666667,0.0,0.0,2.49999999975,1.4163130611562764,0.4176451320256389,growth_mean,0.03
accept-greedy,40001,0.9485388857388966,0.8532094059878165,0.09385779482388965,0.11458528009858954,0.5679772469338468,0.0,-0.019921875000000002,0.0,0.0,2.49999999975,1.3516843042712274,0.4201996317772416,growth_mean,0.03
accept-greedy,40002,0.9871302731805166,0.8850664764063526,0.09743698565138499,0.13387080653219244,0.6694570818646962,0.0,-0.025520833333333336,0.0,0.0,2.49999999975,1.4217247196512095,0.4708767264234764,growth_mean,0.03
accept-greedy,40003,1.0281245203642049,0.9233659460239821,0.09945307703642049,0.11836498841163604,0.6094652725133337,-0.00013020833333333333,-0.06705729166666667,0.00013020833333333333,0.0,2.49999999975,1.4653876602933051,0.4159071957732645,growth_mean,0.03
accept-greedy,40004,0.9876023268799946,0.8880003338233649,0.09773809727133279,0.12481642984949816,0.6089983476254147,0.0,-0.020442708333333334,0.0,0.0,2.49999999975,1.435988062235448,0.4240970824488386,growth_mean,0.03
accept-greedy,40005,0.9460446191879037,0.849106869991358,0.09458493066879037,0.13141388539882828,0.614846635624172,0.0,-0.000390625,0.0,0.0,2.49999999975,1.4682243011124323,0.4187688728202632,growth_mean,0.03
accept-greedy,40006,0.979116134406251,0.8769440939924027,0.09680484260729176,0.12901187022732621,0.6388127887246811,0.0,-0.022135416666666664,0.0,0.0,2.49999999975,1.3514859762304288,0.47267437469566703,growth_mean,0.03
accept-greedy,40007,0.9955617508944449,0.8924775449688506,0.0961121646727778,0.11773034053126279,0.6081305068820466,-0.000390625,-0.06848958333333333,0.00013020833333333333,0.0,2.49999999975,1.4467830035019889,0.42033290784453886,growth_mean,0.03
accept-greedy,40008,0.9458270730088847,0.8493770132677392,0.09403583230088847,0.115161920248003,0.5537873727034311,0.0,-0.0109375,0.0,0.0,2.49999999975,1.3982956189290023,0.3960445596815886,growth_mean,0.03
accept-greedy,40009,0.9328028872234069,0.8355746498673259,0.09179591372234068,0.11668526421134195,0.5793788986343997,-0.00013020833333333333,-0.029557291666666666,0.0,0.0,2.49999999975,1.3982029168557513,0.41437397365562256,growth_mean,0.03
accept-greedy,40010,0.9531126431937182,0.8582400379229903,0.09518756640270516,0.10727589552157865,0.5042907431098265,0.0,-0.0024739583333333332,0.0,0.0,2.49999999975,1.4119076278220068,0.35716978446227376,growth_mean,0.03
accept-greedy,40011,0.9359907838034932,0.8372242879749796,0.09332564088034931,0.1262255825992989,0.5987882798930723,0.0,-0.00546875,0.0,0.0,2.49999999975,1.367058816223544,0.4380120831576257,growth_mean,0.03
accept-greedy,40012,0.9735449575884235,0.8744324411474267,0.09691829784217568,0.12607656743632434,0.6045251678174636,0.0,-0.008723958333333334,0.0,0.0,2.4999999997500004,1.4095595273206023,0.4288752309500478,growth_mean,0.03
accept-greedy,40013,0.9390529081790643,0.8431739233816526,0.0930914887345731,0.11801052356121797,0.5748322673588236,0.0,-0.016276041666666664,0.0,0.0,2.49999999975,1.3996494952920104,0.4106972990683612,growth_mean,0.03
accept-greedy,40014,0.9373918899359739,0.839538497152784,0.09112200149359737,0.10833513499815423,0.5590976110273923,-0.0002604166666666667,-0.052083333333333336,0.00013020833333333333,0.0,2.49999999975,1.3909908116102252,0.4019419872228884,growth_mean,0.03
accept-greedy,40015,1.0074560678136089,0.9030273118079106,0.09801774219802754,0.12718666579389643,0.6416208281306762,-0.00026041666666666666,-0.054296874999999994,0.0,0.0,2.49999999975,1.450265611331264,0.4424160809699567,growth_mean,0.03
accept-greedy,40016,0.9141095649156997,0.8186335087919726,0.09073387315823664,0.12045423513593698,0.583180234928971,0.0,-0.013541666666666667,0.0,0.0,2.4999999997500004,1.3848396256865283,0.42111752444970796,growth_mean,0.03
accept-greedy,40017,0.9535297410296706,0.8543206396447999,0.09283344285296706,0.12343515824349738,0.6374501814747118,-0.0005208333333333333,-0.04986979166666667,0.0,0.0,2.49999999975,1.3635711012236476,0.46748583986759024,growth_mean,0.03
accept-greedy,40018,0.9904309617672644,0.8902996637613564,0.09787773159339311,0.12476003657256633,0.6195297688711262,0.0,-0.023307291666666667,0.0,0.0,2.49999999975,1.450169555505341,0.42721195360858233,growth_mean,0.03
accept-greedy,40019,0.9539816334422385,0.8540385827790122,0.09395285084422386,0.12497694581240136,0.6157940604147089,0.0,-0.02890625,0.0,0.0,2.49999999975,1.3493283963907103,0.45637078569003897,growth_mean,0.03
accept-greedy,40020,0.9070723980939916,0.8105916166928504,0.08889734397606583,0.1266685407724816,0.6357322404280512,0.0,-0.03619791666666666,0.0,0.0,2.49999999975,1.348463635438357,0.471449302540063,growth_mean,0.03
accept-greedy,40021,1.0228382004091028,0.9184279722801914,0.09964710129091027,0.12679454758462205,0.6410702735649766,-0.00013020833333333333,-0.05260416666666667,0.0,0.0,2.49999999975,1.4890075672483376,0.43053526903806427,growth_mean,0.03
accept-greedy,40022,0.9790671729905471,0.8798091562273292,0.09703432146572138,0.11720896363859053,0.571691888172164,0.0,-0.017447916666666667,0.0,0.0,2.49999999975,1.4515940871853066,0.3938372946122254,growth_mean,0.03
accept-greedy,40023,0.9645341076905902,0.8659672700927341,0.09630367118572569,0.12798716813523744,0.6059662438822643,0.0,-0.0029947916666666664,0.0,0.0,2.49999999975,1.3734462091584807,0.44120129338996367,growth_mean,0.03
accept-greedy,40024,0.9736354525609158,0.8748563225163759,0.09584010775609157,0.12051494828447597,0.5989095575743795,0.0,-0.030468750000000003,0.0,0.0,2.49999999975,1.4789747160622086,0.4049491523215385,growth_mean,0.03
accept-greedy,40025,0.930352284919569,0.8369870989082284,0.09291153057529024,0.12233067527259509,0.5763896243252348,0.0,-0.0024739583333333332,0.0,0.0,2.49999999975,1.3954074054151124,0.4130618929557477,growth_mean,0.03
accept-greedy,40026,0.9502551654403357,0.8513266217669033,0.09471301654403357,0.123748481008923,0.5919511873102546,0.0,-0.00625,0.0,0.0,2.49999999975,1.4230536527971798,0.4159725012101299,growth_mean,0.03
accept-greedy,40027,0.9716318371581356,0.8709583743594306,0.09612802746581355,0.13405802863636482,0.6624286105516785,0.0,-0.020703125,0.0,0.0,2.49999999975,1.3814816876954816,0.4795058931665671,growth_mean,0.03
accept-greedy,40028,0.9378875951519559,0.8353439852069858,0.09010386368186224,0.12468077277958436,0.6423685706135802,-0.00013020833333333333,-0.07356770833333333,0.0,0.0,2.49999999975,1.3644143442064496,0.4708016837709113,growth_mean,0.03
accept-greedy,40029,0.9953279511239076,0.8950245559815981,0.09950675344572409,0.12841769010294374,0.5991227699447754,0.0,-0.0005208333333333333,0.0,0.0,2.49999999975,1.4330518993212158,0.41807471887693526,growth_mean,0.03
accept-greedy,40030,0.9871433510724088,0.8853883458739108,0.09667657469057421,0.13260404208765783,0.6623753393287907,0.0,-0.040755208333333334,0.0,0.0,2.49999999975,1.485570605047746,0.4458726748349346,growth_mean,0.03
accept-greedy,40031,0.9584988525226548,0.8600179556825445,0.09512722900226547,0.12326117652689857,0.5982508968898019,0.0,-0.014453124999999999,0.0,0.0,2.49999999975,1.4148316644404284,0.4228424567571525,growth_mean,0.03
accept-greedy,40032,0.98354979324159,0.8825003613749872,0.09444221890749234,0.11916139806262847,0.616947790799918,-0.000390625,-0.07786458333333333,0.00013020833333333333,0.0,2.49999999975,1.4427017203322037,0.4276336418714858,growth_mean,0.03
accept-greedy,40033,0.9520091901312924,0.8549709674515397,0.09478425234646257,0.11196442916571797,0.5373523186446282,0.0,-0.008333333333333333,0.0,0.0,2.49999999975,1.4090045695923354,0.38137017454819133,growth_mean,0.03
accept-greedy,40034,1.0072336838668974,0.9037628911680389,0.09824289963668974,0.12195509351758349,0.620396656576032,-0.00013020833333333333,-0.04947916666666667,0.0,0.0,2.4999999997499995,1.4337176922020736,0.4327188399434154,growth_mean,0.03
accept-greedy,40035,1.0035360084872684,0.9014181996088441,0.09790568418206017,0.1271360082309981,0.6531289557135779,0.0,-0.048958333333333326,0.0,0.0,2.49999999975,1.4484201910879204,0.4509250559556252,growth_mean,0.03
accept-greedy,40036,0.9171114119651566,0.8221608590837792,0.09049369327984899,0.1208037661176518,0.59569302516463,-0.00013020833333333333,-0.024218750000000004,0.0,0.0,2.4999999997500004,1.3485193680741245,0.4417385758540224,growth_mean,0.03
accept-greedy,40037,0.9389103690225516,0.8399073866316475,0.09371525565225516,0.13109831742572786,0.6186960417564679,0.0,-0.003515625,0.0,0.0,2.49999999975,1.3712868165600476,0.451179165645669,growth_mean,0.03
accept-greedy,40038,0.9756716343923608,0.8741865268841105,0.09661664260590275,0.13402864306311052,0.6596781118609651,0.0,-0.019010416666666665,0.0,0.0,2.49999999975,1.4789796685163583,0.4460359570207768,growth_mean,0.03
accept-greedy,40039,0.9661765836345415,0.8659932910298076,0.09521791878012081,0.12598509062582272,0.6255704602684055,-0.00013020833333333333,-0.027864583333333335,0.0,0.0,2.49999999975,1.3427629038282751,0.4658830374929759,growth_mean,0.03
accept-greedy,40040,0.9831320031508215,0.8846002792269273,0.09785096073174883,0.11066479499159636,0.5368700887121896,0.0,-0.009244791666666667,0.0,0.0,2.49999999975,1.4471167931878646,0.37099292278235146,growth_mean,0.03
accept-greedy,40041,0.9856310229109455,0.8851285903135071,0.09570502937442787,0.12151379404914389,0.6259697425610211,-0.00026041666666666666,-0.056901041666666666,0.0,0.0,2.49999999975,1.4449158198481762,0.43322229154276587,growth_mean,0.03
accept-greedy,40042,0.9145825566119493,0.8177380859038244,0.09011059941119492,0.1201299781767453,0.5864907113082772,-0.00013020833333333333,-0.02682291666666667,0.0,0.0,2.49999999975,1.3592306784038257,0.43148725277228595,growth_mean,0.03
accept-greedy,40043,1.0042917644050904,0.9034533799495551,0.10042917644050904,0.12236848280198565,0.562113064904543,0.0,0.0,0.0,0.0,2.49999999975,1.484115793899211,0.3787528353348399,growth_mean,0.03
accept-greedy,40044,1.0106106162760085,0.9079280285182924,0.10062486371093418,0.13115896844083672,0.6346282333660747,0.0,-0.008723958333333334,0.0,0.0,2.49999999975,1.504628350568587,0.42178404595809577,growth_mean,0.03
accept-greedy,40045,0.9665738251810385,0.8698725805640528,0.09603238251810385,0.10284022231854172,0.49798202484066223,0.0,-0.0125,0.0,0.0,2.4999999997499995,1.4445411946313038,0.3447336958554264,growth_mean,0.03
accept-greedy,40046,0.9968489204119723,0.8959140596213856,0.09876692329119721,0.12403587720449884,0.6088539873772988,0.0,-0.018359374999999997,0.0,0.0,2.49999999975,1.418688598982003,0.4291667585220529,growth_mean,0.03
accept-greedy,40047,0.9512921884852769,0.8528364409818403,0.09399640634852768,0.12349974706893957,0.6090253991740355,0.0,-0.02265625,0.0,0.0,2.49999999975,1.4393578566711183,0.4231229894298572,growth_mean,0.03
accept-greedy,40048,0.9916755949786,0.8894592667968612,0.09720141366452667,0.12341744569653186,0.6191426144475081,0.0,-0.039322916666666666,0.0,0.0,2.49999999975,1.381130314877287,0.44828689065630906,growth_mean,0.03
accept-greedy,40049,0.9885641896904884,0.8896112553954626,0.09875225230238219,0.12418642537876755,0.5828239026497358,0.0,-0.0020833333333333333,0.0,0.0,2.49999999975,1.445875722030783,0.40309405142451615,growth_mean,0.03
max-exp-cap,40000,0.9869342813465993,0.8875765611094193,0.0982897823013266,0.12287045760619816,0.5915162554162499,0.0,-0.008072916666666667,0.0,0.0,2.4999999997499995,1.5079171440055583,0.39227371196601335,growth_mean,0.03
max-exp-cap,40001,0.9568333708752795,0.8607883946406489,0.09468724333752795,0.11458528009858954,0.5679772469338468,0.0,-0.019921875000000002,0.0,0.0,2.49999999975,1.446748750880092,0.392588724606351,growth_mean,0.03
max-exp-cap,40002,1.0195945492971719,0.9158668277284056,0.10068341326305053,0.13387080653219244,0.6694570818646962,0.0,-0.025520833333333336,0.0,0.0,2.49999999975,1.476916857066954,0.45328014143882667,growth_mean,0.03
max-exp-cap,40003,1.0154322026752167,0.9109582778219253,0.09816431401752168,0.11836498841163604,0.6094652725133337,-0.00013020833333333333,-0.06744791666666666,0.00013020833333333333,0.0,2.4999999997500004,1.4914991741823787,0.4086259537136083,growth_mean,0.03
max-exp-cap,40004,0.9869221810352249,0.8872091145409693,0.09767008268685581,0.12481642984949816,0.6089983476254147,0.0,-0.020442708333333334,0.0,0.0,2.4999999997500004,1.4763441065759881,0.4125043375137213,growth_mean,0.03
max-exp-cap,40005,0.9794150055984201,0.8804595997023466,0.09792196930984201,0.1318339512558929,0.616811999315938,0.0,-0.000390625,0.0,0.0,2.49999999975,1.5498936378002088,0.3979705344112452,growth_mean,0.03
max-exp-cap,40006,1.0192389442437042,0.9147274481804673,0.10081712359103709,0.12901187022732621,0.6388127887246811,0.0,-0.022135416666666664,0.0,0.0,2.49999999975,1.4635580464059692,0.4364792980322175,growth_mean,0.03
max-exp-cap,40007,1.0201495306497992,0.9154631461901634,0.09847328639831325,0.11805913902767345,0.6098288999673123,-0.000390625,-0.07044270833333333,0.00013020833333333333,0.0,2.4999999997500004,1.508448571916237,0.4042755658501665,growth_mean,0.03
max-exp-cap,40008,0.9899700625405983,0.8909324471287218,0.09845013125405983,0.11529841005357681,0.5544437210056021,0.0,-0.0109375,0.0,0.0,2.49999999975,1.5335415085173105,0.3615446454668583,growth_mean,0.03
max-exp-cap,40009,0.9952407595154673,0.8949587320249324,0.09803319053488008,0.11692586007565017,0.5805735324883062,-0.00013020833333333333,-0.0296875,0.0,0.0,2.49999999975,1.5149804196814571,0.38322180600220485,growth_mean,0.03
max-exp-cap,40010,0.9779539416545984,0.8814204739026695,0.09767169624879317,0.10727589552157865,0.5042907431098265,0.0,-0.0024739583333333332,0.0,0.0,2.49999999975,1.4712726411890713,0.3427581870225375,growth_mean,0.03
max-exp-cap,40011,0.9624717523062473,0.862378816433914,0.09597373773062472,0.1262255825992989,0.5987882798930723,0.0,-0.00546875,0.0,0.0,2.49999999975,1.444955828378089,0.41439902046361554,growth_mean,0.03
max-exp-cap,40012,0.9833657877231868,0.8830669243752722,0.09790038085565202,0.12607656743632434,0.6045251678174636,0.0,-0.008723958333333334,0.0,0.0,2.49999999975,1.4895593641345997,0.40584160817832127,growth_mean,0.03
max-exp-cap,40013,0.9520279438500054,0.8552216218555603,0.0943889923016672,0.11813248960100323,0.5754263670465025,0.0,-0.016276041666666664,0.0,0.0,2.49999999975,1.4687228225422402,0.3917869037062324,growth_mean,0.03
max-exp-cap,40014,0.9739982954189287,0.874114474719572,0.09463941287522622,0.10929027987607104,0.5640269372283283,-0.0002604166666666667,-0.05494791666666667,0.00013020833333333333,0.0,2.49999999975,1.522875609366451,0.3703696702207842,growth_mean,0.03
max-exp-cap,40015,1.013497719189272,0.9085328460623012,0.0986153969189272,0.12718666579389643,0.6416208281306762,-0.00026041666666666666,-0.054427083333333334,0.0,0.0,2.4999999997499995,1.4907688534557015,0.4303959172767504,growth_mean,0.03
max-exp-cap,40016,0.9732346095295096,0.8747466089759578,0.09664637761961763,0.12082012482155449,0.5849516930481122,0.0,-0.013541666666666667,0.0,0.0,2.49999999975,1.4535402964328608,0.40243238834426853,growth_mean,0.03
max-exp-cap,40017,0.9931056929479787,0.8917886710578236,0.09662176721146454,0.12343515824349738,0.6374501814747118,-0.0005208333333333333,-0.05325520833333333,0.0,0.0,2.49999999975,1.4818612037762473,0.4301686148812647,growth_mean,0.03
max-exp-cap,40018,0.9953446975001332,0.894582988848999,0.09836910516667999,0.12476003657256633,0.6195297688711262,0.0,-0.023307291666666667,0.0,0.0,2.4999999997500004,1.5005164622060083,0.4128776887661163,growth_mean,0.03
max-exp-cap,40019,1.0000560076525324,0.8978268141401564,0.09856028826525325,0.12497694581240136,0.6157940604147089,0.0,-0.02890625,0.0,0.0,2.49999999975,1.4686535125063225,0.41929158591247906,growth_mean,0.03
max-exp-cap,40020,0.9569614527134652,0.857405974838185,0.09387322860467986,0.12729502834887269,0.6388764966743975,0.0,-0.03645833333333333,0.0,0.0,2.49999999975,1.4571510487491972,0.43844218979412064,growth_mean,0.03
max-exp-cap,40021,0.9950934657336062,0.8920362955882534,0.0968791382400273,0.12679454758462205,0.6410702735649766,-0.00013020833333333333,-0.052473958333333334,0.0,0.0,2.4999999997500004,1.4889416256539292,0.430554336395441,growth_mean,0.03
max-exp-cap,40022,1.0017192779530837,0.9012631755211717,0.09929953196197504,0.11720896363859053,0.571691888172164,0.0,-0.017447916666666667,0.0,0.0,2.4999999997500004,1.5085103772457715,0.3789777629610711,growth_mean,0.03
max-exp-cap,40023,0.9953182022495006,0.8950785437452299,0.09938208064161673,0.12798716813523744,0.6059662438822643,0.0,-0.0029947916666666664,0.0,0.0,2.49999999975,1.4846969587722831,0.40814136534862056,growth_mean,0.03
max-exp-cap,40024,0.9761090132642345,0.8771590115739036,0.09608746382642344,0.12051494828447597,0.5989095575743795,0.0,-0.030468750000000003,0.0,0.0,2.49999999975,1.528846618907915,0.3917394656647717,growth_mean,0.03
max-exp-cap,40025,0.9668994705037408,0.8710908873876814,0.09656624913370741,0.12233067527259509,0.5763896243252348,0.0,-0.0024739583333333332,0.0,0.0,2.49999999975,1.5366495305416206,0.375095044686003,growth_mean,0.03
max-exp-cap,40026,0.9762735189885232,0.8759249142182981,0.09731485189885232,0.123748481008923,0.5919511873102546,0.0,-0.00625,0.0,0.0,2.49999999975,1.4928772529189236,0.39651698500519844,growth_mean,0.03
max-exp-cap,40027,1.0093367755384863,0.906434915121371,0.09989852130384862,0.13405802863636482,0.6624286105516785,0.0,-0.020703125,0.0,0.0,2.49999999975,1.495941952478133,0.44281705547084826,growth_mean,0.03
max-exp-cap,40028,1.0003631821691361,0.8941839055856231,0.09611053696691362,0.12468077277958436,0.6423685706135802,-0.00013020833333333333,-0.07838541666666667,0.0,0.0,2.49999999975,1.4793766470781216,0.43421570286532896,growth_mean,0.03
max-exp-cap,40029,0.9912003819512613,0.8909802794277561,0.09909399652845945,0.12841769010294374,0.5991227699447754,0.0,-0.0005208333333333333,0.0,0.0,2.49999999975,1.4818620954115853,0.40430399819247004,growth_mean,0.03
max-exp-cap,40030,0.9638956404873609,0.8633616628847743,0.09435180363206941,0.13250426958624045,0.6618769620286603,0.0,-0.040755208333333334,0.0,0.0,2.49999999975,1.4365563151057845,0.46073861154543133,growth_mean,0.03
max-exp-cap,40031,0.9779407903909174,0.8785608390134094,0.09707142278909175,0.12326117652689857,0.5982508968898019,0.0,-0.014453124999999999,0.0,0.0,2.49999999975,1.5246227255073765,0.3923927453532552,growth_mean,0.03
max-exp-cap,40032,0.9928707623684472,0.8912276344514521,0.09527665957017804,0.11916139806262847,0.616947790799918,-0.000390625,-0.07981770833333333,0.00013020833333333333,0.0,2.49999999975,1.5028944703204765,0.4105063948158385,growth_mean,0.03
max-exp-cap,40033,0.9717210517834667,0.8733432561065639,0.09675543851168,0.113053346099911,0.5425783716309206,0.0,-0.008333333333333333,0.0,0.0,2.49999999975,1.5150936255654546,0.35811540783720386,growth_mean,0.03
max-exp-cap,40034,1.029666959052602,0.9245216802873225,0.10045367507192685,0.12195509351758349,0.620396656576032,-0.00013020833333333333,-0.05013020833333333,0.0,0.0,2.4999999997500004,1.5596543537919958,0.3977782994467065,growth_mean,0.03
max-exp-cap,40035,1.003249994329816,0.9007695116219948,0.09781197859964827,0.12804321079853948,0.6577894785174904,0.0,-0.05026041666666666,0.0,0.0,2.49999999975,1.5375264145151166,0.4278232050568931,growth_mean,0.03
max-exp-cap,40036,0.955197279388905,0.8584482949750862,0.09430228002222382,0.1208037661176518,0.59569302516463,-0.00013020833333333333,-0.024218750000000004,0.0,0.0,2.49999999975,1.4784840553318226,0.40290798065518263,growth_mean,0.03
max-exp-cap,40037,0.9744228854353649,0.8735736852752676,0.0972665072935365,0.13184894160542496,0.6222384839322677,0.0,-0.003515625,0.0,0.0,2.49999999975,1.4882879123026838,0.4180901281187847,growth_mean,0.03
max-exp-cap,40038,1.010226888767606,0.9072598817606542,0.10007216804342729,0.13402864306311052,0.6596781118609651,0.0,-0.019010416666666665,0.0,0.0,2.49999999975,1.5340302277249065,0.4300294087681194,growth_mean,0.03
max-exp-cap,40039,0.9985067992872254,0.8960224875479881,0.0984509403453892,0.12598509062582272,0.6255704602684055,-0.00013020833333333333,-0.027864583333333335,0.0,0.0,2.49999999975,1.4987800116683898,0.4173864445737051,growth_mean,0.03
max-exp-cap,40040,0.9830054370371619,0.8840312437390655,0.09783830412038287,0.11070563634420723,0.5370682230926941,0.0,-0.009244791666666667,0.0,0.0,2.4999999997500004,1.4676531095751049,0.365936759571326,growth_mean,0.03
max-exp-cap,40041,0.9898253830274777,0.8889402048497557,0.0961244653860811,0.12168820303026413,0.6268681981303371,-0.00026041666666666666,-0.056901041666666666,0.0,0.0,2.49999999975,1.47742027226723,0.42429917193998784,growth_mean,0.03
max-exp-cap,40042,0.9701524262599315,0.8701357386607483,0.09566758637599312,0.1201299781767453,0.5864907113082772,-0.00013020833333333333,-0.02682291666666667,0.0,0.0,2.4999999997499995,1.5012346562436307,0.3906722435890112,growth_mean,0.03
max-exp-cap,40043,0.9954670678892433,0.8948990214041146,0.09954670678892433,0.12236848280198565,0.562113064904543,0.0,0.0,0.0,0.0,2.49999999975,1.4885262286863985,0.3776306080952293,growth_mean,0.03
max-exp-cap,40044,1.0018861736589004,0.8996242944633801,0.09975241944922338,0.13115896844083672,0.6346282333660747,0.0,-0.008723958333333334,0.0,0.0,2.49999999975,1.5090046722249393,0.42056081405656115,growth_mean,0.03
max-exp-cap,40045,0.9630432617135191,0.8664129356720351,0.09567932617135191,0.10287287887811171,0.49814015732319056,0.0,-0.0125,0.0,0.0,2.49999999975,1.4587873642283486,0.3414755087261745,growth_mean,0.03
max-exp-cap,40046,1.014944655619369,0.9127325078054297,0.10057649681193692,0.12403587720449884,0.6088539873772988,0.0,-0.018359374999999997,0.0,0.0,2.49999999975,1.516952974073241,0.40136642188876603,growth_mean,0.03
max-exp-cap,40047,0.9932954639134384,0.8929132946126175,0.09819673389134384,0.12349974706893957,0.6090253991740355,0.0,-0.02265625,0.0,0.0,2.49999999975,1.5265058153341928,0.39896696956945665,growth_mean,0.03
max-exp-cap,40048,0.9982541116393848,0.8953193875788159,0.0978527549139385,0.12341744569653186,0.6191426144475081,0.0,-0.039453125,0.0,0.0,2.49999999975,1.4217227311030043,0.43548759607097465,growth_mean,0.03
max-exp-cap,40049,1.0000856430006348,0.9005512889886758,0.09990439763339681,0.12418642537876755,0.5828239026497358,0.0,-0.0020833333333333333,0.0,0.0,2.49999999975,1.5221982656702187,0.3828830421069495,growth_mean,0.03
accept-greedy,40000,1.0146586034441494,0.9104430055514161,0.0974098707610816,0.12287045760619839,0.6516272010696276,-0.0006510416666666667,-0.08046875,0.00013020833333333333,0.0,2.49999999975,1.4163130611562764,0.4600869814316616,growth_mean,0.04
accept-greedy,40001,0.9704114904749198,0.8706611578252618,0.09179375321415865,0.11458528009858956,0.6255683350376575,-0.0015624999999999999,-0.10338541666666667,0.0009114583333333333,0.0,2.49999999975,1.3516843042712274,0.4628065392643131,growth_mean,0.04
accept-greedy,40002,0.9994766297520575,0.8942618450266898,0.09545547547520575,0.13387080653219208,0.7372938269885589,-0.0018229166666666667,-0.08802083333333333,0.00013020833333333333,0.0,2.49999999975,1.4217247196512095,0.5185911286465066,growth_mean,0.04
accept-greedy,40003,1.0426722762594807,0.9348463096134654,0.09769821720928142,0.11836498841163635,0.6668318131085843,-0.00625,-0.12513020833333333,0.0015625,0.0,2.49999999975,1.4653876602933051,0.45505488491360324,growth_mean,0.04
accept-greedy,40004,1.014589496250977,0.9098076990337066,0.09563212670843102,0.12481642984949833,0.6707989890485769,-0.0018229166666666667,-0.11471354166666667,0.00013020833333333333,0.0,2.49999999975,1.435988062235448,0.46713409859711713,growth_mean,0.04
accept-greedy,40005,0.9628566987528892,0.8621345113365801,0.09313462820862226,0.130300836329598,0.6718084166081626,-0.00013020833333333333,-0.06289062499999999,0.0,0.0,2.49999999975,1.4682243011124323,0.4575652481021818,growth_mean,0.04
accept-greedy,40006,0.9943901795058185,0.8886293083699112,0.09475802836724852,0.12874385563794838,0.7021233683741394,-0.00234375,-0.09127604166666667,0.00026041666666666666,0.0,2.49999999975,1.3514859762304288,0.5195195368082954,growth_mean,0.04
accept-greedy,40007,1.0118778730407476,0.9056303577123466,0.09435184980407477,0.11703440436297237,0.6644819438599116,-0.007421875,-0.12929687499999998,0.0022135416666666666,0.0,2.49999999975,1.4467830035019889,0.45928238184407044,growth_mean,0.04
accept-greedy,40008,0.9713872816603729,0.8698736169947867,0.09196294691603729,0.11503169857356807,0.6093963313846871,-0.0010416666666666667,-0.10247395833333334,0.00013020833333333333,0.0,2.49999999975,1.3982956189290023,0.4358136599551406,growth_mean,0.04
accept-greedy,40009,0.9520718006183895,0.8508633745699694,0.09001837797850562,0.11642030846777739,0.6366167217360226,-0.002864583333333333,-0.10091145833333334,0.0006510416666666666,0.0,2.49999999975,1.3982029168557513,0.4553106806325598,growth_mean,0.04
accept-greedy,40010,0.9662205063526048,0.8677840653130964,0.09319757146859378,0.10727589552157858,0.5556534688754254,-0.00013020833333333333,-0.068359375,0.0,0.0,2.49999999975,1.4119076278220068,0.39354803241099445,growth_mean,0.04
accept-greedy,40011,0.9524796681696153,0.8498193059473138,0.0912896334836282,0.12622558259929906,0.6597513663071841,-0.00078125,-0.07838541666666667,0.00013020833333333333,0.0,2.49999999975,1.367058816223544,0.48260642371608126,growth_mean,0.04
accept-greedy,40012,0.9975770941064525,0.8934629273083922,0.09488140732731191,0.1260765674363245,0.6659865236978622,-0.0015625,-0.09596354166666667,0.00026041666666666666,0.0,2.4999999997500004,1.4095595273206023,0.47247846635027885,growth_mean,0.04
accept-greedy,40013,0.9549458764250405,0.8552746601605089,0.0908787022258374,0.11731700029748615,0.6294385874103664,-0.0024739583333333332,-0.08984375,0.00026041666666666666,0.0,2.49999999975,1.3996494952920104,0.4497115810262525,growth_mean,0.04
accept-greedy,40014,0.9536339646307961,0.8527789841272531,0.08953006312974626,0.10747677017536453,0.606331153007558,-0.004817708333333333,-0.11184895833333335,0.0015625,0.0,2.49999999975,1.3909908116102252,0.4358987478182281,growth_mean,0.04
accept-greedy,40015,1.0238929206542207,0.915982505958373,0.09594397956542207,0.1271866657938965,0.7050063762888467,-0.005078125,-0.12382812499999998,0.0010416666666666667,0.0,2.49999999975,1.450265611331264,0.4861222460082258,growth_mean,0.04
accept-greedy,40016,0.9263425395056079,0.8276372734223392,0.08861081645056079,0.11944402097276705,0.6364176211264021,-0.0009114583333333333,-0.07955729166666667,0.00013020833333333333,0.0,2.4999999997500004,1.3848396256865283,0.4595605218986284,growth_mean,0.04
accept-greedy,40017,0.9701534137361091,0.8677643778181264,0.09107133095694425,0.12343515824349734,0.7005417935734713,-0.0054687500000000005,-0.11341145833333334,0.001171875,0.0,2.49999999975,1.3635711012236476,0.5137552364851499,growth_mean,0.04
accept-greedy,40018,1.015842984724145,0.9108846783020808,0.09635643388908119,0.12476003657256626,0.6823040149644967,-0.001953125,-0.10260416666666668,0.0,0.0,2.49999999975,1.450169555505341,0.47049947530220626,growth_mean,0.04
accept-greedy,40019,0.9728100909802442,0.8689250106732793,0.09178621743135773,0.12497694581240106,0.6782176975977354,-0.0024739583333333332,-0.107421875,0.00013020833333333333,0.0,2.49999999975,1.3493283963907103,0.5026335319199429,growth_mean,0.04
accept-greedy,40020,0.916282922216878,0.8173547209379819,0.0861595422216878,0.12544840678667793,0.6933378247808523,-0.003255208333333334,-0.10611979166666666,0.0006510416666666666,0.0,2.49999999975,1.348463635438357,0.5141687225072724,growth_mean,0.04
accept-greedy,40021,1.0486824245575073,0.939538389923163,0.09824714870575074,0.12679454758462202,0.7030985367663798,-0.0028645833333333336,-0.12955729166666669,0.0009114583333333333,0.0,2.49999999975,1.4890075672483376,0.47219272234169685,growth_mean,0.04
accept-greedy,40022,0.9991471883608951,0.8955428074551962,0.0952337292527562,0.11670326789680448,0.6269812128102894,-0.0014322916666666666,-0.09218749999999999,0.00013020833333333333,0.0,2.49999999975,1.4515940871853066,0.4319259897414081,growth_mean,0.04
accept-greedy,40023,0.9802328156124678,0.8777035483475019,0.09421468781124677,0.12798716813523733,0.6676622435205282,-0.0005208333333333334,-0.07565104166666667,0.00013020833333333333,0.0,2.49999999975,1.3734462091584807,0.48612187289781744,growth_mean,0.04
accept-greedy,40024,1.0079220862106413,0.9032951570677188,0.09450314612106413,0.12051494828447597,0.6595551174903276,-0.0022135416666666666,-0.12356770833333333,0.0006510416666666666,0.0,2.49999999975,1.4789747160622086,0.4459542886888577,growth_mean,0.04
accept-greedy,40025,0.9429349605905187,0.8461532039205956,0.0908690168923852,0.12233067527259484,0.6351037213513264,0.0,-0.06848958333333334,0.00013020833333333333,0.0,2.49999999975,1.3954074054151124,0.4551385630366443,growth_mean,0.04
accept-greedy,40026,0.9702730992531969,0.8669290538104667,0.09289319534198635,0.12374848100892324,0.6521107602307693,-0.0006510416666666666,-0.08203125,0.00013020833333333333,0.0,2.49999999975,1.4230536527971798,0.45824748697912315,growth_mean,0.04
accept-greedy,40027,0.9945538221542125,0.8893954077273758,0.09389548638208792,0.1338519283673652,0.7284847473874816,-0.001171875,-0.11002604166666666,0.0005208333333333333,0.0,2.49999999975,1.3814816876954816,0.5273213201998379,growth_mean,0.04
accept-greedy,40028,0.941532779668168,0.837605924779892,0.08772098630015014,0.12468077277958413,0.7071675454425004,-0.008463541666666668,-0.12018229166666668,0.0015625,0.0,2.49999999975,1.3644143442064496,0.5182938367991086,growth_mean,0.04
accept-greedy,40029,1.0042874571292109,0.9010356417844956,0.09758369362958774,0.12841769010294377,0.6602476198764471,-0.00013020833333333333,-0.05677083333333334,0.0,0.0,2.49999999975,1.4330518993212158,0.4607283380240326,growth_mean,0.04
accept-greedy,40030,1.0183617348688032,0.9111550842563784,0.09516950682021366,0.13232587811546062,0.7279463951403977,-0.003125,-0.13020833333333331,0.0006510416666666666,0.0,2.49999999975,1.485570605047746,0.49001130788866254,growth_mean,0.04
accept-greedy,40031,0.9894241255232884,0.8853991308256104,0.09355829796899551,0.12326117652689855,0.6580328924061442,-0.0014322916666666666,-0.10625,0.0,0.0,2.49999999975,1.4148316644404284,0.465096243563646,growth_mean,0.04
accept-greedy,40032,1.0021551112299176,0.8979722604290614,0.09308660487299177,0.1189989077169124,0.6724758138183216,-0.00703125,-0.135546875,0.0022135416666666666,0.0,2.49999999975,1.4427017203322037,0.46612255627135035,growth_mean,0.04
accept-greedy,40033,0.9716883399356293,0.8704362766706691,0.09286544857689627,0.11063006084996979,0.5849157925380305,-0.0006510416666666666,-0.08541666666666667,0.0,0.0,2.49999999975,1.4090045695923354,0.4151269663428154,growth_mean,0.04
accept-greedy,40034,1.0229198145557492,0.9160671430559179,0.09621776270557492,0.12195509351758363,0.683057826876102,-0.005078125,-0.11640625000000002,0.001171875,0.0,2.4999999997499995,1.4337176922020736,0.4764242155838788,growth_mean,0.04
accept-greedy,40035,1.0250628807197255,0.9189623855841329,0.09617165265530589,0.1250784809600148,0.7074582444195503,-0.005859375000000001,-0.12083333333333332,0.0018229166666666667,0.0,2.49999999975,1.4484201910879204,0.4884343982309253,growth_mean,0.04
accept-greedy,40036,0.9345605361641736,0.835873030005233,0.08851464736641736,0.1208037661176516,0.6558156718603696,-0.00234375,-0.096484375,0.000390625,0.0,2.4999999997500004,1.3485193680741245,0.486322768057063,growth_mean,0.04
accept-greedy,40037,0.9568491145578285,0.8538696715686324,0.0919088697891162,0.1300256181656303,0.6761695715384003,-0.0005208333333333333,-0.075,0.00013020833333333333,0.0,2.49999999975,1.3712868165600476,0.4930912799370527,growth_mean,0.04
accept-greedy,40038,0.9969071390052866,0.8909319450669988,0.095172484733862,0.13402864306311052,0.726583432025076,-0.0010416666666666667,-0.08932291666666667,0.000390625,0.0,2.49999999975,1.4789796685163583,0.49127344174646415,growth_mean,0.04
accept-greedy,40039,0.9758576362340798,0.8728919309854636,0.09298289904007466,0.12596480700730966,0.6888535413114605,-0.0022135416666666666,-0.08984375,0.00026041666666666666,0.0,2.49999999975,1.3427629038282751,0.5130120435614577,growth_mean,0.04
accept-greedy,40040,1.0031092787833478,0.9001127976183896,0.09588384454500146,0.11039947150718545,0.5899739627882272,-0.000390625,-0.08815104166666667,0.0005208333333333333,0.0,2.49999999975,1.4471167931878646,0.4076892518734228,growth_mean,0.04
accept-greedy,40041,1.0008746494086767,0.8971513312905435,0.09394163160753433,0.12080327009190142,0.6850952907656392,-0.00546875,-0.11744791666666667,0.0018229166666666667,0.0,2.49999999975,1.4449158198481762,0.4741420097660951,growth_mean,0.04
accept-greedy,40042,0.936619854860644,0.8356443781956859,0.08834948548606439,0.12012997817674512,0.6407804302028344,-0.0014322916666666668,-0.10481770833333334,0.00013020833333333333,0.0,2.49999999975,1.3592306784038257,0.4714287577406043,growth_mean,0.04
accept-greedy,40043,1.0120917225678754,0.9088290715872749,0.0992039639234542,0.12236848280198553,0.6195184175824215,-0.000390625,-0.039713541666666664,0.0,0.0,2.49999999975,1.484115793899211,0.41743266942450863,growth_mean,0.04
accept-greedy,40044,1.0354626316221318,0.9277106249570596,0.09941214857887984,0.13115896844083696,0.6991143378127781,-0.0013020833333333333,-0.08138020833333334,0.00013020833333333333,0.0,2.49999999975,1.504628350568587,0.4646425395005939,growth_mean,0.04
accept-greedy,40045,0.9873034741037552,0.8862414677466757,0.09441394116037552,0.10253497348902897,0.5469208317127695,-0.0014322916666666666,-0.08489583333333332,0.0,0.0,2.4999999997499995,1.4445411946313038,0.37861213909677555,growth_mean,0.04
accept-greedy,40046,1.0208978850564943,0.9151085469304662,0.09669916350564943,0.1240358772044988,0.6706162717941088,-0.0007812499999999999,-0.10703125,0.0,0.0,2.49999999975,1.418688598982003,0.47270153032548334,growth_mean,0.04
accept-greedy,40047,0.9828637211996377,0.8786575455132789,0.09247257003663042,0.12349974706893946,0.6707647351120622,-0.0011718750000000002,-0.11510416666666666,0.00013020833333333333,0.0,2.49999999975,1.4393578566711183,0.4660166559714181,growth_mean,0.04
accept-greedy,40048,1.0036140294915323,0.8984297119004752,0.09492520503248658,0.1234174456965316,0.6817884177901715,-0.0026041666666666665,-0.10611979166666666,0.00078125,0.0,2.49999999975,1.381130314877287,0.49364524871119647,growth_mean,0.04
accept-greedy,40049,1.0095500453354544,0.906079499939473,0.09732219203354545,0.12418642537876753,0.6422032216593961,-0.0007812499999999999,-0.07187500000000001,0.0,0.0,2.49999999975,1.445875722030783,0.4441621170299473,growth_mean,0.04
max-exp-cap,40000,1.0077049596283205,0.9037798066616537,0.09659731887949871,0.12287045760619839,0.6516272010696276,-0.0006510416666666667,-0.0828125,0.00013020833333333333,0.0,2.4999999997499995,1.5079171440055583,0.4321372720378233,growth_mean,0.04
max-exp-cap,40001,0.9844552571604461,0.8831959041904281,0.09285307779937793,0.11458528009858956,0.6255683350376575,-0.0015624999999999999,-0.11028645833333334,0.0009114583333333333,0.0,2.49999999975,1.446748750880092,0.4323959738393479,growth_mean,0.04
max-exp-cap,40002,1.0374125408459869,0.9297296370062915,0.09902771241793201,0.13387080653219208,0.7372938269885589,-0.0018229166666666667,-0.09244791666666666,0.00013020833333333333,0.0,2.49999999975,1.476916857066954,0.49921146438315367,growth_mean,0.04
max-exp-cap,40003,1.0320586849567552,0.9242827622196432,0.09656524349567551,0.11836498841163635,0.6668318131085843,-0.00625,-0.12656250000000002,0.0015625,0.0,2.4999999997500004,1.4914991741823787,0.44708828851623955,growth_mean,0.04
max-exp-cap,40004,1.0166014684890805,0.9113101960698333,0.09564452184890805,0.12481642984949833,0.6707989890485769,-0.0018229166666666667,-0.11848958333333334,0.00013020833333333333,0.0,2.4999999997500004,1.4763441065759881,0.4543649316312359,growth_mean,0.04
max-exp-cap,40005,0.9978487241955184,0.8949024958243939,0.09660778908621852,0.13090795969731614,0.6749386389447318,-0.00013020833333333333,-0.06341145833333334,0.0,0.0,2.49999999975,1.5498936378002088,0.43547416576448694,growth_mean,0.04
max-exp-cap,40006,1.0438529760930941,0.9344624804037179,0.09928113094264275,0.129011870227326,0.7035850249738642,-0.00234375,-0.09973958333333333,0.00026041666666666666,0.0,2.49999999975,1.4635580464059692,0.48073598905191645,growth_mean,0.04
max-exp-cap,40007,1.0415307140979588,0.9330543640142657,0.09689395682646257,0.11733354029126204,0.6661803369451773,-0.007421875,-0.13776041666666666,0.0022135416666666666,0.0,2.4999999997500004,1.508448571916237,0.4416327804261197,growth_mean,0.04
max-exp-cap,40008,1.0221235627660537,0.9170678973239015,0.09658735627660535,0.11515559308386657,0.6100526796868581,-0.0010416666666666667,-0.11145833333333333,0.00013020833333333333,0.0,2.49999999975,1.5335415085173105,0.3978064345168469,growth_mean,0.04
max-exp-cap,40009,1.0230256343878619,0.917484269584737,0.09648876135545285,0.11663877530508976,0.637811355589929,-0.002864583333333333,-0.11341145833333333,0.0006510416666666666,0.0,2.49999999975,1.5149804196814571,0.42100303561945474,growth_mean,0.04
max-exp-cap,40010,0.9961368383386606,0.8954832778470416,0.09609805883386605,0.10727589552157858,0.5556534688754254,-0.00013020833333333333,-0.07018229166666667,0.0,0.0,2.49999999975,1.4712726411890713,0.37766859337936887,growth_mean,0.04
max-exp-cap,40011,0.9853369849322033,0.8805032826817832,0.09436703182655368,0.12622558259929906,0.6597513663071841,-0.00078125,-0.08255208333333333,0.00013020833333333333,0.0,2.49999999975,1.444955828378089,0.4565892972989571,growth_mean,0.04
max-exp-cap,40012,1.0131147126890934,0.9070760477384636,0.09617475251890935,0.1260765674363245,0.6659865236978622,-0.0015625,-0.101171875,0.00026041666666666666,0.0,2.49999999975,1.4895593641345997,0.44710304250598654,growth_mean,0.04
max-exp-cap,40013,0.9738802823845678,0.8724909562199799,0.09253776782179012,0.11789358370699278,0.6325321190032628,-0.0024739583333333332,-0.09453125000000001,0.00026041666666666666,0.0,2.49999999975,1.4687228225422402,0.4306681351273625,growth_mean,0.04
max-exp-cap,40014,0.9999499260973679,0.8958081904284048,0.0935041071930701,0.10835053042434664,0.6112604792084949,-0.004817708333333333,-0.125,0.0015625,0.0,2.49999999975,1.522875609366451,0.4013856912862321,growth_mean,0.04
max-exp-cap,40015,1.0322516725586646,0.9234974066423611,0.09664964642253313,0.1271866657938965,0.7050063762888467,-0.005078125,-0.12643229166666664,0.0010416666666666667,0.0,2.4999999997499995,1.4907688534557015,0.4729146135932441,growth_mean,0.04
max-exp-cap,40016,0.9929426081041739,0.8901457321324543,0.09493228164375071,0.11997627981512417,0.6392535848148118,-0.0009114583333333333,-0.086328125,0.00013020833333333333,0.0,2.49999999975,1.4535402964328608,0.4397907552914815,growth_mean,0.04
max-exp-cap,40017,1.0183303320051194,0.9126073705804371,0.09524449153384526,0.12343515824349734,0.7005417935734713,-0.0054687500000000005,-0.12630208333333331,0.001171875,0.0,2.49999999975,1.4818612037762473,0.4727445403039576,growth_mean,0.04
max-exp-cap,40018,1.02347301900239,0.9175354308300837,0.09697620815023902,0.12476003657256626,0.6823040149644967,-0.001953125,-0.10546875000000001,0.0,0.0,2.4999999997500004,1.5005164622060083,0.4547127819986703,growth_mean,0.04
max-exp-cap,40019,1.0317961527316302,0.9238633869871347,0.09710539652316301,0.12497694581240106,0.6782176975977354,-0.0024739583333333332,-0.11901041666666666,0.00013020833333333333,0.0,2.49999999975,1.4686535125063225,0.46179557793745835,growth_mean,0.04
max-exp-cap,40020,0.9818152086202393,0.877618197938552,0.09216589586202392,0.1264199882121797,0.698707635122887,-0.003255208333333334,-0.11705729166666667,0.0006510416666666666,0.0,2.49999999975,1.4571510487491972,0.47950254417525906,growth_mean,0.04
max-exp-cap,40021,1.0178941069610046,0.9105141868757748,0.09531154611276713,0.12679454758462202,0.7030985367663798,-0.0028645833333333336,-0.12669270833333335,0.0009114583333333333,0.0,2.4999999997500004,1.4889416256539292,0.47221363460611526,growth_mean,0.04
max-exp-cap,40022,1.025723620110461,0.9203992418968148,0.09770908076104609,0.11714059335741162,0.6293307172639843,-0.0014322916666666666,-0.09583333333333333,0.00013020833333333333,0.0,2.4999999997500004,1.5085103772457715,0.4171868664324419,growth_mean,0.04
max-exp-cap,40023,1.0187164551535524,0.9135627644574653,0.09780263509868857,0.12798716813523733,0.6676622435205282,-0.0005208333333333334,-0.080859375,0.00013020833333333333,0.0,2.49999999975,1.4846969587722831,0.44969597302376607,growth_mean,0.04
max-exp-cap,40024,1.0128447583011784,0.9077348299166232,0.09483265291345118,0.12051494828447597,0.6595551174903276,-0.0022135416666666666,-0.12682291666666667,0.0006510416666666666,0.0,2.49999999975,1.528846618907915,0.431406989643906,growth_mean,0.04
max-exp-cap,40025,0.9890205001625104,0.8886474959066499,0.09522366459958438,0.12233067527259484,0.6351037213513264,0.0,-0.07356770833333334,0.00013020833333333333,0.0,2.49999999975,1.5366495305416206,0.413304210705399,growth_mean,0.04
max-exp-cap,40026,1.0024739102852007,0.8969467442423985,0.09593098477852008,0.12374848100892324,0.6521107602307693,-0.0006510416666666666,-0.08567708333333332,0.00013020833333333333,0.0,2.49999999975,1.4928772529189236,0.43681472067160276,growth_mean,0.04
max-exp-cap,40027,1.0418472397360856,0.9331120605920791,0.09816909897360857,0.13405802863636468,0.7296064413685089,-0.001171875,-0.11914062500000001,0.0005208333333333333,0.0,2.49999999975,1.495941952478133,0.48772376505643456,growth_mean,0.04
max-exp-cap,40028,1.0173239290226006,0.9079366301300782,0.09450583040226006,0.12468077277958413,0.7071675454425004,-0.008463541666666668,-0.13606770833333334,0.0015625,0.0,2.49999999975,1.4793766470781216,0.4780172424914295,growth_mean,0.04
max-exp-cap,40029,1.004296115003239,0.9006991795075114,0.0975585177503239,0.12841769010294377,0.6602476198764471,-0.00013020833333333333,-0.05729166666666667,0.0,0.0,2.49999999975,1.4818620954115853,0.4455526745173033,growth_mean,0.04
max-exp-cap,40030,0.9898705544407285,0.8846330552305833,0.09264590961073951,0.1318309403029119,0.7252236609209495,-0.003125,-0.12369791666666666,0.0006510416666666666,0.0,2.49999999975,1.4365563151057845,0.5048348284679294,growth_mean,0.04
max-exp-cap,40031,1.0153666472485827,0.9094978476757622,0.09573588347485826,0.12326117652689855,0.6580328924061442,-0.0014322916666666666,-0.11458333333333334,0.0,0.0,2.49999999975,1.5246227255073765,0.4316037544220381,growth_mean,0.04
max-exp-cap,40032,1.015449061554069,0.9101698929272065,0.09416209365540693,0.11916139806262845,0.6733940644944787,-0.00703125,-0.140625,0.0022135416666666666,0.0,2.49999999975,1.5028944703204765,0.44806476954491986,growth_mean,0.04
max-exp-cap,40033,0.9968614004772313,0.8934924995073742,0.09514837963105646,0.11161850836199522,0.590141845524322,-0.0006510416666666666,-0.09010416666666667,0.0,0.0,2.49999999975,1.5150936255654546,0.3895085000467035,growth_mean,0.04
max-exp-cap,40034,1.058591432518657,0.9483168901447327,0.09908830991853236,0.12195509351758363,0.683057826876102,-0.005078125,-0.1303385416666667,0.001171875,0.0,2.4999999997500004,1.5596543537919958,0.4379546180955927,growth_mean,0.04
max-exp-cap,40035,1.027921846281676,0.9209617652153699,0.09616458046150092,0.12660719868526918,0.7161048473349411,-0.005859375000000001,-0.12669270833333332,0.0018229166666666667,0.0,2.49999999975,1.5375264145151166,0.46575124861238637,growth_mean,0.04
max-exp-cap,40036,0.984935291254837,0.8827497608725847,0.09289457079215038,0.1208037661176516,0.6558156718603696,-0.00234375,-0.10963541666666665,0.000390625,0.0,2.49999999975,1.4784840553318226,0.4435730432772114,growth_mean,0.04
max-exp-cap,40037,0.9972577801646099,0.8917560255286753,0.09576744468312766,0.13096587450509622,0.6810591674131383,-0.0005208333333333333,-0.07864583333333333,0.00013020833333333333,0.0,2.49999999975,1.4882879123026838,0.45761251017580423,growth_mean,0.04
max-exp-cap,40038,1.03374759671633,0.9259384366003731,0.09870028050496635,0.13402864306311052,0.726583432025076,-0.0010416666666666667,-0.09244791666666666,0.000390625,0.0,2.49999999975,1.5340302277249065,0.47364349078222484,growth_mean,0.04
max-exp-cap,40039,1.0243150125521474,0.9169127073455594,0.09713202208854807,0.1259850906258229,0.6889644646937558,-0.0022135416666666666,-0.10377604166666667,0.00026041666666666666,0.0,2.49999999975,1.4987800116683898,0.45968351547924935,growth_mean,0.04
max-exp-cap,40040,1.0053619136577727,0.9016580211237178,0.09607004553244394,0.11043654760252995,0.5901720971687319,-0.000390625,-0.08893229166666666,0.0005208333333333333,0.0,2.4999999997500004,1.4676531095751049,0.40211961077068853,growth_mean,0.04
max-exp-cap,40041,1.0059636217498356,0.9017395643114715,0.09441146634165024,0.12096169530992364,0.6859937463349542,-0.00546875,-0.11822916666666666,0.0018229166666666667,0.0,2.49999999975,1.47742027226723,0.46431862294825366,growth_mean,0.04
max-exp-cap,40042,1.0026456668784691,0.8969617738352917,0.09436612918784691,0.12012997817674512,0.6407804302028344,-0.0014322916666666668,-0.11653645833333333,0.00013020833333333333,0.0,2.4999999997499995,1.5012346562436307,0.4268356232903566,growth_mean,0.04
max-exp-cap,40043,1.000861506455954,0.8980934095485646,0.09808745272892874,0.12236848280198553,0.6195184175824215,-0.000390625,-0.03958333333333333,0.0,0.0,2.49999999975,1.4885262286863985,0.4161958356146247,growth_mean,0.04
max-exp-cap,40044,1.0237701823512901,0.9167945967254856,0.09832753906846235,0.13115896844083696,0.6991143378127781,-0.0013020833333333333,-0.0796875,0.00013020833333333333,0.0,2.49999999975,1.5090046722249393,0.46329501205716933,growth_mean,0.04
max-exp-cap,40045,0.9842646285394268,0.8832329745835934,0.09412958785394268,0.10256461966259477,0.547078964195297,-0.0014322916666666666,-0.08450520833333333,0.0,0.0,2.49999999975,1.4587873642283486,0.3750231031680783,growth_mean,0.04
max-exp-cap,40046,1.0460339809036545,0.9379727060657139,0.09880912725703214,0.1240358772044988,0.6706162717941088,-0.0007812499999999999,-0.11510416666666667,0.0,0.0,2.49999999975,1.516952974073241,0.4420811213372065,growth_mean,0.04
max-exp-cap,40047,1.02760014914283,0.9210070666183784,0.096685796164283,0.12349974706893946,0.6707647351120622,-0.0011718750000000002,-0.12031249999999999,0.00013020833333333333,0.0,2.49999999975,1.5265058153341928,0.4394118439471611,growth_mean,0.04
max-exp-cap,40048,1.0156264984937586,0.9090253477263173,0.09588556651604253,0.1234174456965316,0.6817884177901715,-0.0026041666666666665,-0.11093750000000001,0.00078125,0.0,2.49999999975,1.4217227311030043,0.47955090178605,growth_mean,0.04
max-exp-cap,40049,1.0236506740118052,0.9192490927133198,0.09860204656784718,0.12418642537876753,0.6422032216593961,-0.0007812499999999999,-0.07447916666666667,0.0,0.0,2.49999999975,1.5221982656702187,0.42189196778294596,growth_mean,0.04
accept-greedy,40000,0.3923507238466991,0.37247236691701324,0.07847014476933982,0.12055752176311615,0.4862104294014157,0.0,0.0,0.0,0.0,1.2499999997500002,0.8351750163856835,0.5821659171577565,horizon_years,5.0
accept-greedy,40001,0.3689533569683294,0.35042951897158786,0.07379067139366588,0.11295834249713985,0.4702866445664863,0.0,0.0,0.0,0.0,1.2499999997500002,0.7721637555675404,0.6090504004825059,horizon_years,5.0
accept-greedy,40002,0.36219624706450027,0.34389243171327843,0.07243924941290006,0.1096593087117549,0.43539953088445826,0.0,0.0,0.0,0.0,1.2499999997500002,0.7906262451787271,0.5507020966474909,horizon_years,5.0
accept-greedy,40003,0.38736522149349617,0.3680745621365955,0.07747304429869924,0.1162260517132511,0.4816699657333734,0.0,0.0,0.0,0.0,1.2499999997500002,0.8170023016808117,0.5895576606607326,horizon_years,5.0
accept-greedy,40004,0.3800433337621653,0.36103567855119156,0.07600866675243306,0.11388180564495247,0.4743331926788678,0.0,0.0,0.0,0.0,1.2499999997500002,0.8293048754671073,0.571964794505397,horizon_years,5.0
accept-greedy,40005,0.34123504222309825,0.32469243551129623,0.06824700844461964,0.09540096675420896,0.3926253950649193,0.0,0.0,0.0,0.0,1.2499999997500002,0.7842234631268951,0.5006549963443119,horizon_years,5.0
accept-greedy,40006,0.34681447998400006,0.3291030226868831,0.06936289599680001,0.11334608695509008,0.457252406589625,0.0,0.0,0.0,0.0,1.2499999997500002,0.7691728878729244,0.5944728601317628,horizon_years,5.0
accept-greedy,40007,0.36371632988428226,0.3451606521908097,0.07274326597685646,0.11352924118141913,0.47298468206199595,0.0,0.0,0.0,0.0,1.2499999997500002,0.7875625480710129,0.6005677685162701,horizon_years,5.0
accept-greedy,40008,0.3572743035778697,0.3389767702475486,0.07145486071557394,0.11200061501292594,0.47263029601726975,0.0,0.0,0.0,0.0,1.2499999997500002,0.7775920306331318,0.6078126799119125,horizon_years,5.0
accept-greedy,40009,0.3335927758770385,0.31616414081586924,0.0667185551754077,0.1116892777560417,0.4583673109509382,0.0,0.0,0.0,0.0,1.2499999997500002,0.7629018570592634,0.6008208090065398,horizon_years,5.0
accept-greedy,40010,0.37630905277777565,0.3573302970511121,0.07526181055555513,0.11337966981490764,0.4605352149412879,0.0,0.0,0.0,0.0,1.2499999997500002,0.8087980576243177,0.5694069250042685,horizon_years,5.0
accept-greedy,40011,0.31614228112665793,0.29983667694176563,0.06322845622533159,0.10470653584053274,0.42792538593156726,0.0,0.0,0.0,0.0,1.2499999997500002,0.7382466880788101,0.5796509389634876,horizon_years,5.0
accept-greedy,40012,0.36357967527139556,0.34566485388526486,0.07271593505427912,0.10735313352357853,0.4453110542428931,0.0,0.0,0.0,0.0,1.2499999997500004,0.7676578194164091,0.5800905598557293,horizon_years,5.0
accept-greedy,40013,0.3591199767226112,0.34073090982175824,0.07182399534452225,0.11385711126216488,0.46518894129345834,0.0,0.0,0.0,0.0,1.2499999997500002,0.7842267956961702,0.5931816457259701,horizon_years,5.0
accept-greedy,40014,0.3345682604195036,0.31716198960050535,0.06691365208390072,0.1114976217321668,0.4734985511482364,0.0,0.0,0.0,0.0,1.2499999997500002,0.7777809193630157,0.6087813924980578,horizon_years,5.0
accept-greedy,40015,0.3613703553507969,0.3430578156555879,0.07227407107015939,0.11200469712010812,0.4647596509882442,0.0,0.0,0.0,0.0,1.2499999997500002,0.7999394115476457,0.5809935656115155,horizon_years,5.0
accept-greedy,40016,0.3251485811781174,0.30820330379295785,0.06502971623562348,0.10785496073798732,0.43632409368637537,0.0,0.0,0.0,0.0,1.2499999997500002,0.7452748817839335,0.5854539101626027,horizon_years,5.0
accept-greedy,40017,0.3462633263884186,0.32855352533032584,0.06925266527768373,0.10622773278434386,0.4436081898211578,0.0,0.0,0.0,0.0,1.2499999997500002,0.7943967502247219,0.5584214558980362,horizon_years,5.0
accept-greedy,40018,0.37769707876318626,0.3591120998056886,0.07553941575263726,0.10529801647732728,0.4378375050290615,0.0,0.0,0.0,0.0,1.2499999997500002,0.8314980061063817,0.5265647082899254,horizon_years,5.0
accept-greedy,40019,0.3338318459491345,0.31640298128050715,0.0667663691898269,0.1082962138774702,0.4477152434269792,0.0,0.0,0.0,0.0,1.2499999997500002,0.7359890381151442,0.6083178148598117,horizon_years,5.0
accept-greedy,40020,0.30478909449245284,0.28904687452055083,0.06095781889849057,0.09472925274724811,0.3908279756686743,0.0,0.0,0.0,0.0,1.2499999997500002,0.732259218734104,0.5337289933260515,horizon_years,5.0
accept-greedy,40021,0.38729218916151736,0.3679714381021462,0.07745843783230347,0.1207316429953123,0.5091894623892653,0.0,0.0,0.0,0.0,1.2499999997500002,0.8759464529832937,0.5813020426706115,horizon_years,5.0
accept-greedy,40022,0.3712437043781564,0.3522880333747784,0.07424874087563128,0.11560660514000683,0.4694698172523581,0.0,0.0,0.0,0.0,1.2499999997500002,0.8169724938472837,0.574645806055884,horizon_years,5.0
accept-greedy,40023,0.3587043094711349,0.3405700753294816,0.07174086189422699,0.11291209702326445,0.4579068578614933,0.0,0.0,0.0,0.0,1.2499999997500002,0.7611170834616554,0.6016247274057702,horizon_years,5.0
accept-greedy,40024,0.37005832375641307,0.3518836561438752,0.07401166475128261,0.10402109648953833,0.43024798372722944,0.0,0.0,0.0,0.0,1.2499999997500002,0.8354024907860654,0.5150187945003504,horizon_years,5.0
accept-greedy,40025,0.35268746408437496,0.33553760962098533,0.07053749281687499,0.09410108309990867,0.38640162111517473,0.0,0.0,0.0,0.0,1.2499999997500002,0.7665167488096319,0.5041006888828458,horizon_years,5.0
accept-greedy,40026,0.3343856310976287,0.31713333038352154,0.06687712621952574,0.11278282256644767,0.45916146498431637,0.0,0.0,0.0,0.0,1.24999999975,0.76927402927576,0.5968763373132433,horizon_years,5.0
accept-greedy,40027,0.35402013396022014,0.3360938803945732,0.07080402679204403,0.10872748695444515,0.4539355176886829,0.0,0.0,0.0,0.0,1.2499999997499998,0.7826023012556602,0.5800334562783139,horizon_years,5.0
accept-greedy,40028,0.28886175730513997,0.2733358140391942,0.05777235146102799,0.10408837394505224,0.43794736882390317,0.0,0.0,0.0,0.0,1.2499999997500002,0.7390208697980468,0.5926048731798084,horizon_years,5.0
accept-greedy,40029,0.3860923068618693,0.3663958972504259,0.07721846137237386,0.11918914054739392,0.48023808351788966,0.0,0.0,0.0,0.0,1.2499999997500002,0.8119845059600883,0.5914374966429408,horizon_years,5.0
accept-greedy,40030,0.3704342066471875,0.35165312007557004,0.0740868413294375,0.11727920157971877,0.49788822583700537,0.0,0.0,0.0,0.0,1.2499999997500004,0.8389429297423795,0.5934709122465525,horizon_years,5.0
accept-greedy,40031,0.35325109058538373,0.33479390567479606,0.07065021811707675,0.11855019498587759,0.4912252759758671,0.0,0.0,0.0,0.0,1.2499999997500002,0.8257943836518182,0.5948518005215493,horizon_years,5.0
accept-greedy,40032,0.3578719382713436,0.3406357223152791,0.07157438765426873,0.0922696363310348,0.39567017009717165,0.0,0.0,0.0,0.0,1.2499999997500002,0.8218173532877511,0.4814575507736105,horizon_years,5.0
accept-greedy,40033,0.3509736556615895,0.3333087149150191,0.0701947311323179,0.10185421610763415,0.4186969061000368,0.0,0.0,0.0,0.0,1.2499999997500002,0.8132112920452013,0.514868534408846,horizon_years,5.0
accept-greedy,40034,0.3685299394657592,0.35021111419431095,0.07370598789315183,0.10439968958416693,0.4333701763695126,0.0,0.0,0.0,0.0,1.2499999997500002,0.79456423868331,0.5454186776485938,horizon_years,5.0
accept-greedy,40035,0.380625183306049,0.36202916589859646,0.0761250366612098,0.1023714820569608,0.4241070377897313,0.0,0.0,0.0,0.0,1.2499999997500002,0.884205384247482,0.47964765352642,horizon_years,5.0
accept-greedy,40036,0.3409318378361248,0.3231282569655088,0.06818636756722496,0.10909304004032552,0.45710430822662873,0.0,0.0,0.0,0.0,1.2499999997500002,0.7881027767846261,0.580005960760048,horizon_years,5.0
accept-greedy,40037,0.31920926326741167,0.30260003588529316,0.06384185265348233,0.10574423694072893,0.4303829128424427,0.0,0.0,0.0,0.0,1.2499999997500002,0.7417931332500539,0.5801926353197492,horizon_years,5.0
accept-greedy,40038,0.3541508005261019,0.3355755370277021,0.07083016010522039,0.11711970366472112,0.4853346031938313,0.0,0.0,0.0,0.0,1.2499999997500002,0.7995981192457258,0.6069731675352807,horizon_years,5.0
accept-greedy,40039,0.35036834472318135,0.3324808203048713,0.07007366894463626,0.11503749624427592,0.47749073441748896,0.0,0.0,0.0,0.0,1.2499999997500002,0.7949134210334314,0.60068269296136,horizon_years,5.0
accept-greedy,40040,0.37986107488570164,0.3608569105433594,0.07597221497714032,0.11194324586030475,0.4562602222084611,0.0,0.0,0.0,0.0,1.2499999997500002,0.8073881931003525,0.565106383902435,horizon_years,5.0
accept-greedy,40041,0.37272051635666037,0.3541288423660475,0.07454410327133207,0.11132947075303685,0.4658124432245427,0.0,0.0,0.0,0.0,1.2499999997500002,0.8187858273836082,0.5689063338004086,horizon_years,5.0
accept-greedy,40042,0.3103407399020236,0.29431932866469923,0.06206814798040472,0.10424028827147105,0.4376420857756757,0.0,0.0,0.0,0.0,1.2499999997500002,0.7483714240736287,0.5847926199445828,horizon_years,5.0
accept-greedy,40043,0.39068429131466154,0.3710770415522263,0.0781368582629323,0.11639089340926755,0.46538459854967457,0.0,0.0,0.0,0.0,1.2499999997500002,0.8552752624406406,0.544134291013677,horizon_years,5.0
accept-greedy,40044,0.3896888537171882,0.36994923006333763,0.07793777074343763,0.12390204433996238,0.5067985635921832,0.0,0.0,0.0,0.0,1.2499999997500002,0.8861423524450244,0.571915519209567,horizon_years,5.0
accept-greedy,40045,0.37188469082790687,0.35328250614576245,0.07437693816558137,0.11121863467597717,0.44763142632911695,0.0,0.0,0.0,0.0,1.2499999997500002,0.8111414687395077,0.5518537068813956,horizon_years,5.0
accept-greedy,40046,0.3824309631785888,0.3632979362971692,0.07648619263571776,0.117226633769559,0.4833739746071283,0.0,0.0,0.0,0.0,1.2499999997500002,0.8217896642942595,0.5881967072708836,horizon_years,5.0
accept-greedy,40047,0.3520517974319134,0.3334886754152424,0.07041035948638268,0.1172613216038003,0.4839716453494966,0.0,0.0,0.0,0.0,1.2499999997500002,0.7929187096285373,0.610367291719255,horizon_years,5.0
accept-greedy,40048,0.3601714896892234,0.34209177492417286,0.07203429793784469,0.10750503733209991,0.4330060170796205,0.0,0.0,0.0,0.0,1.2499999997500002,0.754769947715041,0.5736927104616245,horizon_years,5.0
accept-greedy,40049,0.3879266826299874,0.36860644750042093,0.07758533652599749,0.11736257330028012,0.47193874862562096,0.0,0.0,0.0,0.0,1.2499999997500002,0.8175021206240979,0.5772936078322748,horizon_years,5.0
max-exp-cap,40000,0.3847500021034226,0.3653532173193454,0.07695000042068452,0.11776452778597601,0.4749462396513213,0.0,0.0,0.0,0.0,1.2499999997500002,0.8035232864316175,0.5910796210530742,horizon_years,5.0
max-exp-cap,40001,0.3720086108853063,0.35330773224032547,0.07440172217706126,0.11432165800595716,0.47596262264790495,0.0,0.0,0.0,0.0,1.2499999997500002,0.7835101066375072,0.6074747710537322,horizon_years,5.0
max-exp-cap,40002,0.3911882850270657,0.3715959581487672,0.07823765700541314,0.11444903017083104,0.4544169996324208,0.0,0.0,0.0,0.0,1.2499999997500002,0.8390498312406195,0.5415852345271551,horizon_years,5.0
max-exp-cap,40003,0.37408130707112186,0.35514493045824624,0.07481626141422437,0.11591872962896313,0.48039634578650203,0.0,0.0,0.0,0.0,1.2499999997500002,0.8133401801596528,0.5906462726238407,horizon_years,5.0
max-exp-cap,40004,0.3766862473836771,0.3578960840543739,0.07533724947673542,0.11159030249826728,0.4647887707455734,0.0,0.0,0.0,0.0,1.2499999997500002,0.8106727060723831,0.57333713996296,horizon_years,5.0
max-exp-cap,40005,0.3712394841944631,0.3530496373750718,0.07424789683889263,0.10134420427211817,0.4170849582939345,0.0,0.0,0.0,0.0,1.2499999997500002,0.8567486064961344,0.486823036689487,horizon_years,5.0
max-exp-cap,40006,0.3775038855335381,0.35841837747563887,0.07550077710670762,0.11851891214142636,0.4781202356330473,0.0,0.0,0.0,0.0,1.2499999997500002,0.8176864689057858,0.5847231840253633,horizon_years,5.0
max-exp-cap,40007,0.38321298385874963,0.36363671552156074,0.07664259677174992,0.11841686789045013,0.4933474761840366,0.0,0.0,0.0,0.0,1.2499999997500002,0.8461515406926953,0.5830486059035733,horizon_years,5.0
max-exp-cap,40008,0.39201382688257014,0.3721053812572778,0.07840276537651403,0.1192391435001608,0.5031760913350581,0.0,0.0,0.0,0.0,1.2499999997500002,0.842494793250599,0.5972453424829524,horizon_years,5.0
max-exp-cap,40009,0.3888428129119671,0.369111305090405,0.07776856258239342,0.1204351930315635,0.49426011773765594,0.0,0.0,0.0,0.0,1.2499999997500002,0.8487807104526651,0.5823178020552104,horizon_years,5.0
max-exp-cap,40010,0.3941267538955953,0.374238254995589,0.07882535077911906,0.11707158922241052,0.47553136813749963,0.0,0.0,0.0,0.0,1.2499999997500002,0.8659776674686415,0.5491265952937746,horizon_years,5.0
max-exp-cap,40011,0.33869059786233646,0.3214700631131408,0.0677381195724673,0.10904552984215105,0.4456584306531031,0.0,0.0,0.0,0.0,1.2499999997500002,0.7793972131680877,0.571798850603525,horizon_years,5.0
max-exp-cap,40012,0.3681602979352565,0.3495982551172076,0.0736320595870513,0.11225737128767892,0.4656543010332598,0.0,0.0,0.0,0.0,1.24999999975,0.8087391805772448,0.5757780904109219,horizon_years,5.0
max-exp-cap,40013,0.36592597990038445,0.34730939772225966,0.07318519598007689,0.11543733398537134,0.4716452981030357,0.0,0.0,0.0,0.0,1.2499999997500002,0.7979409071311384,0.5910779781910876,horizon_years,5.0
max-exp-cap,40014,0.36441899960144003,0.34581023178514475,0.07288379992028801,0.11758421256107364,0.4993465638156499,0.0,0.0,0.0,0.0,1.2499999997500002,0.8346688826308316,0.5982570744002536,horizon_years,5.0
max-exp-cap,40015,0.36530903151394506,0.34670275119189214,0.07306180630278901,0.11385656966053752,0.4724439326094134,0.0,0.0,0.0,0.0,1.2499999997500002,0.8171782122816098,0.5781406375120086,horizon_years,5.0
max-exp-cap,40016,0.3759489209149902,0.35689955178587945,0.07518978418299804,0.11567691226313793,0.4679675701358369,0.0,0.0,0.0,0.0,1.2499999997500002,0.813860335309522,0.5749973918533118,horizon_years,5.0
max-exp-cap,40017,0.3783920802724234,0.359465268119966,0.07567841605448468,0.11095870940594432,0.4633648006438234,0.0,0.0,0.0,0.0,1.2499999997500002,0.8469317448522236,0.5471099689676567,horizon_years,5.0
max-exp-cap,40018,0.3797118178824604,0.36080033107544107,0.07594236357649208,0.10607746555521023,0.44107851612285504,0.0,0.0,0.0,0.0,1.2499999997500002,0.848422787922058,0.5198805623822724,horizon_years,5.0
max-exp-cap,40019,0.3744479335041264,0.3553128958406887,0.07488958670082528,0.11853126081802147,0.49002869436313223,0.0,0.0,0.0,0.0,1.2499999997500002,0.829170948566834,0.590986328223527,horizon_years,5.0
max-exp-cap,40020,0.3412941087757806,0.32397204721198614,0.06825882175515612,0.10232250387934319,0.4221557322236504,0.0,0.0,0.0,0.0,1.2499999997500002,0.8019271998415712,0.5264265039358329,horizon_years,5.0
max-exp-cap,40021,0.3618320530180489,0.3436255683458691,0.07236641060360978,0.11444669536201617,0.48268250011205194,0.0,0.0,0.0,0.0,1.2499999997500002,0.818259490449849,0.5898892780903657,horizon_years,5.0
max-exp-cap,40022,0.3911867921811357,0.3713259255933699,0.07823735843622714,0.11835214129231274,0.48061923517810556,0.0,0.0,0.0,0.0,1.2499999997500002,0.852186223864737,0.5639838121278897,horizon_years,5.0
max-exp-cap,40023,0.3830941194732435,0.3639953754758122,0.0766188238946487,0.11691862080916149,0.4741550258267862,0.0,0.0,0.0,0.0,1.2499999997500002,0.7960493416319315,0.5956352213730248,horizon_years,5.0
max-exp-cap,40024,0.3723966905242444,0.3540656474897918,0.07447933810484889,0.10501545542620253,0.4343608122018259,0.0,0.0,0.0,0.0,1.2499999997500002,0.8531367736434887,0.5091338524147804,horizon_years,5.0
max-exp-cap,40025,0.378624255556288,0.36012815673466814,0.0757248511112576,0.10060088863678358,0.41309138188780387,0.0,0.0,0.0,0.0,1.2499999997500002,0.8516903339277312,0.4850253260275419,horizon_years,5.0
max-exp-cap,40026,0.3560801695914808,0.3378628174428924,0.07121603391829616,0.11723807757558521,0.4772997006688247,0.0,0.0,0.0,0.0,1.2499999997500002,0.820727331295835,0.5815569708336907,horizon_years,5.0
max-exp-cap,40027,0.3821353067740515,0.36301568711063303,0.0764270613548103,0.11488933949710026,0.47966115342459764,0.0,0.0,0.0,0.0,1.2499999997499998,0.8421863498688991,0.5695427781503052,horizon_years,5.0
max-exp-cap,40028,0.3371249448693087,0.31960711202763736,0.06742498897386175,0.11246702751825301,0.4732001943566311,0.0,0.0,0.0,0.0,1.2499999997500002,0.8183247456460326,0.5782547782825016,horizon_years,5.0
max-exp-cap,40029,0.3801172417029933,0.3606886042933567,0.07602344834059867,0.11984639240092711,0.4828862892946891,0.0,0.0,0.0,0.0,1.2499999997500002,0.8182589681274037,0.5901387068201411,horizon_years,5.0
max-exp-cap,40030,0.350357716764524,0.33244088814898,0.0700715433529048,0.11358158508359707,0.4821906452576536,0.0,0.0,0.0,0.0,1.2499999997500002,0.7983316888811571,0.6039978770395953,horizon_years,5.0
max-exp-cap,40031,0.37037688214975184,0.351267637917068,0.07407537642995037,0.12030442043451176,0.49849409472586464,0.0,0.0,0.0,0.0,1.2499999997500002,0.8479030798313186,0.5879140040687608,horizon_years,5.0
max-exp-cap,40032,0.3632103624683747,0.34586297151886336,0.07264207249367494,0.09294714857636543,0.3985754745506447,0.0,0.0,0.0,0.0,1.2499999997500002,0.8321022721621314,0.47899818073442785,horizon_years,5.0
max-exp-cap,40033,0.36445479196290304,0.34615426186347126,0.07289095839258061,0.10389819967441938,0.4270992052707252,0.0,0.0,0.0,0.0,1.2499999997500002,0.8426939423434106,0.5068260062283393,horizon_years,5.0
max-exp-cap,40034,0.38655765127750785,0.3670379461186947,0.07731153025550157,0.11334385982539888,0.47049803230817133,0.0,0.0,0.0,0.0,1.2499999997500002,0.8783516039399604,0.5356602415225192,horizon_years,5.0
max-exp-cap,40035,0.3780753353526408,0.3594812521227094,0.07561506707052816,0.10168845676590131,0.42127738418790567,0.0,0.0,0.0,0.0,1.2499999997500002,0.87083689992867,0.4837615220742396,horizon_years,5.0
max-exp-cap,40036,0.3731539418978993,0.3541678095488257,0.07463078837957986,0.11454867473645958,0.47996364116658286,0.0,0.0,0.0,0.0,1.2499999997500002,0.8464935083486509,0.5670021523294388,horizon_years,5.0
max-exp-cap,40037,0.35167658071981345,0.33359830300309007,0.07033531614396268,0.11152213672889628,0.45389917635604704,0.0,0.0,0.0,0.0,1.2499999997500002,0.7938425664332789,0.5717748021442189,horizon_years,5.0
max-exp-cap,40038,0.3877185718633991,0.36778386001106056,0.07754371437267982,0.12362616526036774,0.5122968551284752,0.0,0.0,0.0,0.0,1.2499999997500002,0.852212829057831,0.6011372249521848,horizon_years,5.0
max-exp-cap,40039,0.37315120842569405,0.3539229038341666,0.0746302416851388,0.12176363004509677,0.5054091668694995,0.0,0.0,0.0,0.0,1.2499999997500002,0.8644186248335388,0.5846810241586664,horizon_years,5.0
max-exp-cap,40040,0.3768528087798642,0.35770503409583204,0.07537056175597284,0.11436785364879559,0.4661424806675886,0.0,0.0,0.0,0.0,1.2499999997500002,0.8305697666923646,0.5612321798371497,horizon_years,5.0
max-exp-cap,40041,0.3764519330553824,0.35753177010366516,0.07529038661107648,0.11361998750249952,0.4753961697625118,0.0,0.0,0.0,0.0,1.2499999997500002,0.8360772755121941,0.5686031467262121,horizon_years,5.0
max-exp-cap,40042,0.3560190948815506,0.33792998849303774,0.07120381897631012,0.11296522661565297,0.4742728384196798,0.0,0.0,0.0,0.0,1.2499999997500002,0.8212358184124898,0.5775111457467657,horizon_years,5.0
max-exp-cap,40043,0.3820012645656739,0.36266126476965804,0.07640025291313478,0.1152552085335266,0.46084360539725366,0.0,0.0,0.0,0.0,1.2499999997500002,0.8290566030387974,0.5558650684502028,horizon_years,5.0
max-exp-cap,40044,0.3815686817485305,0.3621903660025214,0.07631373634970609,0.12201524513932756,0.49908095788387935,0.0,0.0,0.0,0.0,1.2499999997500002,0.8627219607024931,0.5784957154417283,horizon_years,5.0
max-exp-cap,40045,0.36812718556051593,0.3496261470657138,0.07362543711210319,0.10989205277021835,0.4422922153925033,0.0,0.0,0.0,0.0,1.2499999997500002,0.7966233648721001,0.5552086907010497,horizon_years,5.0
max-exp-cap,40046,0.3959128509882144,0.37597902424634594,0.07918257019764288,0.12074897703335304,0.4978980550878296,0.0,0.0,0.0,0.0,1.2499999997500002,0.8555021271312144,0.5819951105878004,horizon_years,5.0
max-exp-cap,40047,0.39100150384338556,0.3708430672428635,0.07820030076867711,0.12633355017368508,0.5214153763931313,0.0,0.0,0.0,0.0,1.2499999997500002,0.8635238330037491,0.6038227973157372,horizon_years,5.0
max-exp-cap,40048,0.36256056697869143,0.3441968303709262,0.07251211339573829,0.10956429771161616,0.44130025293305014,0.0,0.0,0.0,0.0,1.2499999997500002,0.7768747060818538,0.5680455927812811,horizon_years,5.0
max-exp-cap,40049,0.3987435410812653,0.37892507576014267,0.07974870821625306,0.11932476522469453,0.47982912095924485,0.0,0.0,0.0,0.0,1.2499999997500002,0.8499983309524799,0.5645059566429551,horizon_years,5.0
accept-greedy,40000,1.624202994945878,1.3890353113468916,0.1053939149408363,0.12306688967475143,0.6303668097472847,-0.00026041666666666666,-0.086328125,0.0,0.0,3.74999999975,1.8938318059713093,0.3328525837192717,horizon_years,15.0
accept-greedy,40001,1.6378153714146841,1.3945614506482762,0.1034455039276456,0.11257116220535024,0.6035992365816873,-0.0020833333333333337,-0.17018229166666668,0.00026041666666666666,0.0,3.74999999975,1.8571501230458514,0.32501370195735385,horizon_years,15.0
accept-greedy,40002,1.702467462068553,1.445863555152144,0.10618446274901466,0.12782441311933485,0.7025597728362991,-0.00390625,-0.21549479166666666,0.00078125,0.0,3.74999999975,1.9258405642893468,0.3648068203899061,horizon_years,15.0
accept-greedy,40003,1.7620494432972351,1.4982789401673497,0.10796041427537124,0.1266684996858612,0.7031121394822594,-0.00703125,-0.27825520833333334,0.001171875,0.0,3.74999999975,1.9627665184651222,0.35822505268333754,horizon_years,15.0
accept-greedy,40004,1.6759977933593748,1.427974077417306,0.10698058205729165,0.1262599586542084,0.6812417371245311,-0.001171875,-0.14140625,0.00013020833333333333,0.0,3.74999999975,1.885953712308263,0.3612186941166988,horizon_years,15.0
accept-greedy,40005,1.5719817172696313,1.3408907215740977,0.10326232281797541,0.12750754173289996,0.6442950484745106,0.0,-0.04609375,0.0,0.0,3.74999999975,1.9639756295105744,0.32805653939558804,horizon_years,15.0
accept-greedy,40006,1.6746386199445187,1.4226823138451827,0.10704622049630123,0.13261315244626645,0.7017159958979701,-0.0007812499999999999,-0.137109375,0.00013020833333333333,0.0,3.74999999975,1.8478688760166049,0.37974339251313005,horizon_years,15.0
accept-greedy,40007,1.6824680904548224,1.4304607371553375,0.10347964353032149,0.12389871398273546,0.6885800436192039,-0.00703125,-0.253515625,0.001953125,0.0,3.74999999975,1.9105640598655447,0.36040667679452865,horizon_years,15.0
accept-greedy,40008,1.607354763033482,1.3692733526873804,0.10464830364667656,0.12064016912967526,0.6201373196347013,-0.00026041666666666666,-0.075,0.0,0.0,3.74999999975,1.8750975625975355,0.3307226951837308,horizon_years,15.0
accept-greedy,40009,1.6487373444167945,1.3969061343553995,0.10312328823889741,0.1267214739699737,0.6992694164088152,-0.003776041666666667,-0.2,0.0006510416666666666,0.0,3.74999999975,1.8970064177435166,0.3686173171942107,horizon_years,15.0
accept-greedy,40010,1.573960656642331,1.3464653644262863,0.10422758544282207,0.12054265535822262,0.5863099770102618,0.0,-0.02109375,0.0,0.0,3.74999999975,1.9395999775797863,0.30228396771887656,horizon_years,15.0
accept-greedy,40011,1.5927612797044872,1.3530181792263893,0.10418755753585471,0.13057259858108233,0.6651010817642982,0.0,-0.059895833333333336,0.0,0.0,3.74999999975,1.8549163044812889,0.35856123543551893,horizon_years,15.0
accept-greedy,40012,1.633845314120323,1.3932950068415737,0.10627545149691042,0.12367758574730345,0.6448074084392447,-0.00013020833333333333,-0.07929687499999999,0.0,0.0,3.7499999997500004,1.9357954142945055,0.33309687773707364,horizon_years,15.0
accept-greedy,40013,1.622947846590862,1.3800305831220068,0.10318784255050191,0.1253841880344404,0.6641754730790881,-0.0010416666666666667,-0.14921874999999998,0.00026041666666666666,0.0,3.74999999975,1.9039810188462432,0.3488351335989468,horizon_years,15.0
accept-greedy,40014,1.6618524323802861,1.407910285912068,0.1019707177142413,0.11855758491873064,0.6606463682353005,-0.006640625000000001,-0.2579427083333333,0.0014322916666666668,0.0,3.74999999975,1.9049844009011225,0.3467988335877146,horizon_years,15.0
accept-greedy,40015,1.6918210184262745,1.4395751580345808,0.10788789428397387,0.12270514314545698,0.6361342383186784,-0.0009114583333333333,-0.14609374999999997,0.0,0.0,3.74999999975,1.9734852870564017,0.3223405021009908,horizon_years,15.0
accept-greedy,40016,1.6247790437990566,1.3761334480460192,0.10387415847549267,0.13027521141964932,0.6948762914619865,-0.0015625,-0.13177083333333334,0.0,0.0,3.7499999997500004,1.9231327207642799,0.3613251877831047,horizon_years,15.0
accept-greedy,40017,1.6722245688336173,1.4180112713205884,0.10345646431113004,0.12126125606450251,0.665803173910831,-0.004166666666666667,-0.23658854166666665,0.001171875,0.0,3.74999999975,1.8687453462119115,0.35628352212914643,horizon_years,15.0
accept-greedy,40018,1.680426887681544,1.4318418098363934,0.10723679251210294,0.12653234131851646,0.6563051792357683,-0.0009114583333333333,-0.14283854166666668,0.0,0.0,3.74999999975,1.9548656661263462,0.33572904297627076,horizon_years,15.0
accept-greedy,40019,1.6445454742276888,1.3958332725579754,0.10448011494851259,0.12047551658917027,0.6387145742343073,-0.0020833333333333333,-0.15260416666666665,0.0,0.0,3.74999999975,1.8464439176666736,0.3459160433323328,horizon_years,15.0
accept-greedy,40020,1.6412342597442775,1.3864395882315084,0.10273592981628517,0.12915667036537973,0.7132198035763176,-0.0036458333333333334,-0.1967447916666667,0.0006510416666666667,0.0,3.74999999975,1.8537783660988105,0.3847384437208938,horizon_years,15.0
accept-greedy,40021,1.7351399780407566,1.476344172056333,0.10775933186938375,0.12284736611182165,0.6881672551548208,-0.005598958333333333,-0.23190104166666667,0.0014322916666666668,0.0,3.74999999975,1.9738242947792917,0.34864666372533937,horizon_years,15.0
accept-greedy,40022,1.6463775079560068,1.403572788127287,0.10550068803040046,0.12114392953505553,0.6345931419345207,-0.0016927083333333334,-0.12604166666666666,0.0,0.0,3.74999999975,1.9342581308757751,0.32808089665219375,horizon_years,15.0
accept-greedy,40023,1.631485881481686,1.3900367457268175,0.10695582959877907,0.1299488142321718,0.6625104194622036,-0.00013020833333333333,-0.05416666666666667,0.00013020833333333333,0.0,3.74999999975,1.7993085721083757,0.36820278063028056,horizon_years,15.0
accept-greedy,40024,1.6632287376330785,1.4157911239354257,0.10617271445331634,0.1256790340880955,0.6562893069818884,-0.0006510416666666667,-0.140625,0.00013020833333333333,0.0,3.74999999975,1.9572991516207603,0.3353035260033918,horizon_years,15.0
accept-greedy,40025,1.5545866086854505,1.3283443708447318,0.10260178085680782,0.11544545274305258,0.5686601648836377,-0.00013020833333333333,-0.030989583333333334,0.0,0.0,3.74999999975,1.9331183181121703,0.2941672837899417,horizon_years,15.0
accept-greedy,40026,1.5993144455438169,1.3614592898288846,0.10428155331403222,0.12178170550808572,0.6269915308616874,-0.00026041666666666666,-0.069921875,0.0,0.0,3.74999999975,1.9731591584248034,0.31776024158244903,horizon_years,15.0
accept-greedy,40027,1.6516482660165304,1.4050287801229966,0.10612984967887978,0.12126060023341945,0.6307537855581304,-0.00026041666666666666,-0.119140625,0.0,0.0,3.74999999975,1.8759382541307765,0.336233766846656,horizon_years,15.0
accept-greedy,40028,1.6398917434756477,1.3855671285952167,0.10145719262059875,0.12180177872943919,0.6593849076622555,-0.0029947916666666664,-0.23307291666666669,0.00013020833333333333,0.0,3.74999999975,1.8709962336000818,0.3524244976129634,horizon_years,15.0
accept-greedy,40029,1.609531722689875,1.3783104538488313,0.1071024620682139,0.12198700346816205,0.5822321125560765,0.0,-0.005989583333333334,0.0,0.0,3.74999999975,1.9630700306056088,0.2965926347398098,horizon_years,15.0
accept-greedy,40030,1.6433012571259824,1.3989305942951926,0.10529560464173217,0.1270333691618639,0.6591725279909797,-0.0006510416666666666,-0.12708333333333333,0.00013020833333333333,0.0,3.74999999975,2.0247418697429174,0.3255587973170502,horizon_years,15.0
accept-greedy,40031,1.606514052646095,1.3685447473193693,0.1048179507319619,0.12090751370503885,0.6057955918638745,-0.00013020833333333333,-0.068359375,0.00013020833333333333,0.0,3.74999999975,1.9005668333445274,0.31874469302288316,horizon_years,15.0
accept-greedy,40032,1.7209544137739616,1.459997503016322,0.10527716925159744,0.1307820276239021,0.7503699758147886,-0.010156249999999999,-0.2734375,0.003255208333333333,0.0,3.74999999975,1.9596336187743102,0.3829134020899895,horizon_years,15.0
accept-greedy,40033,1.6061687354386704,1.369006001683199,0.10436524208480025,0.11765743827560372,0.5941952507106353,-0.00013020833333333333,-0.08125,0.0,0.0,3.74999999975,1.8915208391622957,0.3141362433912114,horizon_years,15.0
accept-greedy,40034,1.7047590575855778,1.4508104564634796,0.10555598578348294,0.11604320191839532,0.6424598906427482,-0.006380208333333333,-0.23645833333333333,0.0010416666666666667,0.0,3.74999999975,1.9182773306567644,0.33491502004185597,horizon_years,15.0
accept-greedy,40035,1.718548050161968,1.4617987557213645,0.10664452278857567,0.12608752971976572,0.6956444254023855,-0.0041666666666666675,-0.23359375,0.0010416666666666667,0.0,3.74999999975,1.9967041047048526,0.3483963516493165,horizon_years,15.0
accept-greedy,40036,1.6085624287713567,1.3640834419252719,0.1017817660847571,0.12714337211011992,0.6827710992268249,-0.0016927083333333334,-0.16197916666666667,0.00026041666666666666,0.0,3.7499999997500004,1.8883574339280536,0.3615687829854136,horizon_years,15.0
accept-greedy,40037,1.5671108745569602,1.3336394539101022,0.10387075969268623,0.12517317584211068,0.6070798696340843,0.0,-0.01809895833333333,0.0,0.0,3.74999999975,1.863625640722912,0.3257520482485926,horizon_years,15.0
accept-greedy,40038,1.6543174173272996,1.4069243004888976,0.10595623059959776,0.12252034222473304,0.6460929379705495,-0.0005208333333333333,-0.12942708333333333,0.0,0.0,3.74999999975,1.9582524775327772,0.3299334204262408,horizon_years,15.0
accept-greedy,40039,1.652385435537888,1.40393329245692,0.10536302209141472,0.12424796084242705,0.6681758679612958,-0.0020833333333333333,-0.141796875,0.0,0.0,3.74999999975,1.852929754975755,0.36060507213887266,horizon_years,15.0
accept-greedy,40040,1.6394897902162304,1.4005645587917386,0.10689914573663759,0.11983739101195655,0.6039949340400763,-0.00026041666666666666,-0.07174479166666667,0.0,0.0,3.74999999975,1.9392927568810043,0.31145113696577253,horizon_years,15.0
accept-greedy,40041,1.7061718203906655,1.4499834126602034,0.10568055191493327,0.1292455667885277,0.699075102117261,-0.004687500000000001,-0.23723958333333334,0.0005208333333333333,0.0,3.74999999975,1.9387159567567518,0.36058665514195953,horizon_years,15.0
accept-greedy,40042,1.5772341350894044,1.3375111902190202,0.10176786595040473,0.12424296561719908,0.6481030045085727,-0.0007812499999999999,-0.10065104166666666,0.0,0.0,3.74999999975,1.8923146942010716,0.3424921903817903,horizon_years,15.0
accept-greedy,40043,1.6416105964388608,1.403762788548668,0.10842508142925737,0.12039825598552896,0.5946704291564257,0.0,-0.03046875,0.0,0.0,3.74999999975,2.0007937488035505,0.29721725665727966,horizon_years,15.0
accept-greedy,40044,1.6755726758724514,1.4299279498745414,0.1085841853359412,0.12483878374652341,0.6483389675538811,0.0,-0.09361979166666667,0.0,0.0,3.74999999975,1.9856084776006924,0.32651903679284283,horizon_years,15.0
accept-greedy,40045,1.6196320353167564,1.3825694836857094,0.10478970513222821,0.11811491811575528,0.6110852365386381,-0.00013020833333333333,-0.09544270833333333,0.0,0.0,3.74999999975,1.930307980825837,0.3165739574247627,horizon_years,15.0
accept-greedy,40046,1.640031443488956,1.4010771296185227,0.10562015178815262,0.1173786946554548,0.6132425102882526,-0.0006510416666666666,-0.11080729166666667,0.00013020833333333333,0.0,3.74999999975,1.8936130899332233,0.3238478406958404,horizon_years,15.0
accept-greedy,40047,1.5849094657106766,1.3501831918504912,0.10250090882515622,0.1223106645145963,0.6346215266072495,-0.0005208333333333333,-0.09427083333333335,0.00013020833333333333,0.0,3.74999999975,1.9830897545488468,0.3200165424442052,horizon_years,15.0
accept-greedy,40048,1.711249045680658,1.4539346355010845,0.10798083915648828,0.12306097029556781,0.6629575906023437,-0.0024739583333333332,-0.18059895833333334,0.0,0.0,3.74999999975,1.8249583910924638,0.36327271560722074,horizon_years,15.0
accept-greedy,40049,1.623736743540588,1.3885283997770184,0.10688192873603922,0.12192421072110264,0.609548339279434,0.0,-0.041015625,0.0,0.0,3.74999999975,1.88871092409648,0.3227324687450671,horizon_years,15.0
max-exp-cap,40000,1.6168006006452385,1.3820414826386256,0.10490042198746033,0.12306688967475143,0.6303668097472847,-0.00026041666666666666,-0.086328125,0.0,0.0,3.74999999975,2.056155740674115,0.30657541998283533,horizon_years,15.0
max-exp-cap,40001,1.6458689837701392,1.4017982578502206,0.1039607100291204,0.11271704982437195,0.6043814764888102,-0.0020833333333333337,-0.17083333333333334,0.00026041666666666666,0.0,3.7499999997499995,2.018336998612007,0.29944527445339314,horizon_years,15.0
max-exp-cap,40002,1.7359484231455788,1.4772624990287155,0.1082732976541497,0.12782441311933485,0.7025597728362991,-0.00390625,-0.21979166666666666,0.00078125,0.0,3.74999999975,2.0549560953736936,0.3418855392667349,horizon_years,15.0
max-exp-cap,40003,1.7557259664737346,1.490808857649715,0.10709180054269343,0.1266684996858612,0.7031121394822594,-0.00703125,-0.2916666666666667,0.001171875,0.0,3.7499999997500004,2.0567776503145234,0.3418513125980045,horizon_years,15.0
max-exp-cap,40004,1.676494089501508,1.4281027000937465,0.10697460596676718,0.1262599586542084,0.6812417371245311,-0.001171875,-0.142578125,0.00013020833333333333,0.0,3.7499999997500004,2.0011172702192606,0.34043069202530446,horizon_years,15.0
max-exp-cap,40005,1.6063106531499252,1.3728324378980543,0.10554657826555057,0.12811256909614435,0.6473522490842324,0.0,-0.046223958333333336,0.0,0.0,3.74999999975,2.111331903175289,0.3066084721737316,horizon_years,15.0
max-exp-cap,40006,1.7132794108573435,1.4590288650709848,0.10957887044604511,0.13261315244626645,0.7017159958979701,-0.0007812499999999999,-0.13841145833333335,0.00013020833333333333,0.0,3.74999999975,2.026586271074569,0.3462551808988102,horizon_years,15.0
max-exp-cap,40007,1.7153647883380805,1.4596215232031635,0.10499567338920536,0.12389871398273546,0.6885800436192039,-0.00703125,-0.273828125,0.001953125,0.0,3.7499999997500004,2.068387078554945,0.33290676138833375,horizon_years,15.0
max-exp-cap,40008,1.6501494282021092,1.4095675141383792,0.10749694104680725,0.12064016912967526,0.6201373196347013,-0.00026041666666666666,-0.07513020833333334,0.0,0.0,3.74999999975,2.1042195049896835,0.2947113255837545,horizon_years,15.0
max-exp-cap,40009,1.7106494400448848,1.4557388675721574,0.10720301822521455,0.1267214739699737,0.6992694164088152,-0.003776041666666667,-0.20143229166666665,0.0006510416666666666,0.0,3.74999999975,2.0862171298830265,0.3351853488270528,horizon_years,15.0
max-exp-cap,40010,1.5978257341752167,1.3687221304080919,0.10581859061168111,0.12054265535822262,0.5863099770102618,0.0,-0.02109375,0.0,0.0,3.7499999997499995,2.0534407396097833,0.2855256378724027,horizon_years,15.0
max-exp-cap,40011,1.6183084121865703,1.3773287106811112,0.10589069970132692,0.13057259858108233,0.6651010817642982,0.0,-0.059895833333333336,0.0,0.0,3.74999999975,2.0086313449872635,0.33112152880822215,horizon_years,15.0
max-exp-cap,40012,1.6414345056783746,1.3998836989355048,0.10678139760078052,0.12388908286462456,0.645910073140275,-0.00013020833333333333,-0.07929687499999999,0.0,0.0,3.7499999997499995,2.0435827750991105,0.316067487459102,horizon_years,15.0
max-exp-cap,40013,1.6359276920310188,1.3918776237265127,0.10396201974651234,0.1253841880344404,0.6641754730790881,-0.0010416666666666667,-0.151953125,0.00026041666666666666,0.0,3.74999999975,2.005098958927803,0.3312432387049096,horizon_years,15.0
max-exp-cap,40014,1.7065673709795526,1.4484079179128124,0.10426160945419238,0.11855758491873064,0.6606463682353005,-0.006640625000000001,-0.27864583333333337,0.0014322916666666668,0.0,3.74999999975,2.12045621662615,0.31155859906716327,horizon_years,15.0
max-exp-cap,40015,1.6975341019883676,1.44477135217727,0.10826876652144675,0.12270514314545698,0.6361342383186784,-0.0009114583333333333,-0.14609374999999997,0.0,0.0,3.7499999997499995,2.070850173541654,0.3071850616941231,horizon_years,15.0
max-exp-cap,40016,1.6830568954855574,1.431532190707436,0.10775934858792606,0.13046223227845338,0.6958738439462668,-0.0015625,-0.13177083333333334,0.0,0.0,3.74999999975,2.0298456523304433,0.3428210628464986,horizon_years,15.0
max-exp-cap,40017,1.7164141557620076,1.4587118606911769,0.10589028399524496,0.12126125606450251,0.665803173910831,-0.004166666666666667,-0.251953125,0.001171875,0.0,3.74999999975,2.0192538132830937,0.32972733270628585,horizon_years,15.0
max-exp-cap,40018,1.6848712654394704,1.435692236375353,0.10753308436263137,0.12653234131851646,0.6563051792357683,-0.0009114583333333333,-0.14283854166666668,0.0,0.0,3.7499999997500004,2.0286720492730295,0.3235146752630391,horizon_years,15.0
max-exp-cap,40019,1.6894318428638735,1.4383582847645318,0.10735535202425825,0.12047551658917027,0.6387145742343073,-0.0020833333333333333,-0.15611979166666667,0.0,0.0,3.74999999975,2.035979187592967,0.31371370499588774,horizon_years,15.0
max-exp-cap,40020,1.6907247693608904,1.4324059408855616,0.1057575193462816,0.12915667036537973,0.7132198035763176,-0.0036458333333333334,-0.205078125,0.0006510416666666667,0.0,3.7499999997499995,2.018230237487929,0.35338872162774415,horizon_years,15.0
max-exp-cap,40021,1.7092161610187475,1.4514736541341828,0.10598767462347206,0.12284736611182165,0.6881672551548208,-0.005598958333333333,-0.233203125,0.0014322916666666668,0.0,3.7499999997500004,2.0596188984372024,0.33412358746416065,horizon_years,15.0
max-exp-cap,40022,1.6679050418843229,1.4240305176263437,0.10693585695895484,0.12114392953505553,0.6345931419345207,-0.0016927083333333334,-0.12604166666666666,0.0,0.0,3.7499999997500004,2.1112317290552647,0.3005795778838966,horizon_years,15.0
max-exp-cap,40023,1.660885511997448,1.4179258623917015,0.10891580496649651,0.1299488142321718,0.6625104194622036,-0.00013020833333333333,-0.05416666666666667,0.00013020833333333333,0.0,3.74999999975,2.0067870144941695,0.33013489457384987,horizon_years,15.0
max-exp-cap,40024,1.6659711333431488,1.4183145508955413,0.10635554083398771,0.1256790340880955,0.6562893069818884,-0.0006510416666666667,-0.140625,0.00013020833333333333,0.0,3.74999999975,2.055790964616743,0.31923931872336014,horizon_years,15.0
max-exp-cap,40025,1.5879163977902475,1.3595052081080998,0.10482376679712763,0.11544545274305258,0.5686601648836377,-0.00013020833333333333,-0.030989583333333334,0.0,0.0,3.74999999975,2.096572087490206,0.2712332994780911,horizon_years,15.0
max-exp-cap,40026,1.625073703274982,1.3857108782946013,0.10599449688499878,0.12224869264838474,0.6293958080950142,-0.00026041666666666666,-0.07005208333333333,0.0,0.0,3.7499999997499995,2.082873370039653,0.302176703177607,horizon_years,15.0
max-exp-cap,40027,1.6882615081453207,1.4394843064311118,0.10857073248746581,0.12126060023341945,0.6307537855581304,-0.00026041666666666666,-0.119140625,0.0,0.0,3.74999999975,2.052395034437954,0.307325721888068,horizon_years,15.0
max-exp-cap,40028,1.7032644960754646,1.4445267835311955,0.10530009834947544,0.12206266128106126,0.6607972188699114,-0.0029947916666666664,-0.24453125,0.00013020833333333333,0.0,3.74999999975,2.0351993736600464,0.32468426799952865,horizon_years,15.0
max-exp-cap,40029,1.6054702356749997,1.3742390354040215,0.10683169626722219,0.12213881054757589,0.582956672993133,0.0,-0.005989583333333334,0.0,0.0,3.74999999975,2.07098787943741,0.2814872451844068,horizon_years,15.0
max-exp-cap,40030,1.6202339604347795,1.37707726003526,0.10375778486231864,0.1270333691618639,0.6591725279909797,-0.0006510416666666666,-0.12708333333333333,0.00013020833333333333,0.0,3.7499999997499995,2.0530342130543318,0.32107235417685426,horizon_years,15.0
max-exp-cap,40031,1.6251670219110756,1.386378809803117,0.10606148201629392,0.12090751370503885,0.6057955918638745,-0.00013020833333333333,-0.068359375,0.00013020833333333333,0.0,3.7499999997499995,2.054394305169488,0.29487795519073745,horizon_years,15.0
max-exp-cap,40032,1.7446851184669863,1.4797993410183776,0.10583491067557685,0.1307820276239021,0.7503699758147886,-0.010156249999999999,-0.3041666666666667,0.003255208333333333,0.0,3.74999999975,2.094758547015976,0.3582131109495675,horizon_years,15.0
max-exp-cap,40033,1.6251641063176756,1.3867387286679416,0.10563160014340059,0.11765743827560372,0.5941952507106353,-0.00013020833333333333,-0.08125,0.0,0.0,3.7499999997499995,2.0917118107986554,0.2840712796299411,horizon_years,15.0
max-exp-cap,40034,1.735492108438256,1.4777250199190208,0.10694079334032817,0.11633439135501945,0.6440720275927561,-0.006380208333333333,-0.2563802083333333,0.0010416666666666667,0.0,3.7499999997500004,2.13851461890917,0.30117728534457683,horizon_years,15.0
max-exp-cap,40035,1.7201259512403202,1.4625793557547417,0.1066021467493547,0.12608752971976572,0.6956444254023855,-0.0041666666666666675,-0.23802083333333332,0.0010416666666666667,0.0,3.74999999975,2.1009744834203037,0.3311056040385144,horizon_years,15.0
max-exp-cap,40036,1.645835873485924,1.3994809959192522,0.10417551656572825,0.12714337211011992,0.6827710992268249,-0.0016927083333333334,-0.16471354166666666,0.00026041666666666666,0.0,3.74999999975,2.004522388536099,0.3406153521315629,horizon_years,15.0
max-exp-cap,40037,1.6022853226778921,1.3669613354663857,0.10621572290074836,0.12517317584211068,0.6070798696340843,0.0,-0.01809895833333333,0.0,0.0,3.7499999997499995,2.054504710649643,0.29548721231314345,horizon_years,15.0
max-exp-cap,40038,1.6893392948730677,1.4403560709344916,0.1082910224359823,0.12252034222473304,0.6460929379705495,-0.0005208333333333333,-0.12942708333333333,0.0,0.0,3.74999999975,2.0740839319646547,0.31150761452481074,horizon_years,15.0
max-exp-cap,40039,1.6836184339484828,1.4328014278229018,0.10741484004100993,0.12424796084242705,0.6681758679612958,-0.0020833333333333333,-0.14270833333333333,0.0,0.0,3.74999999975,2.0867602129794975,0.3201977226733049,horizon_years,15.0
max-exp-cap,40040,1.6387506924005844,1.3993453316133588,0.10684987254892785,0.11983739101195655,0.6039949340400763,-0.00026041666666666666,-0.07174479166666667,0.0,0.0,3.74999999975,2.018709682990419,0.29919851236129574,horizon_years,15.0
max-exp-cap,40041,1.7109132594129381,1.4542139400844416,0.10596192562752921,0.1292455667885277,0.699075102117261,-0.004687500000000001,-0.23828125000000003,0.0005208333333333333,0.0,3.74999999975,2.026338770886748,0.3449941896000628,horizon_years,15.0
max-exp-cap,40042,1.63060798510246,1.3880136641606053,0.10532612261794178,0.12424296561719908,0.6481030045085727,-0.0007812499999999999,-0.10065104166666666,0.0,0.0,3.74999999975,2.0615386138731258,0.314378299851947,horizon_years,15.0
max-exp-cap,40043,1.632950979828687,1.395344259079959,0.1078477736552458,0.12039825598552896,0.5946704291564257,0.0,-0.03046875,0.0,0.0,3.74999999975,2.0465003314067536,0.29057920002761606,horizon_years,15.0
max-exp-cap,40044,1.6672486794104324,1.4219440196156057,0.10802925223847328,0.12483878374652341,0.6483389675538811,0.0,-0.09361979166666667,0.0,0.0,3.74999999975,2.079882870173634,0.31171898035765644,horizon_years,15.0
max-exp-cap,40045,1.616044639989454,1.3790608505700637,0.10455054544374139,0.11811491811575528,0.6110852365386381,-0.00013020833333333333,-0.09544270833333333,0.0,0.0,3.74999999975,2.0050119023663218,0.30477885733118754,horizon_years,15.0
max-exp-cap,40046,1.6582831054228087,1.4177771141191877,0.10682390841707613,0.11775227036617468,0.6151942486961216,-0.0006510416666666666,-0.11119791666666667,0.00013020833333333333,0.0,3.74999999975,2.084398858053354,0.29514228830016687,horizon_years,15.0
max-exp-cap,40047,1.6269435936316101,1.390177377472019,0.10529016318655178,0.1223106645145963,0.6346215266072495,-0.0005208333333333333,-0.09466145833333334,0.00013020833333333333,0.0,3.74999999975,2.1184451639292834,0.29956948492835,horizon_years,15.0
max-exp-cap,40048,1.7201531553392924,1.4613360755509373,0.10830100896706395,0.12306097029556781,0.6629575906023437,-0.0024739583333333332,-0.18880208333333334,0.0,0.0,3.74999999975,1.9776368579446137,0.3352271616192292,horizon_years,15.0
max-exp-cap,40049,1.6349136982055732,1.399165245188085,0.10762705904703823,0.12192421072110264,0.609548339279434,0.0,-0.041015625,0.0,0.0,3.74999999975,2.069076620793426,0.29459921065933814,horizon_years,15.0
accept-greedy,40000,0.6639277006092106,0.592133801830109,0.06639277006092106,0.104760348507066,0.4803373104547918,0.0,0.0,0.0,0.0,1.2499999998750002,0.8341932715303709,0.5758105787326575,annual_budget_mw,0.125
accept-greedy,40001,0.6054541931421571,0.5397259317478231,0.060428231814215715,0.09183704800118661,0.4336059299840754,0.0,-0.00234375,0.0,0.0,1.2499999998749998,0.8262323860831953,0.5247990000000007,annual_budget_mw,0.125
accept-greedy,40002,0.6268971074835076,0.5587150790702748,0.06250090866501742,0.10320965258095999,0.49163809016191135,0.0,-0.0037760416666666667,0.0,0.0,1.2499999998750002,0.8001674592776463,0.6144189999999989,annual_budget_mw,0.125
accept-greedy,40003,0.6453889728402651,0.575637313316004,0.06353629311735984,0.10103589954637623,0.49566063392476006,0.0,-0.02005208333333333,0.0,0.0,1.249999999875,0.8118171652865649,0.6105569765204408,annual_budget_mw,0.125
accept-greedy,40004,0.5969624410981681,0.5332220975017199,0.05963765035981681,0.09757361204865121,0.45345631442610285,0.0,-0.0011718750000000002,0.0,0.0,1.2499999998750002,0.7554613500605355,0.600237608965392,annual_budget_mw,0.125
accept-greedy,40005,0.6315415283872061,0.5631631437006962,0.06315415283872061,0.10396860793310843,0.46321951662252786,0.0,0.0,0.0,0.0,1.2499999998750002,0.7807625931103543,0.5932911242291747,annual_budget_mw,0.125
accept-greedy,40006,0.6343367348506106,0.5640701681139283,0.06336205890172772,0.10444463707347082,0.49261279220467624,0.0,-0.0014322916666666666,0.0,0.0,1.249999999875,0.8104644701080572,0.6078154075514222,annual_budget_mw,0.125
accept-greedy,40007,0.6409894259269734,0.5716955176390699,0.06316795300936401,0.09159110876975914,0.4507584502878972,0.0,-0.018619791666666666,0.0,0.0,1.249999999875,0.8060416571758005,0.5592247575234008,annual_budget_mw,0.125
accept-greedy,40008,0.668148346479731,0.5953225127358549,0.06680832423130643,0.10411862889773467,0.4776154236851926,0.0,-0.00013020833333333333,0.0,0.0,1.249999999875,0.866585449253897,0.5511463688853817,annual_budget_mw,0.125
accept-greedy,40009,0.6112943020972291,0.544499768963881,0.06096666979305625,0.09881990139959232,0.46739833396822267,0.0,-0.0032552083333333335,0.0,0.0,1.249999999875,0.7905125843053948,0.5912598271650726,annual_budget_mw,0.125
accept-greedy,40010,0.6261192434371655,0.5587891042682125,0.06261192434371655,0.09181754432163236,0.4110444499657369,0.0,0.0,0.0,0.0,1.2499999998749998,0.7944842869596225,0.5173726613760293,annual_budget_mw,0.125
accept-greedy,40011,0.590856761298358,0.5249383858719431,0.0590856761298358,0.10119802452960733,0.4571832822486731,0.0,0.0,0.0,0.0,1.2499999998750002,0.7913124222579585,0.5777531975855129,annual_budget_mw,0.125
accept-greedy,40012,0.6528024565185382,0.5816768758293986,0.06528024565185382,0.11086058156812631,0.5062650530681294,0.0,0.0,0.0,0.0,1.249999999875,0.8485772761484771,0.5966045371447671,annual_budget_mw,0.125
accept-greedy,40013,0.5897487984061074,0.5255058589668219,0.058961859007277406,0.09597726397509174,0.4452968801923562,0.0,-0.00026041666666666666,0.0,0.0,1.2499999998750002,0.778094315187204,0.5722916508973863,annual_budget_mw,0.125
accept-greedy,40014,0.5862466711476539,0.5219313156583459,0.05785643794809873,0.08304818889797798,0.40834752726724216,0.0,-0.015364583333333333,0.0,0.0,1.2499999998750002,0.7956535870572317,0.5132227566239447,annual_budget_mw,0.125
accept-greedy,40015,0.648903965963396,0.5784215736197698,0.06435003201300626,0.10239805595911476,0.4921099629080718,0.0,-0.010807291666666666,0.0,0.0,1.249999999875,0.8366657217687081,0.5881799028024636,annual_budget_mw,0.125
accept-greedy,40016,0.5804612240769924,0.5159633284504543,0.058039611991032566,0.10153185579094204,0.4681907808590895,0.0,-0.00013020833333333333,0.0,0.0,1.249999999875,0.8040993094352784,0.5822549222034544,annual_budget_mw,0.125
accept-greedy,40017,0.5890720136346403,0.5239154898364158,0.05820407636346403,0.09967798469958361,0.4904351218353131,0.0,-0.014062499999999999,0.0,0.0,1.249999999875,0.8114520098996933,0.6043920230056953,annual_budget_mw,0.125
accept-greedy,40018,0.6484604665258057,0.5788332426411111,0.06468979665258057,0.10310650392102226,0.4877105756140891,0.0,-0.003125,0.0,0.0,1.249999999875,0.8076945692581025,0.6038304504907955,annual_budget_mw,0.125
accept-greedy,40019,0.6273884125161974,0.5571086329487049,0.06265420583495307,0.10905219406637205,0.511823657313288,0.0,-0.0016927083333333332,0.0,0.0,1.249999999875,0.8331604343474877,0.6143158462801186,annual_budget_mw,0.125
accept-greedy,40020,0.5998422360103606,0.5332746921007735,0.0597433381843694,0.10127580932114381,0.48419652060805585,0.0,-0.0048177083333333336,0.0,0.0,1.249999999875,0.8117986095769206,0.5964490637159395,annual_budget_mw,0.125
accept-greedy,40021,0.6403769374340434,0.5711124549619344,0.06357545416007102,0.1033674642953203,0.4978723182497497,0.0,-0.009244791666666665,0.0,0.0,1.249999999875,0.8334213215212457,0.5973837066478961,annual_budget_mw,0.125
accept-greedy,40022,0.6780889886213303,0.6046869678475454,0.06775030511213302,0.10582926712582318,0.49166437615944597,0.0,-0.001171875,0.0,0.0,1.249999999875,0.8352639251610613,0.5886335580273503,annual_budget_mw,0.125
accept-greedy,40023,0.64035082031064,0.570310415765291,0.06403508203106399,0.10994445570662216,0.4957320871654943,0.0,0.0,0.0,0.0,1.2499999998750002,0.802985342030173,0.617361315602778,annual_budget_mw,0.125
accept-greedy,40024,0.6158288136320479,0.5481292445954394,0.06138105844653813,0.10484283864295547,0.49659140399872287,0.0,-0.004036458333333334,0.0,0.0,1.249999999875,0.8124903768333549,0.6111966592566497,annual_budget_mw,0.125
accept-greedy,40025,0.6413435877444628,0.5719431016655219,0.06413435877444627,0.10524469827812775,0.47223970369872814,0.0,0.0,0.0,0.0,1.249999999875,0.8008502191056276,0.5896729406231734,annual_budget_mw,0.125
accept-greedy,40026,0.6369647601415603,0.566521627662559,0.06369647601415604,0.10291497371177023,0.4688709048809278,0.0,0.0,0.0,0.0,1.249999999875,0.7985313581769811,0.5871665527968039,annual_budget_mw,0.125
accept-greedy,40027,0.6247826476804196,0.5566211684284711,0.06241316060137529,0.10071101210126199,0.4740187011521366,0.0,-0.0013020833333333333,0.0,0.0,1.249999999875,0.7971081605388792,0.5946729999999996,annual_budget_mw,0.125
accept-greedy,40028,0.5881771750846433,0.5211797918191869,0.057730477925130995,0.09923908815453342,0.48713253963289754,0.0,-0.021744791666666666,0.0,0.0,1.249999999875,0.7887633835780775,0.6175902048382519,annual_budget_mw,0.125
accept-greedy,40029,0.6604765914581143,0.5877155049439836,0.06604765914581143,0.11241864989808581,0.4994351569118844,0.0,0.0,0.0,0.0,1.249999999875,0.8269697321824765,0.6039340225836471,annual_budget_mw,0.125
accept-greedy,40030,0.5936810434438716,0.5284944151594717,0.059075135594387165,0.10035779558810236,0.47752075771023467,0.0,-0.005859375,0.0,0.0,1.2499999998750002,0.7909632202248915,0.6037205593130652,annual_budget_mw,0.125
accept-greedy,40031,0.6589180761723766,0.5863299094177638,0.06587878678390433,0.1065294217854491,0.49246176664984886,0.0,-0.00026041666666666666,0.0,0.0,1.249999999875,0.8418277352934713,0.5849911401151101,annual_budget_mw,0.125
accept-greedy,40032,0.6658953345640171,0.5942061256881306,0.06530698137306838,0.10226251426356354,0.5044479794493891,0.0,-0.025651041666666666,0.00013020833333333333,0.0,1.249999999875,0.8609680758585062,0.5859078792745986,annual_budget_mw,0.125
accept-greedy,40033,0.6425784151775293,0.5723111832208337,0.06425784151775293,0.09717337182646396,0.44417298956388,0.0,0.0,0.0,0.0,1.249999999875,0.8133867914972938,0.5460784391964864,annual_budget_mw,0.125
accept-greedy,40034,0.6503261915244904,0.5798703964070829,0.06440761915244905,0.09814772853954855,0.47566804015274466,0.0,-0.012499999999999999,0.0,0.0,1.249999999875,0.8050289656737306,0.5908707145147963,annual_budget_mw,0.125
accept-greedy,40035,0.5928290771536114,0.5292786079387446,0.05872952229869448,0.09226969580007656,0.4515894334739005,0.0,-0.011067708333333334,0.0,0.0,1.2499999998750002,0.788972980279603,0.5723762977457889,annual_budget_mw,0.125
accept-greedy,40036,0.6209896737927942,0.5521616838895123,0.0620273527959461,0.10467427086192178,0.4916556457141742,0.0,-0.0014322916666666666,0.0,0.0,1.249999999875,0.8127915916920644,0.6048975539850856,annual_budget_mw,0.125
accept-greedy,40037,0.5982090290709199,0.5317336623415447,0.05982090290709199,0.09812422170038711,0.44099006681839453,0.0,0.0,0.0,0.0,1.249999999875,0.7561504777610296,0.5832041105418213,annual_budget_mw,0.125
accept-greedy,40038,0.6219160478029078,0.5526927870404903,0.062133011030290786,0.10571020789947877,0.4955890298278582,0.0,-0.001171875,0.0,0.0,1.2499999998750002,0.803031268249818,0.6171478613877381,annual_budget_mw,0.125
accept-greedy,40039,0.65039737473897,0.5786327488138889,0.06490952914056367,0.10605938392373192,0.5016411502953624,0.0,-0.0026041666666666665,0.0,0.0,1.249999999875,0.8275600490405846,0.6061688827015395,annual_budget_mw,0.125
accept-greedy,40040,0.6407365745551711,0.5720727897371612,0.0640736574555171,0.0934585347599927,0.4318393979676339,0.0,0.0,0.0,0.0,1.249999999875,0.815233682052131,0.5297124094291524,annual_budget_mw,0.125
accept-greedy,40041,0.6106973518974357,0.5458790868482789,0.06034707893974358,0.09120765304687733,0.4476466360381346,0.0,-0.014453125,0.0,0.0,1.2499999998750002,0.7638741686396019,0.5860214344403831,annual_budget_mw,0.125
accept-greedy,40042,0.5963784743955138,0.5296931630530712,0.059605295356218044,0.10223791718324708,0.47543397836751683,0.0,-0.0006510416666666666,0.0,0.0,1.2499999998750002,0.7985822747810931,0.5953475219542563,annual_budget_mw,0.125
accept-greedy,40043,0.6840798896786442,0.6102836895949582,0.06840798896786442,0.11019460968055843,0.4837744355137252,0.0,0.0,0.0,0.0,1.249999999875,0.8063206799889728,0.5999777105063723,annual_budget_mw,0.125
accept-greedy,40044,0.6658612048279307,0.5938926870525693,0.06658612048279307,0.11061779349442323,0.5097749013031071,0.0,0.0,0.0,0.0,1.249999999875,0.823921098861689,0.6187181054198039,annual_budget_mw,0.125
accept-greedy,40045,0.6190358726117279,0.5526771162282599,0.06189056642783945,0.08729744325549536,0.40262242765618156,0.0,-0.00026041666666666666,0.0,0.0,1.2499999998750002,0.8069915823611526,0.4989177538607783,annual_budget_mw,0.125
accept-greedy,40046,0.6584316645633076,0.5870229351992826,0.06579108312299743,0.10940849972160116,0.5115444792356547,0.0,-0.0010416666666666667,0.0,0.0,1.2499999998750002,0.8533739505678006,0.5994376543780059,annual_budget_mw,0.125
accept-greedy,40047,0.6249458691762112,0.5556936590935931,0.06244250358428779,0.10744650047328996,0.5047093767485848,0.0,-0.0010416666666666667,0.0,0.0,1.249999999875,0.8608124024497478,0.586317501132947,annual_budget_mw,0.125
accept-greedy,40048,0.6317717844924802,0.562548719521003,0.06289072011591469,0.1017325693125225,0.48617476071081456,0.0,-0.005729166666666666,0.0,0.0,1.249999999875,0.8088812045487574,0.6010459360123618,annual_budget_mw,0.125
accept-greedy,40049,0.6232103964618139,0.5564907603398425,0.06232103964618139,0.10266731323041517,0.4588529797660322,0.0,0.0,0.0,0.0,1.249999999875,0.7585000143411917,0.6049478854190621,annual_budget_mw,0.125
max-exp-cap,40000,0.6325031574520875,0.5641017906572001,0.06325031574520876,0.09891370686985756,0.4535298383603258,0.0,0.0,0.0,0.0,1.249999999875,0.7864558536995983,0.5766755199632096,annual_budget_mw,0.125
max-exp-cap,40001,0.6368457255606085,0.5677806394514253,0.06356738505606084,0.09448152597735895,0.4460917552271276,0.0,-0.00234375,0.0,0.0,1.2499999998750002,0.850024019152337,0.5247990000000002,annual_budget_mw,0.125
max-exp-cap,40002,0.6578470495960924,0.585854144672276,0.0655959028762759,0.11029704947224396,0.5253988304097001,0.0,-0.0037760416666666667,0.0,0.0,1.2499999998749998,0.8555648594636778,0.6140958509434964,annual_budget_mw,0.125
max-exp-cap,40003,0.6434448814654927,0.5726005888501402,0.06333537356321593,0.10441894714331335,0.5122571458974753,0.0,-0.020182291666666668,0.0,0.0,1.249999999875,0.8400691509321317,0.6097797369765099,annual_budget_mw,0.125
max-exp-cap,40004,0.6346561395999039,0.5657319778459624,0.06340702020999038,0.10650729801741049,0.49497405911729947,0.0,-0.0011718750000000002,0.0,0.0,1.249999999875,0.8268726448277586,0.5986097885973781,annual_budget_mw,0.125
max-exp-cap,40005,0.6402064366499955,0.570057136416201,0.06402064366499956,0.10828362456039428,0.48244454960167016,0.0,0.0,0.0,0.0,1.249999999875,0.8174679024106897,0.5901694099290686,annual_budget_mw,0.125
max-exp-cap,40006,0.6595395000171715,0.5871609018528987,0.06588233541838381,0.10641183939008993,0.501891095554417,0.0,-0.0014322916666666666,0.0,0.0,1.249999999875,0.8274378042031496,0.6065605088442327,annual_budget_mw,0.125
max-exp-cap,40007,0.629159463643288,0.5610500026569804,0.06200448803099547,0.09150709251387408,0.45034497088132136,0.0,-0.018229166666666664,0.0,0.0,1.249999999875,0.8052916382990949,0.5592321458006471,annual_budget_mw,0.125
max-exp-cap,40008,0.6620225459019803,0.5896929558635484,0.06619574417353136,0.10335770999403286,0.4741249185908682,0.0,-0.00013020833333333333,0.0,0.0,1.249999999875,0.8582009121360528,0.5524637784534351,annual_budget_mw,0.125
max-exp-cap,40009,0.657587681664481,0.586322481874888,0.06559600774978144,0.1028817856484758,0.48661023262235087,0.0,-0.0032552083333333335,0.0,0.0,1.249999999875,0.8292043508045313,0.5868399413850395,annual_budget_mw,0.125
max-exp-cap,40010,0.6662563253895329,0.5941284844012344,0.06662563253895329,0.09799388436639649,0.4386943976446719,0.0,0.0,0.0,0.0,1.249999999875,0.8642681871168181,0.5075905884123166,annual_budget_mw,0.125
max-exp-cap,40011,0.6109037459265315,0.542609334159855,0.06109037459265315,0.10551306257546214,0.4766773708536798,0.0,0.0,0.0,0.0,1.249999999875,0.8278270919447663,0.5758175535592212,annual_budget_mw,0.125
max-exp-cap,40012,0.6431488354476561,0.5724927670304697,0.06431488354476561,0.1099542766514634,0.5021262464676219,0.0,0.0,0.0,0.0,1.249999999875,0.8413991009704322,0.596775354155349,annual_budget_mw,0.125
max-exp-cap,40013,0.6162584717638525,0.548949308671759,0.061612826343051916,0.1000070483382173,0.4639934998960962,0.0,-0.00026041666666666666,0.0,0.0,1.249999999875,0.8157533066450526,0.5687914423594083,annual_budget_mw,0.125
max-exp-cap,40014,0.6080332006854038,0.5415905661214563,0.060035090901873714,0.08639284014171261,0.42479316061667216,0.0,-0.015364583333333333,0.0,0.0,1.2499999998749998,0.8286144010736671,0.5126548127407049,annual_budget_mw,0.125
max-exp-cap,40015,0.6562639967837166,0.5842036842867099,0.06508603509503832,0.10618198058314164,0.5102949468800362,0.0,-0.010807291666666666,0.0,0.0,1.249999999875,0.8680880400751209,0.5878377806424764,annual_budget_mw,0.125
max-exp-cap,40016,0.6449691564092304,0.5743796272859552,0.06449040522425638,0.10673007136953878,0.4921611553967941,0.0,-0.00013020833333333333,0.0,0.0,1.249999999875,0.8523591674651895,0.5774105261992083,annual_budget_mw,0.125
max-exp-cap,40017,0.6441065075053464,0.5738170399462914,0.06368799450053464,0.10500660670696928,0.5166529811879355,0.0,-0.014453125,0.0,0.0,1.249999999875,0.8599175669453123,0.6008168701835496,annual_budget_mw,0.125
max-exp-cap,40018,0.6527740445365752,0.5815368794373109,0.06512115445365751,0.10598402260162536,0.5013217081681732,0.0,-0.003125,0.0,0.0,1.249999999875,0.8333655861570981,0.6015627672843079,annual_budget_mw,0.125
max-exp-cap,40019,0.671510756945829,0.597175352354707,0.06706644027791622,0.11268205083925145,0.5288599635052369,0.0,-0.0016927083333333332,0.0,0.0,1.249999999875,0.8615640772575401,0.6138370638532893,annual_budget_mw,0.125
max-exp-cap,40020,0.6069369204279214,0.5398876792771193,0.06045280662612547,0.10312591830803597,0.4930418346095294,0.0,-0.0048177083333333336,0.0,0.0,1.249999999875,0.8286660073634962,0.5949825746783113,annual_budget_mw,0.125
max-exp-cap,40021,0.617022001645557,0.5490515948020005,0.061259491831222354,0.10272099291894791,0.4947585705629817,0.0,-0.008854166666666666,0.0,0.0,1.249999999875,0.8281000403339127,0.597462319122073,annual_budget_mw,0.125
max-exp-cap,40022,0.6730457456836937,0.5994566938254373,0.06724598081836937,0.1075524867022628,0.49967015472189813,0.0,-0.001171875,0.0,0.0,1.2499999998749998,0.8552582531487203,0.5842330698152419,annual_budget_mw,0.125
max-exp-cap,40023,0.6697978731318686,0.596522411919877,0.06697978731318685,0.11384052017701735,0.5132991773768836,0.0,0.0,0.0,0.0,1.249999999875,0.8349464260331377,0.6147689975937588,annual_budget_mw,0.125
max-exp-cap,40024,0.6341422009019221,0.5647677802202933,0.06321239717352553,0.1057584449778364,0.500928202212448,0.0,-0.004036458333333334,0.0,0.0,1.249999999875,0.8205551325897332,0.6104747655791041,annual_budget_mw,0.125
max-exp-cap,40025,0.6606182922265058,0.5888082818461559,0.06606182922265058,0.11167386131786923,0.5010877701437939,0.0,0.0,0.0,0.0,1.249999999875,0.8575235301937791,0.58434288098259,annual_budget_mw,0.125
max-exp-cap,40026,0.6427014923167131,0.5718066155337143,0.06427014923167132,0.10451028033956733,0.4761389712774917,0.0,0.0,0.0,0.0,1.2499999998750002,0.8110907875067532,0.5870353585707905,annual_budget_mw,0.125
max-exp-cap,40027,0.6401680281059766,0.5703956232770675,0.063951698643931,0.10541871691857452,0.4961765573423454,0.0,-0.0013020833333333333,0.0,0.0,1.249999999875,0.834368732635155,0.5946729999999999,annual_budget_mw,0.125
max-exp-cap,40028,0.6392336587024494,0.5675982657410056,0.06278404295357827,0.10404070814033888,0.5107021368705827,0.0,-0.022786458333333332,0.0,0.0,1.249999999875,0.8311119418746276,0.614480566503064,annual_budget_mw,0.125
max-exp-cap,40029,0.6685504214050294,0.5945375813787956,0.06685504214050295,0.11461648845178572,0.5091993539017008,0.0,0.0,0.0,0.0,1.2499999998750002,0.8470397352653007,0.6011516729403666,annual_budget_mw,0.125
max-exp-cap,40030,0.6189356145556284,0.5501535185084296,0.061600592705562854,0.10630022522012983,0.505795925412921,0.0,-0.005859375,0.0,0.0,1.2499999998750002,0.8393115513456229,0.6026319125502392,annual_budget_mw,0.125
max-exp-cap,40031,0.6575136461359697,0.5851640697674912,0.06573834378026364,0.10736530493619528,0.49632586809929036,0.0,-0.00026041666666666666,0.0,0.0,1.249999999875,0.8502229004862611,0.5837597032677322,annual_budget_mw,0.125
max-exp-cap,40032,0.6424641972224044,0.5722848523466096,0.06297037805557378,0.10217646692810996,0.504023518885133,-0.00013020833333333333,-0.025390625,0.0,0.0,1.249999999875,0.8598354470770362,0.5861860203583529,annual_budget_mw,0.125
max-exp-cap,40033,0.6451789700225083,0.574390670572722,0.06451789700225083,0.09906291770937758,0.4528099775365799,0.0,0.0,0.0,0.0,1.249999999875,0.8322338565766009,0.544089829989874,annual_budget_mw,0.125
max-exp-cap,40034,0.6529590867284489,0.5818096440471272,0.06467090867284489,0.10079505029177002,0.48849815215096076,0.0,-0.012499999999999999,0.0,0.0,1.249999999875,0.8277215449258852,0.5901720876369132,annual_budget_mw,0.125
max-exp-cap,40035,0.6474027839455596,0.5770771615805108,0.06413480964455595,0.10050403313152889,0.49189020284676827,0.0,-0.012109374999999999,0.0,0.0,1.249999999875,0.8657955291816691,0.5681366861661806,annual_budget_mw,0.125
max-exp-cap,40036,0.6435193997668239,0.572364249349486,0.06428032539334906,0.10930026313898279,0.5133839577560839,0.0,-0.0014322916666666666,0.0,0.0,1.249999999875,0.8587808438946838,0.5978055535424153,annual_budget_mw,0.125
max-exp-cap,40037,0.6345863594736749,0.5642176260373188,0.06345863594736749,0.10477461725198858,0.4708782873601522,0.0,0.0,0.0,0.0,1.2499999998750002,0.8138783728575048,0.5785610025573126,annual_budget_mw,0.125
max-exp-cap,40038,0.6781309706764145,0.6034079604875286,0.06775450331764145,0.11311912105557807,0.5303233866706869,0.0,-0.001171875,0.0,0.0,1.249999999875,0.8596354388702326,0.6169166168482527,annual_budget_mw,0.125
max-exp-cap,40039,0.660093399790443,0.5872071090324069,0.06587913164571095,0.10795261563535179,0.5105957839963803,0.0,-0.0026041666666666665,0.0,0.0,1.249999999875,0.842504065016596,0.6060454841678685,annual_budget_mw,0.125
max-exp-cap,40040,0.6370137398921497,0.5677026521966274,0.06370137398921497,0.09442417328286963,0.43630127787452966,0.0,0.0,0.0,0.0,1.249999999875,0.825977045299056,0.5282244589697538,annual_budget_mw,0.125
max-exp-cap,40041,0.6386660701769107,0.568977364888259,0.06309186743435773,0.09989560456830952,0.4902870520855977,0.0,-0.015494791666666667,0.0,0.0,1.249999999875,0.839089663246266,0.584308296909269,annual_budget_mw,0.125
max-exp-cap,40042,0.6264176436329831,0.5570050819183775,0.06260921227996498,0.10537995377935486,0.4900452987095223,0.0,-0.0006510416666666666,0.0,0.0,1.2499999998749998,0.8261377019025481,0.5931762920164227,annual_budget_mw,0.125
max-exp-cap,40043,0.6858089575342122,0.6103922701192123,0.06858089575342122,0.11294041424814862,0.49582901838822047,0.0,0.0,0.0,0.0,1.249999999875,0.8292087228739647,0.5979544169165522,annual_budget_mw,0.125
max-exp-cap,40044,0.6451147731096979,0.574194634518579,0.06451147731096979,0.10951453086937324,0.5046905873059686,0.0,0.0,0.0,0.0,1.249999999875,0.8155595929673246,0.618827356894555,annual_budget_mw,0.125
max-exp-cap,40045,0.6251136707428954,0.5573704161259868,0.0624983462409562,0.0891868467871317,0.4113365000088297,0.0,-0.00026041666666666666,0.0,0.0,1.249999999875,0.8252284214594228,0.49845168842025334,annual_budget_mw,0.125
max-exp-cap,40046,0.6568858336195629,0.585038838551993,0.06563650002862295,0.10937204829940407,0.5113740489324091,0.0,-0.0010416666666666667,0.0,0.0,1.249999999875,0.8530805286555535,0.5994440521791413,annual_budget_mw,0.125
max-exp-cap,40047,0.652585381345409,0.5811665598154816,0.06520645480120757,0.10656659741708413,0.500576200506077,0.0,-0.0010416666666666667,0.0,0.0,1.249999999875,0.8519231058366791,0.587583782006309,annual_budget_mw,0.125
max-exp-cap,40048,0.6354181556191583,0.5655647108685544,0.06326186764524917,0.10344959489820889,0.4943803384220291,0.0,-0.0055989583333333325,0.0,0.0,1.249999999875,0.8229173104856127,0.6007655108510109,annual_budget_mw,0.125
max-exp-cap,40049,0.6711069445689531,0.5984224791851303,0.06711069445689531,0.11195173750274645,0.5003480341190197,0.0,0.0,0.0,0.0,1.2499999998750002,0.8395785612853313,0.5959514179983643,annual_budget_mw,0.125
accept-greedy,40000,1.0869767493328857,0.9840358212080735,0.10869767493328857,0.1228704576061983,0.563374081720719,0.0,0.0,0.0,0.0,3.7499999996250004,1.9513613067425253,0.288708236539331,annual_budget_mw,0.375
accept-greedy,40001,1.0617686968317503,0.962558329739606,0.10605968218317503,0.11458528009858966,0.5410110409798099,0.0,-0.00234375,0.0,0.0,3.7499999996250004,1.9544168376348572,0.27681456205346444,annual_budget_mw,0.375
accept-greedy,40002,1.0955463110305461,0.9900637030229754,0.10936582901972128,0.13387080653219205,0.6376921732227911,0.0,-0.0037760416666666667,0.0,0.0,3.7499999996250004,1.8104048411030824,0.3522373331891028,annual_budget_mw,0.375
accept-greedy,40003,1.1054725961924563,0.9997478343703043,0.10936236378591228,0.11836498841163617,0.5806734581868004,0.0,-0.023697916666666666,0.0,0.0,3.7499999996250004,1.9106573717219484,0.30391291854880187,annual_budget_mw,0.375
accept-greedy,40004,1.0949084595604721,0.9910264853669101,0.1094322522060472,0.12481642984949813,0.5800625504276391,0.0,-0.0011718750000000002,0.0,0.0,3.749999999625,1.8826590159821295,0.3081081308422901,annual_budget_mw,0.375
accept-greedy,40005,1.0748881476439995,0.9725053359349797,0.10748881476439995,0.13183395125589298,0.5873701724897842,0.0,0.0,0.0,0.0,3.749999999625,1.9494426870441122,0.30130158552155123,annual_budget_mw,0.375
accept-greedy,40006,1.115113792818501,1.0081517328904461,0.1114397646985168,0.1290118702273262,0.6084840677413113,0.0,-0.0014322916666666666,0.0,0.0,3.7499999996250004,1.9258681588819873,0.3159531273908962,annual_budget_mw,0.375
accept-greedy,40007,1.0899826541571338,0.9847407849002332,0.10774826541571339,0.12067158761824526,0.5938757436086389,0.0,-0.024999999999999998,0.0,0.0,3.7499999996250004,1.90399789956756,0.31190987329530206,annual_budget_mw,0.375
accept-greedy,40008,1.0843895845702558,0.9815550688817696,0.1084324480403589,0.11580154385380348,0.5312075659914604,0.0,-0.00013020833333333333,0.0,0.0,3.7499999996250004,1.938468183987445,0.2740347096637728,annual_budget_mw,0.375
accept-greedy,40009,1.054603302802753,0.9532227023754348,0.10529756986360864,0.11792871894838948,0.5577792123127074,0.0,-0.0032552083333333335,0.0,0.0,3.7499999996250004,1.9067899811472473,0.29252262589355105,annual_budget_mw,0.375
accept-greedy,40010,1.0770507229757216,0.9766177483138673,0.10770507229757216,0.1072758955215788,0.4802476672081975,0.0,0.0,0.0,0.0,3.7499999996250004,1.8239956361847278,0.263294307113989,annual_budget_mw,0.375
accept-greedy,40011,1.0608728070826698,0.95643513304769,0.10608728070826698,0.12622558259929922,0.5702505204497843,0.0,0.0,0.0,0.0,3.7499999996250004,1.8019069740532578,0.31647056627293446,annual_budget_mw,0.375
accept-greedy,40012,1.0987417312125285,0.9940958820922334,0.10987417312125285,0.12607656743632442,0.5757516260599314,0.0,0.0,0.0,0.0,3.749999999625,1.9934535061565795,0.28882119612109375,annual_budget_mw,0.375
accept-greedy,40013,1.0593341607638718,0.9585473541877648,0.10592039524305386,0.11900973099056572,0.5521584980416173,0.0,-0.00026041666666666666,0.0,0.0,3.7499999996250004,1.8721526050239448,0.2949324198037559,annual_budget_mw,0.375
accept-greedy,40014,1.033074895292974,0.9326244847833511,0.10235696869596407,0.109753410805443,0.5396569691195237,0.0,-0.01901041666666667,0.0,0.0,3.7499999996250004,1.862392512703245,0.2897654309918894,annual_budget_mw,0.375
accept-greedy,40015,1.1091775155848376,1.0023847379125104,0.11035134530848376,0.12718666579389648,0.6112403677978655,0.0,-0.011328125,0.0,0.0,3.7499999996249995,1.910840974573721,0.3198802914168322,annual_budget_mw,0.375
accept-greedy,40016,1.065445383916182,0.9635529620382761,0.10653802797495153,0.12082012482155455,0.5571341934315633,0.0,-0.00013020833333333333,0.0,0.0,3.749999999625,1.8379775757693042,0.30312349877194184,annual_budget_mw,0.375
accept-greedy,40017,1.056503276279961,0.9546577988229231,0.10479746304466278,0.12343515824349736,0.6073250482978884,0.0,-0.01705729166666667,0.0,0.0,3.749999999625,1.8579981294721346,0.32687064570427316,annual_budget_mw,0.375
accept-greedy,40018,1.0988886864025744,0.9947257409342152,0.10973261864025745,0.12476003657256642,0.5901353157803578,0.0,-0.003125,0.0,0.0,3.7499999996250004,1.9364417722514888,0.3047524197405694,annual_budget_mw,0.375
accept-greedy,40019,1.07735828616905,0.9734826027714836,0.10765119320023835,0.12497694581240168,0.5865646081968471,0.0,-0.0016927083333333332,0.0,0.0,3.749999999625,1.910798268737025,0.3069735920289205,annual_budget_mw,0.375
accept-greedy,40020,1.0318291822742929,0.930421225257481,0.10294203281076264,0.12729502834887257,0.6085936042414815,0.0,-0.0048177083333333336,0.0,0.0,3.7499999996250004,1.8813690469360052,0.32348443556708667,annual_budget_mw,0.375
accept-greedy,40021,1.0967401912998074,0.9914272860365166,0.10920526912998074,0.12679454758462216,0.6107095281647725,0.0,-0.009375,0.0,0.0,3.749999999625,1.915741326634803,0.31878496312315124,annual_budget_mw,0.375
accept-greedy,40022,1.0834972576617776,0.9808045622364174,0.10829113201617775,0.1172089636385904,0.544532467744938,0.0,-0.001171875,0.0,0.0,3.7499999996250004,1.8925794632333812,0.28771973823209007,annual_budget_mw,0.375
accept-greedy,40023,1.0895493855342422,0.9854888398275642,0.10895493855342422,0.12798716813523736,0.5770854526706316,0.0,0.0,0.0,0.0,3.7499999996250004,1.9105853754786852,0.3020464094812023,annual_budget_mw,0.375
accept-greedy,40024,1.0592025387069834,0.9587453595840405,0.10571843095403169,0.12051494828447595,0.5708228444217402,0.0,-0.004036458333333334,0.0,0.0,3.749999999625,2.0020034205837822,0.2851258087537577,annual_budget_mw,0.375
accept-greedy,40025,1.0641266788683452,0.9646502419841204,0.10641266788683452,0.12233067527259506,0.5489055770897813,0.0,0.0,0.0,0.0,3.7499999996250004,1.9466795252648625,0.2819701804872571,annual_budget_mw,0.375
accept-greedy,40026,1.0646512536060475,0.9609735652660037,0.10646512536060475,0.1237484810089234,0.5637863974079637,0.0,0.0,0.0,0.0,3.7499999996250004,1.9550552332851114,0.28837364173114644,annual_budget_mw,0.375
accept-greedy,40027,1.096312317876233,0.9907498757955701,0.10956612762095666,0.1340580286363646,0.6309738258744915,0.0,-0.0013020833333333333,0.0,0.0,3.749999999625,1.9012771481906443,0.3318684109126118,annual_budget_mw,0.375
accept-greedy,40028,1.053029304143459,0.9469786844265615,0.10390970124767922,0.12468077277958386,0.6120175287476822,0.0,-0.02786458333333333,0.0,0.0,3.7499999996250004,1.8074275662233317,0.3386124789645149,annual_budget_mw,0.375
accept-greedy,40029,1.1135270662244474,1.0084719202669743,0.11135270662244474,0.1284176901029437,0.5705130711404987,0.0,0.0,0.0,0.0,3.7499999996250004,1.9525237453125266,0.29219264170801706,annual_budget_mw,0.375
accept-greedy,40030,1.0679563408979402,0.9645961824069822,0.10650266533979402,0.13286924594086913,0.6322161883515227,0.0,-0.005859375,0.0,0.0,3.7499999996250004,1.821951383176885,0.34699948318552015,annual_budget_mw,0.375
accept-greedy,40031,1.0523711243720704,0.9507995244879792,0.10522409160387372,0.12326117652689887,0.5698089385487187,0.0,-0.00026041666666666666,0.0,0.0,3.7499999996250004,1.9044669358919983,0.29919602583272803,annual_budget_mw,0.375
accept-greedy,40032,1.0728519108702974,0.9703773010349659,0.10578779525369642,0.11916139806262831,0.5878080244157936,-0.00013020833333333333,-0.02981770833333333,0.0,0.0,3.7499999996250004,1.8465383877176582,0.31832970726502513,annual_budget_mw,0.375
accept-greedy,40033,1.0722479716442823,0.9698927218884834,0.10722479716442823,0.11662977324107159,0.5331069003672883,0.0,0.0,0.0,0.0,3.749999999625,1.96513479534842,0.2712826120778997,annual_budget_mw,0.375
accept-greedy,40034,1.1001115216878274,0.9944198108249849,0.10932755841878275,0.12195509351758353,0.5910492395835582,0.0,-0.013671875,0.0,0.0,3.749999999625,1.8211403635590782,0.32454897569150737,annual_budget_mw,0.375
accept-greedy,40035,1.09659754524596,0.9917258236019367,0.10894360869126267,0.13181854624180092,0.6451507410154336,0.0,-0.014322916666666666,0.0,0.0,3.7499999996250004,2.0157386875167598,0.3200567340453297,annual_budget_mw,0.375
accept-greedy,40036,1.0348489876065194,0.9358337021061736,0.10341328417731861,0.12080376611765163,0.5674159766885396,0.0,-0.0014322916666666666,0.0,0.0,3.7499999996250004,1.8985898017559169,0.298861805832815,annual_budget_mw,0.375
accept-greedy,40037,1.0753219310610749,0.9704096445045616,0.10753219310610748,0.13369340219996498,0.6008451465669914,0.0,0.0,0.0,0.0,3.749999999625,1.9191036175876635,0.3130863498252695,annual_budget_mw,0.375
accept-greedy,40038,1.0851330695151193,0.9798075750011284,0.10845471320151194,0.13402864306311058,0.6283510978235317,0.0,-0.001171875,0.0,0.0,3.7499999996250004,1.9195007514839855,0.32735131639711373,annual_budget_mw,0.375
accept-greedy,40039,1.0779503934447576,0.9739892602428813,0.10766483101114244,0.1259850906258227,0.5958860351956246,0.0,-0.0026041666666666665,0.0,0.0,3.7499999996250004,1.820164111028395,0.32738038926553065,annual_budget_mw,0.375
accept-greedy,40040,1.0898058540090476,0.986650640847572,0.10898058540090476,0.11186957881769793,0.5169104318999834,0.0,0.0,0.0,0.0,3.7499999996250004,1.9553098690520807,0.2643624113402433,annual_budget_mw,0.375
accept-greedy,40041,1.08281074110499,0.9797293855924232,0.10736961577716568,0.12286685957958242,0.6030298394269775,0.0,-0.018229166666666668,0.0,0.0,3.7499999996250004,1.9267777127458026,0.31297322749681117,annual_budget_mw,0.375
accept-greedy,40042,1.0522596167707476,0.9499943057960075,0.10519340959374143,0.12012997817674533,0.5586369032088596,0.0,-0.0006510416666666666,0.0,0.0,3.7499999996250004,1.9447958121586435,0.2872470722717135,annual_budget_mw,0.375
accept-greedy,40043,1.0958072577343463,0.9913461731324825,0.10958072577343463,0.12236848280198552,0.537219958978138,0.0,0.0,0.0,0.0,3.7499999996250004,1.9020361947610724,0.28244465613106895,annual_budget_mw,0.375
accept-greedy,40044,1.1016415882874575,0.9961835578369782,0.11016415882874575,0.13115896844083688,0.6044375690364477,0.0,0.0,0.0,0.0,3.7499999996250004,1.9493977168828902,0.31006375138417136,annual_budget_mw,0.375
accept-greedy,40045,1.0740208384497998,0.9736407994529233,0.10738906301164666,0.10406995717736485,0.4799785336460909,0.0,-0.00026041666666666666,0.0,0.0,3.7499999996250004,1.8868223375315312,0.2543845936623961,annual_budget_mw,0.375
accept-greedy,40046,1.099603075443309,0.9950888284740697,0.10990822421099755,0.12403587720449859,0.5799354563179845,0.0,-0.0010416666666666667,0.0,0.0,3.7499999996250004,1.9411530394062535,0.2987582352061078,annual_budget_mw,0.375
accept-greedy,40047,1.0597306612275939,0.9576898727418657,0.10592098278942604,0.12349974706893907,0.5801164309419928,0.0,-0.0010416666666666667,0.0,0.0,3.7499999996250004,1.8668758355643051,0.31074183932893407,annual_budget_mw,0.375
accept-greedy,40048,1.1009867879521287,0.9956783095900832,0.10981222046187952,0.12341744569653175,0.589805679091066,0.0,-0.005729166666666666,0.0,0.0,3.7499999996250004,1.8997148775943298,0.3104706322234818,annual_budget_mw,0.375
accept-greedy,40049,1.097423237880365,0.9944831123910052,0.1097423237880365,0.12418642537876746,0.555028757825311,0.0,0.0,0.0,0.0,3.7499999996250004,1.9363191172292555,0.2866411599651613,annual_budget_mw,0.375
max-exp-cap,40000,1.0987861940292611,0.9954945865493561,0.10987861940292612,0.1228704576061983,0.563374081720719,0.0,0.0,0.0,0.0,3.7499999996250004,2.1346023511525063,0.2639246047005168,annual_budget_mw,0.375
max-exp-cap,40001,1.0665821770959354,0.9671850809064454,0.10654103020959353,0.11458528009858966,0.5410110409798099,0.0,-0.00234375,0.0,0.0,3.7499999996250004,2.0639129141109116,0.26212881235488833,annual_budget_mw,0.375
max-exp-cap,40002,1.1145252580161953,1.0083510597155911,0.11126372371828619,0.13387080653219205,0.6376921732227911,0.0,-0.0037760416666666667,0.0,0.0,3.7499999996250004,2.021892227999483,0.31539375066184494,annual_budget_mw,0.375
max-exp-cap,40003,1.1136561552902329,1.0077032035602347,0.11018071969568995,0.11836498841163617,0.5806734581868004,0.0,-0.023697916666666666,0.0,0.0,3.7499999996250004,2.0385149801222493,0.28485120975268846,annual_budget_mw,0.375
max-exp-cap,40004,1.111859333119488,1.0074054196707718,0.11112733956194878,0.12481642984949813,0.5800625504276391,0.0,-0.0011718750000000002,0.0,0.0,3.7499999996250004,2.046663847909206,0.28341857458429676,annual_budget_mw,0.375
max-exp-cap,40005,1.083111128699315,0.980428712738942,0.10831111286993149,0.13183395125589298,0.5873701724897842,0.0,0.0,0.0,0.0,3.7499999996250004,2.079545293249815,0.2824512523946376,annual_budget_mw,0.375
max-exp-cap,40006,1.121682263200175,1.0145271421474917,0.11209661173668417,0.1290118702273262,0.6084840677413113,0.0,-0.0014322916666666666,0.0,0.0,3.7499999996250004,2.017964084066592,0.30153364598793897,annual_budget_mw,0.375
max-exp-cap,40007,1.10329793477723,0.9975199857733673,0.10907979347772298,0.12147579686460913,0.5978335962699648,0.0,-0.024999999999999998,0.0,0.0,3.7499999996250004,2.0477003417041133,0.29195365361537357,annual_budget_mw,0.375
max-exp-cap,40008,1.1056655707720124,1.0021792378601033,0.11056004666053458,0.11600255978550332,0.532129671001896,0.0,-0.00013020833333333333,0.0,0.0,3.7499999996250004,2.128475398171661,0.2500050841362743,annual_budget_mw,0.375
max-exp-cap,40009,1.0843180376581552,0.9821933900694435,0.10826904334914884,0.11825986286030894,0.5593454566677692,0.0,-0.0032552083333333335,0.0,0.0,3.7499999996250004,2.0598930461581855,0.2715410189431823,annual_budget_mw,0.375
max-exp-cap,40010,1.0871478467938913,0.9862908795841561,0.10871478467938914,0.1072758955215788,0.4802476672081975,0.0,0.0,0.0,0.0,3.749999999625,1.9876935479542923,0.24161051772918515,annual_budget_mw,0.375
max-exp-cap,40011,1.078174033518058,0.9731778290766434,0.10781740335180581,0.12622558259929922,0.5702505204497843,0.0,0.0,0.0,0.0,3.7499999996250004,1.9583775679681108,0.2911851778620199,annual_budget_mw,0.375
max-exp-cap,40012,1.1040861463206464,0.9992586142319976,0.11040861463206464,0.12607656743632442,0.5757516260599314,0.0,0.0,0.0,0.0,3.7499999996250004,2.0896373464260396,0.27552705594808313,annual_budget_mw,0.375
max-exp-cap,40013,1.0686769615553442,0.9674659534608867,0.1068546753222011,0.11930790364547564,0.553541902271858,0.0,-0.00026041666666666666,0.0,0.0,3.749999999625,2.032994859440852,0.27227904669867303,annual_budget_mw,0.375
max-exp-cap,40014,1.0644362795704976,0.962916753781317,0.10549310712371643,0.109753410805443,0.5396569691195237,0.0,-0.01901041666666667,0.0,0.0,3.749999999625001,2.0459968485150375,0.26376236576864764,annual_budget_mw,0.375
max-exp-cap,40015,1.1114752265850782,1.0046240651810083,0.1105811164085078,0.12718666579389648,0.6112403677978655,0.0,-0.011328125,0.0,0.0,3.7499999996250004,2.034622219639094,0.3004195874290062,annual_budget_mw,0.375
max-exp-cap,40016,1.082567640369181,0.980157950711473,0.10825025362025145,0.12082012482155455,0.5571341934315633,0.0,-0.00013020833333333333,0.0,0.0,3.7499999996250004,1.9773821024545795,0.2817534318430298,annual_budget_mw,0.375
max-exp-cap,40017,1.0822153440462885,0.9795661163541797,0.10736866982129552,0.12343515824349736,0.6073250482978884,0.0,-0.01705729166666667,0.0,0.0,3.7499999996250004,2.004889236699169,0.3029219954803003,annual_budget_mw,0.375
max-exp-cap,40018,1.1082796476455474,1.003744419428768,0.11067171476455476,0.12476003657256642,0.5901353157803578,0.0,-0.003125,0.0,0.0,3.7499999996250004,2.1059412405071942,0.28022401785447243,annual_budget_mw,0.375
max-exp-cap,40019,1.0974278720684454,0.9931267793301572,0.10965815179017788,0.12497694581240168,0.5865646081968471,0.0,-0.0016927083333333332,0.0,0.0,3.7499999996250004,2.003849486708074,0.29271889534999757,annual_budget_mw,0.375
max-exp-cap,40020,1.0567528121786725,0.9545522094930038,0.10543439580120058,0.12729502834887257,0.6085936042414815,0.0,-0.0048177083333333336,0.0,0.0,3.7499999996250004,1.975508052141131,0.3080694121098947,annual_budget_mw,0.375
max-exp-cap,40021,1.1009031961383167,0.9954571898908118,0.10962156961383167,0.12679454758462216,0.6107095281647725,0.0,-0.009375,0.0,0.0,3.749999999625,2.0021828525113294,0.30502185522104647,annual_budget_mw,0.375
max-exp-cap,40022,1.0947062589559575,0.9917248665337046,0.10941203214559574,0.1172089636385904,0.544532467744938,0.0,-0.001171875,0.0,0.0,3.7499999996250004,2.1104466391874253,0.2580176431063884,annual_budget_mw,0.375
max-exp-cap,40023,1.1103363731726819,1.0057148222419208,0.11103363731726819,0.12798716813523736,0.5770854526706316,0.0,0.0,0.0,0.0,3.7499999996250004,2.0731502771155883,0.2783616118140462,annual_budget_mw,0.375
max-exp-cap,40024,1.0699905607699045,0.9692276996998621,0.10679723316032379,0.12051494828447595,0.5708228444217402,0.0,-0.004036458333333334,0.0,0.0,3.7499999996250004,2.1372836009204463,0.26707866198753816,annual_budget_mw,0.375
max-exp-cap,40025,1.0768664266695112,0.9770031325166176,0.10768664266695112,0.12233067527259506,0.5489055770897813,0.0,0.0,0.0,0.0,3.7499999996249995,2.0782409764169505,0.2641202744621739,annual_budget_mw,0.375
max-exp-cap,40026,1.0803982588283003,0.9763372423627797,0.10803982588283004,0.1237484810089234,0.5637863974079637,0.0,0.0,0.0,0.0,3.7499999996250004,2.0965610319057166,0.26891008123693744,annual_budget_mw,0.375
max-exp-cap,40027,1.1127660139212736,1.0068128019359124,0.11121149722546068,0.1340580286363646,0.6309738258744915,0.0,-0.0013020833333333333,0.0,0.0,3.7499999996250004,2.00148693956199,0.31525253220616833,annual_budget_mw,0.375
max-exp-cap,40028,1.0798237043578849,0.9730729780083756,0.1065891412691218,0.12468077277958386,0.6120175287476822,0.0,-0.02786458333333333,0.0,0.0,3.7499999996250004,1.9685175246075777,0.3109027585973294,annual_budget_mw,0.375
max-exp-cap,40029,1.1089565996499222,1.0039351059256292,0.11089565996499222,0.1284176901029437,0.5705130711404987,0.0,0.0,0.0,0.0,3.7499999996250004,2.0374359512780713,0.2800152175495967,annual_budget_mw,0.375
max-exp-cap,40030,1.0696313662998085,0.9661190541406841,0.10667016787998085,0.13286924594086913,0.6322161883515227,0.0,-0.005859375,0.0,0.0,3.7499999996250004,2.002130213072009,0.3157717636064584,annual_budget_mw,0.375
max-exp-cap,40031,1.0679721633390948,0.9659373753358729,0.10678419550057613,0.12326117652689887,0.5698089385487187,0.0,-0.00026041666666666666,0.0,0.0,3.7499999996250004,2.0299281037317636,0.28070400005852314,annual_budget_mw,0.375
max-exp-cap,40032,1.0949465850917777,0.991895816474399,0.10799726267584442,0.11916139806262831,0.5878080244157936,-0.00013020833333333333,-0.02981770833333333,0.0,0.0,3.7499999996250004,2.035338055287398,0.2888011762413555,annual_budget_mw,0.375
max-exp-cap,40033,1.0779388112733888,0.9752933348677417,0.10779388112733887,0.11702635819839775,0.5349196637077044,0.0,0.0,0.0,0.0,3.7499999996250004,2.074370308479874,0.2578708640019537,annual_budget_mw,0.375
max-exp-cap,40034,1.1158802512682753,1.0097204918649727,0.11090443137682753,0.12195509351758353,0.5910492395835582,0.0,-0.013671875,0.0,0.0,3.7499999996250004,2.094233535656319,0.28222699594881967,annual_budget_mw,0.375
max-exp-cap,40035,1.1066745975986412,1.001315485573774,0.10995131392653079,0.1323049492600338,0.6475313109472963,0.0,-0.014322916666666666,0.0,0.0,3.7499999996250004,2.1247690956812075,0.3047537317177026,annual_budget_mw,0.375
max-exp-cap,40036,1.0581189914318805,0.9584588053253876,0.10574028455985471,0.12080376611765163,0.5674159766885396,0.0,-0.0014322916666666666,0.0,0.0,3.7499999996250004,2.0521500255160996,0.27649829185653174,annual_budget_mw,0.375
max-exp-cap,40037,1.0850521626148018,0.9798267681067195,0.10850521626148017,0.13369340219996498,0.6008451465669914,0.0,0.0,0.0,0.0,3.7499999996250004,2.08772929702402,0.28779839772497023,annual_budget_mw,0.375
max-exp-cap,40038,1.1149687449563548,1.008815400727516,0.11143828074563547,0.13402864306311058,0.6283510978235317,0.0,-0.001171875,0.0,0.0,3.7499999996250004,2.092080042853699,0.30034754165831545,annual_budget_mw,0.375
max-exp-cap,40039,1.08338799817051,0.9791970876539332,0.10820859148371764,0.1259850906258227,0.5958860351956246,0.0,-0.0026041666666666665,0.0,0.0,3.7499999996250004,2.0543302283851412,0.2900634118907144,annual_budget_mw,0.375
max-exp-cap,40040,1.0999047539556226,0.9963881037561853,0.10999047539556225,0.11204461489626892,0.5177192127672079,0.0,0.0,0.0,0.0,3.7499999996250004,2.0480005978432008,0.2527925105649044,annual_budget_mw,0.375
max-exp-cap,40041,1.099750369633175,0.9960618904349594,0.10906357862998417,0.12286685957958242,0.6030298394269775,0.0,-0.018229166666666668,0.0,0.0,3.7499999996250004,2.0914392610216814,0.2883324659079,annual_budget_mw,0.375
max-exp-cap,40042,1.0721576093225265,0.9693052032087183,0.10718320884891933,0.12012997817674533,0.5586369032088596,0.0,-0.0006510416666666666,0.0,0.0,3.7499999996250004,2.0027130913804743,0.27894005667271593,annual_budget_mw,0.375
max-exp-cap,40043,1.102455802461208,0.9977709480125392,0.11024558024612079,0.12236848280198552,0.537219958978138,0.0,0.0,0.0,0.0,3.7499999996250004,2.02197877813252,0.2656902064394114,annual_budget_mw,0.375
max-exp-cap,40044,1.105941023884748,1.0004361443771241,0.11059410238847481,0.13115896844083688,0.6044375690364477,0.0,0.0,0.0,0.0,3.7499999996250004,2.142261639063011,0.2821492753335295,annual_budget_mw,0.375
max-exp-cap,40045,1.076873269315076,0.9763234741799199,0.10767430609817426,0.10438356995189917,0.4814249395420511,0.0,-0.00026041666666666666,0.0,0.0,3.7499999996250004,2.017129175005522,0.23866837360117665,annual_budget_mw,0.375
max-exp-cap,40046,1.1140999311474147,1.0092234635079542,0.11135790978140814,0.12403587720449859,0.5799354563179845,0.0,-0.0010416666666666667,0.0,0.0,3.7499999996250004,2.0780498284240525,0.27907678073234404,annual_budget_mw,0.375
max-exp-cap,40047,1.0887928156809095,0.9859839036487641,0.10882719823475762,0.12349974706893907,0.5801164309419928,0.0,-0.0010416666666666667,0.0,0.0,3.749999999625,2.1106297823295757,0.2748546598739349,annual_budget_mw,0.375
max-exp-cap,40048,1.107286262969288,1.0015984675756544,0.11044216796359545,0.12341744569653175,0.589805679091066,0.0,-0.005729166666666666,0.0,0.0,3.7499999996250004,1.9894468323045473,0.2964671734443103,annual_budget_mw,0.375
max-exp-cap,40049,1.1048520569655091,1.001691742617663,0.11048520569655092,0.12418642537876746,0.555028757825311,0.0,0.0,0.0,0.0,3.7499999996250004,2.1115696314589902,0.26285126929099356,annual_budget_mw,0.375
accept-greedy,40000,1.1071895684341593,0.9950482629976578,0.09982702976008259,0.1228704576061983,0.563374081720719,0.0,-0.21783854166666672,0.0,0.0,2.49999999975,1.4163130611562764,0.3977751086054244,impedance_scale,1.0
accept-greedy,40001,1.0323870783975102,0.9286619924576534,0.09481422867308435,0.11458528009858966,0.5410110409798099,0.0,-0.1684895833333333,0.0,0.0,2.49999999975,1.3516843042712274,0.40024955477418284,impedance_scale,1.0
accept-greedy,40002,1.0757957448565785,0.9645835929892764,0.09825665781899119,0.13387080653219205,0.6376921732227911,0.0,-0.18645833333333328,0.0,0.0,2.49999999975,1.4217247196512095,0.44853420947708894,impedance_scale,1.0
accept-greedy,40003,1.0865150001039379,0.9774311057383195,0.10014238542706047,0.11836498841163617,0.5806734581868004,0.0,-0.1701822916666666,0.0,0.0,2.49999999975,1.4653876602933051,0.3962592793162838,impedance_scale,1.0
accept-greedy,40004,1.0820977719250018,0.9725320703151965,0.09865248552583351,0.12481642984949813,0.5800625504276391,0.0,-0.19114583333333335,0.0,0.0,2.49999999975,1.435988062235448,0.40394663833391303,impedance_scale,1.0
accept-greedy,40005,1.0645209215535094,0.9538023074369629,0.09524766507201762,0.13183395125589298,0.5873701724897842,0.0,-0.22408854166666659,0.0,0.0,2.49999999975,1.4682243011124323,0.4000547954728377,impedance_scale,1.0
accept-greedy,40006,1.064818067360533,0.9537125898717851,0.0977318067360533,0.1290118702273262,0.6084840677413113,0.0,-0.1750000000000001,0.0,0.0,2.49999999975,1.3514859762304288,0.45023335679627097,impedance_scale,1.0
accept-greedy,40007,1.0496379099370579,0.9426537454496953,0.09694946807703911,0.11811285276639281,0.5812831309412022,0.0,-0.16028645833333338,0.0,0.0,2.49999999975,1.4467830035019889,0.4017763061455561,impedance_scale,1.0
accept-greedy,40008,1.0412888521358878,0.9345810231279285,0.09503383313025546,0.11523007454454515,0.5285861085332317,0.0,-0.18190104166666676,0.0,0.0,2.49999999975,1.3982956189290023,0.37802171542101526,impedance_scale,1.0
accept-greedy,40009,1.0185851427724266,0.9126577844966143,0.09262023302724265,0.11682870498061497,0.5525763666450056,0.0,-0.18476562499999993,0.0,0.0,2.49999999975,1.3982029168557513,0.39520470168065985,impedance_scale,1.0
accept-greedy,40010,1.0667341420889538,0.9590952416062208,0.09603539337556204,0.1072758955215788,0.4802476672081975,0.0,-0.21276041666666656,0.0,0.0,2.49999999975,1.4119076278220068,0.3401409962980526,impedance_scale,1.0
accept-greedy,40011,1.0371878636295713,0.9270125735436056,0.09412243219629046,0.12622558259929922,0.5702505204497843,0.0,-0.19192708333333325,0.0,0.0,2.49999999975,1.367058816223544,0.41713678569081836,impedance_scale,1.0
accept-greedy,40012,1.071724035478716,0.9617210218150548,0.09783646604787162,0.12607656743632442,0.5757516260599314,0.0,-0.1867187500000001,0.0,0.0,2.4999999997500004,1.4095595273206023,0.4084620868437985,impedance_scale,1.0
accept-greedy,40013,1.0303439825304823,0.9248164626375858,0.09405653366971489,0.11813379507936744,0.5480944987948138,0.0,-0.17955729166666673,0.0,0.0,2.49999999975,1.3996494952920104,0.3915941102672024,impedance_scale,1.0
accept-greedy,40014,0.9931755348122413,0.8910443653532828,0.09189567848122412,0.1088346732353455,0.5351395411065214,0.0,-0.1484375,0.0,0.0,2.49999999975,1.3909908116102252,0.3847182430249402,impedance_scale,1.0
accept-greedy,40015,1.0759213806500252,0.9656025410096659,0.09888120056500252,0.12718666579389648,0.6112403677978655,0.0,-0.17421874999999998,0.0,0.0,2.49999999975,1.450265611331264,0.42146787665797336,impedance_scale,1.0
accept-greedy,40016,1.0043741916229931,0.899031873340382,0.09162231499563264,0.12082012482155455,0.5571341934315633,0.0,-0.17630208333333353,0.0,0.0,2.4999999997500004,1.3848396256865283,0.40230954046781153,impedance_scale,1.0
accept-greedy,40017,1.0167768585118009,0.9123947104385848,0.09363732126784674,0.12343515824349736,0.6073250482978884,0.0,-0.16080729166666674,0.0,0.0,2.49999999975,1.3635711012236476,0.4453930181952993,impedance_scale,1.0
accept-greedy,40018,1.0847360799081145,0.9749244421653177,0.09858428507414477,0.12476003657256642,0.5901353157803578,0.0,-0.19778645833333336,0.0,0.0,2.49999999975,1.450169555505341,0.40694228722427783,impedance_scale,1.0
accept-greedy,40019,1.033218932129144,0.925641253577763,0.09485835154624775,0.12497694581240168,0.5865646081968471,0.0,-0.16927083333333326,0.0,0.0,2.49999999975,1.3493283963907103,0.43470856299017807,impedance_scale,1.0
accept-greedy,40020,0.9768328951511597,0.873640420448252,0.08995542493178263,0.12729502834887257,0.6085936042414815,0.0,-0.1545572916666667,0.0,0.0,2.49999999975,1.348463635438357,0.4513237051762546,impedance_scale,1.0
accept-greedy,40021,1.1008126956615178,0.9894494558120371,0.10030913414948513,0.12679454758462216,0.6107095281647725,0.0,-0.19544270833333327,0.0,0.0,2.49999999975,1.4890075672483376,0.4101453488872149,impedance_scale,1.0
accept-greedy,40022,1.0828820854227441,0.972406476350692,0.09778690645894109,0.1172089636385904,0.544532467744938,0.0,-0.21002604166666677,0.0,0.0,2.49999999975,1.4515940871853066,0.37512722912836205,impedance_scale,1.0
accept-greedy,40023,1.0699454254922722,0.9594262651728641,0.09715730296589388,0.12798716813523736,0.5770854526706316,0.0,-0.19674479166666675,0.0,0.0,2.49999999975,1.3734462091584807,0.42017331936444424,impedance_scale,1.0
accept-greedy,40024,1.0597138376727588,0.9522183669983952,0.0964596650172759,0.12051494828447595,0.5708228444217402,0.0,-0.190234375,0.0,0.0,2.49999999975,1.4789747160622086,0.3859584874727029,impedance_scale,1.0
accept-greedy,40025,1.037043753877361,0.9317721330441229,0.09380854205440277,0.12233067527259506,0.5489055770897813,0.0,-0.19791666666666646,0.0,0.0,2.49999999975,1.3954074054151124,0.39336581915766045,impedance_scale,1.0
accept-greedy,40026,1.0575294639859738,0.9464819687553192,0.09547299848193075,0.1237484810089234,0.5637863974079637,0.0,-0.20559895833333336,0.0,0.0,2.49999999975,1.4230536527971798,0.39618070358751056,impedance_scale,1.0
accept-greedy,40027,1.0548155759306754,0.9457887656649121,0.09708963050973421,0.1340580286363646,0.6309738258744915,0.0,-0.16783854166666662,0.0,0.0,2.49999999975,1.3814816876954816,0.456737017576433,impedance_scale,1.0
accept-greedy,40028,0.9842567997244234,0.87853610172244,0.09112099247244233,0.12468077277958386,0.6120175287476822,0.0,-0.14609375000000008,0.0,0.0,2.49999999975,1.3644143442064496,0.44855694411775976,impedance_scale,1.0
accept-greedy,40029,1.11290502003726,0.9989466090403093,0.10022279367039266,0.1284176901029437,0.5705130711404987,0.0,-0.22135416666666674,0.0,0.0,2.49999999975,1.4330518993212158,0.39811054394521916,impedance_scale,1.0
accept-greedy,40030,1.0689282485442333,0.9592422746172974,0.09738761652108997,0.13275463484530123,0.6316708477840375,0.0,-0.19010416666666669,0.0,0.0,2.49999999975,1.485570605047746,0.42520419133073495,impedance_scale,1.0
accept-greedy,40031,1.056450705209987,0.9473593685539289,0.09579481010433202,0.12326117652689887,0.5698089385487187,0.0,-0.1970052083333333,0.0,0.0,2.49999999975,1.4148316644404284,0.4027397413204492,impedance_scale,1.0
accept-greedy,40032,1.0288290884664923,0.9251882752609357,0.09514202342998257,0.11916139806262831,0.5878080244157936,-0.00013020833333333333,-0.15468749999999998,0.0,0.0,2.49999999975,1.4427017203322037,0.40743558847385447,impedance_scale,1.0
accept-greedy,40033,1.0578288192552654,0.9489626730324058,0.09560710067552655,0.1126870143467079,0.5150848129134683,0.0,-0.20351562500000003,0.0,0.0,2.49999999975,1.4090045695923354,0.36556646020140077,impedance_scale,1.0
accept-greedy,40034,1.0792373456944555,0.9694227046858368,0.09905003665277887,0.12195509351758353,0.5910492395835582,0.0,-0.17747395833333335,0.0,0.0,2.4999999997499995,1.4337176922020736,0.41224938688993557,impedance_scale,1.0
accept-greedy,40035,1.0792537803441913,0.9703551810502038,0.09862850303441913,0.12786821690811653,0.6258169069720316,0.0,-0.18593749999999992,0.0,0.0,2.49999999975,1.4484201910879204,0.4320686157391767,impedance_scale,1.0
accept-greedy,40036,0.9999257413676499,0.8967051632691162,0.09136627205343165,0.12080376611765163,0.5674159766885396,0.0,-0.17252604166666669,0.0,0.0,2.4999999997500004,1.3485193680741245,0.42076961601144036,impedance_scale,1.0
accept-greedy,40037,1.04518900581339,0.9339989378916244,0.094440775581339,0.13153900958604794,0.591162871117559,0.0,-0.2015625000000001,0.0,0.0,2.49999999975,1.3712868165600476,0.4311008200316002,impedance_scale,1.0
accept-greedy,40038,1.0805622522265197,0.9676398272558073,0.09728799605598532,0.13402864306311058,0.6283510978235317,0.0,-0.21536458333333336,0.0,0.0,2.49999999975,1.4789796685163583,0.4248544528363013,impedance_scale,1.0
accept-greedy,40039,1.0449194277072638,0.9370648424869322,0.09611954693739304,0.1259850906258227,0.5958860351956246,0.0,-0.16744791666666659,0.0,0.0,2.49999999975,1.3427629038282751,0.44377606314318613,impedance_scale,1.0
accept-greedy,40040,1.091364212739208,0.9809121380952402,0.09871324419058747,0.11080846310763386,0.5120073851040452,0.0,-0.2084635416666667,0.0,0.0,2.49999999975,1.4471167931878646,0.35381206790928066,impedance_scale,1.0
accept-greedy,40041,1.056272362881388,0.9499355885936748,0.0965061425381388,0.12189833974924527,0.5982763496758071,0.0,-0.18242187499999996,0.0,0.0,2.49999999975,1.4449158198481762,0.4140561972244658,impedance_scale,1.0
accept-greedy,40042,0.9896684962696073,0.8850421487077328,0.09105018296029406,0.12012997817674533,0.5586369032088596,0.0,-0.15833333333333333,0.0,0.0,2.49999999975,1.3592306784038257,0.4109949194678854,impedance_scale,1.0
accept-greedy,40043,1.1297301785871707,1.0140791507293319,0.10088317410871708,0.12236848280198552,0.537219958978138,0.0,-0.24179687499999997,0.0,0.0,2.49999999975,1.484115793899211,0.36197981396498874,impedance_scale,1.0
accept-greedy,40044,1.1337811496199244,1.0172956888883087,0.1011971253786591,0.13115896844083688,0.6044375690364477,0.0,-0.24361979166666664,0.0,0.0,2.49999999975,1.504628350568587,0.4017188489157709,impedance_scale,1.0
accept-greedy,40045,1.067107205335734,0.9595028451993782,0.09669118928357343,0.10300550792022614,0.4750692129598974,0.0,-0.200390625,0.0,0.0,2.4999999997499995,1.4445411946313038,0.3288720423657778,impedance_scale,1.0
accept-greedy,40046,1.09253127479189,0.9815373007696385,0.09965677331252235,0.12403587720449859,0.5799354563179845,0.0,-0.19192708333333325,0.0,0.0,2.49999999975,1.418688598982003,0.408782770746254,impedance_scale,1.0
accept-greedy,40047,1.0428246122759546,0.9348494445262943,0.09479027372759545,0.12349974706893907,0.5801164309419928,0.0,-0.18984374999999992,0.0,0.0,2.49999999975,1.4393578566711183,0.4030383606503944,impedance_scale,1.0
accept-greedy,40048,1.0631899529667317,0.9542101710102391,0.09810935988000649,0.12341744569653175,0.589805679091066,0.0,-0.1641927083333335,0.0,0.0,2.49999999975,1.381130314877287,0.42704563989204014,impedance_scale,1.0
accept-greedy,40049,1.1050715796538784,0.9928750167328033,0.09937434546538781,0.12418642537876746,0.555028757825311,0.0,-0.22265625000000006,0.0,0.0,2.49999999975,1.445875722030783,0.3838703073634529,impedance_scale,1.0
max-exp-cap,40000,1.102972220384508,0.9908614913330626,0.09906024287178414,0.1228704576061983,0.563374081720719,0.0,-0.22473958333333333,0.0,0.0,2.4999999997499995,1.5079171440055583,0.37361076764748447,impedance_scale,1.0
max-exp-cap,40001,1.0474296056973489,0.9421191718361472,0.09549165848640158,0.11458528009858966,0.5410110409798099,0.0,-0.18502604166666664,0.0,0.0,2.49999999975,1.446748750880092,0.373949547667278,impedance_scale,1.0
max-exp-cap,40002,1.1150772925603145,1.0015076944797348,0.10136450008936479,0.13387080653219205,0.6376921732227911,0.0,-0.2028645833333334,0.0,0.0,2.49999999975,1.476916857066954,0.43177256063635155,impedance_scale,1.0
max-exp-cap,40003,1.0738764191137706,0.9650937455119892,0.09883946482804373,0.11836498841163617,0.5806734581868004,0.0,-0.17096354166666672,0.0,0.0,2.4999999997500004,1.4914991741823787,0.38932201119395077,impedance_scale,1.0
max-exp-cap,40004,1.0832479284914984,0.9733549918729589,0.0985917199324832,0.12481642984949813,0.5800625504276391,0.0,-0.19466145833333331,0.0,0.0,2.4999999997500004,1.4763441065759881,0.3929047082207342,impedance_scale,1.0
max-exp-cap,40005,1.1084053988369829,0.9946066124242884,0.09845772738369832,0.13183395125589298,0.5873701724897842,0.0,-0.24765624999999986,0.0,0.0,2.49999999975,1.5498936378002088,0.3789745039043124,impedance_scale,1.0
max-exp-cap,40006,1.1157556939075919,1.0011434667126617,0.10150395480742587,0.1290118702273262,0.6084840677413113,0.0,-0.20143229166666665,0.0,0.0,2.49999999975,1.4635580464059692,0.4157567028076226,impedance_scale,1.0
max-exp-cap,40007,1.0802559619869825,0.971159784599197,0.09922351286536493,0.1184579549063679,0.5829815240264661,0.0,-0.17604166666666665,0.0,0.0,2.4999999997500004,1.508448571916237,0.3864775603757465,impedance_scale,1.0
max-exp-cap,40008,1.101011695926397,0.9899088799368645,0.099274346675973,0.11537315636710063,0.5292424568354036,0.0,-0.21653645833333346,0.0,0.0,2.49999999975,1.5335415085173105,0.3451112695000323,impedance_scale,1.0
max-exp-cap,40009,1.0953409884005172,0.9848781331736778,0.09873982800671836,0.11708128097644571,0.5537710004989121,0.0,-0.21588541666666672,0.0,0.0,2.49999999975,1.5149804196814571,0.36553013709269533,impedance_scale,1.0
max-exp-cap,40010,1.1007176404745835,0.9904509682516872,0.09838556613079169,0.1072758955215788,0.4802476672081975,0.0,-0.23372395833333331,0.0,0.0,2.49999999975,1.4712726411890713,0.3264165007649874,impedance_scale,1.0
max-exp-cap,40011,1.0716742810419921,0.959176908762228,0.09666612602086588,0.12622558259929922,0.5702505204497843,0.0,-0.21002604166666666,0.0,0.0,2.49999999975,1.444955828378089,0.3946491022427101,impedance_scale,1.0
max-exp-cap,40012,1.0896486049194463,0.9775072778273197,0.09857423549194463,0.12607656743632442,0.5757516260599314,0.0,-0.2078125,0.0,0.0,2.49999999975,1.4895593641345997,0.38652479378989374,impedance_scale,1.0
max-exp-cap,40013,1.0478102333193389,0.940804098774612,0.0951846691652672,0.11826184462358881,0.5486885984824921,0.0,-0.19192708333333341,0.0,0.0,2.49999999975,1.4687228225422402,0.3735821286774564,impedance_scale,1.0
max-exp-cap,40014,1.0401845536520262,0.9350577698713748,0.0952684553652026,0.109753410805443,0.5396569691195237,0.0,-0.175,0.0,0.0,2.49999999975,1.522875609366451,0.35436707095468717,impedance_scale,1.0
max-exp-cap,40015,1.0847273965849717,0.973713795354075,0.09942977090849717,0.12718666579389648,0.6112403677978655,0.0,-0.18085937500000004,0.0,0.0,2.4999999997499995,1.4907688534557015,0.4100168623599625,impedance_scale,1.0
max-exp-cap,40016,1.0754858557840234,0.9659309670069096,0.09743139807840233,0.12082012482155455,0.5571341934315633,0.0,-0.2023437500000001,0.0,0.0,2.49999999975,1.4535402964328608,0.38329463228424326,impedance_scale,1.0
max-exp-cap,40017,1.064617805557556,0.9573958729997751,0.09723652013908894,0.12343515824349736,0.6073250482978884,0.0,-0.18450520833333328,0.0,0.0,2.49999999975,1.4818612037762473,0.40983936062988463,impedance_scale,1.0
max-exp-cap,40018,1.0953484446027386,0.9843134874398355,0.09902052154360719,0.12476003657256642,0.5901353157803578,0.0,-0.21028645833333331,0.0,0.0,2.4999999997500004,1.5005164622060083,0.39328813154956055,impedance_scale,1.0
max-exp-cap,40019,1.0909308215986626,0.9798621042774023,0.09917120715986624,0.12497694581240168,0.5865646081968471,0.0,-0.19843749999999993,0.0,0.0,2.49999999975,1.4686535125063225,0.39938937482663867,impedance_scale,1.0
max-exp-cap,40020,1.037586425601106,0.9302411947070204,0.09448780922677727,0.12729502834887257,0.6085936042414815,0.0,-0.18541666666666673,0.0,0.0,2.49999999975,1.4571510487491972,0.4176599294657144,impedance_scale,1.0
max-exp-cap,40021,1.0677753430734862,0.9583945424511444,0.09763039889068195,0.12679454758462216,0.6107095281647725,0.0,-0.18294270833333331,0.0,0.0,2.4999999997500004,1.4889416256539292,0.41016351322474087,impedance_scale,1.0
max-exp-cap,40022,1.1127429526843933,1.0003775438267744,0.09993965985177264,0.1172089636385904,0.544532467744938,0.0,-0.22669270833333338,0.0,0.0,2.4999999997500004,1.5085103772457715,0.3609736306482305,impedance_scale,1.0
max-exp-cap,40023,1.1117799518413674,0.9983840179190117,0.10009726601747007,0.12798716813523736,0.5770854526706316,0.0,-0.22161458333333345,0.0,0.0,2.49999999975,1.4846969587722831,0.3886890515003356,impedance_scale,1.0
max-exp-cap,40024,1.0661971904487255,0.9581664956025489,0.09671086487820588,0.12051494828447595,0.5708228444217402,0.0,-0.19817708333333334,0.0,0.0,2.49999999975,1.528846618907915,0.37336828780737347,impedance_scale,1.0
max-exp-cap,40025,1.0901814580668485,0.9804077525797257,0.09711059372335151,0.12233067527259506,0.5489055770897813,0.0,-0.23815104166666662,0.0,0.0,2.49999999975,1.5366495305416206,0.35720934811746524,impedance_scale,1.0
max-exp-cap,40026,1.0924526709148745,0.9790416655106877,0.09794969417482079,0.1237484810089234,0.5637863974079637,0.0,-0.22591145833333326,0.0,0.0,2.49999999975,1.4928772529189236,0.37765087270613146,impedance_scale,1.0
max-exp-cap,40027,1.1057565884727052,0.9930352990896952,0.10069284634727052,0.1340580286363646,0.6309738258744915,0.0,-0.19765624999999992,0.0,0.0,2.49999999975,1.495941952478133,0.4217903140086679,impedance_scale,1.0
max-exp-cap,40028,1.053671739170333,0.9439571363164794,0.09673436141703332,0.12468077277958386,0.6120175287476822,0.0,-0.17265625,0.0,0.0,2.49999999975,1.4793766470781216,0.4136996010829711,impedance_scale,1.0
max-exp-cap,40029,1.1121408163636513,0.9979313021852437,0.09974923788636512,0.1284176901029437,0.5705130711404987,0.0,-0.22929687499999996,0.0,0.0,2.49999999975,1.4818620954115853,0.3849974116397379,impedance_scale,1.0
max-exp-cap,40030,1.0376820396204351,0.930197054079993,0.09510934979537686,0.13264989374995706,0.631172470483908,0.0,-0.17317708333333337,0.0,0.0,2.49999999975,1.4365563151057845,0.4393649339374698,impedance_scale,1.0
max-exp-cap,40031,1.0864317994749675,0.9752235128125658,0.09766010703083008,0.12326117652689887,0.5698089385487187,0.0,-0.21966145833333328,0.0,0.0,2.49999999975,1.5246227255073765,0.3737376657291351,impedance_scale,1.0
max-exp-cap,40032,1.040887414099803,0.9363686209284339,0.09597025182664695,0.11916139806262831,0.5878080244157936,-0.00013020833333333333,-0.16223958333333327,0.0,0.0,2.49999999975,1.5028944703204765,0.39111729800326545,impedance_scale,1.0
max-exp-cap,40033,1.0875663776342708,0.9761237461658839,0.09750663776342706,0.113830337335619,0.5203108658997603,0.0,-0.2250000000000001,0.0,0.0,2.49999999975,1.5150936255654546,0.34341829252008954,impedance_scale,1.0
max-exp-cap,40034,1.1141228871793407,1.0012925919117437,0.10106723663460074,0.12195509351758353,0.5910492395835582,0.0,-0.20690104166666673,0.0,0.0,2.4999999997500004,1.5596543537919958,0.378961683495152,impedance_scale,1.0
max-exp-cap,40035,1.0815478272558767,0.971948780431542,0.09856493897558767,0.12882046465687005,0.630477429775945,0.0,-0.19179687499999998,0.0,0.0,2.49999999975,1.5375264145151166,0.41005957609825916,impedance_scale,1.0
max-exp-cap,40036,1.0512616860822173,0.9446722952802282,0.09495689777488839,0.12080376611765163,0.5674159766885396,0.0,-0.2033854166666666,0.0,0.0,2.49999999975,1.4784840553318226,0.38378227661115494,impedance_scale,1.0
max-exp-cap,40037,1.091265066469086,0.9770125012335468,0.09789603789690861,0.1323272345543036,0.5947053132933589,0.0,-0.22460937500000006,0.0,0.0,2.49999999975,1.4882879123026838,0.3995902327616361,impedance_scale,1.0
max-exp-cap,40038,1.1230060465503957,1.0078209246388274,0.10071206298837292,0.13402864306311058,0.6283510978235317,0.0,-0.23177083333333331,0.0,0.0,2.49999999975,1.5340302277249065,0.40960802888182213,impedance_scale,1.0
max-exp-cap,40039,1.0943382408073812,0.9821091727997462,0.09908226158073812,0.1259850906258227,0.5958860351956246,0.0,-0.20703124999999994,0.0,0.0,2.49999999975,1.4987800116683898,0.39758071935607475,impedance_scale,1.0
max-exp-cap,40040,1.094204880582804,0.9829950544753351,0.0985415818082804,0.11085134328247359,0.5122055194845497,0.0,-0.21757812499999996,0.0,0.0,2.4999999997500004,1.4676531095751049,0.3489963099201531,impedance_scale,1.0
max-exp-cap,40041,1.060753385236994,0.9540961256185461,0.09692820310703273,0.12208139937093568,0.5991748052451221,0.0,-0.18294270833333337,0.0,0.0,2.49999999975,1.47742027226723,0.4055547473473044,impedance_scale,1.0
max-exp-cap,40042,1.0624633585056693,0.9528179167965065,0.09637654418390026,0.12012997817674533,0.5586369032088596,0.0,-0.19739583333333333,0.0,0.0,2.4999999997499995,1.5012346562436307,0.3721183100093582,impedance_scale,1.0
max-exp-cap,40043,1.11859583671966,1.0035231321660858,0.10000411492196601,0.12236848280198552,0.537219958978138,0.0,-0.23710937499999996,0.0,0.0,2.49999999975,1.4885262286863985,0.36090728441663156,impedance_scale,1.0
max-exp-cap,40044,1.120532122175518,1.0051881340733235,0.10033446221755182,0.13115896844083688,0.6044375690364477,0.0,-0.234375,0.0,0.0,2.49999999975,1.5090046722249393,0.40055380885285125,impedance_scale,1.0
max-exp-cap,40045,1.063650018341765,0.9561756010264131,0.09633244975084318,0.10303979453833773,0.47522734544242395,0.0,-0.20065104166666664,0.0,0.0,2.49999999975,1.4587873642283486,0.3257687563627917,impedance_scale,1.0
max-exp-cap,40046,1.1187156383455974,1.0055660523680068,0.10125958466789306,0.12403587720449859,0.5799354563179845,0.0,-0.21223958333333337,0.0,0.0,2.49999999975,1.516952974073241,0.3823028572604811,impedance_scale,1.0
max-exp-cap,40047,1.0946977931961102,0.9837955401197931,0.09890337306961101,0.12349974706893907,0.5801164309419928,0.0,-0.21132812500000003,0.0,0.0,2.49999999975,1.5265058153341928,0.38002896884804194,impedance_scale,1.0
max-exp-cap,40048,1.0731357292920332,0.9630707644393949,0.09858961459586998,0.12341744569653175,0.589805679091066,0.0,-0.17447916666666669,0.0,0.0,2.49999999975,1.4217227311030043,0.4148528163670011,impedance_scale,1.0
max-exp-cap,40049,1.1227589509855298,1.0092726221831945,0.10049204093188632,0.12418642537876746,0.555028757825311,0.0,-0.23567708333333337,0.0,0.0,2.49999999975,1.5221982656702187,0.36462317054403803,impedance_scale,1.0
accept-greedy,40000,1.0105042645497424,0.9101273412361031,0.10105042645497424,0.1228704576061983,0.563374081720719,0.0,0.0,0.0,0.0,2.49999999975,1.57267407902133,0.35822685020109496,potential_scale,1.5
accept-greedy,40001,0.9664507524082139,0.8704187295227584,0.0965278877408214,0.11458528009858966,0.5410110409798099,0.0,-0.00234375,0.0,0.0,2.49999999975,1.5268290135041862,0.3543363639246999,potential_scale,1.5
accept-greedy,40002,1.0045689218285938,0.9026513303767744,0.10026809009952604,0.13387080653219205,0.6376921732227911,0.0,-0.0037760416666666667,0.0,0.0,2.4999999997500004,1.5254547917937553,0.4180341342485412,potential_scale,1.5
accept-greedy,40003,1.036163051492751,0.9330027761502195,0.10243140931594175,0.11836498841163617,0.5806734581868004,0.0,-0.023697916666666666,0.0,0.0,2.49999999975,1.5467459619693442,0.37541617852195763,potential_scale,1.5
accept-greedy,40004,1.011739928281207,0.9115465670627954,0.10111539907812069,0.12481642984949813,0.5800625504276391,0.0,-0.0011718750000000002,0.0,0.0,2.49999999975,1.5699268743779744,0.36948380201305075,potential_scale,1.5
accept-greedy,40005,0.9731912643661946,0.8746981168056839,0.09731912643661947,0.13183395125589298,0.5873701724897842,0.0,0.0,0.0,0.0,2.49999999975,1.5231141023548043,0.3856376692866824,potential_scale,1.5
accept-greedy,40006,0.9882106442451987,0.8860727316664376,0.09874944984118653,0.1290118702273262,0.6084840677413113,0.0,-0.0014322916666666666,0.0,0.0,2.4999999997500004,1.4644143117151063,0.41551360354342703,potential_scale,1.5
accept-greedy,40007,0.9946596016610834,0.8931964323671284,0.09824200183277501,0.1189511105077562,0.5854085505972589,0.0,-0.024479166666666663,0.0,0.0,2.49999999975,1.5965694988928936,0.3666665002702343,potential_scale,1.5
accept-greedy,40008,0.9903431964535435,0.8912786777916081,0.09902780922868767,0.11541909492791784,0.5294531872822071,0.0,-0.00013020833333333333,0.0,0.0,2.4999999997500004,1.5769642257652128,0.3357420407081797,potential_scale,1.5
accept-greedy,40009,0.9515600793616705,0.8544232141816286,0.09499324751950038,0.11703094146588341,0.5535329047000259,0.0,-0.0032552083333333335,0.0,0.0,2.49999999975,1.4917061480406293,0.3710736899670869,potential_scale,1.5
accept-greedy,40010,0.9718926620088537,0.8755047649033795,0.09718926620088537,0.1072758955215788,0.4802476672081975,0.0,0.0,0.0,0.0,2.49999999975,1.4997330111270766,0.3202221086320442,potential_scale,1.5
accept-greedy,40011,0.934161243838771,0.8357213735960759,0.0934161243838771,0.12622558259929922,0.5702505204497843,0.0,0.0,0.0,0.0,2.49999999975,1.4251691685860917,0.40012830267408117,potential_scale,1.5
accept-greedy,40012,0.9885480107744679,0.8885304042355618,0.09885480107744679,0.12607656743632442,0.5757516260599314,0.0,0.0,0.0,0.0,2.49999999975,1.5432587074186372,0.3730752486878716,potential_scale,1.5
accept-greedy,40013,0.9515406045050372,0.8552254473245202,0.09514103961717038,0.11827477362558576,0.5487485839833784,0.0,-0.00026041666666666666,0.0,0.0,2.49999999975,1.4756970698258,0.3718572024054747,potential_scale,1.5
accept-greedy,40014,0.9422855117755957,0.8452887106376968,0.09329105117755956,0.109753410805443,0.5396569691195237,0.0,-0.018749999999999996,0.0,0.0,2.4999999997500004,1.5353330578747733,0.3514917928403909,potential_scale,1.5
accept-greedy,40015,1.0104250094571297,0.9076054498673161,0.10047609469571295,0.12718666579389648,0.6112403677978655,0.0,-0.011328125,0.0,0.0,2.49999999975,1.505203557257881,0.40608485467002114,potential_scale,1.5
accept-greedy,40016,0.9266686538725014,0.8306160925831514,0.09266035497058348,0.12082012482155455,0.5571341934315633,0.0,-0.00013020833333333333,0.0,0.0,2.49999999975,1.4934952657558105,0.3730404817517888,potential_scale,1.5
accept-greedy,40017,0.9479951385924752,0.8504494096794332,0.09395315969258085,0.12343515824349736,0.6073250482978884,0.0,-0.016927083333333332,0.0,0.0,2.49999999975,1.5127467509694514,0.40147172546143695,potential_scale,1.5
accept-greedy,40018,1.0107302076770543,0.910294169832432,0.10091677076770542,0.12476003657256642,0.5901353157803578,0.0,-0.003125,0.0,0.0,2.49999999975,1.5714251585077978,0.37554147111959285,potential_scale,1.5
accept-greedy,40019,0.9635461507690235,0.863921174070845,0.09626997966023569,0.12497694581240168,0.5865646081968471,0.0,-0.0016927083333333332,0.0,0.0,2.49999999975,1.5406880169955455,0.38071601889958945,potential_scale,1.5
accept-greedy,40020,0.9283431018761263,0.8313367885665395,0.09259342477094597,0.12729502834887257,0.6085936042414815,0.0,-0.0048177083333333336,0.0,0.0,2.49999999975,1.428938607812749,0.42590605426572165,potential_scale,1.5
accept-greedy,40021,1.0246581576059715,0.92248021040671,0.10199706576059717,0.12679454758462216,0.6107095281647725,0.0,-0.009375,0.0,0.0,2.49999999975,1.5799671343291248,0.3865330581221792,potential_scale,1.5
accept-greedy,40022,1.009165518363661,0.9094444036479814,0.1008579580863661,0.1172089636385904,0.544532467744938,0.0,-0.001171875,0.0,0.0,2.49999999975,1.559802757244538,0.349103414015551,potential_scale,1.5
accept-greedy,40023,0.9861177475266757,0.8859587512473946,0.09861177475266757,0.12798716813523736,0.5770854526706316,0.0,0.0,0.0,0.0,2.49999999975,1.528285203477937,0.37760324536110884,potential_scale,1.5
accept-greedy,40024,0.9659967165971199,0.8689477651026496,0.09639784874304533,0.12051494828447595,0.5708228444217402,0.0,-0.004036458333333334,0.0,0.0,2.49999999975,1.5741944816158162,0.36261265751346355,potential_scale,1.5
accept-greedy,40025,0.9587799352351973,0.8633278198513528,0.09587799352351974,0.12233067527259506,0.5489055770897813,0.0,0.0,0.0,0.0,2.49999999975,1.5737292380206385,0.3487928951362488,potential_scale,1.5
accept-greedy,40026,0.959825870169969,0.8604973120294072,0.0959825870169969,0.1237484810089234,0.5637863974079637,0.0,0.0,0.0,0.0,2.49999999975,1.401639759706737,0.40223345085895956,potential_scale,1.5
accept-greedy,40027,0.9990000331649902,0.8968960979097834,0.09983489914983236,0.1340580286363646,0.6309738258744915,0.0,-0.0013020833333333333,0.0,0.0,2.4999999997500004,1.6172205189761504,0.3901594238205412,potential_scale,1.5
accept-greedy,40028,0.9390313142508494,0.8380725123596077,0.09250990225841829,0.12468077277958386,0.6120175287476822,0.0,-0.02786458333333333,0.0,0.0,2.49999999975,1.4785618850343236,0.4139275703928177,potential_scale,1.5
accept-greedy,40029,1.013907183965186,0.9123238485182723,0.10139071839651861,0.1284176901029437,0.5705130711404987,0.0,0.0,0.0,0.0,2.49999999975,1.5435673243232726,0.36960685948092464,potential_scale,1.5
accept-greedy,40030,0.9807604915149831,0.8811492182074423,0.09778308040149832,0.1327290786324201,0.6315492466461519,0.0,-0.005859375,0.0,0.0,2.49999999975,1.4736114058064387,0.428572447361409,potential_scale,1.5
accept-greedy,40031,0.962491010575703,0.8643418939837025,0.09623608022423695,0.12326117652689887,0.5698089385487187,0.0,-0.00026041666666666666,0.0,0.0,2.49999999975,1.5752976675214194,0.36171509061221346,potential_scale,1.5
accept-greedy,40032,1.0146759469458915,0.9143319651422157,0.09997019886125583,0.11916139806262831,0.5878080244157936,-0.00013020833333333333,-0.02981770833333333,0.0,0.0,2.49999999975,1.6191782628769955,0.36302860401013654,potential_scale,1.5
accept-greedy,40033,0.9730011320911911,0.8746303749290012,0.0973001132091191,0.11409575197205851,0.5215240584681101,0.0,0.0,0.0,0.0,2.49999999975,1.5397214765702971,0.33871324548242054,potential_scale,1.5
accept-greedy,40034,1.0197238597223288,0.9170342018065032,0.10128879222223289,0.12195509351758353,0.5910492395835582,0.0,-0.013671875,0.0,0.0,2.4999999997500004,1.612268858667992,0.36659471303803837,potential_scale,1.5
accept-greedy,40035,1.0082803974717833,0.9072114070668862,0.10011189391384498,0.12952112575392027,0.6339066287684254,0.0,-0.014322916666666666,0.0,0.0,2.49999999975,1.603090512033064,0.39542784640681033,potential_scale,1.5
accept-greedy,40036,0.9371444680712343,0.8419714191006851,0.09364283222379009,0.12080376611765163,0.5674159766885396,0.0,-0.0014322916666666666,0.0,0.0,2.49999999975,1.4723832586438874,0.3853724723895245,potential_scale,1.5
accept-greedy,40037,0.9503715265436296,0.8506970362240941,0.09503715265436295,0.1319455312863125,0.5929898617286049,0.0,0.0,0.0,0.0,2.4999999997500004,1.4316293409530247,0.4142062786544009,potential_scale,1.5
accept-greedy,40038,0.9737385070900125,0.8731124578826963,0.09731525695900126,0.13402864306311058,0.6283510978235317,0.0,-0.001171875,0.0,0.0,2.49999999975,1.5381717488305449,0.4085051609491984,potential_scale,1.5
accept-greedy,40039,0.9766100566471636,0.8767130283898468,0.097530797331383,0.1259850906258227,0.5958860351956246,0.0,-0.0026041666666666665,0.0,0.0,2.49999999975,1.5037041546614653,0.3962787715578126,potential_scale,1.5
accept-greedy,40040,1.0070072525001696,0.9075142083210538,0.10070072525001697,0.11106117930521872,0.5131750987954911,0.0,0.0,0.0,0.0,2.49999999975,1.5681484776245636,0.32724904951146616,potential_scale,1.5
accept-greedy,40041,1.0112115440416558,0.9114220294154343,0.10020969607083223,0.12260212730601387,0.6017305349524641,0.0,-0.018229166666666668,0.0,0.0,2.49999999975,1.5698818224044033,0.3832967083030901,potential_scale,1.5
accept-greedy,40042,0.9258978646475423,0.8291215357410137,0.0925572343814209,0.12012997817674533,0.5586369032088596,0.0,-0.0006510416666666666,0.0,0.0,2.4999999997500004,1.4768147313537923,0.3782714861577516,potential_scale,1.5
accept-greedy,40043,1.0400648045919638,0.9378167879756121,0.10400648045919639,0.12236848280198552,0.537219958978138,0.0,0.0,0.0,0.0,2.4999999997500004,1.6013581016806087,0.3354777163298648,potential_scale,1.5
accept-greedy,40044,1.039719717272068,0.93643160794014,0.1039719717272068,0.13115896844083688,0.6044375690364477,0.0,0.0,0.0,0.0,2.49999999975,1.5427621375050795,0.3917892164594671,potential_scale,1.5
accept-greedy,40045,0.9681180709747856,0.8721047725103307,0.09679878626414523,0.10310243300969875,0.4755162388219269,0.0,-0.00026041666666666666,0.0,0.0,2.49999999975,1.484813794814157,0.32025311219676783,potential_scale,1.5
accept-greedy,40046,1.0055334373493598,0.9050104254128595,0.10050126040160264,0.12403587720449859,0.5799354563179845,0.0,-0.0010416666666666667,0.0,0.0,2.49999999975,1.4287074761421326,0.405916162687099,potential_scale,1.5
accept-greedy,40047,0.9528563537041644,0.8552111981324013,0.09523355203708311,0.12349974706893907,0.5801164309419928,0.0,-0.0010416666666666667,0.0,0.0,2.49999999975,1.496355400414413,0.3876862614198008,potential_scale,1.5
accept-greedy,40048,1.0004767593428756,0.898973585182526,0.09976121760095423,0.12341744569653175,0.589805679091066,0.0,-0.005729166666666666,0.0,0.0,2.49999999975,1.5459990193176065,0.3815045622418326,potential_scale,1.5
accept-greedy,40049,1.0126230364978213,0.9124333161588795,0.10126230364978213,0.12418642537876746,0.555028757825311,0.0,0.0,0.0,0.0,2.49999999975,1.6086659016721485,0.3450242572111333,potential_scale,1.5
max-exp-cap,40000,0.9979375653301903,0.8982003080878431,0.09979375653301903,0.1228704576061983,0.563374081720719,0.0,0.0,0.0,0.0,2.4999999997500004,1.5498356625491854,0.36350568988332327,potential_scale,1.5
max-exp-cap,40001,0.968663867416223,0.8725192172009856,0.09674919924162231,0.11458528009858966,0.5410110409798099,0.0,-0.00234375,0.0,0.0,2.49999999975,1.59235864173615,0.3397545168530282,potential_scale,1.5
max-exp-cap,40002,1.0173231358715353,0.914695391106863,0.1015435115038202,0.13387080653219205,0.6376921732227911,0.0,-0.0037760416666666667,0.0,0.0,2.49999999975,1.5849328019569735,0.4023465048079071,potential_scale,1.5
max-exp-cap,40003,1.0038692883717764,0.9019503953012628,0.0992020330038443,0.11836498841163617,0.5806734581868004,0.0,-0.023697916666666666,0.0,0.0,2.49999999975,1.609658188781458,0.36074333186624,potential_scale,1.5
max-exp-cap,40004,0.9974050290097423,0.8976204014647078,0.09968190915097422,0.12481642984949813,0.5800625504276391,0.0,-0.0011718750000000002,0.0,0.0,2.49999999975,1.6126844785424095,0.3596875632807704,potential_scale,1.5
max-exp-cap,40005,0.9832026553182973,0.8840379230758685,0.09832026553182974,0.13183395125589298,0.5873701724897842,0.0,0.0,0.0,0.0,2.49999999975,1.617780470648421,0.3630716176554913,potential_scale,1.5
max-exp-cap,40006,1.0244782955091778,0.9205648490832179,0.10237621496758446,0.1290118702273262,0.6084840677413113,0.0,-0.0014322916666666666,0.0,0.0,2.49999999975,1.5503498077189006,0.39248179005265993,potential_scale,1.5
max-exp-cap,40007,1.007916164942035,0.9057404636989093,0.09956765816087015,0.1191642351812466,0.5864574269437844,0.0,-0.024479166666666663,0.0,0.0,2.49999999975,1.6346522941338155,0.35876585439507297,potential_scale,1.5
max-exp-cap,40008,1.0001271925629078,0.9006222556607107,0.10000620883962412,0.11551507727960747,0.5298934797836918,0.0,-0.00013020833333333333,0.0,0.0,2.49999999975,1.6676900657577778,0.31774098237067494,potential_scale,1.5
max-exp-cap,40009,0.9968961608397192,0.8976418103013593,0.09952685566730525,0.11731799260522312,0.5548905990752564,0.0,-0.0032552083333333335,0.0,0.0,2.49999999975,1.6244230957659886,0.34159240934308466,potential_scale,1.5
max-exp-cap,40010,0.988033578613006,0.8908059566004204,0.0988033578613006,0.1072758955215788,0.4802476672081975,0.0,0.0,0.0,0.0,2.49999999975,1.610139496431981,0.2982646337614917,potential_scale,1.5
max-exp-cap,40011,0.9629026097746218,0.86304543396141,0.09629026097746218,0.12622558259929922,0.5702505204497843,0.0,0.0,0.0,0.0,2.49999999975,1.5127522894373862,0.37696225907671144,potential_scale,1.5
max-exp-cap,40012,0.9971797047692678,0.8962544269970413,0.09971797047692678,0.12607656743632442,0.5757516260599314,0.0,0.0,0.0,0.0,2.4999999997499995,1.6198686171233758,0.3554310639602198,potential_scale,1.5
max-exp-cap,40013,0.9649278061014956,0.8677903969187613,0.09647975977681623,0.11845953005578014,0.5496057813919478,0.0,-0.00026041666666666666,0.0,0.0,2.49999999975,1.5753595984351871,0.34887639745101634,potential_scale,1.5
max-exp-cap,40014,0.9585383511482132,0.861211625174992,0.09491633511482131,0.109753410805443,0.5396569691195237,0.0,-0.018749999999999996,0.0,0.0,2.49999999975,1.5959732631935373,0.3381365976267496,potential_scale,1.5
max-exp-cap,40015,1.0192798264292842,0.915595702855725,0.10136157639292839,0.12718666579389648,0.6112403677978655,0.0,-0.011328125,0.0,0.0,2.49999999975,1.6337379658324163,0.3741361103072784,potential_scale,1.5
max-exp-cap,40016,0.9834677656824653,0.8847384176657618,0.09834026615157987,0.12082012482155455,0.5571341934315633,0.0,-0.00013020833333333333,0.0,0.0,2.4999999997499995,1.6054405468376034,0.3470288541852305,potential_scale,1.5
max-exp-cap,40017,0.9848505807585195,0.8857365052120771,0.09763870390918529,0.12343515824349736,0.6073250482978884,0.0,-0.016927083333333332,0.0,0.0,2.49999999975,1.596876578299042,0.38032059368345034,potential_scale,1.5
max-exp-cap,40018,0.9983219271766991,0.8981790068350608,0.09967594271766991,0.12476003657256642,0.5901353157803578,0.0,-0.003125,0.0,0.0,2.49999999975,1.604732151439434,0.36774692602189746,potential_scale,1.5
max-exp-cap,40019,0.9968212942935488,0.8960431600944132,0.09959749401268822,0.12497694581240168,0.5865646081968471,0.0,-0.0016927083333333332,0.0,0.0,2.49999999975,1.6071216638455015,0.3649783469369222,potential_scale,1.5
max-exp-cap,40020,0.9514471240468083,0.853608238797224,0.09490382698801417,0.12729502834887257,0.6085936042414815,0.0,-0.0048177083333333336,0.0,0.0,2.49999999975,1.5678726506086393,0.38816520206869404,potential_scale,1.5
max-exp-cap,40021,0.9811733692617188,0.8808544428883276,0.09764858692617188,0.12679454758462216,0.6107095281647725,0.0,-0.009375,0.0,0.0,2.4999999997500004,1.569186084462409,0.3891887228747615,potential_scale,1.5
max-exp-cap,40022,1.0033450091283205,0.9035313485483787,0.10027590716283204,0.1172089636385904,0.544532467744938,0.0,-0.001171875,0.0,0.0,2.49999999975,1.6112444697955324,0.33795769540424825,potential_scale,1.5
max-exp-cap,40023,1.0118196445906127,0.9104553920889729,0.10118196445906127,0.12798716813523736,0.5770854526706316,0.0,0.0,0.0,0.0,2.49999999975,1.6073552982212473,0.35902793446430514,potential_scale,1.5
max-exp-cap,40024,0.9729345859400589,0.875433681399326,0.09709163567733922,0.12051494828447595,0.5708228444217402,0.0,-0.004036458333333334,0.0,0.0,2.49999999975,1.5690685850566033,0.36379725517297773,potential_scale,1.5
max-exp-cap,40025,0.9741820272034059,0.878009152459407,0.09741820272034059,0.12233067527259506,0.5489055770897813,0.0,0.0,0.0,0.0,2.49999999975,1.6248430224021697,0.33782068145775623,potential_scale,1.5
max-exp-cap,40026,0.9856606261570228,0.884952201807983,0.09856606261570228,0.1237484810089234,0.5637863974079637,0.0,0.0,0.0,0.0,2.49999999975,1.530091383961465,0.368465833686547,potential_scale,1.5
max-exp-cap,40027,1.0107075073160048,0.9084219570574091,0.1010056465649338,0.1340580286363646,0.6309738258744915,0.0,-0.0013020833333333333,0.0,0.0,2.4999999997500004,1.6162775433836707,0.3903870523088196,potential_scale,1.5
max-exp-cap,40028,0.9897387106472776,0.8863992772114744,0.0975806418980611,0.12468077277958386,0.6120175287476822,0.0,-0.02786458333333333,0.0,0.0,2.49999999975,1.6060439719235204,0.3810714646963766,potential_scale,1.5
max-exp-cap,40029,1.0035340457832482,0.902434986385514,0.10035340457832483,0.1284176901029437,0.5705130711404987,0.0,0.0,0.0,0.0,2.4999999997499995,1.6265672373044755,0.3507466879057179,potential_scale,1.5
max-exp-cap,40030,0.9645276120377536,0.8652574049618675,0.09615979245377536,0.1328640751344312,0.6321915847081909,0.0,-0.005859375,0.0,0.0,2.49999999975,1.5367839138746577,0.41137311433346596,potential_scale,1.5
max-exp-cap,40031,0.9820731897665518,0.8830639039870793,0.09819429814332184,0.12326117652689887,0.5698089385487187,0.0,-0.00026041666666666666,0.0,0.0,2.4999999997500004,1.622774906718008,0.3511324560108787,potential_scale,1.5
max-exp-cap,40032,0.9882971819867681,0.8890004571044449,0.09733232236534348,0.11916139806262831,0.5878080244157936,-0.00013020833333333333,-0.02981770833333333,0.0,0.0,2.49999999975,1.6460682566845788,0.35709820782263585,potential_scale,1.5
max-exp-cap,40033,0.9787333980593873,0.8801777379399975,0.09787333980593874,0.11419943136784914,0.5219979700584864,0.0,0.0,0.0,0.0,2.4999999997500004,1.549341898209674,0.3369159322817486,potential_scale,1.5
max-exp-cap,40034,1.0222091856801299,0.9192499743614593,0.10153732481801299,0.12195509351758353,0.5910492395835582,0.0,-0.013671875,0.0,0.0,2.49999999975,1.6345199300361122,0.3616041803604682,potential_scale,1.5
max-exp-cap,40035,1.003238156037527,0.9020364424440024,0.09960766977041938,0.13011945158221191,0.6368349750633615,0.0,-0.014322916666666666,0.0,0.0,2.49999999975,1.6590786254287861,0.3838485803521051,potential_scale,1.5
max-exp-cap,40036,0.9534889937793252,0.8578984543312561,0.09527728479459918,0.12080376611765163,0.5674159766885396,0.0,-0.0014322916666666666,0.0,0.0,2.4999999997499995,1.5976839038398378,0.35514908507548004,potential_scale,1.5
max-exp-cap,40037,0.9838859591167401,0.8824830834665732,0.09838859591167401,0.13282587476998106,0.5969463031144182,0.0,0.0,0.0,0.0,2.49999999975,1.5623041563512778,0.38209352557095627,potential_scale,1.5
max-exp-cap,40038,1.015485879085161,0.9129823824173638,0.10148999415851612,0.13402864306311058,0.6283510978235317,0.0,-0.001171875,0.0,0.0,2.4999999997499995,1.661361541671709,0.3782145439524663,potential_scale,1.5
max-exp-cap,40039,0.9952867240105154,0.8942330220863353,0.0993984640677182,0.1259850906258227,0.5958860351956246,0.0,-0.0026041666666666665,0.0,0.0,2.49999999975,1.567222024569071,0.38021800731103916,potential_scale,1.5
max-exp-cap,40040,0.989728555464291,0.8906413807053484,0.0989728555464291,0.11103101202309193,0.5130357062725353,0.0,0.0,0.0,0.0,2.49999999975,1.5537006622270924,0.3302024120509442,potential_scale,1.5
max-exp-cap,40041,0.9868355684212279,0.887611861125829,0.09777209850878946,0.12276114903378896,0.6025110126768377,0.0,-0.018229166666666668,0.0,0.0,2.49999999975,1.5981180556945724,0.37701283114217427,potential_scale,1.5
max-exp-cap,40042,0.9703351070817525,0.8713554648486903,0.09700095862484191,0.12012997817674533,0.5586369032088596,0.0,-0.0006510416666666666,0.0,0.0,2.49999999975,1.608856843521877,0.3472259856171991,potential_scale,1.5
max-exp-cap,40043,1.0061537863783347,0.9047894681652063,0.10061537863783347,0.12236848280198552,0.537219958978138,0.0,0.0,0.0,0.0,2.49999999975,1.6227695652995382,0.3310512906242332,potential_scale,1.5
max-exp-cap,40044,1.0030512960560987,0.901198617756908,0.10030512960560986,0.13115896844083688,0.6044375690364477,0.0,0.0,0.0,0.0,2.49999999975,1.547647553167611,0.39055246641868135,potential_scale,1.5
max-exp-cap,40045,0.9680029956929715,0.8715890942264647,0.09678727873596382,0.10325419538771727,0.47621617841678837,0.0,-0.00026041666666666666,0.0,0.0,2.4999999997500004,1.5478714159728009,0.30765874574762253,potential_scale,1.5
max-exp-cap,40046,1.0137354950700044,0.9123759873248618,0.10132146617366711,0.12403587720449859,0.5799354563179845,0.0,-0.0010416666666666667,0.0,0.0,2.49999999975,1.6164268537918005,0.35877618276235435,potential_scale,1.5
max-exp-cap,40047,0.993779247741055,0.8943375737267945,0.09932584144077217,0.12349974706893907,0.5801164309419928,0.0,-0.0010416666666666667,0.0,0.0,2.49999999975,1.611841352295031,0.3599091375314265,potential_scale,1.5
max-exp-cap,40048,1.0005337089021484,0.8988994006512587,0.09976691255688151,0.12341744569653175,0.589805679091066,0.0,-0.005729166666666666,0.0,0.0,2.49999999975,1.5512115359186227,0.3802225972628452,potential_scale,1.5
max-exp-cap,40049,1.0115245579657661,0.9113761595859334,0.10115245579657661,0.12418642537876746,0.555028757825311,0.0,0.0,0.0,0.0,2.4999999997499995,1.6376565766128028,0.3389164527848005,potential_scale,1.5
accept-greedy,40000,1.0150800574434653,0.9144402649987113,0.10150800574434653,0.1228704576061983,0.563374081720719,0.0,0.0,0.0,0.0,2.4999999997500004,1.6683865430607419,0.3376759924514735,potential_scale,2.0
accept-greedy,40001,0.9544170335088147,0.8590355835846243,0.09532451585088147,0.11458528009858966,0.5410110409798099,0.0,-0.00234375,0.0,0.0,2.4999999997499995,1.6524647721663905,0.32739641418832877,potential_scale,2.0
accept-greedy,40002,1.0074478436196677,0.9053640822679861,0.10055598227863342,0.13387080653219205,0.6376921732227911,0.0,-0.0037760416666666667,0.0,0.0,2.4999999997500004,1.6003349185552926,0.39847419801254463,potential_scale,2.0
accept-greedy,40003,1.0259900918611395,0.9234693764371001,0.10141411335278061,0.11836498841163617,0.5806734581868004,0.0,-0.023697916666666666,0.0,0.0,2.49999999975,1.6236343305731298,0.3576380760450091,potential_scale,2.0
accept-greedy,40004,0.9903238582882113,0.8915380455105751,0.09897379207882114,0.12481642984949813,0.5800625504276391,0.0,-0.0011718750000000002,0.0,0.0,2.4999999997500004,1.510922700121071,0.38391279076100876,potential_scale,2.0
accept-greedy,40005,0.992944485868922,0.8934689960192727,0.09929444858689221,0.13183395125589298,0.5873701724897842,0.0,0.0,0.0,0.0,2.4999999997500004,1.5615251862207087,0.37615158415175526,potential_scale,2.0
accept-greedy,40006,0.9998244721940598,0.8968699312339818,0.09991083263607264,0.1290118702273262,0.6084840677413113,0.0,-0.0014322916666666666,0.0,0.0,2.49999999975,1.6209289402161144,0.3753921918749773,potential_scale,2.0
accept-greedy,40007,1.013041026841105,0.9104667589546521,0.10008665476744383,0.11903793125800056,0.5858358321026217,0.0,-0.02434895833333333,0.0,0.0,2.49999999975,1.612083314351601,0.3634029500133198,potential_scale,2.0
accept-greedy,40008,1.008078914618189,0.9079039311291651,0.10080138104515224,0.11558435196825671,0.5302112582650275,0.0,-0.00013020833333333333,0.0,0.0,2.49999999975,1.733170898507794,0.30591977901401574,potential_scale,2.0
accept-greedy,40009,0.966339309932529,0.8683115185234498,0.09647117057658623,0.117224127996005,0.5544466382804594,0.0,-0.0032552083333333335,0.0,0.0,2.49999999975,1.5810251686107897,0.35068805309888823,potential_scale,2.0
accept-greedy,40010,0.9799767546132849,0.8830931994965449,0.0979976754613285,0.1072758955215788,0.4802476672081975,0.0,0.0,0.0,0.0,2.4999999997499995,1.588968573919245,0.30223861886937786,potential_scale,2.0
accept-greedy,40011,0.9571973506794482,0.85725671440377,0.09571973506794482,0.12622558259929922,0.5702505204497843,0.0,0.0,0.0,0.0,2.4999999997500004,1.582624844515917,0.3603194543708865,potential_scale,2.0
accept-greedy,40012,1.0125005957275974,0.9110818079147593,0.10125005957275975,0.12607656743632442,0.5757516260599314,0.0,0.0,0.0,0.0,2.49999999975,1.6971545522969542,0.33924525334519506,potential_scale,2.0
accept-greedy,40013,0.9528198550807168,0.8564096109407424,0.09526896467473835,0.11842399052380463,0.5494408918956574,0.0,-0.00026041666666666666,0.0,0.0,2.4999999997500004,1.556188630374408,0.3530683113675402,potential_scale,2.0
accept-greedy,40014,0.9435134699753743,0.8465599543097232,0.0934203574142041,0.109753410805443,0.5396569691195237,0.0,-0.018619791666666663,0.0,0.0,2.4999999997500004,1.5913071741144633,0.3391280941216356,potential_scale,2.0
accept-greedy,40015,1.0293484087203386,0.9252070862870877,0.10236843462203389,0.12718666579389648,0.6112403677978655,0.0,-0.011328125,0.0,0.0,2.49999999975,1.6733314435374163,0.36528350086203226,potential_scale,2.0
accept-greedy,40016,0.9339105841288803,0.8373940199448248,0.09338454799622137,0.12082012482155455,0.5571341934315633,0.0,-0.00013020833333333333,0.0,0.0,2.49999999975,1.6081986188705568,0.3464336972399843,potential_scale,2.0
accept-greedy,40017,0.9415495915311121,0.844406709570016,0.09330860498644454,0.12343515824349736,0.6073250482978884,0.0,-0.016927083333333332,0.0,0.0,2.49999999975,1.6229040197993867,0.3742211744431825,potential_scale,2.0
accept-greedy,40018,1.0180915759324636,0.9173161525695774,0.10165290759324634,0.12476003657256642,0.5901353157803578,0.0,-0.003125,0.0,0.0,2.49999999975,1.615389138516205,0.3653208392390326,potential_scale,2.0
accept-greedy,40019,0.9657968075336543,0.866021557834856,0.09649504533669877,0.12497694581240168,0.5865646081968471,0.0,-0.0016927083333333332,0.0,0.0,2.49999999975,1.6663208686949753,0.35201179989795794,potential_scale,2.0
accept-greedy,40020,0.9440841050050719,0.8460222501057642,0.09416752508384052,0.12729502834887257,0.6085936042414815,0.0,-0.0048177083333333336,0.0,0.0,2.49999999975,1.6235972191538413,0.3748427239599843,potential_scale,2.0
accept-greedy,40021,1.017096618753581,0.9154371005907179,0.10124091187535811,0.12679454758462216,0.6107095281647725,0.0,-0.009375,0.0,0.0,2.49999999975,1.6668426430424914,0.3663870316216791,potential_scale,2.0
accept-greedy,40022,1.0149526248387584,0.9148184148275069,0.10143666873387583,0.1172089636385904,0.544532467744938,0.0,-0.001171875,0.0,0.0,2.49999999975,1.6705278503221226,0.3259643157939196,potential_scale,2.0
accept-greedy,40023,1.0002349398294126,0.899197938763007,0.10002349398294126,0.12798716813523736,0.5770854526706316,0.0,0.0,0.0,0.0,2.4999999997500004,1.605970684060346,0.35933747633026347,potential_scale,2.0
accept-greedy,40024,0.9583502613183748,0.8617831136890732,0.09563320321517081,0.12051494828447595,0.5708228444217402,0.0,-0.004036458333333334,0.0,0.0,2.49999999975,1.6249807536667098,0.3512797570886297,potential_scale,2.0
accept-greedy,40025,0.9703258159093138,0.8741302339278416,0.09703258159093138,0.12233067527259506,0.5489055770897813,0.0,0.0,0.0,0.0,2.49999999975,1.6017004382112552,0.3427017711893663,potential_scale,2.0
accept-greedy,40026,0.9806191436625565,0.8798723386164641,0.09806191436625565,0.1237484810089234,0.5637863974079637,0.0,0.0,0.0,0.0,2.49999999975,1.5970627163539621,0.35301456331976,potential_scale,2.0
accept-greedy,40027,1.001949590763572,0.8996531884123161,0.10012985490969054,0.1340580286363646,0.6309738258744915,0.0,-0.0013020833333333333,0.0,0.0,2.49999999975,1.5942163210777585,0.395789340211952,potential_scale,2.0
accept-greedy,40028,0.9491573867596005,0.8474031160764308,0.09352250950929339,0.12468077277958386,0.6120175287476822,0.0,-0.02786458333333333,0.0,0.0,2.49999999975,1.577526767156155,0.3879601547750475,potential_scale,2.0
accept-greedy,40029,1.0052496779137847,0.9041410602202478,0.10052496779137847,0.1284176901029437,0.5705130711404987,0.0,0.0,0.0,0.0,2.49999999975,1.653939464364953,0.34494193012049146,potential_scale,2.0
accept-greedy,40030,0.9620303501844949,0.8634367602199727,0.09591006626844947,0.13286924594086913,0.6322161883515227,0.0,-0.005859375,0.0,0.0,2.4999999997500004,1.581926440449783,0.39964954892072424,potential_scale,2.0
accept-greedy,40031,0.9819021435214901,0.882622913046835,0.09817719351881568,0.12326117652689887,0.5698089385487187,0.0,-0.00026041666666666666,0.0,0.0,2.49999999975,1.6836554705869426,0.33843559356599034,potential_scale,2.0
accept-greedy,40032,1.016633937029592,0.9161777101365687,0.10017250828629251,0.11916139806262831,0.5878080244157936,0.0,-0.02981770833333333,0.00013020833333333333,0.0,2.49999999975,1.7219361517170124,0.3413645876646857,potential_scale,2.0
accept-greedy,40033,0.982408857291851,0.8834015937748357,0.0982408857291851,0.11503391353448421,0.5258123322826764,0.0,0.0,0.0,0.0,2.49999999975,1.6267735829945875,0.32322404161171203,potential_scale,2.0
accept-greedy,40034,1.0269426275239881,0.9238924808251954,0.10201066900239882,0.12195509351758353,0.5910492395835582,0.0,-0.013671875,0.0,0.0,2.49999999975,1.6100579313474612,0.36709811993467073,potential_scale,2.0
accept-greedy,40035,0.9881146430117228,0.8885198624442427,0.09810182888450561,0.1292524145279985,0.6325914932926889,0.0,-0.014192708333333333,0.0,0.0,2.4999999997500004,1.577945960559206,0.4008955370490037,potential_scale,2.0
accept-greedy,40036,0.9402691417109167,0.8448484552104747,0.09395529958775833,0.12080376611765163,0.5674159766885396,0.0,-0.0014322916666666666,0.0,0.0,2.49999999975,1.6255831833841288,0.3490537934252596,potential_scale,2.0
accept-greedy,40037,0.9626105719109554,0.8620638711061962,0.09626105719109554,0.1324890080839374,0.5954323562029117,0.0,0.0,0.0,0.0,2.49999999975,1.5123009555220592,0.39372609931160385,potential_scale,2.0
accept-greedy,40038,0.9730867711392666,0.8724389677993011,0.09725008336392665,0.13402864306311058,0.6283510978235317,0.0,-0.001171875,0.0,0.0,2.4999999997500004,1.606062536499636,0.3912370057476116,potential_scale,2.0
accept-greedy,40039,0.9914320979917148,0.8905441440139685,0.09901300146583814,0.1259850906258227,0.5958860351956246,0.0,-0.0026041666666666665,0.0,0.0,2.49999999975,1.6551200980811691,0.3600258590820408,potential_scale,2.0
accept-greedy,40040,1.0101496496906355,0.9104729746372444,0.10101496496906355,0.1111913021908262,0.5137763514122462,0.0,0.0,0.0,0.0,2.49999999975,1.630467364104262,0.31510986525909523,potential_scale,2.0
accept-greedy,40041,1.0007474870214284,0.9016640739050584,0.09917631120214285,0.1223648385878999,0.6005659232901189,0.0,-0.01796875,0.0,0.0,2.4999999997500004,1.5277483372792038,0.3931052704398149,potential_scale,2.0
accept-greedy,40042,0.9430422409941824,0.8450915223084781,0.09427167201608491,0.12012997817674533,0.5586369032088596,0.0,-0.0006510416666666666,0.0,0.0,2.4999999997500004,1.5971645495621862,0.34976790798543134,potential_scale,2.0
accept-greedy,40043,1.0299725836982787,0.9282480859258984,0.10299725836982787,0.12236848280198552,0.537219958978138,0.0,0.0,0.0,0.0,2.49999999975,1.6126413599779457,0.3331304605665608,potential_scale,2.0
accept-greedy,40044,1.03455451851236,0.931629500680544,0.10345545185123599,0.13115896844083688,0.6044375690364477,0.0,0.0,0.0,0.0,2.49999999975,1.647842197723378,0.36680549258389256,potential_scale,2.0
accept-greedy,40045,0.9773060988930665,0.880756149764567,0.09771758905597332,0.10341330821215987,0.47695001882790805,0.0,-0.00026041666666666666,0.0,0.0,2.4999999997500004,1.6139831647223053,0.2955111485998492,potential_scale,2.0
accept-greedy,40046,1.025446723695865,0.923789824113535,0.10249258903625318,0.12403587720449859,0.5799354563179845,0.0,-0.0010416666666666667,0.0,0.0,2.4999999997500004,1.7067479011356013,0.33978975801412664,potential_scale,2.0
accept-greedy,40047,0.967169648881739,0.8686686487280737,0.09666488155484057,0.12349974706893907,0.5801164309419928,0.0,-0.0010416666666666667,0.0,0.0,2.49999999975,1.7216248048994955,0.33695868535993745,potential_scale,2.0
accept-greedy,40048,1.0008657924609639,0.8993101944004986,0.09980012091276305,0.12341744569653175,0.589805679091066,0.0,-0.005729166666666666,0.0,0.0,2.49999999975,1.617762409097515,0.3645811497252523,potential_scale,2.0
accept-greedy,40049,1.0005751814930166,0.9011388187185492,0.10005751814930167,0.12418642537876746,0.555028757825311,0.0,0.0,0.0,0.0,2.49999999975,1.5170000286823835,0.36587260865603993,potential_scale,2.0
max-exp-cap,40000,0.9977743499320664,0.8980480470258985,0.09977743499320664,0.1228704576061983,0.563374081720719,0.0,0.0,0.0,0.0,2.49999999975,1.5729117073991965,0.35817273091078705,potential_scale,2.0
max-exp-cap,40001,0.9688968682707843,0.8727358759129279,0.09677249932707843,0.11458528009858966,0.5410110409798099,0.0,-0.00234375,0.0,0.0,2.4999999997500004,1.700048038304674,0.31823279624458034,potential_scale,2.0
max-exp-cap,40002,1.0188373903251209,0.9160489403404141,0.10169493694917875,0.13387080653219205,0.6376921732227911,0.0,-0.0037760416666666667,0.0,0.0,2.4999999997499995,1.7111297189273555,0.3726731913829052,potential_scale,2.0
max-exp-cap,40003,1.0037544941033194,0.9018382427113938,0.0991905535769986,0.11836498841163617,0.5806734581868004,0.0,-0.023697916666666666,0.0,0.0,2.49999999975,1.6801383018642635,0.34561051167186135,potential_scale,2.0
max-exp-cap,40004,0.9983684179467153,0.898491097264587,0.09977824804467153,0.12481642984949813,0.5800625504276391,0.0,-0.0011718750000000002,0.0,0.0,2.49999999975,1.6537452896555171,0.3507568874457498,potential_scale,2.0
max-exp-cap,40005,0.9827182345384775,0.8835881993920173,0.09827182345384775,0.13183395125589298,0.5873701724897842,0.0,0.0,0.0,0.0,2.49999999975,1.6349358048213793,0.35926191765918036,potential_scale,2.0
max-exp-cap,40006,1.0247656246845434,0.9208227861288841,0.102404947885121,0.1290118702273262,0.6084840677413113,0.0,-0.0014322916666666666,0.0,0.0,2.49999999975,1.6548756084062992,0.36769172537826084,potential_scale,2.0
max-exp-cap,40007,1.0072838426010198,0.9051816791277016,0.09951744676010196,0.11902953652083906,0.5857945180628167,0.0,-0.024218749999999997,0.0,0.0,2.49999999975,1.6105832765981898,0.36371575849223314,potential_scale,2.0
max-exp-cap,40008,1.0005688589579425,0.9010176693187827,0.10005037547912758,0.1155666113203782,0.530129877947762,0.0,-0.00013020833333333333,0.0,0.0,2.49999999975,1.7164018242721055,0.30886117134755453,potential_scale,2.0
max-exp-cap,40009,0.9975184563945625,0.8981924476461228,0.09958908522278957,0.11739149947111802,0.555238271823032,0.0,-0.0032552083333333335,0.0,0.0,2.49999999975,1.6584087016090625,0.3348018321927007,potential_scale,2.0
max-exp-cap,40010,0.9894322627648587,0.8920424262750911,0.09894322627648587,0.1072758955215788,0.4802476672081975,0.0,0.0,0.0,0.0,2.49999999975,1.7285363742336362,0.27783486327912543,potential_scale,2.0
max-exp-cap,40011,0.9650189800376516,0.8649791135344168,0.09650189800376516,0.12622558259929922,0.5702505204497843,0.0,0.0,0.0,0.0,2.49999999975,1.6556541838895327,0.3444261041941305,potential_scale,2.0
max-exp-cap,40012,0.9976489244513095,0.8966831312266573,0.09976489244513095,0.12607656743632442,0.5757516260599314,0.0,0.0,0.0,0.0,2.49999999975,1.6827982019408645,0.3421394350171548,potential_scale,2.0
max-exp-cap,40013,0.9651357680651433,0.8679585425990273,0.096500555973181,0.11856361653818648,0.5500887018667154,0.0,-0.00026041666666666666,0.0,0.0,2.49999999975,1.6315066132901053,0.33716608770429896,potential_scale,2.0
max-exp-cap,40014,0.9586134715862802,0.8612837791566962,0.0949303575752947,0.109753410805443,0.5396569691195237,0.0,-0.018619791666666663,0.0,0.0,2.4999999997499995,1.6572288021473343,0.3256381788804718,potential_scale,2.0
max-exp-cap,40015,1.0195690182304706,0.9158529510737781,0.10139049557304705,0.12718666579389648,0.6112403677978655,0.0,-0.011328125,0.0,0.0,2.49999999975,1.7361760801502417,0.3520612769558323,potential_scale,2.0
max-exp-cap,40016,0.984909278720528,0.8860233623244675,0.09848441745538614,0.12082012482155455,0.5571341934315633,0.0,-0.00013020833333333333,0.0,0.0,2.49999999975,1.704718334930379,0.3268189131398747,potential_scale,2.0
max-exp-cap,40017,0.9864805625029096,0.8872146168633165,0.09780170208362429,0.12343515824349736,0.6073250482978884,0.0,-0.016927083333333332,0.0,0.0,2.49999999975,1.7198351338906246,0.3531298066483808,potential_scale,2.0
max-exp-cap,40018,0.9996397887682362,0.8993517557751107,0.09980772887682363,0.12476003657256642,0.5901353157803578,0.0,-0.003125,0.0,0.0,2.49999999975,1.6667311723141962,0.3540674858567481,potential_scale,2.0
max-exp-cap,40019,0.9972652468708452,0.8964536367770546,0.09964188927041785,0.12497694581240168,0.5865646081968471,0.0,-0.0016927083333333332,0.0,0.0,2.49999999975,1.7231281545150803,0.3404068389573247,potential_scale,2.0
max-exp-cap,40020,0.9520042776388653,0.8540912872182675,0.09495954234721986,0.12729502834887257,0.6085936042414815,0.0,-0.0048177083333333336,0.0,0.0,2.49999999975,1.6573320147269923,0.36721284500241397,potential_scale,2.0
max-exp-cap,40021,0.9821757959559936,0.8817361713619859,0.09774882959559936,0.12679454758462216,0.6107095281647725,0.0,-0.009375,0.0,0.0,2.49999999975,1.6562000806678254,0.36874139501220027,potential_scale,2.0
max-exp-cap,40022,1.0042668343347714,0.9043690079482778,0.10036808968347713,0.1172089636385904,0.544532467744938,0.0,-0.001171875,0.0,0.0,2.4999999997499995,1.7105165062974406,0.3183438836983954,potential_scale,2.0
max-exp-cap,40023,1.0127034830165542,0.9112532921930471,0.10127034830165542,0.12798716813523736,0.5770854526706316,0.0,0.0,0.0,0.0,2.49999999975,1.6698928520662755,0.3455823240135218,potential_scale,2.0
max-exp-cap,40024,0.9737751626500087,0.8761853241752597,0.09717569334833422,0.12051494828447595,0.5708228444217402,0.0,-0.004036458333333334,0.0,0.0,2.49999999975,1.6411102651794665,0.3478272341190413,potential_scale,2.0
max-exp-cap,40025,0.9746608596576547,0.8784182667976913,0.09746608596576548,0.12233067527259506,0.5489055770897813,0.0,0.0,0.0,0.0,2.49999999975,1.7150470603875583,0.3200527785900768,potential_scale,2.0
max-exp-cap,40026,0.9861241245927219,0.8853733256489531,0.09861241245927219,0.1237484810089234,0.5637863974079637,0.0,0.0,0.0,0.0,2.4999999997500004,1.6221815750135065,0.3475482683886787,potential_scale,2.0
max-exp-cap,40027,1.0111208885745353,0.9087920793492027,0.10104698469078685,0.1340580286363646,0.6309738258744915,0.0,-0.0013020833333333333,0.0,0.0,2.49999999975,1.66873746527031,0.3781144961423176,potential_scale,2.0
max-exp-cap,40028,0.9903445445432296,0.8869498175616535,0.09764122528765631,0.12468077277958386,0.6120175287476822,0.0,-0.02786458333333333,0.0,0.0,2.49999999975,1.6622238837492551,0.3681919955134061,potential_scale,2.0
max-exp-cap,40029,1.003524265275762,0.9024244639864875,0.10035242652757621,0.1284176901029437,0.5705130711404987,0.0,0.0,0.0,0.0,2.4999999997500004,1.6940794705306015,0.3367687768282846,potential_scale,2.0
max-exp-cap,40030,0.9653685775805658,0.8659876930936363,0.09624388900805657,0.13286924594086913,0.6322161883515227,0.0,-0.005859375,0.0,0.0,2.4999999997500004,1.6786231026912457,0.37662783702781444,potential_scale,2.0
max-exp-cap,40031,0.9829716393834054,0.8838702066684865,0.09828414310500719,0.12326117652689887,0.5698089385487187,0.0,-0.00026041666666666666,0.0,0.0,2.49999999975,1.7004458009725223,0.33509385493076727,potential_scale,2.0
max-exp-cap,40032,0.9884687223046975,0.8891445781648393,0.09735598681380306,0.11916139806262831,0.5878080244157936,-0.00013020833333333333,-0.0296875,0.0,0.0,2.49999999975,1.7196708941540724,0.3418142543518152,potential_scale,2.0
max-exp-cap,40033,0.9804393928279658,0.8816243246226187,0.09804393928279657,0.11544014361318597,0.5276691828284201,0.0,0.0,0.0,0.0,2.49999999975,1.6644677131532017,0.3170197767482031,potential_scale,2.0
max-exp-cap,40034,1.022024271855209,0.9190784457399672,0.1015188334355209,0.12195509351758353,0.5910492395835582,0.0,-0.013671875,0.0,0.0,2.49999999975,1.6554430898517705,0.3570338619351035,potential_scale,2.0
max-exp-cap,40035,1.0051600464297357,0.9037410592882735,0.09980636922630691,0.13055091580025036,0.6389466616804975,0.0,-0.014192708333333333,0.0,0.0,2.49999999975,1.7315910583633383,0.3689939715237475,potential_scale,2.0
max-exp-cap,40036,0.9539226685636478,0.8582828178139462,0.09532065227303145,0.12080376611765163,0.5674159766885396,0.0,-0.0014322916666666666,0.0,0.0,2.49999999975,1.7175616877893676,0.33036133765818165,potential_scale,2.0
max-exp-cap,40037,0.984227851792556,0.8827571575312831,0.0984227851792556,0.13326682247945337,0.5989280111625835,0.0,0.0,0.0,0.0,2.4999999997500004,1.6277567457150095,0.3679468770375134,potential_scale,2.0
max-exp-cap,40038,1.0161558789684542,0.9135806417602006,0.10155699414684542,0.13402864306311058,0.6283510978235317,0.0,-0.001171875,0.0,0.0,2.49999999975,1.7192708777404653,0.3654753337352727,potential_scale,2.0
max-exp-cap,40039,0.9964006796363192,0.8952354453554552,0.09950985963029857,0.1259850906258227,0.5958860351956246,0.0,-0.0026041666666666665,0.0,0.0,2.49999999975,1.685008130033192,0.3536398576212724,potential_scale,2.0
max-exp-cap,40040,0.9899580943568312,0.8908217957594344,0.09899580943568312,0.11123616683799163,0.5139836553494597,0.0,0.0,0.0,0.0,2.49999999975,1.651954090598112,0.31113676722297107,potential_scale,2.0
max-exp-cap,40041,0.988754288746613,0.889323919371005,0.09796397054132797,0.12286685957958242,0.6030298394269775,0.0,-0.018229166666666668,0.0,0.0,2.49999999975,1.678179326492532,0.35933575745289165,potential_scale,2.0
max-exp-cap,40042,0.9696646503194125,0.8707408777578461,0.09693391294860791,0.12012997817674533,0.5586369032088596,0.0,-0.0006510416666666666,0.0,0.0,2.4999999997499995,1.6522754038050962,0.3381015670404284,potential_scale,2.0
max-exp-cap,40043,1.0062582593165266,0.9048729613883904,0.10062582593165266,0.12236848280198552,0.537219958978138,0.0,0.0,0.0,0.0,2.49999999975,1.6584174457479295,0.3239353037171273,potential_scale,2.0
max-exp-cap,40044,1.002503189576095,0.9006891276701967,0.1002503189576095,0.13115896844083688,0.6044375690364477,0.0,0.0,0.0,0.0,2.49999999975,1.6311191859346492,0.37056615742650245,potential_scale,2.0
max-exp-cap,40045,0.9683943064312457,0.8719124040603617,0.09682640980979124,0.10350109033962465,0.4773548766558888,0.0,-0.00026041666666666666,0.0,0.0,2.49999999975,1.6504568429188455,0.2892259065748627,potential_scale,2.0
max-exp-cap,40046,1.0134263498871507,0.9120851904278838,0.10129055165538173,0.12403587720449859,0.5799354563179845,0.0,-0.0010416666666666667,0.0,0.0,2.49999999975,1.706161057311107,0.3399066306389369,potential_scale,2.0
max-exp-cap,40047,0.9938684641150758,0.8944046273066864,0.09933476307817425,0.12349974706893907,0.5801164309419928,0.0,-0.0010416666666666667,0.0,0.0,2.49999999975,1.7038462116733581,0.3404746431734921,potential_scale,2.0
max-exp-cap,40048,1.000631261523679,0.8989898068584459,0.09977666781903458,0.12341744569653175,0.589805679091066,0.0,-0.005729166666666666,0.0,0.0,2.49999999975,1.6458346209712253,0.35836266388843796,potential_scale,2.0
max-exp-cap,40049,1.0116093929913972,0.9114546927500448,0.10116093929913972,0.12418642537876746,0.555028757825311,0.0,0.0,0.0,0.0,2.4999999997500004,1.6791571225706625,0.33054009679308866,potential_scale,2.0
