policy,scenario_seed,return_sum,return_disc,dpeak_frac_mean,dpeak_frac_final,dpeak_mw_final,overload_delta_sum,volt_delta_sum,overload_frac_sum,rpf_max_mw,offered_total_mw,installed_total_mw,budget_efficiency,axis,value
ppo-frozen,40000,0.9892965962613922,0.8903799937041053,0.09892965962613923,0.1228704576061983,0.563374081720719,0.0,0.0,0.0,0.0,2.4900347669656107,1.421082977098079,0.3964399621978137,nominal,
ppo-frozen,40001,0.9514514198011934,0.8566530692526703,0.09502795448011934,0.11458528009858966,0.5410110409798099,0.0,-0.00234375,0.0,0.0,2.4903652608857447,1.3806280579300394,0.39185864568835566,nominal,
ppo-frozen,40002,0.9934954358281833,0.8923910346642658,0.099160741499485,0.13387080653219205,0.6376921732227911,0.0,-0.0037760416666666667,0.0,0.0,2.4903094180747467,1.3785109633899488,0.4625949231877112,nominal,
ppo-frozen,40003,0.9890776471245765,0.8881182561936035,0.09772286887912432,0.11836498841163617,0.5806734581868004,0.0,-0.023697916666666666,0.0,0.0,2.489994331010117,1.4323075932803637,0.40541114276780754,nominal,
ppo-frozen,40004,0.9695201790583307,0.8717766952484481,0.09689342415583307,0.12481642984949813,0.5800625504276391,0.0,-0.0011718750000000002,0.0,0.0,2.490343747299983,1.4015713254283777,0.4138658803185405,nominal,
ppo-frozen,40005,0.9575818134066908,0.8597999276133087,0.09575818134066907,0.13155150291892928,0.5861117581980074,0.0,0.0,0.0,0.0,2.489138740267982,1.4141397805616376,0.414465222076723,nominal,
ppo-frozen,40006,1.0000292977661045,0.8977943545128285,0.09993131519327712,0.1290118702273262,0.6084840677413113,0.0,-0.0014322916666666666,0.0,0.0,2.490149773804557,1.3576865577278405,0.44817713210598564,nominal,
ppo-frozen,40007,0.9757228284426707,0.87601150529581,0.0963353036776004,0.11780278068190105,0.5797571355235205,0.0,-0.024739583333333332,0.0,0.0,2.487486597501788,1.3913768813002367,0.4166787182648453,nominal,
ppo-frozen,40008,0.9687675306457778,0.871866360438035,0.09687024264791111,0.11523412758209543,0.5286047007224228,0.0,-0.00013020833333333333,0.0,0.0,2.49137839780775,1.4021266902645453,0.3770020957397856,nominal,
ppo-frozen,40009,0.9644268443500038,0.8673844598609091,0.09627992401833371,0.11678574803677445,0.5523731889075352,0.0,-0.0032552083333333335,0.0,0.0,2.4929244678520845,1.3783419454510617,0.40075192569632734,nominal,
ppo-frozen,40010,0.9601542228252206,0.8648166123942643,0.09601542228252205,0.1072758955215788,0.4802476672081975,0.0,0.0,0.0,0.0,2.491858026235442,1.3672401574300306,0.351253336583463,nominal,
ppo-frozen,40011,0.9489243630700659,0.8499063712334668,0.09489243630700658,0.12622558259929922,0.5702505204497843,0.0,0.0,0.0,0.0,2.49188054382067,1.3508758342160627,0.42213392675035216,nominal,
ppo-frozen,40012,0.9958401222558135,0.8954172700016775,0.09958401222558136,0.12607656743632442,0.5757516260599314,0.0,0.0,0.0,0.0,2.4886694509150917,1.4014738309508095,0.4108186776982636,nominal,
ppo-frozen,40013,0.9203705823599383,0.8264375658524631,0.09202403740266049,0.11803791475119277,0.5476496516587349,0.0,-0.00026041666666666666,0.0,0.0,2.492588477716838,1.3479290981197425,0.4062896575366346,nominal,
ppo-frozen,40014,0.9362540508117063,0.8407536985282413,0.09267488424783729,0.10866852379310975,0.5343225851344032,0.0,-0.01901041666666667,0.0,0.0,2.4922964221527626,1.369133042664439,0.39026345028863674,nominal,
ppo-frozen,40015,0.989262256790901,0.8877930728325061,0.0983598194290901,0.12718666579389648,0.6112403677978655,0.0,-0.011328125,0.0,0.0,2.4882359629702635,1.406614706606756,0.43454711864373285,nominal,
ppo-frozen,40016,0.9549341749467283,0.8580246329575772,0.09548690707800617,0.12060953109674706,0.5561630889472262,0.0,-0.00013020833333333333,0.0,0.0,2.49157299970069,1.341035132586007,0.4147267103097739,nominal,
ppo-frozen,40017,0.9690265816812091,0.870945871507705,0.09604979358478759,0.12343515824349736,0.6073250482978884,0.0,-0.01705729166666667,0.0,0.0,2.488919258632431,1.4038943144677227,0.4326002620276667,nominal,
ppo-frozen,40018,0.9916010147661867,0.8922638964109422,0.09900385147661867,0.12476003657256642,0.5901353157803578,0.0,-0.003125,0.0,0.0,2.489507149973365,1.4185484968496769,0.4160134934342638,nominal,
ppo-frozen,40019,0.9726780798479251,0.8735016076453801,0.09718317256812584,0.12497694581240168,0.5865646081968471,0.0,-0.0016927083333333332,0.0,0.0,2.491199069210668,1.3668087672513272,0.42914899454181676,nominal,
ppo-frozen,40020,0.9272645711860237,0.8311671779699958,0.09248557170193569,0.12729502834887257,0.6085936042414815,0.0,-0.0048177083333333336,0.0,0.0,2.490871582078037,1.3805447036188156,0.4408358546059231,nominal,
ppo-frozen,40021,0.9605052057532892,0.8615521973767045,0.09558177057532893,0.12679454758462216,0.6107095281647725,0.0,-0.009375,0.0,0.0,2.4895693807328736,1.3959264267632063,0.4374940659163897,nominal,
ppo-frozen,40022,0.9833435792342563,0.8847187140184496,0.09827576417342562,0.1172089636385904,0.544532467744938,0.0,-0.001171875,0.0,0.0,2.4888661983031257,1.4246324790015934,0.3822266274081829,nominal,
ppo-frozen,40023,0.9998581894911067,0.8996642818817944,0.09998581894911067,0.12798716813523736,0.5770854526706316,0.0,0.0,0.0,0.0,2.489227489577692,1.393765452886832,0.4140477520628348,nominal,
ppo-frozen,40024,0.9455179572186365,0.8497221683519958,0.094349972805197,0.12051494828447595,0.5708228444217402,0.0,-0.004036458333333334,0.0,0.0,2.490267813419664,1.409662466845018,0.40493583240483483,nominal,
ppo-frozen,40025,0.9564360660422533,0.861379372901363,0.09564360660422533,0.12233067527259506,0.5489055770897813,0.0,0.0,0.0,0.0,2.4881334169395295,1.439936235667222,0.38120130842838007,nominal,
ppo-frozen,40026,0.9736775163324263,0.8737894301033611,0.09736775163324263,0.1237484810089234,0.5637863974079637,0.0,0.0,0.0,0.0,2.488261658839891,1.402738908952612,0.4019182713260075,nominal,
ppo-frozen,40027,1.0004185760301998,0.899268078271223,0.0999767534363533,0.1340580286363646,0.6309738258744915,0.0,-0.0013020833333333333,0.0,0.0,2.4899880700707744,1.4048528213843532,0.44913873985228203,nominal,
ppo-frozen,40028,0.9643965487035383,0.8628506077987612,0.09504642570368718,0.12468077277958386,0.6120175287476822,0.0,-0.02786458333333333,0.0,0.0,2.489596823257516,1.3839551875596574,0.44222351579667774,nominal,
ppo-frozen,40029,0.9932427980536599,0.8929072287123171,0.09932427980536598,0.1284176901029437,0.5705130711404987,0.0,0.0,0.0,0.0,2.489511981947196,1.3920074006420653,0.40984916522523424,nominal,
ppo-frozen,40030,0.9432391472708003,0.8458466731433658,0.09403094597708002,0.13251630172489953,0.630536815180245,0.0,-0.005859375,0.0,0.0,2.491363091774564,1.374041041338691,0.4588922719265576,nominal,
ppo-frozen,40031,0.9486440173004054,0.8519510381507157,0.09485138089670721,0.12326117652689887,0.5698089385487187,0.0,-0.00026041666666666666,0.0,0.0,2.491061338053327,1.3567315255763128,0.4199865100847237,nominal,
ppo-frozen,40032,0.9713597723489612,0.8732517586080819,0.0956385814015628,0.11916139806262831,0.5878080244157936,-0.00013020833333333333,-0.02981770833333333,0.0,0.0,2.488640083218507,1.426835466126565,0.4119662276208469,nominal,
ppo-frozen,40033,0.947992369299086,0.8515821001007879,0.0947992369299086,0.11252556872647625,0.5143468557710699,0.0,0.0,0.0,0.0,2.4900146917874775,1.3940240141347062,0.36896556340195724,nominal,
ppo-frozen,40034,0.9963128648581094,0.8951006327252369,0.09894769273581094,0.12195509351758353,0.5910492395835582,0.0,-0.013671875,0.0,0.0,2.4879991610609387,1.4241046267727808,0.41503217423214045,nominal,
ppo-frozen,40035,0.9711705923594465,0.8722975438443595,0.09640091340261131,0.12782575580726174,0.6256090924310447,0.0,-0.014322916666666666,0.0,0.0,2.487329220079242,1.444446909612912,0.433113247892716,nominal,
ppo-frozen,40036,0.9260083450190852,0.8322423051939107,0.09252921991857518,0.12080376611765163,0.5674159766885396,0.0,-0.0014322916666666666,0.0,0.0,2.490893574198269,1.3974245367934188,0.4060440916477343,nominal,
ppo-frozen,40037,0.9667805092111869,0.8665993908367982,0.09667805092111868,0.13169146201014895,0.5918480230966107,0.0,0.0,0.0,0.0,2.4884981471384355,1.3939162705697394,0.42459366863886516,nominal,
ppo-frozen,40038,1.0053703619928693,0.9039479099866456,0.10047844244928691,0.13402864306311058,0.6283510978235317,0.0,-0.001171875,0.0,0.0,2.487802297123237,1.438467856663621,0.43681970015021937,nominal,
ppo-frozen,40039,0.9822093808172276,0.882183942390097,0.09809072974838942,0.1259850906258227,0.5958860351956246,0.0,-0.0026041666666666665,0.0,0.0,2.489825710815542,1.3797267125806498,0.4318870032465164,nominal,
ppo-frozen,40040,0.9631537941624446,0.8659313760667001,0.09631537941624446,0.11063831591081061,0.5112211940597418,0.0,0.0,0.0,0.0,2.4890361230530496,1.3656293300552416,0.3743484288222355,nominal,
ppo-frozen,40041,0.9588597304469964,0.8618029854126787,0.0949745147113663,0.12174400119984867,0.5975188569639522,0.0,-0.018229166666666668,0.0,0.0,2.4899950271485434,1.4175111415856252,0.4215267446120874,nominal,
ppo-frozen,40042,0.9474683659101146,0.8500244969159259,0.09471428450767813,0.12012997817674533,0.5586369032088596,0.0,-0.0006510416666666666,0.0,0.0,2.4895871949819495,1.396706150140628,0.3999673826542634,nominal,
ppo-frozen,40043,0.9819669353837159,0.8822819435812724,0.0981966935383716,0.12236848280198552,0.537219958978138,0.0,0.0,0.0,0.0,2.4913691621276546,1.3781299395331112,0.38981807416515435,nominal,
ppo-frozen,40044,0.9720688806375412,0.8719026665682679,0.09720688806375412,0.13115896844083688,0.6044375690364477,0.0,0.0,0.0,0.0,2.4905017970572647,1.3826273840737193,0.43716591758479173,nominal,
ppo-frozen,40045,0.9567353403549868,0.8612404995519725,0.09566051320216534,0.10277905378573202,0.4740247893206397,0.0,-0.00026041666666666666,0.0,0.0,2.4919106308776326,1.3504489748783437,0.3510127358668569,nominal,
ppo-frozen,40046,0.9983616078068378,0.8978169149872708,0.09978407744735045,0.12403587720449859,0.5799354563179845,0.0,-0.0010416666666666667,0.0,0.0,2.488264622435355,1.4352267730459927,0.4040723509408782,nominal,
ppo-frozen,40047,0.9839591489722029,0.8853340957273691,0.09834383156388696,0.12349974706893907,0.5801164309419928,0.0,-0.0010416666666666667,0.0,0.0,2.489229376145248,1.4175865323857963,0.40922823241390255,nominal,
ppo-frozen,40048,0.9577887100224063,0.8592452775523507,0.0954924126689073,0.12341744569653175,0.589805679091066,0.0,-0.005729166666666666,0.0,0.0,2.4908161414266363,1.331754526670588,0.44287867416947446,nominal,
ppo-frozen,40049,1.001994353352313,0.9024757244080905,0.1001994353352313,0.12418642537876746,0.555028757825311,0.0,0.0,0.0,0.0,2.487887772522151,1.4378738343336213,0.3860065776094588,nominal,
rolling-lp,40000,0.9341402440570523,0.8394018931657046,0.09341402440570523,0.11726862468254073,0.5376890835461923,0.0,0.0,0.0,0.0,1.6996347582658893,0.9669696562143878,0.5560557977084865,nominal,
rolling-lp,40001,0.9270521211352517,0.8349117791072073,0.09258802461352518,0.10693566484848002,0.5048936068207622,0.0,-0.00234375,0.0,0.0,1.6760341015496394,0.9933552676038541,0.5082709311429471,nominal,
rolling-lp,40002,0.9678395525958153,0.8708559473751443,0.0965951531762482,0.12718935536423007,0.6058651511412063,0.0,-0.0037760416666666667,0.0,0.0,1.7103575218323972,1.0072925458361195,0.6014788391373413,nominal,
rolling-lp,40003,0.9798539138269304,0.8808061503203906,0.0968981517993597,0.11760360375899602,0.576938267019279,0.0,-0.021744791666666666,0.0,0.0,1.6985968420845758,1.0360074601839262,0.5568862090209785,nominal,
rolling-lp,40004,0.9367033652439694,0.8424638806191556,0.09361174277439692,0.12070369655093187,0.5609493409785977,0.0,-0.0011718750000000002,0.0,0.0,1.7337765466004134,1.006152836449869,0.5575190176453343,nominal,
rolling-lp,40005,0.9775636822946863,0.8804453145914517,0.09775636822946862,0.1222636901603353,0.5447310354775063,0.0,0.0,0.0,0.0,1.4018840756248903,0.9519383771655416,0.5722335064371271,nominal,
rolling-lp,40006,0.9816650554179188,0.8814573748579282,0.09809489095845855,0.12275798421224793,0.5789876346228703,0.0,-0.0014322916666666666,0.0,0.0,1.6704409623896215,0.9865013223206323,0.5869101455037766,nominal,
rolling-lp,40007,0.9761557937281339,0.8777466640281042,0.09644370437281338,0.11206433637957451,0.5515158324590229,0.0,-0.023437499999999997,0.0,0.0,1.7116671404581072,1.0454126586992043,0.5275580201461001,nominal,
rolling-lp,40008,0.937252066664982,0.8424249342802905,0.09371869624983153,0.11281294662451302,0.5174982024798265,0.0,-0.00013020833333333333,0.0,0.0,1.6602185399547524,0.9967611631657604,0.5191797409484011,nominal,
rolling-lp,40009,0.9257313898962047,0.830938761291721,0.0924103785729538,0.1147338063456921,0.5426679158377546,0.0,-0.0032552083333333335,0.0,0.0,1.6474019699956362,1.0108261373760903,0.536855840754589,nominal,
rolling-lp,40010,0.944241882724552,0.8512504495660065,0.0944241882724552,0.10456737923122082,0.4681223092821183,0.0,0.0,0.0,0.0,1.5700151548551677,0.9664970994978159,0.4843494196985701,nominal,
rolling-lp,40011,0.9120149315862276,0.8168389184419149,0.09120149315862276,0.11857056715634767,0.5356673840482535,0.0,0.0,0.0,0.0,1.7806924193027573,0.9729062565684702,0.5505847870046613,nominal,
rolling-lp,40012,0.9749307134532794,0.8769513646667026,0.09749307134532795,0.12272792210298926,0.5604594267641387,0.0,0.0,0.0,0.0,1.5703655101276877,0.9779673203068922,0.5730860480984816,nominal,
rolling-lp,40013,0.9129674629017881,0.8206482579573022,0.09128372545684547,0.11314472181498715,0.5249471546461391,0.0,-0.00026041666666666666,0.0,0.0,1.731244784452381,0.9814561237925417,0.5348656368026304,nominal,
rolling-lp,40014,0.8779932052022592,0.7861505141596998,0.0869659871868926,0.10299336115039356,0.5064178389533699,0.0,-0.016666666666666663,0.0,0.0,1.854080460151196,1.0320757377769336,0.4906789496323029,nominal,
rolling-lp,40015,0.9841835096687935,0.8849729476887318,0.09785845513354603,0.12268238215874533,0.5895934446032816,0.0,-0.011197916666666665,0.0,0.0,1.5957129580191414,1.035129629451067,0.5695841639814185,nominal,
rolling-lp,40016,0.9396226799310097,0.8453441077794925,0.09395575757643429,0.11427351642292605,0.526946015797505,0.0,-0.00013020833333333333,0.0,0.0,1.620087586613433,0.9816257469780398,0.536809489176218,nominal,
rolling-lp,40017,0.9228506488787571,0.8280527937294581,0.09148428363787572,0.11967300101986497,0.5888145011404932,0.0,-0.016015625,0.0,0.0,1.7316388654080332,1.0406861327212662,0.5657945105896777,nominal,
rolling-lp,40018,0.9629843890768928,0.8666074262328731,0.09614218890768927,0.12132518471217699,0.5738879064097245,0.0,-0.003125,0.0,0.0,1.671036012190395,0.9887828229866784,0.5803983372974273,nominal,
rolling-lp,40019,0.9325323772636035,0.8354145587217716,0.09316860230969368,0.1238393074097969,0.5812252360466009,0.0,-0.0016927083333333332,0.0,0.0,1.7483688551450562,1.0072359925413887,0.5770497086587357,nominal,
rolling-lp,40020,0.8843537178207643,0.7923748131845392,0.08819448636540976,0.11911205872841468,0.569471078882013,0.0,-0.0048177083333333336,0.0,0.0,1.7870607505545797,0.9950705485959328,0.5722921652997867,nominal,
rolling-lp,40021,0.970400313488259,0.8728611868066177,0.0965712813488259,0.12045978008143904,0.5801979411399397,0.0,-0.009375,0.0,0.0,1.6497864205264337,1.0209575224258576,0.5682880319656727,nominal,
rolling-lp,40022,0.9755931630279253,0.8786010439219031,0.09750072255279253,0.11370084851781714,0.5282343747958502,0.0,-0.001171875,0.0,0.0,1.5611827911249427,0.9894141743624798,0.5338859988904174,nominal,
rolling-lp,40023,0.956393162367822,0.8592218988700853,0.09563931623678221,0.12694038684346706,0.5723655868871329,0.0,0.0,0.0,0.0,1.638527223185555,0.9723523439183989,0.5886401060963212,nominal,
rolling-lp,40024,0.9511724799676521,0.8556899770195965,0.09491542508009854,0.1194312187187697,0.5656897252353956,0.0,-0.004036458333333334,0.0,0.0,1.5637423851809849,1.0187546295199201,0.5552757345524627,nominal,
rolling-lp,40025,0.9520820364412221,0.8581190141310526,0.09520820364412222,0.11937334347362041,0.5356358398456691,0.0,0.0,0.0,0.0,1.493673043640768,0.9650814937364934,0.5550161756515036,nominal,
rolling-lp,40026,0.9583237701563098,0.8606013624937381,0.09583237701563098,0.12029716956901693,0.5480625482974647,0.0,0.0,0.0,0.0,1.547888544474682,0.9704787179597092,0.5647342266811237,nominal,
rolling-lp,40027,0.9398678418983962,0.8435297665179231,0.09392168002317296,0.12279373782115428,0.5779559444112683,0.0,-0.0013020833333333333,0.0,0.0,1.6692553665300576,1.002200843572262,0.576686747090725,nominal,
rolling-lp,40028,0.9351937521566119,0.8359817834391557,0.09214567729899452,0.1229491960737843,0.603517779566676,0.0,-0.027473958333333333,0.0,0.0,1.7482120964966044,1.0388710181993255,0.5809361980400156,nominal,
rolling-lp,40029,0.9650423015254752,0.8676543868585215,0.09650423015254753,0.12326387734478941,0.5476165563193658,0.0,0.0,0.0,0.0,1.5792850908181137,0.9466121741539626,0.5785014932950758,nominal,
rolling-lp,40030,0.917326006113768,0.8225737613673092,0.0914396318613768,0.12588802353198816,0.5989982545089452,0.0,-0.005859375,0.0,0.0,1.8164619795448187,1.0329418359067803,0.5798954342701275,nominal,
rolling-lp,40031,0.9131993091000118,0.819096362604421,0.09130691007666784,0.11935804989784878,0.5517656543274707,0.0,-0.00026041666666666666,0.0,0.0,1.7510708174171685,0.9877430864791357,0.558612519672772,nominal,
rolling-lp,40032,0.925239512736042,0.8310691535233681,0.0910591075236042,0.11453790678796295,0.5650009298679742,-0.00013020833333333333,-0.029166666666666667,0.0,0.0,1.8289755747299359,1.0511097992775087,0.5375279825726423,nominal,
rolling-lp,40033,0.9350117499824314,0.8407508488316728,0.09350117499824315,0.10768825510599535,0.49223581843767217,0.0,0.0,0.0,0.0,1.6066214471627265,0.9703711203695375,0.5072655276985351,nominal,
rolling-lp,40034,0.9920996054027019,0.8918345078466189,0.09853938762360352,0.11986671116761588,0.5809279993441733,0.0,-0.013411458333333333,0.0,0.0,1.5905366206667724,1.0354676198470152,0.5610296142625901,nominal,
rolling-lp,40035,0.9642035667076374,0.8685057309884624,0.09575629417076374,0.11496960210440527,0.5626880746799324,0.0,-0.01328125,0.0,0.0,1.5531331767113332,1.0264387577619343,0.5481944932660452,nominal,
rolling-lp,40036,0.8919613814091849,0.7998368232191048,0.08912452355758517,0.12067485269741314,0.5668104696203109,0.0,-0.0014322916666666666,0.0,0.0,1.7686479645120816,1.0096152339910516,0.5614123584285523,nominal,
rolling-lp,40037,0.9627497543205981,0.8642371852034131,0.0962749754320598,0.12126064498968654,0.5449698250827759,0.0,0.0,0.0,0.0,1.5701323523188628,0.9725952881432601,0.5603253806865077,nominal,
rolling-lp,40038,0.9447736709315243,0.8467574822539421,0.09441877334315243,0.12748047021562806,0.5976520509375878,0.0,-0.001171875,0.0,0.0,1.6207114225011408,0.9835977935642006,0.6076183322574507,nominal,
rolling-lp,40039,0.9857202823806435,0.8867092684728755,0.09844181990473103,0.12258361647644093,0.5797976954196474,0.0,-0.0026041666666666665,0.0,0.0,1.480330521628605,1.0103931318157646,0.5738337654549377,nominal,
rolling-lp,40040,0.9734611243084983,0.8771048715233478,0.09734611243084983,0.10717319575417499,0.49521007847602505,0.0,0.0,0.0,0.0,1.5261431959750202,0.9872054489348593,0.501628185916447,nominal,
rolling-lp,40041,0.9576420445898188,0.861641030458646,0.09493087112564855,0.11883977425833278,0.5832649278556928,0.0,-0.016666666666666666,0.0,0.0,1.643789609905593,1.0415435176850543,0.5600005356973117,nominal,
rolling-lp,40042,0.9467280724178744,0.8501349352739778,0.0946402551584541,0.11810113567502505,0.5492022366130496,0.0,-0.0006510416666666666,0.0,0.0,1.6699346952641625,1.0203352533486196,0.5382566512434347,nominal,
rolling-lp,40043,0.9761038197658268,0.8781803436368578,0.09761038197658269,0.12044657507131176,0.5287824334928946,0.0,0.0,0.0,0.0,1.5414194469135016,0.9289594461401711,0.569220148080723,nominal,
rolling-lp,40044,0.9851604904891176,0.8864158457047647,0.09851604904891176,0.12538539019904932,0.5778304095063544,0.0,0.0,0.0,0.0,1.4137075898390121,0.9704684112284471,0.5954139288005469,nominal,
rolling-lp,40045,0.9678391141666515,0.872894358429151,0.09677089058333181,0.10009929431044275,0.46166553542682415,0.0,-0.00026041666666666666,0.0,0.0,1.5311667497483608,0.9781016333626036,0.47200159950624954,nominal,
rolling-lp,40046,0.9900959841976462,0.8913280879506609,0.09895751508643129,0.12317857910291242,0.57592711956132,0.0,-0.0010416666666666667,0.0,0.0,1.5779755789632017,1.0025396935807946,0.5744681464972898,nominal,
rolling-lp,40047,0.9123399061308121,0.8184656707295014,0.09118190727974787,0.11701842612735186,0.5496716659796457,0.0,-0.0010416666666666667,0.0,0.0,1.6396117623826287,0.9894048500510302,0.555557885077373,nominal,
rolling-lp,40048,0.9765722313689467,0.8782645726205149,0.09737076480356134,0.1206000644850269,0.5763415579586617,0.0,-0.005729166666666666,0.0,0.0,1.7219361276347618,1.0090309311939198,0.5711832414064004,nominal,
rolling-lp,40049,0.9761878558828473,0.8793051888268084,0.09761878558828473,0.1203956547314733,0.5380865943227287,0.0,0.0,0.0,0.0,1.5076326919860834,0.9561254418228027,0.5627782409982679,nominal,
ppo-frozen,40000,0.9993292452044662,0.898067674142858,0.09993292452044662,0.12852203073855933,0.5892871440283893,0.0,0.0,0.0,0.0,2.491323414739815,1.4211970432980299,0.41464140866835014,bess_share,0.1
ppo-frozen,40001,0.9557051614342557,0.8591640092022691,0.09545332864342557,0.1193159984791972,0.5633469891353907,0.0,-0.00234375,0.0,0.0,2.491089651434255,1.3809465995181065,0.4079426310416171,bess_share,0.1
ppo-frozen,40002,0.9947722498957532,0.8920483362919748,0.09928842290624199,0.13914810267209346,0.6628305176562708,0.0,-0.0037760416666666667,0.0,0.0,2.491218416007066,1.3741673650097428,0.48235064704186986,bess_share,0.1
ppo-frozen,40003,0.9986932238907457,0.8955134210499672,0.09868442655574125,0.12329277754826962,0.6048481436033453,0.0,-0.023697916666666666,0.0,0.0,2.491235670660383,1.4315555314009596,0.42251112886373626,bess_share,0.1
ppo-frozen,40004,0.977143162212779,0.8775108962738101,0.09765572247127789,0.13043760597875328,0.6061859843847738,0.0,-0.0011718750000000002,0.0,0.0,2.490907773343529,1.4006121756354637,0.4328007387981935,bess_share,0.1
ppo-frozen,40005,0.9649574909858607,0.8649885048134227,0.09649574909858608,0.13643203996417028,0.607856398776531,0.0,0.0,0.0,0.0,2.490283223548495,1.4100517679750517,0.43108800157703564,bess_share,0.1
ppo-frozen,40006,1.01006046899985,0.9055225365372671,0.10093443231665167,0.13432597082813785,0.6335480059996339,0.0,-0.0014322916666666666,0.0,0.0,2.491073590534577,1.3619855051391134,0.4651650135842842,bess_share,0.1
ppo-frozen,40007,0.9821780290215948,0.8805925115824569,0.09698082373549281,0.1222781671784047,0.6017823987690445,0.0,-0.024739583333333332,0.0,0.0,2.4888492116687617,1.3953805145303564,0.43126759511299795,bess_share,0.1
ppo-frozen,40008,0.9673777612361164,0.8690511885623154,0.09673126570694499,0.12034316761254624,0.5520410093311839,0.0,-0.00013020833333333333,0.0,0.0,2.4922922046664375,1.3973972543382658,0.3950494446853638,bess_share,0.1
ppo-frozen,40009,0.9603648710739,0.8620929531353708,0.09587372669072335,0.12156847368287,0.5749945229419909,0.0,-0.0032552083333333335,0.0,0.0,2.4936932188213685,1.366690540532032,0.42072035028365257,bess_share,0.1
ppo-frozen,40010,0.9660377600006042,0.8688475010585435,0.09660377600006041,0.11231687035053727,0.5028148654617471,0.0,0.0,0.0,0.0,2.4927780487980833,1.3611552288722606,0.3694030297178798,bess_share,0.1
ppo-frozen,40011,0.9565012743033376,0.8554963281875007,0.09565012743033377,0.13163025982035875,0.5946672823668682,0.0,0.0,0.0,0.0,2.492428634028103,1.3552170101226801,0.4387985672590077,bess_share,0.1
ppo-frozen,40012,1.0024007620961641,0.899795292965705,0.10024007620961642,0.13177805509885632,0.6017885087211071,0.0,0.0,0.0,0.0,2.489742469629398,1.3964741061509305,0.43093424079290876,bess_share,0.1
ppo-frozen,40013,0.9230127426806991,0.8277233789829482,0.09228825343473658,0.1228019710768868,0.5697530054222134,0.0,-0.00026041666666666666,0.0,0.0,2.4930964215641733,1.35023994760448,0.42196426378366103,bess_share,0.1
ppo-frozen,40014,0.9441009442999444,0.8467019546027107,0.0934595735966611,0.11247015342658785,0.5530151789286365,0.0,-0.01901041666666667,0.0,0.0,2.492742732430604,1.3754436683727431,0.4020631245355882,bess_share,0.1
ppo-frozen,40015,0.9938442130958789,0.8907573742112418,0.0988180150595879,0.13254320862096106,0.6369831230411365,0.0,-0.011328125,0.0,0.0,2.489212507498902,1.407701019860008,0.45249887160306435,bess_share,0.1
ppo-frozen,40016,0.9624570963651302,0.8636082582624588,0.09623919921984636,0.1252732365448213,0.577668693059561,0.0,-0.00013020833333333333,0.0,0.0,2.4922130736777235,1.347910765154274,0.42856597631924426,bess_share,0.1
ppo-frozen,40017,0.9763047911785662,0.8761508603368885,0.09678412495118995,0.12874267614514515,0.6334390713349994,0.0,-0.016927083333333332,0.0,0.0,2.4908749457209796,1.4078942089314526,0.4499195090913541,bess_share,0.1
ppo-frozen,40018,1.0027018096181963,0.9009367659864985,0.10011393096181964,0.13025133318120496,0.616110044124539,0.0,-0.003125,0.0,0.0,2.490277397253629,1.4209649831277718,0.4335856628700181,bess_share,0.1
ppo-frozen,40019,0.9802536576326569,0.8789644472796088,0.09794073034659903,0.13040425487034263,0.6120370454566991,0.0,-0.0016927083333333332,0.0,0.0,2.4918359709453752,1.367048338800934,0.4477069523331774,bess_share,0.1
ppo-frozen,40020,0.9341088332945808,0.8362480831653613,0.09316999791279142,0.1321768824223733,0.6319335979907273,0.0,-0.0048177083333333336,0.0,0.0,2.491111276547057,1.3848482050107984,0.45631975815414355,bess_share,0.1
ppo-frozen,40021,0.9663185796087783,0.86546877389848,0.09616310796087783,0.1321041341188517,0.6362833020283942,0.0,-0.009375,0.0,0.0,2.4904258469322906,1.3958912087999573,0.45582585377509804,bess_share,0.1
ppo-frozen,40022,0.9884808762680387,0.8878554927972979,0.09878949387680387,0.12276749187918835,0.5703564235749354,0.0,-0.001171875,0.0,0.0,2.489590511242641,1.4178975739654756,0.4022550246558381,bess_share,0.1
ppo-frozen,40023,1.0123395212482253,0.9096486582286805,0.10123395212482253,0.1338380780464772,0.6034668082694615,0.0,0.0,0.0,0.0,2.49061280055621,1.4015854207982759,0.43056013519729375,bess_share,0.1
ppo-frozen,40024,0.9529468109598753,0.8550306913402095,0.09509285817932087,0.12599678260602104,0.5967877251657182,0.0,-0.004036458333333334,0.0,0.0,2.4909639230191165,1.4102193301130548,0.4231878775324082,bess_share,0.1
ppo-frozen,40025,0.9649539774382485,0.8677132604809189,0.09649539774382485,0.12809445708208966,0.5747680353269343,0.0,0.0,0.0,0.0,2.4890841619589406,1.4268442588165229,0.4028246473120115,bess_share,0.1
ppo-frozen,40026,0.9903996665300157,0.8876863422490453,0.09903996665300156,0.12936829107315534,0.5893897215409029,0.0,0.0,0.0,0.0,2.4893747131803816,1.4105403338987392,0.4178467693382629,bess_share,0.1
ppo-frozen,40027,1.0081931255274816,0.9050097182775404,0.10075420838608148,0.13926344714786168,0.6554742818851228,0.0,-0.0013020833333333333,0.0,0.0,2.4912028906580472,1.4078796124800774,0.4655755194369634,bess_share,0.1
ppo-frozen,40028,0.9715324632718749,0.8680990450029943,0.09576001716052082,0.12999409247021185,0.6380988940938314,0.0,-0.02786458333333333,0.0,0.0,2.490197036198506,1.3901053635190272,0.45902915767369984,bess_share,0.1
ppo-frozen,40029,0.99990740084877,0.8973952414145698,0.09999074008487699,0.13427253116720747,0.5965239996499194,0.0,0.0,0.0,0.0,2.4902195000865377,1.3879405298275536,0.4297907488327582,bess_share,0.1
ppo-frozen,40030,0.9434561292556419,0.8446998231650659,0.09405264417556419,0.13725050568821132,0.653063024035947,0.0,-0.005859375,0.0,0.0,2.4922487318722797,1.3726251710366397,0.47577666344464453,bess_share,0.1
ppo-frozen,40031,0.9497146380858423,0.8515451376905316,0.0949584429752509,0.12863965371933914,0.594672439501625,0.0,-0.00026041666666666666,0.0,0.0,2.49158892617717,1.3569780083124092,0.43823292334794933,bess_share,0.1
ppo-frozen,40032,0.9818281461569677,0.8813714315218972,0.0966723979490301,0.12461451938892273,0.6147075785148827,-0.00013020833333333333,-0.030078125,0.0,0.0,2.4904521907106885,1.4331169024070272,0.4289305202404879,bess_share,0.1
ppo-frozen,40033,0.9548892079775861,0.8565622814751408,0.09548892079775861,0.11666179108532906,0.5332532517939799,0.0,0.0,0.0,0.0,2.490490629194259,1.3963049596389914,0.38190314237073986,bess_share,0.1
ppo-frozen,40034,1.002527622512504,0.8992368777323086,0.09956265808458371,0.12731297488773238,0.6170159427221097,0.0,-0.013802083333333333,0.0,0.0,2.489501215485144,1.421582056478011,0.43403470092382507,bess_share,0.1
ppo-frozen,40035,0.9843169361628046,0.8831448687435322,0.09771554778294714,0.13181460510999038,0.6451314521962158,0.0,-0.014322916666666666,0.0,0.0,2.4876764572288916,1.4505168051989052,0.44475972279945475,bess_share,0.1
ppo-frozen,40036,0.9356483901218393,0.8396165743053272,0.0934932244288506,0.12636445343130068,0.5935345566346386,0.0,-0.0014322916666666666,0.0,0.0,2.4914041367258632,1.4016572840017552,0.4234519831695858,bess_share,0.1
ppo-frozen,40037,0.9823545909466874,0.8795121096366512,0.09823545909466874,0.13669814480955642,0.6143490666105231,0.0,0.0,0.0,0.0,2.4895047613672077,1.4014861495774986,0.4383554320502767,bess_share,0.1
ppo-frozen,40038,1.0175984671672662,0.9135301807588958,0.10170125296672664,0.13987850444160715,0.6557763312310131,0.0,-0.001171875,0.0,0.0,2.489241158132391,1.4459935067920795,0.4535126389923047,bess_share,0.1
ppo-frozen,40039,0.9964474716520795,0.8937691935285859,0.09951453883187462,0.13134234702722072,0.6212248610892112,0.0,-0.0026041666666666665,0.0,0.0,2.490547953015529,1.3886605131423988,0.44735545888277756,bess_share,0.1
ppo-frozen,40040,0.9714897139846612,0.8723129343899731,0.09714897139846612,0.11500483944338843,0.5313973812679228,0.0,0.0,0.0,0.0,2.4898812459720405,1.3705508368976962,0.38772540715874854,bess_share,0.1
ppo-frozen,40041,0.9557444081001848,0.8575931662089321,0.09466298247668514,0.1262310899561139,0.619541462745885,0.0,-0.018229166666666668,0.0,0.0,2.490941788026471,1.4016314475723746,0.4420145280122893,bess_share,0.1
ppo-frozen,40042,0.9590289629695188,0.8592156261204035,0.09587034421361854,0.12582288834370556,0.585110475868948,0.0,-0.0006510416666666666,0.0,0.0,2.4906426721893653,1.407694036164834,0.4156517402482158,bess_share,0.1
ppo-frozen,40043,0.9918446108908068,0.889825778170521,0.09918446108908067,0.12819534841759803,0.5628009618255451,0.0,0.0,0.0,0.0,2.4920888051073846,1.3749442544529125,0.4093263854173364,bess_share,0.1
ppo-frozen,40044,0.9860978996037727,0.8833756736390086,0.09860978996037727,0.1368350196463062,0.6305952815676182,0.0,0.0,0.0,0.0,2.4906614583981472,1.39276934719248,0.45276361289739836,bess_share,0.1
ppo-frozen,40045,0.9662541571181706,0.8686215519209033,0.09661239487848373,0.10703274725174693,0.4936431461238253,0.0,-0.00026041666666666666,0.0,0.0,2.4927192896589383,1.3583604076193294,0.3634110235802494,bess_share,0.1
ppo-frozen,40046,1.0026471113843152,0.9001530693430311,0.10021262780509818,0.12974953473597448,0.6066499252477934,0.0,-0.0010416666666666667,0.0,0.0,2.4889638352413432,1.4294511274673367,0.42439361065994574,bess_share,0.1
ppo-frozen,40047,0.9863472055501946,0.8858535081224621,0.09858263722168613,0.1290545367321917,0.6062089925104046,0.0,-0.0010416666666666667,0.0,0.0,2.4903572784940358,1.4106024053254818,0.42975184943806205,bess_share,0.1
ppo-frozen,40048,0.9613928445925105,0.8613806895177714,0.09585282612591772,0.12871667985479915,0.615130448889533,0.0,-0.005729166666666666,0.0,0.0,2.4918764907705757,1.3381913669870622,0.45967300646580855,bess_share,0.1
ppo-frozen,40049,1.0162044835537796,0.9138831014079736,0.10162044835537795,0.13020538595558298,0.5819294130471708,0.0,0.0,0.0,0.0,2.489110827192844,1.4446671182363904,0.40281211200928707,bess_share,0.1
rolling-lp,40000,0.9772904616333448,0.877199178004713,0.09772904616333447,0.1285385768007116,0.5893630094784962,0.0,0.0,0.0,0.0,2.4999999975000056,1.425357869683627,0.4134842357935775,bess_share,0.1
rolling-lp,40001,0.9466681518737285,0.8505062795585542,0.09454962768737286,0.11939014331876881,0.563697061821912,0.0,-0.00234375,0.0,0.0,2.4999999975000056,1.4025902603410243,0.40189717393649615,bess_share,0.1
rolling-lp,40002,1.0096427417575926,0.9057460524217694,0.10077547209242592,0.13943605701324957,0.6642021851195322,0.0,-0.0037760416666666667,0.0,0.0,2.499999997500005,1.4491484628560285,0.45833964023982826,bess_share,0.1
rolling-lp,40003,1.026313679857295,0.9216086304022828,0.10144647215239615,0.12341907838811822,0.6054677486608115,0.0,-0.023697916666666666,0.0,0.0,2.4999999975000056,1.4682467657237914,0.4123746517243907,bess_share,0.1
rolling-lp,40004,0.9591975746805298,0.8608703839286393,0.09586116371805298,0.13029586555931116,0.6055272705495885,0.0,-0.0011718750000000002,0.0,0.0,2.4999999975000056,1.365295125842805,0.44351383015140616,bess_share,0.1
rolling-lp,40005,0.9407692360420387,0.8416253035124908,0.09407692360420386,0.1361148417593352,0.6064431606651601,0.0,0.0,0.0,0.0,2.4999999975000056,1.3838128033767083,0.438240749894313,bess_share,0.1
rolling-lp,40006,1.016724113307256,0.9112895743178472,0.10160079674739227,0.13457926032612508,0.6347426450958646,0.0,-0.0014322916666666666,0.0,0.0,2.4999999975000056,1.4269027227036228,0.44483946592602086,bess_share,0.1
rolling-lp,40007,1.0084224417632073,0.9053301699113007,0.0996182858429874,0.1225284753847703,0.60301427095305,0.0,-0.024479166666666663,0.0,0.0,2.4999999975000056,1.4238648273178998,0.4235052790010507,bess_share,0.1
rolling-lp,40008,0.9773886354873778,0.8775015822017803,0.0977323531320711,0.12056200840574606,0.5530448809655905,0.0,-0.00013020833333333333,0.0,0.0,2.4999999975000056,1.4437851177587382,0.38305207205910974,bess_share,0.1
rolling-lp,40009,1.0000773318432234,0.8993452171272698,0.09984497276765567,0.12189241130087512,0.576526682970698,0.0,-0.0032552083333333335,0.0,0.0,2.4999999975000056,1.4237136223711908,0.4049456814288919,bess_share,0.1
rolling-lp,40010,0.976065436691298,0.8778898432792186,0.0976065436691298,0.11242544489815649,0.5033009268733886,0.0,0.0,0.0,0.0,2.499999997500005,1.390472338802155,0.3619639980087381,bess_share,0.1
rolling-lp,40011,0.9586067296125597,0.8579249175736121,0.09586067296125597,0.1317195696314366,0.5950707581536276,0.0,0.0,0.0,0.0,2.4999999975000056,1.3776113493575735,0.43195837376857354,bess_share,0.1
rolling-lp,40012,0.9809904157468659,0.8796913952608582,0.09809904157468659,0.1317998005522146,0.6018878132975642,0.0,0.0,0.0,0.0,2.499999997500005,1.4018002533494747,0.42936774469786826,bess_share,0.1
rolling-lp,40013,0.9432810245199578,0.8468019582886984,0.09431508161866245,0.122902962735921,0.5702215671297554,0.0,-0.00026041666666666666,0.0,0.0,2.4999999975000056,1.3690152915334033,0.41651950175886127,bess_share,0.1
rolling-lp,40014,0.9601944553444802,0.8611489592342806,0.09508194553444801,0.11310671134917351,0.5561451310335469,0.0,-0.018749999999999996,0.0,0.0,2.4999999975000056,1.4370632730170796,0.3870011442613335,bess_share,0.1
rolling-lp,40015,0.98879901287211,0.8858587167968403,0.09831349503721099,0.13267240415521647,0.6376040177346421,0.0,-0.011328125,0.0,0.0,2.4999999975000056,1.4416536440066015,0.4422726778969127,bess_share,0.1
rolling-lp,40016,0.9409317645924612,0.8433597693721487,0.09408666604257945,0.12572749015116585,0.5797633789983311,0.0,-0.00013020833333333333,0.0,0.0,2.4999999975000056,1.391312143655496,0.41670259376524693,bess_share,0.1
rolling-lp,40017,0.959077547888318,0.860019477900852,0.09506140062216513,0.1287562901207779,0.6335060547498251,0.0,-0.016927083333333332,0.0,0.0,2.4999999975000056,1.411505508565177,0.44881585718627226,bess_share,0.1
rolling-lp,40018,0.9921419321409838,0.8907528837840544,0.09905794321409837,0.13027833779405013,0.6162377803465433,0.0,-0.003125,0.0,0.0,2.4999999975000056,1.427952879060266,0.43155330220146243,bess_share,0.1
rolling-lp,40019,0.9819634684441387,0.8807576500616789,0.0981117114277472,0.1305271646808662,0.6126139082083423,0.0,-0.0016927083333333332,0.0,0.0,2.4999999975000056,1.3980072634732745,0.43820509679351427,bess_share,0.1
rolling-lp,40020,0.9511852434210561,0.8523527547403206,0.09487763892543895,0.13233805173739002,0.6327041435147075,0.0,-0.0048177083333333336,0.0,0.0,2.4999999975000056,1.3967312177476319,0.4529891903862548,bess_share,0.1
rolling-lp,40021,0.9865612777676552,0.8845544806646187,0.09818737777676552,0.13226574222801118,0.637061692061503,0.0,-0.009375,0.0,0.0,2.4999999975000056,1.4383780083637743,0.4429028310758116,bess_share,0.1
rolling-lp,40022,0.9829578687781194,0.8822252406265793,0.09823719312781194,0.12284461361314239,0.570714717742916,0.0,-0.001171875,0.0,0.0,2.4999999975000056,1.4375701769891562,0.3969995530501472,bess_share,0.1
rolling-lp,40023,1.0071684500964828,0.9041709906366711,0.10071684500964828,0.13403222325662595,0.6043421958424106,0.0,0.0,0.0,0.0,2.4999999975000056,1.448092904282099,0.417336618427819,bess_share,0.1
rolling-lp,40024,0.9709629178587915,0.8717728235329023,0.09689446886921248,0.12606086596265606,0.5970912580007335,0.0,-0.004036458333333334,0.0,0.0,2.4999999975000056,1.4267049776106762,0.4185106713517542,bess_share,0.1
rolling-lp,40025,0.9767932621878208,0.8788353456958478,0.09767932621878209,0.1281425662678187,0.574983904325426,0.0,0.0,0.0,0.0,2.4999999975000056,1.438753855279865,0.3996402179673608,bess_share,0.1
rolling-lp,40026,0.9815852752993557,0.8797511518186287,0.09815852752993556,0.12938785323577542,0.5894788449070983,0.0,0.0,0.0,0.0,2.499999997500005,1.415450325353747,0.41646028429841,bess_share,0.1
rolling-lp,40027,1.0004918072596212,0.8970820938255417,0.09998407655929545,0.13940851650558092,0.656157082971998,0.0,-0.0013020833333333333,0.0,0.0,2.4999999975000056,1.4471156874810502,0.45342406875164937,bess_share,0.1
rolling-lp,40028,1.0100181939476662,0.9043983205086165,0.09960859022809997,0.13017036413770633,0.6389641546141438,0.0,-0.02786458333333333,0.0,0.0,2.4999999975000056,1.4362227072302247,0.4448921127604193,bess_share,0.1
rolling-lp,40029,0.9537323341360301,0.8535360014535202,0.09537323341360301,0.13423870350902475,0.5963737156731258,0.0,0.0,0.0,0.0,2.499999997500005,1.3799213919371163,0.4321794843950813,bess_share,0.1
rolling-lp,40030,0.9211311391452754,0.8234238392333559,0.09182014516452755,0.1368050180697876,0.6509433124195885,0.0,-0.005859375,0.0,0.0,2.4999999975000056,1.3363266699446754,0.48711391238381696,bess_share,0.1
rolling-lp,40031,0.9626630634165625,0.8631960469769431,0.0962532855083229,0.12900706116535482,0.5963708822126873,0.0,-0.00026041666666666666,0.0,0.0,2.4999999975000056,1.4496741017409545,0.4113827249148541,bess_share,0.1
rolling-lp,40032,0.9697781742272682,0.8695857307960295,0.09546740075606015,0.12465260989355112,0.6148954741307334,-0.00013020833333333333,-0.030078125,0.0,0.0,2.4999999975000056,1.4431273428021727,0.42608538823522574,bess_share,0.1
rolling-lp,40033,0.9644752334753111,0.865041133505573,0.09644752334753111,0.11741322337086464,0.5366879985609976,0.0,0.0,0.0,0.0,2.4999999975000056,1.4510674124510285,0.3698573849539261,bess_share,0.1
rolling-lp,40034,1.0178044369537929,0.9135753951542267,0.10109033952871263,0.12744577998879975,0.6176595759787015,0.0,-0.013802083333333333,0.0,0.0,2.4999999975000056,1.456818624002333,0.42397836340243844,bess_share,0.1
rolling-lp,40035,0.9657441252328542,0.8652163640290623,0.09585826668995209,0.1320407428609022,0.6462382231456141,0.0,-0.014322916666666666,0.0,0.0,2.4999999975000056,1.4674029782885167,0.44039587809706116,bess_share,0.1
rolling-lp,40036,0.9659093379319679,0.868016624080972,0.09651931920986345,0.12657393247497278,0.5945184808944605,0.0,-0.0014322916666666666,0.0,0.0,2.4999999975000056,1.4544597184576058,0.40875554912233847,bess_share,0.1
rolling-lp,40037,0.9949703304283478,0.8911539311102314,0.09949703304283478,0.1370209333468155,0.615799743478552,0.0,0.0,0.0,0.0,2.4999999975000056,1.4329074407826816,0.42975542310129283,bess_share,0.1
rolling-lp,40038,1.0091550297398992,0.9056316978146358,0.10085690922398993,0.13956851384239266,0.6543230378984849,0.0,-0.001171875,0.0,0.0,2.4999999975000056,1.369368717822157,0.4778282352901414,bess_share,0.1
rolling-lp,40039,1.0068532942583222,0.9035316758936762,0.1005551210924989,0.13157076888271313,0.6223052539606633,0.0,-0.0026041666666666665,0.0,0.0,2.4999999975000056,1.447870001599644,0.42980740900296605,bess_share,0.1
rolling-lp,40040,0.9765506720205326,0.8769130855625406,0.09765506720205326,0.11529717194171218,0.5327481481123496,0.0,0.0,0.0,0.0,2.4999999975000056,1.4260589592662298,0.37358073076198195,bess_share,0.1
rolling-lp,40041,0.9521241000223482,0.8539264926171063,0.09430095166890148,0.1261738629646893,0.6192605930014498,0.0,-0.018229166666666668,0.0,0.0,2.499999997500005,1.3951992590636555,0.4438510047783764,bess_share,0.1
rolling-lp,40042,0.9861843941153741,0.8848312764280702,0.09858588732820409,0.1261032720195931,0.5864143358278475,0.0,-0.0006510416666666666,0.0,0.0,2.4999999975000056,1.4770249085674374,0.3970239990039229,bess_share,0.1
rolling-lp,40043,0.9616816650229962,0.8609330127054001,0.09616816650229962,0.12805510208541498,0.5621852548469424,0.0,0.0,0.0,0.0,2.4999999975000056,1.3418508383070635,0.41896255440449653,bess_share,0.1
rolling-lp,40044,0.9536271188426104,0.852547476936705,0.09536271188426104,0.13670182048673712,0.6299814419105615,0.0,0.0,0.0,0.0,2.499999997500005,1.3600854090453132,0.4631925596148887,bess_share,0.1
rolling-lp,40045,0.9454490375710985,0.8487937556376662,0.09453188292377653,0.1071050788303754,0.49397674484902926,0.0,-0.00026041666666666666,0.0,0.0,2.4999999975000056,1.3714539941592114,0.36018469956177307,bess_share,0.1
rolling-lp,40046,0.9855369797467727,0.8840025298583177,0.09850161464134394,0.1297992373074518,0.6068823119097778,0.0,-0.0010416666666666667,0.0,0.0,2.4999999975000056,1.4418857888807632,0.420894856298472,bess_share,0.1
rolling-lp,40047,0.9694226448622654,0.8697620328300026,0.09689018115289319,0.12898386269660814,0.6058770147512914,0.0,-0.0010416666666666667,0.0,0.0,2.4999999975000056,1.3926551974864778,0.43505170256414044,bess_share,0.1
rolling-lp,40048,0.9844016250584968,0.8828195172952019,0.09815370417251636,0.1286593522896048,0.6148564833789906,0.0,-0.005729166666666666,0.0,0.0,2.4999999975000056,1.3237146991247977,0.464493205209186,bess_share,0.1
rolling-lp,40049,0.9952106256905793,0.8937130629679467,0.09952106256905793,0.13018211133087185,0.5818253913233561,0.0,0.0,0.0,0.0,2.4999999975000056,1.4390807575051152,0.40430350297508444,bess_share,0.1
ppo-retrained,40000,0.99503054985779,0.8939575704707422,0.09950305498577901,0.1286167253737266,0.5897213289754514,0.0,0.0,0.0,0.0,2.494559113024437,1.4450098353055452,0.4081088685813378,bess_share,0.1
ppo-retrained,40001,0.9596037801434498,0.8627547337098082,0.09584319051434499,0.11941340723318956,0.5638069017118805,0.0,-0.00234375,0.0,0.0,2.493764872896529,1.4093812423707703,0.4000386018785668,bess_share,0.1
ppo-retrained,40002,1.0019424466640143,0.8987972046113205,0.1000054425830681,0.1393245856333422,0.663671192378496,0.0,-0.0037760416666666667,0.0,0.0,2.494144148528215,1.4201221720547315,0.46733387129520726,bess_share,0.1
ppo-retrained,40003,1.0024617961419506,0.8990277989334278,0.09906128378086175,0.12339136040411328,0.6053317701266006,0.0,-0.023697916666666666,0.0,0.0,2.492087383059428,1.460194506947862,0.4145555727311161,bess_share,0.1
ppo-retrained,40004,0.9786081183700657,0.8790024130740074,0.09780221808700655,0.13052401011162276,0.6065875324961898,0.0,-0.0011718750000000002,0.0,0.0,2.493700634827754,1.4221412431721396,0.42653114478500986,bess_share,0.1
ppo-retrained,40005,0.9722867149898444,0.8720876599254137,0.09722867149898444,0.13674381471284394,0.6092454733370815,0.0,0.0,0.0,0.0,2.4945271827524538,1.4358420986528502,0.42431230697908473,bess_share,0.1
ppo-retrained,40006,1.004975582422615,0.9007701791497564,0.10042594365892817,0.13445402703352324,0.634151982677246,0.0,-0.0014322916666666666,0.0,0.0,2.493846802589683,1.3948058652865167,0.45465250645972904,bess_share,0.1
ppo-retrained,40007,0.9844400504820585,0.8825580249472099,0.09720702588153919,0.12252902909932017,0.6030169960157309,0.0,-0.024739583333333332,0.0,0.0,2.4933793329373475,1.423927838350021,0.4234884519952064,bess_share,0.1
ppo-retrained,40008,0.9836199250686348,0.8839099358291698,0.09835548209019682,0.12066456115944257,0.5535153133697182,0.0,-0.00013020833333333333,0.0,0.0,2.4937069746939327,1.4655233095387485,0.3776912381857159,bess_share,0.1
ppo-retrained,40009,0.9677099389208189,0.8687342352563802,0.09660823347541522,0.12188675703124097,0.5764999394082233,0.0,-0.0032552083333333335,0.0,0.0,2.493579456033922,1.4227182953015318,0.4052101820241508,bess_share,0.1
ppo-retrained,40010,0.9660349317556116,0.8687453510064386,0.09660349317556116,0.11246251504414832,0.5034668807537928,0.0,0.0,0.0,0.0,2.4954584512025626,1.4004819549505818,0.35949544296096153,bess_share,0.1
ppo-retrained,40011,0.9557978602878487,0.8547410795349266,0.09557978602878488,0.1317518419027663,0.5952165549021383,0.0,0.0,0.0,0.0,2.494394315588314,1.3857035867424248,0.4295410364790933,bess_share,0.1
ppo-retrained,40012,0.9924784115447887,0.8903213087895715,0.09924784115447886,0.13200660847587048,0.6028322393772724,0.0,0.0,0.0,0.0,2.49384390712616,1.4524540348581634,0.41504393592471983,bess_share,0.1
ppo-retrained,40013,0.9418807337092837,0.8451832063939098,0.09417505253759503,0.12307949843578617,0.5710406235722576,0.0,-0.00026041666666666666,0.0,0.0,2.49450988807313,1.4018350165720195,0.4073522324821455,bess_share,0.1
ppo-retrained,40014,0.9512873236962094,0.8530686806191611,0.09417821153628761,0.11298415925154871,0.5555425429856851,0.0,-0.01901041666666667,0.0,0.0,2.4938586076722444,1.4252000763840145,0.38979968650801305,bess_share,0.1
ppo-retrained,40015,0.975762835345197,0.8738537222854533,0.09700987728451971,0.13256921202526284,0.6371080915691673,0.0,-0.011328125,0.0,0.0,2.4933247256838262,1.4145347221072826,0.45040116839270283,bess_share,0.1
ppo-retrained,40016,0.9511977060570838,0.8530967292538144,0.09511326018904172,0.12552830570533455,0.5788448857776343,0.0,-0.00013020833333333333,0.0,0.0,2.494293600538438,1.3722811895709528,0.4218121549553642,bess_share,0.1
ppo-retrained,40017,0.9705481219562491,0.8708114305294883,0.09620845802895824,0.12876905664923888,0.633568868559314,0.0,-0.016927083333333332,0.0,0.0,2.493205174114663,1.4148920108476197,0.44778602444702603,bess_share,0.1
ppo-retrained,40018,0.9995890290171017,0.8979315767014424,0.09980265290171017,0.13032587537074683,0.6164626408355752,0.0,-0.003125,0.0,0.0,2.4938399498902846,1.4402540233405339,0.4280235505996005,bess_share,0.1
ppo-retrained,40019,0.9886696967065569,0.8865950595621173,0.09878233425398902,0.1305782218211677,0.6128535388962418,0.0,-0.0016927083333333332,0.0,0.0,2.4941903838030517,1.410867702797474,0.43438058556523296,bess_share,0.1
ppo-retrained,40020,0.9351752385466079,0.8370146419883182,0.09327663843799412,0.13246238284418993,0.6332985667014427,0.0,-0.0048177083333333336,0.0,0.0,2.4937116015457335,1.4058981495890268,0.4504583542460519,bess_share,0.1
ppo-retrained,40021,0.978105016122665,0.8765962600887762,0.0973417516122665,0.13218485998248003,0.6366721204360174,0.0,-0.009375,0.0,0.0,2.4936098777706355,1.4171140521673025,0.4492737330931871,bess_share,0.1
ppo-retrained,40022,0.9954649143213061,0.8945394770538233,0.09948789768213062,0.1229028565076344,0.5709853041049295,0.0,-0.001171875,0.0,0.0,2.493769476247947,1.4524270698979433,0.39312493958478106,bess_share,0.1
ppo-retrained,40023,1.0091189673553485,0.9064261524525569,0.10091189673553484,0.13401701781180608,0.6042736355239444,0.0,0.0,0.0,0.0,2.494896441520238,1.4444504401013663,0.41834154966337145,bess_share,0.1
ppo-retrained,40024,0.9634091284311199,0.8647230243364847,0.09613908992644533,0.12618633008202407,0.5976855227497126,0.0,-0.004036458333333334,0.0,0.0,2.4940309992823972,1.458981021721107,0.4096595595497498,bess_share,0.1
ppo-retrained,40025,0.9633975313565745,0.866162138141434,0.09633975313565744,0.12819031431112146,0.5751981528547144,0.0,0.0,0.0,0.0,2.4943289171246548,1.4505740496779198,0.39653139595488374,bess_share,0.1
ppo-retrained,40026,0.9700116792236212,0.8685448574266111,0.09700116792236212,0.1293670315676286,0.5893839833526227,0.0,0.0,0.0,0.0,2.4934512365705177,1.410224205181595,0.41793636869020234,bess_share,0.1
ppo-retrained,40027,0.9987374509393824,0.8960299968219666,0.09980864092727157,0.13932585625966587,0.6557680242028718,0.0,-0.0013020833333333333,0.0,0.0,2.4940770687613236,1.4247590460833628,0.46026591373858367,bess_share,0.1
ppo-retrained,40028,0.9616814096928594,0.8587442662625083,0.09477491180261928,0.1300211447420226,0.6382316849337621,0.0,-0.02786458333333333,0.0,0.0,2.4936175829667953,1.3971829553691468,0.45679893422771983,bess_share,0.1
ppo-retrained,40029,1.006801235290669,0.9039876195383266,0.1006801235290669,0.13448146956997015,0.5974522369491869,0.0,0.0,0.0,0.0,2.4948262384909414,1.4374711787809136,0.4156272805802427,bess_share,0.1
ppo-retrained,40030,0.955742300671196,0.8561374221190537,0.09528126131711959,0.13738551356389453,0.6537054162159993,0.0,-0.005859375,0.0,0.0,2.4926254603027345,1.3967847624266725,0.46800726482747346,bess_share,0.1
ppo-retrained,40031,0.9646769189734339,0.8652550829005525,0.09645467106401005,0.12889678822447362,0.5958611149918588,0.0,-0.00026041666666666666,0.0,0.0,2.4945396761917236,1.4218524804280892,0.41907379506238074,bess_share,0.1
ppo-retrained,40032,0.9786304556209587,0.878540652259433,0.09635262889542921,0.12459410235346258,0.6146068638751303,-0.00013020833333333333,-0.030078125,0.0,0.0,2.4921579609880404,1.4277511683871558,0.430471974027109,bess_share,0.1
ppo-retrained,40033,0.9686208337794844,0.8695206412401579,0.09686208337794844,0.11707555390048374,0.5351445339747178,0.0,0.0,0.0,0.0,2.494473914428701,1.4264589296991697,0.37515593532550995,bess_share,0.1
ppo-retrained,40034,1.0001600636977586,0.8967408489706438,0.09932590220310919,0.12743674397004398,0.617615783367336,0.0,-0.013802083333333333,0.0,0.0,2.4938070737116633,1.4544211386461017,0.4246471444593174,bess_share,0.1
ppo-retrained,40035,0.9860542426146998,0.8850166159372477,0.09788927842813665,0.13190262102493475,0.6455622226330506,0.0,-0.014322916666666666,0.0,0.0,2.4937006948495317,1.4570891354197504,0.44304923215770226,bess_share,0.1
ppo-retrained,40036,0.9385946545552275,0.8423669161226607,0.09378785087218941,0.12649862446389995,0.5941647587380358,0.0,-0.0014322916666666666,0.0,0.0,2.4941052007013647,1.435477168943493,0.41391446105362945,bess_share,0.1
ppo-retrained,40037,0.9808835508822928,0.8781219288487512,0.09808835508822929,0.1369228396267888,0.6153588904924145,0.0,0.0,0.0,0.0,2.4944238962397995,1.423358677469921,0.432328758894589,bess_share,0.1
ppo-retrained,40038,1.012384090199467,0.9084202445542282,0.10117981526994671,0.13994442895503487,0.6560853975577257,0.0,-0.001171875,0.0,0.0,2.4932130747731645,1.4622890071787207,0.4486701290489418,bess_share,0.1
ppo-retrained,40039,0.981343592277422,0.8794799037895099,0.09800415089440886,0.1314379564899939,0.6216770760569988,0.0,-0.0026041666666666665,0.0,0.0,2.49358501109301,1.4134435505197185,0.4398315559389763,bess_share,0.1
ppo-retrained,40040,0.9748164009152711,0.8753511000180457,0.09748164009152711,0.11517268349743445,0.5321729302901477,0.0,0.0,0.0,0.0,2.4936811441492277,1.4024210817190457,0.37946729211873087,bess_share,0.1
ppo-retrained,40041,0.9758693334929115,0.8762364379873212,0.09667547501595782,0.12660064835681287,0.621355253248832,0.0,-0.018229166666666668,0.0,0.0,2.4944195475329094,1.4431690024762158,0.4305491956816556,bess_share,0.1
ppo-retrained,40042,0.9458140336595623,0.8467701319666635,0.09454885128262289,0.125828453050926,0.5851363532632177,0.0,-0.0006510416666666666,0.0,0.0,2.4937239810242846,1.4090700292751386,0.4152642105121111,bess_share,0.1
ppo-retrained,40043,1.0061768557913684,0.9033141045126303,0.10061768557913683,0.12837095809586827,0.5635719203435906,0.0,0.0,0.0,0.0,2.4951447624357277,1.4163822305608729,0.39789536198884806,bess_share,0.1
ppo-retrained,40044,1.0052332983809125,0.9014571998578205,0.10052332983809124,0.13702765912508502,0.6314830480668343,0.0,0.0,0.0,0.0,2.495036313219132,1.4400385404026759,0.43851815791697746,bess_share,0.1
ppo-retrained,40045,0.9574871394229811,0.8604464488760256,0.09573569310896476,0.10720489542081028,0.4944371065327459,0.0,-0.00026041666666666666,0.0,0.0,2.4944646907093215,1.389522964721798,0.3558322669620212,bess_share,0.1
ppo-retrained,40046,1.004712983801705,0.9021985515997553,0.10041921504683718,0.1298318361054304,0.6070347290910582,0.0,-0.0010416666666666667,0.0,0.0,2.493773693240921,1.450041403435518,0.41863268707558143,bess_share,0.1
ppo-retrained,40047,0.9811932676417285,0.880778602820372,0.09806724343083953,0.12922309040823157,0.6070007411518964,0.0,-0.0010416666666666667,0.0,0.0,2.493290388882738,1.4534055059398918,0.4176403203862639,bess_share,0.1
ppo-retrained,40048,0.9775992750086733,0.876198266181726,0.097473469167534,0.12884884735033042,0.61576207061056,0.0,-0.005729166666666666,0.0,0.0,2.49340218002703,1.3715670201916492,0.448947854202939,bess_share,0.1
ppo-retrained,40049,1.0155730411401163,0.9133419680247107,0.10155730411401162,0.13031340249712303,0.5824121734349724,0.0,0.0,0.0,0.0,2.4940228118913046,1.4705931803524392,0.39603894619951435,bess_share,0.1
ppo-frozen,40000,0.9965472876909549,0.8939878069801688,0.0996547287690955,0.13405163117625749,0.6146409485926652,0.0,0.0,0.0,0.0,2.492237323781917,1.405860850263109,0.437198993397984,bess_share,0.2
ppo-frozen,40001,0.9552405722347763,0.8574408876181062,0.09540686972347764,0.1240082376220547,0.5855012586979328,0.0,-0.00234375,0.0,0.0,2.4924267621445657,1.3753303518102635,0.42571681627419417,bess_share,0.2
ppo-frozen,40002,0.9990723551699409,0.894861477817739,0.09971843343366074,0.14446081298643113,0.6881375571356994,0.0,-0.0037760416666666667,0.0,0.0,2.4923963746158897,1.3787781544632016,0.49909229770442026,bess_share,0.2
ppo-frozen,40003,0.9953675654461104,0.8912200517839524,0.09835186071127772,0.12810454022537965,0.6284536278870492,0.0,-0.023697916666666666,0.0,0.0,2.4921625546043114,1.4147023021622076,0.44423029984932594,bess_share,0.2
ppo-frozen,40004,0.9733666098229379,0.8728369657115569,0.09727806723229379,0.13601414210064636,0.6321019617069705,0.0,-0.0011718750000000002,0.0,0.0,2.492339113588198,1.3950507649632178,0.4531031970894885,bess_share,0.2
ppo-frozen,40005,0.9824011849211378,0.8796430606267024,0.09824011849211378,0.1415303168834918,0.6305711529424743,0.0,0.0,0.0,0.0,2.491283344156504,1.421773890977573,0.44351015090656276,bess_share,0.2
ppo-frozen,40006,1.0127654069858734,0.9066421179893797,0.101204926115254,0.13960658820783953,0.6584540207541254,0.0,-0.0014322916666666666,0.0,0.0,2.4920529805539697,1.357694688569878,0.4849794481023603,bess_share,0.2
ppo-frozen,40007,0.9879982742346716,0.8846965826776407,0.0975628482568005,0.12650402797813617,0.622579640890086,0.0,-0.024739583333333332,0.0,0.0,2.490855097232774,1.3974163562132027,0.44552193633770487,bess_share,0.2
ppo-frozen,40008,0.9744214487629943,0.8741480610162223,0.09743563445963277,0.12550941186811876,0.5757397265070509,0.0,-0.00013020833333333333,0.0,0.0,2.4926763534811225,1.4036284546160758,0.4101795775182748,bess_share,0.2
ppo-frozen,40009,0.9573701964264576,0.8580612760991815,0.09557425922597909,0.12627926823879546,0.5972756373321254,0.0,-0.0032552083333333335,0.0,0.0,2.4943944413636876,1.3561313104495638,0.44042610972098695,bess_share,0.2
ppo-frozen,40010,0.9633449636226216,0.8650450914871703,0.09633449636226216,0.11718990467687729,0.5246302355975249,0.0,0.0,0.0,0.0,2.49356005851749,1.3533766457581113,0.3876454032525783,bess_share,0.2
ppo-frozen,40011,0.9586774240884893,0.8562645060895892,0.09586774240884893,0.13705239852944584,0.6191629302152387,0.0,0.0,0.0,0.0,2.492768053721791,1.3574062348098652,0.4561367955569809,bess_share,0.2
ppo-frozen,40012,1.011719219378728,0.9069351346609762,0.1011719219378728,0.1375454814471392,0.6281265124098723,0.0,0.0,0.0,0.0,2.4909682099054775,1.4045493378005602,0.4472085782287154,bess_share,0.2
ppo-frozen,40013,0.9282711673964025,0.8316211075126738,0.09281409590630692,0.12686619744718072,0.5886094225373864,0.0,-0.00026041666666666666,0.0,0.0,2.493224839579102,1.356107140285593,0.4340434505885918,bess_share,0.2
ppo-frozen,40014,0.9477636811122293,0.8489919795835457,0.09381933686122293,0.1162831118728081,0.5717634764381646,0.0,-0.019140625,0.0,0.0,2.4929323621214814,1.3799842977914243,0.41432607411057876,bess_share,0.2
ppo-frozen,40015,0.9946779299519168,0.8903728378893332,0.09890138674519167,0.13786832753987205,0.6625748596138765,0.0,-0.011328125,0.0,0.0,2.4905716769890285,1.4035719137383447,0.4720633500346562,bess_share,0.2
ppo-frozen,40016,0.9658404304824214,0.8655010252482516,0.09657753263157548,0.12991711008763226,0.5990828469059788,0.0,-0.00013020833333333333,0.0,0.0,2.4928612294687773,1.3517068966822825,0.44320469798327344,bess_share,0.2
ppo-frozen,40017,0.9792813663105352,0.8775145856453214,0.09707527204772018,0.13394395355874886,0.6590303704541384,0.0,-0.017057291666666665,0.0,0.0,2.4919444192726,1.3938033127119207,0.47282881626379847,bess_share,0.2
ppo-frozen,40018,1.0073062271386364,0.9037168296112238,0.10057437271386364,0.13566629688971135,0.6417237054046068,0.0,-0.003125,0.0,0.0,2.4917944839850774,1.4110887748404595,0.4547720291213863,bess_share,0.2
ppo-frozen,40019,0.9880936969263681,0.884880195812837,0.09872473427597014,0.1358484712113778,0.6375888350628529,0.0,-0.0016927083333333332,0.0,0.0,2.4922424674083894,1.3691776696553428,0.46567282624712275,bess_share,0.2
ppo-frozen,40020,0.9387330647569242,0.8395671885149744,0.09363242105902575,0.1366060978781222,0.6531095404697107,0.0,-0.0048177083333333336,0.0,0.0,2.4918903335020164,1.3823103479071333,0.4724767787917826,bess_share,0.2
ppo-frozen,40021,0.9746258535982867,0.8718796390188072,0.09699383535982867,0.1374481201293976,0.6620227619435891,0.0,-0.009375,0.0,0.0,2.490538280430096,1.4004130229061715,0.47273393714216055,bess_share,0.2
ppo-frozen,40022,0.9989023458719262,0.8960448455676988,0.09983164083719262,0.12771890606836597,0.5933598330716172,0.0,-0.001171875,0.0,0.0,2.4908013051330817,1.4210141406706398,0.41756082229525476,bess_share,0.2
ppo-frozen,40023,1.0179561028541024,0.9134108586991633,0.10179561028541025,0.13965795426671032,0.6297082350622746,0.0,0.0,0.0,0.0,2.4916976321752933,1.397868360586422,0.45047749331568293,bess_share,0.2
ppo-frozen,40024,0.9623873935106606,0.8623335179747007,0.0960369164343994,0.13152502456315068,0.6229724171358084,0.0,-0.004036458333333334,0.0,0.0,2.4911566649735,1.416188586107238,0.43989368594489936,bess_share,0.2
ppo-frozen,40025,0.9623576145656051,0.863835130412778,0.09623576145656051,0.13373594692690158,0.6000817616838945,0.0,0.0,0.0,0.0,2.490445513303006,1.4117073579522472,0.4250751816965404,bess_share,0.2
ppo-frozen,40026,0.9953221179459247,0.8907798050807965,0.09953221179459247,0.1349471488783657,0.6148064710477034,0.0,0.0,0.0,0.0,2.490178999218452,1.4054009419571953,0.4374598398884727,bess_share,0.2
ppo-frozen,40027,1.0030197469492457,0.8988932704186257,0.10023687052825792,0.14445501803507113,0.6799095609827045,0.0,-0.0013020833333333333,0.0,0.0,2.4919164494602186,1.406006968823038,0.4835748158146425,bess_share,0.2
ppo-frozen,40028,0.9737039759803947,0.8689932501439533,0.0959771684313728,0.13533297995938115,0.6643057634814613,0.0,-0.02786458333333333,0.0,0.0,2.4912593877469305,1.393449970653068,0.47673456347350684,bess_share,0.2
ppo-frozen,40029,1.0050878300878883,0.9007837172525175,0.10050878300878882,0.14015776955346207,0.6226699724005934,0.0,0.0,0.0,0.0,2.4906187184744604,1.3915435033947547,0.44746712616713186,bess_share,0.2
ppo-frozen,40030,0.9469637508541895,0.846825913390105,0.09440340633541897,0.14092730543061815,0.6705579100949135,0.0,-0.005859375,0.0,0.0,2.493132543175058,1.362759808593254,0.49205876623784145,bess_share,0.2
ppo-frozen,40031,0.9561241486620299,0.8562406034581903,0.09559939403286966,0.13404271669358828,0.6196495950425419,0.0,-0.00026041666666666666,0.0,0.0,2.4919624822947295,1.3600794777468215,0.4555980773043394,bess_share,0.2
ppo-frozen,40032,0.9736553678207627,0.8724832189528559,0.09584860969874293,0.12925490533972805,0.6375980123518211,-0.00013020833333333333,-0.030208333333333334,0.0,0.0,2.4917464274933665,1.4099456741371825,0.45221459524814656,bess_share,0.2
ppo-frozen,40033,0.9668815950540623,0.8664516095461452,0.09668815950540624,0.12086257583470335,0.552454758189951,0.0,0.0,0.0,0.0,2.4907925417178287,1.4016537184455093,0.39414496670593197,bess_share,0.2
ppo-frozen,40034,0.9994168275867927,0.8950516749274786,0.0992515785920126,0.13258033015249227,0.6425439156345647,0.0,-0.013802083333333333,0.0,0.0,2.4911691402656713,1.4095726185889568,0.45584307410694386,bess_share,0.2
ppo-frozen,40035,0.9844434424678457,0.882130118469173,0.09772819841345123,0.13471229161733858,0.6593134064867517,0.0,-0.014322916666666666,0.0,0.0,2.490152117478858,1.4319108485208498,0.46044305563283927,bess_share,0.2
ppo-frozen,40036,0.9424103494090003,0.8444852657225024,0.09416942035756669,0.13189990439911226,0.6195346013207736,0.0,-0.0014322916666666666,0.0,0.0,2.49217066005663,1.3984766782628095,0.44300674508949317,bess_share,0.2
ppo-frozen,40037,0.9932392348746469,0.8882106053648602,0.09932392348746469,0.141690035828554,0.6367836328763283,0.0,0.0,0.0,0.0,2.490502270906763,1.4041080554822398,0.4535146923985316,bess_share,0.2
ppo-frozen,40038,1.0219879998099084,0.9159322042725169,0.10214020623099085,0.14565830336443444,0.6828730988722977,0.0,-0.001171875,0.0,0.0,2.490251794493478,1.4373343395561136,0.47509690687776013,bess_share,0.2
ppo-frozen,40039,1.0076551101923485,0.9026308692261856,0.10063530268590153,0.136758924519314,0.646844264703243,0.0,-0.0026041666666666665,0.0,0.0,2.4918596503028594,1.3963488567713838,0.46323972807115427,bess_share,0.2
ppo-frozen,40040,0.9795155624783928,0.8784555270560678,0.09795155624783927,0.11941147197994857,0.5517588982394828,0.0,0.0,0.0,0.0,2.4909740412150425,1.376517150082517,0.4008369225232006,bess_share,0.2
ppo-frozen,40041,0.9602980249456017,0.8606445609813073,0.09511834416122684,0.13080928178961165,0.6420112019063609,0.0,-0.018229166666666668,0.0,0.0,2.492464166760229,1.401768866603181,0.4580007569023177,bess_share,0.2
ppo-frozen,40042,0.9600480106465109,0.8588273638499172,0.09597224898131776,0.13148749685246858,0.611452438160576,0.0,-0.0006510416666666666,0.0,0.0,2.491778089855884,1.4041949404221492,0.43544697431878826,bess_share,0.2
ppo-frozen,40043,0.996094577452746,0.8922834894414013,0.0996094577452746,0.13396763386798513,0.5881423477924286,0.0,0.0,0.0,0.0,2.49297633489474,1.3685047130652972,0.42977005645457783,bess_share,0.2
ppo-frozen,40044,0.9972276639843013,0.892265511134229,0.09972276639843013,0.1425830692250254,0.6570847939155993,0.0,0.0,0.0,0.0,2.490842314364311,1.4016027001416025,0.46880959479402734,bess_share,0.2
ppo-frozen,40045,0.9720739575330852,0.8726621269385848,0.0971943749199752,0.11131100215591562,0.5133747821421566,0.0,-0.00026041666666666666,0.0,0.0,2.493545402329144,1.3634059682950719,0.3765384588891947,bess_share,0.2
ppo-frozen,40046,1.0090168175130407,0.9046902530637971,0.10084959841797074,0.1354378801227811,0.633246046079455,0.0,-0.0010416666666666667,0.0,0.0,2.4897127643948394,1.4262848129361594,0.44398288500026195,bess_share,0.2
ppo-frozen,40047,0.9871338482549676,0.8849525233018412,0.09866130149216343,0.13456969838490807,0.6321154090818977,0.0,-0.0010416666666666667,0.0,0.0,2.4912550650077496,1.405570768632674,0.4497215104272648,bess_share,0.2
ppo-frozen,40048,0.9551265637305335,0.8546680036900758,0.09522619803972002,0.1339299191699349,0.6400442537181343,0.0,-0.005729166666666666,0.0,0.0,2.493119506744959,1.3273334247592248,0.48220307104391413,bess_share,0.2
ppo-frozen,40049,1.0266433416655447,0.9218703017424451,0.10266433416655447,0.13619843377793328,0.6087142559016256,0.0,0.0,0.0,0.0,2.490488361059441,1.441557336751635,0.4222615642006202,bess_share,0.2
rolling-lp,40000,0.9822470224950774,0.8804420334681053,0.09822470224950774,0.13390598845205687,0.6139731612530199,0.0,0.0,0.0,0.0,2.4999999975000056,1.387548514550206,0.44248770750336486,bess_share,0.2
rolling-lp,40001,0.9420470970984354,0.8447289995273615,0.09408752220984354,0.12417540472934208,0.5862905332945766,0.0,-0.00234375,0.0,0.0,2.4999999975000056,1.3997292728394997,0.4188599500424992,bess_share,0.2
rolling-lp,40002,1.0017600814190584,0.8974945341332949,0.0999872060585725,0.14471649150445962,0.6893554790563294,0.0,-0.0037760416666666667,0.0,0.0,2.4999999975000056,1.4120665152160243,0.48818909847944997,bess_share,0.2
rolling-lp,40003,1.027079491555976,0.9210561337950264,0.10152305332226427,0.12834362953670617,0.6296265491966906,0.0,-0.023697916666666666,0.0,0.0,2.4999999975000056,1.4494308200267345,0.43439572313294483,bess_share,0.2
rolling-lp,40004,0.9535707040886672,0.8547005112953591,0.09529847665886672,0.13597835018148427,0.6319356250160486,0.0,-0.0011718750000000002,0.0,0.0,2.4999999975000056,1.3905916805460954,0.4544365063135448,bess_share,0.2
rolling-lp,40005,0.9736378681633644,0.871175883837684,0.09736378681633644,0.14114369099057275,0.6288485881915167,0.0,0.0,0.0,0.0,2.4999999975000056,1.396950415626287,0.4501581309953571,bess_share,0.2
rolling-lp,40006,1.0403208242424178,0.9318133336222494,0.10396046784090844,0.14036954661233722,0.6620525115958453,0.0,-0.0014322916666666666,0.0,0.0,2.4999999975000056,1.4554664815795162,0.4548730733237951,bess_share,0.2
rolling-lp,40007,0.9857437355317495,0.882097986171059,0.09735041521984163,0.12720253895156441,0.6260173078003436,0.0,-0.024479166666666663,0.0,0.0,2.4999999975000056,1.4347325832911229,0.43633030649121174,bess_share,0.2
rolling-lp,40008,1.0077073469477285,0.904631375226164,0.10076422427810619,0.12608775743933703,0.5783927269158939,0.0,-0.00013020833333333333,0.0,0.0,2.4999999975000056,1.4726654988225056,0.39275227631689447,bess_share,0.2
rolling-lp,40009,1.006254970295096,0.9035559061528143,0.10046273661284293,0.12696836113627527,0.6005349086698798,0.0,-0.0032552083333333335,0.0,0.0,2.4999999975000056,1.4310428981799415,0.4196484322263606,bess_share,0.2
rolling-lp,40010,0.9786968969321947,0.8789074186248272,0.09786968969321948,0.11792909369445269,0.5279394021124303,0.0,0.0,0.0,0.0,2.4999999975000056,1.4382789925788608,0.3670632782905528,bess_share,0.2
rolling-lp,40011,0.9852466357961959,0.8811428357060413,0.09852466357961959,0.13776266879458388,0.622371724977872,0.0,0.0,0.0,0.0,2.4999999975000056,1.4464559879892591,0.4302735307162996,bess_share,0.2
rolling-lp,40012,0.9783243843498153,0.8757748537320253,0.09783243843498153,0.13751594322120378,0.6279916207169981,0.0,0.0,0.0,0.0,2.4999999975000056,1.4009319163395269,0.4482670523760124,bess_share,0.2
rolling-lp,40013,0.9372901878301727,0.8403986623580995,0.09371599794968394,0.12695164021506133,0.5890058434853945,0.0,-0.00026041666666666666,0.0,0.0,2.4999999975000056,1.3608106648001543,0.43283452924135823,bess_share,0.2
rolling-lp,40014,0.986679228371785,0.8844763984818574,0.0977304228371785,0.11737430239175474,0.5771288547336108,0.0,-0.018749999999999996,0.0,0.0,2.4999999975000056,1.4635396114092718,0.3943377071823029,bess_share,0.2
rolling-lp,40015,0.9804855965741706,0.87721924366791,0.09748215340741707,0.137926860612363,0.6628561609321741,0.0,-0.011328125,0.0,0.0,2.499999997500005,1.4112631680138301,0.469689974170486,bess_share,0.2
rolling-lp,40016,0.9409504132340781,0.8422678694084937,0.09408853090674114,0.13053899015034334,0.6019505036615187,0.0,-0.00013020833333333333,0.0,0.0,2.4999999975000056,1.3947395065323258,0.43158632909031125,bess_share,0.2
rolling-lp,40017,0.9629791097549094,0.8623138494761657,0.09545155680882426,0.13407187083438427,0.6596597483940132,0.0,-0.016927083333333332,0.0,0.0,2.499999997500006,1.4107692462166987,0.4675886933054729,bess_share,0.2
rolling-lp,40018,1.0074129093634123,0.9034217921545294,0.10058504093634121,0.1359288903426486,0.6429658152542688,0.0,-0.003125,0.0,0.0,2.4999999975000056,1.445064002187996,0.444939334369096,bess_share,0.2
rolling-lp,40019,0.979515367533772,0.8773739156264885,0.09786690133671053,0.13595142829326423,0.6380720520274317,0.0,-0.0016927083333333332,0.0,0.0,2.4999999975000056,1.3821442527500194,0.46165373169831947,bess_share,0.2
rolling-lp,40020,0.958282666706098,0.8578796005127505,0.09558738125394313,0.13687919447638694,0.6544152068826088,0.0,-0.0048177083333333336,0.0,0.0,2.499999997500006,1.3985737317308413,0.4679161291501737,bess_share,0.2
rolling-lp,40021,0.9622943999695197,0.860522908035243,0.09576068999695198,0.1373883350546648,0.6617348054385429,0.0,-0.009375,0.0,0.0,2.499999997500006,1.3925542697152258,0.4751949850930163,bess_share,0.2
rolling-lp,40022,0.9880858122121858,0.8857820714449011,0.09874998747121858,0.12740452160072493,0.5918992574921494,0.0,-0.001171875,0.0,0.0,2.4999999975000056,1.4008625392156056,0.42252486658939115,bess_share,0.2
rolling-lp,40023,1.007561851139653,0.9029701155655341,0.1007561851139653,0.1399595806456025,0.6310682479286929,0.0,0.0,0.0,0.0,2.4999999975000056,1.4339956588696499,0.44007681893969874,bess_share,0.2
rolling-lp,40024,0.9793986822666998,0.8779985941204883,0.0977380453100033,0.13193613395286746,0.6249196496953137,0.0,-0.004036458333333334,0.0,0.0,2.4999999975000056,1.4690681857232843,0.42538505412370586,bess_share,0.2
rolling-lp,40025,0.9798354091443399,0.880042015419551,0.09798354091443398,0.13413060724924153,0.6018526278342342,0.0,0.0,0.0,0.0,2.499999997500006,1.460557126535236,0.41207058382027245,bess_share,0.2
rolling-lp,40026,0.9901102225679153,0.8860855976276747,0.09901102225679152,0.13514696286513372,0.6157168047086357,0.0,0.0,0.0,0.0,2.4999999975000056,1.4304770285501698,0.43042760730850926,bess_share,0.2
rolling-lp,40027,1.0067901438182445,0.9014488402537614,0.1006139102151578,0.14492831570869427,0.6821372413905192,0.0,-0.0013020833333333333,0.0,0.0,2.499999997500005,1.4700120189315504,0.4640351457033102,bess_share,0.2
rolling-lp,40028,1.0218015534324019,0.9136689521524192,0.10078692617657352,0.13604996789666082,0.6678252250290052,0.0,-0.02786458333333333,0.0,0.0,2.4999999975000056,1.487241501675477,0.4490361681520153,bess_share,0.2
rolling-lp,40029,0.9643239797660732,0.8622315656065143,0.09643239797660733,0.14028495156481638,0.6232349958006671,0.0,0.0,0.0,0.0,2.4999999975000056,1.406618299301788,0.443073288688215,bess_share,0.2
rolling-lp,40030,0.9235358830599947,0.8248390598752782,0.09206061955599947,0.140786778788231,0.669889258612904,0.0,-0.005859375,0.0,0.0,2.4999999975000056,1.355778119112625,0.49409947628551165,bess_share,0.2
rolling-lp,40031,0.9719396062827061,0.8701870526917183,0.09718093979493728,0.13507624791404826,0.6244273794535057,0.0,-0.00026041666666666666,0.0,0.0,2.4999999975000056,1.4904583086768681,0.4189499134718043,bess_share,0.2
rolling-lp,40032,0.977826076130917,0.8755786594784841,0.09627219094642503,0.1299265051642372,0.640910928887386,-0.00013020833333333333,-0.030078125,0.0,0.0,2.4999999975000056,1.4558385723413858,0.4402348866582277,bess_share,0.2
rolling-lp,40033,0.970263686735279,0.8690926717534637,0.0970263686735279,0.12147246721922589,0.5552425309560994,0.0,0.0,0.0,0.0,2.4999999975000056,1.4382479459070023,0.3860548054570291,bess_share,0.2
rolling-lp,40034,1.0210793376405995,0.9152018816674915,0.10141782959739327,0.1329760110791603,0.644461563385711,0.0,-0.013802083333333333,0.0,0.0,2.4999999975000056,1.4620647200915893,0.44078866997443145,bess_share,0.2
rolling-lp,40035,1.0032104070559822,0.89887858457011,0.0996048948722649,0.1365785308759724,0.6684472171298393,0.0,-0.014322916666666666,0.0,0.0,2.4999999975000056,1.5026965366955676,0.44483180789100374,bess_share,0.2
rolling-lp,40036,0.9285456429689297,0.8312898841623596,0.09278294971355963,0.13208592194564972,0.6204083267950851,0.0,-0.0014322916666666666,0.0,0.0,2.4999999975000056,1.4219209787916773,0.43631702186593857,bess_share,0.2
rolling-lp,40037,1.0060654629221213,0.9001810880611906,0.10060654629221213,0.14188946313920828,0.6376798994813198,0.0,0.0,0.0,0.0,2.4999999975000056,1.4185499481833483,0.4495293946455379,bess_share,0.2
rolling-lp,40038,1.0050802785908868,0.900062400516813,0.10044943410908869,0.14525777245695495,0.6809953358085586,0.0,-0.001171875,0.0,0.0,2.4999999975000056,1.3878318766760784,0.4906900808760597,bess_share,0.2
rolling-lp,40039,0.9800030616663433,0.8766114237967793,0.097870097833301,0.13694151361184065,0.6477078771344854,0.0,-0.0026041666666666665,0.0,0.0,2.4999999975000056,1.4200134197420942,0.45612799719324026,bess_share,0.2
rolling-lp,40040,0.9865854054927156,0.8847691481901652,0.09865854054927156,0.11989594705815834,0.5539974891465809,0.0,0.0,0.0,0.0,2.4999999975000056,1.4338857907661675,0.3863609589509661,bess_share,0.2
rolling-lp,40041,0.961720509542548,0.8616933735424954,0.09526059262092144,0.13087081539797266,0.6423132085019252,0.0,-0.018229166666666668,0.0,0.0,2.4999999975000056,1.4068283188199537,0.4565682961519405,bess_share,0.2
rolling-lp,40042,0.9905382939584005,0.8874943094136064,0.09902127731250672,0.13187817249293526,0.6132691855974927,0.0,-0.0006510416666666666,0.0,0.0,2.4999999975000056,1.4524964025066405,0.422217352510578,bess_share,0.2
rolling-lp,40043,0.9818306634391432,0.8777012122374264,0.09818306634391431,0.13458561287387835,0.5908553883449744,0.0,0.0,0.0,0.0,2.4999999975000056,1.4414158405545556,0.4099132059750743,bess_share,0.2
rolling-lp,40044,0.9344018396632472,0.8341431268036762,0.09344018396632472,0.14175189045999914,0.6532543606776785,0.0,0.0,0.0,0.0,2.499999997500005,1.2996268489679415,0.5026476339700432,bess_share,0.2
rolling-lp,40045,0.9393577798670634,0.8419361179517347,0.093922757153373,0.11133075990492144,0.5134659063787104,0.0,-0.00026041666666666666,0.0,0.0,2.4999999975000056,1.3656923021528804,0.37597481187327597,bess_share,0.2
rolling-lp,40046,0.9849756313867004,0.8821630009081187,0.09844547980533672,0.13534073213537953,0.6327918261902273,0.0,-0.0010416666666666667,0.0,0.0,2.499999997500005,1.4141325007475642,0.4474770404157386,bess_share,0.2
rolling-lp,40047,0.9789771291051537,0.8770519382499052,0.09784562957718204,0.13466024276583322,0.6325407239861852,0.0,-0.0010416666666666667,0.0,0.0,2.4999999975000056,1.4170673444946396,0.4463730862500148,bess_share,0.2
rolling-lp,40048,0.9811190874481399,0.8785237819474154,0.09782545041148065,0.13408092632047275,0.6407659091896758,0.0,-0.005729166666666666,0.0,0.0,2.4999999975000056,1.3463999973212177,0.4759105098518542,bess_share,0.2
rolling-lp,40049,0.9939835270160653,0.8912008429262758,0.09939835270160653,0.13594044156404747,0.6075612063830095,0.0,0.0,0.0,0.0,2.4999999975000056,1.4105957725907594,0.43071248205085505,bess_share,0.2
ppo-retrained,40000,1.006786701126131,0.9032706084527238,0.10067867011261308,0.13442944815644306,0.616373279524098,0.0,0.0,0.0,0.0,2.4972649316120807,1.4533655328153818,0.4241006585109341,bess_share,0.2
ppo-retrained,40001,0.9692000764470785,0.8702743940721531,0.09680282014470784,0.12423128290596423,0.5865543604674595,0.0,-0.00234375,0.0,0.0,2.4964337217541073,1.4078849874461474,0.41662093544405776,bess_share,0.2
ppo-retrained,40002,1.0114553461953348,0.9063360659093753,0.10095673253620015,0.14479295931242173,0.6897197326520468,0.0,-0.0037760416666666667,0.0,0.0,2.4970814124854357,1.422022330030042,0.4850273572268556,bess_share,0.2
ppo-retrained,40003,1.0103868152345796,0.9049704755179598,0.09985378569012462,0.1284368540079725,0.6300838886248803,0.0,-0.023697916666666666,0.0,0.0,2.4955705756801603,1.462971984614203,0.43068759706361587,bess_share,0.2
ppo-retrained,40004,0.9865704285589393,0.8851897002320459,0.09859844910589392,0.13626746241720444,0.6332792236193245,0.0,-0.0011718750000000002,0.0,0.0,2.4962869212360763,1.4266103097585234,0.4439048416287677,bess_share,0.2
ppo-retrained,40005,0.9887412115688601,0.8858294915047747,0.09887412115688601,0.1419623312610035,0.6324959405788896,0.0,0.0,0.0,0.0,2.4973716949314912,1.449511552753389,0.4363510862520863,bess_share,0.2
ppo-retrained,40006,1.0142224752439788,0.9078965253575881,0.10135063294106454,0.1398994778079414,0.6598354336036182,0.0,-0.0014322916666666666,0.0,0.0,2.496573203839411,1.395227981586925,0.4729230221236853,bess_share,0.2
ppo-retrained,40007,0.9907713216646743,0.8870906297435783,0.09784015299980076,0.12700603737856594,0.6250502407376817,0.0,-0.024739583333333332,0.0,0.0,2.4965497152630705,1.4214834222207955,0.43971686969177626,bess_share,0.2
ppo-retrained,40008,0.9838612964079354,0.8825538039747394,0.09837961922412689,0.12602344635276552,0.5780977175867692,0.0,-0.00013020833333333333,0.0,0.0,2.496892372215478,1.4649886918275872,0.3946089965142235,bess_share,0.2
ppo-retrained,40009,0.9722655770669681,0.871520817895922,0.09706379729003015,0.12689806899586056,0.60020244092952,0.0,-0.0032552083333333335,0.0,0.0,2.4970121163562617,1.423401409111228,0.4216677299092225,bess_share,0.2
ppo-retrained,40010,0.9742431129917853,0.8749498109320658,0.09742431129917853,0.11761750565049738,0.5265444994596774,0.0,0.0,0.0,0.0,2.4977748604213206,1.3962117625614163,0.37712366675217424,bess_share,0.2
ppo-retrained,40011,0.9614856724989469,0.8586861626037396,0.09614856724989469,0.13728734455546296,0.6202243481216164,0.0,0.0,0.0,0.0,2.4966983306252777,1.3868624666897484,0.4472140266381333,bess_share,0.2
ppo-retrained,40012,0.9964484294232906,0.8924369896838276,0.09964484294232906,0.13786218852957222,0.6295728130302282,0.0,0.0,0.0,0.0,2.4967817626421605,1.4433351132008145,0.4361930969960642,bess_share,0.2
ppo-retrained,40013,0.946653987005408,0.8484257043158429,0.09465237786720745,0.1276957978379814,0.5924584431338245,0.0,-0.00026041666666666666,0.0,0.0,2.4969815161479954,1.4017756722422263,0.4226485413219868,bess_share,0.2
ppo-retrained,40014,0.9565023461964692,0.8565797918547163,0.0946932033696469,0.11692157165521412,0.5749027799782498,0.0,-0.019140625,0.0,0.0,2.496576386965556,1.4288728341423675,0.4023470572336241,bess_share,0.2
ppo-retrained,40015,0.9782748415704617,0.8750534662781577,0.09726107790704619,0.13795466628915387,0.6629897909161228,0.0,-0.011328125,0.0,0.0,2.496565824042851,1.4149168380058461,0.4685715606088387,bess_share,0.2
ppo-retrained,40016,0.9597829885861369,0.8598856656765105,0.09597178844194702,0.1302802307207904,0.6007572941172502,0.0,-0.00013020833333333333,0.0,0.0,2.496933388021573,1.3761108130741717,0.4365617132062094,bess_share,0.2
ppo-retrained,40017,0.9805516131860317,0.8786498539066817,0.09720229673526984,0.13412127712584435,0.6599028369821772,0.0,-0.017057291666666665,0.0,0.0,2.49635886901385,1.417322105097253,0.46559835242031755,bess_share,0.2
ppo-retrained,40018,1.0071634109791354,0.9033595130414755,0.10056009109791356,0.13587654227612567,0.6427182003639828,0.0,-0.003125,0.0,0.0,2.4966987428746115,1.4382910326358957,0.44686241225192097,bess_share,0.2
ppo-retrained,40019,0.9960986953986523,0.8919983642187588,0.09952523412319855,0.1361748135583532,0.6391204845174571,0.0,-0.0016927083333333332,0.0,0.0,2.496711925421166,1.4102777579818095,0.45318766526678833,bess_share,0.2
ppo-retrained,40020,0.9399280764581478,0.8402669172982004,0.09375192222914812,0.1369234294475241,0.6546266929152298,0.0,-0.0048177083333333336,0.0,0.0,2.496341415577441,1.4012080022366145,0.4671873782267242,bess_share,0.2
ppo-retrained,40021,0.9831685447888849,0.8799474664101709,0.09784810447888848,0.13760774967691403,0.662791622178528,0.0,-0.009375,0.0,0.0,2.496391218594891,1.4213963405907395,0.4662961365885243,bess_share,0.2
ppo-retrained,40022,1.0083536095247827,0.9049920924236909,0.10077676720247826,0.12822677257184964,0.5957192925518638,0.0,-0.001171875,0.0,0.0,2.496727089856386,1.453567668035883,0.40983251461338766,bess_share,0.2
ppo-retrained,40023,1.0188166290758485,0.9137927250999385,0.10188166290758485,0.14011709288953816,0.6317784599438282,0.0,0.0,0.0,0.0,2.4971074686962194,1.4528616872350169,0.434851070473325,bess_share,0.2
ppo-retrained,40024,0.9745013716209384,0.8734715759967306,0.09724831424542717,0.13185296361797239,0.6245257107872185,0.0,-0.004036458333333334,0.0,0.0,2.4966039830821396,1.4583702690149938,0.428235355626821,bess_share,0.2
ppo-retrained,40025,0.9760363132999038,0.8764081628005184,0.09760363132999038,0.13406608390740368,0.6015631074657058,0.0,0.0,0.0,0.0,2.4966976359040878,1.45257063755077,0.4141369045432602,bess_share,0.2
ppo-retrained,40026,0.9747781218306133,0.871582567612726,0.09747781218306133,0.13489121736765738,0.6145516523649467,0.0,0.0,0.0,0.0,2.4962491548403203,1.3983816965655953,0.439473466989933,bess_share,0.2
ppo-retrained,40027,1.0051496193322436,0.9005706548625846,0.10044985776655768,0.1446544083257317,0.6808480355807578,0.0,-0.0013020833333333333,0.0,0.0,2.4968306713002626,1.4329709415110512,0.47513038531179946,bess_share,0.2
ppo-retrained,40028,0.9647806249578801,0.8604291530910715,0.09508483332912133,0.1353809343183796,0.6645411558970891,0.0,-0.02786458333333333,0.0,0.0,2.4963446514288563,1.3997230367896525,0.47476617761557566,bess_share,0.2
ppo-retrained,40029,1.0152254109993946,0.9103387176155124,0.10152254109993945,0.14054170574906372,0.6243756612188481,0.0,0.0,0.0,0.0,2.497188232755452,1.437051195311094,0.4344839371458042,bess_share,0.2
ppo-retrained,40030,0.9630373438515188,0.8616417404600951,0.09601076563515189,0.1416033763333834,0.6737747791768065,0.0,-0.005859375,0.0,0.0,2.495977433278035,1.3963485788777836,0.48252620396427465,bess_share,0.2
ppo-retrained,40031,0.9699580362769525,0.8687805439622801,0.09698278279436193,0.13458774151844963,0.6221691232969975,0.0,-0.00026041666666666666,0.0,0.0,2.496959045955875,1.4288337621714762,0.43543842521711784,bess_share,0.2
ppo-retrained,40032,0.9857530123678134,0.8837104733013179,0.09705837415344801,0.12964404263701518,0.6395175771577378,-0.00013020833333333333,-0.030208333333333334,0.0,0.0,2.4956651941175436,1.436536863890554,0.4451800668906893,bess_share,0.2
ppo-retrained,40033,0.9790289399202176,0.8778614484374635,0.09790289399202176,0.12138409073675205,0.5548385679599647,0.0,0.0,0.0,0.0,2.4967440965417453,1.4329452490925145,0.38720151262676955,bess_share,0.2
ppo-retrained,40034,1.00530678798243,0.900076238995459,0.09984057463157633,0.1328961078343792,0.6440743163203697,0.0,-0.013802083333333333,0.0,0.0,2.496829890243149,1.4514645396109431,0.44374099314407656,bess_share,0.2
ppo-retrained,40035,0.9972775853328723,0.8941000826281913,0.09901161269995389,0.13602284658074942,0.6657275684532705,0.0,-0.014322916666666666,0.0,0.0,2.4967198001125603,1.4732146213257729,0.4518877010969183,bess_share,0.2
ppo-retrained,40036,0.9437817362398361,0.8456329613433173,0.09430655904065027,0.13213500412032156,0.6206388660487396,0.0,-0.0014322916666666666,0.0,0.0,2.496581990140346,1.4281069396057795,0.4345885093311453,bess_share,0.2
ppo-retrained,40037,0.9909112547528199,0.8860401154066414,0.099091125475282,0.14192174253666334,0.6378249696117514,0.0,0.0,0.0,0.0,2.4970002835060123,1.4208875196672943,0.44889195012501787,bess_share,0.2
ppo-retrained,40038,1.0256187420941454,0.9189545621483216,0.10250328045941455,0.14590570992534616,0.6840329866440811,0.0,-0.001171875,0.0,0.0,2.4964707886073865,1.4679118402410973,0.46599050971053685,bess_share,0.2
ppo-retrained,40039,0.9892845070823729,0.8853265672082099,0.09879824237490396,0.136853925507071,0.64729360169743,0.0,-0.0026041666666666665,0.0,0.0,2.4966855205761918,1.4086615137102214,0.4595096802159004,bess_share,0.2
ppo-retrained,40040,0.981959585751836,0.8806226485799381,0.0981959585751836,0.11961774978358401,0.5527120362569444,0.0,0.0,0.0,0.0,2.4965342339594474,1.4009433336573136,0.39452847447728673,bess_share,0.2
ppo-retrained,40041,0.9836956342726015,0.8821631940377238,0.09745810509392683,0.13140538069292873,0.6449368518918809,0.0,-0.018229166666666668,0.0,0.0,2.497014721046993,1.450781658118796,0.44454439321224914,bess_share,0.2
ppo-retrained,40042,0.9502079709264603,0.8495152923744698,0.09498824500931269,0.1315478728460177,0.6117332028670744,0.0,-0.0006510416666666666,0.0,0.0,2.4963914888508993,1.4116595695444878,0.43334329045385045,bess_share,0.2
ppo-retrained,40043,1.0204823054260306,0.9149653232188247,0.10204823054260306,0.13446405290262214,0.5903217178991513,0.0,0.0,0.0,0.0,2.4973986180435626,1.4270738087422543,0.41365885512216705,bess_share,0.2
ppo-retrained,40044,1.0186468517288838,0.9123419183605155,0.10186468517288838,0.14300736694460436,0.6590401423391095,0.0,0.0,0.0,0.0,2.4971082354716394,1.4536590361859203,0.4533663850556627,bess_share,0.2
ppo-retrained,40045,0.9634738570276681,0.8646361956526503,0.09633436486943348,0.11152414436969951,0.5143578101937173,0.0,-0.00026041666666666666,0.0,0.0,2.4973433765845097,1.3880704308185787,0.3705559882075926,bess_share,0.2
ppo-retrained,40046,1.0076865371286863,0.9034761702917338,0.1007165703795353,0.1357188845209,0.6345598950844633,0.0,-0.0010416666666666667,0.0,0.0,2.496539553613794,1.461435856860442,0.4342030422379734,bess_share,0.2
ppo-retrained,40047,0.9895623254025732,0.8868634793499703,0.09890414920692399,0.13493824256145556,0.6338465748325761,0.0,-0.0010416666666666667,0.0,0.0,2.4964658885832542,1.4523654569487556,0.43642360936083624,bess_share,0.2
ppo-retrained,40048,0.9838420563413276,0.8807855302945609,0.09809774730079943,0.13434876338248852,0.6420458888502207,0.0,-0.005729166666666666,0.0,0.0,2.4960417657242444,1.3802178315067133,0.4651772163741227,bess_share,0.2
ppo-retrained,40049,1.0263658761732235,0.9216219810522864,0.10263658761732235,0.13649357048822724,0.6100333160259788,0.0,0.0,0.0,0.0,2.496684478321833,1.476976600202899,0.41302842302455955,bess_share,0.2
ppo-frozen,40000,0.9881536434658594,0.8850213509428352,0.09881536434658594,0.1384379923352511,0.6347528797939271,0.0,0.0,0.0,0.0,2.4931583853940107,1.3868862397602375,0.4576820085140236,bess_share,0.3
ppo-frozen,40001,0.9468050571568078,0.8489213700204401,0.09456331821568079,0.12688008451239852,0.5990605996040486,0.0,-0.00234375,0.0,0.0,2.494160658304168,1.351462587954778,0.44326835603391046,bess_share,0.3
ppo-frozen,40002,0.9993025790440372,0.8942511243018154,0.09974145582107038,0.14897748349120052,0.7096526693885343,0.0,-0.0037760416666666667,0.0,0.0,2.4936778110668345,1.3714442489527037,0.5174491561946152,bess_share,0.3
ppo-frozen,40003,0.9878809106446974,0.8835115189115071,0.0976031952311364,0.13273358559769977,0.6511627399354601,0.0,-0.023697916666666666,0.0,0.0,2.493601387767977,1.391391028163557,0.46799406260000437,bess_share,0.3
ppo-frozen,40004,0.97017637402264,0.8690298640639837,0.096959043652264,0.1411781608929657,0.6561008368129233,0.0,-0.0011718750000000002,0.0,0.0,2.493836954345902,1.3798073706188918,0.4755017626254882,bess_share,0.3
ppo-frozen,40005,0.9878781286274317,0.8833518699417409,0.09878781286274317,0.1463620912139868,0.6520985371625365,0.0,0.0,0.0,0.0,2.492330434874608,1.4152267728204673,0.4607731776179876,bess_share,0.3
ppo-frozen,40006,1.0030974183110684,0.8967026744764047,0.1002381272477735,0.14377126546051683,0.6780967075167736,0.0,-0.0014322916666666666,0.0,0.0,2.4931698075376616,1.3509027877247852,0.5019581820974967,bess_share,0.3
ppo-frozen,40007,0.9831323235782743,0.8796192006604705,0.09708276360782742,0.12962038724512018,0.6379165583332106,0.0,-0.024609375,0.0,0.0,2.492930276884535,1.3787163284477364,0.46268876720378405,bess_share,0.3
ppo-frozen,40008,0.9804427392085644,0.8784217152198786,0.09803776350418977,0.1306421473245209,0.5992847313311286,0.0,-0.00013020833333333333,0.0,0.0,2.493539226519774,1.4032868167799464,0.42705790731097865,bess_share,0.3
ppo-frozen,40009,0.958772504594644,0.8584654879116536,0.09571449004279772,0.13095034275374043,0.6193688838867684,0.0,-0.0032552083333333335,0.0,0.0,2.4951764164754255,1.3482908157764246,0.45937336117660904,bess_share,0.3
ppo-frozen,40010,0.9512782800982065,0.8530147825471573,0.09512782800982064,0.12122236897294711,0.5426825814844751,0.0,0.0,0.0,0.0,2.494533012609947,1.347814835467592,0.4026388248621736,bess_share,0.3
ppo-frozen,40011,0.9505712556076553,0.8480523655794676,0.09505712556076554,0.14106694287085725,0.6372994755408081,0.0,0.0,0.0,0.0,2.493563315624944,1.3401189593336595,0.4755544058996742,bess_share,0.3
ppo-frozen,40012,1.0119898303355084,0.9059958812735457,0.10119898303355084,0.14312169465758587,0.6535913064509459,0.0,0.0,0.0,0.0,2.4926094706495823,1.391629706106682,0.46965892117916724,bess_share,0.3
ppo-frozen,40013,0.9262998292808738,0.8291114177180953,0.09261696209475405,0.13065080233548712,0.6061685055923163,0.0,-0.00026041666666666666,0.0,0.0,2.4940171708887346,1.3522243490724766,0.4482751002140303,bess_share,0.3
ppo-frozen,40014,0.9430715633822292,0.8440941184745108,0.09335012508822292,0.11908859139410632,0.5855580051391862,0.0,-0.019140625,0.0,0.0,2.4939861778764105,1.36146412710929,0.43009433262297125,bess_share,0.3
ppo-frozen,40015,0.9868758811751773,0.882386144670276,0.09812118186751775,0.142309183570702,0.6839169590916672,0.0,-0.011328125,0.0,0.0,2.49235150738813,1.3839313779323048,0.49418415536866384,bess_share,0.3
ppo-frozen,40016,0.9619654167704035,0.8609978924880368,0.09619003126037369,0.13404756197019393,0.6181294749532321,0.0,-0.00013020833333333333,0.0,0.0,2.4938837684394346,1.3485312326724341,0.4583723832100367,bess_share,0.3
ppo-frozen,40017,0.9791149932966416,0.8764016174045457,0.09705863474633084,0.13848982238937255,0.6813969315409577,0.0,-0.017057291666666665,0.0,0.0,2.4931230599888727,1.3803106135557752,0.49365477947433317,bess_share,0.3
ppo-frozen,40018,0.9965842272148567,0.8926525216969485,0.09950217272148568,0.140855490395841,0.6662694368143921,0.0,-0.003125,0.0,0.0,2.4934589580677664,1.3883227648180356,0.47990961014149947,bess_share,0.3
ppo-frozen,40019,0.9850787492050002,0.8812247300733504,0.09842323950383335,0.14110351225479864,0.662252752641055,0.0,-0.0016927083333333332,0.0,0.0,2.4936954805009863,1.3540040825808726,0.48910690976553955,bess_share,0.3
ppo-frozen,40020,0.9289876587761557,0.8300976316432511,0.09265788046094892,0.14063936307649294,0.6723924569808796,0.0,-0.0048177083333333336,0.0,0.0,2.493201291509079,1.3622738485026495,0.4935809769232106,bess_share,0.3
ppo-frozen,40021,0.9673688863805201,0.8644264927498635,0.09626813863805202,0.14165856984682565,0.6823025122110512,0.0,-0.009375,0.0,0.0,2.4918965475987553,1.3864733114303975,0.49211370070090493,bess_share,0.3
ppo-frozen,40022,1.0061159525640964,0.9014239447884799,0.10055300150640964,0.1323086515584482,0.6146829926700766,0.0,-0.001171875,0.0,0.0,2.492449482934404,1.4114293382695786,0.4355039079913713,bess_share,0.3
ppo-frozen,40023,1.0065269664774623,0.9016913152231472,0.10065269664774623,0.1452285925780135,0.65482586504332,0.0,0.0,0.0,0.0,2.493074299236636,1.3767276941755289,0.47563934960680143,bess_share,0.3
ppo-frozen,40024,0.9658314393665839,0.8643603924530346,0.09638132101999172,0.1369515396181734,0.6486752764333423,0.0,-0.004036458333333334,0.0,0.0,2.492269379559989,1.4094551483036928,0.46023122992883875,bess_share,0.3
ppo-frozen,40025,0.9597929670787575,0.8603425372709829,0.09597929670787575,0.13919063511110072,0.6245572970221956,0.0,0.0,0.0,0.0,2.4920046028664666,1.3946543317929587,0.4478222902869909,bess_share,0.3
ppo-frozen,40026,0.994320106821158,0.8887152055893399,0.0994320106821158,0.13973734796222875,0.6366301658707803,0.0,0.0,0.0,0.0,2.491602391136626,1.3965999613951017,0.45584289235897807,bess_share,0.3
ppo-frozen,40027,0.9978333210885578,0.8932637579314271,0.09971822794218912,0.1482198693018307,0.6976296679527941,0.0,-0.0013020833333333333,0.0,0.0,2.4926569714018223,1.4007512543598226,0.49803965249463783,bess_share,0.3
ppo-frozen,40028,0.9661575109757776,0.8614249226968649,0.09521601151424443,0.1399368926380413,0.6869048795869166,0.0,-0.027994791666666668,0.0,0.0,2.4928108123531354,1.3716284190718162,0.5007951643723936,bess_share,0.3
ppo-frozen,40029,1.0050327603406366,0.8995637279915015,0.10050327603406366,0.14595075177795644,0.6484060845928407,0.0,0.0,0.0,0.0,2.4915658212342136,1.3854544551886216,0.4680096716023508,bess_share,0.3
ppo-frozen,40030,0.9334870050848508,0.8339498016286935,0.0930557317584851,0.14214344088036432,0.6763445051275958,0.0,-0.005859375,0.0,0.0,2.4946498638418855,1.3282651834768677,0.5091938820207543,bess_share,0.3
ppo-frozen,40031,0.9592792750599834,0.8581339716394089,0.09591490667266503,0.13846121267885886,0.6400753168982747,0.0,-0.00026041666666666666,0.0,0.0,2.4928540560746812,1.3534485659881654,0.4729217888165183,bess_share,0.3
ppo-frozen,40032,0.9525165571207799,0.8525294158367036,0.09373472862874466,0.13291097608431923,0.6556329444392495,-0.00013020833333333333,-0.030208333333333334,0.0,0.0,2.4935257727229736,1.376299344670787,0.4763737968618142,bess_share,0.3
ppo-frozen,40033,0.9693748990838605,0.8678575345132712,0.09693748990838605,0.12485836296687722,0.5707192341754926,0.0,0.0,0.0,0.0,2.491833246679699,1.3949430044455022,0.4091344466094203,bess_share,0.3
ppo-frozen,40034,0.9910777039802329,0.8863820670068252,0.09841766623135662,0.13665872069219115,0.6623096306833277,0.0,-0.013802083333333333,0.0,0.0,2.4927451387486137,1.3949731295837782,0.4747830740517151,bess_share,0.3
ppo-frozen,40035,0.9675753897896683,0.8659783509110006,0.09604139314563351,0.1353150417578096,0.6622634063984387,0.0,-0.014322916666666666,0.0,0.0,2.492100465932654,1.4035334253316512,0.4718543886775961,bess_share,0.3
ppo-frozen,40036,0.9443115837191673,0.8451198365715245,0.0943595437885834,0.13723986313968967,0.6446164179034645,0.0,-0.0014322916666666666,0.0,0.0,2.493408440210262,1.3809908627033591,0.4667781918857851,bess_share,0.3
ppo-frozen,40037,0.9871610863019769,0.8814604845396851,0.09871610863019768,0.14551293516815034,0.6539645144771649,0.0,0.0,0.0,0.0,2.492152490467736,1.3892273608732677,0.47073973123167046,bess_share,0.3
ppo-frozen,40038,1.0295921386096025,0.9215514882802024,0.10290062011096027,0.15139201562270202,0.7097538036958945,0.0,-0.001171875,0.0,0.0,2.4913034285493967,1.4306506515107578,0.49610560268252707,bess_share,0.3
ppo-frozen,40039,1.0086463631198836,0.9024024452079294,0.10073442797865503,0.14166493002856978,0.6700487578463317,0.0,-0.0026041666666666665,0.0,0.0,2.493178226555113,1.3859363742027866,0.48346285610099143,bess_share,0.3
ppo-frozen,40040,0.9797592299545546,0.877759097543538,0.09797592299545546,0.12371066499834821,0.5716239745493149,0.0,0.0,0.0,0.0,2.4924652176972444,1.3699770697099873,0.41725076075201967,bess_share,0.3
ppo-frozen,40041,0.9583330746007787,0.8579974388651466,0.09492184912674453,0.13500992517515173,0.6626279354579455,0.0,-0.018229166666666668,0.0,0.0,2.4937885686776613,1.3773752834714323,0.4810801699504207,bess_share,0.3
ppo-frozen,40042,0.9575026804901698,0.8554618256760044,0.09571771596568365,0.13704225468282802,0.6372835650743064,0.0,-0.0006510416666666666,0.0,0.0,2.493177630988995,1.3939742637402737,0.45717025174077786,bess_share,0.3
ppo-frozen,40043,1.000359287882726,0.8949793091172602,0.10003592878827261,0.13965501365133987,0.6131109823946167,0.0,0.0,0.0,0.0,2.4938259894106953,1.359679905611639,0.45092302965146386,bess_share,0.3
ppo-frozen,40044,0.9958532829259354,0.8898783793510183,0.09958532829259355,0.14823997723119145,0.6831542862587948,0.0,0.0,0.0,0.0,2.491807057870637,1.3970924856707994,0.4889828649610018,bess_share,0.3
ppo-frozen,40045,0.9729168484602579,0.872224419361731,0.09727866401269246,0.11552969189837957,0.5328316991181545,0.0,-0.00026041666666666666,0.0,0.0,2.494416992921918,1.3607108338929714,0.39158334441545656,bess_share,0.3
ppo-frozen,40046,1.005751085210884,0.9004605288727434,0.10052302518775506,0.14100940454817906,0.6592959651258838,0.0,-0.0010416666666666667,0.0,0.0,2.491364529608223,1.415487228910763,0.46577316393961476,bess_share,0.3
ppo-frozen,40047,0.9922355185509815,0.8884549832051912,0.09917146852176481,0.13945516283378223,0.6550639435270155,0.0,-0.0010416666666666667,0.0,0.0,2.492162896709644,1.4019104129071067,0.4672651957614222,bess_share,0.3
ppo-frozen,40048,0.9428767761178067,0.8429250943648643,0.09400121927844733,0.13805710278644057,0.6597678537483289,0.0,-0.005729166666666666,0.0,0.0,2.494486776227294,1.3027824837985333,0.5064297854424926,bess_share,0.3
ppo-frozen,40049,1.0190705275009648,0.9134930665085548,0.10190705275009648,0.1416813072964236,0.633218967016382,0.0,0.0,0.0,0.0,2.4919301477043567,1.4178786058154098,0.44659603750225374,bess_share,0.3
rolling-lp,40000,0.9883441486682055,0.8850185650300713,0.09883441486682056,0.13871106953190152,0.636004967707483,0.0,0.0,0.0,0.0,2.4999999975000056,1.3997668975654176,0.4543649151967173,bess_share,0.3
rolling-lp,40001,0.9351740448615071,0.8373645829478851,0.09340021698615071,0.128821555278576,0.6082271969133871,0.0,-0.00234375,0.0,0.0,2.4999999975000056,1.4070626410893234,0.43226731998406853,bess_share,0.3
rolling-lp,40002,1.0045811713970993,0.8992770853597526,0.1002693150563766,0.1500019992536872,0.7145329394041187,0.0,-0.0037760416666666667,0.0,0.0,2.4999999975000056,1.4145083535295895,0.5051457897870744,bess_share,0.3
rolling-lp,40003,0.985643620341202,0.8816209698717241,0.09737946620078687,0.13314719594764013,0.6531918243417922,0.0,-0.023697916666666666,0.0,0.0,2.4999999975000056,1.431443214372852,0.4563169658308594,bess_share,0.3
rolling-lp,40004,0.9729892002483158,0.8709777925067412,0.09724032627483158,0.14232141369246723,0.6614139044552362,0.0,-0.0011718750000000002,0.0,0.0,2.4999999975000056,1.4538887082819802,0.4549274650030198,bess_share,0.3
rolling-lp,40005,0.9842341307532309,0.8798653019554579,0.09842341307532308,0.14617547692381583,0.651267099837306,0.0,0.0,0.0,0.0,2.4999999975000056,1.4054365020542596,0.4633913370581879,bess_share,0.3
rolling-lp,40006,1.0332352764260653,0.923446938961706,0.1032519130592732,0.14571515097303744,0.6872650372355642,0.0,-0.0014322916666666666,0.0,0.0,2.4999999975000056,1.4383439601754353,0.4778168896066684,bess_share,0.3
rolling-lp,40007,0.9692451705139251,0.8669106841412977,0.09570055871805919,0.1301262431344657,0.6404060883739876,0.0,-0.024479166666666663,0.0,0.0,2.4999999975000056,1.4003322362508814,0.4573243918804233,bess_share,0.3
rolling-lp,40008,1.0015406518762227,0.897501522698929,0.1001475547709556,0.1311952885713226,0.6018221138701211,0.0,-0.00013020833333333333,0.0,0.0,2.4999999975000056,1.449240176515297,0.41526734051577596,bess_share,0.3
rolling-lp,40009,0.9930870824957363,0.8899260763419164,0.09914594783290695,0.13184919565654338,0.6236202780219819,0.0,-0.0032552083333333335,0.0,0.0,2.4999999975000056,1.41897378731852,0.4394868204017053,bess_share,0.3
rolling-lp,40010,0.9851391761676297,0.8841113276726307,0.09851391761676297,0.12270802731721453,0.5493335066586146,0.0,0.0,0.0,0.0,2.4999999975000056,1.4319744177264047,0.3836196372354266,bess_share,0.3
rolling-lp,40011,0.9674445371092371,0.8637929450276864,0.0967444537109237,0.14192368672400704,0.6411699954313894,0.0,0.0,0.0,0.0,2.4999999975000056,1.377933719613739,0.46531265350783463,bess_share,0.3
rolling-lp,40012,0.9856367064301776,0.8817698792642502,0.09856367064301777,0.14317035286616725,0.6538135130297065,0.0,0.0,0.0,0.0,2.499999997500006,1.39560234929254,0.4684812356192566,bess_share,0.3
rolling-lp,40013,0.9034698756907273,0.808246095338612,0.0903339667357394,0.13026584020841217,0.6043824322341179,0.0,-0.00026041666666666666,0.0,0.0,2.4999999975000056,1.333907342520692,0.4530917650486976,bess_share,0.3
rolling-lp,40014,0.9737353777049478,0.8712660037055837,0.09643603777049478,0.12076266870717227,0.5937894348707178,0.0,-0.018749999999999996,0.0,0.0,2.4999999975000056,1.4467596774114873,0.41042713875818937,bess_share,0.3
rolling-lp,40015,0.9815154028428359,0.8771875436234825,0.0975851340342836,0.1433845142084536,0.6890848396271058,0.0,-0.011328125,0.0,0.0,2.4999999975000056,1.4304080321500479,0.4817400518866925,bess_share,0.3
rolling-lp,40016,0.9662615565180102,0.8653250739389454,0.09661964523513436,0.13561723282210164,0.6253676507564956,0.0,-0.00013020833333333333,0.0,0.0,2.4999999975000056,1.4122171353903168,0.4428268395027319,bess_share,0.3
rolling-lp,40017,0.9917891368468033,0.8875948141558138,0.09832604910134699,0.13990867814597877,0.6883779785389997,0.0,-0.017057291666666665,0.0,0.0,2.499999997500006,1.456611401738968,0.4725886243353466,bess_share,0.3
rolling-lp,40018,1.0032410485369498,0.8985294234435047,0.10016785485369498,0.1413654351279756,0.6686815585466084,0.0,-0.003125,0.0,0.0,2.4999999975000056,1.4323083453549323,0.46685586990761135,bess_share,0.3
rolling-lp,40019,0.9611404286283659,0.8593270178434674,0.09602940744616992,0.14116477711050615,0.6625402920416277,0.0,-0.0016927083333333332,0.0,0.0,2.499999997500005,1.359147946592033,0.4874673825633923,bess_share,0.3
rolling-lp,40020,0.9403103186120862,0.8407864837080888,0.09379014644454195,0.1411512621684361,0.6748398307504176,0.0,-0.0048177083333333336,0.0,0.0,2.4999999975000056,1.3863824197522445,0.48676311898921504,bess_share,0.3
rolling-lp,40021,0.9644963950534898,0.8620480372506645,0.09598088950534898,0.1418631605414318,0.6832879290838583,0.0,-0.009375,0.0,0.0,2.4999999975000056,1.3936145505526383,0.49029907789991156,bess_share,0.3
rolling-lp,40022,1.0035226708962162,0.8984709402757163,0.10029367333962162,0.13344888741860417,0.6199803302410878,0.0,-0.001171875,0.0,0.0,2.4999999975000056,1.471572316289346,0.42130469796034475,bess_share,0.3
rolling-lp,40023,1.0071003151544677,0.9011443648730456,0.10071003151544677,0.1458993759750793,0.6578503818443373,0.0,0.0,0.0,0.0,2.4999999975000056,1.4302897465801174,0.45994203860950905,bess_share,0.3
rolling-lp,40024,0.9540758560964526,0.8527918923303718,0.09520576269297859,0.1375533108680892,0.651525584892649,0.0,-0.004036458333333334,0.0,0.0,2.4999999975000056,1.4610576715443904,0.44592735631302155,bess_share,0.3
rolling-lp,40025,0.9822976994215187,0.8809988410688319,0.09822976994215186,0.1400973330470195,0.628625708748466,0.0,0.0,0.0,0.0,2.4999999975000056,1.4660660009738553,0.4287840440545599,bess_share,0.3
rolling-lp,40026,1.0078480713737576,0.901434232068515,0.10078480713737577,0.14051277508769808,0.6401629386527689,0.0,0.0,0.0,0.0,2.4999999975000056,1.4375622745358776,0.44531144840973785,bess_share,0.3
rolling-lp,40027,0.998901778352965,0.8933007101012906,0.09982507366862983,0.14897144032277612,0.7011671035493495,0.0,-0.0013020833333333333,0.0,0.0,2.4999999975000056,1.4236257141515223,0.49252208398556746,bess_share,0.3
rolling-lp,40028,1.0026479659946979,0.8946992172963603,0.09887156743280312,0.141543836977143,0.6947928488489515,0.0,-0.02786458333333333,0.0,0.0,2.4999999975000056,1.470608292071475,0.4724526936199154,bess_share,0.3
rolling-lp,40029,0.973948690810073,0.8701429317740663,0.0973948690810073,0.1462059701514119,0.6495399269624927,0.0,0.0,0.0,0.0,2.499999997500006,1.4056216934670152,0.46210152417353473,bess_share,0.3
rolling-lp,40030,0.939585425715475,0.8385752191310966,0.0936655738215475,0.14485699881733716,0.6892561103951343,0.0,-0.005859375,0.0,0.0,2.4999999975000056,1.395331989566653,0.4939728434157064,bess_share,0.3
rolling-lp,40031,0.9652031670756464,0.863052019036837,0.0965072958742313,0.13962015086885882,0.6454328297704914,0.0,-0.00026041666666666666,0.0,0.0,2.4999999975000056,1.409688940099567,0.4578547872588858,bess_share,0.3
rolling-lp,40032,0.9289266668042135,0.8302628678311308,0.09138225001375469,0.13353124568877428,0.6586926555262935,-0.00013020833333333333,-0.030078125,0.0,0.0,2.4999999975000056,1.3982669417514695,0.4710779006912764,bess_share,0.3
rolling-lp,40033,0.9690903075455672,0.8667105762304793,0.09690903075455673,0.12618854975510047,0.5767994291023356,0.0,0.0,0.0,0.0,2.499999997500005,1.462771659882497,0.3943195270468047,bess_share,0.3
rolling-lp,40034,1.0414528050571408,0.9320857230192527,0.1034551763390474,0.13909782043775396,0.6741306051773163,0.0,-0.013802083333333333,0.0,0.0,2.499999997500006,1.5167868303106355,0.44444650474665276,bess_share,0.3
rolling-lp,40035,1.001086666529411,0.8959634107125121,0.09939903123627443,0.1387875719182556,0.6792587797361229,0.0,-0.014192708333333333,0.0,0.0,2.4999999975000056,1.4921595701697434,0.45521859278016263,bess_share,0.3
rolling-lp,40036,0.9244437653518384,0.8261372804712028,0.09237276195185051,0.1376826348230567,0.6466961190190991,0.0,-0.0014322916666666666,0.0,0.0,2.4999999975000056,1.4181933474644266,0.45599996655979275,bess_share,0.3
rolling-lp,40037,1.0044194647344211,0.8969853666657976,0.10044194647344211,0.14679184612715346,0.65971219858097,0.0,0.0,0.0,0.0,2.499999997500005,1.4342914142964358,0.4599568762702098,bess_share,0.3
rolling-lp,40038,0.9913176874520198,0.8861314574927139,0.09907317499520198,0.15087342278797009,0.7073225444547352,0.0,-0.001171875,0.0,0.0,2.4999999975000056,1.3879213272201203,0.5096272609856336,bess_share,0.3
rolling-lp,40039,0.9927935158124496,0.8872692745507181,0.09914914324791162,0.14265933475844442,0.6747521071785527,0.0,-0.0026041666666666665,0.0,0.0,2.499999997500006,1.4407165831765254,0.468344791097527,bess_share,0.3
rolling-lp,40040,1.0017144445912225,0.8982532304555082,0.10017144445912225,0.12417323053153449,0.5737613290657828,0.0,0.0,0.0,0.0,2.4999999975000056,1.4097730938299484,0.4069884235817256,bess_share,0.3
rolling-lp,40041,0.9724786401095302,0.8703641054492882,0.0963364056776197,0.13605849587952532,0.6677743144380047,0.0,-0.018229166666666668,0.0,0.0,2.4999999975000056,1.445344033620771,0.46201755354062307,bess_share,0.3
rolling-lp,40042,0.9609406984594409,0.8580398058755382,0.09606151776261077,0.1377701694711348,0.6406685657986163,0.0,-0.0006510416666666666,0.0,0.0,2.499999997500005,1.4539717738762015,0.4406334272161504,bess_share,0.3
rolling-lp,40043,1.0096408995851358,0.9031083902706887,0.10096408995851358,0.14011349066783463,0.6151237801212365,0.0,0.0,0.0,0.0,2.4999999975000056,1.3957416227916166,0.44071464952870726,bess_share,0.3
rolling-lp,40044,0.9613876475972329,0.8581445576615198,0.0961387647597233,0.14791258579050112,0.6816455241139975,0.0,0.0,0.0,0.0,2.4999999975000056,1.3703144348381247,0.49743730839011435,bess_share,0.3
rolling-lp,40045,0.9614244648765928,0.8616440486363377,0.09612942565432595,0.115696485641804,0.5336009645100271,0.0,-0.00026041666666666666,0.0,0.0,2.4999999975000056,1.3748950048569455,0.38810306432493513,bess_share,0.3
rolling-lp,40046,0.9843369841903559,0.8808214833439106,0.09838161508570226,0.14081642229912347,0.6583936677326642,0.0,-0.0010416666666666667,0.0,0.0,2.4999999975000056,1.3993937025969008,0.47048494395169954,bess_share,0.3
rolling-lp,40047,0.9755527439736295,0.8724208482878467,0.09750319106402962,0.13992496860289136,0.6572707662329712,0.0,-0.0010416666666666667,0.0,0.0,2.4999999975000056,1.4244655846982148,0.46141568690283213,bess_share,0.3
rolling-lp,40048,0.9752352349494915,0.872423569923434,0.09723706516161582,0.13924682487315543,0.6654534749287404,0.0,-0.005729166666666666,0.0,0.0,2.4999999975000056,1.353005800817854,0.49183342342397385,bess_share,0.3
rolling-lp,40049,0.998481554735783,0.8941808982425211,0.09984815547357831,0.14180519589454313,0.6337726646891615,0.0,0.0,0.0,0.0,2.4999999975000056,1.4235625258004105,0.4452018462152319,bess_share,0.3
ppo-retrained,40000,1.008347018443993,0.9032921196523882,0.10083470184439931,0.14038692743587583,0.6436889539653671,0.0,0.0,0.0,0.0,2.494659921462461,1.4788146996373837,0.43527357019321244,bess_share,0.3
ppo-retrained,40001,0.9662376387100224,0.8663040716000286,0.09650657637100225,0.1291939111439416,0.6099852642162996,0.0,-0.00234375,0.0,0.0,2.4947044378243244,1.4249532652377708,0.42807387378737377,bess_share,0.3
ppo-retrained,40002,1.0125608642156227,0.9062843910258234,0.10106728433822895,0.15046463409802283,0.7167366955996267,0.0,-0.0037760416666666667,0.0,0.0,2.4940784472879667,1.440301731357848,0.49762954525085623,bess_share,0.3
ppo-retrained,40003,1.0079426066370512,0.9016361455224138,0.09960936483037178,0.13356530441443323,0.6552429755527027,0.0,-0.023697916666666666,0.0,0.0,2.4925864332691736,1.4719309782068448,0.4451587644081936,bess_share,0.3
ppo-retrained,40004,0.9842194671584921,0.8818361657735639,0.0983633529658492,0.142235428487477,0.6610143032379461,0.0,-0.0011718750000000002,0.0,0.0,2.4935215437626064,1.4467471467851987,0.4568969116039239,bess_share,0.3
ppo-retrained,40005,0.9974011096672124,0.8923774325221456,0.09974011096672124,0.14733833959628298,0.6564480933674413,0.0,0.0,0.0,0.0,2.494751562816272,1.4664433007133233,0.44764641977506026,bess_share,0.3
ppo-retrained,40006,1.016897080110235,0.9090533408237679,0.1016180934276902,0.14529197776639247,0.6852691421781192,0.0,-0.0014322916666666666,0.0,0.0,2.494517141585723,1.419127331627653,0.482880659758809,bess_share,0.3
ppo-retrained,40007,0.9887081823699977,0.8841624369377942,0.0976338390703331,0.13110374407532824,0.6452167825033248,0.0,-0.024739583333333332,0.0,0.0,2.4931701902647845,1.442102176386407,0.4474140550290945,bess_share,0.3
ppo-retrained,40008,0.9851508359234221,0.8823321003654376,0.09850857317567555,0.13150971521215057,0.6032644591532544,0.0,-0.00013020833333333333,0.0,0.0,2.4941617746996174,1.475361823779689,0.40889255057974033,bess_share,0.3
ppo-retrained,40009,0.9729809420670934,0.8709907308405103,0.09713533379004267,0.1320548453874105,0.6245929600448026,0.0,-0.0032552083333333335,0.0,0.0,2.4938424852192247,1.4351454367944312,0.435212309520285,bess_share,0.3
ppo-retrained,40010,0.9749899794131576,0.8744562589552889,0.09749899794131575,0.1224913270045172,0.5483633929238358,0.0,0.0,0.0,0.0,2.4952032737271117,1.4196987771914669,0.3862533389009753,bess_share,0.3
ppo-retrained,40011,0.9540375844203905,0.8508250023141309,0.09540375844203905,0.14231876761932477,0.642954856166712,0.0,0.0,0.0,0.0,2.49466478012264,1.3968916049735605,0.46027540997275984,bess_share,0.3
ppo-retrained,40012,0.9994527729559781,0.8938264577815124,0.09994527729559781,0.144049069923108,0.6578263346401595,0.0,0.0,0.0,0.0,2.4940042252961194,1.467344187521587,0.4483108600111464,bess_share,0.3
ppo-retrained,40013,0.9413170607297244,0.8426034893404346,0.09411868523963911,0.13200495586534047,0.6124512471205772,0.0,-0.00026041666666666666,0.0,0.0,2.4944066753354095,1.416656762896977,0.4323215496943322,bess_share,0.3
ppo-retrained,40014,0.9523057784367809,0.851757233479787,0.09427354659367809,0.12070909152060348,0.5935259961137308,0.0,-0.019140625,0.0,0.0,2.493485778583304,1.4431539240425846,0.41127005666251926,bess_share,0.3
ppo-retrained,40015,0.9742572597828693,0.8703201242670002,0.09685931972828693,0.1433577431632169,0.688956181929896,0.0,-0.011328125,0.0,0.0,2.4933661935335243,1.4291009159380645,0.4820906447167616,bess_share,0.3
ppo-retrained,40016,0.959992998198865,0.8590286716049307,0.09599278940321983,0.13526981004535313,0.6237655905964898,0.0,-0.00013020833333333333,0.0,0.0,2.494218208164529,1.3937942314686136,0.44753061572025615,bess_share,0.3
ppo-retrained,40017,0.9823992858985577,0.8790906442592651,0.09738706400652244,0.13974602877798886,0.6875777119320156,0.0,-0.017057291666666665,0.0,0.0,2.4933552939810375,1.4422297197849983,0.47674632029807074,bess_share,0.3
ppo-retrained,40018,1.0115449997472485,0.9060050449988002,0.10099824997472487,0.14175261826097116,0.6705129978979607,0.0,-0.003125,0.0,0.0,2.49374774045882,1.46570505249926,0.45746789011515615,bess_share,0.3
ppo-retrained,40019,0.9947951561082417,0.8896227392441199,0.0993948801941575,0.14197040499771435,0.6663214118548936,0.0,-0.0016927083333333332,0.0,0.0,2.494085437671358,1.426789341443026,0.46700756201401783,bess_share,0.3
ppo-retrained,40020,0.9322682363942658,0.8325267756164315,0.09298593822275991,0.1416582890702318,0.6772639107291388,0.0,-0.0048177083333333336,0.0,0.0,2.494000913586964,1.4117068863886328,0.47974825175053576,bess_share,0.3
ppo-retrained,40021,0.9821670741577504,0.877961318995272,0.09774795741577505,0.14296154084294233,0.6885783089027009,0.0,-0.009375,0.0,0.0,2.4936230912640287,1.4417337367982304,0.4776043532364582,bess_share,0.3
ppo-retrained,40022,1.015649816522471,0.9102448688211158,0.10150638790224709,0.13368242631585156,0.6210653113558828,0.0,-0.001171875,0.0,0.0,2.4935415731273545,1.4838905789003722,0.41853848267984783,bess_share,0.3
ppo-retrained,40023,1.0180253823293839,0.9117010416716027,0.10180253823293839,0.14623101773660704,0.6593457320334555,0.0,0.0,0.0,0.0,2.495070243716156,1.4567713403228943,0.4526075670100093,bess_share,0.3
ppo-retrained,40024,0.9732674459992379,0.8709500901644573,0.09712492168325712,0.1376358006488776,0.6519163003348049,0.0,-0.004036458333333334,0.0,0.0,2.494083861641614,1.4681312577797543,0.4440449700122139,bess_share,0.3
ppo-retrained,40025,0.9784425257791816,0.877208542019686,0.09784425257791815,0.14021700148181146,0.6291626686819622,0.0,0.0,0.0,0.0,2.4947645448788043,1.475940780229795,0.42627907373357177,bess_share,0.3
ppo-retrained,40026,0.974716858093278,0.8702949004513296,0.0974716858093278,0.14025984347104478,0.6390106060844746,0.0,0.0,0.0,0.0,2.493830834296019,1.4242010394897322,0.4486800587601183,bess_share,0.3
ppo-retrained,40027,1.0016494484960963,0.8962614610827762,0.10009984068294295,0.14963407361955314,0.7042859340339701,0.0,-0.0013020833333333333,0.0,0.0,2.4940803698003884,1.4487660077427267,0.4861281464846723,bess_share,0.3
ppo-retrained,40028,0.9568262643307428,0.852267079144381,0.09428288684974095,0.1406223778659122,0.6902697045378836,0.0,-0.027994791666666668,0.0,0.0,2.4932594938287296,1.4057688351120932,0.49102646701002084,bess_share,0.3
ppo-retrained,40029,1.0139392943891803,0.907770146275321,0.10139392943891803,0.1469290715580751,0.6527524034050353,0.0,0.0,0.0,0.0,2.4942232377392894,1.462760833452038,0.446246842598714,bess_share,0.3
ppo-retrained,40030,0.9590246018752081,0.8569186290706333,0.0956094914375208,0.14519047456694437,0.6908428490405704,0.0,-0.005859375,0.0,0.0,2.493508444842322,1.403573992853123,0.4922026573292767,bess_share,0.3
ppo-retrained,40031,0.9681676575896458,0.865920786848091,0.09680374492563124,0.14003588867616085,0.64735469296674,0.0,-0.00026041666666666666,0.0,0.0,2.4945682924544794,1.429863656936643,0.45273875577314865,bess_share,0.3
ppo-retrained,40032,0.9805104887613333,0.8778785006265274,0.09653412179279999,0.134556495338712,0.6637500816815837,-0.00013020833333333333,-0.030208333333333334,0.0,0.0,2.492247295668418,1.4544808619383913,0.45634844641200834,bess_share,0.3
ppo-retrained,40033,0.9782549861312009,0.8759900296763725,0.0978254986131201,0.12588897856580603,0.5754301092132023,0.0,0.0,0.0,0.0,2.4943357404236344,1.4474959774314335,0.39753485894606555,bess_share,0.3
ppo-retrained,40034,1.00453041048323,0.8981135412866013,0.09976293688165634,0.138072161831363,0.6691598022211256,0.0,-0.013802083333333333,0.0,0.0,2.4936785348782897,1.4655633119801106,0.45658880564977383,bess_share,0.3
ppo-retrained,40035,0.9955337155008464,0.8915177120355733,0.09883722571675128,0.13893812812397216,0.6799956369572937,0.0,-0.014322916666666666,0.0,0.0,2.4929100422589725,1.4961955901719612,0.4544831179987238,bess_share,0.3
ppo-retrained,40036,0.9413854251350249,0.8421089885397347,0.09406692793016916,0.13788425557441586,0.6476431328352223,0.0,-0.0014322916666666666,0.0,0.0,2.4940757695787386,1.435133890890575,0.451277150477804,bess_share,0.3
ppo-retrained,40037,0.9947726186178878,0.8882998194846183,0.09947726186178878,0.14696613517286145,0.6604954887470531,0.0,0.0,0.0,0.0,2.494660614834477,1.440432710382423,0.4585396346433267,bess_share,0.3
ppo-retrained,40038,1.0316316738801334,0.9229121103787342,0.10310457363801333,0.15203503781921618,0.7127684108266577,0.0,-0.001171875,0.0,0.0,2.493461195514278,1.4836323013153507,0.4804212001819691,bess_share,0.3
ppo-retrained,40039,0.9892763373254778,0.8840034662383675,0.09879742539921446,0.14258159645921223,0.6743844194888252,0.0,-0.0026041666666666665,0.0,0.0,2.493766955405506,1.4339997055800984,0.47028211851411456,bess_share,0.3
ppo-retrained,40040,0.9805152098587329,0.8781226003614894,0.09805152098587329,0.1243484460160585,0.5745709389055451,0.0,0.0,0.0,0.0,2.493720288071749,1.4248474544297913,0.40325084423544993,bess_share,0.3
ppo-retrained,40041,0.982095171099443,0.8795447210878216,0.09729805877661098,0.1362273147329503,0.6686028763986623,0.0,-0.018229166666666668,0.0,0.0,2.4942330513691497,1.4562869356312094,0.45911479395979393,bess_share,0.3
ppo-retrained,40042,0.9520825432228402,0.8499884791890702,0.0951757022389507,0.13759368567465224,0.639847868392108,0.0,-0.0006510416666666666,0.0,0.0,2.493556663915312,1.4394253069842307,0.44451620051940477,bess_share,0.3
ppo-retrained,40043,1.0266794040138285,0.9191768633875123,0.10266794040138286,0.1407380091860739,0.6178655303257601,0.0,0.0,0.0,0.0,2.4950308799799186,1.444863409420312,0.42762902451357077,bess_share,0.3
ppo-retrained,40044,1.0202645420012935,0.9125042683173307,0.10202645420012935,0.14916621185073872,0.687422778215173,0.0,0.0,0.0,0.0,2.4946813308225955,1.4728512094569886,0.46672927570776973,bess_share,0.3
ppo-retrained,40045,0.9629735915879907,0.8628684576361503,0.09628433832546573,0.11609338991035272,0.5354315170919908,0.0,-0.00026041666666666666,0.0,0.0,2.4948347166782745,1.4086478176773631,0.3801031814856551,bess_share,0.3
ppo-retrained,40046,1.0056856042049298,0.9003830034596162,0.10051647708715965,0.14157872839210903,0.6619578649782779,0.0,-0.0010416666666666667,0.0,0.0,2.493419727149735,1.4629653172232269,0.45247679981553035,bess_share,0.3
ppo-retrained,40047,0.9943290310546623,0.8898697086821414,0.0993808197721329,0.14088112340732534,0.6617621204724796,0.0,-0.0010416666666666667,0.0,0.0,2.4934202615460825,1.4712955099508545,0.4497819207608296,bess_share,0.3
ppo-retrained,40048,0.9748698346386392,0.871587310084942,0.09720052513053058,0.13988104853883446,0.668484397483654,0.0,-0.005729166666666666,0.0,0.0,2.493205836335827,1.3858261109108523,0.48237249408173144,bess_share,0.3
ppo-retrained,40049,1.0356148273182517,0.9285588040697951,0.10356148273182517,0.14302227005828652,0.6392121574455032,0.0,0.0,0.0,0.0,2.4944694916764565,1.506989183344246,0.4241650600484012,bess_share,0.3
ppo-frozen,40000,1.0039155522603314,0.9040663342867196,0.10039155522603313,0.12287045760619832,0.494987344535436,0.0,0.0,0.0,0.0,2.4903731864726075,1.4046434143148119,0.35239359647508256,growth_mean,0.01
ppo-frozen,40001,0.9710795457639325,0.8751469062974178,0.09710795457639325,0.11458528009858945,0.46740447490187215,0.0,0.0,0.0,0.0,2.4910683751289784,1.3559494887929089,0.3447064059281177,growth_mean,0.01
ppo-frozen,40002,1.011131011659176,0.9090770033279413,0.10111310116591761,0.13387080653219233,0.5566880580370543,0.0,0.0,0.0,0.0,2.4908913659175527,1.3566174281883325,0.4103500710443269,growth_mean,0.01
ppo-frozen,40003,0.9957176281949689,0.895553154671759,0.0995717628194969,0.11836498841163641,0.501491680006372,0.0,0.0,0.0,0.0,2.489898767477316,1.411201144987311,0.35536513117758367,growth_mean,0.01
ppo-frozen,40004,0.9921624679933271,0.8928380660962126,0.0992162467993327,0.12481642984949792,0.5022787019251754,0.0,0.0,0.0,0.0,2.491227591741779,1.3706211275881435,0.36646064460499445,growth_mean,0.01
ppo-frozen,40005,0.9775523515984316,0.8785667979955347,0.09775523515984316,0.13183395125589314,0.5116671137784902,0.0,0.0,0.0,0.0,2.4896109548264054,1.392116970348626,0.3675460645022911,growth_mean,0.01
ppo-frozen,40006,1.0186179834933071,0.9152732339822871,0.1018617983493307,0.12901187022732616,0.5296586351801389,0.0,0.0,0.0,0.0,2.490872393835488,1.3325547355145217,0.39747608189289785,growth_mean,0.01
ppo-frozen,40007,0.9904535539266702,0.8907726217829955,0.09904535539266703,0.11890802146833926,0.505394950696099,0.0,0.0,0.0,0.0,2.488739622960658,1.3722004357861115,0.3683098602184646,growth_mean,0.01
ppo-frozen,40008,0.9974689281397171,0.8985755390480514,0.09974689281397171,0.11541030294868664,0.46734839353205326,0.0,0.0,0.0,0.0,2.4919678385204524,1.3847563346492513,0.3374950392629395,growth_mean,0.01
ppo-frozen,40009,0.9840982025131365,0.8858673498118338,0.09840982025131365,0.1171941520045172,0.4800645393969321,0.0,0.0,0.0,0.0,2.4933312792096984,1.357268946603021,0.35369890440537954,growth_mean,0.01
ppo-frozen,40010,0.9777694682527254,0.8812203516439443,0.09777694682527253,0.10727589552157862,0.41790087129430686,0.0,0.0,0.0,0.0,2.4923021860675716,1.3418580282740027,0.3114344904519012,growth_mean,0.01
ppo-frozen,40011,0.9692981095316064,0.8688860365955828,0.09692981095316064,0.1262255825992992,0.49558659907657193,0.0,0.0,0.0,0.0,2.4924549167043404,1.324450700606342,0.3741827452314301,growth_mean,0.01
ppo-frozen,40012,1.0154569267978988,0.9138101983937534,0.10154569267978988,0.1260765674363246,0.49924680350362266,0.0,0.0,0.0,0.0,2.4896843972682943,1.3825789865735425,0.3610982145337753,growth_mean,0.01
ppo-frozen,40013,0.948520987414492,0.8524880844527931,0.0948520987414492,0.11838697172995605,0.4746208576084318,0.0,0.0,0.0,0.0,2.493006091701164,1.327440163280019,0.35754595253143034,growth_mean,0.01
ppo-frozen,40014,0.950064987419484,0.854519772677673,0.0950064987419484,0.10975341080544304,0.4660631541866978,0.0,0.0,0.0,0.0,2.4924310995344,1.3475202508822386,0.34586727277869134,growth_mean,0.01
ppo-frozen,40015,1.0076857401157295,0.9054059829121398,0.10076857401157295,0.1271866657938965,0.5277066330610042,0.0,0.0,0.0,0.0,2.4891646872122526,1.3796752458830182,0.38248612101702384,growth_mean,0.01
ppo-frozen,40016,0.9691854354035994,0.8712402825214073,0.09691854354035993,0.12082012482155464,0.49087195117873217,0.0,0.0,0.0,0.0,2.4920329946687922,1.3238455707078853,0.3707924564919257,growth_mean,0.01
ppo-frozen,40017,0.9788035742570333,0.8809801748145794,0.09788035742570333,0.12343515824349746,0.5283514833979398,0.0,0.0,0.0,0.0,2.4892967898157687,1.3820209222596482,0.3823035345471241,growth_mean,0.01
ppo-frozen,40018,1.0085814066646057,0.9082903513093548,0.10085814066646057,0.12476003657256636,0.5097251370898984,0.0,0.0,0.0,0.0,2.490434827048869,1.3946809262707194,0.3654779580680638,growth_mean,0.01
ppo-frozen,40019,0.9932091120799684,0.8929017896449394,0.09932091120799684,0.12497694581240146,0.5099861803881336,0.0,0.0,0.0,0.0,2.491714873563425,1.3493144020693024,0.3779594878747467,growth_mean,0.01
ppo-frozen,40020,0.9470595732514071,0.8498551969601581,0.09470595732514071,0.12729502834887235,0.5253361163983641,0.0,0.0,0.0,0.0,2.4912824653146464,1.356825067615568,0.3871804324204958,growth_mean,0.01
ppo-frozen,40021,0.9777071412550546,0.8780120767914223,0.09777071412550546,0.1267945475846222,0.5282895792318618,0.0,0.0,0.0,0.0,2.4898426028374665,1.3678466825566615,0.3862198782720504,growth_mean,0.01
ppo-frozen,40022,1.0027205080149937,0.902946365975056,0.10027205080149937,0.11720896363859042,0.4714310584982509,0.0,0.0,0.0,0.0,2.4893867060910253,1.4084733149988173,0.33471067820596,growth_mean,0.01
ppo-frozen,40023,1.0179454637499348,0.9165619473443436,0.10179454637499348,0.12798716813523764,0.5047058917097311,0.0,0.0,0.0,0.0,2.4900745168326273,1.368165757615682,0.3688923574503778,growth_mean,0.01
ppo-frozen,40024,0.9653259341969502,0.8684873002018759,0.09653259341969503,0.12051494828447586,0.5002122606183261,0.0,0.0,0.0,0.0,2.4906043052265145,1.387067353269251,0.360625790405455,growth_mean,0.01
ppo-frozen,40025,0.9714349462483843,0.875481519368044,0.09714349462483843,0.12233067527259466,0.4819999370054429,0.0,0.0,0.0,0.0,2.489166149313698,1.4097970934576818,0.3418931272040612,growth_mean,0.01
ppo-frozen,40026,0.9889093296121991,0.8880825961142604,0.09889093296121991,0.12374848100892338,0.4863784162385978,0.0,0.0,0.0,0.0,2.4891946468582655,1.3742570496230888,0.3539209905250219,growth_mean,0.01
ppo-frozen,40027,1.0197140024286573,0.9173137687194841,0.10197140024286573,0.1340580286363646,0.5460549257929219,0.0,0.0,0.0,0.0,2.4901535163991677,1.375823192555407,0.39689324089580014,growth_mean,0.01
ppo-frozen,40028,0.9693483548547014,0.8687430036918333,0.09693483548547013,0.12468077277958423,0.5290037637651426,0.0,0.0,0.0,0.0,2.4902971255816566,1.3571917206572435,0.38977821313923383,growth_mean,0.01
ppo-frozen,40029,1.0115798798945335,0.9101338077159791,0.10115798798945334,0.12841769010294396,0.49829466127873184,0.0,0.0,0.0,0.0,2.49008720539102,1.3719307375558154,0.3632068643395777,growth_mean,0.01
ppo-frozen,40030,0.9638311674308128,0.8652072351887341,0.09638311674308128,0.13286924594086924,0.5505387029674302,0.0,0.0,0.0,0.0,2.491758668374548,1.3493503607578936,0.4080027833973435,growth_mean,0.01
ppo-frozen,40031,0.9709792653993198,0.8728282248063377,0.09709792653993198,0.12326117652689879,0.4952609939718823,0.0,0.0,0.0,0.0,2.491561096917505,1.3383362767528917,0.37005721400117625,growth_mean,0.01
ppo-frozen,40032,0.9741254887195905,0.8772827852563894,0.09741254887195905,0.11916139806262813,0.5076679706823461,0.0,0.0,0.0,0.0,2.4887467337975853,1.3969797295243076,0.36340396353153576,growth_mean,0.01
ppo-frozen,40033,0.9734944688753113,0.8752089565471479,0.09734944688753114,0.11444622859776626,0.45571644308310805,0.0,0.0,0.0,0.0,2.490561346406863,1.3696443174169302,0.33272612260573087,growth_mean,0.01
ppo-frozen,40034,1.003217386978443,0.9022692494732104,0.1003217386978443,0.12195509351758367,0.5174791405828542,0.0,0.0,0.0,0.0,2.4889699379854884,1.4015372575409508,0.3692225360393134,growth_mean,0.01
ppo-frozen,40035,0.9846102590610905,0.8852837848416601,0.09846102590610904,0.1298995098249767,0.5493619102828907,0.0,0.0,0.0,0.0,2.488219091202243,1.4158334697753703,0.3880130834666947,growth_mean,0.01
ppo-frozen,40036,0.9461825258607934,0.8511652384453293,0.09461825258607934,0.12080376611765165,0.49213251494354565,0.0,0.0,0.0,0.0,2.491438222131067,1.3704327944630892,0.3591073688048704,growth_mean,0.01
ppo-frozen,40037,0.9807407607981653,0.8795757979980955,0.09807407607981652,0.1327283125082457,0.5279123785287102,0.0,0.0,0.0,0.0,2.4892335843392237,1.3698304454960537,0.38538519877731175,growth_mean,0.01
ppo-frozen,40038,1.0223749483493882,0.919953913538313,0.10223749483493882,0.13402864306311052,0.5529188313543592,0.0,0.0,0.0,0.0,2.4885164750487085,1.4155472702847416,0.39060428638539063,growth_mean,0.01
ppo-frozen,40039,0.9985187875061571,0.8976069408670969,0.09985187875061571,0.12598509062582283,0.5142818382993318,0.0,0.0,0.0,0.0,2.4907531809117907,1.3591496046328155,0.37838501114692885,growth_mean,0.01
ppo-frozen,40040,0.9837277910966403,0.8851575430367704,0.09837277910966404,0.11100115541366999,0.448954071345916,0.0,0.0,0.0,0.0,2.489589397018409,1.3474822858426048,0.33317994311530186,growth_mean,0.01
ppo-frozen,40041,0.9740670325721379,0.8767110072352187,0.09740670325721379,0.12286685957958282,0.520774830012816,0.0,0.0,0.0,0.0,2.4903854496784428,1.3992082110328987,0.372192519959827,growth_mean,0.01
ppo-frozen,40042,0.9662373981765292,0.8675847780558014,0.09662373981765292,0.12012997817674524,0.48709736595990033,0.0,0.0,0.0,0.0,2.4903660889810784,1.365209874529788,0.3567930287111853,growth_mean,0.01
ppo-frozen,40043,0.9954278860021661,0.8948092802480806,0.09954278860021662,0.12236848280198571,0.477193022605697,0.0,0.0,0.0,0.0,2.491866502915368,1.360256649034743,0.350811020070602,growth_mean,0.01
ppo-frozen,40044,0.9913631370325546,0.8900042956532355,0.09913631370325546,0.13115896844083702,0.5257225149525002,0.0,0.0,0.0,0.0,2.491183372728938,1.3565771409504395,0.3875360265794916,growth_mean,0.01
ppo-frozen,40045,0.9737369179293178,0.8772456147998706,0.09737369179293179,0.10319551641080674,0.4158991249132109,0.0,0.0,0.0,0.0,2.492244109645832,1.3312830235988424,0.312404738542309,growth_mean,0.01
ppo-frozen,40046,1.0167813941495643,0.9152182534832443,0.10167813941495643,0.12403587720449881,0.5008822379363432,0.0,0.0,0.0,0.0,2.4892393136768614,1.4128131797053465,0.35452828805065806,growth_mean,0.01
ppo-frozen,40047,1.002369723476178,0.902634558672148,0.10023697234761779,0.12349974706893935,0.5006463971865405,0.0,0.0,0.0,0.0,2.48996587971202,1.398086545061766,0.35809399565062144,growth_mean,0.01
ppo-frozen,40048,0.9796630352633666,0.8797629537180643,0.09796630352633666,0.1234174456965316,0.5116632601553293,0.0,0.0,0.0,0.0,2.491344690675531,1.3098770577016592,0.39061930060299366,growth_mean,0.01
ppo-frozen,40049,1.0160599941271597,0.9157738842279077,0.10160599941271597,0.12418642537876737,0.48460510122026973,0.0,0.0,0.0,0.0,2.4888143286442,1.413515635682107,0.34283674618598636,growth_mean,0.01
rolling-lp,40000,0.9404676111344812,0.8455593590676656,0.09404676111344812,0.11690861497402306,0.4709698816681885,0.0,0.0,0.0,0.0,1.4351943015694217,0.842838647885262,0.5587900873433879,growth_mean,0.01
rolling-lp,40001,0.9504041373518705,0.8568911819966206,0.09504041373518704,0.1075127617591948,0.4385549864002569,0.0,0.0,0.0,0.0,1.4458293985083217,0.8651978012850359,0.5068840740798147,growth_mean,0.01
rolling-lp,40002,0.9846602611441573,0.8869515049751739,0.09846602611441573,0.12688493391185524,0.5276380211884716,0.0,0.0,0.0,0.0,1.337485067102301,0.8767140527867454,0.6018359344318801,growth_mean,0.01
rolling-lp,40003,0.9798330819415813,0.8822106677005346,0.09798330819415813,0.1176030477630223,0.4982634712170484,0.0,0.0,0.0,0.0,1.4954792195789548,0.8946911092074652,0.5569111686584434,growth_mean,0.01
rolling-lp,40004,0.9482281037336568,0.8533485237471724,0.09482281037336568,0.12032521983794815,0.4842054471670108,0.0,0.0,0.0,0.0,1.4663852833475237,0.8643688094399754,0.5601838496240136,growth_mean,0.01
rolling-lp,40005,0.9805317135823736,0.8834014751946324,0.09805317135823735,0.12259366184932634,0.47580418039831013,0.0,0.0,0.0,0.0,1.232818094518492,0.8339279373838109,0.5705579092253433,growth_mean,0.01
rolling-lp,40006,0.9960838562953599,0.8951379069046237,0.09960838562953599,0.12281094905482083,0.5042007339862289,0.0,0.0,0.0,0.0,1.34934471504849,0.8592919409741432,0.5867630195793966,growth_mean,0.01
rolling-lp,40007,0.9762819736674226,0.8791453801095087,0.09762819736674226,0.11211100544872266,0.476505582815822,0.0,0.0,0.0,0.0,1.4103036207515298,0.9036146275141858,0.5273327459590526,growth_mean,0.01
rolling-lp,40008,0.9552885409699235,0.8594503466109569,0.09552885409699235,0.11219853111041365,0.4543424801026799,0.0,0.0,0.0,0.0,1.4153050436032601,0.8709028686128327,0.5216913349089699,growth_mean,0.01
rolling-lp,40009,0.938822060416597,0.843475853515268,0.0938822060416597,0.11465066893392113,0.4696456233685749,0.0,0.0,0.0,0.0,1.3694761972261862,0.8728925730763312,0.5380337029485829,growth_mean,0.01
rolling-lp,40010,0.9611443036040312,0.866988663765335,0.09611443036040312,0.10445711372599355,0.4069201065788393,0.0,0.0,0.0,0.0,1.2275655173189992,0.838684779983476,0.4851883762417348,growth_mean,0.01
rolling-lp,40011,0.9190239543549223,0.823420705255649,0.09190239543549224,0.11844574618920228,0.4650414228257996,0.0,0.0,0.0,0.0,1.5829554377456971,0.8440641631964367,0.5509550613601537,growth_mean,0.01
rolling-lp,40012,0.9833832220781777,0.884980979618296,0.09833832220781777,0.12325685159646432,0.4880810956447872,0.0,0.0,0.0,0.0,1.391302334320391,0.8578502926059893,0.5689583600444872,growth_mean,0.01
rolling-lp,40013,0.9311248169116597,0.8376653183530085,0.09311248169116597,0.11344029063006936,0.4547893002027822,0.0,0.0,0.0,0.0,1.4313143296190418,0.857928619717947,0.5301015606080363,growth_mean,0.01
rolling-lp,40014,0.8898995136400305,0.7981136731287117,0.08898995136400305,0.10279806140207864,0.4365275611002203,0.0,0.0,0.0,0.0,1.5818337100756994,0.887422310039313,0.4919051010571077,growth_mean,0.01
rolling-lp,40015,0.9912126153119518,0.8924150938053792,0.09912126153119519,0.1226506801501805,0.5088865020612866,0.0,0.0,0.0,0.0,1.3800136413374557,0.8932066545301156,0.5697298598038253,growth_mean,0.01
rolling-lp,40016,0.9490816851325911,0.8543550230854887,0.0949081685132591,0.11438970159183064,0.4647462175532978,0.0,0.0,0.0,0.0,1.420456720502688,0.8670380948636554,0.5360159147636768,growth_mean,0.01
rolling-lp,40017,0.9388785504545497,0.844075810034322,0.09388785504545497,0.11937111643803842,0.510955770968344,0.0,0.0,0.0,0.0,1.428738765334512,0.9001941376235418,0.5676061969446239,growth_mean,0.01
rolling-lp,40018,0.9818097679196199,0.884227960552615,0.098180976791962,0.1216139747397674,0.49687144737424976,0.0,0.0,0.0,0.0,1.338331957998666,0.8580336614611096,0.5790815322188505,growth_mean,0.01
rolling-lp,40019,0.945814864060697,0.8481728954880193,0.0945814864060697,0.12377050388719323,0.5050631227369999,0.0,0.0,0.0,0.0,1.5020776117050818,0.8732636985221065,0.5783626682201016,growth_mean,0.01
rolling-lp,40020,0.8982333441052798,0.8056009342217043,0.08982333441052798,0.11982960964219354,0.49452694716745055,0.0,0.0,0.0,0.0,1.4984807021476032,0.8661837967824749,0.57092611176106,growth_mean,0.01
rolling-lp,40021,0.9836237732780646,0.885900104622216,0.09836237732780646,0.1203681104194943,0.5015138238811865,0.0,0.0,0.0,0.0,1.3366194524967256,0.882032172964025,0.568589037059583,growth_mean,0.01
rolling-lp,40022,0.9882932987599107,0.8907032832995919,0.09882932987599106,0.11376139318870543,0.45756444168003463,0.0,0.0,0.0,0.0,1.2982893733326133,0.8589665120158976,0.5326918282369152,growth_mean,0.01
rolling-lp,40023,0.971398317097644,0.873567959548289,0.0971398317097644,0.12675529184422418,0.49984809829973026,0.0,0.0,0.0,0.0,1.4092728039187115,0.8445097155965385,0.5918796303564741,growth_mean,0.01
rolling-lp,40024,0.9590334487466676,0.863640359653419,0.09590334487466676,0.1191559856894842,0.4945717175868349,0.0,0.0,0.0,0.0,1.3779725212224905,0.874049933576537,0.5658392027593778,growth_mean,0.01
rolling-lp,40025,0.9625101545551568,0.868274011025748,0.09625101545551568,0.11895372347518596,0.46869427552687787,0.0,0.0,0.0,0.0,1.265022459485031,0.8398329666170348,0.5580803494947862,growth_mean,0.01
rolling-lp,40026,0.9675437249039887,0.8693784536058121,0.09675437249039887,0.12034441548601117,0.47299914899985834,0.0,0.0,0.0,0.0,1.3340475346544376,0.8378799324267353,0.5645190088631435,growth_mean,0.01
rolling-lp,40027,0.9581283708978344,0.8607107088742633,0.09581283708978344,0.12358663326134103,0.5034020755114448,0.0,0.0,0.0,0.0,1.392152315412709,0.874400051413021,0.5757113974295318,growth_mean,0.01
rolling-lp,40028,0.9347797454720098,0.837058815638775,0.09347797454720098,0.1235689228529682,0.5242863339416872,0.0,0.0,0.0,0.0,1.5095491225835331,0.9131747490065258,0.5741358206762466,growth_mean,0.01
rolling-lp,40029,0.9741169840956578,0.8764213045036637,0.09741169840956579,0.12344800992559916,0.47901098549661403,0.0,0.0,0.0,0.0,1.3941680359022157,0.8291687047975153,0.5777002710366276,growth_mean,0.01
rolling-lp,40030,0.9461337497562216,0.8499550400235665,0.09461337497562215,0.1251068935884847,0.5183756891277957,0.0,0.0,0.0,0.0,1.4474762620068387,0.8881999370988649,0.5836250009440113,growth_mean,0.01
rolling-lp,40031,0.9348094734963549,0.8390875601332636,0.0934809473496355,0.1202466342297671,0.4831486220433058,0.0,0.0,0.0,0.0,1.42674875900157,0.8705727594143303,0.5549778772866032,growth_mean,0.01
rolling-lp,40032,0.9274812004888388,0.8346637487752759,0.09274812004888387,0.11439795816010016,0.4873741011230722,0.0,0.0,0.0,0.0,1.4847767427821121,0.9055045523735054,0.5382348435969415,growth_mean,0.01
rolling-lp,40033,0.947318601966049,0.852462103375756,0.0947318601966049,0.10786545710597573,0.42951229626476517,0.0,0.0,0.0,0.0,1.3772114654236467,0.8515912636901177,0.5043643759373496,growth_mean,0.01
rolling-lp,40034,0.9940171009101947,0.8946106437712206,0.09940171009101947,0.11972726187053007,0.5080260183488544,0.0,0.0,0.0,0.0,1.3049264442174997,0.9007542144096614,0.5640007120941486,growth_mean,0.01
rolling-lp,40035,0.9566539343507974,0.8625509017977631,0.09566539343507974,0.11514389806655602,0.48695851034765836,0.0,0.0,0.0,0.0,1.3426148278796015,0.8890991066626817,0.5476987961167834,growth_mean,0.01
rolling-lp,40036,0.9008413325127226,0.8081805324023975,0.09008413325127226,0.12032923029611817,0.4901993425368623,0.0,0.0,0.0,0.0,1.519696864884365,0.8640021529274425,0.5673589364053685,growth_mean,0.01
rolling-lp,40037,0.9715424303814962,0.872755246091653,0.09715424303814962,0.12042467891107037,0.4789760185759151,0.0,0.0,0.0,0.0,1.3045011647018578,0.8521638713374479,0.5620703184989236,growth_mean,0.01
rolling-lp,40038,0.9480530305034598,0.8501322376158,0.09480530305034598,0.1274549152720303,0.5257997185675927,0.0,0.0,0.0,0.0,1.4277497832637582,0.8652728279381097,0.6076692825551221,growth_mean,0.01
rolling-lp,40039,0.9941148590840613,0.8947837872284841,0.09941148590840612,0.12227277035343567,0.49912783170573083,0.0,0.0,0.0,0.0,1.2776208791449817,0.865071319139013,0.576978823205585,growth_mean,0.01
rolling-lp,40040,0.9817938499686979,0.8853705879573397,0.09817938499686979,0.1067710226388513,0.43184492212570197,0.0,0.0,0.0,0.0,1.3046494215552658,0.8554488813909116,0.5048167476980583,growth_mean,0.01
rolling-lp,40041,0.9699595754420621,0.8741213270785417,0.09699595754420622,0.11825680105158508,0.5012349601530177,0.0,0.0,0.0,0.0,1.3435060738117126,0.8893622928629781,0.5635891741480002,growth_mean,0.01
rolling-lp,40042,0.9550392000099394,0.8584045852415476,0.09550392000099393,0.11743772905089579,0.4761809612654811,0.0,0.0,0.0,0.0,1.3974547925536627,0.8693482811466193,0.547744754999028,growth_mean,0.01
rolling-lp,40043,0.9928172858492279,0.8936513378587669,0.09928172858492279,0.12105247159651959,0.4720610527508811,0.0,0.0,0.0,0.0,1.2752245843928,0.8441315339691786,0.5592268903060755,growth_mean,0.01
rolling-lp,40044,0.99325842394411,0.8945249567098946,0.099325842394411,0.12545791636658027,0.5028710739112771,0.0,0.0,0.0,0.0,1.2495645389664845,0.8449071561925576,0.5951790918393769,growth_mean,0.01
rolling-lp,40045,0.9755458493204018,0.8805506523825368,0.09755458493204018,0.10007747111703358,0.4033327620107989,0.0,0.0,0.0,0.0,1.303571666125691,0.8540425626104846,0.4722630693931265,growth_mean,0.01
rolling-lp,40046,1.0019135883865207,0.9029128599103358,0.10019135883865207,0.12278444612348621,0.49582870330904144,0.0,0.0,0.0,0.0,1.2680048721980375,0.8578196818015482,0.5780104068814647,growth_mean,0.01
rolling-lp,40047,0.92953263135718,0.8346663363626905,0.092953263135718,0.1173232470870104,0.47560794539562856,0.0,0.0,0.0,0.0,1.423277996921472,0.858275282207175,0.5541438222158003,growth_mean,0.01
rolling-lp,40048,0.9865271377613177,0.887929847560656,0.09865271377613177,0.12053446805187605,0.4997110298017169,0.0,0.0,0.0,0.0,1.4338924681300342,0.8743811922560208,0.5715024913932507,growth_mean,0.01
rolling-lp,40049,0.981789254442737,0.8850210579867877,0.0981789254442737,0.12065384298703395,0.4708201207580846,0.0,0.0,0.0,0.0,1.2824902718875315,0.8437941310450555,0.557979847732485,growth_mean,0.01
ppo-retrained,40000,1.0004826854594293,0.9007736163667441,0.10004826854594293,0.12287045760619832,0.494987344535436,0.0,0.0,0.0,0.0,2.493401120142247,1.3604862726516953,0.3638311936589162,growth_mean,0.01
ppo-retrained,40001,0.9741505049655627,0.8780717817186903,0.09741505049655627,0.11458528009858945,0.46740447490187215,0.0,0.0,0.0,0.0,2.4937662388792905,1.335567591164043,0.3499669189295733,growth_mean,0.01
ppo-retrained,40002,1.0104117458165003,0.9084995840356395,0.10104117458165003,0.13387080653219233,0.5566880580370543,0.0,0.0,0.0,0.0,2.4930727949042,1.3360544902062148,0.41666568401048654,growth_mean,0.01
ppo-retrained,40003,0.9956660416858574,0.8954958150976015,0.09956660416858573,0.11836498841163641,0.501491680006372,0.0,0.0,0.0,0.0,2.4930676866138533,1.3669025003770368,0.3668818221256045,growth_mean,0.01
ppo-retrained,40004,0.9990768100982609,0.8994521435143988,0.09990768100982608,0.12481642984949792,0.5022787019251754,0.0,0.0,0.0,0.0,2.492866553468825,1.339647661398955,0.3749334369013569,growth_mean,0.01
ppo-retrained,40005,0.9819783637931773,0.8829268164990559,0.09819783637931773,0.13183395125589314,0.5116671137784902,0.0,0.0,0.0,0.0,2.4930120529074475,1.367474333761193,0.3741694459238344,growth_mean,0.01
ppo-retrained,40006,1.0172217654935427,0.9139692842733123,0.10172217654935427,0.12901187022732616,0.5296586351801389,0.0,0.0,0.0,0.0,2.4931120606665305,1.322514968926313,0.4004934897713434,growth_mean,0.01
ppo-retrained,40007,0.9952088169202452,0.8952867201928537,0.09952088169202453,0.11872791241416565,0.5046294328998229,0.0,0.0,0.0,0.0,2.492343812741161,1.3444058748872445,0.3753549745103176,growth_mean,0.01
ppo-retrained,40008,1.0011377363341585,0.9018954899014408,0.10011377363341585,0.11539410279774817,0.4672827918108669,0.0,0.0,0.0,0.0,2.4929697598069915,1.3712385680747134,0.34077424796106415,growth_mean,0.01
ppo-retrained,40009,0.9826811731513984,0.884443929504118,0.09826811731513983,0.11716763257899733,0.4799559073911578,0.0,0.0,0.0,0.0,2.493271879979087,1.3466499822067086,0.35640731721888913,growth_mean,0.01
ppo-retrained,40010,0.9791018565088612,0.8824679851770243,0.09791018565088612,0.10727589552157862,0.41790087129430686,0.0,0.0,0.0,0.0,2.494195481542851,1.3138215556163089,0.31808038885331813,growth_mean,0.01
ppo-retrained,40011,0.9680976726516105,0.8677009851367629,0.09680976726516105,0.1262255825992992,0.49558659907657193,0.0,0.0,0.0,0.0,2.494089358862481,1.3081068890483973,0.37885787715489677,growth_mean,0.01
ppo-retrained,40012,1.0040704772599593,0.9029964650845572,0.10040704772599593,0.1260765674363246,0.49924680350362266,0.0,0.0,0.0,0.0,2.4925189717209384,1.3590791042541195,0.367341975857701,growth_mean,0.01
ppo-retrained,40013,0.958331507106147,0.8616715234176129,0.0958331507106147,0.11838688520957986,0.47462051074277134,0.0,0.0,0.0,0.0,2.4931196501498643,1.3273998347530016,0.35755655403640096,growth_mean,0.01
ppo-retrained,40014,0.9547743468048744,0.8587851906165425,0.09547743468048744,0.10975341080544304,0.4660631541866978,0.0,0.0,0.0,0.0,2.4936464812604013,1.345285596041891,0.3464417931463417,growth_mean,0.01
ppo-retrained,40015,0.9944481159633426,0.8929647351694188,0.09944481159633425,0.1271866657938965,0.5277066330610042,0.0,0.0,0.0,0.0,2.493577972493045,1.3361354018768303,0.39494996713637714,growth_mean,0.01
ppo-retrained,40016,0.9627525407033495,0.8652213625991363,0.09627525407033495,0.12082012482155464,0.49087195117873217,0.0,0.0,0.0,0.0,2.4925508217469137,1.2945363997005095,0.37918744601719595,growth_mean,0.01
ppo-retrained,40017,0.9722337428583514,0.8748288951709087,0.09722337428583513,0.12343515824349746,0.5283514833979398,0.0,0.0,0.0,0.0,2.4925770264489406,1.3264649932067423,0.3983154369725543,growth_mean,0.01
ppo-retrained,40018,1.0042547709355796,0.9041904155833643,0.10042547709355795,0.12476003657256636,0.5097251370898984,0.0,0.0,0.0,0.0,2.4934834189175525,1.3500709566200382,0.37755433119309345,growth_mean,0.01
ppo-retrained,40019,0.9946902304989093,0.8941833095579474,0.09946902304989093,0.12497694581240146,0.5099861803881336,0.0,0.0,0.0,0.0,2.4933356685786436,1.3382408741953866,0.38108698532673446,growth_mean,0.01
ppo-retrained,40020,0.9495742785081063,0.8521065562549531,0.09495742785081063,0.12729502834887235,0.5253361163983641,0.0,0.0,0.0,0.0,2.492481411642884,1.3314602176836743,0.3945563745887092,growth_mean,0.01
ppo-retrained,40021,0.9792635361932136,0.8795422149192197,0.09792635361932137,0.1267945475846222,0.5282895792318618,0.0,0.0,0.0,0.0,2.492751139497059,1.3362405029483648,0.39535516104040447,growth_mean,0.01
ppo-retrained,40022,1.0070675927821953,0.9071970926150249,0.10070675927821952,0.11720896363859042,0.4714310584982509,0.0,0.0,0.0,0.0,2.4936308691401754,1.3577108145080767,0.3472249417627707,growth_mean,0.01
ppo-retrained,40023,1.0182488613727045,0.9167430527832362,0.10182488613727045,0.12798716813523764,0.5047058917097311,0.0,0.0,0.0,0.0,2.494455094282149,1.3550320132413396,0.3724678729194274,growth_mean,0.01
ppo-retrained,40024,0.96696414286255,0.869976066214118,0.096696414286255,0.12051494828447586,0.5002122606183261,0.0,0.0,0.0,0.0,2.4932123008206917,1.3772303739878322,0.36320158926639057,growth_mean,0.01
ppo-retrained,40025,0.9721997413051301,0.8762186952459236,0.097219974130513,0.12233067527259466,0.4819999370054429,0.0,0.0,0.0,0.0,2.4933133627103206,1.3614289291818276,0.35403973477712747,growth_mean,0.01
ppo-retrained,40026,0.9780292940123878,0.877809423963839,0.09780292940123878,0.12374848100892338,0.4863784162385978,0.0,0.0,0.0,0.0,2.4935393521422955,1.322200021025877,0.3678553989593975,growth_mean,0.01
ppo-retrained,40027,1.016603018159334,0.9142954882023694,0.1016603018159334,0.1340580286363646,0.5460549257929219,0.0,0.0,0.0,0.0,2.493965722690674,1.3300190692469522,0.4105617268345592,growth_mean,0.01
ppo-retrained,40028,0.9633296888228545,0.8629387906504606,0.09633296888228546,0.12468077277958423,0.5290037637651426,0.0,0.0,0.0,0.0,2.4931217117702382,1.3127679117294686,0.4029682315042433,growth_mean,0.01
ppo-retrained,40029,1.0094259557603984,0.9082714580966804,0.10094259557603984,0.12841769010294396,0.49829466127873184,0.0,0.0,0.0,0.0,2.4933107633588936,1.3409934326232962,0.37158620553715255,growth_mean,0.01
ppo-retrained,40030,0.9664736488886476,0.867665828020027,0.09664736488886476,0.13282425449885457,0.5503522826264703,0.0,0.0,0.0,0.0,2.493683216990032,1.3220162944137697,0.41629765453875633,growth_mean,0.01
ppo-retrained,40031,0.9769723280954614,0.8784056908214796,0.09769723280954615,0.12326117652689879,0.4952609939718823,0.0,0.0,0.0,0.0,2.493615755521188,1.338881616611871,0.3699064860007363,growth_mean,0.01
ppo-retrained,40032,0.9704820736048076,0.8738652971355916,0.09704820736048077,0.11916139806262813,0.5076679706823461,0.0,0.0,0.0,0.0,2.4912200327448395,1.3669258258436625,0.3713939418541712,growth_mean,0.01
ppo-retrained,40033,0.9824729087840278,0.8838157464617681,0.09824729087840278,0.11419488118171928,0.4547155962066099,0.0,0.0,0.0,0.0,2.493765743092066,1.3493270912847497,0.336994342693925,growth_mean,0.01
ppo-retrained,40034,0.9997153746008554,0.8988059885026879,0.09997153746008554,0.12195509351758367,0.5174791405828542,0.0,0.0,0.0,0.0,2.4934686428942032,1.3591831160709968,0.38072805236040297,growth_mean,0.01
ppo-retrained,40035,0.9903352118699479,0.8909181541037358,0.0990335211869948,0.12949595359782073,0.5476552185474434,0.0,0.0,0.0,0.0,2.492298889039597,1.3832026123590209,0.3959327532019548,growth_mean,0.01
ppo-retrained,40036,0.9450395138021324,0.8501029630456974,0.09450395138021324,0.12080376611765165,0.49213251494354565,0.0,0.0,0.0,0.0,2.494126885292367,1.3279075543313923,0.3706075120502923,growth_mean,0.01
ppo-retrained,40037,0.9860001268189507,0.8846036969319219,0.09860001268189507,0.13246789651344165,0.5268766023282451,0.0,0.0,0.0,0.0,2.4933276613662603,1.335620444489856,0.3944807856916918,growth_mean,0.01
ppo-retrained,40038,1.0199792837720003,0.9175576101242724,0.10199792837720004,0.13402864306311052,0.5529188313543592,0.0,0.0,0.0,0.0,2.492567663016359,1.3716212849591054,0.4031133355960164,growth_mean,0.01
ppo-retrained,40039,0.9903276421989556,0.8898807307711433,0.09903276421989557,0.12598509062582283,0.5142818382993318,0.0,0.0,0.0,0.0,2.4929527569183816,1.3200345795171133,0.38959724713231614,growth_mean,0.01
ppo-retrained,40040,0.9890288224621004,0.8901663965640061,0.09890288224621005,0.11092892492449333,0.4486619286914515,0.0,0.0,0.0,0.0,2.4927510330975964,1.3172021599652548,0.34061736484192096,growth_mean,0.01
ppo-retrained,40041,0.9821824576869057,0.8843737316429595,0.09821824576869057,0.12271982172636918,0.5201516057090876,0.0,0.0,0.0,0.0,2.493969180480828,1.3737929263204847,0.3786244606035657,growth_mean,0.01
ppo-retrained,40042,0.9555860595699958,0.8575102671195654,0.09555860595699958,0.12012997817674524,0.48709736595990033,0.0,0.0,0.0,0.0,2.4923332584088995,1.3202316191600034,0.36894841699808384,growth_mean,0.01
ppo-retrained,40043,1.002086947766287,0.9011515970536823,0.1002086947766287,0.12236848280198571,0.477193022605697,0.0,0.0,0.0,0.0,2.4940775457834095,1.3246458075070358,0.3602419755540293,growth_mean,0.01
ppo-retrained,40044,1.0016696849876496,0.8998225296377423,0.10016696849876497,0.13115896844083702,0.5257225149525002,0.0,0.0,0.0,0.0,2.4937605776736764,1.342022476308834,0.3917389792147698,growth_mean,0.01
ppo-retrained,40045,0.9705217246530284,0.8742022873679886,0.09705217246530284,0.10316198486827033,0.41576398591024916,0.0,0.0,0.0,0.0,2.4923952226072306,1.31910833864739,0.3151856248112057,growth_mean,0.01
ppo-retrained,40046,1.0088245828040971,0.9077095665994501,0.10088245828040972,0.12403587720449881,0.5008822379363432,0.0,0.0,0.0,0.0,2.4917104464491002,1.369303287034357,0.36579349708650455,growth_mean,0.01
ppo-retrained,40047,0.9950633400478774,0.8956173304967209,0.09950633400478774,0.12349974706893935,0.5006463971865405,0.0,0.0,0.0,0.0,2.492779163194305,1.3611607926821327,0.36780841754928123,growth_mean,0.01
ppo-retrained,40048,0.9907374163765206,0.8900487400673384,0.09907374163765206,0.1234174456965316,0.5116632601553293,0.0,0.0,0.0,0.0,2.4927852376719186,1.2917857619162136,0.3960898743738563,growth_mean,0.01
ppo-retrained,40049,1.014734061824913,0.9145851202077844,0.1014734061824913,0.12418642537876737,0.48460510122026973,0.0,0.0,0.0,0.0,2.4933498795828126,1.3756364103870096,0.3522770243366379,growth_mean,0.01
ppo-frozen,40000,0.9963250838176998,0.896920068063539,0.09963250838176999,0.12287045760619851,0.5376701142117577,0.0,0.0,0.0,0.0,2.490054676570475,1.4152547001212905,0.3799104953798621,growth_mean,0.02
ppo-frozen,40001,0.9579996103917963,0.8628746978508224,0.09579996103917962,0.1145852800985895,0.5152026123512488,0.0,0.0,0.0,0.0,2.4905989797027153,1.372236009708465,0.3754475241184677,growth_mean,0.02
ppo-frozen,40002,0.9997896016464329,0.8984588941200313,0.09997896016464329,0.13387080653219197,0.6072902249075964,0.0,0.0,0.0,0.0,2.4905655122471475,1.3702341699360225,0.443201781295493,growth_mean,0.02
ppo-frozen,40003,0.9846988603969125,0.8850897167885489,0.09837222978969125,0.11836498841163623,0.5531116113527341,0.0,-0.001953125,0.0,0.0,2.48965930689167,1.4272323289507103,0.3875413975238196,growth_mean,0.02
ppo-frozen,40004,0.9776827598279467,0.8793510348039801,0.09776827598279467,0.12481642984949813,0.5523700386661622,0.0,0.0,0.0,0.0,2.4906593638916643,1.3911235795992112,0.3970675551522909,growth_mean,0.02
ppo-frozen,40005,0.9650736410033314,0.8667981250334136,0.09650736410033314,0.13183395125589317,0.5591992246328222,0.0,0.0,0.0,0.0,2.4892677948965245,1.4070221107200471,0.3974345679234924,growth_mean,0.02
ppo-frozen,40006,1.0065212270563668,0.9039235169181381,0.10065212270563668,0.1290118702273259,0.5794574630069347,0.0,0.0,0.0,0.0,2.4903629285771034,1.3485153415091053,0.4297003120175642,growth_mean,0.02
ppo-frozen,40007,0.974090526110768,0.8754786968277917,0.09729837552774347,0.11815646782388944,0.5538957230067435,0.0,-0.0022135416666666666,0.0,0.0,2.487894394782652,1.3855318509625507,0.39977119444922427,growth_mean,0.02
ppo-frozen,40008,0.9790160365597427,0.88138887642406,0.09790160365597426,0.1152958181362242,0.5061302761578973,0.0,0.0,0.0,0.0,2.491573953831025,1.3975977818054983,0.3621430162146141,growth_mean,0.02
ppo-frozen,40009,0.9714371087216663,0.8740676750643076,0.09714371087216664,0.11691777637106962,0.5266430028819968,0.0,0.0,0.0,0.0,2.493053660735027,1.370786804530291,0.3841903067212954,growth_mean,0.02
ppo-frozen,40010,0.9673130695832926,0.8714537214139783,0.09673130695832925,0.10727589552157842,0.4572412211788078,0.0,0.0,0.0,0.0,2.4920217657568844,1.3576569957224973,0.33678699599340267,growth_mean,0.02
ppo-frozen,40011,0.9557720008903433,0.8562735071511853,0.09557720008903434,0.12622558259929897,0.5429427193152164,0.0,0.0,0.0,0.0,2.4920449383896366,1.3414436686077413,0.40474507578743596,growth_mean,0.02
ppo-frozen,40012,1.003262399321885,0.9023653413590299,0.1003262399321885,0.12607656743632437,0.5482165781218218,0.0,0.0,0.0,0.0,2.4889877071787785,1.3950365682533024,0.3929764929447211,growth_mean,0.02
ppo-frozen,40013,0.9306342405014911,0.8359180436332904,0.09306342405014911,0.1181483063487172,0.5219949120847232,0.0,0.0,0.0,0.0,2.492723195182164,1.3402902835757087,0.38946407243370673,growth_mean,0.02
ppo-frozen,40014,0.9354754779736265,0.8408379506959215,0.09347593321402932,0.10912438478337513,0.5110940199058287,0.0,-0.0014322916666666668,0.0,0.0,2.4920361453404576,1.3612659902506474,0.37545492472909126,growth_mean,0.02
ppo-frozen,40015,0.9919121311017705,0.8907318024272084,0.09919121311017705,0.12718666579389643,0.5821607345555181,0.0,0.0,0.0,0.0,2.4884889933937857,1.397650109647603,0.41652823588466026,growth_mean,0.02
ppo-frozen,40016,0.9612768517262549,0.8639077259034278,0.09612768517262549,0.12082012482155459,0.532683077467651,0.0,0.0,0.0,0.0,2.491711061968596,1.3337769691117267,0.3993794238495579,growth_mean,0.02
ppo-frozen,40017,0.9677217424630378,0.8705096004452982,0.09670707007963711,0.12343515824349743,0.5784873184597136,0.0,-0.0013020833333333333,0.0,0.0,2.4887566841450415,1.3968638291596185,0.4141329357835425,growth_mean,0.02
ppo-frozen,40018,0.9967532922007751,0.8972298713770916,0.09967532922007752,0.12476003657256637,0.5620020565757877,0.0,0.0,0.0,0.0,2.4897489617537993,1.4101331434776403,0.3985453850051281,growth_mean,0.02
ppo-frozen,40019,0.9794698402642713,0.8799566517992468,0.09794698402642713,0.12497694581240097,0.558589800310639,0.0,0.0,0.0,0.0,2.491377917452893,1.360621262359156,0.41054025522290494,growth_mean,0.02
ppo-frozen,40020,0.9331426181105232,0.8368488975822451,0.09331426181105232,0.1272950283488726,0.5796087613223954,0.0,0.0,0.0,0.0,2.4909785454112034,1.3719288884888345,0.42247726262315854,growth_mean,0.02
ppo-frozen,40021,0.9633089269125826,0.8645963806279751,0.09633089269125826,0.1267945475846225,0.5816490376200649,0.0,0.0,0.0,0.0,2.4894613324930157,1.3876849662582127,0.41915063704151634,growth_mean,0.02
ppo-frozen,40022,0.9903977901776564,0.8913796964356234,0.09903977901776564,0.11720896363859053,0.5185398452385884,0.0,0.0,0.0,0.0,2.4889962477332466,1.4193649840818274,0.3653322796137785,growth_mean,0.02
ppo-frozen,40023,1.0065306896793995,0.9058820181393208,0.10065306896793995,0.1279871681352373,0.5494494404907241,0.0,0.0,0.0,0.0,2.489530992639191,1.3844823040380896,0.39686273987623877,growth_mean,0.02
ppo-frozen,40024,0.950785648276976,0.8548626288841233,0.0950785648276976,0.12051494828447581,0.5463601469537116,0.0,0.0,0.0,0.0,2.490252053592191,1.4023675378404146,0.3895983985732318,growth_mean,0.02
ppo-frozen,40025,0.962070312840098,0.8666563596714466,0.0962070312840098,0.12233067527259509,0.5226066679712612,0.0,0.0,0.0,0.0,2.488478146464496,1.4295150834972299,0.3655831785228406,growth_mean,0.02
ppo-frozen,40026,0.9792440644461096,0.8789889214143567,0.09792440644461095,0.1237484810089235,0.5368334582598159,0.0,0.0,0.0,0.0,2.488555738350438,1.3929781936947903,0.385385399922089,growth_mean,0.02
ppo-frozen,40027,1.007505540783182,0.9059076972991347,0.1007505540783182,0.13405802863636465,0.6008697108415718,0.0,0.0,0.0,0.0,2.489781623951839,1.3949078308214777,0.4307594362616149,growth_mean,0.02
ppo-frozen,40028,0.9579750283006214,0.8580590287981738,0.09575844033006214,0.12468077277958409,0.5829632702999988,0.0,-0.0007812499999999999,0.0,0.0,2.4898257957923144,1.3742523202098738,0.4242039556542059,growth_mean,0.02
ppo-frozen,40029,1.0003376999330038,0.8995690551859029,0.10003376999330038,0.1284176901029436,0.543138859404296,0.0,0.0,0.0,0.0,2.4897176949343005,1.3844966669825085,0.3923005900679123,growth_mean,0.02
ppo-frozen,40030,0.9489953782916333,0.8514241403102961,0.09489953782916333,0.13264601975861087,0.601071352292905,0.0,0.0,0.0,0.0,2.4914596861319347,1.366359300259461,0.4399072426840921,growth_mean,0.02
ppo-frozen,40031,0.9563845253073575,0.8591821815450928,0.09563845253073575,0.1232611765268985,0.5425897726310668,0.0,0.0,0.0,0.0,2.4912307511035916,1.3499260482142874,0.401940368028913,growth_mean,0.02
ppo-frozen,40032,0.9640891636483192,0.8677301039084678,0.09628521844816525,0.11916139806262853,0.5599128518878369,0.0,-0.0024739583333333332,0.0,0.0,2.4882962955336745,1.4182160989179002,0.3948008010309929,growth_mean,0.02
ppo-frozen,40033,0.957026016489299,0.8599289971165882,0.0957026016489299,0.11318742689539545,0.49263484632105203,0.0,0.0,0.0,0.0,2.4901784699918967,1.3858484756426066,0.35547525936601493,growth_mean,0.02
ppo-frozen,40034,0.9945064610213756,0.8940792631660628,0.09943762526880423,0.12195509351758373,0.5650924247815637,0.0,-0.00026041666666666666,0.0,0.0,2.4883243955846224,1.4165099096894305,0.39893291315234086,growth_mean,0.02
ppo-frozen,40035,0.9717497852998294,0.8733886423716375,0.0971228951966496,0.12850188125262502,0.5990264479783431,0.0,-0.0010416666666666667,0.0,0.0,2.4875293178811626,1.436055125769533,0.41713332394349784,growth_mean,0.02
ppo-frozen,40036,0.9327361972043566,0.8385921692478089,0.09327361972043566,0.12080376611765191,0.5403527645340137,0.0,0.0,0.0,0.0,2.491060040206838,1.3878304974493187,0.3893506919808458,growth_mean,0.02
ppo-frozen,40037,0.9729059803595337,0.8722966495803417,0.09729059803595337,0.13209494812648376,0.5652061415075682,0.0,0.0,0.0,0.0,2.4887643097142185,1.384124630054147,0.4083491683010202,growth_mean,0.02
ppo-frozen,40038,1.0114697977190081,0.9097322738467889,0.10114697977190082,0.13402864306311024,0.6002062361007279,0.0,0.0,0.0,0.0,2.4879527362870175,1.4295533516422094,0.419855779017437,growth_mean,0.02
ppo-frozen,40039,0.9871104920641544,0.8869044779177303,0.09871104920641544,0.12598509062582286,0.5674753953685726,0.0,0.0,0.0,0.0,2.490164092155145,1.3722760059973322,0.4135286144248709,growth_mean,0.02
ppo-frozen,40040,0.9704068074943492,0.872694896260874,0.09704068074943492,0.11075819349980888,0.488508643465821,0.0,0.0,0.0,0.0,2.4893136698403313,1.3583467933945643,0.35963470141893433,growth_mean,0.02
ppo-frozen,40041,0.958427797501223,0.8621640531175419,0.09577767558345564,0.1221072599100231,0.5708467580532178,0.0,-0.0013020833333333333,0.0,0.0,2.4901719959678554,1.4116458806022774,0.40438382309426396,growth_mean,0.02
ppo-frozen,40042,0.9534365555610986,0.8556282784535507,0.09534365555610987,0.12012997817674514,0.5321491482769034,0.0,0.0,0.0,0.0,2.4898349884997613,1.3874381738834825,0.38354800833207686,growth_mean,0.02
ppo-frozen,40043,0.9870494157757811,0.887000345934484,0.09870494157757811,0.12236848280198576,0.5139988188822485,0.0,0.0,0.0,0.0,2.491545613280298,1.3714245678976447,0.3747918995429652,growth_mean,0.02
ppo-frozen,40044,0.9781294586737315,0.8775709495058266,0.09781294586737314,0.13115896844083713,0.5755457114197315,0.0,0.0,0.0,0.0,2.4907738245686377,1.3726516898695136,0.41929479682820614,growth_mean,0.02
ppo-frozen,40045,0.9631475432754801,0.8672643334286518,0.09631475432754802,0.1029144778438624,0.45316628889209143,0.0,0.0,0.0,0.0,2.492024500204529,1.3430485794270548,0.337416155925955,growth_mean,0.02
ppo-frozen,40046,1.00533433703196,0.90440481078502,0.100533433703196,0.12403587720449911,0.5522590238340345,0.0,0.0,0.0,0.0,2.4884844193309488,1.4304744868198347,0.38606702106361324,growth_mean,0.02
ppo-frozen,40047,0.9902530205576796,0.8912617655563648,0.09902530205576796,0.1234997470689393,0.552448391631855,0.0,0.0,0.0,0.0,2.489315973413302,1.4116088411170313,0.39136081862075384,growth_mean,0.02
ppo-frozen,40048,0.9649955760199903,0.8661517423243426,0.09649955760199903,0.12341744569653156,0.5617257841336623,0.0,0.0,0.0,0.0,2.4910176031678612,1.3243920680702645,0.4241385898302287,growth_mean,0.02
ppo-frozen,40049,1.0078180683260358,0.9079643998327322,0.10078180683260358,0.12418642537876766,0.5285705412386282,0.0,0.0,0.0,0.0,2.488201062540926,1.4291789678046558,0.3698420933597693,growth_mean,0.02
rolling-lp,40000,0.9452804107314869,0.8499894340849453,0.09452804107314869,0.1173452362656592,0.5134922406440178,0.0,0.0,0.0,0.0,1.596361334154754,0.9244125372442207,0.5554795288419571,growth_mean,0.02
rolling-lp,40001,0.9408372001144243,0.8476922917127083,0.09408372001144243,0.10798408575816187,0.4855220760214479,0.0,0.0,0.0,0.0,1.6277200649416521,0.9599700769517318,0.5057679272286947,growth_mean,0.02
rolling-lp,40002,0.9772136041202131,0.8798088404961287,0.09772136041202131,0.1263436228963522,0.5731439822611037,0.0,0.0,0.0,0.0,1.494503101536128,0.9513138686753865,0.6024762185577636,growth_mean,0.02
rolling-lp,40003,0.9726842238372524,0.8753451984336618,0.09717076613372524,0.11763203745583618,0.5496865809476685,0.0,-0.001953125,0.0,0.0,1.6225580616192712,0.989333442769813,0.5556130594440679,growth_mean,0.02
rolling-lp,40004,0.9409315140077577,0.8464137370364693,0.09409315140077576,0.12017377845774996,0.5318241735755996,0.0,0.0,0.0,0.0,1.6215482966577397,0.947550597854081,0.5612620315791288,growth_mean,0.02
rolling-lp,40005,0.9721360524835575,0.8754209795928055,0.09721360524835575,0.12239349852014487,0.5191557168738354,0.0,0.0,0.0,0.0,1.3843502608461844,0.9082943834046151,0.5715720875954913,growth_mean,0.02
rolling-lp,40006,0.9833085170788933,0.8832355459408103,0.09833085170788933,0.12277861030833441,0.5514607447781604,0.0,0.0,0.0,0.0,1.57416101169129,0.9396917250301474,0.5868528263994964,growth_mean,0.02
rolling-lp,40007,0.9751255361129432,0.877671588682696,0.09740187652796098,0.1123249312139488,0.5265585552131216,0.0,-0.0022135416666666666,0.0,0.0,1.5779264601512928,1.0004818462156122,0.5263049571612555,growth_mean,0.02
rolling-lp,40008,0.9440064552001498,0.8486953890597853,0.09440064552001498,0.11261920285706585,0.49438036144019043,0.0,0.0,0.0,0.0,1.60334612110299,0.9507933484625206,0.5199661548323068,growth_mean,0.02
rolling-lp,40009,0.9320943695586623,0.836968384168312,0.09320943695586623,0.11485929243138336,0.5173707929834772,0.0,0.0,0.0,0.0,1.5634953854311087,0.9668838724611385,0.535090932550715,growth_mean,0.02
rolling-lp,40010,0.9562177651944497,0.8624055115200276,0.09562177651944496,0.1042001603540274,0.44413153892264107,0.0,0.0,0.0,0.0,1.4255600318592017,0.912520153575572,0.48670874520675395,growth_mean,0.02
rolling-lp,40011,0.9025696125326936,0.8082109334996285,0.09025696125326936,0.11894361082736878,0.5116202767927734,0.0,0.0,0.0,0.0,1.7572424138683471,0.9310892623421292,0.5494857447993835,growth_mean,0.02
rolling-lp,40012,0.9696681793999775,0.8720512033308222,0.09696681793999776,0.1232961063857146,0.536126346972912,0.0,0.0,0.0,0.0,1.5901185210325726,0.9427958987538552,0.5686557903800169,growth_mean,0.02
rolling-lp,40013,0.9306225646752938,0.8372060421538878,0.09306225646752939,0.11326745825993499,0.5004306768642628,0.0,0.0,0.0,0.0,1.507577335838858,0.9391164225094637,0.5328739492458613,growth_mean,0.02
rolling-lp,40014,0.8790694557069588,0.7877629839048812,0.08783533098736254,0.10312474613453963,0.4829941644876026,0.0,-0.0014322916666666668,0.0,0.0,1.737552596437492,0.9859838727318136,0.48986010607799907,growth_mean,0.02
rolling-lp,40015,0.9779387130508589,0.8799448896308257,0.09779387130508589,0.12270788527327374,0.5616603924675837,0.0,0.0,0.0,0.0,1.6670472427582768,0.9862912648240244,0.5694670656621865,growth_mean,0.02
rolling-lp,40016,0.9458972889154426,0.8514234771615088,0.09458972889154425,0.11434675769016765,0.5041426904235387,0.0,0.0,0.0,0.0,1.4832933672029038,0.9400232056725975,0.5363087712955115,growth_mean,0.02
rolling-lp,40017,0.9299284630260273,0.8353490229249263,0.09292774213593605,0.11933425134639511,0.559268137572224,0.0,-0.0013020833333333333,0.0,0.0,1.5834931970006199,0.9849237639302741,0.5678288595053296,growth_mean,0.02
rolling-lp,40018,0.9685624067093023,0.8718823904721527,0.09685624067093022,0.12132984234347867,0.5465501838113836,0.0,0.0,0.0,0.0,1.5344576672828731,0.9417157839809265,0.5803770023912581,growth_mean,0.02
rolling-lp,40019,0.934523101446758,0.837583575419276,0.0934523101446758,0.12372193626384495,0.5529804814994068,0.0,0.0,0.0,0.0,1.6548882650428907,0.9545766416316321,0.5792939585806459,growth_mean,0.02
rolling-lp,40020,0.8888109232502848,0.7966747848872423,0.08888109232502847,0.12046172313905268,0.5484948708604143,0.0,0.0,0.0,0.0,1.6499434251995004,0.9627083033088963,0.5697414979960168,growth_mean,0.02
rolling-lp,40021,0.9815327389099824,0.8836271486634816,0.09815327389099823,0.12033752571329671,0.5520285166363705,0.0,0.0,0.0,0.0,1.4105158003406688,0.9707026119981619,0.5686896376018157,growth_mean,0.02
rolling-lp,40022,0.9846230561509363,0.887014474795842,0.09846230561509363,0.11373017595285824,0.5031494691770804,0.0,0.0,0.0,0.0,1.4151635264100066,0.9434523260556577,0.5333067239132524,growth_mean,0.02
rolling-lp,40023,0.9612965578496306,0.8638077746619087,0.09612965578496306,0.12709572271379346,0.5456224616210706,0.0,0.0,0.0,0.0,1.5375468934280345,0.931166516185242,0.5859558437048943,growth_mean,0.02
rolling-lp,40024,0.9516446271578339,0.8565774458433444,0.0951644627157834,0.11910877524325714,0.539985195793055,0.0,0.0,0.0,0.0,1.4944694183353588,0.9511860915061978,0.5676966900745904,growth_mean,0.02
rolling-lp,40025,0.9551224567800202,0.8611359678204098,0.09551224567800201,0.11926742966485496,0.5095202317468934,0.0,0.0,0.0,0.0,1.4096326261402419,0.916325294470512,0.5560473281939835,growth_mean,0.02
rolling-lp,40026,0.9511845967734515,0.8542646504573658,0.09511845967734514,0.11948405863898746,0.518333961622211,0.0,0.0,0.0,0.0,1.5046507999025227,0.9117714866625577,0.5684910848874176,growth_mean,0.02
rolling-lp,40027,0.9468671266435353,0.8502288277991752,0.09468671266435354,0.12290841492622213,0.5508953435160533,0.0,0.0,0.0,0.0,1.6155917947486382,0.9555119414881246,0.5765446977649311,growth_mean,0.02
rolling-lp,40028,0.926389216460486,0.829003154393462,0.09259985914604861,0.12358451302496251,0.5778375467629603,0.0,-0.0007812499999999999,0.0,0.0,1.7514954015566087,1.0069541144406369,0.5738469494053848,growth_mean,0.02
rolling-lp,40029,0.9732743694115178,0.8751493848689037,0.09732743694115178,0.12383834823709058,0.5237706670949037,0.0,0.0,0.0,0.0,1.470355806879308,0.9092973659402703,0.5760169189023132,growth_mean,0.02
rolling-lp,40030,0.941558550458287,0.8453778850499047,0.0941558550458287,0.12521498636336284,0.5673984135952814,0.0,0.0,0.0,0.0,1.5707381819763813,0.9730470225429397,0.5831151017886627,growth_mean,0.02
rolling-lp,40031,0.9203816686618599,0.8258277132868885,0.09203816686618599,0.11974615143872706,0.5271168011965679,0.0,0.0,0.0,0.0,1.6893206452083571,0.9460244325640592,0.5571915302101615,growth_mean,0.02
rolling-lp,40032,0.9120273675183598,0.8199593012606462,0.09107903883516931,0.11453192574818573,0.538159993256948,0.0,-0.0024739583333333332,0.0,0.0,1.7423702285161922,1.0011196455572353,0.5375581186975924,growth_mean,0.02
rolling-lp,40033,0.939328282280679,0.844919741786439,0.0939328282280679,0.10822419504584874,0.4710329685637562,0.0,0.0,0.0,0.0,1.4661217228034278,0.9473296116874316,0.4972218357290958,growth_mean,0.02
rolling-lp,40034,0.9843131608591587,0.885601928137604,0.09841829525258253,0.11991855531542878,0.5556558996014974,0.0,-0.00026041666666666666,0.0,0.0,1.5367986791098254,0.9938438783757811,0.5590977734949624,growth_mean,0.02
rolling-lp,40035,0.9536400323194563,0.8592743996702691,0.09531191989861229,0.11500764563633367,0.536121500979797,0.0,-0.0010416666666666667,0.0,0.0,1.4812119683499672,0.978164990097224,0.5480890303858755,growth_mean,0.02
rolling-lp,40036,0.898389783825579,0.8058724970703627,0.0898389783825579,0.12051633387745884,0.5390670860274904,0.0,0.0,0.0,0.0,1.6581663916021827,0.953312379793523,0.5654674138861455,growth_mean,0.02
rolling-lp,40037,0.9643154919105654,0.8659848058657776,0.09643154919105654,0.12067101195602364,0.5163255523910798,0.0,0.0,0.0,0.0,1.4505391585968435,0.9194608805356,0.5615524959477474,growth_mean,0.02
rolling-lp,40038,0.9437952498785737,0.8459841988877097,0.09437952498785737,0.12727717675013747,0.5699718616322634,0.0,0.0,0.0,0.0,1.5391725848698907,0.9375386974577337,0.607944891424558,growth_mean,0.02
rolling-lp,40039,0.9880951291550438,0.888999857883965,0.09880951291550438,0.12239892406220512,0.5513222039199854,0.0,0.0,0.0,0.0,1.4443772507036767,0.9576614403271444,0.5756963585498959,growth_mean,0.02
rolling-lp,40040,0.9716864606950897,0.8759207618773378,0.09716864606950897,0.10651383858023708,0.469788547023014,0.0,0.0,0.0,0.0,1.4749375914677092,0.9268058373073398,0.5068899311077888,growth_mean,0.02
rolling-lp,40041,0.9587556626073341,0.8635324348989498,0.09581046209406675,0.118322980950741,0.5531553990212733,0.0,-0.0013020833333333333,0.0,0.0,1.5291057470842375,0.9821934958725587,0.5631837324781533,growth_mean,0.02
rolling-lp,40042,0.9447314560615778,0.8485981235494149,0.09447314560615779,0.11743427115705954,0.52020776431678,0.0,0.0,0.0,0.0,1.5983875879894198,0.9496671610561642,0.5477790384351453,growth_mean,0.02
rolling-lp,40043,0.9903828378731218,0.8913709087805186,0.09903828378731218,0.12067352261654515,0.5068792770409177,0.0,0.0,0.0,0.0,1.3131792913280012,0.8964592577217234,0.5654236627876533,growth_mean,0.02
rolling-lp,40044,0.9876631872429137,0.8889986931915963,0.09876631872429137,0.1246901713386728,0.5471596355420879,0.0,0.0,0.0,0.0,1.3661160743274015,0.9154596399312339,0.5976884306807765,growth_mean,0.02
rolling-lp,40045,0.9711197035998766,0.8761194595788871,0.09711197035998767,0.10010058554760674,0.4407757957763333,0.0,0.0,0.0,0.0,1.4377634974142517,0.9338744447132442,0.4719861414685976,growth_mean,0.02
rolling-lp,40046,0.9965552124464416,0.897577788216255,0.09965552124464416,0.12306179224651233,0.5479219947408933,0.0,0.0,0.0,0.0,1.4476873301615232,0.9516009933455503,0.5757896414279268,growth_mean,0.02
rolling-lp,40047,0.9182538482389598,0.8240417850883758,0.09182538482389599,0.1172159375258149,0.5243391804163684,0.0,0.0,0.0,0.0,1.5643822478659932,0.9453685418176415,0.5546399707866646,growth_mean,0.02
rolling-lp,40048,0.9758865009449321,0.8779343381164705,0.09758865009449322,0.12044654177727147,0.5482039248518263,0.0,0.0,0.0,0.0,1.6143603793222883,0.9585132154317847,0.5719315248093633,growth_mean,0.02
rolling-lp,40049,0.9770565176750652,0.8803229255455168,0.09770565176750652,0.12082998224432111,0.5142846242489086,0.0,0.0,0.0,0.0,1.430126365529154,0.9270322638972104,0.5547645365511601,growth_mean,0.02
ppo-retrained,40000,0.9925366051128239,0.8933101241442345,0.0992536605112824,0.12287045760619851,0.5376701142117577,0.0,0.0,0.0,0.0,2.4921569983213625,1.3974773469892672,0.3847433486990806,growth_mean,0.02
ppo-retrained,40001,0.9622551259349614,0.8668804842052561,0.09622551259349614,0.1145852800985895,0.5152026123512488,0.0,0.0,0.0,0.0,2.4915911668925377,1.3675809651144206,0.3767254923061492,growth_mean,0.02
ppo-retrained,40002,0.9999147808809048,0.8986821370506974,0.09999147808809047,0.13387080653219197,0.6072902249075964,0.0,0.0,0.0,0.0,2.491025649542809,1.3596813297268364,0.4466415855173967,growth_mean,0.02
ppo-retrained,40003,0.9873855499053577,0.8876179572714746,0.09864089874053576,0.11836498841163623,0.5531116113527341,0.0,-0.001953125,0.0,0.0,2.489959187203179,1.4043810765783706,0.3938472403091143,growth_mean,0.02
ppo-retrained,40004,0.9837854317769311,0.8852288531287937,0.09837854317769311,0.12481642984949813,0.5523700386661622,0.0,0.0,0.0,0.0,2.491603775415104,1.3578623915082817,0.4067938269154082,growth_mean,0.02
ppo-retrained,40005,0.9680864903325584,0.869860965122061,0.09680864903325584,0.13183395125589317,0.5591992246328222,0.0,0.0,0.0,0.0,2.4918685310336524,1.3960893851596958,0.40054686367295644,growth_mean,0.02
ppo-retrained,40006,1.0045783152666956,0.9021247200164666,0.10045783152666957,0.1290118702273259,0.5794574630069347,0.0,0.0,0.0,0.0,2.492037080397572,1.3403497436874297,0.43231810632707857,growth_mean,0.02
ppo-retrained,40007,0.9817500450396388,0.8826547550253945,0.09806432742063055,0.11809692661964735,0.5536166048257437,0.0,-0.0022135416666666666,0.0,0.0,2.491010352244925,1.3753975767268285,0.4025138724929563,growth_mean,0.02
ppo-retrained,40008,0.9827508115276751,0.8847246827557345,0.09827508115276751,0.11530032589943116,0.5061500645203346,0.0,0.0,0.0,0.0,2.4921551522581797,1.401675334337429,0.36110363942416907,growth_mean,0.02
ppo-retrained,40009,0.9677604390835495,0.8705075180495924,0.09677604390835495,0.11691393155294211,0.5266256843302158,0.0,0.0,0.0,0.0,2.492197740205695,1.3690938864676352,0.3846527177832556,growth_mean,0.02
ppo-retrained,40010,0.9672250569718512,0.8713765751075858,0.09672250569718513,0.10727589552157842,0.4572412211788078,0.0,0.0,0.0,0.0,2.494094839069355,1.3387618038676203,0.3415403844491673,growth_mean,0.02
ppo-retrained,40011,0.9555466374838576,0.855988792148069,0.09555466374838575,0.12622558259929897,0.5429427193152164,0.0,0.0,0.0,0.0,2.4930811600623954,1.327783346813563,0.4089091195624494,growth_mean,0.02
ppo-retrained,40012,0.9893714735990171,0.8892007881577587,0.09893714735990171,0.12607656743632437,0.5482165781218218,0.0,0.0,0.0,0.0,2.4915389678463367,1.3870152486042158,0.3952491356338759,growth_mean,0.02
ppo-retrained,40013,0.9441678669851384,0.8485442891018153,0.09441678669851385,0.11817620455050605,0.5221181700461798,0.0,0.0,0.0,0.0,2.492125497654186,1.35462093832011,0.38543488829699324,growth_mean,0.02
ppo-retrained,40014,0.9431848530916457,0.8478613697285249,0.09424687072583124,0.10923667451819151,0.5116199391316313,0.0,-0.0014322916666666668,0.0,0.0,2.4920743941161563,1.3753370311807536,0.37199604717426654,growth_mean,0.02
ppo-retrained,40015,0.9794700543921,0.8790810763712802,0.09794700543921,0.12718666579389643,0.5821607345555181,0.0,0.0,0.0,0.0,2.4922960241320475,1.366931057966808,0.42588887798147773,growth_mean,0.02
ppo-retrained,40016,0.9551398524622754,0.8581815158407435,0.09551398524622753,0.12082012482155459,0.532683077467651,0.0,0.0,0.0,0.0,2.4917954068676655,1.32251449027713,0.4027805225453737,growth_mean,0.02
ppo-retrained,40017,0.9626019821794982,0.8657233646747544,0.09619509405128315,0.12343515824349743,0.5784873184597136,0.0,-0.0013020833333333333,0.0,0.0,2.4918043064024875,1.3644798487023793,0.42396178954922287,growth_mean,0.02
ppo-retrained,40018,0.9916318012933668,0.8923670604352226,0.09916318012933668,0.12476003657256637,0.5620020565757877,0.0,0.0,0.0,0.0,2.4920588474326824,1.3924786945669707,0.4035983162748193,growth_mean,0.02
ppo-retrained,40019,0.982359761271112,0.8825586670465194,0.0982359761271112,0.12497694581240097,0.558589800310639,0.0,0.0,0.0,0.0,2.4923878463682083,1.3677494149683143,0.4084006867029656,growth_mean,0.02
ppo-retrained,40020,0.9352296172519325,0.8386799207501644,0.09352296172519325,0.1272950283488726,0.5796087613223954,0.0,0.0,0.0,0.0,2.4913846178978734,1.3528056919412244,0.4284493809977093,growth_mean,0.02
ppo-retrained,40021,0.9668294583498335,0.868023994599538,0.09668294583498335,0.1267945475846225,0.5816490376200649,0.0,0.0,0.0,0.0,2.4914459861123857,1.3646144339680892,0.4262369084934261,growth_mean,0.02
ppo-retrained,40022,0.9934442549536041,0.894420033695761,0.0993444254953604,0.11720896363859053,0.5185398452385884,0.0,0.0,0.0,0.0,2.492777429004305,1.3871391735074567,0.37381962469377333,growth_mean,0.02
ppo-retrained,40023,1.0044880973266312,0.9038432419715657,0.10044880973266312,0.1279871681352373,0.5494494404907241,0.0,0.0,0.0,0.0,2.49292308092435,1.3959128766771753,0.39361298951452545,growth_mean,0.02
ppo-retrained,40024,0.9552915391836594,0.859051248494802,0.09552915391836594,0.12051494828447581,0.5463601469537116,0.0,0.0,0.0,0.0,2.4916189381797045,1.4047342672989478,0.388941993993116,growth_mean,0.02
ppo-retrained,40025,0.9623456342119908,0.8669136565330434,0.09623456342119908,0.12233067527259509,0.5226066679712612,0.0,0.0,0.0,0.0,2.492143267832206,1.3931388112684555,0.37512892738622855,growth_mean,0.02
ppo-retrained,40026,0.9666153247377511,0.867095286725516,0.09666153247377511,0.1237484810089235,0.5368334582598159,0.0,0.0,0.0,0.0,2.492409890661291,1.3561901958825024,0.39583935932414455,growth_mean,0.02
ppo-retrained,40027,1.0011818519308346,0.8998921954038718,0.10011818519308346,0.13405802863636465,0.6008697108415718,0.0,0.0,0.0,0.0,2.4923844967120816,1.3556079934920842,0.4432473943250472,growth_mean,0.02
ppo-retrained,40028,0.95358308104546,0.8537766800269663,0.095319245604546,0.12468077277958409,0.5829632702999988,0.0,-0.0007812499999999999,0.0,0.0,2.491133006605625,1.355806870320595,0.42997515579940304,growth_mean,0.02
ppo-retrained,40029,0.9979257123539871,0.8974463623608301,0.09979257123539871,0.1284176901029436,0.543138859404296,0.0,0.0,0.0,0.0,2.493482949736322,1.3718909658106062,0.3959052672115037,growth_mean,0.02
ppo-retrained,40030,0.9540646487973887,0.8561612892354467,0.09540646487973888,0.13260573306448015,0.6008887974166665,0.0,0.0,0.0,0.0,2.4914310527667887,1.3484054375294958,0.44562917108788525,growth_mean,0.02
ppo-retrained,40031,0.9639943930133635,0.8662149464680391,0.09639943930133635,0.1232611765268985,0.5425897726310668,0.0,0.0,0.0,0.0,2.492558430325608,1.378190761152224,0.3936971484103111,growth_mean,0.02
ppo-retrained,40032,0.9629425252027282,0.8667312239757528,0.09617055460360616,0.11916139806262853,0.5599128518878369,0.0,-0.0024739583333333332,0.0,0.0,2.4878527202921092,1.3960746272605704,0.40106226483502444,growth_mean,0.02
ppo-retrained,40033,0.9660528634878194,0.868571142293387,0.09660528634878193,0.11313134774346899,0.49239076846586205,0.0,0.0,0.0,0.0,2.492750975221104,1.3808936867591144,0.35657398769160686,growth_mean,0.02
ppo-retrained,40034,0.9879003914458704,0.8876786003210044,0.09877701831125371,0.12195509351758373,0.5650924247815637,0.0,-0.00026041666666666666,0.0,0.0,2.4925839908451977,1.3840931363407414,0.4082763001596499,growth_mean,0.02
ppo-retrained,40035,0.9761171876839378,0.8777254417959564,0.09755963543506044,0.12825646834381865,0.5978824271934545,0.0,-0.0010416666666666667,0.0,0.0,2.4918121685214545,1.414182178044002,0.4227761008984031,growth_mean,0.02
ppo-retrained,40036,0.9386979388661725,0.8441801955711832,0.09386979388661724,0.12080376611765191,0.5403527645340137,0.0,0.0,0.0,0.0,2.492968550814414,1.3827038855697085,0.39079427647039183,growth_mean,0.02
ppo-retrained,40037,0.978465940814249,0.8775735376546862,0.0978465940814249,0.1319688407804408,0.5646665550397766,0.0,0.0,0.0,0.0,2.4929361961598895,1.3663029678091407,0.413280632732004,growth_mean,0.02
ppo-retrained,40038,1.007763385522022,0.9060755447674024,0.10077633855220221,0.13402864306311024,0.6002062361007279,0.0,0.0,0.0,0.0,2.4901363258676557,1.411577376334801,0.42520250477460875,growth_mean,0.02
ppo-retrained,40039,0.9774426228568415,0.8777562645685383,0.09774426228568414,0.12598509062582286,0.5674753953685726,0.0,0.0,0.0,0.0,2.4912439094111525,1.3563966992681946,0.41836978494177834,growth_mean,0.02
ppo-retrained,40040,0.9760837193261392,0.8780266436906058,0.09760837193261393,0.11073781956955216,0.48841878247479825,0.0,0.0,0.0,0.0,2.491738005904649,1.3490328432471157,0.36205106860050684,growth_mean,0.02
ppo-retrained,40041,0.9671829787861078,0.870398541362845,0.09665319371194411,0.1220478641779926,0.5705690852834187,0.0,-0.0013020833333333333,0.0,0.0,2.491553065101049,1.4016001959382345,0.40708405074207227,growth_mean,0.02
ppo-retrained,40042,0.9403213116307587,0.8432303544110209,0.09403213116307588,0.12012997817674514,0.5321491482769034,0.0,0.0,0.0,0.0,2.4918880456686625,1.3481518240925934,0.39472494029749167,growth_mean,0.02
ppo-retrained,40043,0.998754952977305,0.8981071694138822,0.0998754952977305,0.12236848280198576,0.5139988188822485,0.0,0.0,0.0,0.0,2.492881545847648,1.3663846321302073,0.37617432661030387,growth_mean,0.02
ppo-retrained,40044,0.9948328870643026,0.8934459110271102,0.09948328870643026,0.13115896844083713,0.5755457114197315,0.0,0.0,0.0,0.0,2.4932315077636455,1.3914795324977791,0.41362139936517545,growth_mean,0.02
ppo-retrained,40045,0.9586302998641297,0.8630104131033307,0.09586302998641297,0.10291445046643122,0.45316616834025897,0.0,0.0,0.0,0.0,2.491679810866162,1.3430377189016018,0.3374187946939265,growth_mean,0.02
ppo-retrained,40046,0.9963416556375958,0.8960115407129656,0.09963416556375958,0.12403587720449911,0.5522590238340345,0.0,0.0,0.0,0.0,2.490760038339225,1.407803952845068,0.3922840411961905,growth_mean,0.02
ppo-retrained,40047,0.9805295064497223,0.8819711143700995,0.09805295064497223,0.1234997470689393,0.552448391631855,0.0,0.0,0.0,0.0,2.4908876285206434,1.3933699599195561,0.3964836386050333,growth_mean,0.02
ppo-retrained,40048,0.979260509383087,0.8793378603407962,0.0979260509383087,0.12341744569653156,0.5617257841336623,0.0,0.0,0.0,0.0,2.4915177312039822,1.32366618906474,0.4243711811741294,growth_mean,0.02
ppo-retrained,40049,1.0070321358087986,0.9072952662371365,0.10070321358087986,0.12418642537876766,0.5285705412386282,0.0,0.0,0.0,0.0,2.4920209098856114,1.4201204892153447,0.3722011936682062,growth_mean,0.02
ppo-frozen,40000,0.985134670394643,0.8861393978194356,0.09810982120613096,0.12287045760619816,0.5915162554162499,0.0,-0.008072916666666667,0.0,0.0,2.4904724745536724,1.426253562604393,0.4147342877350075,growth_mean,0.03
ppo-frozen,40001,0.9516325213998644,0.8560272549743807,0.09416715838998643,0.11458528009858954,0.5679772469338468,0.0,-0.019921875000000002,0.0,0.0,2.490255635264126,1.3884147422808493,0.40908327291367524,growth_mean,0.03
ppo-frozen,40002,0.995410363455854,0.893166897835283,0.09826499467891872,0.13387080653219244,0.6694570818646962,0.0,-0.025520833333333336,0.0,0.0,2.4900168601379833,1.3857447889187695,0.48310272368914453,growth_mean,0.03
ppo-frozen,40003,1.0046588883436172,0.900699775215155,0.09700885758436172,0.11836498841163604,0.6094652725133337,-0.00013020833333333333,-0.06901041666666667,0.00013020833333333333,0.0,2.4903102384715194,1.43723517651357,0.42405396310419297,growth_mean,0.03
ppo-frozen,40004,0.9700006161086029,0.8714418737066217,0.09597141577752696,0.12481642984949816,0.6089983476254147,0.0,-0.020572916666666666,0.0,0.0,2.489902832553673,1.4127667824450882,0.4310678557797174,growth_mean,0.03
ppo-frozen,40005,0.9501773256224189,0.8528909189610114,0.09499820131224189,0.13103098486445608,0.6130551574662668,0.0,-0.000390625,0.0,0.0,2.4888806004658184,1.4214835852414014,0.4312783938072388,growth_mean,0.03
ppo-frozen,40006,1.0025483016736658,0.8991702398520613,0.09914805933403326,0.12901187022732621,0.6388127887246811,0.0,-0.022135416666666664,0.0,0.0,2.4898783761631886,1.367484224761788,0.4671445397009684,growth_mean,0.03
ppo-frozen,40007,0.9895685790475502,0.8869709939069872,0.09534357665475504,0.11745944776749921,0.6067312231205724,-0.000390625,-0.071875,0.00013020833333333333,0.0,2.487493098241983,1.3959775514115305,0.4346282091048537,growth_mean,0.03
ppo-frozen,40008,0.9632687240481673,0.8662970804165427,0.09577999740481673,0.11516993803305564,0.5538259284005717,0.0,-0.0109375,0.0,0.0,2.4916228157152465,1.4062403329494308,0.3938344786619682,growth_mean,0.03
ppo-frozen,40009,0.9680417047136618,0.8695462312975164,0.09531979547136618,0.11666029567512856,0.5792549220285309,-0.00013020833333333333,-0.029557291666666666,0.0,0.0,2.4930592795848003,1.3860839915509624,0.41790751899556394,growth_mean,0.03
ppo-frozen,40010,0.9536555333669396,0.8586862672370312,0.0952418554200273,0.10727589552157865,0.5042907431098265,0.0,-0.0024739583333333332,0.0,0.0,2.4916995233665067,1.373744336406642,0.36709213624779696,growth_mean,0.03
ppo-frozen,40011,0.9438360255727961,0.8449474468387582,0.09411016505727961,0.1262255825992989,0.5987882798930723,0.0,-0.00546875,0.0,0.0,2.4920124190367643,1.3603469881318264,0.4401731948665481,growth_mean,0.03
ppo-frozen,40012,0.9927018524537511,0.8920487854412678,0.09883398732870843,0.12607656743632434,0.6045251678174636,0.0,-0.008723958333333334,0.0,0.0,2.488233401820752,1.4073853881569613,0.4295377605199655,growth_mean,0.03
ppo-frozen,40013,0.9174659010832116,0.8231065500954267,0.09093278802498783,0.11793092686968526,0.57444454984612,0.0,-0.016276041666666664,0.0,0.0,2.4928499402477837,1.3545713052323,0.4240784871399639,growth_mean,0.03
ppo-frozen,40014,0.9470848850494291,0.8493102872320617,0.09191551975494291,0.10823959912443092,0.5586045680384577,-0.0002604166666666667,-0.05559895833333334,0.00013020833333333333,0.0,2.49251445379157,1.3777993789011562,0.4054324429177524,growth_mean,0.03
ppo-frozen,40015,1.0014505031430059,0.8973740748662052,0.09737812323096726,0.12718666579389643,0.6416208281306762,-0.00026041666666666666,-0.05507812499999999,0.0,0.0,2.4878892161313715,1.4126584213825708,0.4541938931725059,growth_mean,0.03
ppo-frozen,40016,0.953052051733672,0.8557142785893976,0.09462812184003389,0.12022427525819562,0.5820668821657901,0.0,-0.013541666666666667,0.0,0.0,2.4914776429845467,1.3505551900401236,0.4309834107175564,growth_mean,0.03
ppo-frozen,40017,0.9806976840119375,0.8800752433930122,0.09528331006786042,0.12343515824349738,0.6374501814747118,-0.0005208333333333333,-0.05520833333333333,0.0,0.0,2.489399271733275,1.4102116753186709,0.45202446741242924,growth_mean,0.03
ppo-frozen,40018,0.9947478727995083,0.8942437996881893,0.0983094226966175,0.12476003657256633,0.6195297688711262,0.0,-0.023307291666666667,0.0,0.0,2.4894987377455404,1.428107786913009,0.43381163141074863,growth_mean,0.03
ppo-frozen,40019,0.9783491116795225,0.8775235807333025,0.09638959866795227,0.12497694581240136,0.6157940604147089,0.0,-0.02890625,0.0,0.0,2.4915379050396567,1.3714648271145908,0.44900463230272625,growth_mean,0.03
ppo-frozen,40020,0.9334844493088942,0.8356085421845234,0.09152552826422275,0.1270721419305609,0.6377578599457338,0.0,-0.03645833333333333,0.0,0.0,2.491170658772268,1.389463099424158,0.458995895760055,growth_mean,0.03
ppo-frozen,40021,0.9745705018200728,0.8728248092212769,0.09482033143200727,0.12679454758462205,0.6410702735649766,-0.00013020833333333333,-0.05260416666666667,0.0,0.0,2.4899956116617785,1.4012348558504892,0.45750380165634297,growth_mean,0.03
ppo-frozen,40022,0.9826750167245751,0.8833367595232817,0.09739510583912418,0.11720896363859053,0.571691888172164,0.0,-0.017447916666666667,0.0,0.0,2.4886188555093045,1.4304460075061416,0.3996598859182802,growth_mean,0.03
ppo-frozen,40023,0.9939765829163931,0.8940637812485009,0.09924791870830599,0.12798716813523744,0.6059662438822643,0.0,-0.0029947916666666664,0.0,0.0,2.489377888585334,1.4035472546821233,0.43173911092826306,growth_mean,0.03
ppo-frozen,40024,0.9510230502287256,0.8536001340423511,0.09357886752287255,0.12051494828447597,0.5989095575743795,0.0,-0.030468750000000003,0.0,0.0,2.4906749433741733,1.4150056161797047,0.4232559579454831,growth_mean,0.03
ppo-frozen,40025,0.9514724310396924,0.8566272534752551,0.09502354518730258,0.12233067527259509,0.5763896243252348,0.0,-0.0024739583333333332,0.0,0.0,2.487759140902666,1.4473721643373434,0.39823180141724346,growth_mean,0.03
ppo-frozen,40026,0.9709918583780328,0.8709789376642784,0.09678668583780328,0.123748481008923,0.5919511873102546,0.0,-0.00625,0.0,0.0,2.4880270742749184,1.4111139823864463,0.419492113818587,growth_mean,0.03
ppo-frozen,40027,1.0022301725308995,0.9001120291801793,0.09918786100308993,0.13405802863636482,0.6624286105516785,0.0,-0.020703125,0.0,0.0,2.490457958402614,1.4156126108929303,0.4679448356523444,growth_mean,0.03
ppo-frozen,40028,0.9824255140718647,0.8774731728268229,0.09420609307385314,0.12468077277958436,0.6423685706135802,-0.00013020833333333333,-0.08059895833333333,0.0,0.0,2.4893316536608974,1.3924048308570534,0.46133750499715614,growth_mean,0.03
ppo-frozen,40029,0.9854694699027985,0.8856146849459707,0.09852090532361317,0.12841769010294374,0.5991227699447754,0.0,-0.0005208333333333333,0.0,0.0,2.4893267009294875,1.3989821657081625,0.42825618841359603,growth_mean,0.03
ppo-frozen,40030,0.9513678758205438,0.8519898310824554,0.0930990271653877,0.1323924862710818,0.6613185890700097,0.0,-0.040755208333333334,0.0,0.0,2.491814041086016,1.381641586678271,0.4786469916991608,growth_mean,0.03
ppo-frozen,40031,0.9463090491297297,0.8491626934438214,0.09390824866297297,0.12326117652689857,0.5982508968898019,0.0,-0.014453124999999999,0.0,0.0,2.4910546373665765,1.3644668543713614,0.43845029651924283,growth_mean,0.03
ppo-frozen,40032,0.9912513341237891,0.8895378193924858,0.09495846674571223,0.11916139806262847,0.616947790799918,-0.000390625,-0.08294270833333334,0.00013020833333333333,0.0,2.489016319996671,1.432744125714971,0.43060570253048325,growth_mean,0.03
ppo-frozen,40033,0.9431266996644572,0.8467247205791617,0.09388949288311238,0.11189128895320603,0.5370012958861298,0.0,-0.008463541666666668,0.0,0.0,2.4898803142012405,1.4018787954809966,0.38305829121402757,growth_mean,0.03
ppo-frozen,40034,1.0080763140172408,0.9043784049625846,0.09828810015172408,0.12195509351758349,0.620396656576032,-0.00013020833333333333,-0.05026041666666667,0.0,0.0,2.4876160171309047,1.4322489883464784,0.4331625727257631,growth_mean,0.03
ppo-frozen,40035,0.981591504922524,0.8804968857208626,0.09563961924225241,0.12714913084805612,0.6531963698261852,0.0,-0.050390624999999994,0.0,0.0,2.487698834568033,1.4497091059227807,0.450570647006047,growth_mean,0.03
ppo-frozen,40036,0.9298926257170745,0.8347797388819156,0.09177181465504078,0.1208037661176518,0.59569302516463,-0.00013020833333333333,-0.024218750000000004,0.0,0.0,2.4909395245995753,1.4050674525187827,0.4239604469499067,growth_mean,0.03
ppo-frozen,40037,0.9621776410252543,0.8621667413670258,0.09604198285252544,0.1312894184376565,0.6195979102318042,0.0,-0.003515625,0.0,0.0,2.488067520594916,1.401074063491257,0.4422306617309461,growth_mean,0.03
ppo-frozen,40038,1.0072084602426463,0.9047879312782565,0.09977032519093129,0.13402864306311052,0.6596781118609651,0.0,-0.019010416666666665,0.0,0.0,2.488133823631041,1.447655348790974,0.45568726866647014,growth_mean,0.03
ppo-frozen,40039,0.9887338276585038,0.8870542989312822,0.09747364318251704,0.12598509062582272,0.6255704602684055,-0.00013020833333333333,-0.027864583333333335,0.0,0.0,2.4894947868305586,1.386898539512882,0.45105711949781385,growth_mean,0.03
ppo-frozen,40040,0.9590707390273612,0.861757439458271,0.09544483431940279,0.11052294305153246,0.5361819198717567,0.0,-0.009244791666666667,0.0,0.0,2.488665673090016,1.375789177056698,0.3897268046684597,growth_mean,0.03
ppo-frozen,40041,0.9702708119414805,0.8707045072738658,0.09407786244414804,0.12136270349262561,0.6251914102119472,-0.00026041666666666666,-0.05872395833333333,0.0,0.0,2.4897052653681135,1.4167572022484096,0.4412833823747368,growth_mean,0.03
ppo-frozen,40042,0.9532326262096978,0.8543019533378423,0.09397560637096977,0.1201299781767453,0.5864907113082772,-0.00013020833333333333,-0.02682291666666667,0.0,0.0,2.489336459411238,1.4072379502083978,0.41676726471271175,growth_mean,0.03
ppo-frozen,40043,0.9755471096804288,0.8763342341657702,0.09755471096804288,0.12236848280198565,0.562113064904543,0.0,0.0,0.0,0.0,2.4912026678810797,1.3854260452755285,0.4057329994779707,growth_mean,0.03
ppo-frozen,40044,0.9694677014602642,0.869074648316209,0.09651057222935974,0.13115896844083672,0.6346282333660747,0.0,-0.008723958333333334,0.0,0.0,2.490482462408321,1.393189320061814,0.45552189083527933,growth_mean,0.03
ppo-frozen,40045,0.9547391959881979,0.8588088189966878,0.09484240918215313,0.10264398509590766,0.4970317875961946,0.0,-0.012630208333333334,0.0,0.0,2.4916761156895273,1.3589342356701601,0.3657511706967061,growth_mean,0.03
ppo-frozen,40046,0.9981846893515841,0.8968622545041809,0.0989005001851584,0.12403587720449884,0.6088539873772988,0.0,-0.018359374999999997,0.0,0.0,2.488102539535015,1.4388005779700501,0.4231677389484428,growth_mean,0.03
ppo-frozen,40047,0.9871271290841256,0.8872763845924836,0.09757990040841255,0.12349974706893957,0.6090253991740355,0.0,-0.02265625,0.0,0.0,2.4895782555067894,1.4240579126697517,0.4276689829504655,growth_mean,0.03
ppo-frozen,40048,0.9639539871177137,0.8635876188546201,0.09441623204510469,0.12341744569653186,0.6191426144475081,0.0,-0.03958333333333333,0.0,0.0,2.4905729333958484,1.3388309159399108,0.4624501922356985,growth_mean,0.03
ppo-frozen,40049,0.9969258160272809,0.8975986918143624,0.09958841493606142,0.12418642537876755,0.5828239026497358,0.0,-0.0020833333333333333,0.0,0.0,2.4874579520180693,1.4457090133934791,0.40314053329562277,growth_mean,0.03
rolling-lp,40000,0.9385931465607992,0.8431981258336961,0.09345566882274658,0.1173992932445572,0.5651772743542842,0.0,-0.008072916666666667,0.0,0.0,1.7347004189703574,1.0182015163411224,0.5550740843376784,growth_mean,0.03
rolling-lp,40001,0.9307995260274606,0.837567623041741,0.09215547343607938,0.10769325705278379,0.5338148111306328,0.0,-0.018489583333333334,0.0,0.0,1.807802546063135,1.0540223933887196,0.5064549050180984,growth_mean,0.03
rolling-lp,40002,0.9744413870218381,0.8760285096835335,0.09630481578551715,0.12705637824161803,0.6353796948961854,0.0,-0.022786458333333336,0.0,0.0,1.7144470816803536,1.056089085290608,0.6016345626006973,growth_mean,0.03
rolling-lp,40003,0.9894914429159738,0.8884466229678523,0.0961301338749307,0.11762302778003154,0.6056448924786364,-0.00013020833333333333,-0.056249999999999994,0.00013020833333333333,0.0,1.9122280533508527,1.0892584596731578,0.5560157803689363,growth_mean,0.03
rolling-lp,40004,0.9360400050358624,0.841153314850368,0.09262092758691957,0.12019722358725418,0.5864605376236423,0.0,-0.019661458333333333,0.0,0.0,1.86119735886235,1.0452078301143384,0.5610946653159761,growth_mean,0.03
rolling-lp,40005,0.9757505529191226,0.8785108438538201,0.09755552404191226,0.12276716755418308,0.5743912046030373,0.0,-0.000390625,0.0,0.0,1.5179268132590267,1.008664262381181,0.5694572773373138,growth_mean,0.03
rolling-lp,40006,0.9846660614066602,0.8831842805670598,0.09738587697399936,0.12284993805530418,0.608301479433484,0.0,-0.021614583333333333,0.0,0.0,1.714084857695496,1.0368984177274607,0.5866548439399495,growth_mean,0.03
rolling-lp,40007,0.9885314094217543,0.8878711453196854,0.09609272427550877,0.11211560857659614,0.5791278744748842,0.0,-0.05520833333333333,0.0005208333333333333,0.0,1.7748545001024227,1.098267193376386,0.5273105469849102,growth_mean,0.03
rolling-lp,40008,0.9331396998790824,0.8383365607026134,0.09276709498790824,0.11090380844945083,0.5333110855720643,0.0,-0.0109375,0.0,0.0,1.761551703860549,1.0116727440894273,0.5271577085454444,growth_mean,0.03
rolling-lp,40009,0.9334016792207691,0.8368149922590475,0.09192740750541024,0.1145439318342239,0.5687465124230803,-0.00013020833333333333,-0.028124999999999997,0.0,0.0,1.7362392346289004,1.0545276566394757,0.5393376919440289,growth_mean,0.03
rolling-lp,40010,0.9431910550159893,0.8497383171508663,0.09419540758493226,0.10462933731265107,0.49184959965094915,0.0,-0.0024739583333333332,0.0,0.0,1.645053141141969,1.0166919547543287,0.48377445828200605,growth_mean,0.03
rolling-lp,40011,0.9002720943549591,0.8057138885083548,0.08975377193549591,0.11902112104165273,0.5646117916184785,0.0,-0.00546875,0.0,0.0,1.9075927992679218,1.0279521987106475,0.549258800483784,growth_mean,0.03
rolling-lp,40012,0.9543801588492776,0.8576881573447558,0.0950018179682611,0.12215310456616758,0.5857125359522679,0.0,-0.008723958333333334,0.0,0.0,1.7588929799308906,1.014066276984451,0.5775880228400977,growth_mean,0.03
rolling-lp,40013,0.9146522711440793,0.8213945306747946,0.09066444586440794,0.11326907468646707,0.5517365490704024,0.0,-0.016015625,0.0,0.0,1.7748050973176464,1.0354485856077504,0.5328478465655191,growth_mean,0.03
rolling-lp,40014,0.8855451033538678,0.7920081333359832,0.08632794783538679,0.10318913494388733,0.532540055745475,0.0,-0.04453125,0.000390625,0.0,1.9788520474869071,1.0880142212161288,0.48946056527664494,growth_mean,0.03
rolling-lp,40015,0.9918311287084649,0.8905872059313931,0.09678076912084652,0.12271155735676217,0.6190451692478373,-0.00026041666666666666,-0.04778645833333333,0.0,0.0,1.7898262106903533,1.0870926991496837,0.5694502131529814,growth_mean,0.03
rolling-lp,40016,0.9391449173432556,0.8441071326740237,0.09323740840099223,0.11440346215642087,0.5538853645268318,0.0,-0.013541666666666667,0.0,0.0,1.7342896988279437,1.0335182539324173,0.5359221885238719,growth_mean,0.03
rolling-lp,40017,0.9286053664446017,0.8321906002456855,0.0905688699777935,0.11895370478679913,0.6143068294517215,-0.0005208333333333333,-0.045312500000000006,0.0,0.0,1.843904151533762,1.0774558309207078,0.5701457190377669,growth_mean,0.03
rolling-lp,40018,0.9749439457446678,0.87662700333769,0.0964331966578001,0.12139172022860749,0.6028034813243612,0.0,-0.021223958333333334,0.0,0.0,1.6871551712919883,1.0391481728304712,0.5800938663852165,growth_mean,0.03
rolling-lp,40019,0.9346184070253675,0.8364264108294079,0.0920816323692034,0.12365649132035388,0.6092878361829908,0.0,-0.02760416666666667,0.0,0.0,1.8418192768664625,1.0494923908305025,0.580554791541498,growth_mean,0.03
rolling-lp,40020,0.8939265096019234,0.7998226427166782,0.08770645304352567,0.12049933670077517,0.6047698412226454,0.0,-0.03372395833333333,0.0,0.0,1.8362194672913597,1.06161144426106,0.5696715540247388,growth_mean,0.03
rolling-lp,40021,0.989224406184734,0.8885901747462146,0.09652660728514005,0.12110716511189293,0.6123150005101333,-0.00013020833333333333,-0.04778645833333334,0.0,0.0,1.7756295749459456,1.0814900228035675,0.5661772070007796,growth_mean,0.03
rolling-lp,40022,0.9776585139463982,0.8797250157641708,0.09697158056130648,0.11380406684793244,0.5550843539456455,0.0,-0.015885416666666666,0.0,0.0,1.7210046699185966,1.0436778585099211,0.5318541055744442,growth_mean,0.03
rolling-lp,40023,0.9538717028359607,0.8565769151747337,0.09523743070026273,0.12694367199319206,0.6010257217431018,0.0,-0.0029947916666666664,0.0,0.0,1.7058513299843499,1.0211401056262495,0.5885830146437172,growth_mean,0.03
rolling-lp,40024,0.9496447681718958,0.8533844650486297,0.09361682056718959,0.11907648532911781,0.5917609903265466,0.0,-0.026953125,0.0,0.0,1.7141818403679405,1.0400473909815129,0.5689750250400516,growth_mean,0.03
rolling-lp,40025,0.944500784622427,0.8510868772597264,0.09432638054557604,0.11851490232056683,0.5584107164721636,0.0,-0.0024739583333333332,0.0,0.0,1.587186414482395,0.9954420494872894,0.5609675789361898,growth_mean,0.03
rolling-lp,40026,0.95269367052145,0.8550346773921704,0.09495686705214501,0.12006439249653031,0.5743283401343797,0.0,-0.00625,0.0,0.0,1.6128755982020437,1.0150740113436831,0.565799472468145,growth_mean,0.03
rolling-lp,40027,0.9442768260344572,0.8469906736748588,0.09344460968677906,0.12209676857245833,0.60332375152027,0.0,-0.019661458333333333,0.0,0.0,1.784430122955746,1.044612731317558,0.5775573410437997,growth_mean,0.03
rolling-lp,40028,0.9463501015026512,0.8447454427943067,0.09128214556693177,0.12357732822197608,0.6366835071717997,-0.00013020833333333333,-0.06692708333333333,0.0,0.0,1.9146698127843018,1.1092433042875052,0.5739800318927843,growth_mean,0.03
rolling-lp,40029,0.9523275535065212,0.8557479103016965,0.09520671368398545,0.12266141727340774,0.5722673256564935,0.0,-0.0005208333333333333,0.0,0.0,1.6245828012481085,0.9859136150227557,0.5804436787733022,growth_mean,0.03
rolling-lp,40030,0.931704290144138,0.834642367479476,0.09126938734774713,0.1246347656513418,0.6225677127994249,0.0,-0.03802083333333334,0.0,0.0,1.9088696679042443,1.063988739051417,0.5851262235674276,growth_mean,0.03
rolling-lp,40031,0.919011191736242,0.8235571889690345,0.09119148375695754,0.12017385719594016,0.5832665229711574,0.0,-0.014192708333333331,0.0,0.0,1.7529279304112242,1.0503675676437128,0.5552975367276409,growth_mean,0.03
rolling-lp,40032,0.9413505416407146,0.8443322907586803,0.09084729374740481,0.1145858403278311,0.5932582379576706,-0.00026041666666666666,-0.06549479166666666,0.00026041666666666666,0.0,1.808143818268073,1.1041744347812523,0.5372866997008501,growth_mean,0.03
rolling-lp,40033,0.9338229106778551,0.8389765099867141,0.0929721348177855,0.10824791982919069,0.5195156277944343,0.0,-0.008203125,0.0,0.0,1.7035264882598007,1.0469191297881313,0.49623281590008816,growth_mean,0.03
rolling-lp,40034,1.002996981969615,0.9007420864857427,0.09822287528029482,0.11940707855763691,0.6074346726484918,-0.00013020833333333333,-0.04140625,0.0,0.0,1.6408727549853992,1.0688789413485416,0.5682913650465667,growth_mean,0.03
rolling-lp,40035,0.9709856391269619,0.8739472466794254,0.09511939724602951,0.11386547893297007,0.5849549815359442,0.0,-0.03958333333333333,0.0,0.0,1.696199993750797,1.0610386150480269,0.551304140339385,growth_mean,0.03
rolling-lp,40036,0.9014710591356256,0.8076542209797571,0.0889491892468959,0.12070432231549719,0.5952026598288203,-0.00013020833333333333,-0.023828125,0.0,0.0,1.8490897427036297,1.0622417500098642,0.5603269310618728,growth_mean,0.03
rolling-lp,40037,0.9639756629713603,0.8649471763031187,0.09622178504713604,0.12202956517820286,0.5758976197066004,0.0,-0.003515625,0.0,0.0,1.7352751024779318,1.030687680409022,0.5587508521282208,growth_mean,0.03
rolling-lp,40038,0.9374625325979395,0.8393110601985307,0.09283479492646061,0.1269187252912488,0.6246836731795266,0.0,-0.018229166666666664,0.0,0.0,1.7473853053912278,1.0268441595225086,0.6083529495556657,growth_mean,0.03
rolling-lp,40039,0.9886600635971673,0.8882801224593865,0.09760949594305006,0.12226883833632267,0.6071176604675093,-0.00013020833333333333,-0.025,0.0,0.0,1.6828313189963822,1.052162466054139,0.5770189301128995,growth_mean,0.03
rolling-lp,40040,0.9719482237658998,0.8753954616807286,0.09673258279325665,0.10664102900262112,0.5173495211855225,0.0,-0.009244791666666667,0.0,0.0,1.62141194103708,1.0227102922432623,0.5058612640445252,growth_mean,0.03
rolling-lp,40041,0.970980223412745,0.8726266977405677,0.09466312650794116,0.11826494162100523,0.6092335083418984,-0.00026041666666666666,-0.0484375,0.0,0.0,1.7690986112520422,1.0810844364635495,0.5635392461432772,growth_mean,0.03
rolling-lp,40042,0.9595975561147169,0.8606322332444372,0.09461860977813835,0.1181727120565244,0.5769350748510805,-0.00013020833333333333,-0.026692708333333336,0.0,0.0,1.7192374278847282,1.0742859675154077,0.5370405015951267,growth_mean,0.03
rolling-lp,40043,0.9737398449299616,0.8755782799997017,0.09737398449299615,0.12123611971814906,0.5569114307168402,0.0,0.0,0.0,0.0,1.611679906147484,1.001124255687793,0.5562860229914524,growth_mean,0.03
rolling-lp,40044,0.9811073230462637,0.8822295690569051,0.09767453438795971,0.12545984196073345,0.6070523335797843,0.0,-0.008723958333333334,0.0,0.0,1.632593538773706,1.019959697854365,0.5951728630619504,growth_mean,0.03
rolling-lp,40045,0.962392300575098,0.8673160384077492,0.09563376130750981,0.10012614034504329,0.4848396569395127,0.0,-0.012109375,0.0,0.0,1.7064684110951187,1.0282890363185277,0.47150133845181486,growth_mean,0.03
rolling-lp,40046,0.9917805288267525,0.8920674653971851,0.09830565704934191,0.1231606027772572,0.604557534309959,0.0,-0.017447916666666667,0.0,0.0,1.715570902616393,1.0520063408046783,0.5746709985108395,growth_mean,0.03
rolling-lp,40047,0.916441698996144,0.8212688697706632,0.09056344073294773,0.11681720285528878,0.576071168466624,0.0,-0.021614583333333333,0.0,0.0,1.7854292210316198,1.0351694559494142,0.5564993877628234,growth_mean,0.03
rolling-lp,40048,0.9843686884448034,0.8838194632810237,0.09663999384448035,0.12082055200415728,0.6061148974901134,0.0,-0.0359375,0.0,0.0,1.8174077669161703,1.063144426011763,0.5701152944608554,growth_mean,0.03
rolling-lp,40049,0.9710580744048841,0.8743582031324556,0.09700164077382174,0.12049715240730313,0.5655096393185304,0.0,-0.0020833333333333333,0.0,0.0,1.631997618478921,1.0082548680012915,0.5608796518280793,growth_mean,0.03
ppo-retrained,40000,0.9841159756120261,0.8851087936988311,0.09800795172786927,0.12287045760619816,0.5915162554162499,0.0,-0.008072916666666667,0.0,0.0,2.4971200763160133,1.4244002519139998,0.41527390536572545,growth_mean,0.03
ppo-retrained,40001,0.9563246902202911,0.8603843593210405,0.0946363752720291,0.11458528009858954,0.5679772469338468,0.0,-0.019921875000000002,0.0,0.0,2.496385410621521,1.3775216245285833,0.4123182074388273,growth_mean,0.03
ppo-retrained,40002,0.9982476007743579,0.8958853797973323,0.09854871841076912,0.13387080653219244,0.6694570818646962,0.0,-0.025520833333333336,0.0,0.0,2.4961481760798865,1.3798344584378275,0.4851720275362732,growth_mean,0.03
ppo-retrained,40003,1.0090032382115028,0.904779966880613,0.09743027173781696,0.11836498841163604,0.6094652725133337,-0.00013020833333333333,-0.06927083333333334,0.00013020833333333333,0.0,2.495858074707497,1.419179473434316,0.4294490470880825,growth_mean,0.03
ppo-retrained,40004,0.9742166029134217,0.8755392643367744,0.09639301445800882,0.12481642984949816,0.6089983476254147,0.0,-0.020572916666666666,0.0,0.0,2.4964470867195163,1.3792273957984484,0.4415503560041015,growth_mean,0.03
ppo-retrained,40005,0.9531972179110516,0.8559585997340522,0.09530019054110517,0.13099875848223805,0.6129043797716195,0.0,-0.000390625,0.0,0.0,2.496688365362969,1.4175497067544702,0.4323688805064096,growth_mean,0.03
ppo-retrained,40006,1.0020311204226187,0.8986740812372287,0.09909634120892855,0.12901187022732621,0.6388127887246811,0.0,-0.022135416666666664,0.0,0.0,2.4962151674953947,1.360762889718535,0.4694519475445243,growth_mean,0.03
ppo-retrained,40007,0.997199500925887,0.8940467340362432,0.09611317925925539,0.11739623418963706,0.6064046963733154,-0.000390625,-0.07174479166666667,0.00013020833333333333,0.0,2.495723960732769,1.3841219582353994,0.43811507560100665,growth_mean,0.03
ppo-retrained,40008,0.9725852338010783,0.8747773283295611,0.09671164838010783,0.11519684515310749,0.5539553185955983,0.0,-0.0109375,0.0,0.0,2.4964912669587447,1.432902231780309,0.38659673096282127,growth_mean,0.03
ppo-retrained,40009,0.9663441470570138,0.8678174073229865,0.09515003970570138,0.11667842025736042,0.5793449162584166,-0.00013020833333333333,-0.029557291666666666,0.0,0.0,2.4967357727441586,1.3948810814712924,0.4153364211143614,growth_mean,0.03
ppo-retrained,40010,0.9530743912335439,0.8580988394956881,0.09518374120668772,0.10727589552157865,0.5042907431098265,0.0,-0.0024739583333333332,0.0,0.0,2.496353039919702,1.3747491198517754,0.3668238341292401,growth_mean,0.03
ppo-retrained,40011,0.945296676214265,0.8461825429494617,0.0942562301214265,0.1262255825992989,0.5987882798930723,0.0,-0.00546875,0.0,0.0,2.49652886654032,1.3535792418789776,0.44237401207620575,growth_mean,0.03
ppo-retrained,40012,0.9803863010621158,0.8803179279251145,0.09760243218954491,0.12607656743632434,0.6045251678174636,0.0,-0.008723958333333334,0.0,0.0,2.4960978148883677,1.4121406720417753,0.4280913224766746,growth_mean,0.03
ppo-retrained,40013,0.9378817122518999,0.8420686803824863,0.09297436914185664,0.11797893874760562,0.5746784169268876,0.0,-0.016276041666666664,0.0,0.0,2.496442511885516,1.3817619901255622,0.415902609156781,growth_mean,0.03
ppo-retrained,40014,0.9589625427913747,0.860145282887369,0.09309026469580413,0.10845897972840626,0.5597367507932995,-0.0002604166666666667,-0.055859375,0.00013020833333333333,0.0,2.4963950224963782,1.4080910836004716,0.39751459071955736,growth_mean,0.03
ppo-retrained,40015,0.987461272648022,0.8843313736533228,0.09597920018146885,0.12718666579389643,0.6416208281306762,-0.00026041666666666666,-0.05507812499999999,0.0,0.0,2.495972233503657,1.38429066460828,0.4635015206956113,growth_mean,0.03
ppo-retrained,40016,0.9475972411958314,0.8506328447812366,0.09408264078624981,0.12020237525002629,0.5819608530843324,0.0,-0.013541666666666667,0.0,0.0,2.4961021508433263,1.3472960970276668,0.43194725670787854,growth_mean,0.03
ppo-retrained,40017,0.9765672276825962,0.8762723427240737,0.09490932693492629,0.12343515824349738,0.6374501814747118,-0.0005208333333333333,-0.054427083333333334,0.0,0.0,2.495487569310388,1.3763393733813718,0.46314898331262067,growth_mean,0.03
ppo-retrained,40018,0.9890876623826282,0.8888258755299232,0.09774340165492948,0.12476003657256633,0.6195297688711262,0.0,-0.023307291666666667,0.0,0.0,2.4959362175229534,1.4113810397443307,0.43895287766041763,growth_mean,0.03
ppo-retrained,40019,0.9842340126207628,0.8828882877420609,0.0969780887620763,0.12497694581240136,0.6157940604147089,0.0,-0.02890625,0.0,0.0,2.4959408465715516,1.379108493636593,0.4465160379013487,growth_mean,0.03
ppo-retrained,40020,0.9411766986816731,0.8426207482561797,0.09229475320150064,0.12688539371618573,0.6368205959652959,0.0,-0.03645833333333333,0.0,0.0,2.4958728976768136,1.3704924484822136,0.46466552710345754,growth_mean,0.03
ppo-retrained,40021,0.982635491432911,0.8805020148679901,0.09562683039329109,0.12679454758462205,0.6410702735649766,-0.00013020833333333333,-0.05260416666666667,0.0,0.0,2.49562512335764,1.3937513486350168,0.45996028932478855,growth_mean,0.03
ppo-retrained,40022,0.9876460931080314,0.8881771068771884,0.09789221347746982,0.11720896363859053,0.571691888172164,0.0,-0.017447916666666667,0.0,0.0,2.496396895749463,1.4096421292603802,0.40555817416731355,growth_mean,0.03
ppo-retrained,40023,0.9914456460381404,0.891514104132438,0.09899482502048071,0.12798716813523744,0.6059662438822643,0.0,-0.0029947916666666664,0.0,0.0,2.49670453051624,1.4167162796334363,0.42772589868103517,growth_mean,0.03
ppo-retrained,40024,0.9612132009795102,0.8630987848448266,0.09459788259795102,0.12051494828447597,0.5989095575743795,0.0,-0.030468750000000003,0.0,0.0,2.4961739505693417,1.4292700643102005,0.4190317649054151,growth_mean,0.03
ppo-retrained,40025,0.9518830639088539,0.8569744731151391,0.09506460847421873,0.12233067527259509,0.5763896243252348,0.0,-0.0024739583333333332,0.0,0.0,2.4966458607664803,1.4185137880052354,0.406333466194766,growth_mean,0.03
ppo-retrained,40026,0.9570972168669825,0.8578899387365763,0.09539722168669824,0.123748481008923,0.5919511873102546,0.0,-0.00625,0.0,0.0,2.496243361192994,1.3909573776978077,0.425571046821004,growth_mean,0.03
ppo-retrained,40027,0.9943081066107982,0.8925425180455946,0.09839565441107982,0.13405802863636482,0.6624286105516785,0.0,-0.020703125,0.0,0.0,2.496155239180618,1.3848206757151984,0.4783497402720128,growth_mean,0.03
ppo-retrained,40028,0.9787706742609401,0.8738633054233239,0.09384060909276068,0.12468077277958436,0.6423685706135802,-0.00013020833333333333,-0.08059895833333333,0.0,0.0,2.4958030231974337,1.3821579123670715,0.4647577276560718,growth_mean,0.03
ppo-retrained,40029,0.9894429642775727,0.8895129247139628,0.09891825476109059,0.12841769010294374,0.5991227699447754,0.0,-0.0005208333333333333,0.0,0.0,2.4962993597747767,1.4075056796437342,0.4256627725270881,growth_mean,0.03
ppo-retrained,40030,0.9594177204022833,0.8594729986992584,0.09390401162356166,0.13235306749900771,0.6611216869083755,0.0,-0.040755208333333334,0.0,0.0,2.4957325496451332,1.3622767006009344,0.48530646278890194,growth_mean,0.03
ppo-retrained,40031,0.9568167098226361,0.8588097067867626,0.09495901473226362,0.12326117652689857,0.5982508968898019,0.0,-0.014453124999999999,0.0,0.0,2.4966955721270927,1.4033766418449152,0.42629389648621047,growth_mean,0.03
ppo-retrained,40032,0.9898778587339108,0.8883705842890685,0.09483414004005775,0.11916139806262847,0.616947790799918,-0.000390625,-0.08268229166666666,0.00013020833333333333,0.0,2.4945891844050263,1.4093685659762494,0.43774765926652204,growth_mean,0.03
ppo-retrained,40033,0.9573489712369597,0.860197786590772,0.09531172004036263,0.11190547630716209,0.537069385435646,0.0,-0.008463541666666668,0.0,0.0,2.4964059178801126,1.4032610156859455,0.38272949895434416,growth_mean,0.03
ppo-retrained,40034,1.0022667422536542,0.8987097578919525,0.09770714297536542,0.12195509351758349,0.620396656576032,-0.00013020833333333333,-0.05026041666666667,0.0,0.0,2.496301569683229,1.4080771721898957,0.4405984762974087,growth_mean,0.03
ppo-retrained,40035,0.9869222914031442,0.8857036893008279,0.09618571872364776,0.12704415463040658,0.6526570811670381,0.0,-0.05013020833333333,0.0,0.0,2.4960093726183064,1.4393982507300123,0.4534235614334208,growth_mean,0.03
ppo-retrained,40036,0.9356194983122929,0.8401688586917146,0.09234450191456263,0.1208037661176518,0.59569302516463,-0.00013020833333333333,-0.024218750000000004,0.0,0.0,2.4960096403223297,1.3978956989754077,0.4261355304270878,growth_mean,0.03
ppo-retrained,40037,0.9658405274557849,0.8656209823261987,0.09640827149557848,0.1312460470164493,0.6193932262423132,0.0,-0.003515625,0.0,0.0,2.4965660496144606,1.3943136846726474,0.4442280335129411,growth_mean,0.03
ppo-retrained,40038,1.0036166533956816,0.9011984421078413,0.09941114450623481,0.13402864306311052,0.6596781118609651,0.0,-0.019010416666666665,0.0,0.0,2.4960352322286963,1.4372087405708012,0.4589995129023274,growth_mean,0.03
ppo-retrained,40039,0.9798754219974313,0.8786245337563154,0.09658780261640978,0.12598509062582272,0.6255704602684055,-0.00013020833333333333,-0.027864583333333335,0.0,0.0,2.4960663988717013,1.3868183965770724,0.4510831856661482,growth_mean,0.03
ppo-retrained,40040,0.9657589287201686,0.8679748131181184,0.09611365328868351,0.11049901923113628,0.5360658578162547,0.0,-0.009244791666666667,0.0,0.0,2.495877587757854,1.3637595278545431,0.3930794592941101,growth_mean,0.03
ppo-retrained,40041,0.9811128744635663,0.8808065722552523,0.09516206869635663,0.1213437850802869,0.6250939533446508,-0.00026041666666666666,-0.05872395833333333,0.0,0.0,2.496201825186524,1.4132313939456815,0.4423153604021032,growth_mean,0.03
ppo-retrained,40042,0.9387147398623307,0.8406119299748896,0.09252381773623305,0.1201299781767453,0.5864907113082772,-0.00013020833333333333,-0.02682291666666667,0.0,0.0,2.4956970683382433,1.3716842860935452,0.42756975293386146,growth_mean,0.03
ppo-retrained,40043,0.9893749789698414,0.889383180359834,0.09893749789698414,0.12236848280198565,0.562113064904543,0.0,0.0,0.0,0.0,2.4971646173095676,1.391007015882862,0.40410512562927225,growth_mean,0.03
ppo-retrained,40044,0.9894168638576455,0.8879543020549203,0.09850548846909787,0.13115896844083672,0.6346282333660747,0.0,-0.008723958333333334,0.0,0.0,2.496671058559482,1.4197995685876013,0.4469843824487106,growth_mean,0.03
ppo-retrained,40045,0.9525664930489004,0.8567411343902234,0.09462513888822338,0.10267947546416677,0.497203642197921,0.0,-0.012630208333333334,0.0,0.0,2.4965314409377544,1.3744166322220979,0.36175613023109554,growth_mean,0.03
ppo-retrained,40046,0.9954978701979535,0.8944242583284236,0.09863181826979536,0.12403587720449884,0.6088539873772988,0.0,-0.018359374999999997,0.0,0.0,2.495965087723956,1.4262454574479,0.426892849472609,growth_mean,0.03
ppo-retrained,40047,0.9766390408032859,0.8772400833163703,0.0965310915803286,0.12349974706893957,0.6090253991740355,0.0,-0.02265625,0.0,0.0,2.4961420985500697,1.4121763668072793,0.43126723650739984,growth_mean,0.03
ppo-retrained,40048,0.9824748108833279,0.8806264217433765,0.09626831442166611,0.12341744569653186,0.6191426144475081,0.0,-0.03958333333333333,0.0,0.0,2.4959314963276498,1.3468409991378523,0.45969985680851505,growth_mean,0.03
ppo-retrained,40049,0.9991326901231345,0.8997708496098061,0.0998091023456468,0.12418642537876755,0.5828239026497358,0.0,-0.0020833333333333333,0.0,0.0,2.496366444802823,1.448555849306407,0.4023482442384267,growth_mean,0.03
ppo-frozen,40000,1.0071894160568569,0.9033861625451032,0.09637649368901904,0.12287045760619839,0.6516272010696276,-0.0006510416666666667,-0.08619791666666667,0.00013020833333333333,0.0,2.4914440750527733,1.4305869521071868,0.4554963961539084,growth_mean,0.04
ppo-frozen,40001,0.9828328466264208,0.8814294563963196,0.09224161799597541,0.11458528009858956,0.6255683350376575,-0.0015624999999999999,-0.11927083333333334,0.0009114583333333333,0.0,2.4912861255268894,1.3851690685391005,0.4516187584938113,growth_mean,0.04
ppo-frozen,40002,1.012293006795059,0.9060233371839039,0.09614466526283924,0.13387080653219208,0.7372938269885589,-0.0018229166666666667,-0.09986979166666668,0.00013020833333333333,0.0,2.490135657856247,1.3984196271434295,0.5272336090524122,growth_mean,0.04
ppo-frozen,40003,1.025806560492415,0.9178522837767794,0.09526294771590814,0.11836498841163635,0.6668318131085843,-0.006119791666666667,-0.14023437500000002,0.0016927083333333334,0.0,2.49121753528388,1.4411483149534907,0.4627086651592168,growth_mean,0.04
ppo-frozen,40004,1.0048054071741719,0.8999288883278543,0.09391804071741719,0.12481642984949833,0.6707989890485769,-0.0016927083333333334,-0.12955729166666666,0.00026041666666666666,0.0,2.4901286258880244,1.4249291839507499,0.47075952728312,growth_mean,0.04
ppo-frozen,40005,0.9668043546323293,0.8656483469960855,0.09347731046323293,0.1300505927421075,0.6705182042579281,-0.00013020833333333333,-0.06393229166666667,0.0,0.0,2.4883439434131063,1.434561904164125,0.4674027675707855,growth_mean,0.04
ppo-frozen,40006,1.0280250301264937,0.9195232889036732,0.09737281551264937,0.129011870227326,0.7035850249738642,-0.00234375,-0.10625,0.00026041666666666666,0.0,2.4901775583728893,1.3863240192948245,0.5075184554125765,growth_mean,0.04
ppo-frozen,40007,1.0105880911457525,0.9041913569378082,0.0935132361979086,0.11645209021393735,0.6611757601800436,-0.007031249999999999,-0.14388020833333331,0.0026041666666666665,0.0,2.4890338375672973,1.396810280635444,0.4733468598750993,growth_mean,0.04
ppo-frozen,40008,0.9942855291325547,0.8912575300367929,0.09366032374658881,0.11504917618828857,0.6094889214657178,-0.0010416666666666667,-0.11432291666666668,0.00013020833333333333,0.0,2.4923709455581515,1.4173745558817021,0.43001260248147655,growth_mean,0.04
ppo-frozen,40009,0.9918614966804195,0.8883586295782545,0.09323562883470862,0.11641549099284744,0.636590378522048,-0.002864583333333333,-0.11614583333333332,0.0006510416666666666,0.0,2.493496219397508,1.3956278226256558,0.45613190580021734,growth_mean,0.04
ppo-frozen,40010,0.971206859954941,0.8721226279325051,0.0934878734954941,0.10727589552157858,0.5556534688754254,-0.00013020833333333333,-0.07252604166666667,0.0,0.0,2.491364930188219,1.3861303432288794,0.40086668009956067,growth_mean,0.04
ppo-frozen,40011,0.9646402154339404,0.8611890517698757,0.09210855279339406,0.12622558259929906,0.6597513663071841,-0.00078125,-0.086328125,0.00013020833333333333,0.0,2.4925353442385036,1.3760116897881538,0.4794663964001332,growth_mean,0.04
ppo-frozen,40012,1.0248254176815865,0.9179343261378736,0.097046343851492,0.1260765674363245,0.6659865236978622,-0.0015625,-0.10716145833333333,0.00026041666666666666,0.0,2.4882864927154396,1.42049193610013,0.46884217134402445,growth_mean,0.04
ppo-frozen,40013,0.9374049597166024,0.8386636401793359,0.08868190222166025,0.11694536123796902,0.6274446396955782,-0.00234375,-0.098828125,0.000390625,0.0,2.4934200517647667,1.3651682371463447,0.45960975550320887,growth_mean,0.04
ppo-frozen,40014,0.9720497475833252,0.8700722476506121,0.09045367267499918,0.10742461955606225,0.606036944825827,-0.004817708333333333,-0.13020833333333331,0.0015625,0.0,2.4928123857008595,1.383119231405532,0.4381668124229388,growth_mean,0.04
ppo-frozen,40015,1.024574964131202,0.9159587302421206,0.0952309339131202,0.1271866657938965,0.7050063762888467,-0.005078125,-0.13945312499999998,0.0010416666666666667,0.0,2.488903811214917,1.4201895328799765,0.4964171048769646,growth_mean,0.04
ppo-frozen,40016,0.9743938749721277,0.872507693858536,0.0928430333305461,0.11932070681240085,0.6357605827585349,-0.0009114583333333333,-0.091015625,0.00013020833333333333,0.0,2.49146444794395,1.3689229985579536,0.4644239182395618,growth_mean,0.04
ppo-frozen,40017,1.0102512546896916,0.9044740299451977,0.09370741713563581,0.12343515824349734,0.7005417935734713,-0.005338541666666667,-0.141015625,0.0013020833333333333,0.0,2.4906292840247204,1.4200221213384614,0.49333160592819925,growth_mean,0.04
ppo-frozen,40018,1.0262243940365812,0.9199292131509862,0.09680863732032478,0.12476003657256626,0.6823040149644967,-0.001953125,-0.11432291666666668,0.0,0.0,2.4901046714814683,1.4396764885008269,0.47392870579903534,growth_mean,0.04
ppo-frozen,40019,1.0091969539157808,0.9025238290313363,0.0943702162249114,0.12497694581240106,0.6782176975977354,-0.0024739583333333332,-0.128515625,0.00013020833333333333,0.0,2.49236069705659,1.378132900107747,0.4921279345008817,growth_mean,0.04
ppo-frozen,40020,0.959116087033203,0.8564420577125558,0.08945327536998696,0.1258152434542946,0.6953652856605086,-0.003125,-0.12604166666666666,0.0007812499999999999,0.0,2.4916318060421214,1.389500369431334,0.5004426777843127,growth_mean,0.04
ppo-frozen,40021,0.9979698110797315,0.8916673795312458,0.09292198110797316,0.12679454758462202,0.7030985367663798,-0.0028645833333333336,-0.13463541666666667,0.0009114583333333333,0.0,2.490763869841439,1.408723208732844,0.49910339547739946,growth_mean,0.04
ppo-frozen,40022,1.0042626483056174,0.9000755639484193,0.09529605649722842,0.11661493799644423,0.626506665789856,-0.0014322916666666666,-0.101171875,0.00013020833333333333,0.0,2.488598640401649,1.440098277581796,0.4350443824166515,growth_mean,0.04
ppo-frozen,40023,1.0193009403552462,0.9141918085034191,0.09767879195219129,0.12798716813523733,0.6676622435205282,-0.0005208333333333334,-0.08450520833333333,0.00013020833333333333,0.0,2.4901899582149927,1.4133189329769995,0.4724073441188336,growth_mean,0.04
ppo-frozen,40024,0.9839553584236724,0.8805429307171706,0.09167027542570057,0.12051494828447597,0.6595551174903276,-0.0022135416666666666,-0.13229166666666667,0.0006510416666666666,0.0,2.49169604582334,1.4239975524177964,0.4631715246774639,growth_mean,0.04
ppo-frozen,40025,0.9719917065558904,0.8727492900521763,0.09349474357225569,0.12233067527259484,0.6351037213513264,0.0,-0.07408854166666667,0.00013020833333333333,0.0,2.4872739824325545,1.447318371829177,0.4388141087082711,growth_mean,0.04
ppo-frozen,40026,0.9993236781254409,0.8938352117705529,0.09539460739587743,0.12374848100892324,0.6521107602307693,-0.0006510416666666666,-0.09010416666666665,0.00013020833333333333,0.0,2.488023371431025,1.4270513799597848,0.45696375714877635,growth_mean,0.04
ppo-frozen,40027,1.0391958602731115,0.9306283771385998,0.0974612526939778,0.13405802863636468,0.7296064413685089,-0.001171875,-0.12799479166666666,0.0005208333333333333,0.0,2.491206990609231,1.4311482688584283,0.5098049288425495,growth_mean,0.04
ppo-frozen,40028,0.9965965035417326,0.8887086657280082,0.09202293160417326,0.12468077277958413,0.7071675454425004,-0.008463541666666668,-0.14427083333333335,0.0015625,0.0,2.4898820312581726,1.3921561884123494,0.5079656660140788,growth_mean,0.04
ppo-frozen,40029,0.9947601071771779,0.8917822343964679,0.09656585446771779,0.12841769010294377,0.6602476198764471,-0.00013020833333333333,-0.05807291666666667,0.0,0.0,2.4900654395092796,1.4080450510458236,0.46891086289181516,growth_mean,0.04
ppo-frozen,40030,0.9783764729339632,0.8739771458757842,0.09106030354339631,0.13107552239973264,0.7210679829290447,-0.002864583333333333,-0.13268229166666665,0.0009114583333333333,0.0,2.492390227184727,1.3773628389729573,0.5235134581289527,growth_mean,0.04
ppo-frozen,40031,0.9748380285000657,0.872076153628234,0.0916374486833399,0.12326117652689855,0.6580328924061442,-0.0014322916666666666,-0.11549479166666667,0.0,0.0,2.491476984641879,1.3747019554439743,0.47867313332919903,growth_mean,0.04
ppo-frozen,40032,1.0194055349989546,0.9132539062440556,0.09381555349989544,0.11899940442603207,0.6724786207757625,-0.0069010416666666664,-0.15559895833333334,0.00234375,0.0,2.4900381162634835,1.4427707755733152,0.46610219181112744,growth_mean,0.04
ppo-frozen,40033,0.9651989129198366,0.8640363636496834,0.09182588087531701,0.11065206234271072,0.5850321173458151,-0.0006510416666666666,-0.09322916666666667,0.0,0.0,2.4906443968472374,1.4113659672047503,0.4145148253110336,growth_mean,0.04
ppo-frozen,40034,1.0357760084068848,0.92698238465111,0.09649426750735512,0.12195509351758363,0.683057826876102,-0.005078125,-0.13658854166666667,0.001171875,0.0,2.488352152664193,1.4455787445410597,0.47251512894439945,growth_mean,0.04
ppo-frozen,40035,1.0118731133823118,0.905567774120303,0.09401934258823118,0.12538569279383072,0.709195869812409,-0.005859375000000001,-0.13749999999999998,0.0018229166666666667,0.0,2.488661041030954,1.4590265916596101,0.48607467051420533,growth_mean,0.04
ppo-frozen,40036,0.9600771246573898,0.8593330633103795,0.090089743715739,0.1208037661176516,0.6558156718603696,-0.00234375,-0.11601562499999998,0.000390625,0.0,2.491853715658314,1.4158975735180985,0.46318016509545684,growth_mean,0.04
ppo-frozen,40037,0.9852501163307147,0.8805509857724413,0.09443646996640483,0.13052346794903352,0.678758529618226,-0.0005208333333333333,-0.08124999999999999,0.00013020833333333333,0.0,2.4878560249222432,1.412301592822152,0.48060452035736007,growth_mean,0.04
ppo-frozen,40038,1.0318177727867663,0.924301871874998,0.09827292311200997,0.13402864306311052,0.726583432025076,-0.0010416666666666667,-0.09713541666666667,0.000390625,0.0,2.4892281016062032,1.460999043732877,0.4973195808319239,growth_mean,0.04
ppo-frozen,40039,1.0149806527321954,0.9082453988443064,0.0959837423565529,0.1259850906258229,0.6889644646937558,-0.0020833333333333333,-0.108203125,0.000390625,0.0,2.4898473555783176,1.3991331945996053,0.4924223564654394,growth_mean,0.04
ppo-frozen,40040,0.9836928679993013,0.8813288653854179,0.09363621388326346,0.11029808557344611,0.5894321571048977,-0.000390625,-0.09427083333333333,0.0005208333333333333,0.0,2.488522483196032,1.390959487701818,0.42375939940477625,growth_mean,0.04
ppo-frozen,40041,0.9850222250321629,0.8820893739265224,0.09187461833654963,0.12060961606772226,0.683997046819908,-0.00546875,-0.12708333333333333,0.0018229166666666667,0.0,2.490441050735458,1.4051833953435642,0.48676710035608717,growth_mean,0.04
ppo-frozen,40042,0.9899683737707441,0.8848031214619687,0.0926491811270744,0.12012997817674512,0.6407804302028344,-0.0014322916666666668,-0.12552083333333333,0.00013020833333333333,0.0,2.489485558557172,1.422144627540235,0.45057332270849193,growth_mean,0.04
ppo-frozen,40043,0.9788445434205839,0.877634798444052,0.09587924600872506,0.12236848280198553,0.6195184175824215,-0.000390625,-0.039713541666666664,0.0,0.0,2.4906989839686835,1.3995378201894906,0.4426592898350841,growth_mean,0.04
ppo-frozen,40044,0.9913471821594388,0.8862735703429674,0.09488341613261056,0.13115896844083696,0.6991143378127781,-0.0013020833333333333,-0.08372395833333333,0.00013020833333333333,0.0,2.491122678646822,1.4085900895577792,0.49632206203599094,growth_mean,0.04
ppo-frozen,40045,0.9768309116486659,0.8762006422119557,0.09304767449819992,0.10238363519430535,0.5461135943068021,-0.0014322916666666666,-0.09127604166666667,0.0,0.0,2.491559863120119,1.3718171040035778,0.39809504686375285,growth_mean,0.04
ppo-frozen,40046,1.0294677567283388,0.9221063468137338,0.09687255692283386,0.1240358772044988,0.6706162717941088,-0.0007812499999999999,-0.12070312500000001,0.0,0.0,2.4891482141629258,1.4466616861196093,0.4635612308174881,growth_mean,0.04
ppo-frozen,40047,1.0223705267140781,0.9159634284621726,0.0958308026714078,0.12349974706893946,0.6707647351120622,-0.0011718750000000002,-0.126953125,0.00013020833333333333,0.0,2.490517492765159,1.4337074058568706,0.4678532958481668,growth_mean,0.04
ppo-frozen,40048,0.9809782003559854,0.876839113382062,0.09194547628559853,0.1234174456965316,0.6817884177901715,-0.0026041666666666665,-0.12044270833333334,0.00078125,0.0,2.4911512966716693,1.3341839028781117,0.5110153227897686,growth_mean,0.04
ppo-frozen,40049,1.0204900021946142,0.9162377220273973,0.09819483355279475,0.12418642537876753,0.6422032216593961,-0.0007812499999999999,-0.07630208333333333,0.0,0.0,2.4877592109020887,1.4604812173242723,0.43972028810885216,growth_mean,0.04
rolling-lp,40000,0.9425204229842473,0.8448576139474286,0.09108146938175807,0.1172734748491355,0.6219443441854364,0.0,-0.06341145833333334,0.00078125,0.0,2.082974514731561,1.1185661938032552,0.5560192571802598,growth_mean,0.04
rolling-lp,40001,0.9414727579609947,0.8452326099736891,0.0895118591294328,0.1072829076120894,0.5857016698405724,-0.0006510416666666665,-0.09205729166666667,0.0018229166666666667,0.0,2.151373471256029,1.154242623724528,0.5074337559555903,growth_mean,0.04
rolling-lp,40002,0.972497644488749,0.8719067631885824,0.09347372278220824,0.1275419120312455,0.7024374235045953,-0.0018229166666666667,-0.07369791666666667,0.00013020833333333333,0.0,2.1607204881805906,1.1686489703737868,0.6010679351216337,growth_mean,0.04
rolling-lp,40003,1.0021542458616735,0.8980987044612206,0.09480526833616734,0.11762313994735751,0.662652467821391,-0.00625,-0.10195312499999999,0.0015625,0.0,2.0625287378857218,1.1917979152864087,0.5560107626653674,growth_mean,0.04
rolling-lp,40004,0.972691181747785,0.8720887154295923,0.09200870150811183,0.12000944542113856,0.6449648877303125,-0.0018229166666666667,-0.10338541666666666,0.00013020833333333333,0.0,1.9495276071525958,1.146726974714452,0.5624397977477734,growth_mean,0.04
rolling-lp,40005,0.9913590188274437,0.8908569777641085,0.09631689146607772,0.12153465450011008,0.6266115099692006,0.0,-0.056380208333333334,0.00013020833333333333,0.0,1.667469137849187,1.0896242776360867,0.5750711716231387,growth_mean,0.04
rolling-lp,40006,0.9887293242043483,0.8854177030723958,0.09497970325376817,0.12244056060226771,0.6677474308167466,-0.00234375,-0.07552083333333334,0.00026041666666666666,0.0,2.075609571462688,1.136018798090755,0.5877961103627805,growth_mean,0.04
rolling-lp,40007,1.0026930513560146,0.8991639907993311,0.0943643572189348,0.11229848827472085,0.6375930068382913,-0.007421875,-0.11067708333333333,0.0022135416666666666,0.0,2.0345983168848845,1.2111602754435602,0.5264315712507887,growth_mean,0.04
rolling-lp,40008,0.9574492545435831,0.8579488621815811,0.09134388378769163,0.11304043213878437,0.5988473220662636,-0.0009114583333333333,-0.08710937500000002,0.00026041666666666666,0.0,1.9468852363814264,1.155489640162647,0.5182628223148497,growth_mean,0.04
rolling-lp,40009,0.9450762663760551,0.8457187027771933,0.0902953870542722,0.11459610280638598,0.6266414876620747,-0.0026041666666666665,-0.081640625,0.0009114583333333333,0.0,1.935863339933779,1.1630089977878573,0.5388105241266409,growth_mean,0.04
rolling-lp,40010,0.9552186562898773,0.8590606590753588,0.09268983437898773,0.10439279775523591,0.5407199810943512,-0.00013020833333333333,-0.056510416666666674,0.0,0.0,1.918979716050451,1.1135839303682005,0.48556733475452096,growth_mean,0.04
rolling-lp,40011,0.8931133578453432,0.7970412369248637,0.08576315870120098,0.11841565811449906,0.6189307319833197,-0.00078125,-0.07018229166666667,0.00013020833333333333,0.0,2.192192211808124,1.123195538223292,0.5510445073191484,growth_mean,0.04
rolling-lp,40012,0.9896862852906075,0.8873773769276163,0.09453503477906074,0.12198825531999359,0.6443904346742438,-0.0015625,-0.08710937499999999,0.00026041666666666666,0.0,1.9382354291801775,1.1139787185144194,0.578458478572724,growth_mean,0.04
rolling-lp,40013,0.9259163058170197,0.829683956643121,0.0886984014150353,0.11310476410885685,0.6068387596813373,-0.00234375,-0.07552083333333334,0.000390625,0.0,2.039437172647522,1.1331804601372755,0.5355181994647382,growth_mean,0.04
rolling-lp,40014,0.9061176870894109,0.8090028654290848,0.08505838329227441,0.10295639909162478,0.5808294394116447,-0.004817708333333333,-0.10625000000000001,0.0015625,0.0,2.098098264302083,1.183168447700209,0.4909101831954998,growth_mean,0.04
rolling-lp,40015,1.0099637205652061,0.9054451698107872,0.09576850747318726,0.12279335801954018,0.6806539021156522,-0.004036458333333334,-0.10052083333333332,0.0020833333333333333,0.0,1.9717716883403926,1.1960699722360573,0.569075319935645,growth_mean,0.04
rolling-lp,40016,0.9577637582409533,0.8592740706272387,0.09215658415742864,0.11445335185941373,0.6098265055637948,-0.0002604166666666667,-0.07213541666666667,0.00078125,0.0,1.8749389273400106,1.1386221842754987,0.5355828421275889,growth_mean,0.04
rolling-lp,40017,0.9479378538002796,0.8482422567964786,0.08964404579669463,0.11927060357792288,0.6769063509947764,-0.0054687500000000005,-0.09752604166666666,0.001171875,0.0,2.0147468310679892,1.1912876538737338,0.568214023534674,growth_mean,0.04
rolling-lp,40018,0.9920975519750754,0.8902734696698672,0.09516027603084087,0.12161692262845328,0.6651145420974235,-0.0006510416666666667,-0.08033854166666667,0.0013020833333333335,0.0,1.8877539008638753,1.148594578975485,0.5790681536131639,growth_mean,0.04
rolling-lp,40019,0.9497042125470108,0.8481040754235436,0.0901006295880344,0.12365754270047019,0.6710576367164249,-0.0018229166666666667,-0.09557291666666666,0.00078125,0.0,2.127694954087211,1.1559307109544095,0.5805344821770133,growth_mean,0.04
rolling-lp,40020,0.8993739273686473,0.8037191593314609,0.08566655940353138,0.11745617673230785,0.6491657580086694,-0.0009114583333333336,-0.08450520833333333,0.0029947916666666664,0.0,2.1251004946959196,1.1279359335818677,0.5755342468318939,growth_mean,0.04
rolling-lp,40021,0.985785327083094,0.8838228573916007,0.09399519937497605,0.12057146997285817,0.6685904538372252,-0.0019531249999999998,-0.08971354166666667,0.0018229166666666667,0.0,1.9158052463524204,1.1772568373042427,0.5679223366145029,growth_mean,0.04
rolling-lp,40022,1.002164879167546,0.9000602720853005,0.09622560250008792,0.11339945661473645,0.6092316875239967,-0.0014322916666666666,-0.07838541666666665,0.00013020833333333333,0.0,1.964650819831421,1.133729632841175,0.537369466119745,growth_mean,0.04
rolling-lp,40023,0.9688643408764136,0.8678808024734863,0.09345544450430802,0.1273100746389856,0.6641300944045879,-0.0005208333333333334,-0.06809895833333332,0.00013020833333333333,0.0,1.9022833353643611,1.1405246268527267,0.5823022833248699,growth_mean,0.04
rolling-lp,40024,0.9790953229170957,0.8780243599363406,0.09266213645837622,0.11915916989131983,0.6521352032795348,-0.0022135416666666666,-0.10273437500000002,0.0006510416666666666,0.0,1.947088518136906,1.1527639926918418,0.5657144111143869,growth_mean,0.04
rolling-lp,40025,0.9732170132211924,0.8750018107954062,0.09424227423878591,0.11963462792125508,0.6211066621349055,0.0,-0.06158854166666666,0.00013020833333333333,0.0,1.721527104666622,1.1284569639950472,0.5504034996035804,growth_mean,0.04
rolling-lp,40026,0.9772980048266172,0.8753410407888238,0.09445506089932838,0.12059841952388543,0.6355110494865739,-0.0006510416666666666,-0.06484375,0.00013020833333333333,0.0,1.767842609408787,1.1280574341233156,0.5633676356031193,growth_mean,0.04
rolling-lp,40027,0.9732974237333133,0.8710433634989639,0.09219302362333134,0.12190628103773755,0.6634709520432716,-0.001171875,-0.1015625,0.0005208333333333333,0.0,1.893150886771249,1.1482759621305,0.5777974754537872,growth_mean,0.04
rolling-lp,40028,0.955992035015442,0.8525847834454183,0.08994816183487754,0.12356545352510531,0.7008416496207855,-0.0029947916666666673,-0.11002604166666667,0.007031249999999999,0.0,2.143918952748234,1.2205528773880339,0.5742001535571133,growth_mean,0.04
rolling-lp,40029,0.9623405510540923,0.8628411087459956,0.09365593010540922,0.1227962597485304,0.6313455581057724,-0.00013020833333333333,-0.051432291666666664,0.0,0.0,1.8310200086451474,1.0884234771324024,0.5800550717347047,growth_mean,0.04
rolling-lp,40030,0.9593420520790789,0.8583817802916281,0.0904849864579079,0.1232358258374283,0.6779405241673921,-0.003125,-0.105859375,0.0006510416666666666,0.0,2.0730085129460876,1.151674922663464,0.5886561483856293,growth_mean,0.04
rolling-lp,40031,0.9340334024055396,0.8349762027441675,0.08849448607388728,0.11883322495634588,0.6343941615299282,-0.0014322916666666666,-0.09674479166666666,0.0,0.0,2.0574834384130893,1.132376664755827,0.5602324573393799,growth_mean,0.04
rolling-lp,40032,0.9550536619861951,0.8557913017366116,0.08961343911528619,0.11450393615988558,0.6470742390148562,-0.0048177083333333336,-0.11302083333333335,0.004427083333333333,0.0,2.1030468846867123,1.203412982552717,0.5376992340919093,growth_mean,0.04
rolling-lp,40033,0.9573950969243515,0.8585762182523359,0.09221086385910181,0.10778065535732133,0.5698506080918705,-0.0001302083333333333,-0.07044270833333333,0.0005208333333333333,0.0,1.8234515384563472,1.1267494371175226,0.5057474087137562,growth_mean,0.04
rolling-lp,40034,1.0244380317039143,0.9183749112998129,0.0969815635870581,0.11973971554073089,0.6706497246564104,-0.005078125,-0.10416666666666669,0.001171875,0.0,1.9623382173431991,1.1896567295799625,0.5637338132767086,growth_mean,0.04
rolling-lp,40035,0.9748384090815869,0.8749320685004834,0.09259451799149203,0.1151068257206421,0.6510574178708266,-0.0016927083333333338,-0.09609374999999999,0.005989583333333333,0.0,1.9830529732810125,1.1884630527108622,0.5478146050781947,growth_mean,0.04
rolling-lp,40036,0.9008961316854137,0.8047454263889615,0.08542164441854136,0.1204164710821354,0.6537131367980282,-0.0010416666666666667,-0.09231770833333333,0.0016927083333333334,0.0,2.1307614947654114,1.1540024092425278,0.5664746724637404,growth_mean,0.04
rolling-lp,40037,0.9765853448009467,0.8742265785083608,0.09418848239676135,0.12051384780830265,0.6267057060492689,-0.0005208333333333333,-0.06888020833333333,0.00013020833333333333,0.0,1.9662176427027942,1.1153678644406957,0.5618825196864823,growth_mean,0.04
rolling-lp,40038,0.9534965220487661,0.8519543940098789,0.09171032928820995,0.1274246214520676,0.6907823332624785,-0.0010416666666666667,-0.07174479166666667,0.000390625,0.0,1.9141995662072488,1.1366604465204706,0.6077297185602718,growth_mean,0.04
rolling-lp,40039,1.0045302232325746,0.9012577560193514,0.09661187648992413,0.1221918680601278,0.6682207755678718,-0.0013020833333333335,-0.07552083333333333,0.001171875,0.0,1.9151124019329462,1.156480110392843,0.5778056791144336,growth_mean,0.04
rolling-lp,40040,0.998337579027887,0.8971143096627484,0.09601214331945537,0.10664860502805303,0.569929359943917,-0.0002604166666666667,-0.076171875,0.0006510416666666666,0.0,1.8254668682307167,1.1267875314232647,0.5058002010583392,growth_mean,0.04
rolling-lp,40041,0.9769674541547966,0.8771853820968117,0.09321106833214632,0.11819514835959438,0.6703042017894241,-0.0016927083333333338,-0.08802083333333333,0.005598958333333333,0.0,2.016248388975838,1.1885504516652934,0.5639678154597916,growth_mean,0.04
rolling-lp,40042,0.9743956898116314,0.8718887854499467,0.09253071481449647,0.11835943868804545,0.6313362675343714,-0.0014322916666666668,-0.09674479166666666,0.00013020833333333333,0.0,1.9560765842806398,1.1824982400295272,0.5339003866243445,growth_mean,0.04
rolling-lp,40043,0.9884685890938295,0.8878454260478802,0.09709555682604962,0.12047004368797343,0.6099071355851402,-0.000390625,-0.03463541666666667,0.0,0.0,1.7262395803937838,1.0722236966829028,0.5688245255835945,growth_mean,0.04
rolling-lp,40044,1.0015798235674456,0.8986383325812501,0.09685720110674453,0.12547372698819492,0.6688103954997332,-0.0013020833333333333,-0.06471354166666667,0.00013020833333333333,0.0,1.910568772165874,1.1238094030261443,0.5951279582630206,growth_mean,0.04
rolling-lp,40045,0.9838778952581949,0.8849250054280953,0.09479403952581948,0.10009572353014454,0.5339098894862018,-0.0014322916666666666,-0.07044270833333333,0.0,0.0,1.8834662673306255,1.1310587330965993,0.4720443544292961,growth_mean,0.04
rolling-lp,40046,1.0119875462518175,0.9085552018897455,0.09664797337518176,0.12257636715100755,0.6627252388705892,-0.0007812499999999999,-0.090234375,0.0,0.0,1.964642774397104,1.143614058176631,0.5795007801209028,growth_mean,0.04
rolling-lp,40047,0.9351473478289872,0.8361907231079784,0.0888337451995654,0.11629643641436044,0.6316413613576897,-0.0009114583333333333,-0.09270833333333332,0.000390625,0.0,1.9798335660603936,1.1300171601051596,0.5589661676455506,growth_mean,0.04
rolling-lp,40048,0.9959543655793742,0.8930663361371951,0.09512278030793743,0.11966283039600943,0.6610469965858455,-0.0016927083333333332,-0.08776041666666667,0.0016927083333333334,0.0,1.9681273327633684,1.1480246936548921,0.5758125241028683,growth_mean,0.04
rolling-lp,40049,0.9860010139378318,0.8856438755486868,0.09542301806044984,0.12041926339008313,0.6227221587471886,0.0,-0.06354166666666666,0.0007812499999999999,0.0,1.8582207976599567,1.107386072518935,0.5623351911323057,growth_mean,0.04
ppo-retrained,40000,1.0021262301090168,0.8984651388973973,0.09575298759423502,0.12287045760619839,0.6516272010696276,-0.0006510416666666667,-0.08854166666666667,0.00013020833333333333,0.0,2.4966500820116986,1.4494284986880879,0.44957526477465487,growth_mean,0.04
ppo-retrained,40001,0.9950929065416445,0.8925217354747084,0.09306397815416445,0.11458528009858956,0.6255683350376575,-0.0015624999999999999,-0.12734375000000003,0.0009114583333333333,0.0,2.496688695759417,1.4099546036506632,0.4436797705528477,growth_mean,0.04
ppo-retrained,40002,1.031858272536542,0.9240779621719956,0.09776265017032088,0.13387080653219208,0.7372938269885589,-0.0018229166666666667,-0.10664062500000002,0.00013020833333333333,0.0,2.4961313406578802,1.4239934174294702,0.5177649123684076,growth_mean,0.04
ppo-retrained,40003,1.0354529411311186,0.9262371236547176,0.09554399202977854,0.11836498841163635,0.6668318131085843,-0.00625,-0.1537760416666667,0.0015625,0.0,2.495395487739473,1.4612705915053483,0.4563369830235468,growth_mean,0.04
ppo-retrained,40004,1.0132633734259073,0.9078422653276128,0.09451644150925739,0.12481642984949833,0.6707989890485769,-0.0018229166666666667,-0.13437500000000002,0.00013020833333333333,0.0,2.4960969036960847,1.4217515708015371,0.4718116742930007,growth_mean,0.04
ppo-retrained,40005,0.9783910751427795,0.876828799406363,0.09463598251427793,0.13017238954656088,0.6711461673673957,-0.00013020833333333333,-0.06393229166666667,0.0,0.0,2.496099469839201,1.450945830000805,0.46255770097704024,growth_mean,0.04
ppo-retrained,40006,1.0320943423823326,0.9231242679641087,0.09750630923823325,0.129011870227326,0.7035850249738642,-0.00234375,-0.11171875,0.00026041666666666666,0.0,2.496386561247948,1.3979704295369364,0.5032903487142569,growth_mean,0.04
ppo-retrained,40007,1.024958860146259,0.9171591049584589,0.0944685422646259,0.1166523023626615,0.6623124973514141,-0.007421875,-0.153125,0.0022135416666666666,0.0,2.4959883650413426,1.4114548037264536,0.46924102394409595,growth_mean,0.04
ppo-retrained,40008,0.9990757599198243,0.8952531971695473,0.09393101349198243,0.11508969259022742,0.6097035627081632,-0.0010416666666666667,-0.11848958333333334,0.00013020833333333333,0.0,2.496223035171343,1.46160312428158,0.4171471397256694,growth_mean,0.04
ppo-retrained,40009,0.9928698922467867,0.8887367428511243,0.09295235380801199,0.11646594607170173,0.6368662801007149,-0.002864583333333333,-0.123828125,0.0006510416666666666,0.0,2.4961409563580803,1.4225976739128028,0.44767842080680303,growth_mean,0.04
ppo-retrained,40010,0.9722888444706294,0.8730329762743948,0.0935439886137296,0.10727589552157858,0.5556534688754254,-0.00013020833333333333,-0.07356770833333333,0.0,0.0,2.496449374424491,1.402584523866218,0.39616398115086077,growth_mean,0.04
ppo-retrained,40011,0.965042308041656,0.8614014017087017,0.09202506413749895,0.12622558259929906,0.6597513663071841,-0.00078125,-0.08880208333333334,0.00013020833333333333,0.0,2.496406515256392,1.3729528224944894,0.4805346225287593,growth_mean,0.04
ppo-retrained,40012,1.0151510220345206,0.9085837691071852,0.09591614387011874,0.1260765674363245,0.6659865236978622,-0.0015625,-0.11041666666666666,0.00026041666666666666,0.0,2.4959508946878337,1.4517819685276123,0.4587372884740408,growth_mean,0.04
ppo-retrained,40013,0.956110078373551,0.8556452751513006,0.09018132033735511,0.11717953236388318,0.628701033418005,-0.0024739583333333332,-0.10611979166666666,0.00026041666666666666,0.0,2.4961385748424116,1.3868950035777357,0.45331552265756375,growth_mean,0.04
ppo-retrained,40014,0.9822200697193717,0.8786802506842336,0.09081966322193719,0.10764586605346844,0.6072851089049327,-0.004817708333333333,-0.14322916666666669,0.0015625,0.0,2.496316362903287,1.4165140323233687,0.4287180324707851,growth_mean,0.04
ppo-retrained,40015,1.0106812084832832,0.9026757657056971,0.09349650626499498,0.1271866657938965,0.7050063762888467,-0.005078125,-0.14635416666666667,0.0010416666666666667,0.0,2.4963524059993847,1.4119174265805683,0.49932550092271055,growth_mean,0.04
ppo-retrained,40016,0.9676568407205518,0.8661274130328372,0.09196099657205518,0.11940051431099309,0.6361858103922705,-0.0009114583333333333,-0.09518229166666667,0.00013020833333333333,0.0,2.496393666689314,1.3792240555767328,0.461263569048065,growth_mean,0.04
ppo-retrained,40017,1.0074502074150546,0.9015855681108752,0.09310830199150548,0.12343515824349734,0.7005417935734713,-0.0054687500000000005,-0.147265625,0.001171875,0.0,2.4959348969929183,1.4164109372975007,0.4945893703066843,growth_mean,0.04
ppo-retrained,40018,1.0218749693055769,0.9156218497924548,0.09620442401389104,0.12476003657256626,0.6823040149644967,-0.001953125,-0.11770833333333333,0.0,0.0,2.496179207684363,1.439868366095268,0.4738655498174563,growth_mean,0.04
ppo-retrained,40019,1.020992620498759,0.9128180545251648,0.0950289495498759,0.12497694581240106,0.6782176975977354,-0.0024739583333333332,-0.13893229166666668,0.00013020833333333333,0.0,2.495978098725205,1.4095057122404455,0.4811741390672983,growth_mean,0.04
ppo-retrained,40020,0.9700852246783747,0.8658383118384245,0.08995774121783745,0.12597625207123975,0.6962551603675947,-0.003255208333333334,-0.13776041666666666,0.0006510416666666666,0.0,2.4958119634234435,1.4075118398415258,0.4946709083782821,growth_mean,0.04
ppo-retrained,40021,1.0039406539116955,0.8969367382090041,0.09304380497450289,0.12679454758462202,0.7030985367663798,-0.0028645833333333336,-0.144140625,0.0009114583333333333,0.0,2.4954692328448598,1.4169628347217453,0.49620111377476606,growth_mean,0.04
ppo-retrained,40022,1.018101617798635,0.9130529025790433,0.0964390680298635,0.11671189971588675,0.6270275867336123,-0.0014322916666666666,-0.10598958333333333,0.00013020833333333333,0.0,2.496654717209258,1.4527174864906223,0.4316238997358967,growth_mean,0.04
ppo-retrained,40023,1.017545302859966,0.9123118606837193,0.0974511448693299,0.12798716813523733,0.6676622435205282,-0.0005208333333333334,-0.085546875,0.00013020833333333333,0.0,2.4967420476968485,1.4472888466560714,0.46131927642719484,growth_mean,0.04
ppo-retrained,40024,0.992170324021047,0.8877788789893681,0.0921467199021047,0.12051494828447597,0.6595551174903276,-0.0022135416666666666,-0.13919270833333333,0.0006510416666666666,0.0,2.495791916832392,1.4437093479651384,0.45684757698628825,growth_mean,0.04
ppo-retrained,40025,0.9732201723368494,0.8738850145041553,0.0935980589003516,0.12233067527259484,0.6351037213513264,0.0,-0.07447916666666667,0.00013020833333333333,0.0,2.4966061072929047,1.4432970049599596,0.44003674861706354,growth_mean,0.04
ppo-retrained,40026,0.9844034654225169,0.879723337811416,0.09379190904225168,0.12374848100892324,0.6521107602307693,-0.0006510416666666666,-0.09231770833333333,0.00013020833333333333,0.0,2.495542421804914,1.4219939558282277,0.45858898173090556,growth_mean,0.04
ppo-retrained,40027,1.030028398070159,0.9216998193510336,0.09625804814034924,0.13405802863636468,0.7296064413685089,-0.001171875,-0.13372395833333334,0.0005208333333333333,0.0,2.4963596302427744,1.4254803750514555,0.5118319789861522,growth_mean,0.04
ppo-retrained,40028,0.9871367170663266,0.8794978463978291,0.09064075503996599,0.12468077277958413,0.7071675454425004,-0.008463541666666668,-0.15299479166666669,0.0015625,0.0,2.4961712622378993,1.3786427495251872,0.5129447390820088,growth_mean,0.04
ppo-retrained,40029,0.9959966428822081,0.8931499465847093,0.09668950803822082,0.12841769010294377,0.6602476198764471,-0.00013020833333333333,-0.05807291666666667,0.0,0.0,2.496066619629754,1.4265268647069749,0.4628357419767693,growth_mean,0.04
ppo-retrained,40030,0.9874664968812346,0.8818996710564192,0.09131826427145678,0.1311309893439605,0.7213731157018265,-0.003125,-0.14544270833333334,0.0006510416666666666,0.0,2.495582276935325,1.38170915010154,0.5220875288035935,growth_mean,0.04
ppo-retrained,40031,0.9878167988093687,0.8836932294742313,0.09262282571427019,0.12326117652689855,0.6580328924061442,-0.0014322916666666666,-0.12174479166666667,0.0,0.0,2.496428950280284,1.4195903577545876,0.463537166768994,growth_mean,0.04
ppo-retrained,40032,1.0179098618286901,0.9114583474677321,0.09317770493286902,0.11900776089032995,0.6725258440674479,-0.00703125,-0.165234375,0.0022135416666666666,0.0,2.4953105209301163,1.4439325373250442,0.46575987913766037,growth_mean,0.04
ppo-retrained,40033,0.9769663810181726,0.8751147833968466,0.09287241935181727,0.11073777173843226,0.5854852742793036,-0.0006510416666666666,-0.09583333333333333,0.0,0.0,2.4959767740385526,1.4205650685930253,0.4121495644400067,growth_mean,0.04
ppo-retrained,40034,1.0277381319425183,0.9189598569771854,0.09535844861091851,0.12195509351758363,0.683057826876102,-0.005078125,-0.14322916666666669,0.001171875,0.0,2.496248139660731,1.4453078474628267,0.4726036934450881,growth_mean,0.04
ppo-retrained,40035,1.0210013232526922,0.9140235940370804,0.09457409065860256,0.12555827898855426,0.7101720371386591,-0.005859375000000001,-0.14466145833333333,0.0018229166666666667,0.0,2.496173920700337,1.4667267957041743,0.48418835683553874,growth_mean,0.04
ppo-retrained,40036,0.9612052757596317,0.8600289258293298,0.08985750674262984,0.1208037661176516,0.6558156718603696,-0.00234375,-0.12291666666666667,0.000390625,0.0,2.495924539008545,1.4227935733674308,0.46093522218279503,growth_mean,0.04
ppo-retrained,40037,0.9899484609839786,0.8849544340478518,0.09488026276506453,0.13061754206014037,0.679247741300488,-0.0005208333333333333,-0.08177083333333333,0.00013020833333333333,0.0,2.4964796859674863,1.4284594579429664,0.4755106891718366,growth_mean,0.04
ppo-retrained,40038,1.0267577539866821,0.9191559175110349,0.09757160873200155,0.13402864306311052,0.726583432025076,-0.0010416666666666667,-0.10104166666666667,0.000390625,0.0,2.4955302447758534,1.4702029739605722,0.49420620478527305,growth_mean,0.04
ppo-retrained,40039,1.0108397327306236,0.9040108535988022,0.0952962128563957,0.1259850906258229,0.6889644646937558,-0.0022135416666666666,-0.11354166666666665,0.00026041666666666666,0.0,2.4960544896067205,1.4217353155658148,0.4845940430336468,growth_mean,0.04
ppo-retrained,40040,0.9901548798724185,0.8872676838356272,0.09417824840390851,0.11030923617072601,0.5894917458146519,-0.000390625,-0.09635416666666667,0.0005208333333333333,0.0,2.495892909536736,1.3971357635884303,0.42192874964462296,growth_mean,0.04
ppo-retrained,40041,1.0076057480910703,0.9024628949726469,0.0934819289757737,0.12083431161250104,0.6852713323542885,-0.00546875,-0.14010416666666667,0.0018229166666666667,0.0,2.4960569064174507,1.451284677293609,0.47218257249997236,growth_mean,0.04
ppo-retrained,40042,0.9853351292245246,0.8802014869744875,0.09196450250578578,0.12012997817674512,0.6407804302028344,-0.0014322916666666668,-0.12994791666666666,0.00013020833333333333,0.0,2.4949448095680333,1.4386895209069281,0.44539174081069005,growth_mean,0.04
ppo-retrained,40043,0.9880299079434882,0.886339964452138,0.09679778246101547,0.12236848280198553,0.6195184175824215,-0.000390625,-0.039713541666666664,0.0,0.0,2.4964870940815644,1.415630375465084,0.43762724247767576,growth_mean,0.04
ppo-retrained,40044,1.0055988821776927,0.8995325971856707,0.09615884655110259,0.13115896844083696,0.6991143378127781,-0.0013020833333333333,-0.08671875,0.00013020833333333333,0.0,2.4967183182900654,1.4349952841089209,0.48718929292293967,growth_mean,0.04
ppo-retrained,40045,0.9715511828672407,0.8711331926935687,0.09232438912005742,0.10241552196276245,0.5462836781068144,-0.0014322916666666666,-0.09518229166666667,0.0,0.0,2.496359216350385,1.3871399688696298,0.3938201554036231,growth_mean,0.04
ppo-retrained,40046,1.0172566722026413,0.9106359171906404,0.09544311513693081,0.1240358772044988,0.6706162717941088,-0.0007812499999999999,-0.12486979166666666,0.0,0.0,2.495528712387726,1.432967394424712,0.4679912986180251,growth_mean,0.04
ppo-retrained,40047,1.0128095017099874,0.9065172127312671,0.09462730433766542,0.12349974706893946,0.6707647351120622,-0.0011718750000000002,-0.13190104166666666,0.00013020833333333333,0.0,2.496084196262352,1.4563267403080704,0.4605867052679189,growth_mean,0.04
ppo-retrained,40048,1.0091496639153041,0.9022003764047795,0.09416366430819709,0.1234174456965316,0.6817884177901715,-0.0026041666666666665,-0.132421875,0.00078125,0.0,2.4954945280224905,1.3733571834177194,0.496439255586432,growth_mean,0.04
ppo-retrained,40049,1.0222776154499924,0.9179796767455614,0.09835406362833259,0.12418642537876753,0.6422032216593961,-0.0007812499999999999,-0.07669270833333333,0.0,0.0,2.496570745349152,1.482350746469197,0.43323297349770723,growth_mean,0.04
ppo-frozen,40000,0.38476348945252725,0.36551317044604653,0.07695269789050545,0.11632452789291291,0.4691386968609186,0.0,0.0,0.0,0.0,1.2488820098321114,0.7897389370320154,0.594042758767889,horizon_years,5
ppo-frozen,40001,0.3682888804759297,0.3498917374982824,0.07365777609518595,0.11286765728532688,0.4699090890621073,0.0,0.0,0.0,0.0,1.2488631191084683,0.771462250750855,0.6091148187805048,horizon_years,5
ppo-frozen,40002,0.3720110441128148,0.3534592010527109,0.07440220882256296,0.11042226861408422,0.43842884401309584,0.0,0.0,0.0,0.0,1.248935551165538,0.797519037116284,0.5497409135189957,horizon_years,5
ppo-frozen,40003,0.3635111364702534,0.3451134938428557,0.07270222729405068,0.11391560612216821,0.47209489859239057,0.0,0.0,0.0,0.0,1.2487288512361618,0.7896744091452963,0.5978348710873919,horizon_years,5
ppo-frozen,40004,0.3624245024168445,0.3444526951199115,0.07248490048336889,0.10697799593776684,0.4455778872856058,0.0,0.0,0.0,0.0,1.2488674495205692,0.7739207165819459,0.5757409999999996,horizon_years,5
ppo-frozen,40005,0.3470565957980444,0.3300534153290693,0.06941131915960888,0.09648405494751766,0.3970828753636629,0.0,0.0,0.0,0.0,1.2487990754900775,0.7950840024619433,0.4994225442017609,horizon_years,5
ppo-frozen,40006,0.3639459396072823,0.3456754944577263,0.07278918792145646,0.11386178275706939,0.4593327884789146,0.0,0.0,0.0,0.0,1.2488948776934063,0.7732181040953263,0.5940533286094472,horizon_years,5
ppo-frozen,40007,0.3612550774341052,0.34300447302782944,0.07225101548682103,0.11143479434751885,0.46425881320636747,0.0,0.0,0.0,0.0,1.2488957035283508,0.7695264031934307,0.6033045926426385,horizon_years,5
ppo-frozen,40008,0.37433607855866324,0.3556398228243246,0.07486721571173265,0.11198775048393828,0.47257600911765896,0.0,0.0,0.0,0.0,1.2489573134716028,0.7774927346530993,0.6078204825007301,horizon_years,5
ppo-frozen,40009,0.368900529150154,0.35027769353109145,0.07378010583003079,0.11447581371627598,0.46980311768746785,0.0,0.0,0.0,0.0,1.2490108169217617,0.7860043661446885,0.5977105699702767,horizon_years,5
ppo-frozen,40010,0.373626930803677,0.3548539234556675,0.0747253861607354,0.11238189499882954,0.4564823680760987,0.0,0.0,0.0,0.0,1.248884963360732,0.7956861157351443,0.573696535667647,horizon_years,5
ppo-frozen,40011,0.3237535373124203,0.3073516324691963,0.06475070746248406,0.10547316760464033,0.43105853507922665,0.0,0.0,0.0,0.0,1.249076279788473,0.7443746656640742,0.579088132579941,horizon_years,5
ppo-frozen,40012,0.37906310540959975,0.3600680219372092,0.07581262108191995,0.11400402219778454,0.4728995758812698,0.0,0.0,0.0,0.0,1.248782671705085,0.8288249955896375,0.5705662575304483,horizon_years,5
ppo-frozen,40013,0.3415265070797241,0.32427834348884543,0.06830530141594482,0.10630333456294493,0.4343262806609905,0.0,0.0,0.0,0.0,1.2491039901044467,0.7259418083803383,0.5982935211157263,horizon_years,5
ppo-frozen,40014,0.3434623567761999,0.3263236025479761,0.06869247135523998,0.10765485343658575,0.45717941185101607,0.0,0.0,0.0,0.0,1.2491416178594084,0.748449194214539,0.6108355989758311,horizon_years,5
ppo-frozen,40015,0.35799267026691034,0.3397907485029736,0.07159853405338207,0.11127103074296485,0.46171532750762023,0.0,0.0,0.0,0.0,1.2490215647560783,0.7931098224670422,0.5821581254301095,horizon_years,5
ppo-frozen,40016,0.3589261534909009,0.3406417285452694,0.07178523069818019,0.11253576663779886,0.45526015724787067,0.0,0.0,0.0,0.0,1.2488310625949786,0.7863177333627969,0.5789773496534123,horizon_years,5
ppo-frozen,40017,0.3677691537707972,0.34943103324337804,0.07355383075415944,0.10814070836520892,0.45159679705541383,0.0,0.0,0.0,0.0,1.2486693221513891,0.8134458626633063,0.5551651533106813,horizon_years,5
ppo-frozen,40018,0.3804433076262519,0.36164872035609263,0.07608866152525037,0.1053686024234088,0.4381310069919318,0.0,0.0,0.0,0.0,1.2485658631718988,0.8330306934500225,0.5259482158783354,horizon_years,5
ppo-frozen,40019,0.3560989203841659,0.33808196181056827,0.07121978407683319,0.11158786676525215,0.4613235047056037,0.0,0.0,0.0,0.0,1.2490404762313037,0.7654786813524076,0.6026601601635221,horizon_years,5
ppo-frozen,40020,0.3247096084438307,0.30836831332846126,0.06494192168876614,0.09619916417407917,0.39689244351466735,0.0,0.0,0.0,0.0,1.2490062218038687,0.7441376850846234,0.5333588816557956,horizon_years,5
ppo-frozen,40021,0.34366331982160125,0.32648849717810313,0.06873266396432025,0.10800432694666956,0.45551161078644825,0.0,0.0,0.0,0.0,1.2490088476225565,0.7713004277932597,0.5905761158329659,horizon_years,5
ppo-frozen,40022,0.3770550011201409,0.3579053767444655,0.07541100022402818,0.11545078716132853,0.4688370520406634,0.0,0.0,0.0,0.0,1.2487306063287467,0.815172548998673,0.5751384202235037,horizon_years,5
ppo-frozen,40023,0.3833569497885189,0.3643897474803257,0.07667138995770378,0.11551566825318854,0.468465453021297,0.0,0.0,0.0,0.0,1.2488324049402373,0.7829145734435987,0.5983608798604709,horizon_years,5
ppo-frozen,40024,0.35242180549929725,0.33515381318781245,0.07048436109985945,0.10088389367931373,0.4172720083799759,0.0,0.0,0.0,0.0,1.2489611041263946,0.788084923136671,0.5294759436828002,horizon_years,5
ppo-frozen,40025,0.36484817307492334,0.3471018379497501,0.07296963461498467,0.09681825525509649,0.39755898180675014,0.0,0.0,0.0,0.0,1.2487325935725024,0.7991680120557448,0.4974660844896517,horizon_years,5
ppo-frozen,40026,0.35096508512067115,0.3330205410331464,0.07019301702413423,0.11530239496843192,0.4694191489906511,0.0,0.0,0.0,0.0,1.2489114824621628,0.7980821979972509,0.5881839617130116,horizon_years,5
ppo-frozen,40027,0.37734516339683216,0.35873900591998065,0.07546903267936643,0.11153699127675576,0.4656651532640089,0.0,0.0,0.0,0.0,1.2488792757151086,0.8062530792980858,0.5775669764503862,horizon_years,5
ppo-frozen,40028,0.32361234822306406,0.3069219889037851,0.06472246964461281,0.10701590651355986,0.45026483653841476,0.0,0.0,0.0,0.0,1.2491126620829491,0.763352394328698,0.5898518690497899,horizon_years,5
ppo-frozen,40029,0.3762022962826599,0.35700831325962956,0.07524045925653197,0.11817336374574995,0.4761453054152616,0.0,0.0,0.0,0.0,1.2487865322150813,0.8022873813676065,0.5934847243934064,horizon_years,5
ppo-frozen,40030,0.3429931704706713,0.32572011468538187,0.06859863409413426,0.10827821463730596,0.4596761186673148,0.0,0.0,0.0,0.0,1.2490334534053409,0.7542724691945438,0.6094297981711885,horizon_years,5
ppo-frozen,40031,0.34721889380201654,0.32952049186858035,0.06944377876040331,0.11264068394313934,0.4667385917220172,0.0,0.0,0.0,0.0,1.249091695666352,0.7614386334477179,0.6129694123985693,horizon_years,5
ppo-frozen,40032,0.3609119619657532,0.34362109590963963,0.07218239239315064,0.09274504860049775,0.39770883049515804,0.0,0.0,0.0,0.0,1.24874072441207,0.8290343101132702,0.4797254174448093,horizon_years,5
ppo-frozen,40033,0.343982181867022,0.32679573609801993,0.06879643637340441,0.09909263209081241,0.40734473308290126,0.0,0.0,0.0,0.0,1.249017821504284,0.7803044396943749,0.5220330839620081,horizon_years,5
ppo-frozen,40034,0.3662872309808177,0.34805309396343975,0.07325744619616355,0.10535415212168955,0.43733221495288216,0.0,0.0,0.0,0.0,1.248828566252499,0.8023021418986871,0.5450966563767538,horizon_years,5
ppo-frozen,40035,0.36019094287697984,0.342475228052354,0.07203818857539597,0.09878408607263756,0.40924508743285787,0.0,0.0,0.0,0.0,1.2487258625337014,0.816779692660237,0.5010470890870877,horizon_years,5
ppo-frozen,40036,0.35162860844255006,0.3339103812066268,0.07032572168851,0.10709139976680443,0.44871735345657,0.0,0.0,0.0,0.0,1.2490567405569462,0.7734872833194466,0.5801224701857857,horizon_years,5
ppo-frozen,40037,0.34094616389204313,0.32348868888067006,0.06818923277840863,0.10698370974598477,0.43542761250408013,0.0,0.0,0.0,0.0,1.2488904277967672,0.7517044266312697,0.5792537559681933,horizon_years,5
ppo-frozen,40038,0.38563400466350484,0.3661373334870319,0.07712680093270097,0.119563178041355,0.4954601638799545,0.0,0.0,0.0,0.0,1.2487929817984245,0.8183599282214784,0.6054306262975583,horizon_years,5
ppo-frozen,40039,0.36442896244659934,0.3458808347036305,0.07288579248931987,0.11781739097546828,0.4890293546077419,0.0,0.0,0.0,0.0,1.2488210788739882,0.8225090916968759,0.5945579927862569,horizon_years,5
ppo-frozen,40040,0.35784831819120744,0.3398405595643611,0.07156966363824149,0.10730710005381969,0.43736413875473135,0.0,0.0,0.0,0.0,1.248937906347258,0.7685332957669211,0.5690893825469002,horizon_years,5
ppo-frozen,40041,0.35964548521819023,0.34179616180425254,0.07192909704363805,0.10616431257347124,0.4442009603441297,0.0,0.0,0.0,0.0,1.248864445824779,0.7800942229317092,0.5694196255867106,horizon_years,5
ppo-frozen,40042,0.34092900546343036,0.32367928046650685,0.06818580109268607,0.10794732666010952,0.45320570363741036,0.0,0.0,0.0,0.0,1.24892868236262,0.7793299359076027,0.5815325226915733,horizon_years,5
ppo-frozen,40043,0.3655595950172893,0.34721204950594964,0.07311191900345786,0.1106418959892385,0.4423974491429299,0.0,0.0,0.0,0.0,1.2489055292510618,0.7729627753859145,0.572339914974632,horizon_years,5
ppo-frozen,40044,0.35168458442898587,0.3338687474810239,0.07033691688579717,0.11385508942587388,0.4657033391666309,0.0,0.0,0.0,0.0,1.2490920460472648,0.7862108276372524,0.5923390047503906,horizon_years,5
ppo-frozen,40045,0.3635084015036859,0.3453781493993066,0.07270168030073718,0.10812509915714086,0.4351806016923028,0.0,0.0,0.0,0.0,1.2489317676611777,0.7790601211909611,0.5585969424632281,horizon_years,5
ppo-frozen,40046,0.3817225203123103,0.36243383526764655,0.07634450406246206,0.11785162173610873,0.48595105890749846,0.0,0.0,0.0,0.0,1.2488460573287505,0.827308353344121,0.5873880723471504,horizon_years,5
ppo-frozen,40047,0.3863907254417692,0.36657936476308933,0.07727814508835384,0.12369752358277458,0.5105357264886343,0.0,0.0,0.0,0.0,1.2488705368770479,0.8410104240483846,0.6070504144658051,horizon_years,5
ppo-frozen,40048,0.34089052355272254,0.32383867669522665,0.0681781047105445,0.10000696951796298,0.4028054928942956,0.0,0.0,0.0,0.0,1.2491991217462728,0.6986757994393527,0.5765270433261378,horizon_years,5
ppo-frozen,40049,0.395922476501147,0.3762650387361792,0.07918449530022939,0.11868920093604615,0.47727338784415363,0.0,0.0,0.0,0.0,1.2485972445394882,0.8394726374440357,0.5685395408447385,horizon_years,5
rolling-lp,40000,0.350447375313405,0.332730667561349,0.070089475062681,0.11039066611875457,0.44520733663529016,0.0,0.0,0.0,0.0,1.249999998750001,0.7423393548229296,0.5997355976654176,horizon_years,5
rolling-lp,40001,0.3646358901035913,0.3464659927401118,0.07292717802071827,0.11051148208261165,0.4600994751318767,0.0,0.0,0.0,0.0,1.2499999987500008,0.7547359205390829,0.6096165063976853,horizon_years,5
rolling-lp,40002,0.40283336619877885,0.3829310749017271,0.08056667323975578,0.113220348523285,0.4495385500121147,0.0,0.0,0.0,0.0,1.2499999987500008,0.8230176560438658,0.5462076623884177,horizon_years,5
rolling-lp,40003,0.3652399043112943,0.3467694008410538,0.07304798086225886,0.11460771604924856,0.47496317605640526,0.0,0.0,0.0,0.0,1.2499999987500008,0.7977178370536369,0.5954024769092254,horizon_years,5
rolling-lp,40004,0.3632159121544051,0.34535815636389666,0.07264318243088101,0.10623068387536164,0.4424652310146539,0.0,0.0,0.0,0.0,1.2499999987500008,0.7685143684654285,0.5757409999999995,horizon_years,5
rolling-lp,40005,0.3850709382259422,0.36647029976864975,0.07701418764518844,0.10184116418655598,0.41913021097193176,0.0,0.0,0.0,0.0,1.2499999987500008,0.8670357129518416,0.48340593670010895,horizon_years,5
rolling-lp,40006,0.37950379240123905,0.36036372658599863,0.07590075848024781,0.118376332587233,0.47754505173356937,0.0,0.0,0.0,0.0,1.2499999987500008,0.8162396073413161,0.5850549856175757,horizon_years,5
rolling-lp,40007,0.385351620994356,0.3657329007019461,0.07707032419887119,0.11834733776322072,0.49305780028398566,0.0,0.0,0.0,0.0,1.2499999987500008,0.8452052986996704,0.5833586242804489,horizon_years,5
rolling-lp,40008,0.3608300389743635,0.3424298614548715,0.0721660077948727,0.11339077087680036,0.478496601102981,0.0,0.0,0.0,0.0,1.249999998750001,0.788322068944859,0.606981105759771,horizon_years,5
rolling-lp,40009,0.3551500259940971,0.3367817304136009,0.07103000519881943,0.11514682635492879,0.47255692060367255,0.0,0.0,0.0,0.0,1.2499999987500008,0.7919463807832974,0.5967031759603175,horizon_years,5
rolling-lp,40010,0.3823755652729566,0.36305077183750667,0.07647511305459131,0.11623523946931967,0.4721342113638507,0.0,0.0,0.0,0.0,1.2499999987500008,0.8530244723154811,0.5534826100384579,horizon_years,5
rolling-lp,40011,0.30126100093278124,0.28611525057394327,0.06025220018655625,0.09594179429965163,0.39210474325283123,0.0,0.0,0.0,0.0,1.2499999987500008,0.672990994718487,0.5826299999999988,horizon_years,5
rolling-lp,40012,0.3534139383778956,0.33573118597456764,0.07068278767557912,0.10680765629754858,0.4430483625950937,0.0,0.0,0.0,0.0,1.249999998750001,0.7635151598660327,0.5802744803034842,horizon_years,5
rolling-lp,40013,0.3549035831384888,0.336857595160688,0.07098071662769775,0.1115899595859737,0.45592598111198457,0.0,0.0,0.0,0.0,1.249999998750001,0.7663662341508799,0.5949191924108483,horizon_years,5
rolling-lp,40014,0.32443824765508944,0.3077501874470282,0.06488764953101789,0.10782745028955133,0.4579123813847364,0.0,0.0,0.0,0.0,1.249999998750001,0.7496618365507864,0.6108252535457895,horizon_years,5
rolling-lp,40015,0.36321621256591574,0.3446381523135809,0.07264324251318315,0.11462285142306625,0.4756235925135834,0.0,0.0,0.0,0.0,1.249999998750001,0.8243114130402555,0.5769950348732539,horizon_years,5
rolling-lp,40016,0.3674370278348951,0.348764161027137,0.07348740556697902,0.11303915912862868,0.4572966168675948,0.0,0.0,0.0,0.0,1.2499999987500012,0.7907316449261614,0.5783208751058613,horizon_years,5
rolling-lp,40017,0.3592588793436031,0.34106727724422703,0.07185177586872063,0.10923443814040426,0.4561642247224704,0.0,0.0,0.0,0.0,1.2499999987500012,0.8246556126131096,0.5531572425451758,horizon_years,5
rolling-lp,40018,0.3624319742090052,0.34436814243578523,0.07248639484180104,0.10391028307230996,0.43206719945232636,0.0,0.0,0.0,0.0,1.249999998750001,0.8013650753419498,0.5391639999633867,horizon_years,5
rolling-lp,40019,0.35602524224801957,0.3375169034723263,0.07120504844960392,0.11795303060740078,0.48763819085210663,0.0,0.0,0.0,0.0,1.2499999987500008,0.8233041351927634,0.5922941110188085,horizon_years,5
rolling-lp,40020,0.3150178194617583,0.2989232428816163,0.06300356389235165,0.09520148995772347,0.3927763021639539,0.0,0.0,0.0,0.0,1.249999998750001,0.7360754036495373,0.5336087854811189,horizon_years,5
rolling-lp,40021,0.3697223436492068,0.35114694723328616,0.07394446872984137,0.11703863516499881,0.49361408691135783,0.0,0.0,0.0,0.0,1.2499999987500008,0.8396111335169631,0.5879079816911278,horizon_years,5
rolling-lp,40022,0.39922411142786646,0.3792853672411788,0.0798448222855733,0.11822322358919973,0.48009570998291656,0.0,0.0,0.0,0.0,1.249999998750001,0.850367910333841,0.5645741145081998,horizon_years,5
rolling-lp,40023,0.36876180201027625,0.35021368593836755,0.07375236040205525,0.11457154709148026,0.46463663781021025,0.0,0.0,0.0,0.0,1.249999998750001,0.7750102490573302,0.5995232171127578,horizon_years,5
rolling-lp,40024,0.36095439047545963,0.34316929897962545,0.07219087809509192,0.10361654992078427,0.4285747140597855,0.0,0.0,0.0,0.0,1.249999998750001,0.8281874469877437,0.5174851606584758,horizon_years,5
rolling-lp,40025,0.37176730949187586,0.3536599823804985,0.07435346189837518,0.09934582512300084,0.40793779002305064,0.0,0.0,0.0,0.0,1.249999998750001,0.8312890044480633,0.49072920228735867,horizon_years,5
rolling-lp,40026,0.3531779059230864,0.3350071135125141,0.07063558118461728,0.11695617677507042,0.4761520260354082,0.0,0.0,0.0,0.0,1.2499999987500008,0.817429434635998,0.5824992419650744,horizon_years,5
rolling-lp,40027,0.3578601055194053,0.3398624906675302,0.07157202110388106,0.11077027026711238,0.4624641053212649,0.0,0.0,0.0,0.0,1.249999998750001,0.7997398945332491,0.5782681450337951,horizon_years,5
rolling-lp,40028,0.31761579059847694,0.3008325409196321,0.06352315811969539,0.10963280975003993,0.4612753446619081,0.0,0.0,0.0,0.0,1.249999998750001,0.7872394914552796,0.5859403011010044,horizon_years,5
rolling-lp,40029,0.3862310033473404,0.3664969865702882,0.07724620066946808,0.12300742333136622,0.4956227469031842,0.0,0.0,0.0,0.0,1.249999998750001,0.8534461565147629,0.5807311253555466,horizon_years,5
rolling-lp,40030,0.3409926782519895,0.32378317048976535,0.06819853565039789,0.10941663199993273,0.46450906938070285,0.0,0.0,0.0,0.0,1.249999998750001,0.7631825958575141,0.6086473563496022,horizon_years,5
rolling-lp,40031,0.3458876631013725,0.3279812309866769,0.0691775326202745,0.11326096708715411,0.4693088005575078,0.0,0.0,0.0,0.0,1.249999998750001,0.7661575482139493,0.6125486874749858,horizon_years,5
rolling-lp,40032,0.34719603383709136,0.33071762574102215,0.06943920676741827,0.08884948204844097,0.38100388245843625,0.0,0.0,0.0,0.0,1.249999998750001,0.7811401299156775,0.4877535641390807,horizon_years,5
rolling-lp,40033,0.3478328556293796,0.33044157488043097,0.06956657112587591,0.09998230077303175,0.41100193588642286,0.0,0.0,0.0,0.0,1.249999998750001,0.7909056728231207,0.5196598659096228,horizon_years,5
rolling-lp,40034,0.363747216032216,0.3452162591858741,0.07274944320644319,0.11120852787304568,0.4616341248723861,0.0,0.0,0.0,0.0,1.249999998750001,0.8551092207038724,0.5398539902217377,horizon_years,5
rolling-lp,40035,0.37426949929618525,0.35595901960285964,0.07485389985923704,0.10083643267722149,0.417747598303059,0.0,0.0,0.0,0.0,1.2499999987500008,0.8541606936185066,0.4890737790021013,horizon_years,5
rolling-lp,40036,0.34500458968502246,0.32728478905850805,0.0690009179370045,0.10737052307059239,0.44988689153746647,0.0,0.0,0.0,0.0,1.249999998750001,0.7755253742174252,0.5801059597713908,horizon_years,5
rolling-lp,40037,0.3527093807745326,0.33456843850443896,0.07054187615490652,0.11210539740024368,0.4562730686261443,0.0,0.0,0.0,0.0,1.249999998750001,0.8010011862793176,0.5696284555401857,horizon_years,5
rolling-lp,40038,0.34079096799050324,0.3230100628098435,0.06815819359810064,0.11238272984132977,0.46570496583155957,0.0,0.0,0.0,0.0,1.2499999987500008,0.7657666532330397,0.6081551917485172,horizon_years,5
rolling-lp,40039,0.3724409933539126,0.35338380793846313,0.07448819867078252,0.12102093972414923,0.5023264524644419,0.0,0.0,0.0,0.0,1.249999998750001,0.8557235534944977,0.5870195466901704,horizon_years,5
rolling-lp,40040,0.3802710593950261,0.3611979702135207,0.07605421187900521,0.11297331937503834,0.4604586136979297,0.0,0.0,0.0,0.0,1.249999998750001,0.8172366828644826,0.5634336090788092,horizon_years,5
rolling-lp,40041,0.38057975684124445,0.36178840669095863,0.07611595136824889,0.11209509713488175,0.4690158923482295,0.0,0.0,0.0,0.0,1.249999998750001,0.8245292768135318,0.5688286705364592,horizon_years,5
rolling-lp,40042,0.3566476113681886,0.3384286804857956,0.07132952227363773,0.11476230797464482,0.48181769892706416,0.0,0.0,0.0,0.0,1.249999998750001,0.8362437462207036,0.5761689711935993,horizon_years,5
rolling-lp,40043,0.39116108813998707,0.3718715510511096,0.07823221762799741,0.11267344308640695,0.45052051360748374,0.0,0.0,0.0,0.0,1.2499999987500008,0.7912965901821067,0.5693446922396093,horizon_years,5
rolling-lp,40044,0.39363640803425304,0.3739759309943871,0.07872728160685061,0.12144853532967584,0.49676293545708994,0.0,0.0,0.0,0.0,1.249999998750001,0.8559439389803153,0.5803685414828486,horizon_years,5
rolling-lp,40045,0.3829353933570573,0.36394675701092866,0.07658707867141146,0.1089884952938017,0.4386555881032268,0.0,0.0,0.0,0.0,1.2499999987500012,0.7872718412184753,0.5571843995135294,horizon_years,5
rolling-lp,40046,0.3903175268372582,0.3706812715044698,0.07806350536745163,0.11903654283347623,0.49083697947019483,0.0,0.0,0.0,0.0,1.249999998750001,0.837771292528522,0.5858842190555058,horizon_years,5
rolling-lp,40047,0.35491255848117725,0.33633094159960153,0.07098251169623546,0.11971333291441054,0.4940918105683504,0.0,0.0,0.0,0.0,1.249999998750001,0.8107134967848226,0.6094530466408293,horizon_years,5
rolling-lp,40048,0.3580573229088675,0.3399434999564722,0.0716114645817735,0.10879078466834025,0.43818471704431433,0.0,0.0,0.0,0.0,1.2499999987500008,0.7685715701184419,0.5701287089981577,horizon_years,5
rolling-lp,40049,0.39549575668599246,0.37588764757700555,0.0790991513371985,0.11911777783390393,0.47899678261283635,0.0,0.0,0.0,0.0,1.2499999987500008,0.8465703758667597,0.5658085804413087,horizon_years,5
ppo-retrained,40000,0.3806380668818796,0.36148008643978724,0.07612761337637593,0.11547865934517168,0.4657272953672605,0.0,0.0,0.0,0.0,1.2475581088280239,0.7825302075004983,0.5951556769352753,horizon_years,5
ppo-retrained,40001,0.3776040979014472,0.3586256091122149,0.07552081958028944,0.11605012881523916,0.4831588749933121,0.0,0.0,0.0,0.0,1.2475184377166628,0.7985639172277481,0.6050346936167873,horizon_years,5
ppo-retrained,40002,0.3751174737967884,0.3565085137779968,0.07502349475935768,0.10965321747138226,0.43537534576755477,0.0,0.0,0.0,0.0,1.2478067582944654,0.7905712152192196,0.5507098378820033,horizon_years,5
ppo-retrained,40003,0.3637993300790743,0.34532682320299957,0.07275986601581486,0.11406162966096331,0.47270005683265526,0.0,0.0,0.0,0.0,1.2471370577505034,0.7912105444860206,0.5974390257143585,horizon_years,5
ppo-retrained,40004,0.37938503209935126,0.36060293967368534,0.07587700641987025,0.11024879228462528,0.4592011984459914,0.0,0.0,0.0,0.0,1.247362720769166,0.799764911517753,0.574170224065648,horizon_years,5
ppo-retrained,40005,0.35716159302378986,0.33999753264452304,0.07143231860475797,0.09633174545974105,0.3964560413299523,0.0,0.0,0.0,0.0,1.247434010800491,0.7935567370062593,0.499593819624803,horizon_years,5
ppo-retrained,40006,0.3638625543663127,0.3456361200239195,0.07277251087326254,0.11389915839716021,0.45948356652373695,0.0,0.0,0.0,0.0,1.2477010359338276,0.7735112857443487,0.5940230931234269,horizon_years,5
ppo-retrained,40007,0.3685934992285074,0.3498383054674522,0.07371869984570148,0.1140884503915875,0.4753144553232737,0.0,0.0,0.0,0.0,1.2475162967703515,0.7923781290483971,0.5998581206350312,horizon_years,5
ppo-retrained,40008,0.37393963390690543,0.3550107250089146,0.07478792678138109,0.11403169965962166,0.4812012501829513,0.0,0.0,0.0,0.0,1.2473891997800055,0.7932691332082825,0.6066052869557526,horizon_years,5
ppo-retrained,40009,0.3638881552452903,0.34540082129682426,0.07277763104905806,0.11475647805400857,0.4709549503463495,0.0,0.0,0.0,0.0,1.2477906127602876,0.7884897315570167,0.5972873602505426,horizon_years,5
ppo-retrained,40010,0.3755497712776591,0.3566546534769073,0.07510995425553182,0.11344172045383996,0.4607872575198612,0.0,0.0,0.0,0.0,1.247511144941248,0.8097590838367354,0.569042406213705,horizon_years,5
ppo-retrained,40011,0.32396782204425206,0.3073969721965198,0.06479356440885041,0.1063180497825462,0.43451148602583906,0.0,0.0,0.0,0.0,1.247598522840983,0.7513740867734982,0.5782891553948714,horizon_years,5
ppo-retrained,40012,0.3604277428740343,0.34223519068990177,0.07208554857480685,0.1102352430137618,0.45726631976138926,0.0,0.0,0.0,0.0,1.2477391703336898,0.789883964054813,0.5789031561218755,horizon_years,5
ppo-retrained,40013,0.3601576596314795,0.34183873504677736,0.0720315319262959,0.11345338424265956,0.4635394233784746,0.0,0.0,0.0,0.0,1.247853606813101,0.7807230128094333,0.5937309593455264,horizon_years,5
ppo-retrained,40014,0.3537976995235247,0.33581185216505316,0.07075953990470493,0.11400608543319182,0.4841512799651473,0.0,0.0,0.0,0.0,1.2473866682947683,0.7984715909501144,0.6063475337789385,horizon_years,5
ppo-retrained,40015,0.3479765948917708,0.3301922731557909,0.06959531897835416,0.10898633401177935,0.4522350567448584,0.0,0.0,0.0,0.0,1.2479689109988736,0.7731270200284004,0.5849427649395126,horizon_years,5
ppo-retrained,40016,0.35261927162433304,0.33468915352856715,0.0705238543248666,0.110265338434438,0.4460752062606093,0.0,0.0,0.0,0.0,1.247673272538217,0.7664098692544485,0.5820321790669845,horizon_years,5
ppo-retrained,40017,0.36541664883862285,0.34718190425125767,0.07308332976772457,0.1076209927758107,0.4494264589921622,0.0,0.0,0.0,0.0,1.2472488722796242,0.8082706158919599,0.5560346376024095,horizon_years,5
ppo-retrained,40018,0.37326609787041565,0.35470203497310376,0.07465321957408314,0.10487998100592331,0.43609928037928786,0.0,0.0,0.0,0.0,1.247440457642202,0.8224208779841148,0.5302629007281977,horizon_years,5
ppo-retrained,40019,0.3604584502373685,0.3420089857194907,0.0720916900474737,0.1148902692600215,0.4749762067152269,0.0,0.0,0.0,0.0,1.2474529151637033,0.79506462942065,0.5974057820448306,horizon_years,5
ppo-retrained,40020,0.32735897629654065,0.3106903577158464,0.06547179525930813,0.09957848648033947,0.41083463832551026,0.0,0.0,0.0,0.0,1.2476807414081283,0.7716017206787826,0.532443911561131,horizon_years,5
ppo-retrained,40021,0.34702275315713094,0.32971156094736276,0.06940455063142618,0.10792749602308875,0.4551875739747029,0.0,0.0,0.0,0.0,1.247615042144376,0.7707403995673371,0.5905848119940605,horizon_years,5
ppo-retrained,40022,0.38769490419098873,0.36814333354927653,0.07753898083819774,0.11660921160912474,0.47354132748538313,0.0,0.0,0.0,0.0,1.2474270140488932,0.8285541891341863,0.5715272865619317,horizon_years,5
ppo-retrained,40023,0.3784120933385906,0.35952234850773784,0.07568241866771812,0.11641975054056887,0.4721318934681276,0.0,0.0,0.0,0.0,1.2477733259242159,0.7912482263684235,0.5966925140989726,horizon_years,5
ppo-retrained,40024,0.3564310302889027,0.3388820918257508,0.07128620605778055,0.10192282945181104,0.4215692138164136,0.0,0.0,0.0,0.0,1.2472664255541424,0.8019345906424189,0.5256902729170221,horizon_years,5
ppo-retrained,40025,0.3695130143870693,0.35152345394982876,0.07390260287741386,0.09789113255832706,0.4019644733863297,0.0,0.0,0.0,0.0,1.2473978676100717,0.8125889548580767,0.494671347651452,horizon_years,5
ppo-retrained,40026,0.3382421585900405,0.3208997556138877,0.06764843171800809,0.11181848957428005,0.4552354721838124,0.0,0.0,0.0,0.0,1.2478218457164856,0.7599095998977777,0.5990652996686056,horizon_years,5
ppo-retrained,40027,0.37285947290511756,0.3543067545317589,0.0745718945810235,0.11135436160166742,0.4649026772937764,0.0,0.0,0.0,0.0,1.247130194678492,0.804701666460258,0.5777329620041698,horizon_years,5
ppo-retrained,40028,0.31649008733893913,0.29995453132522,0.06329801746778782,0.10701568952605567,0.45026392357279793,0.0,0.0,0.0,0.0,1.2477926320467765,0.7633504370482922,0.5898521854705019,horizon_years,5
ppo-retrained,40029,0.38682031840651254,0.3672736475291009,0.07736406368130251,0.11905750692699872,0.4797077040110421,0.0,0.0,0.0,0.0,1.2475222495598048,0.8107278641314251,0.5917000330622384,horizon_years,5
ppo-retrained,40030,0.3521040878052194,0.33432137908516124,0.07042081756104387,0.11149042919185241,0.47331301066545667,0.0,0.0,0.0,0.0,1.2474506489137518,0.779556188015367,0.6071570182393659,horizon_years,5
ppo-retrained,40031,0.3533447472457835,0.3350975865399839,0.0706689494491567,0.11614832310820129,0.4812728657237308,0.0,0.0,0.0,0.0,1.2475656994238784,0.797744886864369,0.6032916959398272,horizon_years,5
ppo-retrained,40032,0.36269777517064,0.34531182222587575,0.072539555034128,0.09285755846535793,0.39819129470697223,0.0,0.0,0.0,0.0,1.2475429897651527,0.8307422568561198,0.4793198990670061,horizon_years,5
ppo-retrained,40033,0.3630624556388612,0.34502440559482483,0.07261249112777224,0.10181103077845075,0.4185193821407056,0.0,0.0,0.0,0.0,1.247515604973289,0.8126966985211567,0.5149761072024466,horizon_years,5
ppo-retrained,40034,0.3597444211412842,0.3416026862908996,0.07194888422825683,0.10618048280645315,0.44076236954454723,0.0,0.0,0.0,0.0,1.2474046642004173,0.8096735136190686,0.5443704927118501,horizon_years,5
ppo-retrained,40035,0.37517828612695703,0.356870386599354,0.0750356572253914,0.10033641384848455,0.41567610827445195,0.0,0.0,0.0,0.0,1.2475065055666026,0.8444830841939334,0.4922254998999992,horizon_years,5
ppo-retrained,40036,0.3615282899415264,0.3431890037954915,0.07230565798830528,0.11021355613237502,0.4617993165692669,0.0,0.0,0.0,0.0,1.2476712899408704,0.7969544524103165,0.5794550932899575,horizon_years,5
ppo-retrained,40037,0.3488315772130834,0.3309845829821248,0.06976631544261667,0.10969709284432684,0.4464711809793671,0.0,0.0,0.0,0.0,1.2478326675027165,0.7744420921904293,0.5765068627875967,horizon_years,5
ppo-retrained,40038,0.378024144951758,0.35859271735202275,0.0756048289903516,0.12003760899553044,0.4974261674786894,0.0,0.0,0.0,0.0,1.247379807888203,0.8220027668857757,0.6051392860430737,horizon_years,5
ppo-retrained,40039,0.3547234062912271,0.3364903343675686,0.07094468125824542,0.11619166081266967,0.4822813714305785,0.0,0.0,0.0,0.0,1.2477252774042515,0.8062699434669579,0.5981636489595163,horizon_years,5
ppo-retrained,40040,0.36583711502221616,0.34735230807668993,0.07316742300444323,0.11031223193869501,0.44961250739029857,0.0,0.0,0.0,0.0,1.247785224315476,0.7936931460521728,0.5664815295768519,horizon_years,5
ppo-retrained,40041,0.3745687422816445,0.35590208072472074,0.0749137484563289,0.11103816697094336,0.46459360219763673,0.0,0.0,0.0,0.0,1.2473909936752106,0.8166005728248904,0.5689361698467273,horizon_years,5
ppo-retrained,40042,0.3305978393813425,0.3137687194239349,0.0661195678762685,0.10606403247305442,0.4452988874743014,0.0,0.0,0.0,0.0,1.2474850857226591,0.7636020207191615,0.5831557216872191,horizon_years,5
ppo-retrained,40043,0.38206787853011015,0.3628965151734336,0.07641357570602203,0.11402065077059922,0.45590727273361425,0.0,0.0,0.0,0.0,1.2475278043282163,0.80581030054467,0.5657749378798629,horizon_years,5
ppo-retrained,40044,0.3779567418274162,0.35884976481390346,0.07559134836548323,0.11975038258395095,0.4898169534365502,0.0,0.0,0.0,0.0,1.2475753961419975,0.8382008575599573,0.5843670392588606,horizon_years,5
ppo-retrained,40045,0.3614788294156909,0.3434298222961102,0.07229576588313819,0.10715976360555045,0.43129533074734355,0.0,0.0,0.0,0.0,1.2477706782084494,0.7698788601849451,0.5602119411925859,horizon_years,5
ppo-retrained,40046,0.3710625042939631,0.3523743031427664,0.07421250085879262,0.11461238057969653,0.47259432569647836,0.0,0.0,0.0,0.0,1.2477086027972646,0.7987056191211873,0.591700264005244,horizon_years,5
ppo-retrained,40047,0.3736237356477131,0.3542407313844994,0.07472474712954262,0.1221487602384694,0.5041435288419716,0.0,0.0,0.0,0.0,1.2474889726898777,0.8290494902499713,0.6080982314939539,horizon_years,5
ppo-retrained,40048,0.35578855545377464,0.33771137626778985,0.07115771109075493,0.10832162637015025,0.43629505334928625,0.0,0.0,0.0,0.0,1.2477677676101113,0.7635354751590899,0.5714142532256016,horizon_years,5
ppo-retrained,40049,0.3955573365039929,0.37597842126352576,0.07911146730079857,0.11823825447677287,0.4754600405247993,0.0,0.0,0.0,0.0,1.2475279012776177,0.8320044327261136,0.571463350221495,horizon_years,5
ppo-frozen,40000,1.6151838621256425,1.3808034073312105,0.1047926394194873,0.12306688967475143,0.6303668097472847,-0.00026041666666666666,-0.086328125,0.0,0.0,3.7300900549581018,1.7417680282967614,0.36191203392549764,horizon_years,15
ppo-frozen,40001,1.6401266542837232,1.3966735497722713,0.10358656861891487,0.11244885406257496,0.6029434282897537,-0.0020833333333333337,-0.17057291666666666,0.00026041666666666666,0.0,3.7318686610276632,1.7220155069458087,0.3501382106361764,horizon_years,15
ppo-frozen,40002,1.7104184002262028,1.4537706433780873,0.10671018501508021,0.12782441311933485,0.7025597728362991,-0.00390625,-0.215625,0.00078125,0.0,3.7324602308183326,1.6896869041496896,0.4157928732896537,horizon_years,15
ppo-frozen,40003,1.741284626925361,1.4777528171115413,0.10635039873946851,0.1266684996858612,0.7031121394822594,-0.006901041666666667,-0.28515625,0.0013020833333333335,0.0,3.7350671074798942,1.7501955806005025,0.4017334675482482,horizon_years,15
ppo-frozen,40004,1.658133978517121,1.4112125691122637,0.10577664023447474,0.1262599586542084,0.6812417371245311,-0.001171875,-0.141796875,0.00013020833333333333,0.0,3.7306488780762463,1.6971558128697142,0.40140199972129964,horizon_years,15
ppo-frozen,40005,1.5739675655446774,1.343126796277727,0.10339037242520072,0.12656929174690904,0.6395540754152734,0.0,-0.046223958333333336,0.0,0.0,3.730882492648801,1.7354619620291345,0.3685209410568094,horizon_years,15
ppo-frozen,40006,1.6972262135033482,1.4441061625857092,0.10850865728911208,0.13261315244626645,0.7017159958979701,-0.0007812499999999999,-0.13841145833333335,0.00013020833333333333,0.0,3.7300776183702244,1.7010308872998436,0.412523958934014,horizon_years,15
ppo-frozen,40007,1.6785279075251143,1.4266057261634237,0.10296088827945207,0.12389871398273546,0.6885800436192039,-0.006640625000000001,-0.2615885416666667,0.00234375,0.0,3.7322503282616424,1.689336226137929,0.4076039055845023,horizon_years,15
ppo-frozen,40008,1.6255022287299938,1.386891528278207,0.10585379441533291,0.12064016912967526,0.6201373196347013,-0.00026041666666666666,-0.07513020833333334,0.0,0.0,3.7318488355135684,1.7506510736339531,0.35423239329322054,horizon_years,15
ppo-frozen,40009,1.684371296019512,1.431427878952923,0.10555530862352301,0.1267214739699737,0.6992694164088152,-0.003776041666666667,-0.19830729166666666,0.0006510416666666666,0.0,3.7342878240035526,1.7164890331929392,0.40738356196081504,horizon_years,15
ppo-frozen,40010,1.5734649436983323,1.3460188640137125,0.10419453791322217,0.12054265535822262,0.5863099770102618,0.0,-0.02109375,0.0,0.0,3.732267675046656,1.7114952984747955,0.3425717719077311,horizon_years,15
ppo-frozen,40011,1.6004477676906665,1.360614690645918,0.10469999006826666,0.13057259858108233,0.6651010817642982,0.0,-0.059895833333333336,0.0,0.0,3.7326756775859593,1.7125315476725054,0.38837303912341603,horizon_years,15
ppo-frozen,40012,1.6504161860758186,1.4086666038402433,0.10738017629394345,0.12324533475659695,0.6425538178680136,-0.00013020833333333333,-0.07929687499999999,0.0,0.0,3.730500286562257,1.7155030808409049,0.37455707602288113,horizon_years,15
ppo-frozen,40013,1.6031183035996484,1.3614820030308818,0.10180944940664322,0.1253841880344404,0.6641754730790881,-0.0010416666666666667,-0.15091145833333333,0.00026041666666666666,0.0,3.7334122416171422,1.7081038460993394,0.388837876921718,horizon_years,15
ppo-frozen,40014,1.6737626188128014,1.4192699062126977,0.1024782718097423,0.11855758491873064,0.6606463682353005,-0.006510416666666667,-0.26666666666666666,0.0015625,0.0,3.7329155771058504,1.7613946802157425,0.37507003720164633,horizon_years,15
ppo-frozen,40015,1.6858561821146834,1.4339911372406027,0.10749023852986778,0.12270514314545698,0.6361342383186784,-0.0009114583333333333,-0.14609374999999997,0.0,0.0,3.7325316385565652,1.7178254067787921,0.3703136743748224,horizon_years,15
ppo-frozen,40016,1.6630905962627747,1.4127374596047186,0.10642826197307388,0.12989619188645607,0.6928546352716266,-0.0015625,-0.13177083333333334,0.0,0.0,3.732509935474819,1.7068665472127211,0.405921972284854,horizon_years,15
ppo-frozen,40017,1.7026896918829455,1.4461914035154806,0.10505778501441856,0.12126125606450251,0.665803173910831,-0.004036458333333333,-0.24960937500000002,0.0013020833333333333,0.0,3.7314850159917627,1.7270381991777983,0.3855173407442893,horizon_years,15
ppo-frozen,40018,1.6844124250680585,1.4355237323289733,0.10750249500453726,0.12653234131851646,0.6563051792357683,-0.0009114583333333333,-0.14283854166666668,0.0,0.0,3.7303343525612895,1.7153899784359599,0.3825982356700995,horizon_years,15
ppo-frozen,40019,1.6695174128955075,1.4197023482719047,0.1060277233597005,0.12047551658917027,0.6387145742343073,-0.0020833333333333333,-0.15611979166666667,0.0,0.0,3.7316896517284426,1.722687603818034,0.3707663379121721,horizon_years,15
ppo-frozen,40020,1.6692474661329402,1.4126431835878814,0.10442552551997379,0.12915667036537973,0.7132198035763176,-0.0035156249999999997,-0.20221354166666666,0.00078125,0.0,3.7340556652580665,1.7234304411042447,0.4138373017940544,horizon_years,15
ppo-frozen,40021,1.6840479184231016,1.428745030654202,0.10458322928376233,0.12284736611182165,0.6881672551548208,-0.005598958333333333,-0.22499999999999998,0.0014322916666666668,0.0,3.735085257857177,1.7412875617943686,0.3952059787561312,horizon_years,15
ppo-frozen,40022,1.6508755997696989,1.4079373182743589,0.10580056081797991,0.12114392953505553,0.6345931419345207,-0.0016927083333333334,-0.12604166666666666,0.0,0.0,3.73272405201706,1.740194957719916,0.36466784317430384,horizon_years,15
ppo-frozen,40023,1.659747153249968,1.4170911521570873,0.10883991438333118,0.1299488142321718,0.6625104194622036,-0.00013020833333333333,-0.05416666666666667,0.00013020833333333333,0.0,3.730794048756768,1.7311884033396532,0.38269111448768256,horizon_years,15
ppo-frozen,40024,1.6418568739046557,1.3957220886110628,0.10474792353808815,0.1256790340880955,0.6562893069818884,-0.0006510416666666667,-0.140625,0.00013020833333333333,0.0,3.7315844655989943,1.7554524117057528,0.3738576463854008,horizon_years,15
ppo-frozen,40025,1.5727476796255162,1.345345657789407,0.10381251891947887,0.11544545274305258,0.5686601648836377,-0.00013020833333333333,-0.030989583333333334,0.0,0.0,3.730777810136198,1.7339905625630054,0.3279488234602056,horizon_years,15
ppo-frozen,40026,1.6167200142734266,1.378334778070146,0.1054419245626729,0.12070720140477995,0.6214594604260001,-0.00026041666666666666,-0.069921875,0.0,0.0,3.7310003913202596,1.720714582551567,0.3611635925723759,horizon_years,15
ppo-frozen,40027,1.680721468462337,1.432821290731019,0.10806806317526689,0.12126060023341945,0.6307537855581304,-0.00026041666666666666,-0.119140625,0.0,0.0,3.730361447882675,1.7564566835625062,0.35910580173193557,horizon_years,15
ppo-frozen,40028,1.6834206225830828,1.4264963877666648,0.10404661789442772,0.12155443955661656,0.6580459147564525,-0.002734375,-0.24270833333333336,0.000390625,0.0,3.7345464623962905,1.7153174862680647,0.38362922317554865,horizon_years,15
ppo-frozen,40029,1.5993515233955105,1.3687914961068979,0.10642378211525624,0.12166599666606676,0.5806999782859075,0.0,-0.005989583333333334,0.0,0.0,3.7319700151727413,1.7348701095199726,0.33472245276424956,horizon_years,15
ppo-frozen,40030,1.608446720315226,1.366472964158585,0.10297196885434841,0.1270333691618639,0.6591725279909797,-0.0006510416666666666,-0.12708333333333333,0.00013020833333333333,0.0,3.7321583469429767,1.7180514431460545,0.3836744997483421,horizon_years,15
ppo-frozen,40031,1.5970634888418465,1.3601903446742707,0.104187913145012,0.12090751370503885,0.6057955918638745,-0.00013020833333333333,-0.068359375,0.00013020833333333333,0.0,3.732618314880468,1.7007277034353259,0.35619787379262347,horizon_years,15
ppo-frozen,40032,1.7326880217791685,1.470076046497355,0.10558197922972234,0.1307820276239021,0.7503699758147886,-0.009765625,-0.28815104166666666,0.0036458333333333334,0.0,3.7319818240972777,1.7455090131238953,0.4298860505291059,horizon_years,15
ppo-frozen,40033,1.5981541889020978,1.361589497691398,0.10383093898236208,0.11765743827560372,0.5941952507106353,-0.00013020833333333333,-0.08125,0.0,0.0,3.7333339376696673,1.7179879726099103,0.3458669444629194,horizon_years,15
ppo-frozen,40034,1.7095617351381545,1.4543294908405673,0.10541175456476586,0.11490677115632339,0.636168171946144,-0.00625,-0.2505208333333333,0.001171875,0.0,3.731395380684248,1.7381009331372996,0.36601336540211754,horizon_years,15
ppo-frozen,40035,1.6970467999049885,1.441266093055184,0.10516770332699923,0.12608752971976572,0.6956444254023855,-0.0041666666666666675,-0.23489583333333333,0.0010416666666666667,0.0,3.731170875032694,1.7503399555110573,0.39743389460550477,horizon_years,15
ppo-frozen,40036,1.6215740837950037,1.3767877453687696,0.10256674447522245,0.12714337211011992,0.6827710992268249,-0.0016927083333333334,-0.164453125,0.00026041666666666666,0.0,3.733178377646761,1.717290088164317,0.39758635068852427,horizon_years,15
ppo-frozen,40037,1.5893670593376732,1.3550215889919341,0.10535450534473377,0.12517317584211068,0.6070798696340843,0.0,-0.01809895833333333,0.0,0.0,3.7313703130908276,1.7037351088747625,0.35632292043041375,horizon_years,15
ppo-frozen,40038,1.6857082399986902,1.437483432227347,0.10804895211102378,0.12252034222473304,0.6460929379705495,-0.0005208333333333333,-0.12942708333333333,0.0,0.0,3.731904642989374,1.7498288629380423,0.3692320727215175,horizon_years,15
ppo-frozen,40039,1.6722941923006096,1.4226052259593414,0.10667291143115175,0.12424796084242705,0.6681758679612958,-0.0020833333333333333,-0.14231770833333335,0.0,0.0,3.7307157785853406,1.7138661979520249,0.38986466315732754,horizon_years,15
ppo-frozen,40040,1.6143203156376638,1.3768357810723826,0.10522118076473316,0.11983739101195655,0.6039949340400763,-0.00026041666666666666,-0.07174479166666667,0.0,0.0,3.7309241930860395,1.6786620326133024,0.35980734793875746,horizon_years,15
ppo-frozen,40041,1.6907830958450454,1.435584472089694,0.10465029666744746,0.1292455667885277,0.699075102117261,-0.004427083333333333,-0.23763020833333337,0.0007812499999999999,0.0,3.7320124227408376,1.7381801574868385,0.4021879430081771,horizon_years,15
ppo-frozen,40042,1.613938831683817,1.372371229124646,0.10421484572336559,0.12424296561719908,0.6481030045085727,-0.0007812499999999999,-0.10065104166666666,0.0,0.0,3.7315458861663515,1.71679500414934,0.3775075084341262,horizon_years,15
ppo-frozen,40043,1.6140151436003247,1.3777629771582955,0.10658538457335497,0.12039825598552896,0.5946704291564257,0.0,-0.03046875,0.0,0.0,3.730004700183899,1.6918740779602484,0.3514862228242011,horizon_years,15
ppo-frozen,40044,1.635273101013875,1.3918861464785075,0.1058975470120361,0.12483878374652341,0.6483389675538811,0.0,-0.09361979166666667,0.0,0.0,3.7320799446132846,1.7315044225465013,0.3744367956048171,horizon_years,15
ppo-frozen,40045,1.608915655814021,1.3725142622118507,0.10407527983204586,0.11811491811575528,0.6110852365386381,-0.00013020833333333333,-0.09544270833333333,0.0,0.0,3.7328377712379637,1.6954490085014358,0.36042678575085,horizon_years,15
ppo-frozen,40046,1.6402452002739527,1.4012150982264082,0.10563006196270797,0.11709759820085879,0.6117739278001308,-0.0006510416666666666,-0.11093750000000001,0.00013020833333333333,0.0,3.733370065089411,1.7500566394815098,0.3495737874983186,horizon_years,15
ppo-frozen,40047,1.6197129580252536,1.3838078883661127,0.10482114164612803,0.1223106645145963,0.6346215266072495,-0.0005208333333333333,-0.09427083333333335,0.00013020833333333333,0.0,3.7316045744282436,1.7801007804492293,0.3565087626370768,horizon_years,15
ppo-frozen,40048,1.6880010197215607,1.431576028713878,0.10619225548143736,0.12306097029556781,0.6629575906023437,-0.0024739583333333332,-0.18776041666666665,0.0,0.0,3.7320389624786685,1.670953172415675,0.39675414101755746,horizon_years,15
ppo-frozen,40049,1.6320986342813864,1.396532408951613,0.10743938811875911,0.12192421072110264,0.609548339279434,0.0,-0.041015625,0.0,0.0,3.728781313903994,1.7248679902200186,0.3533884000025312,horizon_years,15
rolling-lp,40000,1.5792197752145414,1.3504525244825578,0.10280736001430278,0.11894390857065064,0.609248290768629,-0.00013020833333333333,-0.07408854166666667,0.00013020833333333333,0.0,1.8272306187815366,1.0963447841409222,0.5557086598866122,horizon_years,15
rolling-lp,40001,1.5998550938840541,1.3659263716934,0.10252506181449249,0.1119224935424881,0.6001211174788231,-0.0020833333333333337,-0.121875,0.00026041666666666666,0.0,1.9461261899172266,1.1404554799666367,0.5262117882027094,horizon_years,15
rolling-lp,40002,1.6371560357545383,1.3975465325104328,0.10461248571696923,0.12544665067998026,0.6894909059548836,-0.00390625,-0.13203125,0.00078125,0.0,1.9234691188652924,1.1744535423594766,0.5870738016334786,horizon_years,15
rolling-lp,40003,1.652127540731491,1.4075350487520057,0.1045081554932105,0.12070653332118858,0.6700184268656085,-0.0067708333333333336,-0.16223958333333333,0.0014322916666666668,0.0,1.9310297834624741,1.202126056065627,0.5573612047462605,horizon_years,15
rolling-lp,40004,1.6082140885252907,1.374283611131189,0.10391566145724157,0.11797934008170519,0.6365632575738828,-0.0010416666666666667,-0.09791666666666668,0.00026041666666666666,0.0,1.9065499669561037,1.1270394363033973,0.5648101007554459,horizon_years,15
rolling-lp,40005,1.556028654864748,1.3323966433533851,0.10235503532431654,0.11847171404793336,0.598637050859843,0.0,-0.041406250000000006,0.0,0.0,1.6659738352347995,1.0658320512695378,0.5616617084716041,horizon_years,15
rolling-lp,40006,1.6705690294685174,1.4262256835583822,0.10776449779790116,0.12400404596227109,0.6561613309286995,-0.0003906249999999999,-0.1078125,0.0005208333333333333,0.0,1.8840300107966983,1.1371030378203484,0.577046502475677,horizon_years,15
rolling-lp,40007,1.6179669008612154,1.3808340633854375,0.10201376561296992,0.12293633735744919,0.6832315350082908,-0.00703125,-0.16848958333333336,0.001953125,0.0,1.9768612367444969,1.1964028238192643,0.5710714831207251,horizon_years,15
rolling-lp,40008,1.5917958931548586,1.3595832246751316,0.10402771232143503,0.117480450194677,0.6038951372398588,-0.00026041666666666666,-0.06249999999999999,0.0,0.0,1.8832536009892826,1.0889568690771458,0.5545629532156214,horizon_years,15
rolling-lp,40009,1.626095920262486,1.3874053810643203,0.10446108218416575,0.12176033242421158,0.6718930417128531,-0.0002604166666666666,-0.11809895833333331,0.0041666666666666675,0.0,1.924259302179316,1.169447672780516,0.5745387821546036,horizon_years,15
rolling-lp,40010,1.5501427314249097,1.327433594714968,0.10264840431721617,0.11987249960879819,0.5830503922527278,0.0,-0.020833333333333336,0.0,0.0,1.6651401013007154,1.028913018148438,0.5666663575721353,horizon_years,15
rolling-lp,40011,1.5617279209549297,1.3313346812471478,0.10238776417477309,0.12146339338045051,0.6187012835004152,0.0,-0.05182291666666666,0.0,0.0,1.8630452680762861,1.083359901155766,0.5710948714645643,horizon_years,15
rolling-lp,40012,1.5744704655156414,1.3426992926293408,0.10292910742326498,0.11897103080220213,0.6202692394695787,-0.00013020833333333333,-0.06093749999999999,0.0,0.0,1.880308732629912,1.0990337927355163,0.5643768586275374,horizon_years,15
rolling-lp,40013,1.5593635720223888,1.3304711492499017,0.10049837007927037,0.12247046365009676,0.648741116468971,-0.0010416666666666667,-0.10273437499999999,0.00026041666666666666,0.0,1.9794539294955193,1.1355143352498023,0.5713191778651162,horizon_years,15
rolling-lp,40014,1.6016281205451848,1.3657309346204909,0.10169708303634567,0.11556170900156099,0.6439522482790071,-0.004296875,-0.148046875,0.0037760416666666663,0.0,1.9798417711996854,1.1893956971365012,0.5414112812324255,horizon_years,15
rolling-lp,40015,1.608580912279664,1.3680457738632381,0.10308942192975536,0.12085903429580344,0.6265635470108527,-0.0009114583333333333,-0.12356770833333333,0.0,0.0,1.8534518354697158,1.1181647616432642,0.5603499309798046,horizon_years,15
rolling-lp,40016,1.6236733225819693,1.385259049774816,0.10507214511657573,0.12093996608405481,0.6450829302538441,-0.0015625,-0.09361979166666667,0.0,0.0,1.8678912279623663,1.1284498563467251,0.5716540496910102,horizon_years,15
rolling-lp,40017,1.635598735423053,1.3932587075001313,0.10319790180598129,0.11825824379855251,0.6493146831689973,-0.004166666666666667,-0.17109375,0.001171875,0.0,1.9732635175394697,1.1959680669950332,0.5429197493545569,horizon_years,15
rolling-lp,40018,1.6273122646878482,1.386976796763213,0.10459859542363432,0.12328470222839603,0.6394601392015439,-0.0009114583333333333,-0.11575520833333333,0.0,0.0,1.8490431887993841,1.1303740313064,0.565706678932198,horizon_years,15
rolling-lp,40019,1.644781251656867,1.4041837870991594,0.10583263899934668,0.12003292352176224,0.6363681170402488,-0.0005208333333333333,-0.11406250000000001,0.0015625,0.0,1.810613109710422,1.1328955320854899,0.5617182688228904,horizon_years,15
rolling-lp,40020,1.600678699281096,1.3604394633419334,0.10205045495207306,0.12603436294927817,0.6959780190388483,-0.0036458333333333334,-0.13619791666666667,0.0006510416666666667,0.0,2.050975188117613,1.1699500919639407,0.5948783831202085,horizon_years,15
rolling-lp,40021,1.5986196225821232,1.3591355071086866,0.1018437387276971,0.11686179977577689,0.6546372667928918,-0.005598958333333333,-0.13632812500000002,0.0014322916666666668,0.0,2.040329153589877,1.1973585409298022,0.546734536410904,horizon_years,15
rolling-lp,40022,1.6248691114990366,1.388904500933069,0.10488710743326911,0.1169481746156333,0.6126143493749405,-0.0016927083333333334,-0.10143229166666667,0.0,0.0,1.7614082989101125,1.1272099785675227,0.5434784654350391,horizon_years,15
rolling-lp,40023,1.6209034993126976,1.3865909136761738,0.10646735134306873,0.12089832570504747,0.616368844520779,0.0,-0.04778645833333333,0.00026041666666666666,0.0,1.7728220181044565,1.088565522771878,0.5662211705467972,horizon_years,15
rolling-lp,40024,1.6112706082010453,1.3731439841591402,0.10345970721340302,0.1223370074933107,0.638837419849553,-0.0006510416666666667,-0.11809895833333334,0.00013020833333333333,0.0,1.769663672019508,1.1252260198446566,0.5677414213526166,horizon_years,15
rolling-lp,40025,1.5503875466843393,1.3274369844117788,0.10236090589006709,0.11200153065225472,0.5516961246597375,-0.00013020833333333333,-0.02981770833333333,0.0,0.0,1.6595093476967904,1.0643170147284475,0.5183569528863528,horizon_years,15
rolling-lp,40026,1.5757925937068795,1.344801476645025,0.10302592985823641,0.1164214953881776,0.5993945586005429,-0.00026041666666666666,-0.060546875,0.0,0.0,1.7767206231947863,1.096425459677831,0.5466806277707803,horizon_years,15
rolling-lp,40027,1.6314787158957698,1.3933489464343924,0.10556646300416246,0.1174233932765222,0.6107940227879153,-0.00026041666666666666,-0.095703125,0.0,0.0,1.9668319844581301,1.1211208468737883,0.544806587524526,horizon_years,15
rolling-lp,40028,1.6191930692421297,1.3779767008451071,0.10235592683836421,0.11736834683755656,0.6353841245115464,-0.0029947916666666664,-0.16471354166666666,0.00013020833333333333,0.0,2.031206649346573,1.1634466469941978,0.5461222705425143,horizon_years,15
rolling-lp,40029,1.5794519308361983,1.3540444671137983,0.1050971426113021,0.11807262706091712,0.5635491743730372,0.0,-0.005989583333333334,0.0,0.0,1.6716638480360864,1.0195572398844457,0.5527391227557843,horizon_years,15
rolling-lp,40030,1.5789600939870827,1.343568470818951,0.10173970071024999,0.12480219277667291,0.6475950173894452,-0.0006510416666666666,-0.105078125,0.00013020833333333333,0.0,1.900513875725604,1.1221186748530578,0.5771181176306938,horizon_years,15
rolling-lp,40031,1.5987016508888345,1.3648412724338008,0.10453583922592231,0.11780866061656398,0.5902690833508341,-0.00013020833333333333,-0.061197916666666664,0.00013020833333333333,0.0,1.8691827529819287,1.1073638565404915,0.5330398674875393,horizon_years,15
rolling-lp,40032,1.6240181691396316,1.3822122676295794,0.10199617655375322,0.12577076110266447,0.7216175240699949,-0.010026041666666666,-0.17812500000000003,0.0033854166666666668,0.0,1.948743449286996,1.212121352414195,0.5953343884527251,horizon_years,15
rolling-lp,40033,1.5967186643891789,1.365149282087143,0.10411284151483412,0.11765743827560372,0.5941952507106353,-0.00013020833333333333,-0.069921875,0.0,0.0,1.7821423929863407,1.0963683774660082,0.5419667904723544,horizon_years,15
rolling-lp,40034,1.620848477425159,1.382832582830354,0.10293503738389947,0.10836479847948904,0.5999492898309945,-0.003125,-0.15052083333333333,0.004296875,0.0,1.8650227706951643,1.1831877227350462,0.5070617944244359,horizon_years,15
rolling-lp,40035,1.608851986193683,1.369887020047018,0.10201374352402334,0.12087909549890756,0.6669086873094293,-0.003776041666666667,-0.153515625,0.0014322916666666668,0.0,2.037800836886743,1.1761918820340047,0.567006708255914,horizon_years,15
rolling-lp,40036,1.5939092110396065,1.3593729071276663,0.102415127958196,0.12297480031913262,0.6603855017969154,-0.0016927083333333334,-0.113671875,0.00026041666666666666,0.0,1.8710569668935852,1.1495073064473722,0.5744943925914486,horizon_years,15
rolling-lp,40037,1.5694807350974491,1.341129163958607,0.10403743095094103,0.123515621115042,0.599040862068362,0.0,-0.017838541666666666,0.0,0.0,1.7553189734383086,1.0392348742449542,0.5764249034690924,horizon_years,15
rolling-lp,40038,1.6456286406821214,1.407608351371297,0.10635354132325253,0.11796342656556441,0.6220627159449214,-0.0005208333333333333,-0.10013020833333333,0.0,0.0,1.7464678700197351,1.1163758893149833,0.5572161866794022,horizon_years,15
rolling-lp,40039,1.6082890946685109,1.3710140748564454,0.10382083547790073,0.12273237318053068,0.6600253993774022,-0.0020833333333333333,-0.09986979166666665,0.0,0.0,1.7256296814887568,1.139533995976261,0.579206413944628,horizon_years,15
rolling-lp,40040,1.5631344021300375,1.3337476068701675,0.10201711986422474,0.11736611876656704,0.5915394232496237,-0.00026041666666666666,-0.06549479166666666,0.0,0.0,1.8578038144200237,1.099640069157903,0.5379391310309569,horizon_years,15
rolling-lp,40041,1.6192511829996366,1.3777423706615841,0.10207334275553134,0.12504671747047305,0.6763639864578991,-0.004687500000000001,-0.17161458333333335,0.0005208333333333333,0.0,1.8796498895170977,1.15398661342673,0.5861107733732333,horizon_years,15
rolling-lp,40042,1.5847282601038657,1.348971909055132,0.10278830761803552,0.11939465446851019,0.6228121962390806,-0.0007812499999999999,-0.08502604166666666,0.0,0.0,1.8366111939624554,1.116284109902148,0.5579334066608503,horizon_years,15
rolling-lp,40043,1.5638374009059128,1.3346225420572575,0.1033270072826164,0.12005823310301901,0.5929909899335726,0.0,-0.02786458333333333,0.0,0.0,1.9115484524018087,1.0591970786907026,0.559849533069504,horizon_years,15
rolling-lp,40044,1.5904606347543262,1.3575581725311736,0.10360883398362172,0.1212353586957797,0.6296249044482957,0.0,-0.07265625,0.0,0.0,1.8449496955717257,1.1052325923652497,0.5696763819648756,horizon_years,15
rolling-lp,40045,1.5440103307571882,1.315676923809246,0.10029513316159035,0.11787147680666422,0.6098257564295855,-0.00013020833333333333,-0.07903645833333334,0.0,0.0,1.896716002926795,1.1006314260028822,0.5540690025945058,horizon_years,15
rolling-lp,40046,1.5990536224031517,1.366878920812523,0.10358708177132121,0.11460870460871476,0.5987707558125148,-0.0006510416666666666,-0.08984375,0.00013020833333333333,0.0,1.8266651095478645,1.1116999299113761,0.5386082518330719,horizon_years,15
rolling-lp,40047,1.5634473378113432,1.337295321026049,0.10162999613186734,0.1174857011609551,0.609586705469912,-0.0005208333333333333,-0.07747395833333334,0.00013020833333333333,0.0,1.8636149747410218,1.1060901108846206,0.5511184843542098,horizon_years,15
rolling-lp,40048,1.6651766171038993,1.4172996302119965,0.10655430919581553,0.12296169626068493,0.6624227786727998,-0.0024739583333333332,-0.13124999999999998,0.0,0.0,1.9733212814085692,1.1715216267405775,0.5654379428878329,horizon_years,15
rolling-lp,40049,1.5964136471615535,1.368302154319325,0.10524702092188135,0.11620752298195927,0.5809683099565882,0.0,-0.035416666666666666,0.0,0.0,1.67219082971359,1.0591570128209205,0.5485195329153874,horizon_years,15
ppo-retrained,40000,1.5895971843063823,1.356779420147591,0.10309120117598104,0.12306688967475143,0.6303668097472847,-0.00013020833333333333,-0.086328125,0.00013020833333333333,0.0,3.708850340929632,1.699084057692009,0.37100389877329454,horizon_years,15
ppo-retrained,40001,1.6326254589743368,1.3898984425372958,0.10316027365384468,0.11242996198234208,0.6028421301865574,-0.0020833333333333337,-0.168359375,0.00026041666666666666,0.0,3.705300673676342,1.7011422114179364,0.35437491712352276,horizon_years,15
ppo-retrained,40002,1.71216700259327,1.4560986594652496,0.10702641128399579,0.12782441311933485,0.7025597728362991,-0.0036458333333333334,-0.2098958333333333,0.0010416666666666667,0.0,3.7139038342689052,1.7134212573311989,0.4100333002349909,horizon_years,15
ppo-retrained,40003,1.73333204763344,1.4715795119438164,0.10629765734222935,0.1265497089331364,0.7024527551798783,-0.006380208333333333,-0.2713541666666666,0.0018229166666666667,0.0,3.714286453064389,1.6786425249386723,0.418464768254064,horizon_years,15
ppo-retrained,40004,1.667821194490157,1.4207228740266908,0.10644415602156604,0.1262599586542084,0.6812417371245311,-0.001171875,-0.14114583333333333,0.00013020833333333333,0.0,3.7144293600820997,1.708081766257618,0.39883438286278394,horizon_years,15
ppo-retrained,40005,1.5851600853753722,1.3541173919540705,0.10413654041391371,0.12658871260177587,0.6396522089096361,0.0,-0.046223958333333336,0.0,0.0,3.718071107317881,1.740191970915395,0.3675756580885494,horizon_years,15
ppo-retrained,40006,1.6883072455078911,1.4357977550966505,0.10792708025608162,0.13261315244626645,0.7017159958979701,-0.0007812499999999999,-0.13802083333333334,0.00013020833333333333,0.0,3.7134782753425872,1.6912814015357274,0.41490197625350445,horizon_years,15
ppo-retrained,40007,1.673961721913453,1.4231164225295188,0.1029516147942302,0.12389871398273546,0.6885800436192039,-0.006510416666666668,-0.25286458333333334,0.0024739583333333332,0.0,3.7119882811433937,1.7145092982410526,0.4016193113246053,horizon_years,15
ppo-retrained,40008,1.6084254374433273,1.370535597799821,0.1047153416628885,0.12064016912967526,0.6201373196347013,-0.00026041666666666666,-0.07513020833333334,0.0,0.0,3.707390656236773,1.7617362739739473,0.35200349155316984,horizon_years,15
ppo-retrained,40009,1.6703445079550632,1.418621037071778,0.1048372033081153,0.1267214739699737,0.6992694164088152,-0.003125,-0.19244791666666666,0.0013020833333333333,0.0,3.7152517888048537,1.7017534334777282,0.4109111241690155,horizon_years,15
ppo-retrained,40010,1.5672895588556714,1.3402316818152826,0.1037828455903781,0.12054265535822262,0.5863099770102618,0.0,-0.02109375,0.0,0.0,3.715314232192519,1.730248577732906,0.3388588117081342,horizon_years,15
ppo-retrained,40011,1.580881026357669,1.3422819296598545,0.10339554064606683,0.13057259858108233,0.6651010817642982,0.0,-0.059895833333333336,0.0,0.0,3.703783401549542,1.6921535153279081,0.39305008425043153,horizon_years,15
ppo-retrained,40012,1.6251739813863375,1.3848127063350897,0.10570170292575583,0.1232602595951182,0.6426316302411297,-0.00013020833333333333,-0.07916666666666666,0.0,0.0,3.7159253551505205,1.7231093734230876,0.3729488331692452,horizon_years,15
ppo-retrained,40013,1.6195741880328915,1.3767566207866997,0.102915188924415,0.1253841880344404,0.6641754730790881,-0.0010416666666666667,-0.15065104166666665,0.00026041666666666666,0.0,3.714673628032473,1.7346962083006103,0.3828771112203822,horizon_years,15
ppo-retrained,40014,1.6709376213703746,1.416767337446129,0.10251129281358051,0.11855758491873064,0.6606463682353005,-0.006380208333333333,-0.26015625,0.0016927083333333334,0.0,3.707526812586244,1.7669633985102733,0.3738879757171492,horizon_years,15
ppo-retrained,40015,1.67189466258892,1.4210888368515449,0.10655947056148357,0.12270514314545698,0.6361342383186784,-0.0009114583333333333,-0.14609374999999997,0.0,0.0,3.7165937783476526,1.7202779120810376,0.3697857386014684,horizon_years,15
ppo-retrained,40016,1.6482457865691482,1.398953975380576,0.10546030938238767,0.12990815042379408,0.6929184210370549,-0.0015625,-0.13111979166666668,0.0,0.0,3.7187566228105715,1.7136900137754796,0.40434291818650825,horizon_years,15
ppo-retrained,40017,1.6886337647827587,1.4338268923068553,0.10445926487440614,0.12126125606450251,0.665803173910831,-0.00390625,-0.23958333333333331,0.0014322916666666668,0.0,3.708876060991573,1.6931206680941193,0.393240237661442,horizon_years,15
ppo-retrained,40018,1.664120731440267,1.4163835477929925,0.10614971542935116,0.12653234131851646,0.6563051792357683,-0.0009114583333333333,-0.14283854166666668,0.0,0.0,3.7098015536693785,1.6870511773811931,0.38902505628462897,horizon_years,15
ppo-retrained,40019,1.66797490475582,1.4180137686665872,0.10595527142816578,0.12047551658917027,0.6387145742343073,-0.0018229166666666667,-0.15546875,0.00026041666666666666,0.0,3.7157453797037516,1.6920580379710695,0.37747793509505373,horizon_years,15
ppo-retrained,40020,1.6624147980439157,1.4066258490037273,0.10419570875848329,0.12915667036537973,0.7132198035763176,-0.0029947916666666664,-0.19596354166666663,0.0013020833333333333,0.0,3.7156118160834937,1.6891021707907827,0.42224787577083706,horizon_years,15
ppo-retrained,40021,1.6876293780069755,1.4327853146702862,0.10496088214490948,0.12284736611182165,0.6881672551548208,-0.005208333333333333,-0.22122395833333333,0.0018229166666666667,0.0,3.7051314461858835,1.7305254174510787,0.3976637662845972,horizon_years,15
ppo-retrained,40022,1.6524480904942815,1.409787857146863,0.1059053935329521,0.12114392953505553,0.6345931419345207,-0.0016927083333333334,-0.12604166666666666,0.0,0.0,3.7041052453710637,1.7403113046175733,0.3646434636439772,horizon_years,15
ppo-retrained,40023,1.6446279814268254,1.402461235838151,0.1078319695951217,0.1299488142321718,0.6625104194622036,-0.00013020833333333333,-0.05416666666666667,0.00013020833333333333,0.0,3.715072213344337,1.717550092508263,0.38572989652644807,horizon_years,15
ppo-retrained,40024,1.6424152818856312,1.3961508506938547,0.10478949101459764,0.1256790340880955,0.6562893069818884,-0.0006510416666666667,-0.14049479166666667,0.00013020833333333333,0.0,3.7037048172588327,1.7296490713160764,0.379434948895456,horizon_years,15
ppo-retrained,40025,1.5687212109516813,1.3415582093120892,0.10354408767455654,0.11544545274305258,0.5686601648836377,-0.00013020833333333333,-0.030989583333333334,0.0,0.0,3.7143094898729467,1.7216867814412211,0.33029246144737967,horizon_years,15
ppo-retrained,40026,1.6002061590844936,1.362902883294109,0.104354021716744,0.12074091287891749,0.6216330235132382,-0.00013020833333333333,-0.06966145833333334,0.00013020833333333333,0.0,3.7142182200909906,1.7286347745401498,0.3596092319030228,horizon_years,15
ppo-retrained,40027,1.6559203684437676,1.4094227423067012,0.10641465650736226,0.12126060023341945,0.6307537855581304,-0.00026041666666666666,-0.119140625,0.0,0.0,3.7106385733696796,1.7335084009910737,0.3638596647108942,horizon_years,15
ppo-retrained,40028,1.664089298225293,1.4087528882638007,0.10293147404835289,0.1215426572976792,0.6579821304357101,-0.002734375,-0.2375,0.000390625,0.0,3.718521044511304,1.7079015671025892,0.38525764195647394,horizon_years,15
ppo-retrained,40029,1.5875242066159811,1.3578640352535143,0.10563529432995429,0.12166047901170796,0.5806736430578722,0.0,-0.005989583333333334,0.0,0.0,3.709967818323895,1.7309476746026102,0.3354657402865646,horizon_years,15
ppo-retrained,40030,1.6118047429570335,1.3697296113242254,0.10320017730824665,0.1270333691618639,0.6591725279909797,-0.0006510416666666666,-0.126953125,0.00013020833333333333,0.0,3.7116261797098344,1.7125807114923128,0.38490012387012595,horizon_years,15
ppo-retrained,40031,1.592697433407993,1.3558731445761016,0.10390552333831063,0.12090751370503885,0.6057955918638745,-0.00013020833333333333,-0.06809895833333333,0.00013020833333333333,0.0,3.7209088808430573,1.7250609238922627,0.35117344754237156,horizon_years,15
ppo-retrained,40032,1.7202375658975257,1.4598106074878445,0.1052597613376128,0.1307820276239021,0.7503699758147886,-0.008333333333333333,-0.2743489583333333,0.005078125,0.0,3.710284784537271,1.7010302807369466,0.4411267596539797,horizon_years,15
ppo-retrained,40033,1.60979206914302,1.3727571291114562,0.10460679766509022,0.11765743827560372,0.5941952507106353,-0.00013020833333333333,-0.08125,0.0,0.0,3.7186479329279583,1.7213258885521263,0.3451962552021081,horizon_years,15
ppo-retrained,40034,1.694014367457948,1.440112433435059,0.10458359671941873,0.11490710754769183,0.63617003433841,-0.00625,-0.24427083333333333,0.0011718750000000002,0.0,3.7082108551686965,1.7381423951851647,0.36600570591953063,horizon_years,15
ppo-retrained,40035,1.6936411998943353,1.438987445991183,0.10511427443740014,0.12608752971976572,0.6956444254023855,-0.00390625,-0.22994791666666664,0.0013020833333333333,0.0,3.705551958741765,1.7288382242292468,0.4023768190991489,horizon_years,15
ppo-retrained,40036,1.6022350257636726,1.3584458266234025,0.10129483505091148,0.12714337211011992,0.6827710992268249,-0.0016927083333333334,-0.16393229166666667,0.00026041666666666666,0.0,3.695281826324307,1.7046691444479984,0.4005299805247065,horizon_years,15
ppo-retrained,40037,1.5909438488479974,1.3566589853871824,0.10545962464542205,0.12517317584211068,0.6070798696340843,0.0,-0.01809895833333333,0.0,0.0,3.71465569933463,1.7503695345620627,0.34682954521713266,horizon_years,15
ppo-retrained,40038,1.6749168050264962,1.4269628712106237,0.1073338633906553,0.12252034222473304,0.6460929379705495,-0.0005208333333333333,-0.129296875,0.0,0.0,3.7137702727158284,1.7458051755275752,0.3700830694211356,horizon_years,15
ppo-retrained,40039,1.656486063944639,1.4079210086303635,0.10566243898519814,0.12424796084242705,0.6681758679612958,-0.0020833333333333333,-0.141015625,0.0,0.0,3.7150130336512066,1.6918944615889298,0.39492762883908467,horizon_years,15
ppo-retrained,40040,1.6208718855416002,1.3831772374478457,0.10565795209166225,0.11983739101195655,0.6039949340400763,-0.00026041666666666666,-0.07174479166666667,0.0,0.0,3.7109458545751197,1.7026202521287286,0.35474436139527993,horizon_years,15
ppo-retrained,40041,1.6992602927267622,1.4440123988887006,0.10531092923733971,0.1292455667885277,0.699075102117261,-0.004687500000000001,-0.23450520833333335,0.0005208333333333333,0.0,3.7092619670189886,1.7022852763345853,0.4106685946450361,horizon_years,15
ppo-retrained,40042,1.6080866066395112,1.3669349978842322,0.1038290376648563,0.12424296561719908,0.6481030045085727,-0.0007812499999999999,-0.10052083333333332,0.0,0.0,3.7117917567344034,1.6954781012420015,0.38225383390903894,horizon_years,15
ppo-retrained,40043,1.6333930421095026,1.3963147482037812,0.10787724447396684,0.12039825598552896,0.5946704291564257,0.0,-0.03046875,0.0,0.0,3.721434029367736,1.6966500335595793,0.3504968127745263,horizon_years,15
ppo-retrained,40044,1.660303418826818,1.4158405771223317,0.1075662348662323,0.12483878374652341,0.6483389675538811,0.0,-0.09361979166666667,0.0,0.0,3.7132017069713026,1.740598689242313,0.37248044110391965,horizon_years,15
ppo-retrained,40045,1.603248811841806,1.3673095940925546,0.1036974902338982,0.11811491811575528,0.6110852365386381,-0.00013020833333333333,-0.09544270833333333,0.0,0.0,3.716383021114655,1.6944682308604433,0.3606354049071382,horizon_years,15
ppo-retrained,40046,1.6196489307111008,1.3822050314951144,0.10426565788074006,0.1170709627199969,0.6116347712931137,-0.0006510416666666666,-0.11067708333333334,0.00013020833333333333,0.0,3.7100036737005126,1.736453852871744,0.3522320908681756,horizon_years,15
ppo-retrained,40047,1.5849487580451072,1.3509360622169773,0.10250786859189603,0.1223106645145963,0.6346215266072495,-0.0005208333333333333,-0.094140625,0.00013020833333333333,0.0,3.710250009528756,1.7250902648101265,0.36787728709204653,horizon_years,15
ppo-retrained,40048,1.7064930549870598,1.4490118519287394,0.10755960644358176,0.12306097029556781,0.6629575906023437,-0.0020833333333333333,-0.18411458333333333,0.000390625,0.0,3.70805578443986,1.6698654719074137,0.3970125748184232,horizon_years,15
ppo-retrained,40049,1.6187753103641633,1.383954061244551,0.10655116652427757,0.12192421072110264,0.609548339279434,0.0,-0.041015625,0.0,0.0,3.7079662505184676,1.7310165084184774,0.3521331751112764,horizon_years,15
ppo-frozen,40000,0.6208992294319073,0.553905518580754,0.06208992294319073,0.09789391227884252,0.4488539719848768,0.0,0.0,0.0,0.0,1.2492622605791313,0.7781293025761238,0.5768372563517048,annual_budget_mw,0.125
ppo-frozen,40001,0.6010572463177943,0.5368546504196638,0.05998853713177943,0.08703851821299505,0.4109498122554414,0.0,-0.00234375,0.0,0.0,1.2492472486804331,0.7830613477835153,0.5247990000000005,annual_budget_mw,0.125
ppo-frozen,40002,0.6097764278385504,0.5439487213722956,0.06078884070052169,0.09976274326088809,0.4752187740155641,0.0,-0.0037760416666666667,0.0,0.0,1.2492653334881545,0.773444138308818,0.614418999999998,annual_budget_mw,0.125
ppo-frozen,40003,0.6116123266632458,0.5448169291398183,0.060100034749657916,0.0971918799406736,0.4768026913208323,0.0,-0.02122395833333333,0.0,0.0,1.2492983855341278,0.7803479769098621,0.6110129140193923,annual_budget_mw,0.125
ppo-frozen,40004,0.6114051913305506,0.5452573043017369,0.061081925383055055,0.10217045858963791,0.4748193555874659,0.0,-0.0011718750000000002,0.0,0.0,1.249211819235006,0.7915674036821398,0.5998470292974992,annual_budget_mw,0.125
ppo-frozen,40005,0.6315517225986176,0.5625404808499133,0.06315517225986175,0.10601790554616114,0.47234991346639754,0.0,0.0,0.0,0.0,1.2491150789706076,0.7981868818926667,0.5917785974461994,annual_budget_mw,0.125
ppo-frozen,40006,0.6304665097455623,0.5618860759269271,0.0629750363912229,0.10034731199709972,0.4732877717632573,0.0,-0.0014322916666666666,0.0,0.0,1.2492609850089644,0.7767742535424933,0.6092989946626317,annual_budget_mw,0.125
ppo-frozen,40007,0.6196537329755751,0.5525805044140183,0.06087813371422416,0.09016345590935528,0.44373236883142725,0.0,-0.021744791666666666,0.0,0.0,1.2492140116251322,0.7932969022066189,0.5593522016752493,annual_budget_mw,0.125
ppo-frozen,40008,0.649879368756025,0.5795565004238972,0.06498142645893584,0.1003570053757744,0.4603600157797555,0.0,-0.00013020833333333333,0.0,0.0,1.2490641865881238,0.8294643126696927,0.5550088276830771,annual_budget_mw,0.125
ppo-frozen,40009,0.6359091369271226,0.5671541056220676,0.06342815327604559,0.1003437710844735,0.47460593225369396,0.0,-0.0032552083333333335,0.0,0.0,1.2492722075293028,0.8044666823301567,0.5899634412192021,annual_budget_mw,0.125
ppo-frozen,40010,0.6266760012624826,0.5594807361664039,0.06266760012624825,0.09198694784069456,0.4118028276464911,0.0,0.0,0.0,0.0,1.2492263146737692,0.7962040305342148,0.5172076651887721,annual_budget_mw,0.125
ppo-frozen,40011,0.5613219713618282,0.4994385134911162,0.05613219713618282,0.0941741586690698,0.4254514963455258,0.0,0.0,0.0,0.0,1.2493500078403514,0.736027675837158,0.5780373623337155,annual_budget_mw,0.125
ppo-frozen,40012,0.6287795626970858,0.5604668312002243,0.06287795626970857,0.10492573721753418,0.4791625045553633,0.0,0.0,0.0,0.0,1.2491411417703038,0.8015717357175125,0.5977786930404296,annual_budget_mw,0.125
ppo-frozen,40013,0.5952115640334353,0.5304172831593474,0.0595081355700102,0.09651126656214437,0.4477744428585611,0.0,-0.00026041666666666666,0.0,0.0,1.2492583366977141,0.7829023063733378,0.5719416576160061,annual_budget_mw,0.125
ppo-frozen,40014,0.5875967078020161,0.5240613379864034,0.05792633744686828,0.08182470134004692,0.40233164509626385,0.0,-0.016666666666666663,0.0,0.0,1.2492958984351181,0.7837096439070138,0.5133682457836387,annual_budget_mw,0.125
ppo-frozen,40015,0.6261344039322307,0.5578893741849884,0.06206005497655641,0.09966691471639223,0.478984500680649,0.0,-0.011067708333333332,0.0,0.0,1.2491927138110235,0.8140367069152468,0.5884065136273006,annual_budget_mw,0.125
ppo-frozen,40016,0.5978099472341053,0.5328237949645707,0.059774484306743855,0.09836160328177604,0.45357189118919994,0.0,-0.00013020833333333333,0.0,0.0,1.2492671147461425,0.7762796113839671,0.5842893263428145,annual_budget_mw,0.125
ppo-frozen,40017,0.6172141181130031,0.5505073893674398,0.06094667222796698,0.09819174197352488,0.4831225178071691,0.0,-0.015494791666666667,0.0,0.0,1.249263942478079,0.7981245256406735,0.6053222301612085,annual_budget_mw,0.125
ppo-frozen,40018,0.6371321844531163,0.5683849803696777,0.06355696844531163,0.10211496719655058,0.4830204452319649,0.0,-0.003125,0.0,0.0,1.2491837106683583,0.7989879424324481,0.6045403435769655,annual_budget_mw,0.125
ppo-frozen,40019,0.6354856555779814,0.565924112076381,0.06346393014113147,0.10408482448331041,0.48850989192786165,0.0,-0.0016927083333333332,0.0,0.0,1.2492783324355068,0.7942907486635522,0.6150265412883287,annual_budget_mw,0.125
ppo-frozen,40020,0.5704437771665944,0.5079642420074373,0.056803492299992785,0.09598098086795118,0.45888210908730614,0.0,-0.0048177083333333336,0.0,0.0,1.2492885774182916,0.7635257897785019,0.6010040724628665,annual_budget_mw,0.125
ppo-frozen,40021,0.5914650884693187,0.5267667925264323,0.05868426926359853,0.09676236509323423,0.4660586709436984,0.0,-0.009244791666666665,0.0,0.0,1.2492683591789127,0.7790529590397431,0.5982374696556702,annual_budget_mw,0.125
ppo-frozen,40022,0.6349110805621765,0.5663162144583643,0.06343251430621764,0.0995981303496483,0.46271559800926026,0.0,-0.001171875,0.0,0.0,1.2492327163302817,0.7788881933918114,0.5940719116491937,annual_budget_mw,0.125
ppo-frozen,40023,0.6455385299459317,0.5757282470105385,0.06455385299459318,0.10865119432560617,0.48990085939196887,0.0,0.0,0.0,0.0,1.2492043784883322,0.7923761655264161,0.6182680407436317,annual_budget_mw,0.125
ppo-frozen,40024,0.6121009703900546,0.5453795277557719,0.06100827412233879,0.10196046299883309,0.4829389410695094,0.0,-0.004036458333333334,0.0,0.0,1.2492546394322916,0.7871021125953146,0.6135658046668343,annual_budget_mw,0.125
ppo-frozen,40025,0.6244092323617045,0.556983700527324,0.062440923236170454,0.10473571991868763,0.4699558851921097,0.0,0.0,0.0,0.0,1.2490873786881378,0.7965000140418873,0.5900262108060617,annual_budget_mw,0.125
ppo-frozen,40026,0.6343544019073499,0.564671344752208,0.06343544019073499,0.10218514293612767,0.46554586476437637,0.0,0.0,0.0,0.0,1.2490851689717186,0.7927855925105809,0.5872279581798315,annual_budget_mw,0.125
ppo-frozen,40027,0.6286964992183346,0.5611246256758291,0.0628045457551668,0.10062899554711724,0.4736326720610023,0.0,-0.0013020833333333333,0.0,0.0,1.2491327056398551,0.7964590153933393,0.5946729999999988,annual_budget_mw,0.125
ppo-frozen,40028,0.615139901667148,0.5465064107151231,0.0602249276667148,0.0993565438264007,0.487709091481519,0.0,-0.02578125,0.0,0.0,1.2492417112598817,0.7897178400646068,0.617573855798445,annual_budget_mw,0.125
ppo-frozen,40029,0.6413214215327679,0.5709109946664502,0.0641321421532768,0.1081478169765658,0.48046140022438205,0.0,0.0,0.0,0.0,1.2491767763645647,0.7933308909267185,0.605625478245449,annual_budget_mw,0.125
ppo-frozen,40030,0.5797086662481601,0.5162007507639612,0.05767789787481601,0.096357180549611,0.4584850992116353,0.0,-0.005859375,0.0,0.0,1.249302065243931,0.7584137291000732,0.6045316449580489,annual_budget_mw,0.125
ppo-frozen,40031,0.633583999919084,0.5643833302514495,0.06334537915857505,0.10217747770043199,0.47234369939153564,0.0,-0.00026041666666666666,0.0,0.0,1.2491451468314634,0.8030208881023542,0.5882084842247964,annual_budget_mw,0.125
ppo-frozen,40032,0.6107599807626887,0.5443060838193796,0.05972834182626886,0.09694874522993033,0.47823583249035345,-0.00013020833333333333,-0.02682291666666667,0.0,0.0,1.2491992109719634,0.8053711019096861,0.5938080362659729,annual_budget_mw,0.125
ppo-frozen,40033,0.621792391859338,0.5542514099125168,0.0621792391859338,0.09404060627240504,0.42985332754542016,0.0,0.0,0.0,0.0,1.2491890248307196,0.7851787210719401,0.547459216620869,annual_budget_mw,0.125
ppo-frozen,40034,0.6451258441126452,0.574947933768447,0.06384201149459785,0.09995767635677712,0.48443986140434847,0.0,-0.013411458333333333,0.0,0.0,1.2491662401384667,0.8205436586838483,0.5903888918980739,annual_budget_mw,0.125
ppo-frozen,40035,0.6217942201935632,0.5544447564918824,0.061521869936023,0.09595295587098727,0.4696161681925623,0.0,-0.013151041666666667,0.0,0.0,1.249177451083805,0.8232375558234359,0.5704503698483884,annual_budget_mw,0.125
ppo-frozen,40036,0.6067110098670102,0.5403833000420095,0.06059948640336769,0.10177298172082815,0.47802827411347243,0.0,-0.0014322916666666666,0.0,0.0,1.249270828846483,0.7869010247350087,0.6074820836260189,annual_budget_mw,0.125
ppo-frozen,40037,0.6177706041533362,0.5496997317333152,0.061777060415333616,0.10078444691908335,0.45294565613788884,0.0,0.0,0.0,0.0,1.249240337701818,0.779028157777401,0.5814239852769394,annual_budget_mw,0.125
ppo-frozen,40038,0.6580093138043918,0.586359569736191,0.06574233763043917,0.10765836514063014,0.5047223517300572,0.0,-0.001171875,0.0,0.0,1.2490417780670917,0.8179152090586999,0.6170839545958785,annual_budget_mw,0.125
ppo-frozen,40039,0.6329381897777011,0.5640023208361699,0.06316361064443676,0.10087425103651264,0.47711643659488073,0.0,-0.0026041666666666665,0.0,0.0,1.2492597126435012,0.7866317737382177,0.6065308477529917,annual_budget_mw,0.125
ppo-frozen,40040,0.6104117986396326,0.5447042175773247,0.061041179863963256,0.0891021826018205,0.4117102091444704,0.0,0.0,0.0,0.0,1.249234324807322,0.7714906904865952,0.5336554468140065,annual_budget_mw,0.125
ppo-frozen,40041,0.6168696056783913,0.5502174237701722,0.060866648067839126,0.0945475819387416,0.4640389878102078,0.0,-0.01640625,0.0,0.0,1.2491880603682612,0.7927894316832521,0.5853243866091394,annual_budget_mw,0.125
ppo-frozen,40042,0.6019707124243858,0.5356084925319283,0.060164519159105256,0.10077371511405792,0.4686250425629969,0.0,-0.0006510416666666666,0.0,0.0,1.2491702995955867,0.7857413315983804,0.5964113426612098,annual_budget_mw,0.125
ppo-frozen,40043,0.6590239165984573,0.5869937084828053,0.06590239165984572,0.10813924820186221,0.4747510237332817,0.0,0.0,0.0,0.0,1.24911463757554,0.7891879232648336,0.6015690429844123,annual_budget_mw,0.125
ppo-frozen,40044,0.6113337199515565,0.5445094287273126,0.06113337199515565,0.10305050679714639,0.47490155310681437,0.0,0.0,0.0,0.0,1.2493196819096835,0.7665694666329159,0.6195153521999444,annual_budget_mw,0.125
ppo-frozen,40045,0.6105112552801519,0.5450343465961776,0.06103810469468186,0.08523147360335483,0.3930940189675748,0.0,-0.00026041666666666666,0.0,0.0,1.2493181519184753,0.7870504975176403,0.4994520938712249,annual_budget_mw,0.125
ppo-frozen,40046,0.6340292053109213,0.5652424014970238,0.0633508371977588,0.1029244302443166,0.4812279137720443,0.0,-0.0010416666666666667,0.0,0.0,1.2492209569543127,0.801179332346837,0.6006494355794451,annual_budget_mw,0.125
ppo-frozen,40047,0.6278990859535455,0.559900097857046,0.06273782526202121,0.10106686249806246,0.4747422480643045,0.0,-0.0010416666666666667,0.0,0.0,1.2491783021813474,0.7987342969949868,0.594368177065125,annual_budget_mw,0.125
ppo-frozen,40048,0.5953002470226341,0.5305276082882749,0.05924356636893008,0.09489381735972441,0.45349271388273976,0.0,-0.005729166666666666,0.0,0.0,1.249330488309406,0.7529767103551146,0.6022665875932154,annual_budget_mw,0.125
ppo-frozen,40049,0.6550147531214064,0.584383155793587,0.06550147531214065,0.10903804444385692,0.487325810198593,0.0,0.0,0.0,0.0,1.2491587691926476,0.8138220518437249,0.5988112623571084,annual_budget_mw,0.125
rolling-lp,40000,0.5877570416509955,0.5240804509074665,0.05877570416509955,0.09273281187241746,0.42518977915296635,0.0,0.0,0.0,0.0,1.2499999987500026,0.7359892806873019,0.5777119182441134,annual_budget_mw,0.125
rolling-lp,40001,0.6143777086784868,0.5479449962129547,0.061320583367848694,0.09173804731324248,0.43313850113809893,0.0,-0.00234375,0.0,0.0,1.2499999987500026,0.8253417044203577,0.5247989999999996,annual_budget_mw,0.125
rolling-lp,40002,0.657272189805694,0.5861194946926124,0.06553841689723607,0.10917555396583392,0.5200565984080558,0.0,-0.0037760416666666667,0.0,0.0,1.2499999987500028,0.8464201113703446,0.6144190000000002,annual_budget_mw,0.125
rolling-lp,40003,0.6265578940308526,0.5569324567964793,0.061646674819751925,0.10416194551366423,0.5109963505639007,0.0,-0.020182291666666668,0.0,0.0,1.2499999987500026,0.8377059159168838,0.6099949168970668,annual_budget_mw,0.125
rolling-lp,40004,0.6369094589413242,0.5687047883603017,0.06363235214413242,0.10300519835992117,0.47869866282832935,0.0,-0.0011718750000000002,0.0,0.0,1.2499999987500026,0.798154387056036,0.5997569775867452,annual_budget_mw,0.125
rolling-lp,40005,0.6782463323321642,0.6049069722986707,0.06782463323321643,0.11088982466208923,0.4940561579066061,0.0,0.0,0.0,0.0,1.2499999987500028,0.8396463796707498,0.5884097994924246,annual_budget_mw,0.125
rolling-lp,40006,0.618258380058528,0.5502099779172036,0.06175422342251946,0.10219943261837812,0.48202329266995547,0.0,-0.0014322916666666666,0.0,0.0,1.2499999987500026,0.7912913072078505,0.609160353815616,annual_budget_mw,0.125
rolling-lp,40007,0.6300081098923107,0.5622770337595606,0.062089352655897725,0.0895643501677566,0.44078391696454944,0.0,-0.018229166666666664,0.0,0.0,1.2499999987500026,0.7879486441747994,0.5594069108731983,annual_budget_mw,0.125
rolling-lp,40008,0.6162595268235209,0.5480435439066497,0.06161944226568543,0.10099386357713443,0.4632814267019903,0.0,-0.00013020833333333333,0.0,0.0,1.2499999987500028,0.8349776466488966,0.5548429093417365,annual_budget_mw,0.125
rolling-lp,40009,0.6047432873439865,0.5380733144281841,0.06031156831773199,0.09843336114231174,0.46557007599886857,0.0,-0.0032552083333333335,0.0,0.0,1.2499999987500028,0.7872670272874202,0.5913750479338892,annual_budget_mw,0.125
rolling-lp,40010,0.643893506497735,0.5741181817309379,0.0643893506497735,0.09639402348520658,0.43153221594193747,0.0,0.0,0.0,0.0,1.2499999987500028,0.8453606823775622,0.5104711218982418,annual_budget_mw,0.125
rolling-lp,40011,0.6158672734252676,0.5468493875550434,0.06158672734252676,0.10420976409125791,0.47078944684006546,0.0,0.0,0.0,0.0,1.2499999987500028,0.8151044230515266,0.5775817594972179,annual_budget_mw,0.125
rolling-lp,40012,0.6478200603525067,0.5771486185600554,0.06478200603525067,0.11000835802260613,0.5023732189067368,0.0,0.0,0.0,0.0,1.2499999987500028,0.8418274397654608,0.5967650793691183,annual_budget_mw,0.125
rolling-lp,40013,0.6180931477547854,0.5502478502572017,0.06179629394214521,0.09964906601285103,0.4623326022413039,0.0,-0.00026041666666666666,0.0,0.0,1.2499999987500026,0.8120627428166027,0.5693311339930758,annual_budget_mw,0.125
rolling-lp,40014,0.5451930450498067,0.48517512835337495,0.053803158671647346,0.07863740579003393,0.3866597289017209,0.0,-0.014322916666666664,0.0,0.0,1.2499999987500026,0.7528747112465589,0.5135777880778011,annual_budget_mw,0.125
rolling-lp,40015,0.6100544012855735,0.5432437882434308,0.060465075545224026,0.10024246544186076,0.4817505126279375,0.0,-0.010807291666666666,0.0,0.0,1.2499999987500028,0.8188054628154593,0.5883577168274382,annual_budget_mw,0.125
rolling-lp,40016,0.6264563247292395,0.5577719318022746,0.0626391220562573,0.10240761883437031,0.4722291605376258,0.0,-0.00013020833333333333,0.0,0.0,1.2499999987500028,0.8117843324302076,0.581717510023791,annual_budget_mw,0.125
rolling-lp,40017,0.6239181070299146,0.5552130285123779,0.061662644036324786,0.1038149162672567,0.5107896318460334,0.0,-0.014583333333333334,0.0,0.0,1.2499999987500028,0.84854883761303,0.6019566690856426,annual_budget_mw,0.125
rolling-lp,40018,0.6430437368770919,0.5732985909683833,0.0641481236877092,0.1029293363789256,0.4868725442518553,0.0,-0.003125,0.0,0.0,1.2499999987500028,0.8061267206799156,0.603965272161193,annual_budget_mw,0.125
rolling-lp,40019,0.6415585902717829,0.5699041932145806,0.06407122361051162,0.10693259545304891,0.5018755703115084,0.0,-0.0016927083333333332,0.0,0.0,1.2499999987500028,0.8165745672203625,0.6146108273000759,annual_budget_mw,0.125
rolling-lp,40020,0.565373996915374,0.5024538151122155,0.056303024691537404,0.09744611047984193,0.46588684857122187,0.0,-0.0046875,0.0,0.0,1.2499999987500026,0.7768833401432336,0.599687011547096,annual_budget_mw,0.125
rolling-lp,40021,0.6141887264651814,0.5465790913110574,0.06097616431318481,0.10309064455650638,0.4965390081406149,0.0,-0.008854166666666666,0.0,0.0,1.2499999987500028,0.8311427431923825,0.5974172453620068,annual_budget_mw,0.125
rolling-lp,40022,0.6755959588569099,0.6030482262374458,0.06750100213569099,0.10643506412781789,0.4944788037101052,0.0,-0.001171875,0.0,0.0,1.2499999987500028,0.8419309406492629,0.587315158329712,annual_budget_mw,0.125
rolling-lp,40023,0.655530462242809,0.5830421979104553,0.0655530462242809,0.11435947068472194,0.515639089986997,0.0,0.0,0.0,0.0,1.2499999987500028,0.8392035991102678,0.6144386064760481,annual_budget_mw,0.125
rolling-lp,40024,0.6240426117406463,0.5556614096609509,0.06220243825739796,0.10407336912018542,0.4929467873935973,0.0,-0.004036458333333334,0.0,0.0,1.2499999987500028,0.8057128093060142,0.6118145097112058,annual_budget_mw,0.125
rolling-lp,40025,0.6318598932592431,0.5631573073403536,0.06318598932592431,0.10792018505889234,0.4842447842896686,0.0,0.0,0.0,0.0,1.2499999987500028,0.8237174312881999,0.587877305852767,annual_budget_mw,0.125
rolling-lp,40026,0.6514228247148816,0.5799659610087665,0.06514228247148815,0.10185145958871174,0.4640256349338292,0.0,0.0,0.0,0.0,1.2499999987500026,0.7901585913138387,0.5872563306086049,annual_budget_mw,0.125
rolling-lp,40027,0.5925420891629156,0.5275654281471082,0.059189104749624896,0.09866279303479729,0.4643783041259958,0.0,-0.0013020833333333333,0.0,0.0,1.2499999987500026,0.7808969032157098,0.594673,annual_budget_mw,0.125
rolling-lp,40028,0.6101509718564198,0.5409523661367466,0.05991483676897531,0.10114474434477502,0.4964867886176726,0.0,-0.02200520833333333,0.0,0.0,1.2499999987500028,0.8048514637980149,0.6168675972517964,annual_budget_mw,0.125
rolling-lp,40029,0.6494361726934048,0.5777868404265804,0.06494361726934048,0.10930386918781088,0.4855973195584511,0.0,0.0,0.0,0.0,1.2499999987500028,0.8019913184814565,0.6054894964173841,annual_budget_mw,0.125
rolling-lp,40030,0.5955713458853511,0.529190444573246,0.059264165838535124,0.10450974663479969,0.49727650063161216,0.0,-0.005859375,0.0,0.0,1.2499999987500028,0.8247439995412952,0.6029464911635448,annual_budget_mw,0.125
rolling-lp,40031,0.6241368512058841,0.5546782380324403,0.06240066428725508,0.10607711593538172,0.4903708575445799,0.0,-0.00026041666666666666,0.0,0.0,1.2499999987500028,0.8374790341664589,0.5855320999559648,annual_budget_mw,0.125
rolling-lp,40032,0.637935872708115,0.5681839685148432,0.06253707685414486,0.10114677225688602,0.4989441660050543,-0.00013020833333333333,-0.025,0.0,0.0,1.2499999987500028,0.846281723250456,0.5895721865393427,annual_budget_mw,0.125
rolling-lp,40033,0.6204254787203414,0.5522629782643893,0.062042547872034136,0.09536993189542438,0.4359295861436585,0.0,0.0,0.0,0.0,1.2499999987500026,0.7970402975212674,0.5469354404029071,annual_budget_mw,0.125
rolling-lp,40034,0.6163341262649296,0.5492809565675267,0.061040964709826284,0.09651179476379358,0.4677395692190594,0.0,-0.011848958333333333,0.0,0.0,1.2499999987500028,0.7910059037522104,0.5913224755975817,annual_budget_mw,0.125
rolling-lp,40035,0.6360198686871387,0.5680579470770823,0.06302255978538054,0.09454342109861315,0.46271757593213714,0.0,-0.011588541666666667,0.0,0.0,1.2499999987500026,0.8100567329421602,0.5712162582138258,annual_budget_mw,0.125
rolling-lp,40036,0.6037732647469088,0.5354117358345899,0.06030571189135755,0.10868034522873107,0.5104721998050145,0.0,-0.0014322916666666666,0.0,0.0,1.2499999987500028,0.8526179366929423,0.5987115422236929,annual_budget_mw,0.125
rolling-lp,40037,0.6234115931082539,0.554682710679771,0.062341159310825386,0.10112171217431054,0.4544613942997903,0.0,0.0,0.0,0.0,1.2499999987500028,0.7819738382128401,0.5811721212290655,annual_budget_mw,0.125
rolling-lp,40038,0.6469855176030104,0.5752715993170765,0.06463995801030104,0.10703381937740156,0.501794365539964,0.0,-0.001171875,0.0,0.0,1.2499999987500026,0.8131436731805993,0.6171041872307791,annual_budget_mw,0.125
rolling-lp,40039,0.6736421576362291,0.5997981976154472,0.06723400743028958,0.11017941422489166,0.5211281269594147,0.0,-0.0026041666666666665,0.0,0.0,1.2499999987500026,0.860081054401045,0.605905832122212,annual_budget_mw,0.125
rolling-lp,40040,0.6487551847623237,0.5791663501193708,0.06487551847623238,0.09367918661884767,0.4328589534970788,0.0,0.0,0.0,0.0,1.2499999987500026,0.8176885790085285,0.5293689610070536,annual_budget_mw,0.125
rolling-lp,40041,0.6689906817471993,0.5972516647147661,0.0661243285913866,0.1002039987886144,0.4918006491433152,0.0,-0.015494791666666667,0.0,0.0,1.2499999987500026,0.8417595703879954,0.5842531126989476,annual_budget_mw,0.125
rolling-lp,40042,0.6031848311304775,0.5367452914257462,0.060285931029714426,0.10037693875330474,0.4667799251260194,0.0,-0.0006510416666666666,0.0,0.0,1.2499999987500028,0.7822616324421713,0.5967056362827895,annual_budget_mw,0.125
rolling-lp,40043,0.7043674903514565,0.6279629420435415,0.07043674903514566,0.1127973959786766,0.4952011420993299,0.0,0.0,0.0,0.0,1.2499999987500026,0.8280165738318768,0.5980570410657954,annual_budget_mw,0.125
rolling-lp,40044,0.6652099489381547,0.5927877632138535,0.06652099489381547,0.11122858159856874,0.5125896785253954,0.0,0.0,0.0,0.0,1.2499999987500028,0.8288467620005162,0.6184372094163724,annual_budget_mw,0.125
rolling-lp,40045,0.6265924262988933,0.5593634307445917,0.062646221796556,0.08959852646875067,0.41323519791622493,0.0,-0.00026041666666666666,0.0,0.0,1.2499999987500028,0.8294390281325632,0.4982104577916974,annual_budget_mw,0.125
rolling-lp,40046,0.6178750132592002,0.5507720813449719,0.061735417992586694,0.10313711350902062,0.4822223241712545,0.0,-0.0010416666666666667,0.0,0.0,1.2499999987500028,0.8028913623986588,0.600607188911091,annual_budget_mw,0.125
rolling-lp,40047,0.600023458649282,0.53343245431368,0.05995026253159487,0.09928437587930826,0.46636935824051945,0.0,-0.0010416666666666667,0.0,0.0,1.2499999987500028,0.7845621027831243,0.5944326861903466,annual_budget_mw,0.125
rolling-lp,40048,0.6347114170257147,0.5656820416516851,0.06319119378590479,0.09961928659098813,0.4760754903552215,0.0,-0.0055989583333333325,0.0,0.0,1.2499999987500028,0.7916058299700365,0.6014047298934644,annual_budget_mw,0.125
rolling-lp,40049,0.645173134406174,0.575512402156739,0.0645173134406174,0.10701195968019503,0.4782705909490314,0.0,0.0,0.0,0.0,1.2499999987500026,0.7960614266190267,0.6007960880359534,annual_budget_mw,0.125
ppo-retrained,40000,0.6343038949975273,0.5657140433813336,0.06343038949975273,0.0999211723509485,0.45814917445895115,0.0,0.0,0.0,0.0,1.2486053236921701,0.7946817385075274,0.5765190670159227,annual_budget_mw,0.125
ppo-retrained,40001,0.6085319636081434,0.5428499234640696,0.06073600886081435,0.08960444125093144,0.4230647426604082,0.0,-0.00234375,0.0,0.0,1.2485316103852477,0.8061462439151144,0.5247990000000001,annual_budget_mw,0.125
ppo-retrained,40002,0.6320564102839078,0.5634853107662036,0.06301683894505744,0.10375477899650444,0.4942347940857508,0.0,-0.0037760416666666667,0.0,0.0,1.2483349452626697,0.8043937347083222,0.6144189999999977,annual_budget_mw,0.125
ppo-retrained,40003,0.6160507577121012,0.5481518760768243,0.0605503882712101,0.09913761104104647,0.4863480342631719,0.0,-0.021093749999999998,0.0,0.0,1.2483396436380259,0.7962767662524601,0.6107776276734601,annual_budget_mw,0.125
ppo-retrained,40004,0.6134196680259824,0.546898827766261,0.06128337305259825,0.10267359074100178,0.47715757435621436,0.0,-0.0011718750000000002,0.0,0.0,1.2484060630908285,0.7955223351602242,0.5998041202200957,annual_budget_mw,0.125
ppo-retrained,40005,0.6327582249309787,0.5636065709693687,0.06327582249309786,0.10664321180263558,0.47513588961461617,0.0,0.0,0.0,0.0,1.2486394886338124,0.8035081696098946,0.5913267687686311,annual_budget_mw,0.125
ppo-retrained,40006,0.6463202011955541,0.575873907983199,0.06456040553622208,0.10285118977408611,0.4850973031822123,0.0,-0.0014322916666666666,0.0,0.0,1.2484654868078613,0.7967159536759212,0.6088710800179791,annual_budget_mw,0.125
ppo-retrained,40007,0.6295008617942466,0.561026597161524,0.06188237784609132,0.09169325389893838,0.45126114952095303,0.0,-0.021354166666666667,0.0,0.0,1.2484005338774011,0.8069535137473709,0.5592157935162386,annual_budget_mw,0.125
ppo-retrained,40008,0.6693583620519429,0.5967213527743482,0.06692932578852763,0.10246911863042114,0.47004875138517765,0.0,-0.00013020833333333333,0.0,0.0,1.2483464554936592,0.8494460694510907,0.5533591457888806,annual_budget_mw,0.125
ppo-retrained,40009,0.6496397418289114,0.5795324698860337,0.06480121376622447,0.10199158807578497,0.48239977646437726,0.0,-0.0032552083333333335,0.0,0.0,1.2484326852772232,0.8198344275814856,0.5884112208942704,annual_budget_mw,0.125
ppo-retrained,40010,0.6485350964222942,0.5785830368647389,0.06485350964222943,0.09521338626559195,0.42624679494608064,0.0,0.0,0.0,0.0,1.2485130000300868,0.8314076542813942,0.5126808644966062,annual_budget_mw,0.125
ppo-retrained,40011,0.5832864810995864,0.5182736949269329,0.058328648109958636,0.09896824902850436,0.44710980416438817,0.0,0.0,0.0,0.0,1.2485693330145164,0.7737618915955822,0.5778390083833136,annual_budget_mw,0.125
ppo-retrained,40012,0.6176434639693851,0.5497904996348735,0.06176434639693851,0.10442407834674172,0.4768715878810017,0.0,0.0,0.0,0.0,1.2486237838843948,0.797598464484,0.5978842852832096,annual_budget_mw,0.125
ppo-retrained,40013,0.6261745988351803,0.5580588909642612,0.0626044390501847,0.1003967420456346,0.46580152593222646,0.0,-0.00026041666666666666,0.0,0.0,1.2484821141635147,0.8197707940986534,0.5682094669454285,annual_budget_mw,0.125
ppo-retrained,40014,0.6132561611196512,0.5469279993020033,0.06049228277863179,0.08503523513175687,0.41811782360839517,0.0,-0.016666666666666663,0.0,0.0,1.2483578445155756,0.8152354975707228,0.5128798057178845,annual_budget_mw,0.125
ppo-retrained,40015,0.6301100432486036,0.5609041167201724,0.06245761890819369,0.10138636100180409,0.4872479060725864,0.0,-0.011067708333333332,0.0,0.0,1.2483373758410654,0.8282832698258946,0.5882624022757408,annual_budget_mw,0.125
ppo-retrained,40016,0.618925613351749,0.5513645147365428,0.061886050918508226,0.10150220303358319,0.46805404399444434,0.0,-0.00013020833333333333,0.0,0.0,1.2483292867344198,0.8038390996400895,0.5822732984797712,annual_budget_mw,0.125
ppo-retrained,40017,0.6360547907470219,0.5674412372446628,0.06283073949136884,0.10065861700634929,0.4952600240069787,0.0,-0.015494791666666667,0.0,0.0,1.24824405363874,0.8202455679122287,0.6037948187486879,annual_budget_mw,0.125
ppo-retrained,40018,0.6435749145328895,0.5732332605112359,0.06420124145328895,0.10563792978758899,0.49968463272549435,0.0,-0.003125,0.0,0.0,1.24835648787222,0.8302780112483268,0.6018280936697531,annual_budget_mw,0.125
ppo-retrained,40019,0.658432946211111,0.5861901747629554,0.06575865920444443,0.10822912887497721,0.5079606975620099,0.0,-0.0016927083333333332,0.0,0.0,1.2483845688123605,0.8267199461269232,0.614428985222554,annual_budget_mw,0.125
ppo-retrained,40020,0.5926825977886442,0.5276440451049909,0.05902737436219775,0.09987937506929247,0.47752021152164525,0.0,-0.0048177083333333336,0.0,0.0,1.2483253886613337,0.7990673531073538,0.5975969480729004,annual_budget_mw,0.125
ppo-retrained,40021,0.5909425962138546,0.5260589689021522,0.05863202003805214,0.09708041883589234,0.4675905857997386,0.0,-0.009244791666666665,0.0,0.0,1.2483821048764587,0.7816709456347037,0.5981936368634795,annual_budget_mw,0.125
ppo-retrained,40022,0.6567536477894057,0.5850603493735098,0.06561677102894058,0.10430676656375222,0.4845911032418226,0.0,-0.001171875,0.0,0.0,1.248361383489216,0.8201583892745234,0.5908506327301862,annual_budget_mw,0.125
ppo-retrained,40023,0.6644146613363484,0.5923128666794576,0.06644146613363484,0.11199159282758016,0.5049624894733147,0.0,0.0,0.0,0.0,1.2485057897193415,0.819778883817198,0.6159740137755438,annual_budget_mw,0.125
ppo-retrained,40024,0.6028582115408705,0.5369639318673315,0.06008399823742039,0.10129613571620903,0.4797923339930221,0.0,-0.004036458333333334,0.0,0.0,1.2484124121352487,0.781250648846587,0.6141336774585363,annual_budget_mw,0.125
ppo-retrained,40025,0.6444437310189114,0.5745866005843591,0.06444437310189113,0.10843030925077368,0.48653374421985884,0.0,0.0,0.0,0.0,1.2486239473717164,0.8280774297075826,0.5875461964851132,annual_budget_mw,0.125
ppo-retrained,40026,0.6291864202362778,0.5595145098207442,0.06291864202362778,0.10343782272788098,0.4712529556404852,0.0,0.0,0.0,0.0,1.2486581600510913,0.802647610910821,0.5871231026349423,annual_budget_mw,0.125
ppo-retrained,40027,0.6439872988355764,0.5745051253851795,0.06433362571689097,0.10302462811767726,0.4849082477487218,0.0,-0.0013020833333333333,0.0,0.0,1.2483819278262347,0.8154199833332308,0.5946729999999993,annual_budget_mw,0.125
ppo-retrained,40028,0.6292279000258018,0.5588826412976762,0.061653258752580174,0.10108650339906262,0.49620090267975137,0.0,-0.025390625,0.0,0.0,1.2484539031868658,0.804323337348235,0.6169172018751449,annual_budget_mw,0.125
ppo-retrained,40029,0.6655955987496244,0.5924586007208844,0.06655955987496244,0.11244502876879292,0.4995523486362354,0.0,0.0,0.0,0.0,1.2484585007083753,0.827210616125258,0.6038998278046664,annual_budget_mw,0.125
ppo-retrained,40030,0.5925235349380081,0.5270157203818786,0.058959384743800816,0.1002141022078424,0.4768370383098873,0.0,-0.005859375,0.0,0.0,1.2482952992681948,0.7897941133849522,0.6037485342429654,annual_budget_mw,0.125
ppo-retrained,40031,0.6456568237111052,0.5749736467187536,0.0645526615377772,0.10411212552932538,0.48128714498331737,0.0,-0.00026041666666666666,0.0,0.0,1.2483621914781904,0.8201159039612975,0.5868525932232501,annual_budget_mw,0.125
ppo-retrained,40032,0.6201802095528226,0.5525865124045269,0.06068989595528227,0.09843115066021914,0.4855483499794764,-0.00013020833333333333,-0.026432291666666663,0.0,0.0,1.2482765900400652,0.8183350413939352,0.5933368674429526,annual_budget_mw,0.125
ppo-retrained,40033,0.6325905541631994,0.5638708868255731,0.06325905541631995,0.0970133711941223,0.4434416373645736,0.0,0.0,0.0,0.0,1.2483505381348226,0.8117908830000504,0.5462510686567369,annual_budget_mw,0.125
ppo-retrained,40034,0.6478377800565241,0.5766518292318937,0.0641197155056524,0.10151773766808497,0.49200062024726865,0.0,-0.01328125,0.0,0.0,1.2484859285349554,0.8339163493722258,0.5899879773524621,annual_budget_mw,0.125
ppo-retrained,40035,0.6516044967742531,0.5809898535267142,0.06450940801075865,0.09967182951625772,0.4878172040588506,0.0,-0.013020833333333332,0.0,0.0,1.2482866268228998,0.8580134377646738,0.5685426155209513,annual_budget_mw,0.125
ppo-retrained,40036,0.6298132168192141,0.5611095698813315,0.06290970709858808,0.10483124993764911,0.4923929773258951,0.0,-0.0014322916666666666,0.0,0.0,1.24838369872906,0.8143521974760313,0.6046437632906217,annual_budget_mw,0.125
ppo-retrained,40037,0.6289698040705977,0.559494630465707,0.06289698040705977,0.10253088529552844,0.4607945028647891,0.0,0.0,0.0,0.0,1.2486639839502163,0.7942815800539735,0.580139983648465,annual_budget_mw,0.125
ppo-retrained,40038,0.6724583588386815,0.5991675634047682,0.06718724213386815,0.10933307025322461,0.5125736794162885,0.0,-0.001171875,0.0,0.0,1.248440624960671,0.8307099728701949,0.6170308484985316,annual_budget_mw,0.125
ppo-retrained,40039,0.622616502959295,0.5536492067345815,0.062131441962596165,0.1023036308610734,0.4838771371842531,0.0,-0.0026041666666666665,0.0,0.0,1.2484537057668756,0.7979144259370599,0.606427357941291,annual_budget_mw,0.125
ppo-retrained,40040,0.6063172404170828,0.5399551129825625,0.06063172404170828,0.09076480166513781,0.41939259382122873,0.0,0.0,0.0,0.0,1.248517267648455,0.7878782745093043,0.5323063313078777,annual_budget_mw,0.125
ppo-retrained,40041,0.6111618467942377,0.5442170351687325,0.06030238259609043,0.0956731882613796,0.4695634571611863,0.0,-0.016276041666666668,0.0,0.0,1.2484061874223247,0.8025343106781151,0.5851007874846131,annual_budget_mw,0.125
ppo-retrained,40042,0.600921188786715,0.5342626651686658,0.06005956679533817,0.10172880900174894,0.47306648756940833,0.0,-0.0006510416666666666,0.0,0.0,1.2483520723390056,0.7941174339165441,0.5957135146073674,annual_budget_mw,0.125
ppo-retrained,40043,0.6507484183435821,0.5789485036581917,0.06507484183435822,0.10901784110749829,0.4786082068405372,0.0,0.0,0.0,0.0,1.2486591916779515,0.7965115588724095,0.6008804285503203,annual_budget_mw,0.125
ppo-retrained,40044,0.6156930373351308,0.5477650102938962,0.06156930373351308,0.1059576474002683,0.4882989213530491,0.0,0.0,0.0,0.0,1.24854233853279,0.7886023649989269,0.6191953550046906,annual_budget_mw,0.125
ppo-retrained,40045,0.6006482482707521,0.5354839902925355,0.06005180399374188,0.08615585989782766,0.3973573586496259,0.0,-0.00026041666666666666,0.0,0.0,1.2485590350019233,0.7959728287373474,0.49920970201954545,annual_budget_mw,0.125
ppo-retrained,40046,0.6314203917348925,0.5623426434948415,0.06308995584015592,0.1042599212315701,0.4874720633887273,0.0,-0.0010416666666666667,0.0,0.0,1.2483730381243372,0.8119295938086288,0.6003871112790403,annual_budget_mw,0.125
ppo-retrained,40047,0.6448527611057483,0.5746903574566226,0.0644331927772415,0.10386841333086577,0.48790199704193765,0.0,-0.0010416666666666667,0.0,0.0,1.248346973691901,0.8246644680925659,0.5916369819721301,annual_budget_mw,0.125
ppo-retrained,40048,0.6177132601506082,0.5497837153246671,0.06148486768172749,0.10032024671340395,0.4794253430335357,0.0,-0.005729166666666666,0.0,0.0,1.248374288542009,0.7973359429152118,0.6012839974085019,annual_budget_mw,0.125
ppo-retrained,40049,0.6723162975686529,0.5999009833146833,0.06723162975686528,0.11096515426165854,0.495938678836249,0.0,0.0,0.0,0.0,1.248528956484705,0.8307815266132206,0.5969543892700669,annual_budget_mw,0.125
ppo-frozen,40000,1.0987362232649491,0.9955340850608112,0.10987362232649492,0.1228704576061983,0.563374081720719,0.0,0.0,0.0,0.0,3.7287528195252895,1.727582346253074,0.3261054866314258,annual_budget_mw,0.375
ppo-frozen,40001,1.0598651655591291,0.9607641260408156,0.10586932905591291,0.11458528009858966,0.5410110409798099,0.0,-0.00234375,0.0,0.0,3.7256881329620866,1.7029882652166801,0.31768336401952496,annual_budget_mw,0.375
ppo-frozen,40002,1.102466882802867,0.9968304500989036,0.11005788619695336,0.13387080653219205,0.6376921732227911,0.0,-0.0037760416666666667,0.0,0.0,3.728920552861158,1.7141973007999733,0.37200628709728806,annual_budget_mw,0.375
ppo-frozen,40003,1.112439171024935,1.0064593608874277,0.11005902126916016,0.11836498841163617,0.5806734581868004,0.0,-0.023697916666666666,0.0,0.0,3.726841662369189,1.7762272577088793,0.3269139439599636,annual_budget_mw,0.375
ppo-frozen,40004,1.093854004825271,0.990237908829707,0.10932680673252711,0.12481642984949813,0.5800625504276391,0.0,-0.0011718750000000002,0.0,0.0,3.7283930207718696,1.6934417908354875,0.3425346850224215,annual_budget_mw,0.375
ppo-frozen,40005,1.0632634774908,0.9611179184649182,0.10632634774908001,0.13183395125589298,0.5873701724897842,0.0,0.0,0.0,0.0,3.725822452418727,1.7138404162506622,0.34272162502432013,annual_budget_mw,0.375
ppo-frozen,40006,1.1183408707053095,1.011278483921555,0.11176247248719764,0.1290118702273262,0.6084840677413113,0.0,-0.0014322916666666666,0.0,0.0,3.727877232835586,1.679933251567684,0.3622072883988008,annual_budget_mw,0.375
ppo-frozen,40007,1.0949362611259088,0.9896841398851566,0.10824362611259089,0.11962597306288736,0.5887298336736867,0.0,-0.024999999999999998,0.0,0.0,3.7246262308623193,1.7171592554983965,0.3428510382997708,annual_budget_mw,0.375
ppo-frozen,40008,1.0904916216782292,0.9876808326167175,0.10904265175115627,0.11558073136376312,0.5301946497429262,0.0,-0.00013020833333333333,0.0,0.0,3.72709155298928,1.7297485778605193,0.3065154419139399,annual_budget_mw,0.375
ppo-frozen,40009,1.0730997272103155,0.9713654703751787,0.10714721230436489,0.1174702164012785,0.5556105871308901,0.0,-0.0032552083333333335,0.0,0.0,3.729802975364162,1.6948031598552962,0.32783192779645787,annual_budget_mw,0.375
ppo-frozen,40010,1.075468206007795,0.975116447472249,0.1075468206007795,0.1072758955215788,0.4802476672081975,0.0,0.0,0.0,0.0,3.730063940965584,1.6902365396011763,0.2841304491745963,annual_budget_mw,0.375
ppo-frozen,40011,1.0700548129611318,0.9654600637955789,0.10700548129611318,0.12622558259929922,0.5702505204497843,0.0,0.0,0.0,0.0,3.7272138880631136,1.678801640559359,0.3396771284186873,annual_budget_mw,0.375
ppo-frozen,40012,1.1031633602210278,0.9984519962143682,0.11031633602210278,0.12607656743632442,0.5757516260599314,0.0,0.0,0.0,0.0,3.7266554884945005,1.7463834827713773,0.3296822443294399,annual_budget_mw,0.375
ppo-frozen,40013,1.0515596928915831,0.9510471123471973,0.10514294845582497,0.1187002054137481,0.5507224207042555,0.0,-0.00026041666666666666,0.0,0.0,3.7232145820095734,1.7051862828099262,0.322969065759042,annual_budget_mw,0.375
ppo-frozen,40014,1.055968923388821,0.9549022388981867,0.10464637150554879,0.109753410805443,0.5396569691195237,0.0,-0.01901041666666667,0.0,0.0,3.722074119457499,1.728561409488045,0.3122000561607794,annual_budget_mw,0.375
ppo-frozen,40015,1.1046297310667235,0.9980409210083125,0.10989656685667235,0.12718666579389648,0.6112403677978655,0.0,-0.011328125,0.0,0.0,3.7275146742246554,1.6927452666524596,0.36109412316162764,annual_budget_mw,0.375
ppo-frozen,40016,1.0616010822312303,0.9600450718234892,0.10615359780645636,0.12082012482155455,0.5571341934315633,0.0,-0.00013020833333333333,0.0,0.0,3.7298581374636153,1.63241778042326,0.3412938771636678,annual_budget_mw,0.375
ppo-frozen,40017,1.071516604217831,0.9692362558758346,0.10629879583844977,0.12343515824349736,0.6073250482978884,0.0,-0.01705729166666667,0.0,0.0,3.7288707483890433,1.6977529316400315,0.3577228682569328,annual_budget_mw,0.375
ppo-frozen,40018,1.1034609229973165,0.999283107687027,0.11018984229973164,0.12476003657256642,0.5901353157803578,0.0,-0.003125,0.0,0.0,3.728680842276275,1.7410743463740654,0.3389489466715563,annual_budget_mw,0.375
ppo-frozen,40019,1.089106236826366,0.9850666477641707,0.10882598826596994,0.12497694581240168,0.5865646081968471,0.0,-0.0016927083333333332,0.0,0.0,3.727891474914823,1.6839643336949917,0.3483236529777291,annual_budget_mw,0.375
ppo-frozen,40020,1.052443133162305,0.9504333910465548,0.10500342789956382,0.12729502834887257,0.6085936042414815,0.0,-0.0048177083333333336,0.0,0.0,3.722925975412651,1.7451096013359813,0.3487423390345043,annual_budget_mw,0.375
ppo-frozen,40021,1.092514396650623,0.9874095192043701,0.10878268966506233,0.12679454758462216,0.6107095281647725,0.0,-0.009375,0.0,0.0,3.722755267952851,1.7051451663990012,0.3581569125017638,annual_budget_mw,0.375
ppo-frozen,40022,1.0790329049103191,0.9765842264191908,0.10784469674103189,0.1172089636385904,0.544532467744938,0.0,-0.001171875,0.0,0.0,3.7272357675854195,1.7408016193480411,0.312805584331243,annual_budget_mw,0.375
ppo-frozen,40023,1.100072196880056,0.9958695751597328,0.1100072196880056,0.12798716813523736,0.5770854526706316,0.0,0.0,0.0,0.0,3.728203254373368,1.7194277918070933,0.33562645399846847,annual_budget_mw,0.375
ppo-frozen,40024,1.060679239558962,0.9602175875242658,0.10586610103922953,0.12051494828447595,0.5708228444217402,0.0,-0.004036458333333334,0.0,0.0,3.7248954218574175,1.7412180474479166,0.32782961631852414,annual_budget_mw,0.375
ppo-frozen,40025,1.0586792665636746,0.9595951828436369,0.10586792665636746,0.12233067527259506,0.5489055770897813,0.0,0.0,0.0,0.0,3.7260253121987854,1.727655437871894,0.31771704302677206,annual_budget_mw,0.375
ppo-frozen,40026,1.0779433892933366,0.9739676820435902,0.10779433892933366,0.1237484810089234,0.5637863974079637,0.0,0.0,0.0,0.0,3.7236723218546905,1.7180404197443047,0.32815665506395464,annual_budget_mw,0.375
ppo-frozen,40027,1.1032376396086727,0.9976390766154726,0.11025865979420062,0.1340580286363646,0.6309738258744915,0.0,-0.0013020833333333333,0.0,0.0,3.725059379145847,1.7397809388338368,0.3626742952462905,annual_budget_mw,0.375
ppo-frozen,40028,1.0704581432276805,0.9640766618377279,0.10565258515610139,0.12468077277958386,0.6120175287476822,0.0,-0.02786458333333333,0.0,0.0,3.7227695451686382,1.7128532607049998,0.35730879158660656,annual_budget_mw,0.375
ppo-frozen,40029,1.0962661495080364,0.9917255322121178,0.10962661495080364,0.1284176901029437,0.5705130711404987,0.0,0.0,0.0,0.0,3.7235547745051107,1.6973276145122835,0.33612430874426796,annual_budget_mw,0.375
ppo-frozen,40030,1.0779435164075197,0.9742944625366892,0.10750138289075198,0.13286924594086913,0.6322161883515227,0.0,-0.005859375,0.0,0.0,3.728975443040818,1.7028356564067542,0.3712725805176034,annual_budget_mw,0.375
ppo-frozen,40031,1.0554188722165954,0.9540485913342457,0.10552886638832619,0.12326117652689887,0.5698089385487187,0.0,-0.00026041666666666666,0.0,0.0,3.7254132414551435,1.6833341324455717,0.33850019884103,annual_budget_mw,0.375
ppo-frozen,40032,1.082708838118065,0.9800259442171546,0.10677348797847315,0.11916139806262831,0.5878080244157936,-0.00013020833333333333,-0.02981770833333333,0.0,0.0,3.7259289717389517,1.7275796099610994,0.34024945711707577,annual_budget_mw,0.375
ppo-frozen,40033,1.0657755648196836,0.9637122104279959,0.10657755648196836,0.11560188483500469,0.5284084911459213,0.0,0.0,0.0,0.0,3.725325742169282,1.6820128175619395,0.31415247590790896,annual_budget_mw,0.375
ppo-frozen,40034,1.107893945492272,1.002019418098891,0.1101058007992272,0.12195509351758353,0.5910492395835582,0.0,-0.013671875,0.0,0.0,3.7245098381286597,1.7421614422084366,0.33926203695239604,annual_budget_mw,0.375
ppo-frozen,40035,1.0751019302126488,0.9712424416970752,0.10679404718793155,0.13043785152983461,0.6383932987439402,0.0,-0.014322916666666666,0.0,0.0,3.7221254370438865,1.7062469649055763,0.3741505842205375,annual_budget_mw,0.375
ppo-frozen,40036,1.0373672112627352,0.938496851803714,0.10366510654294019,0.12080376611765163,0.5674159766885396,0.0,-0.0014322916666666666,0.0,0.0,3.726345771472208,1.7021285742730556,0.33335670716348287,annual_budget_mw,0.375
ppo-frozen,40037,1.0762370116646438,0.9713106003054011,0.10762370116646439,0.13369340219996498,0.6008451465669914,0.0,0.0,0.0,0.0,3.723185291706487,1.7476785730585442,0.34379613953581617,annual_budget_mw,0.375
ppo-frozen,40038,1.1107493100156443,1.0048735469849666,0.11101633725156443,0.13402864306311058,0.6283510978235317,0.0,-0.001171875,0.0,0.0,3.723904298250726,1.7743416550196263,0.35413196553545456,annual_budget_mw,0.375
ppo-frozen,40039,1.0751736859695042,0.9713817886380416,0.10738716026361708,0.1259850906258227,0.5958860351956246,0.0,-0.0026041666666666665,0.0,0.0,3.727784477811669,1.7194522393506033,0.34655573534317924,annual_budget_mw,0.375
ppo-frozen,40040,1.093818830256426,0.9906363248114073,0.1093818830256426,0.11141862556479307,0.5148267336936496,0.0,0.0,0.0,0.0,3.7248175083020056,1.7393378327405276,0.29599007392513316,annual_budget_mw,0.375
ppo-frozen,40041,1.086805835767322,0.9835968180663366,0.10776912524339888,0.12286685957958242,0.6030298394269775,0.0,-0.018229166666666668,0.0,0.0,3.725853223465719,1.7507881427667331,0.34443335815264453,annual_budget_mw,0.375
ppo-frozen,40042,1.0626784675835979,0.9601772613183951,0.10623529467502646,0.12012997817674533,0.5586369032088596,0.0,-0.0006510416666666666,0.0,0.0,3.7230180473480945,1.7384315512927775,0.32134535454872043,annual_budget_mw,0.375
ppo-frozen,40043,1.095004142594148,0.9907303875465179,0.10950041425941479,0.12236848280198552,0.537219958978138,0.0,0.0,0.0,0.0,3.7295053559626026,1.7071257132887636,0.3146926759970056,annual_budget_mw,0.375
ppo-frozen,40044,1.081276839580246,0.9766479986253447,0.10812768395802459,0.13115896844083688,0.6044375690364477,0.0,0.0,0.0,0.0,3.7235565768607994,1.6930283635931298,0.3570156188958608,annual_budget_mw,0.375
ppo-frozen,40045,1.0740501585570341,0.97386763790835,0.1073919950223701,0.10361608011135728,0.4778852182022629,0.0,-0.00026041666666666666,0.0,0.0,3.7312797243202667,1.6982353606101894,0.28140105269657967,annual_budget_mw,0.375
ppo-frozen,40046,1.1020952697303459,0.9976358607888995,0.11015744363970126,0.12403587720449859,0.5799354563179845,0.0,-0.0010416666666666667,0.0,0.0,3.7237986426034757,1.741412996767567,0.3330257999650101,annual_budget_mw,0.375
ppo-frozen,40047,1.0760008252714637,0.9736169521118117,0.10754799919381304,0.12349974706893907,0.5801164309419928,0.0,-0.0010416666666666667,0.0,0.0,3.728472025127102,1.733597335865572,0.3346315888587502,annual_budget_mw,0.375
ppo-frozen,40048,1.0942624193640378,0.989070074972082,0.10913978360307044,0.12341744569653175,0.589805679091066,0.0,-0.005729166666666666,0.0,0.0,3.723794635282466,1.7233000662299345,0.34225361598307397,annual_budget_mw,0.375
ppo-frozen,40049,1.094730726337973,0.9919080477498409,0.10947307263379731,0.12418642537876746,0.555028757825311,0.0,0.0,0.0,0.0,3.725709300110812,1.728075473261745,0.3211831696087286,annual_budget_mw,0.375
rolling-lp,40000,1.066739342096906,0.9673466832635733,0.1066739342096906,0.11781672863925052,0.5402021983283357,0.0,0.0,0.0,0.0,1.5277477909932677,0.9786708075687989,0.5519753875874758,annual_budget_mw,0.375
rolling-lp,40001,1.0418946560823166,0.945033002681817,0.10407227810823168,0.10692138165911062,0.5048261691608587,0.0,-0.00234375,0.0,0.0,1.5987020337226494,0.9931549567313113,0.5083055425936264,annual_budget_mw,0.375
rolling-lp,40002,1.0450270380912667,0.944876933981528,0.10431390172579333,0.12683694848723914,0.604186464704123,0.0,-0.0037760416666666667,0.0,0.0,1.7465562599733293,1.003811390023572,0.6018924179470958,annual_budget_mw,0.375
rolling-lp,40003,1.0812403413514071,0.9784857672451754,0.10701726330180736,0.11765188075453693,0.5771751036914047,0.0,-0.022135416666666664,0.0,0.0,1.6835305661557565,1.040464387715966,0.554728360245393,annual_budget_mw,0.375
rolling-lp,40004,1.0600931121924657,0.9600305491953397,0.10595071746924659,0.12047138817129606,0.5598697283719902,0.0,-0.0011718750000000002,0.0,0.0,1.6484226177306458,1.0012877442656165,0.559149686569489,annual_budget_mw,0.375
rolling-lp,40005,1.032292122650961,0.9332645431064078,0.1032292122650961,0.12280424593930274,0.5471394161572006,0.0,0.0,0.0,0.0,1.6114129930106447,0.9612667667324214,0.5691858234286618,annual_budget_mw,0.375
rolling-lp,40006,1.0832616625545335,0.9791005502905267,0.10825455167212002,0.12291640010523223,0.5797348026686332,0.0,-0.0014322916666666666,0.0,0.0,1.7654609081229058,0.9885145306469307,0.5864706938493127,annual_budget_mw,0.375
rolling-lp,40007,1.0629106187460682,0.9613922456291667,0.1051582493746068,0.11201342657679066,0.5512652838619424,0.0,-0.02265625,0.0,0.0,1.7159636190129992,1.0444503574706139,0.5278041985613974,annual_budget_mw,0.375
rolling-lp,40008,1.061576562656631,0.9621628469164878,0.10615114584899643,0.11195237769400371,0.5135505804384412,0.0,-0.00013020833333333333,0.0,0.0,1.5402424909029708,0.9824729388995681,0.5227121889114323,annual_budget_mw,0.375
rolling-lp,40009,1.0325729138301536,0.9336700079135817,0.10309453096634869,0.11467067208073521,0.5423693034141516,0.0,-0.0032552083333333335,0.0,0.0,1.7207899113414606,1.0085906630604937,0.5377496771270637,annual_budget_mw,0.375
rolling-lp,40010,1.03261942372086,0.9366547742143567,0.103261942372086,0.10449343500270829,0.46779127924900604,0.0,0.0,0.0,0.0,1.6275556672333316,0.9645681530786935,0.4849748333032945,annual_budget_mw,0.375
rolling-lp,40011,1.0392362741035086,0.9377942308761951,0.10392362741035086,0.11953925721716227,0.5400436443907202,0.0,0.0,0.0,0.0,1.6876163017121815,0.9859235961516988,0.5477540516310216,annual_budget_mw,0.375
rolling-lp,40012,1.0934422821624186,0.990745044074368,0.10934422821624186,0.12335155839461602,0.5633073755644218,0.0,0.0,0.0,0.0,1.492239987932141,0.9913382230481769,0.5682292505905386,annual_budget_mw,0.375
rolling-lp,40013,1.0203196326618675,0.9238323802063249,0.10201894243285341,0.11310924264005727,0.5247825451828794,0.0,-0.00026041666666666666,0.0,0.0,1.6419922128465856,0.9800868201901232,0.5354449568876753,annual_budget_mw,0.375
rolling-lp,40014,1.024879852693608,0.926652034796158,0.10161558943602747,0.10288647405821136,0.5058922756585098,0.0,-0.017447916666666667,0.0,0.0,1.7030089239322976,1.0295993289389866,0.4913486843273658,annual_budget_mw,0.375
rolling-lp,40015,1.0851317963363207,0.9823185097706423,0.10795979421696542,0.12297204704415193,0.5909855313443632,0.0,-0.011067708333333332,0.0,0.0,1.6443579882769257,1.0399917444828057,0.5682598294453423,annual_budget_mw,0.375
rolling-lp,40016,1.021233648746298,0.9239854921883375,0.10211685445796315,0.11440395379721129,0.527547497722996,0.0,-0.00013020833333333333,0.0,0.0,1.6820996313215695,0.9843794572757637,0.5359188408735851,annual_budget_mw,0.375
rolling-lp,40017,1.0370210450982225,0.9376565311487604,0.10287528159315555,0.11920162226924719,0.5864952257690402,0.0,-0.016536458333333334,0.0,0.0,1.7006019128777565,1.0314134450347914,0.5686325193766082,annual_budget_mw,0.375
rolling-lp,40018,1.0766066626943547,0.975554854597999,0.10750441626943548,0.12178432696962116,0.5760597241530395,0.0,-0.003125,0.0,0.0,1.558193876272802,0.9961080426211117,0.5783104839081744,annual_budget_mw,0.375
rolling-lp,40019,1.0555096010378457,0.9536483460846935,0.10546632468711789,0.12379598482297914,0.5810219065765323,0.0,-0.0016927083333333332,0.0,0.0,1.713654590828389,1.0054446855078625,0.5778755559119108,annual_budget_mw,0.375
rolling-lp,40020,0.9955039811067294,0.8987967220584618,0.09930951269400629,0.12048399996050686,0.5760302875964189,0.0,-0.0048177083333333336,0.0,0.0,1.7582603535891126,1.0111114988297412,0.5697000659799789,annual_budget_mw,0.375
rolling-lp,40021,1.0624759397120171,0.9614215682664655,0.10577884397120171,0.12043195032683839,0.5800638983390081,0.0,-0.009375,0.0,0.0,1.66731655840722,1.020557691849389,0.5683793311947447,annual_budget_mw,0.375
rolling-lp,40022,1.0531626512315038,0.9533067313448179,0.10525767137315038,0.11375764262332755,0.528498230336134,0.0,-0.001171875,0.0,0.0,1.652294239851086,0.99199013394741,0.5327656115218502,annual_budget_mw,0.375
rolling-lp,40023,1.0781951005960426,0.9765221427998519,0.10781951005960426,0.12702263242739167,0.5727364266417804,0.0,0.0,0.0,0.0,1.4990863141594444,0.9753436625600937,0.5872149977767374,annual_budget_mw,0.375
rolling-lp,40024,1.0433042077795107,0.9448186855277558,0.10412859786128441,0.11915368758707161,0.5643751902978911,0.0,-0.004036458333333334,0.0,0.0,1.6126808811219577,0.9972538699801006,0.5659293057535618,annual_budget_mw,0.375
rolling-lp,40025,1.0381343322273555,0.9412502487146404,0.10381343322273555,0.11935241212163418,0.5355419195283353,0.0,0.0,0.0,0.0,1.5523183837586192,0.9643824586226798,0.5553210914818901,annual_budget_mw,0.375
rolling-lp,40026,1.0411979396534954,0.9409990465577918,0.10411979396534954,0.12065645533540015,0.5496994203319145,0.0,0.0,0.0,0.0,1.7282938801301075,0.9761918988637341,0.5631059026117227,annual_budget_mw,0.375
rolling-lp,40027,1.0560089494378135,0.9555940870493778,0.10553579077711468,0.12262721786943284,0.5771721813491758,0.0,-0.0013020833333333333,0.0,0.0,1.6514767890966338,1.0004828787001547,0.5768936117118248,annual_budget_mw,0.375
rolling-lp,40028,1.0315654255511244,0.928765033372398,0.10180237588844576,0.12275318878238874,0.6025556432611165,0.0,-0.027083333333333334,0.0,0.0,1.8858744961777365,1.0334667903239791,0.5830430633114226,annual_budget_mw,0.375
rolling-lp,40029,1.0702590582380362,0.969081670853649,0.10702590582380363,0.122728747483734,0.5452391690587401,0.0,0.0,0.0,0.0,1.5153866267277794,0.9396633710350002,0.5802494657828173,annual_budget_mw,0.375
rolling-lp,40030,1.0395387506630587,0.9396270177138153,0.10366090631630587,0.12482147065026673,0.5939234007097648,0.0,-0.005859375,0.0,0.0,1.8436017891045897,1.0160695225156384,0.5845302782424749,annual_budget_mw,0.375
rolling-lp,40031,1.0302885733217366,0.9313916726684535,0.10301583649884032,0.11970265375964673,0.553358681152653,0.0,-0.00026041666666666666,0.0,0.0,1.6896830796460764,0.9927752827551881,0.5573856347601148,annual_budget_mw,0.375
rolling-lp,40032,1.0524691150886485,0.9532022848009066,0.1038146198421982,0.11452771894310364,0.5649506745247409,-0.00013020833333333333,-0.028515625,0.0,0.0,1.6899640828856,1.0509159383517284,0.5375793190564963,annual_budget_mw,0.375
rolling-lp,40033,1.018907598479072,0.9217306628557441,0.10189075984790721,0.10774803673930781,0.49250907628897767,0.0,0.0,0.0,0.0,1.6489221339372095,0.9727959622052249,0.5062819906987607,annual_budget_mw,0.375
rolling-lp,40034,1.092196869809728,0.9887867830050459,0.10854911406430615,0.11990623617474219,0.5811195553073785,0.0,-0.013411458333333333,0.0,0.0,1.5931985407627176,1.0383506387762447,0.5596563758002412,annual_budget_mw,0.375
rolling-lp,40035,1.0303571482020395,0.9328318983845831,0.10235863148687063,0.11533061101246855,0.5644549365608318,0.0,-0.013541666666666665,0.0,0.0,1.7059516658872065,1.0321153700709305,0.5468913194481743,annual_budget_mw,0.375
rolling-lp,40036,1.0139072061233825,0.9165769736256539,0.10131910602900492,0.12041116961738099,0.5655719486933476,0.0,-0.0014322916666666666,0.0,0.0,1.6845724738348735,0.9983119224242019,0.566528292399803,annual_budget_mw,0.375
rolling-lp,40037,1.0498076009569142,0.9475874284549336,0.10498076009569142,0.12287118119964718,0.5522079000303929,0.0,0.0,0.0,0.0,1.6280278819674945,0.9922252978473787,0.5565347922779247,annual_budget_mw,0.375
rolling-lp,40038,1.0671166100248546,0.9645431569873024,0.10665306725248544,0.1294612266495674,0.6069382038922272,0.0,-0.001171875,0.0,0.0,1.5849640674582282,1.0070086430570948,0.602713996624372,annual_budget_mw,0.375
rolling-lp,40039,1.066156190772862,0.9646510318756971,0.10648541074395287,0.12245292844381608,0.5791795653439258,0.0,-0.0026041666666666665,0.0,0.0,1.6213377385214578,1.007006284724815,0.5751499013754402,annual_budget_mw,0.375
rolling-lp,40040,1.056076767044727,0.9574249312934784,0.10560767670447271,0.10629197648491547,0.4911382705914721,0.0,0.0,0.0,0.0,1.545184808497613,0.9665172329590408,0.5081526266094891,annual_budget_mw,0.375
rolling-lp,40041,1.058319637569725,0.9581967245626816,0.10495956792363917,0.1181952029063392,0.5801013753711423,0.0,-0.017447916666666667,0.0,0.0,1.6512462831971708,1.0286078468729931,0.5639674800602313,annual_budget_mw,0.375
rolling-lp,40042,1.0364230927275442,0.9366037776072327,0.10360975718942109,0.11736633926299445,0.5457852344763987,0.0,-0.0006510416666666666,0.0,0.0,1.6868671572506753,0.9951343220620441,0.5484538341974405,annual_budget_mw,0.375
rolling-lp,40043,1.065550177027904,0.9646069711447051,0.10655501770279041,0.12037648138011867,0.5284747094037734,0.0,0.0,0.0,0.0,1.5200688847602921,0.9264887589533322,0.5704059593780706,annual_budget_mw,0.375
rolling-lp,40044,1.0714128628025406,0.9693137317280505,0.10714128628025406,0.1258756632621352,0.5800898010061387,0.0,0.0,0.0,0.0,1.5237976979198953,0.9776122425479994,0.5933741168116121,annual_budget_mw,0.375
rolling-lp,40045,1.0564630056829298,0.9587077168542163,0.10563327973495966,0.09982136874580275,0.4603837216488928,0.0,-0.00026041666666666666,0.0,0.0,1.6553597285179729,0.9699176777136209,0.47466267728427386,annual_budget_mw,0.375
rolling-lp,40046,1.0730259416655745,0.9719090539908403,0.10725051083322412,0.12271763149082505,0.5737719377721523,0.0,-0.0010416666666666667,0.0,0.0,1.5229737434931123,0.9918483216305657,0.578487582485284,annual_budget_mw,0.375
rolling-lp,40047,1.037850402420543,0.9388175204304109,0.10373295690872097,0.11750850352256469,0.5519737107703732,0.0,-0.0010416666666666667,0.0,0.0,1.6260944997559528,0.9976182838229583,0.5532914940724251,annual_budget_mw,0.375
rolling-lp,40048,1.075041580278653,0.973001533195242,0.10721769969453196,0.12059795959225725,0.5763314987834584,0.0,-0.005729166666666666,0.0,0.0,1.6930428271704898,1.0089952428953803,0.5711934747379344,annual_budget_mw,0.375
rolling-lp,40049,1.0700931305095909,0.9701186146982387,0.10700931305095909,0.12049881937752979,0.5385476700415729,0.0,0.0,0.0,0.0,1.4996861864736517,0.960237159800318,0.5608486034362222,annual_budget_mw,0.375
ppo-retrained,40000,1.0880596235669704,0.9851272394377508,0.10880596235669704,0.1228704576061983,0.563374081720719,0.0,0.0,0.0,0.0,3.7395815061808078,1.7397647141032082,0.32382199567205266,annual_budget_mw,0.375
ppo-retrained,40001,1.0600119529925565,0.9608823294443248,0.10588400779925564,0.11458528009858966,0.5410110409798099,0.0,-0.00234375,0.0,0.0,3.7409199736314296,1.7308901145871514,0.31256232641252957,annual_budget_mw,0.375
ppo-retrained,40002,1.1105795498458857,1.0046576188554848,0.11086915290125524,0.13387080653219205,0.6376921732227911,0.0,-0.0037760416666666667,0.0,0.0,3.738276540914289,1.7839396824595013,0.35746285566315267,annual_budget_mw,0.375
ppo-retrained,40003,1.0976432511376506,0.9921879424751344,0.10857942928043171,0.11836498841163617,0.5806734581868004,0.0,-0.023697916666666666,0.0,0.0,3.740248233710702,1.7751419025752448,0.3271138252916019,annual_budget_mw,0.375
ppo-retrained,40004,1.0993532452584915,0.9955482070444952,0.10987673077584914,0.12481642984949813,0.5800625504276391,0.0,-0.0011718750000000002,0.0,0.0,3.7387705284179082,1.7275311432519191,0.33577545197577424,annual_budget_mw,0.375
ppo-retrained,40005,1.0798793065705024,0.9773959526827823,0.10798793065705023,0.13183395125589298,0.5873701724897842,0.0,0.0,0.0,0.0,3.7333431824618426,1.7689604544330149,0.33204256828796513,annual_budget_mw,0.375
ppo-retrained,40006,1.1156213953582204,1.0087138820811379,0.1114905249524887,0.1290118702273262,0.6084840677413113,0.0,-0.0014322916666666666,0.0,0.0,3.740451487234848,1.759180727523486,0.3458905945371026,annual_budget_mw,0.375
ppo-retrained,40007,1.0895384239104473,0.9844292894486665,0.10770384239104473,0.11983195242464294,0.5897435449295426,0.0,-0.024999999999999998,0.0,0.0,3.737586262692613,1.7539652701616641,0.33623444828824095,annual_budget_mw,0.375
ppo-retrained,40008,1.0871351758536827,0.9843641154600238,0.1087070071687016,0.11563227511662935,0.5304310924585492,0.0,-0.00013020833333333333,0.0,0.0,3.7383842773883895,1.7784695165836608,0.29825143895492645,annual_budget_mw,0.375
ppo-retrained,40009,1.0623978220602524,0.9609838366797441,0.10607702178935856,0.11755020769113975,0.5559889299048009,0.0,-0.0032552083333333335,0.0,0.0,3.7395830689318417,1.7317868132189627,0.32104929178398994,annual_budget_mw,0.375
ppo-retrained,40010,1.0756057886879768,0.9751902411611628,0.10756057886879769,0.1072758955215788,0.4802476672081975,0.0,0.0,0.0,0.0,3.7378096153386515,1.762433628100276,0.27249120735732646,annual_budget_mw,0.375
ppo-retrained,40011,1.0601903909473478,0.9558994672351667,0.10601903909473478,0.12622558259929922,0.5702505204497843,0.0,0.0,0.0,0.0,3.7389224886414434,1.7134282979677782,0.33281259631706406,annual_budget_mw,0.375
ppo-retrained,40012,1.089254283622611,0.9849618045758272,0.10892542836226109,0.12607656743632442,0.5757516260599314,0.0,0.0,0.0,0.0,3.7383352100799474,1.8092091767435194,0.31823386342548504,annual_budget_mw,0.375
ppo-retrained,40013,1.0506920360469756,0.9502824205137163,0.10505618277136422,0.11871941683026471,0.5508115541457042,0.0,-0.00026041666666666666,0.0,0.0,3.735043104646064,1.7155494314495405,0.32107005723542464,annual_budget_mw,0.375
ppo-retrained,40014,1.0499020097072103,0.9489614476459578,0.10403968013738771,0.109753410805443,0.5396569691195237,0.0,-0.01901041666666667,0.0,0.0,3.736227435218295,1.76460523613703,0.3058230577967166,annual_budget_mw,0.375
ppo-retrained,40015,1.0938394010425143,0.987569775246275,0.10881753385425146,0.12718666579389648,0.6112403677978655,0.0,-0.011328125,0.0,0.0,3.7405149301189344,1.7572866680643733,0.3478319040974335,annual_budget_mw,0.375
ppo-retrained,40016,1.071204864000757,0.9692394923197937,0.10711397598340903,0.12082012482155455,0.5571341934315633,0.0,-0.00013020833333333333,0.0,0.0,3.7383008971707716,1.676318256387469,0.33235585862568195,annual_budget_mw,0.375
ppo-retrained,40017,1.0643740026416773,0.9624140673637471,0.1055845356808344,0.12343515824349736,0.6073250482978884,0.0,-0.01705729166666667,0.0,0.0,3.7385593874748806,1.7347721175345607,0.3500892377501502,annual_budget_mw,0.375
ppo-retrained,40018,1.092478101204178,0.9885775281344928,0.1090915601204178,0.12476003657256642,0.5901353157803578,0.0,-0.003125,0.0,0.0,3.7393026445848596,1.7545308332600444,0.33634935596078636,annual_budget_mw,0.375
ppo-retrained,40019,1.0810633817823427,0.9772436729307319,0.10802170276156761,0.12497694581240168,0.5865646081968471,0.0,-0.0016927083333333332,0.0,0.0,3.739464717577746,1.7268516102843987,0.33967285011839815,annual_budget_mw,0.375
ppo-retrained,40020,1.040413423919158,0.9388680588209276,0.10380045697524913,0.12729502834887257,0.6085936042414815,0.0,-0.0048177083333333336,0.0,0.0,3.7365791309855183,1.736944963406022,0.3503816281248624,annual_budget_mw,0.375
ppo-retrained,40021,1.0923825558268718,0.9873154350131124,0.10876950558268716,0.12679454758462216,0.6107095281647725,0.0,-0.009375,0.0,0.0,3.737484128385858,1.7462325133504226,0.34972978884297024,annual_budget_mw,0.375
ppo-retrained,40022,1.0901118126672926,0.9873918508571544,0.10895258751672925,0.1172089636385904,0.544532467744938,0.0,-0.001171875,0.0,0.0,3.740668253800086,1.7405076197136589,0.31285842220818444,annual_budget_mw,0.375
ppo-retrained,40023,1.0966473872834306,0.9924826992392565,0.10966473872834306,0.12798716813523736,0.5770854526706316,0.0,0.0,0.0,0.0,3.7362389077092204,1.7436660823954675,0.33096098989195527,annual_budget_mw,0.375
ppo-retrained,40024,1.0625547751612643,0.9620115990413134,0.10605365459945977,0.12051494828447595,0.5708228444217402,0.0,-0.004036458333333334,0.0,0.0,3.7358564911078576,1.7740681778146912,0.32175924891730123,annual_budget_mw,0.375
ppo-retrained,40025,1.062523604230693,0.9632726379373574,0.10625236042306929,0.12233067527259506,0.5489055770897813,0.0,0.0,0.0,0.0,3.7382104373414142,1.7491938917278012,0.313804878741938,annual_budget_mw,0.375
ppo-retrained,40026,1.0637838044541619,0.9601993825872214,0.10637838044541618,0.1237484810089234,0.5637863974079637,0.0,0.0,0.0,0.0,3.739293811655143,1.7936347332850282,0.314326204185059,annual_budget_mw,0.375
ppo-retrained,40027,1.1018492122389905,0.9962959562969665,0.1101198170572324,0.1340580286363646,0.6309738258744915,0.0,-0.0013020833333333333,0.0,0.0,3.7380990033984878,1.7515334467680554,0.36024080901153777,annual_budget_mw,0.375
ppo-retrained,40028,1.0627240560546534,0.9565136518378375,0.10487917643879865,0.12468077277958386,0.6120175287476822,0.0,-0.02786458333333333,0.0,0.0,3.734565156094607,1.7335995942101379,0.3530328057249745,annual_budget_mw,0.375
ppo-retrained,40029,1.1089096429944092,1.004062449216916,0.11089096429944093,0.1284176901029437,0.5705130711404987,0.0,0.0,0.0,0.0,3.735880770728901,1.756149892421229,0.32486581789093416,annual_budget_mw,0.375
ppo-retrained,40030,1.0641518980424447,0.9610945540825955,0.10612222105424447,0.13286924594086913,0.6322161883515227,0.0,-0.005859375,0.0,0.0,3.7402136796328254,1.7065600775490901,0.3704623099231833,annual_budget_mw,0.375
ppo-retrained,40031,1.0526859205057815,0.9512309718855925,0.1052555712172448,0.12326117652689887,0.5698089385487187,0.0,-0.00026041666666666666,0.0,0.0,3.735547814553449,1.7410782678975023,0.32727359192002936,annual_budget_mw,0.375
ppo-retrained,40032,1.0769001828840494,0.9744701063477099,0.10619262245507159,0.11916139806262831,0.5878080244157936,-0.00013020833333333333,-0.02981770833333333,0.0,0.0,3.737120593698337,1.7541541975662762,0.3350948424211064,annual_budget_mw,0.375
ppo-retrained,40033,1.0723711659980915,0.9701761994426232,0.10723711659980914,0.11573696274871853,0.5290259232636981,0.0,0.0,0.0,0.0,3.7373322794355577,1.719218730052249,0.3077129826567329,annual_budget_mw,0.375
ppo-retrained,40034,1.0934764701172592,0.9880143316877057,0.10866405326172593,0.12195509351758353,0.5910492395835582,0.0,-0.013671875,0.0,0.0,3.7400622746544503,1.7609008919632803,0.3356516214405343,annual_budget_mw,0.375
ppo-retrained,40035,1.091780698660215,0.9873400764829816,0.10846192403268815,0.13083229381426242,0.640323791374466,0.0,-0.014322916666666666,0.0,0.0,3.738378530990022,1.794663774950692,0.35679317781519204,annual_budget_mw,0.375
ppo-retrained,40036,1.0395458543306262,0.9405894864958678,0.10388297084972928,0.12080376611765163,0.5674159766885396,0.0,-0.0014322916666666666,0.0,0.0,3.7387176551252974,1.7553445268555863,0.32325048901082276,annual_budget_mw,0.375
ppo-retrained,40037,1.0762715471572808,0.9714560468454427,0.10762715471572808,0.13369340219996498,0.6008451465669914,0.0,0.0,0.0,0.0,3.737876119013808,1.7509181864120436,0.3431600352488397,annual_budget_mw,0.375
ppo-retrained,40038,1.1008146864546078,0.9952364552401843,0.11002287489546078,0.13402864306311058,0.6283510978235317,0.0,-0.001171875,0.0,0.0,3.7319304576679437,1.7464687810709185,0.35978375601894963,annual_budget_mw,0.375
ppo-retrained,40039,1.070858473319815,0.9671369336885931,0.10695563899864816,0.1259850906258227,0.5958860351956246,0.0,-0.0026041666666666665,0.0,0.0,3.7381119514072605,1.7463804963157723,0.3412120305126674,annual_budget_mw,0.375
ppo-retrained,40040,1.0870947896761243,0.9841739710108947,0.10870947896761243,0.11142811291783292,0.5148705714537382,0.0,0.0,0.0,0.0,3.738880678577719,1.7438815475092488,0.2952440044962443,annual_budget_mw,0.375
ppo-retrained,40041,1.0887365002023848,0.9855207508141905,0.10796219168690513,0.12286685957958242,0.6030298394269775,0.0,-0.018229166666666668,0.0,0.0,3.7397526468722075,1.7590883099202037,0.3428081671774241,annual_budget_mw,0.375
ppo-retrained,40042,1.0562036730449151,0.953893029570988,0.10558781522115819,0.12012997817674533,0.5586369032088596,0.0,-0.0006510416666666666,0.0,0.0,3.737931434712796,1.7260459035605882,0.323651243606251,annual_budget_mw,0.375
ppo-retrained,40043,1.09778559675355,0.9934679233553698,0.10977855967535499,0.12236848280198552,0.537219958978138,0.0,0.0,0.0,0.0,3.7405831045660523,1.703285437543622,0.3154021910460792,annual_budget_mw,0.375
ppo-retrained,40044,1.103725968639945,0.9983422828239146,0.1103725968639945,0.13115896844083688,0.6044375690364477,0.0,0.0,0.0,0.0,3.7374916683965194,1.732617403122596,0.3488580733098403,annual_budget_mw,0.375
ppo-retrained,40045,1.0674834677070295,0.9675382494289048,0.1067353259373696,0.10360925039875794,0.47785371904988916,0.0,-0.00026041666666666666,0.0,0.0,3.738771727481849,1.6953975991349537,0.28185348339156874,annual_budget_mw,0.375
ppo-retrained,40046,1.0945626986580337,0.9903716381590055,0.10940418653247004,0.12403587720449859,0.5799354563179845,0.0,-0.0010416666666666667,0.0,0.0,3.737294048297021,1.7787196171319288,0.32604096268589716,annual_budget_mw,0.375
ppo-retrained,40047,1.063162050621952,0.9611960108610149,0.10626412172886186,0.12349974706893907,0.5801164309419928,0.0,-0.0010416666666666667,0.0,0.0,3.737313549993373,1.746588592995411,0.3321425739687726,annual_budget_mw,0.375
ppo-retrained,40048,1.0928023869754795,0.9876662368703375,0.10899378036421463,0.12341744569653175,0.589805679091066,0.0,-0.005729166666666666,0.0,0.0,3.738059386944423,1.716691248831102,0.3435712039032445,annual_budget_mw,0.375
ppo-retrained,40049,1.0952158661601996,0.9924264543019191,0.10952158661601996,0.12418642537876746,0.555028757825311,0.0,0.0,0.0,0.0,3.7372406003106518,1.7854472829551105,0.31086258503621444,annual_budget_mw,0.375
ppo-frozen,40000,1.1124736795947254,0.999655014214348,0.09892965962613923,0.1228704576061983,0.563374081720719,0.0,-0.2463541666666667,0.0,0.0,2.4900347669656107,1.421082977098079,0.3964399621978137,impedance_scale,1.0
ppo-frozen,40001,1.05620402396786,0.9500172619144911,0.09502795448011934,0.11458528009858966,0.5410110409798099,0.0,-0.21184895833333334,0.0,0.0,2.4903652608857447,1.3806280579300394,0.39185864568835566,impedance_scale,1.0
ppo-frozen,40002,1.0983131441615166,0.9855990113744552,0.099160741499485,0.13387080653219205,0.6376921732227911,0.0,-0.21341145833333336,0.0,0.0,2.4903094180747467,1.3785109633899488,0.4625949231877112,impedance_scale,1.0
ppo-frozen,40003,1.0722156679579098,0.9632495069021769,0.09772286887912432,0.11836498841163617,0.5806734581868004,0.0,-0.18997395833333325,0.0,0.0,2.489994331010117,1.4323075932803637,0.40541114276780754,impedance_scale,1.0
ppo-frozen,40004,1.075900387391664,0.9662750078435517,0.09689342415583307,0.12481642984949813,0.5800625504276391,0.0,-0.21393229166666666,0.0,0.0,2.490343747299983,1.4015713254283777,0.4138658803185405,impedance_scale,1.0
ppo-frozen,40005,1.0822562925733574,0.9700161346675109,0.09575818134066907,0.13155150291892928,0.5861117581980074,0.0,-0.24934895833333331,0.0,0.0,2.489138740267982,1.4141397805616376,0.414465222076723,impedance_scale,1.0
ppo-frozen,40006,1.1096647144327714,0.9952427722794288,0.09993131519327712,0.1290118702273262,0.6084840677413113,0.0,-0.22070312499999994,0.0,0.0,2.490149773804557,1.3576865577278405,0.44817713210598564,impedance_scale,1.0
ppo-frozen,40007,1.0527410576093372,0.9457101996439157,0.0963353036776004,0.11780278068190105,0.5797571355235205,0.0,-0.1787760416666666,0.0,0.0,2.487486597501788,1.3913768813002367,0.4166787182648453,impedance_scale,1.0
ppo-frozen,40008,1.0823743014791112,0.9728540797566517,0.09687024264791111,0.11523412758209543,0.5286047007224228,0.0,-0.22734375000000007,0.0,0.0,2.49137839780775,1.4021266902645453,0.3770020957397856,impedance_scale,1.0
ppo-frozen,40009,1.0734112193500036,0.9645255040395571,0.09627992401833371,0.11678574803677445,0.5523731889075352,0.0,-0.2212239583333333,0.0,0.0,2.4929244678520845,1.3783419454510617,0.40075192569632734,impedance_scale,1.0
ppo-frozen,40010,1.0808573478252206,0.9718959007899195,0.09601542228252205,0.1072758955215788,0.4802476672081975,0.0,-0.24140625000000004,0.0,0.0,2.491858026235442,1.3672401574300306,0.351253336583463,impedance_scale,1.0
ppo-frozen,40011,1.0611639464033993,0.9491791185601398,0.09489243630700658,0.12622558259929922,0.5702505204497843,0.0,-0.22447916666666662,0.0,0.0,2.49188054382067,1.3508758342160627,0.42213392675035216,impedance_scale,1.0
ppo-frozen,40012,1.1152411639224802,1.0013950741077802,0.09958401222558136,0.12607656743632442,0.5757516260599314,0.0,-0.23880208333333336,0.0,0.0,2.4886694509150917,1.4014738309508095,0.4108186776982636,impedance_scale,1.0
ppo-frozen,40013,1.0185476656932717,0.913707724464887,0.09202403740266049,0.11803791475119277,0.5476496516587349,0.0,-0.19661458333333343,0.0,0.0,2.492588477716838,1.3479290981197425,0.4062896575366346,impedance_scale,1.0
ppo-frozen,40014,1.0137280091450398,0.9109619877545565,0.09267488424783729,0.10866852379310975,0.5343225851344032,0.0,-0.1739583333333335,0.0,0.0,2.4922964221527626,1.369133042664439,0.39026345028863674,impedance_scale,1.0
ppo-frozen,40015,1.082231006790901,0.971335513837497,0.0983598194290901,0.12718666579389648,0.6112403677978655,0.0,-0.1972656249999999,0.0,0.0,2.4882359629702635,1.406614706606756,0.43454711864373285,impedance_scale,1.0
ppo-frozen,40016,1.0611841749467286,0.9522197703958614,0.09548690707800617,0.12060953109674706,0.5561630889472262,0.0,-0.21263020833333357,0.0,0.0,2.49157299970069,1.341035132586007,0.4147267103097739,impedance_scale,1.0
ppo-frozen,40017,1.063622935847876,0.9562403538654918,0.09604979358478759,0.12343515824349736,0.6073250482978884,0.0,-0.20625,0.0,0.0,2.488919258632431,1.4038943144677227,0.4326002620276667,impedance_scale,1.0
ppo-frozen,40018,1.111978618932853,0.9996184534655048,0.09900385147661867,0.12476003657256642,0.5901353157803578,0.0,-0.2438802083333333,0.0,0.0,2.489507149973365,1.4185484968496769,0.4160134934342638,impedance_scale,1.0
ppo-frozen,40019,1.0761286006812583,0.9659202970101877,0.09718317256812584,0.12497694581240168,0.5865646081968471,0.0,-0.2085937499999999,0.0,0.0,2.491199069210668,1.3668087672513272,0.42914899454181676,impedance_scale,1.0
ppo-frozen,40020,1.0214051961860238,0.9151517029506276,0.09248557170193569,0.12729502834887257,0.6085936042414815,0.0,-0.19309895833333335,0.0,0.0,2.490871582078037,1.3805447036188156,0.4408358546059231,impedance_scale,1.0
ppo-frozen,40021,1.0516510390866225,0.9433186050412806,0.09558177057532893,0.12679454758462216,0.6107095281647725,0.0,-0.1916666666666667,0.0,0.0,2.4895693807328736,1.3959264267632063,0.4374940659163897,impedance_scale,1.0
ppo-frozen,40022,1.1033305584009232,0.991147305896535,0.09827576417342562,0.1172089636385904,0.544532467744938,0.0,-0.24114583333333345,0.0,0.0,2.4888661983031257,1.4246324790015934,0.3822266274081829,impedance_scale,1.0
ppo-frozen,40023,1.1232956894911068,1.0091917130030508,0.09998581894911067,0.12798716813523736,0.5770854526706316,0.0,-0.246875,0.0,0.0,2.489227489577692,1.393765452886832,0.4140477520628348,impedance_scale,1.0
ppo-frozen,40024,1.04642941555197,0.9396187297994439,0.094349972805197,0.12051494828447595,0.5708228444217402,0.0,-0.20585937500000007,0.0,0.0,2.490267813419664,1.409662466845018,0.40493583240483483,impedance_scale,1.0
ppo-frozen,40025,1.0809152327089198,0.971737578367589,0.09564360660422533,0.12233067527259506,0.5489055770897813,0.0,-0.24895833333333323,0.0,0.0,2.4881334169395295,1.439936235667222,0.38120130842838007,impedance_scale,1.0
ppo-frozen,40026,1.0958780371657597,0.9820113746564489,0.09736775163324263,0.1237484810089234,0.5637863974079637,0.0,-0.24440104166666665,0.0,0.0,2.488261658839891,1.402738908952612,0.4019182713260075,impedance_scale,1.0
ppo-frozen,40027,1.1103795135301997,0.9973825865976053,0.0999767534363533,0.1340580286363646,0.6309738258744915,0.0,-0.22122395833333336,0.0,0.0,2.4899880700707744,1.4048528213843532,0.44913873985228203,impedance_scale,1.0
ppo-frozen,40028,1.0395918612035384,0.9309740659585034,0.09504642570368718,0.12468077277958386,0.6120175287476822,0.0,-0.17825520833333336,0.0,0.0,2.489596823257516,1.3839551875596574,0.44222351579667774,impedance_scale,1.0
ppo-frozen,40029,1.1159641522203265,1.0012938591368503,0.09932427980536598,0.1284176901029437,0.5705130711404987,0.0,-0.24544270833333343,0.0,0.0,2.489511981947196,1.3920074006420653,0.40984916522523424,impedance_scale,1.0
ppo-frozen,40030,1.0345151889374669,0.9274411341815088,0.09403094597708002,0.13251630172489953,0.630536815180245,0.0,-0.18841145833333334,0.0,0.0,2.491363091774564,1.374041041338691,0.4588922719265576,impedance_scale,1.0
ppo-frozen,40031,1.0567820381337385,0.9480008597416212,0.09485138089670721,0.12326117652689887,0.5698089385487187,0.0,-0.2165364583333333,0.0,0.0,2.491061338053327,1.3567315255763128,0.4199865100847237,impedance_scale,1.0
ppo-frozen,40032,1.0502009181822947,0.944907093286816,0.0956385814015628,0.11916139806262831,0.5878080244157936,-0.00013020833333333333,-0.1875,0.0,0.0,2.488640083218507,1.426835466126565,0.4119662276208469,impedance_scale,1.0
ppo-frozen,40033,1.0629663276324197,0.953329676163472,0.0947992369299086,0.11252556872647625,0.5143468557710699,0.0,-0.22994791666666675,0.0,0.0,2.4900146917874775,1.3940240141347062,0.36896556340195724,impedance_scale,1.0
ppo-frozen,40034,1.0968336981914428,0.9853753248428653,0.09894769273581094,0.12195509351758353,0.5910492395835582,0.0,-0.21471354166666679,0.0,0.0,2.4879991610609387,1.4241046267727808,0.41503217423214045,impedance_scale,1.0
ppo-frozen,40035,1.0682409048594463,0.9594095675960367,0.09640091340261131,0.12782575580726174,0.6256090924310447,0.0,-0.20846354166666653,0.0,0.0,2.487329220079242,1.444446909612912,0.433113247892716,impedance_scale,1.0
ppo-frozen,40036,1.033820845019085,0.9280911576288537,0.09252921991857518,0.12080376611765163,0.5674159766885396,0.0,-0.21705729166666665,0.0,0.0,2.490893574198269,1.3974245367934188,0.4060440916477343,impedance_scale,1.0
ppo-frozen,40037,1.0864419675445203,0.9723772089606473,0.09667805092111868,0.13169146201014895,0.5918480230966107,0.0,-0.2393229166666666,0.0,0.0,2.4884981471384355,1.3939162705697394,0.42459366863886516,impedance_scale,1.0
ppo-frozen,40038,1.1306307786595362,1.015213348466092,0.10047844244928691,0.13402864306311058,0.6283510978235317,0.0,-0.2516927083333334,0.0,0.0,2.487802297123237,1.438467856663621,0.43681970015021937,impedance_scale,1.0
ppo-frozen,40039,1.0924307349838942,0.9804635423833016,0.09809072974838942,0.1259850906258227,0.5958860351956246,0.0,-0.22304687499999998,0.0,0.0,2.489825710815542,1.3797267125806498,0.4318870032465164,impedance_scale,1.0
ppo-frozen,40040,1.0783230649957778,0.9679865561921965,0.09631537941624446,0.11063831591081061,0.5112211940597418,0.0,-0.23033854166666673,0.0,0.0,2.4890361230530496,1.3656293300552416,0.3743484288222355,impedance_scale,1.0
ppo-frozen,40041,1.0492894179469965,0.9433339781005482,0.0949745147113663,0.12174400119984867,0.5975188569639522,0.0,-0.19908854166666667,0.0,0.0,2.4899950271485434,1.4175111415856252,0.4215267446120874,impedance_scale,1.0
ppo-frozen,40042,1.0524162825767813,0.9432771756002198,0.09471428450767813,0.12012997817674533,0.5586369032088596,0.0,-0.21054687500000002,0.0,0.0,2.4895871949819495,1.396706150140628,0.3999673826542634,impedance_scale,1.0
ppo-frozen,40043,1.104818497883716,0.9907020591295223,0.0981966935383716,0.12236848280198552,0.537219958978138,0.0,-0.24570312500000002,0.0,0.0,2.4913691621276546,1.3781299395331112,0.38981807416515435,impedance_scale,1.0
ppo-frozen,40044,1.091209505637541,0.9774503590951983,0.09720688806375412,0.13115896844083688,0.6044375690364477,0.0,-0.23828125000000006,0.0,0.0,2.4905017970572647,1.3826273840737193,0.43716591758479173,impedance_scale,1.0
ppo-frozen,40045,1.0653290903549866,0.957754383264405,0.09566051320216534,0.10277905378573202,0.4740247893206397,0.0,-0.21744791666666657,0.0,0.0,2.4919106308776326,1.3504489748783437,0.3510127358668569,impedance_scale,1.0
ppo-frozen,40046,1.114507441140171,1.0011272540783307,0.09978407744735045,0.12403587720449859,0.5799354563179845,0.0,-0.23333333333333328,0.0,0.0,2.488264622435355,1.4352267730459927,0.4040723509408782,impedance_scale,1.0
ppo-frozen,40047,1.1004956073055365,0.9891852963561729,0.09834383156388696,0.12349974706893907,0.5801164309419928,0.0,-0.2341145833333333,0.0,0.0,2.489229376145248,1.4175865323857963,0.40922823241390255,impedance_scale,1.0
ppo-frozen,40048,1.0441168350224064,0.9362464429013713,0.0954924126689073,0.12341744569653175,0.589805679091066,0.0,-0.17838541666666669,0.0,0.0,2.4908161414266363,1.331754526670588,0.44287867416947446,impedance_scale,1.0
ppo-frozen,40049,1.130705290852313,1.0165649872973548,0.1001994353352313,0.12418642537876746,0.555028757825311,0.0,-0.25742187499999997,0.0,0.0,2.487887772522151,1.4378738343336213,0.3860065776094588,impedance_scale,1.0
rolling-lp,40000,1.014283473223719,0.9109854976462526,0.09341402440570523,0.11726862468254073,0.5376890835461923,0.0,-0.16028645833333338,0.0,0.0,1.6996347582658893,0.9669696562143878,0.5560557977084865,impedance_scale,1.0
rolling-lp,40001,0.9964531628019184,0.8972616596694895,0.09258802461352518,0.10693566484848002,0.5048936068207622,0.0,-0.1411458333333333,0.0,0.0,1.6760341015496394,0.9933552676038541,0.5082709311429471,impedance_scale,1.0
rolling-lp,40002,1.0417978859291486,0.9372634968297313,0.0965951531762482,0.12718935536423007,0.6058651511412063,0.0,-0.15169270833333343,0.0,0.0,1.7103575218323972,1.0072925458361195,0.6014788391373413,impedance_scale,1.0
rolling-lp,40003,1.0346065179935973,0.9309971049067854,0.0968981517993597,0.11760360375899602,0.576938267019279,0.0,-0.13124999999999992,0.0,0.0,1.6985968420845758,1.0360074601839262,0.5568862090209785,impedance_scale,1.0
rolling-lp,40004,1.0036955527439693,0.9025526092834121,0.09361174277439692,0.12070369655093187,0.5609493409785977,0.0,-0.13515624999999992,0.0,0.0,1.7337765466004134,1.006152836449869,0.5575190176453343,impedance_scale,1.0
rolling-lp,40005,1.0601157656280196,0.9543909095044313,0.09775636822946862,0.1222636901603353,0.5447310354775063,0.0,-0.16510416666666672,0.0,0.0,1.4018840756248903,0.9519383771655416,0.5722335064371271,impedance_scale,1.0
rolling-lp,40006,1.051326513751252,0.9441424887997203,0.09809489095845855,0.12275798421224793,0.5789876346228703,0.0,-0.14075520833333338,0.0,0.0,1.6704409623896215,0.9865013223206323,0.5869101455037766,impedance_scale,1.0
rolling-lp,40007,1.029866731228134,0.9269723124083208,0.09644370437281338,0.11206433637957451,0.5515158324590229,0.0,-0.130859375,0.0,0.0,1.7116671404581072,1.0454126586992043,0.5275580201461001,impedance_scale,1.0
rolling-lp,40008,1.011861441664982,0.9093056256042173,0.09371869624983153,0.11281294662451302,0.5174982024798265,0.0,-0.14934895833333345,0.0,0.0,1.6602185399547524,0.9967611631657604,0.5191797409484011,impedance_scale,1.0
rolling-lp,40009,0.9974110773962046,0.8954262144712882,0.0924103785729538,0.1147338063456921,0.5426679158377546,0.0,-0.14661458333333321,0.0,0.0,1.6474019699956362,1.0108261373760903,0.536855840754589,impedance_scale,1.0
rolling-lp,40010,1.0228877160578853,0.9217960954246155,0.0944241882724552,0.10456737923122082,0.4681223092821183,0.0,-0.15729166666666666,0.0,0.0,1.5700151548551677,0.9664970994978159,0.4843494196985701,impedance_scale,1.0
rolling-lp,40011,0.986168577419561,0.8829761873841708,0.09120149315862276,0.11857056715634767,0.5356673840482535,0.0,-0.14830729166666662,0.0,0.0,1.7806924193027573,0.9729062565684702,0.5505847870046613,impedance_scale,1.0
rolling-lp,40012,1.049214567619946,0.943503912972205,0.09749307134532795,0.12272792210298926,0.5604594267641387,0.0,-0.14856770833333333,0.0,0.0,1.5703655101276877,0.9779673203068922,0.5730860480984816,impedance_scale,1.0
rolling-lp,40013,0.9871862129017882,0.8872114042470935,0.09128372545684547,0.11314472181498715,0.5249471546461391,0.0,-0.1486979166666667,0.0,0.0,1.731244784452381,0.9814561237925417,0.5348656368026304,impedance_scale,1.0
rolling-lp,40014,0.9231754968689259,0.8274547690683536,0.0869659871868926,0.10299336115039356,0.5064178389533699,0.0,-0.10703125000000002,0.0,0.0,1.854080460151196,1.0320757377769336,0.4906789496323029,impedance_scale,1.0
rolling-lp,40015,1.0494178846687936,0.9442009649184122,0.09785845513354603,0.12268238215874533,0.5895934446032816,0.0,-0.14166666666666666,0.0,0.0,1.5957129580191414,1.035129629451067,0.5695841639814185,impedance_scale,1.0
rolling-lp,40016,1.0116929924310096,0.9098837241859726,0.09395575757643429,0.11427351642292605,0.526946015797505,0.0,-0.14427083333333346,0.0,0.0,1.620087586613433,0.9816257469780398,0.536809489176218,impedance_scale,1.0
rolling-lp,40017,0.983853253045424,0.8835020769519728,0.09148428363787572,0.11967300101986497,0.5888145011404932,0.0,-0.13802083333333337,0.0,0.0,1.7316388654080332,1.0406861327212662,0.5657945105896777,impedance_scale,1.0
rolling-lp,40018,1.0348593890768927,0.9313966991460437,0.09614218890768927,0.12132518471217699,0.5738879064097245,0.0,-0.14687499999999998,0.0,0.0,1.671036012190395,0.9887828229866784,0.5803983372974273,impedance_scale,1.0
rolling-lp,40019,1.0012172730969366,0.8971991279049999,0.09316860230969368,0.1238393074097969,0.5812252360466009,0.0,-0.13906249999999992,0.0,0.0,1.7483688551450562,1.0072359925413887,0.5770497086587357,impedance_scale,1.0
rolling-lp,40020,0.945942259487431,0.847882874532901,0.08819448636540976,0.11911205872841468,0.569471078882013,0.0,-0.12799479166666672,0.0,0.0,1.7870607505545797,0.9950705485959328,0.5722921652997867,impedance_scale,1.0
rolling-lp,40021,1.0355044801549258,0.9320414456310911,0.0965712813488259,0.12045978008143904,0.5801979411399397,0.0,-0.13958333333333328,0.0,0.0,1.6497864205264337,1.0209575224258576,0.5682880319656727,impedance_scale,1.0
rolling-lp,40022,1.0593822255279253,0.9536735517126851,0.09750072255279253,0.11370084851781714,0.5282343747958502,0.0,-0.16874999999999996,0.0,0.0,1.5611827911249427,0.9894141743624798,0.5338859988904174,impedance_scale,1.0
rolling-lp,40023,1.0328905582011554,0.9276134158766907,0.09563931623678221,0.12694038684346706,0.5723655868871329,0.0,-0.15299479166666674,0.0,0.0,1.638527223185555,0.9723523439183989,0.5886401060963212,impedance_scale,1.0
rolling-lp,40024,1.0162766466343187,0.9144248033352204,0.09491542508009854,0.1194312187187697,0.5656897252353956,0.0,-0.1342447916666667,0.0,0.0,1.5637423851809849,1.0187546295199201,0.5552757345524627,impedance_scale,1.0
rolling-lp,40025,1.0410143281078885,0.9375913242533449,0.09520820364412222,0.11937334347362041,0.5356358398456691,0.0,-0.17786458333333316,0.0,0.0,1.493673043640768,0.9650814937364934,0.5550161756515036,impedance_scale,1.0
rolling-lp,40026,1.039508665989643,0.9333079318284303,0.09583237701563098,0.12029716956901693,0.5480625482974647,0.0,-0.16236979166666665,0.0,0.0,1.547888544474682,0.9704787179597092,0.5647342266811237,impedance_scale,1.0
rolling-lp,40027,1.0039303418983963,0.901281278926408,0.09392168002317296,0.12279373782115428,0.5779559444112683,0.0,-0.12942708333333336,0.0,0.0,1.6692553665300576,1.002200843572262,0.576686747090725,impedance_scale,1.0
rolling-lp,40028,0.9904020854899452,0.8864145095384619,0.09214567729899452,0.1229491960737843,0.603517779566676,0.0,-0.13789062500000004,0.0,0.0,1.7482120964966044,1.0388710181993255,0.5809361980400156,impedance_scale,1.0
rolling-lp,40029,1.043623030692142,0.9376433028516432,0.09650423015254753,0.12326387734478941,0.5476165563193658,0.0,-0.15716145833333328,0.0,0.0,1.5792850908181137,0.9466121741539626,0.5785014932950758,impedance_scale,1.0
rolling-lp,40030,0.976896318613768,0.8761980800023893,0.0914396318613768,0.12588802353198816,0.5989982545089452,0.0,-0.1250000000000001,0.0,0.0,1.8164619795448187,1.0329418359067803,0.5798954342701275,impedance_scale,1.0
rolling-lp,40031,0.9822748299333453,0.8809403055418764,0.09130691007666784,0.11935804989784878,0.5517656543274707,0.0,-0.13841145833333335,0.0,0.0,1.7510708174171685,0.9877430864791357,0.558612519672772,impedance_scale,1.0
rolling-lp,40032,0.973677012736042,0.8755600803244311,0.0910591075236042,0.11453790678796295,0.5650009298679742,-0.00013020833333333333,-0.12604166666666677,0.0,0.0,1.8289755747299359,1.0511097992775087,0.5375279825726423,impedance_scale,1.0
rolling-lp,40033,1.0061706041490979,0.904503458810695,0.09350117499824315,0.10768825510599535,0.49223581843767217,0.0,-0.14231770833333335,0.0,0.0,1.6066214471627265,0.9703711203695375,0.5072655276985351,impedance_scale,1.0
rolling-lp,40034,1.057529292902702,0.9511566239847594,0.09853938762360352,0.11986671116761588,0.5809279993441733,0.0,-0.1442708333333334,0.0,0.0,1.5905366206667724,1.0354676198470152,0.5610296142625901,impedance_scale,1.0
rolling-lp,40035,1.0245551292076374,0.9234674962724665,0.09575629417076374,0.11496960210440527,0.5626880746799324,0.0,-0.13398437499999988,0.0,0.0,1.5531331767113332,1.0264387577619343,0.5481944932660452,impedance_scale,1.0
rolling-lp,40036,0.9623389855758516,0.8629645824573989,0.08912452355758517,0.12067485269741314,0.5668104696203109,0.0,-0.1421874999999999,0.0,0.0,1.7686479645120816,1.0096152339910516,0.5614123584285523,impedance_scale,1.0
rolling-lp,40037,1.047320066820598,0.9396334723227237,0.0962749754320598,0.12126064498968654,0.5449698250827759,0.0,-0.16914062500000004,0.0,0.0,1.5701323523188628,0.9725952881432601,0.5603253806865077,impedance_scale,1.0
rolling-lp,40038,1.018862212598191,0.9130697781853495,0.09441877334315243,0.12748047021562806,0.5976520509375878,0.0,-0.1493489583333335,0.0,0.0,1.6207114225011408,0.9835977935642006,0.6076183322574507,impedance_scale,1.0
rolling-lp,40039,1.05531663654731,0.9494443373100957,0.09844181990473103,0.12258361647644093,0.5797976954196474,0.0,-0.14179687499999988,0.0,0.0,1.480330521628605,1.0103931318157646,0.5738337654549377,impedance_scale,1.0
rolling-lp,40040,1.053409040975165,0.9488316048417309,0.09734611243084983,0.10717319575417499,0.49521007847602505,0.0,-0.15989583333333335,0.0,0.0,1.5261431959750202,0.9872054489348593,0.501628185916447,impedance_scale,1.0
rolling-lp,40041,1.017537877923152,0.9163843146543684,0.09493087112564855,0.11883977425833278,0.5832649278556928,0.0,-0.13645833333333335,0.0,0.0,1.643789609905593,1.0415435176850543,0.5600005356973117,impedance_scale,1.0
rolling-lp,40042,1.019449426584541,0.9154408889872416,0.0946402551584541,0.11810113567502505,0.5492022366130496,0.0,-0.1460937499999999,0.0,0.0,1.6699346952641625,1.0203352533486196,0.5382566512434347,impedance_scale,1.0
rolling-lp,40043,1.0582001739324935,0.9513113508078452,0.09761038197658269,0.12044657507131176,0.5287824334928946,0.0,-0.16419270833333327,0.0,0.0,1.5414194469135016,0.9289594461401711,0.569220148080723,impedance_scale,1.0
rolling-lp,40044,1.0752646571557845,0.9671325436309044,0.09851604904891176,0.12538539019904932,0.5778304095063544,0.0,-0.1802083333333333,0.0,0.0,1.4137075898390121,0.9704684112284471,0.5954139288005469,impedance_scale,1.0
rolling-lp,40045,1.034701093333318,0.9331357546291186,0.09677089058333181,0.10009929431044275,0.46166553542682415,0.0,-0.13398437500000004,0.0,0.0,1.5311667497483608,0.9781016333626036,0.47200159950624954,impedance_scale,1.0
rolling-lp,40046,1.058845984197646,0.9532772140432725,0.09895751508643129,0.12317857910291242,0.57592711956132,0.0,-0.13854166666666662,0.0,0.0,1.5779755789632017,1.0025396935807946,0.5744681464972898,impedance_scale,1.0
rolling-lp,40047,0.9814805311308119,0.880562618253542,0.09118190727974787,0.11701842612735186,0.5496716659796457,0.0,-0.13932291666666657,0.0,0.0,1.6396117623826287,0.9894048500510302,0.555557885077373,impedance_scale,1.0
rolling-lp,40048,1.0442805647022801,0.9391667962338293,0.09737076480356134,0.1206000644850269,0.5763415579586617,0.0,-0.1411458333333333,0.0,0.0,1.7219361276347618,1.0090309311939198,0.5711832414064004,impedance_scale,1.0
rolling-lp,40049,1.0595862933828473,0.9538869330358977,0.09761878558828473,0.1203956547314733,0.5380865943227287,0.0,-0.16679687500000007,0.0,0.0,1.5076326919860834,0.9561254418228027,0.5627782409982679,impedance_scale,1.0
ppo-retrained,40000,1.1002337600996883,0.9872715848088657,0.09663795934330217,0.1228704576061983,0.563374081720719,0.0,-0.2677083333333333,0.0,0.0,2.4957016894063093,1.3912084735396308,0.4049530264054062,impedance_scale,1.0
ppo-retrained,40001,1.0737812246992904,0.9652139095618267,0.09453958080326237,0.11458528009858966,0.5410110409798099,0.0,-0.2567708333333334,0.0,0.0,2.4958659852061453,1.3609677465665986,0.39751936983418856,impedance_scale,1.0
ppo-retrained,40002,1.1235716695386022,1.0078054984225275,0.09940143778719357,0.13387080653219205,0.6376921732227911,0.0,-0.25911458333333337,0.0,0.0,2.4955940084511385,1.3935864582714166,0.4575906786678846,impedance_scale,1.0
ppo-retrained,40003,1.0886648160923929,0.9770854743132753,0.09697846077590597,0.11836498841163617,0.5806734581868004,0.0,-0.23776041666666659,0.0,0.0,2.495867675054846,1.4007502764264728,0.4145445965344992,impedance_scale,1.0
ppo-retrained,40004,1.0911002420503886,0.9794032899723474,0.09623893045503885,0.12481642984949813,0.5800625504276391,0.0,-0.257421875,0.0,0.0,2.495333979661718,1.3824590155609604,0.4195875204244425,impedance_scale,1.0
ppo-retrained,40005,1.1112657306204108,0.9964558674745987,0.0966343855620411,0.13141785763096223,0.585516317834597,0.0,-0.28984375,0.0,0.0,2.4950190060314177,1.3986043922447349,0.41864327116466,impedance_scale,1.0
ppo-retrained,40006,1.1200344705011336,1.003932542106404,0.09923000955011334,0.1290118702273262,0.6084840677413113,0.0,-0.2554687500000001,0.0,0.0,2.496145253130313,1.3529231323966948,0.44975509189748686,impedance_scale,1.0
ppo-retrained,40007,1.0814743092154866,0.9715018762942285,0.09719691008821534,0.11773136569249712,0.5794056722605092,0.0,-0.2190104166666666,0.0,0.0,2.495394907465794,1.3786158885251134,0.42028071566792663,impedance_scale,1.0
ppo-retrained,40008,1.092626371471766,0.980843336767633,0.09561680381384326,0.1152320625823425,0.5285952281069808,0.0,-0.2729166666666668,0.0,0.0,2.4955060876848068,1.400174781045184,0.377520889008158,impedance_scale,1.0
ppo-retrained,40009,1.0816133534019219,0.9705959226707928,0.09507539784019219,0.11680453593858649,0.5524620519187438,0.0,-0.26171875,0.0,0.0,2.4950192693158075,1.3870284568105715,0.398306212973534,impedance_scale,1.0
ppo-retrained,40010,1.0932136431777018,0.982441459468293,0.09549974973443684,0.1072758955215788,0.4802476672081975,0.0,-0.2764322916666667,0.0,0.0,2.4956185461542955,1.3696714649640471,0.35062982583257923,impedance_scale,1.0
ppo-retrained,40011,1.0636704167869424,0.9506313866627488,0.09367823959536092,0.12622558259929922,0.5702505204497843,0.0,-0.25377604166666656,0.0,0.0,2.495910523605073,1.3166614756208377,0.4331033686399136,impedance_scale,1.0
ppo-retrained,40012,1.1156927862434336,1.000447088630872,0.09798203904101005,0.12607656743632442,0.5757516260599314,0.0,-0.27174479166666665,0.0,0.0,2.4951692411302515,1.3988211689460597,0.4115977358948112,impedance_scale,1.0
ppo-retrained,40013,1.0428813637998768,0.9351714350760998,0.09212016762998768,0.11801925477324363,0.5475630766760664,0.0,-0.243359375,0.0,0.0,2.4955636321359442,1.3378634100987612,0.40928174920012594,impedance_scale,1.0
ppo-retrained,40014,1.0351145999812985,0.9294280029652833,0.09232005374812985,0.10863359506641475,0.5341508407608562,0.0,-0.22382812500000004,0.0,0.0,2.496127455492897,1.3645379984235377,0.39145178908756306,impedance_scale,1.0
ppo-retrained,40015,1.0866494344161934,0.9741296272550793,0.09690062052495266,0.12718666579389648,0.6112403677978655,0.0,-0.23528645833333323,0.0,0.0,2.495547604176633,1.3733537233406572,0.445071329701597,impedance_scale,1.0
ppo-retrained,40016,1.0695786582922868,0.9590167350926141,0.09467270957922867,0.12066788112072349,0.5564321566509125,0.0,-0.24570312500000008,0.0,0.0,2.494696341203978,1.3493207673610885,0.41237945054321323,impedance_scale,1.0
ppo-retrained,40017,1.0786363647441874,0.9690316552760583,0.0955849906410854,0.12343515824349736,0.6073250482978884,0.0,-0.2455729166666667,0.0,0.0,2.495178638541314,1.3907150969839959,0.43669983134214685,impedance_scale,1.0
ppo-retrained,40018,1.1142841949092583,1.0005618087694075,0.0978021174075925,0.12476003657256642,0.5901353157803578,0.0,-0.27252604166666666,0.0,0.0,2.4953735464604048,1.3983941346907185,0.4220092898994299,impedance_scale,1.0
ppo-retrained,40019,1.0986287730086486,0.9851235800633378,0.09672485646753154,0.12497694581240168,0.5865646081968471,0.0,-0.26276041666666666,0.0,0.0,2.4955360928161117,1.371984907953515,0.42752992747695795,impedance_scale,1.0
ppo-retrained,40020,1.038932055571088,0.9298961646382158,0.09179034097377545,0.12729502834887257,0.6085936042414815,0.0,-0.24205729166666679,0.0,0.0,2.495522717185687,1.360432279410946,0.44735310492999814,impedance_scale,1.0
ppo-retrained,40021,1.0738890390259306,0.9626182302346026,0.09525999765259306,0.12679454758462216,0.6107095281647725,0.0,-0.24257812500000003,0.0,0.0,2.4960572112669905,1.3732206171748738,0.44472790498964765,impedance_scale,1.0
ppo-retrained,40022,1.1230344800819128,1.0086576922375312,0.0982149063415246,0.1172089636385904,0.544532467744938,0.0,-0.2817708333333333,0.0,0.0,2.4953670080873067,1.4093834776045362,0.38636217636838954,impedance_scale,1.0
ppo-retrained,40023,1.1232249672047157,1.0081971755686643,0.09895010088713821,0.12798716813523736,0.5770854526706316,0.0,-0.2674479166666667,0.0,0.0,2.4958985150803086,1.3858014709884168,0.41642721901502094,impedance_scale,1.0
ppo-retrained,40024,1.070425002293105,0.960392478186821,0.09404770856264384,0.12051494828447595,0.5708228444217402,0.0,-0.25989583333333344,0.0,0.0,2.4959120733575144,1.397020052125556,0.40860032291822684,impedance_scale,1.0
ppo-retrained,40025,1.0871618605052056,0.976782421079776,0.09489457146718724,0.12233067527259506,0.5489055770897813,0.0,-0.2764322916666666,0.0,0.0,2.494997462854963,1.3905116434282492,0.39475079528027335,impedance_scale,1.0
ppo-retrained,40026,1.1062452883907872,0.9904850477524978,0.09673781008907872,0.1237484810089234,0.5637863974079637,0.0,-0.277734375,0.0,0.0,2.4954750139259527,1.3858152852671046,0.4068265110088596,impedance_scale,1.0
ppo-retrained,40027,1.1111052006624644,0.9969321714136193,0.09845427006624645,0.1340580286363646,0.6309738258744915,0.0,-0.25312500000000004,0.0,0.0,2.4960556243021776,1.3515112906537552,0.4668653752565218,impedance_scale,1.0
ppo-retrained,40028,1.0357487755204902,0.9266769034368507,0.09315170046871568,0.12468077277958386,0.6120175287476822,0.0,-0.20846354166666664,0.0,0.0,2.4959780128353324,1.3338835705491736,0.4588238001130101,impedance_scale,1.0
ppo-retrained,40029,1.130273136722657,1.0136146191963051,0.09868486575559904,0.1284176901029437,0.5705130711404987,0.0,-0.28684895833333335,0.0,0.0,2.4958599330067806,1.383405403075293,0.41239760223015987,impedance_scale,1.0
ppo-retrained,40030,1.0541312286876947,0.9442323618529259,0.09326468536876947,0.13246495792681154,0.6302925119926048,0.0,-0.24296875000000007,0.0,0.0,2.4950891595426246,1.3500143706423553,0.4668783723336982,impedance_scale,1.0
ppo-retrained,40031,1.0697260010721248,0.9587312248532227,0.09393223552387912,0.12326117652689887,0.5698089385487187,0.0,-0.2608072916666666,0.0,0.0,2.495935094675688,1.3416673451417025,0.42470209967623335,impedance_scale,1.0
ppo-retrained,40032,1.0539428711765888,0.9473825613182938,0.09426798503432557,0.11916139806262831,0.5878080244157936,-0.00013020833333333333,-0.22239583333333324,0.0,0.0,2.494929510862754,1.373415643568004,0.42798990033980094,impedance_scale,1.0
ppo-retrained,40033,1.0843129451115292,0.972447206486341,0.09488962784448626,0.11239306018041097,0.5137411680611312,0.0,-0.27083333333333326,0.0,0.0,2.495992617418656,1.3817285327206306,0.37181049380920883,impedance_scale,1.0
ppo-retrained,40034,1.1000922255816232,0.9868526896125847,0.09726182672482897,0.12195509351758353,0.5910492395835582,0.0,-0.2549479166666667,0.0,0.0,2.4961390771963914,1.3821542850211839,0.42762898902744373,impedance_scale,1.0
ppo-retrained,40035,1.0840726791516417,0.972886407831952,0.09571195541516417,0.12744337154747284,0.6237376145882918,0.0,-0.25390624999999994,0.0,0.0,2.4960042051667735,1.4086654469290636,0.44278619593322177,impedance_scale,1.0
ppo-retrained,40036,1.0392325368531445,0.9318020600006,0.09103913910198112,0.12080376611765163,0.5674159766885396,0.0,-0.2576822916666666,0.0,0.0,2.4961219388721236,1.3588191261616762,0.4175802104665303,impedance_scale,1.0
ppo-retrained,40037,1.109280179746177,0.992782874614749,0.09715848672461772,0.1316161008779084,0.5915093349504387,0.0,-0.27539062500000006,0.0,0.0,2.4951681695662815,1.382729952699041,0.4277836997714795,impedance_scale,1.0
ppo-retrained,40038,1.134976381246451,1.0180440122830128,0.09954581520797845,0.13402864306311058,0.6283510978235317,0.0,-0.27903645833333335,0.0,0.0,2.494916942211737,1.4070592051346822,0.446570475165888,impedance_scale,1.0
ppo-retrained,40039,1.110172425553123,0.9956238891471503,0.09798989880531231,0.1259850906258227,0.5958860351956246,0.0,-0.2605468749999999,0.0,0.0,2.494463911092655,1.3927413638278443,0.4278511794593914,impedance_scale,1.0
ppo-retrained,40040,1.1029231862049504,0.989859657731635,0.09660742278716171,0.11063646085047275,0.5112126224708381,0.0,-0.2736979166666666,0.0,0.0,2.4957928304584973,1.3647408983695393,0.3745858448893747,impedance_scale,1.0
ppo-retrained,40041,1.0811818943066358,0.97154338566548,0.0952601165139969,0.1216024279059501,0.5968240160525875,0.0,-0.2571614583333334,0.0,0.0,2.496181109883514,1.3923730890055852,0.42863799994786705,impedance_scale,1.0
ppo-retrained,40042,1.070387564804852,0.9586774117438583,0.09421974606381853,0.12012997817674533,0.5586369032088596,0.0,-0.2563802083333333,0.0,0.0,2.4952646527995404,1.3931690855960706,0.4009828447850216,impedance_scale,1.0
ppo-retrained,40043,1.1286090096986328,1.0117075147797232,0.09839475513652995,0.12236848280198552,0.537219958978138,0.0,-0.2893229166666667,0.0,0.0,2.495188022460952,1.3856304105854422,0.38770797383925587,impedance_scale,1.0
ppo-retrained,40044,1.11718288732692,1.000876432112324,0.09779901789935866,0.13115896844083688,0.6044375690364477,0.0,-0.2783854166666666,0.0,0.0,2.4962674888206515,1.3747997223974076,0.43965499788028434,impedance_scale,1.0
ppo-retrained,40045,1.0766812165792157,0.9672516378141385,0.09495978832458825,0.10280938511953493,0.47416467973202364,0.0,-0.25416666666666665,0.0,0.0,2.4949259881148365,1.3630517146426433,0.3478699117856561,impedance_scale,1.0
ppo-retrained,40046,1.118829179922402,1.0040285071802078,0.09841286590890687,0.12403587720449859,0.5799354563179845,0.0,-0.2694010416666667,0.0,0.0,2.495990530478273,1.3799178737042528,0.4202680952028002,impedance_scale,1.0
ppo-retrained,40047,1.092039828161673,0.9800384790196016,0.09618965989950064,0.12349974706893907,0.5801164309419928,0.0,-0.26028645833333325,0.0,0.0,2.494938834286951,1.3947806486222718,0.4159194720080299,impedance_scale,1.0
ppo-retrained,40048,1.0679841268733954,0.9569265979368857,0.09519685018733953,0.12341744569653175,0.589805679091066,0.0,-0.23203125000000008,0.0,0.0,2.4955243784799572,1.313616850584836,0.44899369159925,impedance_scale,1.0
ppo-retrained,40049,1.137851540668527,1.0221600007556035,0.09942317490018603,0.12418642537876746,0.555028757825311,0.0,-0.28723958333333344,0.0,0.0,2.4958214347378935,1.4199433646536743,0.39088091232475536,impedance_scale,1.0
ppo-frozen,40000,0.9932650747966774,0.8940181341362683,0.09932650747966773,0.1228704576061983,0.563374081720719,0.0,0.0,0.0,0.0,2.4965684845488894,1.524893901887019,0.3694513310228058,potential_scale,1.5
ppo-frozen,40001,0.9537412595360613,0.8587403060625368,0.09525693845360614,0.11458528009858966,0.5410110409798099,0.0,-0.00234375,0.0,0.0,2.496829950831743,1.467382833535786,0.36869113404863607,potential_scale,1.5
ppo-frozen,40002,1.0058563708136772,0.9039239399887496,0.10039683499803438,0.13387080653219205,0.6376921732227911,0.0,-0.0037760416666666667,0.0,0.0,2.496276514696518,1.5082232288548747,0.422810205427589,potential_scale,1.5
ppo-frozen,40003,0.991972842912058,0.8908061838422692,0.09801238845787245,0.11836498841163617,0.5806734581868004,0.0,-0.023697916666666666,0.0,0.0,2.4963847897913847,1.5052259979237155,0.38577161103234464,potential_scale,1.5
ppo-frozen,40004,0.9776571324006704,0.8792284964129083,0.09770711949006705,0.12481642984949813,0.5800625504276391,0.0,-0.0011718750000000002,0.0,0.0,2.496387000892006,1.505070905787716,0.38540546375391466,potential_scale,1.5
ppo-frozen,40005,0.9764635698239075,0.8775504508003223,0.09764635698239074,0.13183395125589298,0.5873701724897842,0.0,0.0,0.0,0.0,2.495593789751555,1.5517427369557242,0.3785229075034128,potential_scale,1.5
ppo-frozen,40006,1.0065066546197885,0.9038012034424987,0.10057905087864553,0.1290118702273262,0.6084840677413113,0.0,-0.0014322916666666666,0.0,0.0,2.496448336014947,1.4720112745651055,0.41336916248897837,potential_scale,1.5
ppo-frozen,40007,1.0034028592559714,0.9017524039772691,0.09910330675893048,0.11862033735946616,0.5837806765194937,0.0,-0.024739583333333332,0.0,0.0,2.4954152660738407,1.5374643475689358,0.3797035537393615,potential_scale,1.5
ppo-frozen,40008,0.9946959402030092,0.8959359303584837,0.09946308360363425,0.1154153042922901,0.5294357987892877,0.0,-0.00013020833333333333,0.0,0.0,2.496421587694625,1.573381185806486,0.3364955699008875,potential_scale,1.5
ppo-frozen,40009,0.9801786128527264,0.8820212022294938,0.09785510086860597,0.11709339176746024,0.5538282821138809,0.0,-0.0032552083333333335,0.0,0.0,2.497086760644691,1.5205797955337128,0.3642217815471441,potential_scale,1.5
ppo-frozen,40010,0.9754310001608266,0.8789898391932547,0.09754310001608266,0.1072758955215788,0.4802476672081975,0.0,0.0,0.0,0.0,2.4966976212658056,1.5101188756334762,0.3180197764276932,potential_scale,1.5
ppo-frozen,40011,0.9546554104576879,0.8552452941292243,0.09546554104576879,0.12622558259929922,0.5702505204497843,0.0,0.0,0.0,0.0,2.496816572656302,1.4628916989012213,0.38981048349518954,potential_scale,1.5
ppo-frozen,40012,0.9975495705571447,0.8969669106952108,0.09975495705571447,0.12607656743632442,0.5757516260599314,0.0,0.0,0.0,0.0,2.496187234106607,1.5411872183143407,0.37357669413431444,potential_scale,1.5
ppo-frozen,40013,0.9364021093322393,0.8411689800460923,0.0936271900998906,0.11825035448261625,0.5486352887327021,0.0,-0.00026041666666666666,0.0,0.0,2.4968855994026704,1.462524735134879,0.3751288956368352,potential_scale,1.5
ppo-frozen,40014,0.9618703697903327,0.8646058203701844,0.09523651614569993,0.10973740378920759,0.5395782627011732,0.0,-0.01901041666666667,0.0,0.0,2.496709873214275,1.509749415919204,0.35739590756698747,potential_scale,1.5
ppo-frozen,40015,0.9957328335935945,0.8936966367668887,0.09900687710935946,0.12718666579389648,0.6112403677978655,0.0,-0.011328125,0.0,0.0,2.4959999302792277,1.5275405340180812,0.4001467418936788,potential_scale,1.5
ppo-frozen,40016,0.9570692094765563,0.8599523641617861,0.09570041053098896,0.12082012482155455,0.5571341934315633,0.0,-0.00013020833333333333,0.0,0.0,2.496656761856987,1.4702473150160793,0.37893909938918696,potential_scale,1.5
ppo-frozen,40017,0.9697006592418991,0.8715293292685447,0.09612371175752324,0.12343515824349736,0.6073250482978884,0.0,-0.016927083333333332,0.0,0.0,2.496327709733575,1.5091494136524655,0.4024287077235324,potential_scale,1.5
ppo-frozen,40018,0.9948198266118816,0.8952115882167404,0.09932573266118816,0.12476003657256642,0.5901353157803578,0.0,-0.003125,0.0,0.0,2.4962542841028874,1.5230422245524922,0.3874714083870881,potential_scale,1.5
ppo-frozen,40019,0.984777723850357,0.8847948876223695,0.09839313696836904,0.12497694581240168,0.5865646081968471,0.0,-0.0016927083333333332,0.0,0.0,2.496747806400561,1.4869044946322791,0.3944870772227427,potential_scale,1.5
ppo-frozen,40020,0.9424413130809417,0.8452635605279959,0.09400324589142753,0.12729502834887257,0.6085936042414815,0.0,-0.0048177083333333336,0.0,0.0,2.4963492675613494,1.4710547306405137,0.41371241434130257,potential_scale,1.5
ppo-frozen,40021,0.9687288687399727,0.8691542844891279,0.09640413687399726,0.12679454758462216,0.6107095281647725,0.0,-0.009375,0.0,0.0,2.495933875308528,1.513964816691184,0.4033842275803322,potential_scale,1.5
ppo-frozen,40022,0.9934449543328819,0.8941994987620381,0.09928590168328819,0.1172089636385904,0.544532467744938,0.0,-0.001171875,0.0,0.0,2.4960536705149723,1.5321689262598843,0.3553997593947909,potential_scale,1.5
ppo-frozen,40023,1.006053637304768,0.9053980723592266,0.1006053637304768,0.12798716813523736,0.5770854526706316,0.0,0.0,0.0,0.0,2.4964564860120935,1.504834494737596,0.3834876557446673,potential_scale,1.5
ppo-frozen,40024,0.963191330226719,0.866279962440897,0.09611731010600524,0.12051494828447595,0.5708228444217402,0.0,-0.004036458333333334,0.0,0.0,2.496252821197924,1.5374688687604339,0.371274408230431,potential_scale,1.5
ppo-frozen,40025,0.9636196685779179,0.8680774658330555,0.09636196685779179,0.12233067527259506,0.5489055770897813,0.0,0.0,0.0,0.0,2.4958449030738534,1.534032605123947,0.35781871601446874,potential_scale,1.5
ppo-frozen,40026,0.9783779435594124,0.878147048255918,0.09783779435594124,0.1237484810089234,0.5637863974079637,0.0,0.0,0.0,0.0,2.496098429132662,1.5222291983333545,0.3703689286903952,potential_scale,1.5
ppo-frozen,40027,1.0121988371352937,0.9101929485755248,0.10115477954686272,0.1340580286363646,0.6309738258744915,0.0,-0.0013020833333333333,0.0,0.0,2.496094107005726,1.5200236697616136,0.41510789497998246,potential_scale,1.5
ppo-frozen,40028,0.9731411241522482,0.8709185920534193,0.09592088324855816,0.12468077277958386,0.6120175287476822,0.0,-0.02786458333333333,0.0,0.0,2.4959627202580643,1.484288942311971,0.41233045083148445,potential_scale,1.5
ppo-frozen,40029,0.9951837619801989,0.894711031874193,0.09951837619801988,0.1284176901029437,0.5705130711404987,0.0,0.0,0.0,0.0,2.4961958662140846,1.5124292420660492,0.3772163716969338,potential_scale,1.5
ppo-frozen,40030,0.9480810170694122,0.8502365239674986,0.09451513295694122,0.13266933696917713,0.6312649848792262,0.0,-0.005859375,0.0,0.0,2.496727044951839,1.4456548984376334,0.4366636778676951,potential_scale,1.5
ppo-frozen,40031,0.9723852783677898,0.8741135556857275,0.09722550700344565,0.12326117652689887,0.5698089385487187,0.0,-0.00026041666666666666,0.0,0.0,2.496294089739628,1.526247149164979,0.37333988722630235,potential_scale,1.5
ppo-frozen,40032,0.9728126691085763,0.8745443489462645,0.09578387107752429,0.11916139806262831,0.5878080244157936,-0.00013020833333333333,-0.02981770833333333,0.0,0.0,2.4960533384003423,1.5259881390903502,0.3851982917548685,potential_scale,1.5
ppo-frozen,40033,0.9695967996234295,0.8715985579685186,0.09695967996234295,0.11404228987887213,0.5212796868124537,0.0,0.0,0.0,0.0,2.4960978742196076,1.534760723527205,0.33964883178300437,potential_scale,1.5
ppo-frozen,40034,1.0079034276459353,0.9059285109913686,0.10010674901459353,0.12195509351758353,0.5910492395835582,0.0,-0.013671875,0.0,0.0,2.495711081946738,1.5623254613576654,0.3783137727717339,potential_scale,1.5
ppo-frozen,40035,0.9868831190108072,0.8867557270472857,0.09797216606774738,0.1292416593647873,0.6325388550129228,0.0,-0.014322916666666666,0.0,0.0,2.4956150135409607,1.5769395502239396,0.4011180104672349,potential_scale,1.5
ppo-frozen,40036,0.941010635914025,0.8462401207379148,0.09402944900806917,0.12080376611765163,0.5674159766885396,0.0,-0.0014322916666666666,0.0,0.0,2.496630859731198,1.5117443749655743,0.37533857316417063,potential_scale,1.5
ppo-frozen,40037,0.9781072454726084,0.877131620194544,0.09781072454726084,0.1323896546247375,0.5949858416945472,0.0,0.0,0.0,0.0,2.4961351313553135,1.497553308517254,0.397305283431713,potential_scale,1.5
ppo-frozen,40038,1.0102519353907218,0.908454795076177,0.10096659978907219,0.13402864306311058,0.6283510978235317,0.0,-0.001171875,0.0,0.0,2.495682875142145,1.5542778747520474,0.40427204686534707,potential_scale,1.5
ppo-frozen,40039,0.9935300663238555,0.8928120550869332,0.0992227982990522,0.1259850906258227,0.5958860351956246,0.0,-0.0026041666666666665,0.0,0.0,2.496371560258251,1.5209880719301703,0.39177561362426133,potential_scale,1.5
ppo-frozen,40040,0.9774937118826681,0.8793080085391036,0.0977493711882668,0.11086896030704411,0.5122869216304753,0.0,0.0,0.0,0.0,2.4961297240838887,1.476090313754815,0.3470566244197768,potential_scale,1.5
ppo-frozen,40041,0.9684351395876932,0.8706329006724118,0.09593205562543598,0.12214726261299261,0.5994980616579387,0.0,-0.018229166666666668,0.0,0.0,2.496399128244019,1.4891150884032358,0.4025867888430134,potential_scale,1.5
ppo-frozen,40042,0.9544969715256166,0.8565464745724805,0.09541714506922833,0.12012997817674533,0.5586369032088596,0.0,-0.0006510416666666666,0.0,0.0,2.496160117126667,1.5144844823930022,0.36886274485042614,potential_scale,1.5
ppo-frozen,40043,0.9876131215975622,0.887477954325959,0.09876131215975623,0.12236848280198552,0.537219958978138,0.0,0.0,0.0,0.0,2.4966997847683805,1.4818763460562576,0.3625268467290476,potential_scale,1.5
ppo-frozen,40044,0.9845280249589118,0.8835635498758718,0.09845280249589118,0.13115896844083688,0.6044375690364477,0.0,0.0,0.0,0.0,2.4964849433024656,1.5033147734120198,0.4020698656905881,potential_scale,1.5
ppo-frozen,40045,0.9626677639752558,0.8667333129402945,0.09625375556419224,0.10310890944285361,0.4755461086227151,0.0,-0.00026041666666666666,0.0,0.0,2.4967496605333848,1.4875047678580953,0.31969383823049446,potential_scale,1.5
ppo-frozen,40046,1.0081957389132257,0.9070402834887004,0.10076749055798924,0.12403587720449859,0.5799354563179845,0.0,-0.0010416666666666667,0.0,0.0,2.495916102874045,1.5488406219484487,0.3744319771187451,potential_scale,1.5
ppo-frozen,40047,0.9912587058320895,0.8921170969865393,0.09907378724987562,0.12349974706893907,0.5801164309419928,0.0,-0.0010416666666666667,0.0,0.0,2.496262851332432,1.5560172857928372,0.37282132803968576,potential_scale,1.5
ppo-frozen,40048,0.9720901654694386,0.8723962796671476,0.09692255821361054,0.12341744569653175,0.589805679091066,0.0,-0.005729166666666666,0.0,0.0,2.4969414134861783,1.4025718695510476,0.4205172596822851,potential_scale,1.5
ppo-frozen,40049,1.0031961336145225,0.9035743073808743,0.10031961336145226,0.12418642537876746,0.555028757825311,0.0,0.0,0.0,0.0,2.4959823013644904,1.5706552251570292,0.3533740243787882,potential_scale,1.5
rolling-lp,40000,0.9514345261979993,0.855715077189179,0.09514345261979992,0.11731031590005464,0.5378802422009276,0.0,0.0,0.0,0.0,1.5265473822861804,0.9678596976751481,0.5557419567039988,potential_scale,1.5
rolling-lp,40001,0.966583285959743,0.8717483624666601,0.0965411410959743,0.1082679036706923,0.5111837333659751,0.0,-0.00234375,0.0,0.0,1.4951891645491064,1.0120389042908084,0.5051028485156801,potential_scale,1.5
rolling-lp,40002,0.9686551783234761,0.8715406200764015,0.09667671574901429,0.12836323112020007,0.6114568959084873,0.0,-0.0037760416666666667,0.0,0.0,1.6309759463194602,1.019486528683719,0.599769470909981,potential_scale,1.5
rolling-lp,40003,0.98268166908978,0.8833876617597156,0.09725905232564466,0.11764277670677285,0.5771304411694073,0.0,-0.020182291666666668,0.0,0.0,1.6030776584805224,1.0396239029120016,0.5551338705784433,potential_scale,1.5
rolling-lp,40004,0.9616403108889608,0.8658740418864406,0.09610543733889608,0.12075443053280001,0.5611851182953442,0.0,-0.0011718750000000002,0.0,0.0,1.5314556834532862,1.0072153271746966,0.5571649905978937,potential_scale,1.5
rolling-lp,40005,0.9888892898708921,0.8914587883578506,0.0988889289870892,0.12240479063404969,0.545359691516368,0.0,0.0,0.0,0.0,1.291603418447536,0.9542356515928715,0.571514688857012,potential_scale,1.5
rolling-lp,40006,0.9799314195188218,0.8798793231408268,0.09792152736854884,0.12288026135409053,0.5795643543660153,0.0,-0.0014322916666666666,0.0,0.0,1.5366965935015537,0.9880552659018973,0.5865707864397531,potential_scale,1.5
rolling-lp,40007,0.9825087785284861,0.8839611299146661,0.09720921118618192,0.11220788715535741,0.5522223063307629,0.0,-0.020833333333333332,0.0,0.0,1.5989821667650392,1.0481260671264065,0.5268663032537321,potential_scale,1.5
rolling-lp,40008,0.966775173154155,0.869971851033132,0.09667100689874883,0.11247720362300467,0.5159580742855505,0.0,-0.00013020833333333333,0.0,0.0,1.4034343004353325,0.991186744741761,0.5205457770926666,potential_scale,1.5
rolling-lp,40009,0.9449177792904546,0.849037377455813,0.0943290175123788,0.11463743839080165,0.5422121147195003,0.0,-0.0032552083333333335,0.0,0.0,1.5410302137604313,1.0074139160070523,0.5382217836225567,potential_scale,1.5
rolling-lp,40010,0.9511826963991152,0.8575924827219183,0.09511826963991152,0.10420725148302062,0.46651010637177026,0.0,0.0,0.0,0.0,1.3908088005727943,0.9585826225723237,0.48666655892416066,potential_scale,1.5
rolling-lp,40011,0.9192590073048561,0.8232669482538771,0.09192590073048561,0.11930770882209378,0.5389975759941394,0.0,0.0,0.0,0.0,1.7500000462499634,0.9828120290875915,0.5484238695109644,potential_scale,1.5
rolling-lp,40012,0.987733884038438,0.8887598810472399,0.0987733884038438,0.12399716399646993,0.5662556512243577,0.0,0.0,0.0,0.0,1.4301721480588419,1.0051801527554765,0.5633374770404037,potential_scale,1.5
rolling-lp,40013,0.9385948205433051,0.844700067664137,0.09384646122099718,0.11316865688129818,0.5250582039708861,0.0,-0.00026041666666666666,0.0,0.0,1.4308299282604213,0.9823798874535611,0.5344757264238134,potential_scale,1.5
rolling-lp,40014,0.8823320000136209,0.7902710203910123,0.08745846041802875,0.1020692655490369,0.5018740655276052,0.0,-0.015494791666666665,0.0,0.0,1.7378805638906165,1.0125668702365824,0.4956453546720763,potential_scale,1.5
rolling-lp,40015,0.9809498575380975,0.8817908975317758,0.09754811075380976,0.12262599771672539,0.5893224692863077,0.0,-0.0109375,0.0,0.0,1.553267282893911,1.0341831990864851,0.5698433989324794,potential_scale,1.5
rolling-lp,40016,0.9258753229013577,0.8319726462406851,0.09258102187346909,0.11445578768972477,0.5277865177864214,0.0,-0.00013020833333333333,0.0,0.0,1.4964018194421378,0.9854737412136911,0.5355662923462672,potential_scale,1.5
rolling-lp,40017,0.9367325510583032,0.8409131158108129,0.09292455718916366,0.1194278917611783,0.5876085157916796,0.0,-0.014973958333333332,0.0,0.0,1.5325838068833162,1.0358644864296476,0.5672638877861443,potential_scale,1.5
rolling-lp,40018,0.9808886877508481,0.8827826899200945,0.09793261877508481,0.12171935898706202,0.5757524150021572,0.0,-0.003125,0.0,0.0,1.464639130756824,0.9950715343630807,0.5786040451560915,potential_scale,1.5
rolling-lp,40019,0.9557275324079023,0.8571809069487993,0.09548811782412356,0.12368603530656568,0.5805058714422339,0.0,-0.0016927083333333332,0.0,0.0,1.4800105103215482,1.000898480939956,0.5799847661843525,potential_scale,1.5
rolling-lp,40020,0.8730046538506137,0.7813975555832567,0.0870595799683947,0.12076393589220692,0.5773686526515185,0.0,-0.0048177083333333336,0.0,0.0,1.7054959036116182,1.0143845532755276,0.5691812348553117,potential_scale,1.5
rolling-lp,40021,0.97850739984543,0.8802453052585943,0.09740152123454301,0.12199930458725503,0.5876131045082029,0.0,-0.008984375,0.0,0.0,1.5334358589199064,1.045996987326365,0.5617732284393854,potential_scale,1.5
rolling-lp,40022,1.0125896762523305,0.9141517004375629,0.10120037387523306,0.11385509872583861,0.5289509944452065,0.0,-0.001171875,0.0,0.0,1.3888583730832003,0.9964103634609548,0.5308565766095968,potential_scale,1.5
rolling-lp,40023,0.9698414794012621,0.8720019579293455,0.0969841479401262,0.12693704091776906,0.5723505003352998,0.0,0.0,0.0,0.0,1.5388228853587453,0.9722306506987005,0.5886982681773877,potential_scale,1.5
rolling-lp,40024,0.9547444611264704,0.8592245827726634,0.09527262319598037,0.11914220574025307,0.5643208061691712,0.0,-0.004036458333333334,0.0,0.0,1.5041081764884223,0.9963643538166045,0.5663799633211716,potential_scale,1.5
rolling-lp,40025,0.9522819217646065,0.8585789578021203,0.09522819217646064,0.11879987006667013,0.5330626279289832,0.0,0.0,0.0,0.0,1.4266089721100645,0.9534523308731062,0.5590868160559648,potential_scale,1.5
rolling-lp,40026,0.9506380682127991,0.8535846999657625,0.0950638068212799,0.11933855522822809,0.5436951918556674,0.0,0.0,0.0,0.0,1.519750724385502,0.9552353165824481,0.5691740897948051,potential_scale,1.5
rolling-lp,40027,0.9563884766263322,0.8592786009801433,0.09557374349596656,0.12255670488315137,0.5768402963499675,0.0,-0.0013020833333333333,0.0,0.0,1.505019344255453,0.999755405312094,0.5769814229410394,potential_scale,1.5
rolling-lp,40028,0.9263348981703214,0.8277245419611408,0.09138348981703213,0.12392952069821885,0.6083298756151789,0.0,-0.025,0.0,0.0,1.7756447039236065,1.0752436943655481,0.5657600028746287,potential_scale,1.5
rolling-lp,40029,0.9857737788668074,0.8872042152332519,0.09857737788668074,0.12313261717065653,0.5470334151259448,0.0,0.0,0.0,0.0,1.404084150751459,0.9446668658041043,0.5790754761577329,potential_scale,1.5
rolling-lp,40030,0.939542081555652,0.8433597912205798,0.09366123940556519,0.125427116824893,0.5968051760468679,0.0,-0.005859375,0.0,0.0,1.5932227798268652,1.025275096541847,0.5820927261959582,potential_scale,1.5
rolling-lp,40031,0.9319841339519863,0.8366506029566736,0.0931853925618653,0.12031432809393451,0.556186315229973,0.0,-0.00026041666666666666,0.0,0.0,1.599561328967569,1.0027134391689745,0.5546812214773218,potential_scale,1.5
rolling-lp,40032,0.9457921412584336,0.8507685087662007,0.09332270370917668,0.11452538452188195,0.5649391591216927,0.0,-0.02513020833333333,0.00013020833333333333,0.0,1.5968424179586667,1.0508715174692538,0.5375910848570711,potential_scale,1.5
rolling-lp,40033,0.9367437863978538,0.8424787784801759,0.09367437863978538,0.10762958248023893,0.4919676297858023,0.0,0.0,0.0,0.0,1.4811192443549654,0.9679912617129468,0.5082356104281579,potential_scale,1.5
rolling-lp,40034,1.001795256906178,0.9013542704505397,0.09954801527395114,0.11953866326541744,0.5793381316514933,0.0,-0.012630208333333334,0.0,0.0,1.3944908044422746,1.0221358258380033,0.5667917286594665,potential_scale,1.5
rolling-lp,40035,0.9479700033048535,0.853636146437608,0.09420455241381867,0.1154368918042185,0.5649750995690583,0.0,-0.011848958333333333,0.0,0.0,1.5851276718687022,1.033931251992598,0.5464339127773101,potential_scale,1.5
rolling-lp,40036,0.8972988248363446,0.8049099398526686,0.08965826790030113,0.12032325428095117,0.5651590098579999,0.0,-0.0014322916666666666,0.0,0.0,1.61202705848016,0.9960159172012828,0.56741965675212,potential_scale,1.5
rolling-lp,40037,0.9613156972461488,0.8631426726458001,0.09613156972461488,0.12084621221545251,0.5431072805078061,0.0,0.0,0.0,0.0,1.5188394496341258,0.9677846868002743,0.5611860653669233,potential_scale,1.5
rolling-lp,40038,0.975256929822391,0.8754350239807848,0.0974670992322391,0.12795851910933093,0.5998932326753607,0.0,-0.001171875,0.0,0.0,1.4406190639335497,0.9888286997090789,0.6066705313588227,potential_scale,1.5
rolling-lp,40039,0.9847104073572162,0.8854433262709841,0.09834083240238828,0.12225555027805887,0.5782460033482721,0.0,-0.0026041666666666665,0.0,0.0,1.462167512238117,1.0018911287837224,0.5771545298043035,potential_scale,1.5
rolling-lp,40040,0.9873402413053507,0.8908811656444456,0.09873402413053507,0.10656493191366057,0.49239950273387606,0.0,0.0,0.0,0.0,1.3732559523761674,0.9722071526156354,0.5064759104159229,potential_scale,1.5
rolling-lp,40041,0.995265716497628,0.8975162070762933,0.09875183206642947,0.1183069603451037,0.5806498802371698,0.0,-0.015494791666666667,0.0,0.0,1.4477924158809783,1.0308337592090526,0.563281785302313,potential_scale,1.5
rolling-lp,40042,0.9520068065527012,0.8553027073178276,0.09516812857193678,0.1173656720491806,0.54578213175163,0.0,-0.0006510416666666666,0.0,0.0,1.4743858733682922,0.9951166174984578,0.5484604740333119,potential_scale,1.5
rolling-lp,40043,1.00760627938006,0.9089943206721071,0.100760627938006,0.12033924839684018,0.5283112498160472,0.0,0.0,0.0,0.0,1.3468269315490833,0.9251763576066727,0.5710384246985396,potential_scale,1.5
rolling-lp,40044,1.0085621737101473,0.9092967115882375,0.10085621737101473,0.1269366824089134,0.5849794386832528,0.0,0.0,0.0,0.0,1.3395701917223268,0.9943227825097007,0.588319456189817,potential_scale,1.5
rolling-lp,40045,0.9769835863343828,0.8818146934450068,0.09768533780010494,0.10011958302219973,0.4617591085038466,0.0,-0.00026041666666666666,0.0,0.0,1.40895744355174,0.9789900113789456,0.47166886601165714,potential_scale,1.5
rolling-lp,40046,1.0152413615664835,0.9150328409407223,0.10147205282331502,0.12275158509279922,0.5739306894019092,0.0,-0.0010416666666666667,0.0,0.0,1.4044918635012247,0.9925390776896083,0.578244929900273,potential_scale,1.5
rolling-lp,40047,0.9365127172789774,0.8410010006045797,0.09359918839456441,0.11756229242545402,0.5522263738495212,0.0,-0.0010416666666666667,0.0,0.0,1.5319299741422971,0.9985197569287575,0.5530450149009135,potential_scale,1.5
rolling-lp,40048,0.9888402121393303,0.8898124978802973,0.09860407329726636,0.12079893577115407,0.5772919536932677,0.0,-0.0055989583333333325,0.0,0.0,1.612223928841199,1.0124027788874934,0.5702196455126691,potential_scale,1.5
rolling-lp,40049,0.9804700499154414,0.8833007634314561,0.09804700499154415,0.12067492597995384,0.5393347466362179,0.0,0.0,0.0,0.0,1.4150057380466956,0.9672560437961872,0.557592532086429,potential_scale,1.5
ppo-retrained,40000,0.9955789315631685,0.8960934925701523,0.09955789315631684,0.1228704576061983,0.563374081720719,0.0,0.0,0.0,0.0,2.4950837228670886,1.5062514679784655,0.3740239220990246,potential_scale,1.5
ppo-retrained,40001,0.958834540613516,0.8634433692381503,0.0957662665613516,0.11458528009858966,0.5410110409798099,0.0,-0.00234375,0.0,0.0,2.49450650635733,1.4685937934618756,0.3683871220131603,potential_scale,1.5
ppo-retrained,40002,1.0102927193876152,0.9081761205187889,0.10084046985542819,0.13387080653219205,0.6376921732227911,0.0,-0.0037760416666666667,0.0,0.0,2.4941739757835286,1.4722193722098584,0.4331502391967513,potential_scale,1.5
ppo-retrained,40003,0.994652728035488,0.89328820695111,0.09828037697021545,0.11836498841163617,0.5806734581868004,0.0,-0.023697916666666666,0.0,0.0,2.49419734890616,1.505791740652606,0.38562667234124826,potential_scale,1.5
ppo-retrained,40004,0.9823554066212132,0.8836818595668573,0.09817694691212132,0.12481642984949813,0.5800625504276391,0.0,-0.0011718750000000002,0.0,0.0,2.494635291851736,1.4646194246410194,0.39605001863867356,potential_scale,1.5
ppo-retrained,40005,0.9830111128531114,0.8838379758408822,0.09830111128531113,0.13183395125589298,0.5873701724897842,0.0,0.0,0.0,0.0,2.495255158553919,1.491854366269814,0.3937181710024593,potential_scale,1.5
ppo-retrained,40006,1.0160022719399369,0.9126421160242824,0.10152861261066035,0.1290118702273262,0.6084840677413113,0.0,-0.0014322916666666666,0.0,0.0,2.4945325745472404,1.4672235813112764,0.41471802627211135,potential_scale,1.5
ppo-retrained,40007,1.00435342942901,0.9026355159008143,0.09919836377623431,0.11836131731009851,0.5825059296841874,0.0,-0.024739583333333332,0.0,0.0,2.493904549610397,1.4911806050917533,0.3906340571324326,potential_scale,1.5
ppo-retrained,40008,0.9965984016466187,0.8976153906674716,0.0996533297479952,0.11539060874762218,0.5293225148058682,0.0,-0.00013020833333333333,0.0,0.0,2.4949689427160973,1.5500381024725791,0.3414900020596314,potential_scale,1.5
ppo-retrained,40009,0.989643129615693,0.8908039035138142,0.09880155254490262,0.11707729551664535,0.553752150072587,0.0,-0.0032552083333333335,0.0,0.0,2.4947664275536168,1.5131377582616206,0.3659628127374002,potential_scale,1.5
ppo-retrained,40010,0.9832486024351808,0.8863333609472822,0.09832486024351808,0.1072758955215788,0.4802476672081975,0.0,0.0,0.0,0.0,2.4947630421790845,1.477103376849441,0.32512800033842754,potential_scale,1.5
ppo-retrained,40011,0.9507215167712271,0.8516134029005807,0.09507215167712271,0.12622558259929922,0.5702505204497843,0.0,0.0,0.0,0.0,2.4951101505150666,1.4165460430180763,0.40256405590235195,potential_scale,1.5
ppo-retrained,40012,0.9947369048498278,0.894219363312931,0.09947369048498278,0.12607656743632442,0.5757516260599314,0.0,0.0,0.0,0.0,2.494734661454089,1.502633106997746,0.3831618133386402,potential_scale,1.5
ppo-retrained,40013,0.9539131927076209,0.8574984866340871,0.09537829843742876,0.11829420012823447,0.5488387153401627,0.0,-0.00026041666666666666,0.0,0.0,2.49445946418745,1.4861762416411939,0.3692958479366327,potential_scale,1.5
ppo-retrained,40014,0.9631086402952842,0.8656213724325436,0.09536034319619509,0.10969250931859088,0.5393575168148682,0.0,-0.01901041666666667,0.0,0.0,2.494370898358112,1.5038433294919547,0.35865273079814775,potential_scale,1.5
ppo-retrained,40015,1.0016142178422223,0.8991310452473522,0.09959501553422223,0.12718666579389648,0.6112403677978655,0.0,-0.011328125,0.0,0.0,2.494380937027741,1.5019128680662326,0.40697458607226644,potential_scale,1.5
ppo-retrained,40016,0.9630417444163715,0.8655051782713057,0.09629766402497049,0.12082012482155455,0.5571341934315633,0.0,-0.00013020833333333333,0.0,0.0,2.494637891328767,1.4525285093434417,0.3835616236430319,potential_scale,1.5
ppo-retrained,40017,0.9721649686514744,0.8738435795139681,0.09637014269848077,0.12343515824349736,0.6073250482978884,0.0,-0.016927083333333332,0.0,0.0,2.4939207273474713,1.4702727468575267,0.41306964955716463,potential_scale,1.5
ppo-retrained,40018,0.9977056104794328,0.8978349638232075,0.09961431104794329,0.12476003657256642,0.5901353157803578,0.0,-0.003125,0.0,0.0,2.4945606337453126,1.5101006278980023,0.39079204715105764,potential_scale,1.5
ppo-retrained,40019,0.9888562263029836,0.8885554182808131,0.0988009872136317,0.12497694581240168,0.5865646081968471,0.0,-0.0016927083333333332,0.0,0.0,2.4945013084279384,1.4857889047722803,0.3947832739313308,potential_scale,1.5
ppo-retrained,40020,0.9441000024700854,0.8467335233675608,0.09416911483034188,0.12729502834887257,0.6085936042414815,0.0,-0.0048177083333333336,0.0,0.0,2.4940506461615373,1.4695098693085478,0.4141473405196282,potential_scale,1.5
ppo-retrained,40021,0.9734830794115179,0.873682128979798,0.0968795579411518,0.12679454758462216,0.6107095281647725,0.0,-0.009375,0.0,0.0,2.4940709752459322,1.4586072177749243,0.41869361451288956,potential_scale,1.5
ppo-retrained,40022,0.9992080392146119,0.8997066801504792,0.0998622101714612,0.1172089636385904,0.544532467744938,0.0,-0.001171875,0.0,0.0,2.494707735539513,1.5170304611496706,0.358946297843135,potential_scale,1.5
ppo-retrained,40023,1.0115567228085118,0.9104089158851097,0.10115567228085118,0.12798716813523736,0.5770854526706316,0.0,0.0,0.0,0.0,2.494823071724808,1.5180789176159988,0.3801419319997477,potential_scale,1.5
ppo-retrained,40024,0.9619036195818003,0.8650542278213753,0.09598853904151336,0.12051494828447595,0.5708228444217402,0.0,-0.004036458333333334,0.0,0.0,2.4944588622076624,1.5008974760140794,0.38032101029156873,potential_scale,1.5
ppo-retrained,40025,0.968711520500962,0.872846912896816,0.0968711520500962,0.12233067527259506,0.5489055770897813,0.0,0.0,0.0,0.0,2.494785163664063,1.5179775538014357,0.36160322378626075,potential_scale,1.5
ppo-retrained,40026,0.9800282073809353,0.8796328744625825,0.09800282073809354,0.1237484810089234,0.5637863974079637,0.0,0.0,0.0,0.0,2.4949199833547953,1.4867953087535535,0.3791957064221643,potential_scale,1.5
ppo-retrained,40027,1.0153849238170454,0.9130499896397558,0.10147338821503786,0.1340580286363646,0.6309738258744915,0.0,-0.0013020833333333333,0.0,0.0,2.494622982149152,1.4976404243273782,0.42131196222075473,potential_scale,1.5
ppo-retrained,40028,0.9789779659217309,0.8762774540771,0.09650456742550642,0.12468077277958386,0.6120175287476822,0.0,-0.02786458333333333,0.0,0.0,2.493860596539642,1.4699563609137347,0.416350814909395,potential_scale,1.5
ppo-retrained,40029,0.9947856701700383,0.8943477721189852,0.09947856701700383,0.1284176901029437,0.5705130711404987,0.0,0.0,0.0,0.0,2.495117307729846,1.4898703349003464,0.3829280023745548,potential_scale,1.5
ppo-retrained,40030,0.9543126426874605,0.8558881369044623,0.09513829551874604,0.13268969187061144,0.631361837225365,0.0,-0.005859375,0.0,0.0,2.4942735274330596,1.4551801095055714,0.4338719537885133,potential_scale,1.5
ppo-retrained,40031,0.9757845827162648,0.8772322096475186,0.09756543743829314,0.12326117652689887,0.5698089385487187,0.0,-0.00026041666666666666,0.0,0.0,2.4949058876980463,1.498551654747636,0.38023977134420334,potential_scale,1.5
ppo-retrained,40032,0.976727143995048,0.8781814258791563,0.09617531856617145,0.11916139806262831,0.5878080244157936,-0.00013020833333333333,-0.02981770833333333,0.0,0.0,2.493806103700776,1.5045624513338312,0.39068369936700703,potential_scale,1.5
ppo-retrained,40033,0.9736483831651772,0.8755574389587564,0.09736483831651772,0.11351225430414685,0.5188569296169808,0.0,0.0,0.0,0.0,2.4947054234060295,1.485578668849601,0.349262506588609,potential_scale,1.5
ppo-retrained,40034,1.0156764171425365,0.913112757176296,0.10088404796425365,0.12195509351758353,0.5910492395835582,0.0,-0.013671875,0.0,0.0,2.4941698973304263,1.5354471902902098,0.38493622139609107,potential_scale,1.5
ppo-retrained,40035,0.994271722388383,0.8938379333211055,0.09871102640550497,0.12886713113693737,0.6307058264246289,0.0,-0.014322916666666666,0.0,0.0,2.493820126797646,1.5418932127615743,0.40904637312399666,potential_scale,1.5
ppo-retrained,40036,0.9461774733182923,0.8510759454963549,0.0945461327484959,0.12080376611765163,0.5674159766885396,0.0,-0.0014322916666666666,0.0,0.0,2.4945898847961887,1.4928054567164692,0.380100417060781,potential_scale,1.5
ppo-retrained,40037,0.9809508974430108,0.8797957729564446,0.09809508974430108,0.1323083431354784,0.5946204114423618,0.0,0.0,0.0,0.0,2.4948715740884455,1.4854837424378686,0.4002873908714165,potential_scale,1.5
ppo-retrained,40038,1.0111809220591317,0.9091691641362483,0.10105949845591318,0.13402864306311058,0.6283510978235317,0.0,-0.001171875,0.0,0.0,2.49412468049573,1.526888997576116,0.41152375766739924,potential_scale,1.5
ppo-retrained,40039,0.9932832858023182,0.8925162544193255,0.09919812024689849,0.1259850906258227,0.5958860351956246,0.0,-0.0026041666666666665,0.0,0.0,2.4943730024636936,1.4850527815584371,0.40125579548108226,potential_scale,1.5
ppo-retrained,40040,0.9811185866873903,0.8826711057999189,0.09811185866873903,0.11083676780977288,0.5121381712924095,0.0,0.0,0.0,0.0,2.4947158517755685,1.460672575563901,0.35061805079396086,potential_scale,1.5
ppo-retrained,40041,0.9784714585422536,0.8799686843075238,0.09693568752089202,0.12216743384995574,0.5995970619728205,0.0,-0.018229166666666668,0.0,0.0,2.494451718718326,1.4926967357706415,0.4016871261283114,potential_scale,1.5
ppo-retrained,40042,0.9610323943960067,0.8625784341275285,0.09607068735626734,0.12012997817674533,0.5586369032088596,0.0,-0.0006510416666666666,0.0,0.0,2.4943578376130513,1.4937140549801413,0.3739918636678334,potential_scale,1.5
ppo-retrained,40043,0.9980816996049013,0.8972995601268908,0.09980816996049013,0.12236848280198552,0.537219958978138,0.0,0.0,0.0,0.0,2.4954121993110894,1.4730494438485238,0.36469920356141233,potential_scale,1.5
ppo-retrained,40044,0.9892182620632367,0.8880688786750295,0.09892182620632367,0.13115896844083688,0.6044375690364477,0.0,0.0,0.0,0.0,2.4946613626357994,1.4833285930257256,0.40748730381007686,potential_scale,1.5
ppo-retrained,40045,0.9616343735117763,0.8657600498494401,0.09615041651784428,0.1030170057464786,0.4751222418064008,0.0,-0.00026041666666666666,0.0,0.0,2.4946957749712553,1.4493185681900704,0.3278245737234569,potential_scale,1.5
ppo-retrained,40046,1.0059951481916918,0.9050397957289357,0.10054743148583585,0.12403587720449859,0.5799354563179845,0.0,-0.0010416666666666667,0.0,0.0,2.494005491623424,1.498841436996545,0.3869224869310317,potential_scale,1.5
ppo-retrained,40047,0.9915501534636657,0.8923160773942714,0.09910293201303325,0.12349974706893907,0.5801164309419928,0.0,-0.0010416666666666667,0.0,0.0,2.494434137775511,1.5264816765868934,0.3800349783687497,potential_scale,1.5
ppo-retrained,40048,0.9892789505481233,0.8883112229623393,0.098641436721479,0.12341744569653175,0.589805679091066,0.0,-0.005729166666666666,0.0,0.0,2.4944883977930337,1.4583573345062142,0.4044315238355273,potential_scale,1.5
ppo-retrained,40049,1.0071565075562448,0.9073217963014291,0.10071565075562447,0.12418642537876746,0.555028757825311,0.0,0.0,0.0,0.0,2.4948496794946275,1.5232062012596725,0.36438189219969636,potential_scale,1.5
ppo-frozen,40000,0.9949509906465466,0.8955696176135485,0.09949509906465466,0.1228704576061983,0.563374081720719,0.0,0.0,0.0,0.0,2.498126084343225,1.545921902027251,0.36442596549148837,potential_scale,2.0
ppo-frozen,40001,0.9583263580981854,0.8629825749626047,0.09571544830981855,0.11458528009858966,0.5410110409798099,0.0,-0.00234375,0.0,0.0,2.4982492930318996,1.511407882428753,0.3579517132796963,potential_scale,2.0
ppo-frozen,40002,1.0073306783871108,0.9052938531715099,0.10054426575537774,0.13387080653219205,0.6376921732227911,0.0,-0.0037760416666666667,0.0,0.0,2.4980349522312535,1.5341577505364403,0.41566271330299176,potential_scale,2.0
ppo-frozen,40003,0.994076933284689,0.89275192314303,0.09822279749513559,0.11836498841163617,0.5806734581868004,0.0,-0.023697916666666666,0.0,0.0,2.498031440923623,1.5293361194631747,0.3796898868710611,potential_scale,2.0
ppo-frozen,40004,0.980839000691156,0.8821481579972067,0.0980253063191156,0.12481642984949813,0.5800625504276391,0.0,-0.0011718750000000002,0.0,0.0,2.49805379397591,1.536156120914224,0.37760650921497624,potential_scale,2.0
ppo-frozen,40005,0.9785776100760508,0.8795449442774016,0.09785776100760508,0.13183395125589298,0.5873701724897842,0.0,0.0,0.0,0.0,2.497737482801455,1.5777179371284111,0.3722909898323466,potential_scale,2.0
ppo-frozen,40006,1.012045391626178,0.9089455521489087,0.10113292457928447,0.1290118702273262,0.6084840677413113,0.0,-0.0014322916666666666,0.0,0.0,2.4980997343654123,1.511104738001292,0.40267497840430366,potential_scale,2.0
ppo-frozen,40007,1.0062208490003666,0.9043161367646485,0.09939161615003664,0.11879364686235183,0.5846336056300834,0.0,-0.024609375,0.0,0.0,2.4977172164534758,1.5684326545397178,0.37275021272854947,potential_scale,2.0
ppo-frozen,40008,0.9991106638497569,0.8999811036466246,0.09990455596830902,0.11546465842938149,0.5296621972479215,0.0,-0.00013020833333333333,0.0,0.0,2.497883187755086,1.6200324239342359,0.32694542987086705,potential_scale,2.0
ppo-frozen,40009,0.9864167941469343,0.8878026850005629,0.09847891899802676,0.11719589446514114,0.5543130993363711,0.0,-0.0032552083333333335,0.0,0.0,2.49820654004693,1.5679715083871029,0.3535224309697862,potential_scale,2.0
ppo-frozen,40010,0.9818432458118594,0.884955985347464,0.09818432458118595,0.1072758955215788,0.4802476672081975,0.0,0.0,0.0,0.0,2.498106909303213,1.5612530395131186,0.30760399182823317,potential_scale,2.0
ppo-frozen,40011,0.9527550784315599,0.8535027040944448,0.095275507843156,0.12622558259929922,0.5702505204497843,0.0,0.0,0.0,0.0,2.498251549854259,1.4808089603549939,0.38509391536439536,potential_scale,2.0
ppo-frozen,40012,0.9987913675790107,0.8981044674599007,0.09987913675790107,0.12607656743632442,0.5757516260599314,0.0,0.0,0.0,0.0,2.498007033103902,1.56665231164762,0.3675044052719162,potential_scale,2.0
ppo-frozen,40013,0.943991155246121,0.8481624544426862,0.09438609469127876,0.11833834233231653,0.5490435178626398,0.0,-0.00026041666666666666,0.0,0.0,2.4981739122680966,1.509987719664305,0.3636079358212934,potential_scale,2.0
ppo-frozen,40014,0.964008619014609,0.8665760960997195,0.09545034106812757,0.109753410805443,0.5396569691195237,0.0,-0.01901041666666667,0.0,0.0,2.4980545484645544,1.5486602566639762,0.3484669841544315,potential_scale,2.0
ppo-frozen,40015,1.0008369701697013,0.8983942207216498,0.09951729076697015,0.12718666579389648,0.6112403677978655,0.0,-0.011328125,0.0,0.0,2.4978942829164468,1.5649129636982102,0.39059064751651057,potential_scale,2.0
ppo-frozen,40016,0.960309889721823,0.8629231442921745,0.09602447855551563,0.12082012482155455,0.5571341934315633,0.0,-0.00013020833333333333,0.0,0.0,2.4981180903946654,1.510264386318434,0.36889845147556405,potential_scale,2.0
ppo-frozen,40017,0.971978247563462,0.8736300555984116,0.09635147058967952,0.12343515824349736,0.6073250482978884,0.0,-0.016927083333333332,0.0,0.0,2.49799759679679,1.5420012682284403,0.3938550900127509,potential_scale,2.0
ppo-frozen,40018,0.99776812911706,0.8979227950106641,0.099620562911706,0.12476003657256642,0.5901353157803578,0.0,-0.003125,0.0,0.0,2.4979214511733083,1.5582343995409769,0.3787205031246899,potential_scale,2.0
ppo-frozen,40019,0.9892378452366135,0.888937678710265,0.09883914910699469,0.12497694581240168,0.5865646081968471,0.0,-0.0016927083333333332,0.0,0.0,2.4981150803712526,1.5277596793088073,0.3839377463229178,potential_scale,2.0
ppo-frozen,40020,0.944306414689092,0.8469544111135022,0.09418975605224253,0.12729502834887257,0.6085936042414815,0.0,-0.0048177083333333336,0.0,0.0,2.4979803951070165,1.5066408045667186,0.4039407418123801,potential_scale,2.0
ppo-frozen,40021,0.972353225379198,0.8725265396145057,0.09676657253791981,0.12679454758462216,0.6107095281647725,0.0,-0.009375,0.0,0.0,2.497820069659036,1.5461177823273138,0.3949954752124344,potential_scale,2.0
ppo-frozen,40022,0.9951697225015274,0.8958193100109466,0.09945837850015274,0.1172089636385904,0.544532467744938,0.0,-0.001171875,0.0,0.0,2.497970128844845,1.5558229542598978,0.3499964223139844,potential_scale,2.0
ppo-frozen,40023,1.0099702106413964,0.9090162959291215,0.10099702106413963,0.12798716813523736,0.5770854526706316,0.0,0.0,0.0,0.0,2.498078450533811,1.5462924225038703,0.37320589836181983,potential_scale,2.0
ppo-frozen,40024,0.9643804029583154,0.8673657319768993,0.09623621737916488,0.12051494828447595,0.5708228444217402,0.0,-0.004036458333333334,0.0,0.0,2.497909660744646,1.562917933472082,0.3652289299372459,potential_scale,2.0
ppo-frozen,40025,0.9666727111188662,0.8709121969379783,0.09666727111188662,0.12233067527259506,0.5489055770897813,0.0,0.0,0.0,0.0,2.4978310303007536,1.572715171225989,0.3490177923710682,potential_scale,2.0
ppo-frozen,40026,0.9804370982057347,0.8800512260673811,0.09804370982057346,0.1237484810089234,0.5637863974079637,0.0,0.0,0.0,0.0,2.497967965227197,1.5447567250128218,0.36496775723911096,potential_scale,2.0
ppo-frozen,40027,1.0171912599191573,0.9148259393357111,0.10165402182524907,0.1340580286363646,0.6309738258744915,0.0,-0.0013020833333333333,0.0,0.0,2.4978019609017816,1.5551228842990144,0.4057388854893667,potential_scale,2.0
ppo-frozen,40028,0.9781316555918366,0.8755373994354889,0.09641993639251699,0.12468077277958386,0.6120175287476822,0.0,-0.02786458333333333,0.0,0.0,2.4978181040359404,1.5330486437771413,0.3992159878500574,potential_scale,2.0
ppo-frozen,40029,0.9963095722010044,0.8957376421328846,0.09963095722010043,0.1284176901029437,0.5705130711404987,0.0,0.0,0.0,0.0,2.4979010683707026,1.5449500094172033,0.3692760721466396,potential_scale,2.0
ppo-frozen,40030,0.9510777043677766,0.8529547178448103,0.09481480168677765,0.1327295000765533,0.6315512519544655,0.0,-0.005859375,0.0,0.0,2.4981525379254284,1.4738086233824785,0.4285164586057434,potential_scale,2.0
ppo-frozen,40031,0.9758009342107399,0.8772741385026905,0.09756707258774065,0.12326117652689887,0.5698089385487187,0.0,-0.00026041666666666666,0.0,0.0,2.49789160388251,1.5701142591435322,0.3629092183772274,potential_scale,2.0
ppo-frozen,40032,0.9752460737980337,0.8767846606103887,0.09602721154647002,0.11916139806262831,0.5878080244157936,-0.00013020833333333333,-0.02981770833333333,0.0,0.0,2.4978445463687544,1.5591504152234323,0.37700533487755794,potential_scale,2.0
ppo-frozen,40033,0.9730406869415422,0.8747969283307502,0.09730406869415423,0.11423311378687791,0.5221519301452318,0.0,0.0,0.0,0.0,2.49786903233381,1.552467293283753,0.33633683131628794,potential_scale,2.0
ppo-frozen,40034,1.01409987807621,0.9117070911669867,0.100726394057621,0.12195509351758353,0.5910492395835582,0.0,-0.013671875,0.0,0.0,2.4977480053340138,1.601568451299838,0.3690440075189173,potential_scale,2.0
ppo-frozen,40035,0.9933998126563452,0.892755024848142,0.09862383543230119,0.12972876348107268,0.63492285628234,0.0,-0.014322916666666666,0.0,0.0,2.4977173095559735,1.622520133926907,0.3913189383639061,potential_scale,2.0
ppo-frozen,40036,0.9453888225679324,0.8502937010308077,0.0944672676734599,0.12080376611765163,0.5674159766885396,0.0,-0.0014322916666666666,0.0,0.0,2.4980693669038603,1.5546448390262073,0.36498109564622844,potential_scale,2.0
ppo-frozen,40037,0.9806023933230639,0.87942233903571,0.09806023933230638,0.1325724930891412,0.5958075546746567,0.0,0.0,0.0,0.0,2.4980136455951243,1.5246931499846772,0.39077210695190995,potential_scale,2.0
ppo-frozen,40038,1.0142145943243153,0.9121192626674076,0.10136286568243154,0.13402864306311058,0.6283510978235317,0.0,-0.001171875,0.0,0.0,2.4976548656131152,1.5928408897845403,0.39448453505517883,potential_scale,2.0
ppo-frozen,40039,0.9947857378995666,0.8939820152269169,0.09934836545662332,0.1259850906258227,0.5958860351956246,0.0,-0.0026041666666666665,0.0,0.0,2.4980667812191317,1.5480138617681614,0.3849358522636198,potential_scale,2.0
ppo-frozen,40040,0.9807555116794057,0.8823212286140278,0.09807555116794056,0.11093672177211548,0.5126000238030801,0.0,0.0,0.0,0.0,2.4979899665981207,1.508542860666553,0.33979811722193076,potential_scale,2.0
ppo-frozen,40041,0.9764281359889699,0.8780039273875992,0.09673135526556365,0.12241173231435278,0.6007960774295652,0.0,-0.018229166666666668,0.0,0.0,2.4980509207526413,1.5360748862263036,0.39112421068581443,potential_scale,2.0
ppo-frozen,40042,0.9578658977480218,0.8596554280995701,0.09575403769146884,0.12012997817674533,0.5586369032088596,0.0,-0.0006510416666666666,0.0,0.0,2.497884625155644,1.548727449366049,0.36070704592827496,potential_scale,2.0
ppo-frozen,40043,0.9927523785699109,0.8922456779664512,0.09927523785699109,0.12236848280198552,0.537219958978138,0.0,0.0,0.0,0.0,2.49811447241614,1.5212435864143636,0.35314525811371766,potential_scale,2.0
ppo-frozen,40044,0.986851439560786,0.8857519148336199,0.09868514395607861,0.13115896844083688,0.6044375690364477,0.0,0.0,0.0,0.0,2.4980980184073265,1.530680962266993,0.3948814834289532,potential_scale,2.0
ppo-frozen,40045,0.9649619257165595,0.8688585953136494,0.09648317173832262,0.10319509103560486,0.47594358466323594,0.0,-0.00026041666666666666,0.0,0.0,2.4981670459490264,1.523313420157284,0.31243969780959074,potential_scale,2.0
ppo-frozen,40046,1.0087908160625698,0.9076008183518772,0.10082699827292366,0.12403587720449859,0.5799354563179845,0.0,-0.0010416666666666667,0.0,0.0,2.4978314492747535,1.5728306513430508,0.3687208510482509,potential_scale,2.0
ppo-frozen,40047,0.9938797806469184,0.894560828013842,0.09933589473135851,0.12349974706893907,0.5801164309419928,0.0,-0.0010416666666666667,0.0,0.0,2.497959133086804,1.582263388024588,0.36663708162157005,potential_scale,2.0
ppo-frozen,40048,0.9802700753952706,0.8799366275449196,0.09774054920619372,0.12341744569653175,0.589805679091066,0.0,-0.005729166666666666,0.0,0.0,2.498272961018007,1.444047895973671,0.4084391388509871,potential_scale,2.0
ppo-frozen,40049,1.0045551327666238,0.9048423394149322,0.10045551327666238,0.12418642537876746,0.555028757825311,0.0,0.0,0.0,0.0,2.4978724898909683,1.5982530570466291,0.34727213902592774,potential_scale,2.0
rolling-lp,40000,0.9299669171486712,0.8355339787383496,0.09299669171486712,0.11805962352909218,0.5413158971635575,0.0,0.0,0.0,0.0,1.5969992967994577,0.9838562287547914,0.5501981705687518,potential_scale,2.0
rolling-lp,40001,0.9679773885410726,0.8729505538301826,0.09668055135410727,0.10837589973847511,0.5116936336341651,0.0,-0.00234375,0.0,0.0,1.4109157999293753,1.01355346704069,0.5048511502093482,potential_scale,2.0
rolling-lp,40002,0.9822905941421219,0.8841869370117794,0.09804676774754553,0.12641868194123648,0.602194056429189,0.0,-0.0036458333333333334,0.0,0.0,1.4543360862538353,0.9996796573223116,0.6023870267023276,potential_scale,2.0
rolling-lp,40003,0.9757404256635837,0.8769357121926092,0.09662352173302505,0.1176363335973648,0.5770988326450315,0.0,-0.019010416666666665,0.0,0.0,1.5353455394795774,1.0390290756782383,0.5554212544709815,potential_scale,2.0
rolling-lp,40004,0.9908443924213886,0.8934343542370473,0.09902584549213884,0.12088331069111251,0.5617840663138095,0.0,-0.0011718750000000002,0.0,0.0,1.4397727229934039,1.009914385434646,0.5562690010322305,potential_scale,2.0
rolling-lp,40005,0.9909051868929191,0.8930406626055123,0.0990905186892919,0.12284734193148555,0.5473314251209076,0.0,0.0,0.0,0.0,1.3413832942467665,0.9621365379919331,0.5688708447381474,potential_scale,2.0
rolling-lp,40006,0.9821765379039485,0.8819320437105777,0.09814603920706153,0.12287776263411808,0.5795525691613648,0.0,-0.0014322916666666666,0.0,0.0,1.5200192510397765,0.9880235112353736,0.5865777105209998,potential_scale,2.0
rolling-lp,40007,0.9713864214120642,0.8729135574509785,0.09621416297453975,0.11223992952926973,0.5523800003580791,0.0,-0.01848958333333333,0.0,0.0,1.5666432145158526,1.048731734681506,0.5267123918261459,potential_scale,2.0
rolling-lp,40008,0.9819490637589245,0.8838950732631956,0.0981883959592258,0.11359022789646608,0.5210637654146886,0.0,-0.00013020833333333333,0.0,0.0,1.4072016356115076,1.0128720682466377,0.5144418350055714,potential_scale,2.0
rolling-lp,40009,0.925268066632118,0.8304743776373537,0.09236404624654514,0.11454538429997492,0.5417767173139373,0.0,-0.0032552083333333335,0.0,0.0,1.5617385253326048,1.004544823652985,0.5393255776718743,potential_scale,2.0
rolling-lp,40010,0.9513827179867296,0.8575591375262807,0.09513827179867296,0.10480166600157645,0.4691711532407167,0.0,0.0,0.0,0.0,1.3623297964102372,0.9730087057794347,0.4821859768098213,potential_scale,2.0
rolling-lp,40011,0.9471641058689921,0.8500075216644709,0.09471641058689921,0.11901401864040989,0.5376707690544726,0.0,0.0,0.0,0.0,1.552299058161758,0.9788653953995936,0.5492795757020137,potential_scale,2.0
rolling-lp,40012,0.9831942981740076,0.8842450285994249,0.09831942981740076,0.12353723155421338,0.5641552858916747,0.0,0.0,0.0,0.0,1.4388684812482935,0.99531909746485,0.5668084610539667,potential_scale,2.0
rolling-lp,40013,0.9098885375502102,0.8171885993600011,0.09097583292168768,0.11346942252550922,0.5264536386549898,0.0,-0.00026041666666666666,0.0,0.0,1.66399471950218,0.9939878090276146,0.5296379229942488,potential_scale,2.0
rolling-lp,40014,0.8802388691451835,0.788246392768242,0.08730123066451834,0.10267914420235151,0.504872835799646,0.0,-0.014453124999999999,0.0,0.0,1.705894394257561,1.0247958164012265,0.492657003199532,potential_scale,2.0
rolling-lp,40015,0.987754261319253,0.8881231038770957,0.09825459279859197,0.12257514391105423,0.5890780733923803,0.0,-0.010416666666666668,0.0,0.0,1.5189569784274435,1.033329602170079,0.5700776133338934,potential_scale,2.0
rolling-lp,40016,0.9475519143705535,0.8523469768050131,0.09474868102038869,0.11445424766678577,0.5277794163251438,0.0,-0.00013020833333333333,0.0,0.0,1.428539277617119,0.9854412292358252,0.5355767555356071,potential_scale,2.0
rolling-lp,40017,0.9211993757664854,0.8264450855096284,0.09141030215998187,0.11956446476160582,0.5882804815853897,0.0,-0.014192708333333331,0.0,0.0,1.7206270865667672,1.0385510707903318,0.5664434789304212,potential_scale,2.0
rolling-lp,40018,0.9810802819736438,0.882750528297585,0.09795177819736438,0.12300522117401151,0.5818347528131445,0.0,-0.003125,0.0,0.0,1.498030648103574,1.020893500016541,0.5699269833765396,potential_scale,2.0
rolling-lp,40019,0.9545023132203555,0.8557303518558894,0.09536559590536889,0.12419032321326184,0.5828726874696768,0.0,-0.0016927083333333332,0.0,0.0,1.5393580436599958,1.0217498321759237,0.5704651658502239,potential_scale,2.0
rolling-lp,40020,0.8630019071514017,0.7720193463114593,0.08605930529847351,0.12035504801227949,0.5754137723093445,0.0,-0.0048177083333333336,0.0,0.0,1.7268658661892218,1.0096037725979738,0.5699401962699236,potential_scale,2.0
rolling-lp,40021,0.9552790937684097,0.8584869364060339,0.09509171146017431,0.12033203600611993,0.5795826581845595,0.0,-0.008723958333333332,0.0,0.0,1.6067277142320653,1.0191222210367998,0.568707703767781,potential_scale,2.0
rolling-lp,40022,1.0035600737768848,0.905711170622441,0.10029741362768849,0.11379769391913463,0.5286843016933508,0.0,-0.001171875,0.0,0.0,1.447610968430816,0.9938067048467177,0.5319790046847125,potential_scale,2.0
rolling-lp,40023,0.9816891567651698,0.8826268030929079,0.09816891567651698,0.12700123021318313,0.5726399255108103,0.0,0.0,0.0,0.0,1.368115447566189,0.9745652518627588,0.5875850020470986,potential_scale,2.0
rolling-lp,40024,0.9541765370151061,0.8583631795988842,0.09521583078484394,0.11956519224141841,0.566324295040753,0.0,-0.004036458333333334,0.0,0.0,1.5162349811217053,1.0291337624032957,0.5502922124702605,potential_scale,2.0
rolling-lp,40025,0.9534349995825849,0.8593617926385818,0.0953434999582585,0.12010851176124679,0.5389345870509669,0.0,0.0,0.0,0.0,1.441754819203466,0.9938315020623252,0.5422796378788657,potential_scale,2.0
rolling-lp,40026,0.9771126188108659,0.8783172263561055,0.09771126188108659,0.12050199293532221,0.5489957042186747,0.0,0.0,0.0,0.0,1.3058240977964732,0.973735715744102,0.5638036022938189,potential_scale,2.0
rolling-lp,40027,0.9502718919184129,0.8529879330405439,0.09496208502517463,0.12394515873734586,0.583375362166933,0.0,-0.0013020833333333333,0.0,0.0,1.5592579343752082,1.014079904709234,0.5752755374185268,potential_scale,2.0
rolling-lp,40028,0.9492239159864002,0.848683939400286,0.09363983951530667,0.12376819470978638,0.6075379785923897,0.0,-0.025651041666666666,0.0,0.0,1.614087638734598,1.064976709428734,0.5704706715307232,potential_scale,2.0
rolling-lp,40029,0.9940264550035354,0.8942922873614647,0.09940264550035353,0.12540041295252172,0.5571084066259027,0.0,0.0,0.0,0.0,1.436807229026207,0.9833841886909962,0.566521623016414,potential_scale,2.0
rolling-lp,40030,0.9784799725830204,0.8803776301466092,0.09755502850830204,0.12514975601302958,0.595485442544712,0.0,-0.005859375,0.0,0.0,1.4102904963873664,1.0206614664473659,0.5834309044872915,potential_scale,2.0
rolling-lp,40031,0.9504615404827597,0.8540661405685512,0.09503313321494264,0.12043895203093051,0.5567624239063489,0.0,-0.00026041666666666666,0.0,0.0,1.4866967030655442,1.0047382620352336,0.554136778645765,potential_scale,2.0
rolling-lp,40032,0.95195248584722,0.8565793988402522,0.09413405066805533,0.11465846883283647,0.5655956471050058,-0.00013020833333333333,-0.02109375,0.0,0.0,1.619931155749565,1.0534039321344302,0.5369219060716657,potential_scale,2.0
rolling-lp,40033,0.9505769600584132,0.855599189340888,0.09505769600584132,0.10788499810486016,0.49313511753925743,0.0,0.0,0.0,0.0,1.3923225064568432,0.9783513415192722,0.504047060203825,potential_scale,2.0
rolling-lp,40034,1.0033739205327565,0.9026453843637953,0.09971890246994233,0.11989654104164107,0.5810725683314204,0.0,-0.012369791666666666,0.0,0.0,1.3936903537282361,1.037450142868742,0.5600968608714507,potential_scale,2.0
rolling-lp,40035,0.9596117266771874,0.8640287186645251,0.09539476641771874,0.11454167436356667,0.5605936964078746,0.0,-0.011328125,0.0,0.0,1.4362364591956305,1.020395893280411,0.5493884286476838,potential_scale,2.0
rolling-lp,40036,0.9242705385399732,0.8302264827199097,0.09235543927066399,0.12030269982207042,0.565062465447706,0.0,-0.0014322916666666666,0.0,0.0,1.4658534084764732,0.9954791150133909,0.5676286492862334,potential_scale,2.0
rolling-lp,40037,0.9663982799451964,0.867809330457762,0.09663982799451964,0.12075222083305419,0.5426848642553669,0.0,0.0,0.0,0.0,1.4636641666232717,0.9666936652920708,0.5613824562421266,potential_scale,2.0
rolling-lp,40038,0.9468317376729454,0.8486003025279197,0.09462458001729454,0.1275586730327394,0.5980186802256399,0.0,-0.001171875,0.0,0.0,1.4878042796790396,0.9844535043543786,0.6074625948107429,potential_scale,2.0
rolling-lp,40039,0.9973230662454132,0.8972194362009995,0.09960209829120799,0.12262187215084447,0.579978637640912,0.0,-0.0026041666666666665,0.0,0.0,1.3526324015974929,1.0113845471501572,0.5734501671744489,potential_scale,2.0
rolling-lp,40040,0.9776430363455911,0.8818210100521611,0.09776430363455911,0.10618834756935432,0.4906594373995877,0.0,0.0,0.0,0.0,1.430724375348907,0.9645707803064947,0.5086816306457879,potential_scale,2.0
rolling-lp,40041,0.9891076832979828,0.8919219597712098,0.09820113291313162,0.11847136969145078,0.5814568003624763,0.0,-0.014192708333333333,0.0,0.0,1.4659393181723015,1.0341083581641077,0.5622784070663145,potential_scale,2.0
rolling-lp,40042,0.9541653044708296,0.8567917940002334,0.09538397836374962,0.11829380187783481,0.5500981865876038,0.0,-0.0006510416666666666,0.0,0.0,1.536264851076137,1.0282231090223322,0.5349988555603025,potential_scale,2.0
rolling-lp,40043,1.0194204223414354,0.9193628718397819,0.10194204223414353,0.12080676361967052,0.5303637269170094,0.0,0.0,0.0,0.0,1.3235536314479095,0.9416554993245545,0.5632247964329173,potential_scale,2.0
rolling-lp,40044,1.0218052144467389,0.9209090253353216,0.10218052144467389,0.12627302061826162,0.5819209965182026,0.0,0.0,0.0,0.0,1.3050141035261682,0.9838704293100299,0.5914610086678721,potential_scale,2.0
rolling-lp,40045,0.9783910560676697,0.8831626730372082,0.09782608477343364,0.0997270287648295,0.4599486185032792,0.0,-0.00026041666666666666,0.0,0.0,1.3675410449143406,0.9678094765650307,0.4752470704623996,potential_scale,2.0
rolling-lp,40046,0.9968601913503911,0.8980829666915973,0.09963393580170578,0.1229502125108276,0.5748593810426482,0.0,-0.0010416666666666667,0.0,0.0,1.433426016785515,0.9965799771676374,0.5768321602009766,potential_scale,2.0
rolling-lp,40047,0.9351121700056286,0.8399598343102854,0.09345913366722954,0.11637942820824555,0.5466700955229516,0.0,-0.0010416666666666667,0.0,0.0,1.5195818862727202,0.9786955883298356,0.5585701029426888,potential_scale,2.0
rolling-lp,40048,0.9934969508443516,0.8943009058481602,0.0990697471677685,0.12027159488993355,0.5747718185146031,0.0,-0.0055989583333333325,0.0,0.0,1.5041402584614911,1.0034617539225688,0.5727889640714248,potential_scale,2.0
rolling-lp,40049,0.9631309382258246,0.8668936017685255,0.09631309382258246,0.12057901841752912,0.5389061051395625,0.0,0.0,0.0,0.0,1.4830151773290097,0.9634335632888107,0.5593599036553529,potential_scale,2.0
ppo-retrained,40000,0.9946532650933222,0.8951762954386271,0.09946532650933222,0.1228704576061983,0.563374081720719,0.0,0.0,0.0,0.0,2.4940694968120103,1.510923177846606,0.3728674561228517,potential_scale,2.0
ppo-retrained,40001,0.9673407515206173,0.8713008468627584,0.09661688765206174,0.11458528009858966,0.5410110409798099,0.0,-0.00234375,0.0,0.0,2.493304475838278,1.54098749450524,0.3510807471890034,potential_scale,2.0
ppo-retrained,40002,1.0113096039573881,0.9091581152867568,0.10094215831240547,0.13387080653219205,0.6376921732227911,0.0,-0.0037760416666666667,0.0,0.0,2.4935398779808624,1.4791236932982557,0.43112836073960764,potential_scale,2.0
ppo-retrained,40003,0.9993897877767914,0.8976879896617829,0.0987540829443458,0.11836498841163617,0.5806734581868004,0.0,-0.023697916666666666,0.0,0.0,2.4933157115187994,1.5403016878108349,0.37698683497002905,potential_scale,2.0
ppo-retrained,40004,0.9939136744630221,0.8944063124005133,0.09933277369630221,0.12481642984949813,0.5800625504276391,0.0,-0.0011718750000000002,0.0,0.0,2.4932997579025287,1.530731404874634,0.3789446983190012,potential_scale,2.0
ppo-retrained,40005,0.9871534675801175,0.8878344982952239,0.09871534675801175,0.13183395125589298,0.5873701724897842,0.0,0.0,0.0,0.0,2.4939170307173906,1.5514433528148075,0.37859595158541204,potential_scale,2.0
ppo-retrained,40006,1.0227889785509539,0.9189658327228515,0.10220728327176207,0.1290118702273262,0.6084840677413113,0.0,-0.0014322916666666666,0.0,0.0,2.4934798660210533,1.524505468520605,0.3991353788529143,potential_scale,2.0
ppo-retrained,40007,1.0020128518274833,0.9003104059921087,0.09897081643274833,0.11857555791916986,0.5835602980200538,0.0,-0.024609375,0.0,0.0,2.4933252040190887,1.5294628044914291,0.38154592338327376,potential_scale,2.0
ppo-retrained,40008,0.9981962257835091,0.8989432158344071,0.09981311216168423,0.11545609653119072,0.5296229219071374,0.0,-0.00013020833333333333,0.0,0.0,2.4936478880144803,1.6119394215060576,0.32856254697977627,potential_scale,2.0
ppo-retrained,40009,0.9939141494232773,0.894780443795292,0.09922865452566106,0.117197980494593,0.5543229658377195,0.0,-0.0032552083333333335,0.0,0.0,2.493166155236403,1.568935975772156,0.3533113998261834,potential_scale,2.0
ppo-retrained,40010,0.9871482816359213,0.8899620875768579,0.09871482816359213,0.1072758955215788,0.4802476672081975,0.0,0.0,0.0,0.0,2.4931015273729997,1.5645108594416168,0.3069634603748297,potential_scale,2.0
ppo-retrained,40011,0.9485057764237332,0.8495508973732079,0.09485057764237333,0.12622558259929922,0.5702505204497843,0.0,0.0,0.0,0.0,2.494559033807907,1.4126534822277517,0.40367331948277957,potential_scale,2.0
ppo-retrained,40012,0.9992657483108058,0.8983292595108376,0.09992657483108058,0.12607656743632442,0.5757516260599314,0.0,0.0,0.0,0.0,2.4935436105160766,1.5600539267663405,0.36905879737974306,potential_scale,2.0
ppo-retrained,40013,0.9592972450603516,0.8625850289271564,0.09591670367270183,0.11834056869286243,0.5490538473028032,0.0,-0.00026041666666666666,0.0,0.0,2.493495231449266,1.511188677711428,0.3633258079555628,potential_scale,2.0
ppo-retrained,40014,0.9571667424786554,0.8600039661522678,0.09476615341453222,0.10973564503369734,0.5395696149091719,0.0,-0.01901041666666667,0.0,0.0,2.4935277383332206,1.5095180430595776,0.3574449589324161,potential_scale,2.0
ppo-retrained,40015,1.011654696197308,0.9083405667991115,0.10059906336973082,0.12718666579389648,0.6112403677978655,0.0,-0.011328125,0.0,0.0,2.4932855109862864,1.5703900570205984,0.3892283735911657,potential_scale,2.0
ppo-retrained,40016,0.9697897377579229,0.8717627122561945,0.09697246335912563,0.12082012482155455,0.5571341934315633,0.0,-0.00013020833333333333,0.0,0.0,2.493472932723062,1.5115602513859157,0.3685821937436761,potential_scale,2.0
ppo-retrained,40017,0.9821802098481123,0.88321258378213,0.09737166681814456,0.12343515824349736,0.6073250482978884,0.0,-0.016927083333333332,0.0,0.0,2.4926940805018347,1.5277165014621035,0.3975377942940637,potential_scale,2.0
ppo-retrained,40018,1.002570667370166,0.9023578576683899,0.10010081673701661,0.12476003657256642,0.5901353157803578,0.0,-0.003125,0.0,0.0,2.493405741445454,1.5531359932948832,0.37996371105174237,potential_scale,2.0
ppo-retrained,40019,0.9929905107385537,0.8924034439429711,0.0992144156571887,0.12497694581240168,0.5865646081968471,0.0,-0.0016927083333333332,0.0,0.0,2.493224397191372,1.547956349674232,0.3789283905326464,potential_scale,2.0
ppo-retrained,40020,0.945243082106358,0.8477927585614483,0.09428342279396913,0.12729502834887257,0.6085936042414815,0.0,-0.0048177083333333336,0.0,0.0,2.493099331163595,1.504364107006909,0.4045520638300409,potential_scale,2.0
ppo-retrained,40021,0.9760827912099999,0.8761125970347952,0.09713952912099999,0.12679454758462216,0.6107095281647725,0.0,-0.009375,0.0,0.0,2.493295896392994,1.493001255457119,0.40904823484410857,potential_scale,2.0
ppo-retrained,40022,1.0029939501043004,0.9033321311608529,0.10024080126043003,0.1172089636385904,0.544532467744938,0.0,-0.001171875,0.0,0.0,2.4938322018501125,1.5268435670184328,0.35663933064752806,potential_scale,2.0
ppo-retrained,40023,1.014683035040697,0.9132652293421221,0.1014683035040697,0.12798716813523736,0.5770854526706316,0.0,0.0,0.0,0.0,2.493547294681158,1.5650096635254909,0.3687424212899961,potential_scale,2.0
ppo-retrained,40024,0.9661901519874939,0.8690288989348842,0.09641719228208273,0.12051494828447595,0.5708228444217402,0.0,-0.004036458333333334,0.0,0.0,2.4935598028601533,1.5338905238222889,0.3721405377740464,potential_scale,2.0
ppo-retrained,40025,0.9686165287935975,0.8727447185573372,0.09686165287935974,0.12233067527259506,0.5489055770897813,0.0,0.0,0.0,0.0,2.493531226162817,1.5585064978544672,0.35219973599432364,potential_scale,2.0
ppo-retrained,40026,0.9846534833548612,0.8838754510539124,0.09846534833548612,0.1237484810089234,0.5637863974079637,0.0,0.0,0.0,0.0,2.4933109795350434,1.5467308440058831,0.3645019426572056,potential_scale,2.0
ppo-retrained,40027,1.0146644051360414,0.9122547506893088,0.10140133634693746,0.1340580286363646,0.6309738258744915,0.0,-0.0013020833333333333,0.0,0.0,2.4935784583140963,1.541070583999796,0.40943862820145493,potential_scale,2.0
ppo-retrained,40028,0.9825517085927918,0.8795475237658381,0.09686194169261252,0.12468077277958386,0.6120175287476822,0.0,-0.02786458333333333,0.0,0.0,2.4933069098881653,1.5163371833125072,0.4036157231274262,potential_scale,2.0
ppo-retrained,40029,0.9986917416200797,0.8979718122953619,0.09986917416200797,0.1284176901029437,0.5705130711404987,0.0,0.0,0.0,0.0,2.493711236822018,1.542691731853355,0.36981663890497235,potential_scale,2.0
ppo-retrained,40030,0.958105271655201,0.8593299463293134,0.09551755841552009,0.13277828091337684,0.6317833601033662,0.0,-0.005859375,0.0,0.0,2.4932081642513246,1.496635939364063,0.4221356333136153,potential_scale,2.0
ppo-retrained,40031,0.9807051463235872,0.8817816733440432,0.09805749379902538,0.12326117652689887,0.5698089385487187,0.0,-0.00026041666666666666,0.0,0.0,2.4939523608096943,1.5414374378094498,0.36966076246239304,potential_scale,2.0
ppo-retrained,40032,0.9806535950743254,0.8818108700763863,0.09656796367409919,0.11916139806262831,0.5878080244157936,-0.00013020833333333333,-0.02981770833333333,0.0,0.0,2.4927949374556992,1.5507103301174707,0.3790572700778136,potential_scale,2.0
ppo-retrained,40033,0.9787981864782411,0.8803692613121689,0.09787981864782411,0.11397187598172989,0.5209578295936226,0.0,0.0,0.0,0.0,2.4933409830506883,1.5282270108776166,0.3408903427864762,potential_scale,2.0
ppo-retrained,40034,1.0180539365274568,0.9152961777301039,0.10112179990274568,0.12195509351758353,0.5910492395835582,0.0,-0.013671875,0.0,0.0,2.4935945169199254,1.5542718013098953,0.38027405443850876,potential_scale,2.0
ppo-retrained,40035,1.003809472223531,0.9027176999533104,0.09966480138901976,0.12953727760230113,0.6339856796853773,0.0,-0.014322916666666666,0.0,0.0,2.492924987209673,1.604601915144755,0.3951046510050961,potential_scale,2.0
ppo-retrained,40036,0.947334693628675,0.8521148200486162,0.09466185477953416,0.12080376611765163,0.5674159766885396,0.0,-0.0014322916666666666,0.0,0.0,2.4929625270685425,1.5320125244804417,0.370372936005187,potential_scale,2.0
ppo-retrained,40037,0.9854799321580748,0.8840285840868393,0.09854799321580748,0.13259560689026043,0.5959114327643206,0.0,0.0,0.0,0.0,2.4939823906537715,1.5281240741074125,0.38996272806735044,potential_scale,2.0
ppo-retrained,40038,1.0152000565957706,0.9128115235848742,0.10146141190957707,0.13402864306311058,0.6283510978235317,0.0,-0.001171875,0.0,0.0,2.493132434108024,1.5739016544422788,0.39923148695474975,potential_scale,2.0
ppo-retrained,40039,0.9929057139063562,0.8920138356598097,0.09916036305730228,0.1259850906258227,0.5958860351956246,0.0,-0.0026041666666666665,0.0,0.0,2.49337170409463,1.5317850953460113,0.3890141228074956,potential_scale,2.0
ppo-retrained,40040,0.9856675110862505,0.8868687439933601,0.09856675110862505,0.11094392793371477,0.5126333209705853,0.0,0.0,0.0,0.0,2.4936893410501,1.5119940596202814,0.33904453374593735,potential_scale,2.0
ppo-retrained,40041,0.9894381754850101,0.8901010995756219,0.09803235921516767,0.12264717623700752,0.6019516348464177,0.0,-0.018229166666666668,0.0,0.0,2.493373686638028,1.5778808055798796,0.38149373052624036,potential_scale,2.0
ppo-retrained,40042,0.9585311882008208,0.8602521810368334,0.09582056673674874,0.12012997817674533,0.5586369032088596,0.0,-0.0006510416666666666,0.0,0.0,2.4936030596577434,1.5065597299265918,0.3708030236783772,potential_scale,2.0
ppo-retrained,40043,1.0036786306504273,0.9025345576790312,0.10036786306504272,0.12236848280198552,0.537219958978138,0.0,0.0,0.0,0.0,2.4937583306775104,1.5442775969329743,0.34787784271758415,potential_scale,2.0
ppo-retrained,40044,0.9939608809472255,0.8926156250308821,0.09939608809472254,0.13115896844083688,0.6044375690364477,0.0,0.0,0.0,0.0,2.493681984333861,1.5071306872404278,0.4010518624255335,potential_scale,2.0
ppo-retrained,40045,0.9658346840188203,0.869600729215212,0.0965704475685487,0.1031456487456237,0.47571555307286234,0.0,-0.00026041666666666666,0.0,0.0,2.49368466718273,1.5027700336371714,0.31655911578266077,potential_scale,2.0
ppo-retrained,40046,1.009338299216633,0.9081920073703912,0.10088174658832996,0.12403587720449859,0.5799354563179845,0.0,-0.0010416666666666667,0.0,0.0,2.4932077623068407,1.5400983178629322,0.3765574246731944,potential_scale,2.0
ppo-retrained,40047,0.9873012953478775,0.8882749979207627,0.09867804620145441,0.12349974706893907,0.5801164309419928,0.0,-0.0010416666666666667,0.0,0.0,2.4933884234231574,1.5441118465472898,0.37569586182449266,potential_scale,2.0
ppo-retrained,40048,0.9950400569751526,0.8937302683076997,0.09921754736418194,0.12341744569653175,0.589805679091066,0.0,-0.005729166666666666,0.0,0.0,2.4936897294418583,1.4809380307785007,0.3982649286013787,potential_scale,2.0
ppo-retrained,40049,1.0120790119190883,0.9119482908699342,0.10120790119190884,0.12418642537876746,0.555028757825311,0.0,0.0,0.0,0.0,2.493432433189827,1.5801799578223588,0.35124401817511625,potential_scale,2.0
