policy,scenario_seed,return_sum,return_disc,dpeak_frac_mean,dpeak_frac_final,dpeak_mw_final,overload_delta_sum,volt_delta_sum,overload_frac_sum,rpf_max_mw,offered_total_mw,installed_total_mw,budget_efficiency,param
rolling-lp-v lam=0.0,30000,1.0127842002165846,0.91050361769162,0.0948526387716584,0.1247991049348318,0.5763212567884212,0.0,-0.1285156249999999,0.0,0.0,1.7204805158136682,0.9988863082100916,0.5769638166541031,0.0
rolling-lp-v lam=0.0,30001,1.012829387654024,0.9122586415490368,0.094492574182069,0.1125674594727149,0.5262060590628725,0.0,-0.1358072916666666,0.0,0.0,1.5763861192975428,1.0023929586833844,0.5249498756994759,0.0
rolling-lp-v lam=0.0,30002,1.0259395181230109,0.9223088733965564,0.0961942122289677,0.1168780330723594,0.5509190636265876,0.0,-0.1279947916666667,0.0,0.0,1.7288165487399034,0.9945363655095096,0.5539456200219959,0.0
rolling-lp-v lam=0.0,30003,1.0140274218617888,0.9121027640747668,0.0943454505195122,0.1220801677280563,0.5596842570326817,0.0,-0.1411458333333332,0.0,0.0,1.598424094680427,0.9855712735971376,0.5678780135199621,0.0
rolling-lp-v lam=0.0,30004,1.025902234668444,0.9219186041731128,0.0951292859668444,0.1199576828961143,0.5521396371870073,0.0,-0.1492187499999998,0.0,0.0,1.610862104195158,0.9864173060399836,0.5597424475484889,0.0
rolling-lp-v lam=0.0,30005,1.0237181138796536,0.919196879440128,0.0944746759712986,0.1226196334462716,0.5387576110703131,0.0,-0.1579427083333333,0.0,0.0,1.5522871481396183,0.933916808362504,0.5768796602075844,0.0
rolling-lp-v lam=0.0,30006,0.986730503882225,0.887784399568032,0.0921496128882225,0.100679513949854,0.4805528584020785,0.0,-0.13046875,0.0,0.0,1.728057462017231,1.0136140996609715,0.4740984350580869,0.0
rolling-lp-v lam=0.0,30007,0.9859237022465612,0.8845429336926012,0.0924595577246561,0.1176241850201539,0.5655429043939294,0.0,-0.12265625,0.0,0.0,1.7591419442511615,1.0170477097150952,0.5560632986945662,0.0
rolling-lp-v lam=0.0,30008,0.9730952995112888,0.8718385349463381,0.0908772382844621,0.1204104585592223,0.569537699886565,0.0,-0.1286458333333333,0.0,0.0,1.7074308861196912,1.0087122925644867,0.5646185776507275,0.0
rolling-lp-v lam=0.0,30009,1.0393119377500395,0.9349771997475504,0.0965744229416706,0.1227606738013042,0.5535011546144079,0.0,-0.1471354166666666,0.0,0.0,1.5731695438370363,0.9616995973584016,0.5755447502887241,0.0
rolling-lp-v lam=0.0,30010,1.0169957165479124,0.9135584374846664,0.0946422799881245,0.1209367528371916,0.5535927442577581,0.0,-0.1411458333333333,0.0,0.0,1.6248085082803552,0.9750740476112144,0.5677443119463362,0.0
rolling-lp-v lam=0.0,30011,1.0495019376087718,0.9435117730093606,0.0969879541775438,0.1181076752293184,0.5241495654255605,0.0,-0.1592447916666666,0.0,0.0,1.5465340654963966,0.9578663950894766,0.5472052972237307,0.0
rolling-lp-v lam=0.0,30012,1.0014887925700382,0.9016255664284932,0.0925186709236704,0.1087425442520125,0.5014476028168529,0.0,-0.1526041666666666,0.0,0.0,1.5932050139279037,0.9815189734752496,0.5108893626797502,0.0
rolling-lp-v lam=0.0,30013,1.0075772682996529,0.9059953503021286,0.0946184039132986,0.1163501966698636,0.5473599824094754,0.0,-0.1227864583333333,0.0,0.0,1.74789704234263,1.0097189933849728,0.5420913996819161,0.0
rolling-lp-v lam=0.0,30014,1.0179622173865095,0.9136313904711147,0.0945826800719842,0.1158380354284655,0.530113411705217,0.0,-0.1442708333333333,0.0,0.0,1.7589571355954514,0.983954594457434,0.5387580023420987,0.0
rolling-lp-v lam=0.0,30015,1.040982745318616,0.935572958512358,0.0964485349485282,0.1220790709894025,0.5780521853906557,0.0,-0.1529947916666667,0.0,0.0,1.550432076455086,1.004222520063538,0.5756216115867248,0.0
rolling-lp-v lam=0.0,30016,1.07266337223637,0.9659884849096004,0.0997272747236369,0.1159376030464475,0.542674341845006,0.0,-0.1507812499999999,0.0,0.0,1.5592083719845335,0.997808061265236,0.5438664638135781,0.0
rolling-lp-v lam=0.0,30017,0.9829412257354464,0.8823227504810286,0.0922394350735446,0.114961037757583,0.559902566736605,0.0,-0.12109375,0.0,0.0,1.7013929488678905,1.0317811913954835,0.5426563029117996,0.0
rolling-lp-v lam=0.0,30018,1.041183209486311,0.9367247396359212,0.0968722271986311,0.1085181456796231,0.494721291275107,0.0,-0.1449218749999998,0.0,0.0,1.5722022752127394,0.9774090458472062,0.5061558345270772,0.0
rolling-lp-v lam=0.0,30019,1.0365511648915249,0.9318621328410382,0.0960835019058191,0.1130349927271784,0.4994720991370991,0.0,-0.1514322916666666,0.0,0.0,1.5018209685853772,0.9440897810774928,0.5290514833949902,0.0
rolling-lp-v lam=0.0,30020,1.0519637811974294,0.9488870184265537,0.0987901281197429,0.107488213079196,0.5100041647024945,0.0,-0.128125,0.0,0.0,1.5292415127303691,1.0142082350717625,0.5028594198571146,0.0
rolling-lp-v lam=0.0,30021,1.030041002043685,0.9257343126662604,0.0956798814543685,0.1175169595786659,0.5370407115190328,0.0,-0.146484375,0.0,0.0,1.5592537021424568,0.9811112164001644,0.5473800549233461,0.0
rolling-lp-v lam=0.0,30022,0.9828842075669638,0.8817218917876909,0.0917194103400297,0.1248633277454749,0.6005189799120472,0.0,-0.1313802083333333,0.0,0.0,1.8276484247754456,1.0123166098934266,0.5932126115912173,0.0
rolling-lp-v lam=0.0,30023,1.0225712077513032,0.9207494522396374,0.0944836832751303,0.1192305525688909,0.5461657689844751,0.0,-0.15546875,0.0,0.0,1.5040555007625362,0.9812872683500228,0.5565809183510767,0.0
rolling-lp-v lam=0.0,30024,1.0219328948018358,0.9185893614870894,0.0947844353135169,0.1215486477607191,0.5560831704836,0.0,-0.1481770833333333,0.0,0.0,1.5103408743330136,0.964132295466132,0.576770608243912,0.0
rolling-lp-v lam=0.0,30025,1.0127864570575562,0.9119256313646515,0.0946966144557556,0.1177247908358371,0.5569614816784051,0.0,-0.131640625,0.0,0.0,1.6542856754090989,1.0480367105068231,0.5314331798635779,0.0
rolling-lp-v lam=0.0,30026,1.0299398719096964,0.9261549644500834,0.0960538830243029,0.1194439122328102,0.5570461510415816,0.0,-0.1388020833333333,0.0,0.0,1.6523200344486917,0.996975207301037,0.558736212257063,0.0
rolling-lp-v lam=0.0,30027,1.0083453077726068,0.9064504320495772,0.094499895360594,0.1206744267669408,0.5722258512458593,0.0,-0.1266927083333332,0.0,0.0,1.7624402213716468,1.0170201492945006,0.5626494732113304,0.0
rolling-lp-v lam=0.0,30028,0.9550024440556648,0.8559127034090905,0.0892176923222331,0.1229390703004999,0.5984723971842013,0.0,-0.1256510416666666,0.0,0.0,1.771995739236309,1.0262513745412076,0.5831635523526117,0.0
rolling-lp-v lam=0.0,30029,0.9994287696698176,0.8996244928797923,0.0939142311336484,0.1163855244750508,0.5478185669470941,0.0,-0.1205729166666666,0.0,0.0,1.748668019977618,1.0116730296086862,0.5414976488589298,0.0
rolling-lp-v lam=0.0,30030,0.9713119053562548,0.8690091697131576,0.0899111384522921,0.1189684289523255,0.5370573864160997,0.0,-0.1444010416666666,0.0,0.0,1.7410726167484407,0.9600220538293892,0.5594219260629019,0.0
rolling-lp-v lam=0.0,30031,0.9964354487034156,0.8944815852162005,0.0929052636203415,0.12281813215168,0.5836000908154211,0.0,-0.134765625,0.0,0.0,1.660503537540954,1.0121681627899906,0.5765841213645337,0.0
rolling-lp-v lam=0.0,30032,1.0187576330349626,0.9159125164458476,0.0945710758034962,0.1168561766045184,0.5437388935147682,0.0,-0.1460937499999999,0.0,0.0,1.6485446297667978,0.995737148980116,0.546066694480258,0.0
rolling-lp-v lam=0.0,30033,1.0079187657414568,0.9038382105634036,0.093929897407479,0.1202041156564066,0.5637543894655282,0.0,-0.1372395833333334,0.0,0.0,1.7818566963363434,0.9929696132759296,0.5677458624394687,0.0
rolling-lp-v lam=0.0,30034,1.019527115621676,0.9174568521608436,0.0946415136455009,0.103808774618368,0.4736326864837579,0.0,-0.1462239583333333,0.0,0.0,1.63220829575953,0.9861325564896204,0.4802931242527567,0.0
rolling-lp-v lam=0.0,30035,1.037334492205475,0.9325345745098698,0.0965654804705475,0.1278919725197237,0.5877719028485594,0.0,-0.143359375,0.0,0.0,1.6598326419414793,0.989187518424792,0.5941966431041737,0.0
rolling-lp-v lam=0.0,30036,1.018259481592933,0.9142851663354667,0.0947361044092933,0.1229110591713116,0.5899087566948429,0.0,-0.141796875,0.0,0.0,1.6990940696666832,1.016049474380072,0.5805905830075522,0.0
rolling-lp-v lam=0.0,30037,1.0229739674941762,0.921667495209749,0.0949927092494176,0.1132908808466388,0.5329108751906452,0.0,-0.14609375,0.0,0.0,1.6350170895473082,0.9960274223812966,0.5350363486143433,0.0
rolling-lp-v lam=0.0,30038,0.9898273295090892,0.8884222795141064,0.0916845558675756,0.1165673410257167,0.5228101384235397,0.0,-0.1459635416666667,0.0,0.0,1.6754701345168397,0.9534913687254556,0.5483113487669918,0.0
rolling-lp-v lam=0.0,30039,1.0196222129381527,0.9175291575525466,0.0952890442104819,0.1212280977551084,0.5877780513426042,0.0,-0.1334635416666666,0.0,0.0,1.7096246027139623,1.064025308196488,0.5524098410204942,0.0
rolling-lp-v lam=0.0,30040,1.01859381175039,0.9176621807850204,0.0952708395083723,0.1177826915266195,0.5752940889805869,0.0,-0.1317708333333334,0.0,0.0,1.6052682180152271,1.027653934881146,0.5598130552062965,0.0
rolling-lp-v lam=0.0,30041,1.036837550828231,0.9319917535183628,0.0963139634161564,0.1219468703153149,0.5624941086982762,0.0,-0.1473958333333334,0.0,0.0,1.5818070954794488,0.994313258792901,0.5657111616726761,0.0
rolling-lp-v lam=0.0,30042,0.970300234255146,0.8703123383101454,0.0910274192588479,0.1126811877370488,0.5757046307987739,0.0,-0.1200520833333331,0.0,0.0,1.811449725444819,1.0591044958569449,0.5435767981826557,0.0
rolling-lp-v lam=0.0,30043,1.0467896147597555,0.9411318383988518,0.0976021385593089,0.117023901902393,0.5599985768424968,0.0,-0.1415364583333332,0.0,0.0,1.6474131244978754,1.015315461909536,0.5515513137062739,0.0
rolling-lp-v lam=0.0,30044,1.054939659663688,0.948872288012266,0.0963077680497021,0.1171662142804827,0.5143936779684837,0.0,-0.1837239583333334,0.0,0.0,1.45542355080707,0.9435770573067692,0.5451528033510119,0.0
rolling-lp-v lam=0.0,30045,1.038697696596544,0.933933963374442,0.0964804467429877,0.1184259651935146,0.5296465794661612,0.0,-0.1477864583333333,0.0,0.0,1.63906911529874,0.9689013619618152,0.546646542423825,0.0
rolling-lp-v lam=0.0,30046,1.0245920419519703,0.9227188124453396,0.095564672945197,0.1173006620851008,0.55904183100721,0.0,-0.1378906249999999,0.0,0.0,1.6129641743128684,1.0207010722128536,0.5477037755973174,0.0
rolling-lp-v lam=0.0,30047,1.0137848126933329,0.9100675102525534,0.0943407208526666,0.1210328473632073,0.566324211783096,0.0,-0.1407552083333333,0.0,0.0,1.7411270225712596,0.9922585260196506,0.5707426007764841,0.0
rolling-lp-v lam=0.0,30048,1.0324760792237848,0.9279273850219404,0.0964507329223784,0.1231498947623536,0.5753898711667044,0.0,-0.1359375,0.0,0.0,1.721310032195332,0.9938991722891364,0.5789217731628385,0.0
rolling-lp-v lam=0.0,30049,1.0286889309842993,0.927966785992053,0.0956097785150965,0.119578075760245,0.5654844708162818,0.0,-0.1451822916666666,0.0,0.0,1.5861471739059283,0.9948882293427148,0.5683899498839946,0.0
rolling-lp-v lam=0.01,30000,1.1155876240437197,1.002226826375727,0.0991043353210386,0.1276961988039179,0.5897000128342884,0.0,-0.2490885416666667,0.0,0.0,2.4999999975000056,1.2996345179639746,0.4537429597962053,0.01
rolling-lp-v lam=0.01,30001,1.1032739641406095,0.9917918338130712,0.0975604693307276,0.1174816847381163,0.549178018476071,0.0,-0.2553385416666667,0.0,0.0,2.4999999975000056,1.3804266138819663,0.3978320998402806,0.01
rolling-lp-v lam=0.01,30002,1.09112106999596,0.9791880989969876,0.0973868465829293,0.1204911020287024,0.5679497109939539,0.0,-0.2345052083333333,0.0,0.0,2.4999999975000056,1.2852353444780984,0.4419032774301611,0.01
rolling-lp-v lam=0.01,30003,1.084002457545049,0.972627327095357,0.0955291520045049,0.1258165300553527,0.5768138466464183,0.0,-0.2574218749999999,0.0,0.0,2.4999999975000056,1.3025019272758729,0.4428506665266898,0.01
rolling-lp-v lam=0.01,30004,1.1032963565475444,0.9897208434307758,0.0967228648214211,0.1226381960628691,0.5644774677588825,0.0,-0.2721354166666666,0.0,0.0,2.4999999975000056,1.36079807164726,0.4148135417884424,0.01
rolling-lp-v lam=0.01,30005,1.1058421355353745,0.9911828357082748,0.0968277031368707,0.1271805331248317,0.5587969746378862,0.0,-0.2751302083333333,0.0,0.0,2.4999999975000056,1.2910473920240215,0.432824525335077,0.01
rolling-lp-v lam=0.01,30006,1.0109441941692088,0.9068389180053692,0.0909121277502541,0.1028898873260363,0.4911031799361026,0.0,-0.2036458333333333,0.0,0.0,2.4999999975000056,1.2474836140700798,0.3936750546436547,0.01
rolling-lp-v lam=0.01,30007,1.0486537357516188,0.939314739776544,0.0936349048251618,0.1208000068985813,0.5808124131999275,0.0,-0.2246093749999999,0.0,0.0,2.4999999975000056,1.2845251222120988,0.4521611941693302,0.01
rolling-lp-v lam=0.01,30008,1.0425457558754068,0.9332166648123528,0.092705096420874,0.1239749138747203,0.5863974619539831,0.0,-0.2309895833333333,0.0,0.0,2.4999999975000056,1.3157998012984415,0.4456585731167625,0.01
rolling-lp-v lam=0.01,30009,1.113219407809517,0.9989409582767972,0.097291992864285,0.1253453778159392,0.5651550223567156,0.0,-0.2805989583333333,0.0,0.0,2.4999999975000056,1.317502311674951,0.4289594161229437,0.01
rolling-lp-v lam=0.01,30010,1.0664774722972443,0.9556195021231446,0.0945318618130577,0.1249982999439892,0.5721846359369666,0.0,-0.2423177083333333,0.0,0.0,2.4999999975000056,1.2173672548262149,0.4700180932816767,0.01
rolling-lp-v lam=0.01,30011,1.1107446297145231,0.9958180165725238,0.0971486817214523,0.1230936896752675,0.546276978398304,0.0,-0.278515625,0.0,0.0,2.4999999975000056,1.2878432064561465,0.4241797259633297,0.01
rolling-lp-v lam=0.01,30012,1.0506317058242505,0.943876309989282,0.0929668164157583,0.1105379833775348,0.509726962580684,0.0,-0.2419270833333333,0.0,0.0,2.4999999975000056,1.267398879938566,0.4021835356248631,0.01
rolling-lp-v lam=0.01,30013,1.0710495232422703,0.9604976673922284,0.0954968794075603,0.1189662141273024,0.5596668225392732,0.0,-0.2321614583333333,0.0,0.0,2.4999999975000056,1.248094072002595,0.448417178715764,0.01
rolling-lp-v lam=0.01,30014,1.0978224859095451,0.9823036337423038,0.0966507381742878,0.123306812077161,0.5642930199475309,0.0,-0.2626302083333334,0.0,0.0,2.4999999975000056,1.3040048543007452,0.4327384350498643,0.01
rolling-lp-v lam=0.01,30015,1.0774618350263898,0.9650594291705488,0.0954414960026389,0.1260093672467525,0.59666238878081,0.0,-0.2460937500000001,0.0,0.0,2.4999999975000056,1.2922817705572822,0.4617123001924773,0.01
rolling-lp-v lam=0.01,30016,1.1427457997681412,1.025933879248051,0.1011821320601474,0.1239317064580208,0.5800927004579444,0.0,-0.2618489583333334,0.0,0.0,2.4999999975000056,1.39402102736008,0.4161290892121562,0.01
rolling-lp-v lam=0.01,30017,1.030886830904648,0.9228679708334232,0.0928022247571314,0.1222653085376742,0.5954770538644625,0.0,-0.2057291666666666,0.0,0.0,2.4999999975000056,1.328401582225171,0.4482658420708852,0.01
rolling-lp-v lam=0.01,30018,1.0927970419213735,0.9804515974700354,0.0964606937754706,0.1137274840929575,0.5184700441716259,0.0,-0.2563802083333332,0.0,0.0,2.4999999975000056,1.263019878164651,0.4105003041797229,0.01
rolling-lp-v lam=0.01,30019,1.0969817623588358,0.9836046095488866,0.0964364574858835,0.1177418373767088,0.520270415841444,0.0,-0.265234375,0.0,0.0,2.4999999975000056,1.282187130896271,0.405767928334896,0.01
rolling-lp-v lam=0.01,30020,1.0988936871188733,0.9888398982271656,0.0987370249618873,0.1126708342816872,0.5345943808911152,0.0,-0.2230468749999999,0.0,0.0,2.4999999975000056,1.2896269380869034,0.4145341300672263,0.01
rolling-lp-v lam=0.01,30021,1.0618597263447265,0.9518526141318724,0.0945453476344726,0.1215849810509505,0.5556311613892749,0.0,-0.2328125000000001,0.0,0.0,2.4999999975000056,1.258828666710602,0.4413874390397971,0.01
rolling-lp-v lam=0.01,30022,1.0350787625098743,0.9267606148083144,0.0926094387509874,0.1295637571827052,0.6231252738636868,0.0,-0.2179687499999998,0.0,0.0,2.4999999975000056,1.3027558987224757,0.4783131471327387,0.01
rolling-lp-v lam=0.01,30023,1.039742126744014,0.9331108342754753,0.0917867126744013,0.1207609969504168,0.5531763574160022,0.0,-0.2437499999999999,0.0,0.0,2.4999999975000056,1.2663082337678329,0.4368417914886768,0.01
rolling-lp-v lam=0.01,30024,1.0941800733684572,0.9815343731682012,0.0959609760868457,0.1242428312114894,0.56840901781115,0.0,-0.269140625,0.0,0.0,2.4999999975000056,1.32933852878954,0.4275878608052743,0.01
rolling-lp-v lam=0.01,30025,1.0566590316378752,0.9495325848853352,0.0943703302471208,0.1205642891527227,0.5703952807836531,0.0,-0.2259114583333332,0.0,0.0,2.499999997500005,1.2573383293159233,0.4536529806531759,0.01
rolling-lp-v lam=0.01,30026,1.1030366048376057,0.9906478820712188,0.0986890771504272,0.1221998287592701,0.5698988169075837,0.0,-0.2322916666666666,0.0,0.0,2.4999999975000056,1.3115931407925474,0.4345088420965779,0.01
rolling-lp-v lam=0.01,30027,1.1028388537009806,0.9905181645152848,0.0979140937034314,0.1237625324865795,0.5868693343060295,0.0,-0.2473958333333333,0.0,0.0,2.4999999975000056,1.333227962755418,0.4401867877816866,0.01
rolling-lp-v lam=0.01,30028,1.0063643391381394,0.9014521854754668,0.0907210693304805,0.1289870688465841,0.6279143002276706,0.0,-0.1983072916666666,0.0,0.0,2.4999999975000056,1.264826640810953,0.4964429748452157,0.01
rolling-lp-v lam=0.01,30029,1.0594373955258776,0.9508408403279034,0.0943617083025877,0.1166728107140794,0.5491708032881525,0.0,-0.2316406249999999,0.0,0.0,2.4999999975000056,1.304767541483145,0.4208955126703285,0.01
rolling-lp-v lam=0.01,30030,1.0392157426957516,0.9285880337324696,0.0921051680195751,0.1231029543227523,0.555721812004188,0.0,-0.236328125,0.0,0.0,2.4999999975000056,1.2452045314263,0.4462895837422348,0.01
rolling-lp-v lam=0.01,30031,1.0904264013805007,0.9780793808431932,0.09646451513805,0.1264141127830119,0.6006872634197398,0.0,-0.2515624999999999,0.0,0.0,2.4999999975000056,1.2990966460385176,0.4623884337254533,0.01
rolling-lp-v lam=0.01,30032,1.092027865655298,0.9797534087934464,0.0962991407321964,0.121875815175179,0.5670955769316165,0.0,-0.2580729166666666,0.0,0.0,2.4999999975000056,1.3466266284657635,0.421123097482276,0.01
rolling-lp-v lam=0.01,30033,1.0845617122370506,0.9717083817284932,0.0968090358070384,0.126398998234705,0.5928082386342367,0.0,-0.2329427083333334,0.0,0.0,2.4999999975000056,1.310954404983221,0.4521959241151672,0.01
rolling-lp-v lam=0.01,30034,1.0773644236367683,0.9673204207537768,0.0952494631970101,0.1097092985692952,0.5005541198675301,0.0,-0.2497395833333333,0.0,0.0,2.4999999975000056,1.258798937469318,0.3976442186024093,0.01
rolling-lp-v lam=0.01,30035,1.1093992765452696,0.9962893621703814,0.0986482609878603,0.1317279138573859,0.6054013012762475,0.0,-0.2458333333333333,0.0,0.0,2.4999999975000056,1.2548540649434576,0.482447575530248,0.01
rolling-lp-v lam=0.01,30036,1.0830692576626162,0.971373066684328,0.0960022382662616,0.1247163729266147,0.598573317882544,0.0,-0.24609375,0.0,0.0,2.4999999975000056,1.3192818535289512,0.4537114766502839,0.01
rolling-lp-v lam=0.01,30037,1.0667502124466717,0.9571840285441928,0.0942791879113338,0.1175377677239726,0.5528878776265191,0.0,-0.2479166666666666,0.0,0.0,2.4999999975000056,1.3023222309531846,0.4245399982321227,0.01
rolling-lp-v lam=0.01,30038,1.091739258276439,0.9784142049562816,0.0949096029109772,0.1212446342982343,0.5437880240108325,0.0,-0.2852864583333333,0.0,0.0,2.4999999975000056,1.376403135322782,0.3950790361163396,0.01
rolling-lp-v lam=0.01,30039,1.07303587289068,0.9639463839065482,0.0959624414557346,0.1240876293437306,0.6016425756239987,0.0,-0.2268229166666666,0.0,0.0,2.4999999975000056,1.331321465431251,0.4519138249071274,0.01
rolling-lp-v lam=0.01,30040,1.0803787733595809,0.97152396031622,0.0968334502526247,0.1214176163527701,0.5930484019383666,0.0,-0.2240885416666668,0.0,0.0,2.4999999975000056,1.3237775292348597,0.4479970303478012,0.01
rolling-lp-v lam=0.01,30041,1.0814246053155083,0.9689097040465212,0.0954471480315508,0.1238229762969644,0.5711478655289584,0.0,-0.2539062500000001,0.0,0.0,2.4999999975000056,1.2880438506788374,0.4434226872229128,0.01
rolling-lp-v lam=0.01,30042,1.039584534332248,0.9330187459020264,0.0944727763498914,0.1194904919677125,0.6104943597396759,0.0,-0.1897135416666666,0.0,0.0,2.499999997500005,1.3170393811778711,0.4635353873729204,0.01
rolling-lp-v lam=0.01,30043,1.088493613185813,0.9758646203617792,0.0971306113185812,0.1218337224099422,0.5830151793938457,0.0,-0.234375,0.0,0.0,2.4999999975000056,1.2991248566462823,0.4487753247204518,0.01
rolling-lp-v lam=0.01,30044,1.07536307632654,0.9634282020738354,0.0939685992993206,0.118907408879673,0.5220380274888348,0.0,-0.2713541666666668,0.0,0.0,2.4999999975000056,1.2839674991293322,0.4065819639849393,0.01
rolling-lp-v lam=0.01,30045,1.124066725997638,1.0091602568082418,0.0994053705164304,0.1207774994614367,0.5401635474255714,0.0,-0.2600260416666666,0.0,0.0,2.4999999975000056,1.304959369813646,0.4139313145839238,0.01
rolling-lp-v lam=0.01,30046,1.0490339809932625,0.9412067051810792,0.0940830855993262,0.1222813904793997,0.5827794252526574,0.0,-0.2164062499999999,0.0,0.0,2.4999999975000056,1.2811015268880026,0.4549049493901708,0.01
rolling-lp-v lam=0.01,30047,1.1057181639929583,0.9915413249487196,0.0975770247326291,0.1262539850348508,0.5907544118562328,0.0,-0.2598958333333333,0.0,0.0,2.4999999975000056,1.3488536693345787,0.437967753868858,0.01
rolling-lp-v lam=0.01,30048,1.1015333892475416,0.9889221029025388,0.0979593285080875,0.1245242220498309,0.5818111028080989,0.0,-0.2438802083333334,0.0,0.0,2.499999997500005,1.2772887818911858,0.4555047465042751,0.01
rolling-lp-v lam=0.01,30049,1.0901193215545453,0.9803306801877288,0.0964924009054545,0.1246721253901827,0.5895742208894708,0.0,-0.2503906249999999,0.0,0.0,2.4999999975000056,1.3299126612124577,0.443317999809075,0.01
rolling-lp-v lam=0.03,30000,1.0801537773557517,0.9678054657560068,0.0908213673189084,0.1276961988039179,0.5897000128342884,0.0,-0.3438802083333334,0.0,0.0,2.4999999975000056,1.1969845732597644,0.4926546473596985,0.03
rolling-lp-v lam=0.03,30001,1.057177363994429,0.9475025869423668,0.0886864863994429,0.1166649091995988,0.545359932509883,0.0,-0.340625,0.0,0.0,2.4999999975000056,1.2075331641944,0.4516314323124344,0.03
rolling-lp-v lam=0.03,30002,1.0115634851916175,0.9060619482657456,0.0863125985191617,0.1190542097122699,0.5611767413546449,0.0,-0.296875,0.0,0.0,2.4999999975000056,1.0668397866903123,0.5260178223157571,0.03
rolling-lp-v lam=0.03,30003,1.0820983687987389,0.9693656385003157,0.0900522847965405,0.1255085941847782,0.575402095154398,0.0,-0.3631510416666667,0.0,0.0,2.499999997500005,1.1861040241730616,0.4851194190623895,0.03
rolling-lp-v lam=0.03,30004,1.092013970922626,0.9773258108516129,0.0907769179255959,0.1226381960628691,0.5644774677588825,0.0,-0.3684895833333333,0.0,0.0,2.4999999975000056,1.2219762463523716,0.461938167328425,0.03
rolling-lp-v lam=0.03,30005,1.0714987189934315,0.958480777267638,0.0894024760660098,0.1266923115149771,0.5566518605088882,0.0,-0.3549479166666667,0.0,0.0,2.4999999975000056,1.1263321502845935,0.4942164355054921,0.03
rolling-lp-v lam=0.03,30006,1.033493340620992,0.9253326969589832,0.0863831882287659,0.1025441880200837,0.489453124397437,0.0,-0.3393229166666665,0.0,0.0,2.4999999975000056,1.2109067489640142,0.4042038124043709,0.03
rolling-lp-v lam=0.03,30007,1.068774143298557,0.955866952723704,0.0894164768298557,0.120694038127887,0.5803029101045968,0.0,-0.3492187499999999,0.0,0.0,2.4999999975000056,1.2347203230594546,0.4699873317600312,0.03
rolling-lp-v lam=0.03,30008,1.0417021655308454,0.9324858766358118,0.0882978207197512,0.1239749138747203,0.5863974619539831,0.0,-0.3174479166666666,0.0,0.0,2.4999999975000056,1.1548404454161425,0.5077735753727235,0.03
rolling-lp-v lam=0.03,30009,1.1062578753138574,0.9918318246504036,0.0918757875313857,0.1253453778159392,0.5651550223567156,0.0,-0.375,0.0,0.0,2.499999997500006,1.182649068875374,0.4778721238872179,0.03
rolling-lp-v lam=0.03,30010,1.032598392970363,0.9238871156401722,0.0878041101303696,0.1249909629280738,0.5721510504579456,0.0,-0.3091145833333333,0.0,0.0,2.4999999975000056,1.0871506281391563,0.526284983560447,0.03
rolling-lp-v lam=0.03,30011,1.073135906077182,0.9596417049562324,0.0894229656077181,0.1230936896752675,0.546276978398304,0.0,-0.3578125,0.0,0.0,2.4999999975000056,1.1514121864261513,0.474440851710875,0.03
rolling-lp-v lam=0.03,30012,0.9990100229525573,0.8952800764711639,0.083566366878589,0.1098449593719135,0.506531201172822,0.0,-0.3266927083333333,0.0,0.0,2.499999997500005,1.0990059297930204,0.4608994250542568,0.03
rolling-lp-v lam=0.03,30013,1.0434237694101938,0.9337449472884686,0.0883593040243527,0.1189662141273024,0.5596668225392732,0.0,-0.3196614583333335,0.0,0.0,2.4999999975000056,1.1862171136443762,0.4718080831086875,0.03
rolling-lp-v lam=0.03,30014,0.9960016130805204,0.8878257535318962,0.083857973808052,0.1202684075438406,0.5503882693417272,0.0,-0.3148437500000001,0.0,0.0,2.4999999975000056,1.1020752428098026,0.499410791534053,0.03
rolling-lp-v lam=0.03,30015,1.0746527069113765,0.9607525111118588,0.0904600623578043,0.1256590547663791,0.5950036368489,0.0,-0.3401041666666667,0.0,0.0,2.499999997500005,1.1945995862917038,0.4980778862446456,0.03
rolling-lp-v lam=0.03,30016,1.1130609588373432,0.9962571212119804,0.0934675542170676,0.1225112262791907,0.5734437951339169,0.0,-0.3567708333333332,0.0,0.0,2.4999999975000056,1.2506453141581264,0.4585183254134137,0.03
rolling-lp-v lam=0.03,30017,1.019857077146312,0.9121179189248116,0.0871094056312978,0.1210249930069214,0.589436260715951,0.0,-0.2975260416666667,0.0,0.0,2.4999999975000056,1.197362011984807,0.4922790725077974,0.03
rolling-lp-v lam=0.03,30018,1.0954852357632838,0.9809432856742172,0.091508158992995,0.1135773045634258,0.5177853935972198,0.0,-0.3608072916666666,0.0,0.0,2.4999999975000056,1.1892398510694338,0.4353918960347628,0.03
rolling-lp-v lam=0.03,30019,1.080052802429525,0.9662883528174172,0.0900104885762858,0.1168041578901189,0.5161270551866133,0.0,-0.3598958333333333,0.0,0.0,2.4999999975000056,1.149310450284676,0.4490754043511675,0.03
rolling-lp-v lam=0.03,30020,1.0901698063276712,0.9782606886435118,0.0923372931327671,0.1118306048338409,0.5306077063950797,0.0,-0.3335937499999999,0.0,0.0,2.4999999975000056,1.2026120416307369,0.4412127003780686,0.03
rolling-lp-v lam=0.03,30021,1.0591704668350324,0.9486692416508976,0.0897972550168365,0.1211200340267794,0.5535064001499204,0.0,-0.3223958333333334,0.0,0.0,2.4999999975000056,1.1281706148501596,0.490622954422045,0.03
rolling-lp-v lam=0.03,30022,1.0897503805497653,0.9756280192215728,0.0912471734716432,0.1295637571827052,0.6231252738636868,0.0,-0.3545572916666666,0.0,0.0,2.4999999975000056,1.205133429319749,0.5170591560267452,0.03
rolling-lp-v lam=0.03,30023,1.1026817980838732,0.988525393724725,0.0907369298083873,0.1207659712380141,0.5531991434012402,0.0,-0.390625,0.0,0.0,2.4999999975000056,1.2714974811460356,0.4350768692853616,0.03
rolling-lp-v lam=0.03,30024,1.0363303293017654,0.927152294065168,0.0869403245968432,0.1240586665881219,0.5675664675274583,0.0,-0.3338541666666666,0.0,0.0,2.4999999975000056,1.1364469803254542,0.499421862483122,0.03
rolling-lp-v lam=0.03,30025,1.026623913579562,0.9202485530670634,0.0870308809412895,0.1198317752443443,0.5669297232841336,0.0,-0.3126302083333334,0.0,0.0,2.499999997500005,1.1626768297387735,0.4876073116650218,0.03
rolling-lp-v lam=0.03,30026,1.0304338723504798,0.9220102576674828,0.0875681268183813,0.1221998287592701,0.5698988169075837,0.0,-0.3095052083333334,0.0,0.0,2.4999999975000056,1.142459598009109,0.4988349854127969,0.03
rolling-lp-v lam=0.03,30027,1.037065867739328,0.9281876546406792,0.0877560659405994,0.1223342778464904,0.5800966961496515,0.0,-0.3190104166666665,0.0,0.0,2.4999999975000056,1.1641782621244336,0.4982885482598435,0.03
rolling-lp-v lam=0.03,30028,1.0283837307407668,0.9208827667963342,0.0872003522407433,0.1279629927464447,0.6229290560977825,0.0,-0.3127604166666666,0.0,0.0,2.4999999975000056,1.1830101219064788,0.5265627441072962,0.03
rolling-lp-v lam=0.03,30029,1.0273561326842149,0.9196334488081266,0.0876770195184214,0.1166728107140794,0.5491708032881525,0.0,-0.301171875,0.0,0.0,2.4999999975000056,1.1703670480465962,0.4692295499986498,0.03
rolling-lp-v lam=0.03,30030,1.050770686886726,0.9386362009753708,0.0884299332720059,0.1231029543227523,0.555721812004188,0.0,-0.3329427083333333,0.0,0.0,2.4999999975000056,1.1147014822702976,0.4985386857765335,0.03
rolling-lp-v lam=0.03,30031,1.0605994046181078,0.949824072317045,0.0893867633784774,0.1260075671632569,0.5987554634773942,0.0,-0.3334635416666666,0.0,0.0,2.499999997500005,1.1408056793370205,0.5248531580114163,0.03
rolling-lp-v lam=0.03,30032,1.0800604131469171,0.9667532850444956,0.0903107288146917,0.121875815175179,0.5670955769316165,0.0,-0.35390625,0.0,0.0,2.4999999975000056,1.2240113233483505,0.4633090937265966,0.03
rolling-lp-v lam=0.03,30033,1.1315972095233515,1.0139300685081434,0.0946440959523352,0.1255657945570745,0.5889005335775673,0.0,-0.3703125,0.0,0.0,2.4999999975000056,1.232756513030364,0.4777103404872152,0.03
rolling-lp-v lam=0.03,30034,1.03969398582107,0.9314405916591996,0.0875175756654403,0.1078876870145583,0.4922429267379348,0.0,-0.3290364583333333,0.0,0.0,2.4999999975000056,1.1107708461173724,0.4431543449835203,0.03
rolling-lp-v lam=0.03,30035,1.090838291335632,0.976306460178498,0.0911671624668965,0.1317279138573859,0.6054013012762475,0.0,-0.3583333333333334,0.0,0.0,2.4999999975000056,1.1728498888394707,0.516179697877014,0.03
rolling-lp-v lam=0.03,30036,1.0533444520903743,0.9431297167610326,0.0892081431257041,0.1247163729266147,0.598573317882544,0.0,-0.3225260416666667,0.0,0.0,2.4999999975000056,1.1720328125340176,0.5107137884547671,0.03
rolling-lp-v lam=0.03,30037,1.0963133716805322,0.982908518263544,0.0911157121680532,0.1175377677239726,0.5528878776265191,0.0,-0.3703124999999999,0.0,0.0,2.4999999975000056,1.244875262873269,0.4441311464012955,0.03
rolling-lp-v lam=0.03,30038,1.0795284526735187,0.9663296462090286,0.0895804494340185,0.1207716526551967,0.5416666785628504,0.0,-0.3674479166666667,0.0,0.0,2.4999999975000056,1.198477000417192,0.4519625144031094,0.03
rolling-lp-v lam=0.03,30039,1.0219428221771965,0.9161486319556792,0.0866213655510529,0.1240504216660226,0.6014621730877616,0.0,-0.3114583333333333,0.0,0.0,2.4999999975000056,1.1648450499480512,0.5163452195762734,0.03
rolling-lp-v lam=0.03,30040,1.0483292892489446,0.9411740024886712,0.0890581893415611,0.1210884690617191,0.59144072522041,0.0,-0.3154947916666668,0.0,0.0,2.4999999975000056,1.1851426804278526,0.4990460093858841,0.03
rolling-lp-v lam=0.03,30041,1.0563039916768897,0.9457750279564568,0.0889702429176889,0.1238229762969644,0.5711478655289584,0.0,-0.333203125,0.0,0.0,2.4999999975000056,1.1173961301220516,0.5111417966577105,0.03
rolling-lp-v lam=0.03,30042,1.0320127221283495,0.9254175402891704,0.0886439805461682,0.117879417530387,0.6022631453483773,0.0,-0.2911458333333332,0.0,0.0,2.4999999975000056,1.1875006905005798,0.5071686695984142,0.03
rolling-lp-v lam=0.03,30043,1.0548722724162125,0.9434603358123343,0.0892893105749545,0.1206778579763117,0.5774839808324114,0.0,-0.3239583333333333,0.0,0.0,2.4999999975000056,1.1791396387145554,0.4897502906966627,0.03
rolling-lp-v lam=0.03,30044,1.1065556948717252,0.9903377892734736,0.0909224965705058,0.118907408879673,0.5220380274888348,0.0,-0.3946614583333334,0.0,0.0,2.4999999975000056,1.2371319650352612,0.4219744071312193,0.03
rolling-lp-v lam=0.03,30045,1.0265766722902885,0.9181062131481804,0.0866745943123621,0.1207774994614367,0.5401635474255714,0.0,-0.3196614583333333,0.0,0.0,2.499999997500006,1.0935033667126886,0.493975202883391,0.03
rolling-lp-v lam=0.03,30046,1.0061056526560497,0.8999971639410487,0.0862550965156049,0.1206566719889249,0.5750361987129181,0.0,-0.287109375,0.0,0.0,2.4999999975000056,1.1515672861165622,0.4993509329811863,0.03
rolling-lp-v lam=0.03,30047,1.0657856973304236,0.952608159434828,0.090315548899709,0.1262539850348508,0.5907544118562328,0.0,-0.3252604166666666,0.0,0.0,2.4999999975000056,1.2194461588556045,0.4844448502840252,0.03
rolling-lp-v lam=0.03,30048,1.0835678777124644,0.9711314201492892,0.0910846523545797,0.1245242220498309,0.5818111028080989,0.0,-0.3454427083333333,0.0,0.0,2.4999999975000056,1.1566386311369827,0.5030189094031686,0.03
rolling-lp-v lam=0.03,30049,1.0548218060400243,0.945897425628032,0.0883077014373358,0.1246721253901827,0.5895742208894708,0.0,-0.3434895833333333,0.0,0.0,2.4999999975000056,1.2435177774343535,0.474118047677525,0.03
rolling-lp-v lam=0.1,30000,1.0246041153164165,0.9154637614747372,0.0854486927816416,0.1276961988039179,0.5897000128342884,0.0,-0.3402343749999999,0.0,0.0,2.4999999975000056,1.1917093406387005,0.4948354374047591,0.1
rolling-lp-v lam=0.1,30001,1.0200843221790707,0.9127774078620982,0.0848144218012404,0.1157341180145203,0.5410088708122585,0.0,-0.3438802083333334,0.0,0.0,2.4999999975000056,1.1552901228589223,0.4682883200571806,0.1
rolling-lp-v lam=0.1,30002,1.0317080809870098,0.9230031953632176,0.0865171622653676,0.1202476825545843,0.5668023231981087,0.0,-0.3330729166666668,0.0,0.0,2.4999999975000056,1.141769131516947,0.4964246339757486,0.1
rolling-lp-v lam=0.1,30003,0.990358590416656,0.8847020023947957,0.0820436715416656,0.1242560530619755,0.5696597410868617,0.0,-0.33984375,0.0,0.0,2.499999997500005,1.0930878410105762,0.5211472671402169,0.1
rolling-lp-v lam=0.1,30004,1.0695373480846433,0.9558016844414624,0.0878717035584643,0.1226381960628691,0.5644774677588825,0.0,-0.3816406249999999,0.0,0.0,2.4999999975000056,1.2130969625866803,0.4653193315687231,0.1
rolling-lp-v lam=0.1,30005,1.0643560892066188,0.9499502708406468,0.0870801401706619,0.1271805331248317,0.5587969746378862,0.0,-0.387109375,0.0,0.0,2.4999999975000056,1.19501416660002,0.4676069876457955,0.1
rolling-lp-v lam=0.1,30006,0.9681170700738002,0.8648300058204835,0.0803403528407133,0.1022213237494682,0.4879120626458134,0.0,-0.3294270833333332,0.0,0.0,2.4999999975000056,1.1767459546825825,0.4146282047576053,0.1
rolling-lp-v lam=0.1,30007,1.0181486091878844,0.909917494065492,0.0850765796687884,0.1205135458619525,0.5794350943549725,0.0,-0.3347656249999999,0.0,0.0,2.4999999975000056,1.1498898490004126,0.5039048695478697,0.1
rolling-lp-v lam=0.1,30008,0.9991542915952824,0.8919282299065562,0.0833008458261949,0.1239749138747203,0.5863974619539831,0.0,-0.3322916666666666,0.0,0.0,2.4999999975000056,1.189793872473465,0.4928563472384676,0.1
rolling-lp-v lam=0.1,30009,1.0634018416732265,0.951666058996523,0.0873492987506559,0.1253453778159392,0.5651550223567156,0.0,-0.3798177083333333,0.0,0.0,2.4999999975000056,1.1422049504187306,0.4947930072878169,0.1
rolling-lp-v lam=0.1,30010,1.0495241699297444,0.938601812396806,0.0870292399096411,0.1249982999439892,0.5721846359369666,0.0,-0.3584635416666666,0.0,0.0,2.4999999975000056,1.1843784000697952,0.4831096513607879,0.1
rolling-lp-v lam=0.1,30011,1.012846046468751,0.9042251752617756,0.0833549171468751,0.1221721546353541,0.5421873018403903,0.0,-0.35859375,0.0,0.0,2.499999997500005,1.0968407432383178,0.4943172517822723,0.1
rolling-lp-v lam=0.1,30012,1.0052336149602898,0.8992626380879544,0.0823527885793623,0.1102811469538815,0.5085426054383816,0.0,-0.3634114583333333,0.0,0.0,2.4999999975000056,1.2049920329419035,0.4220298487756889,0.1
rolling-lp-v lam=0.1,30013,0.9721420396300502,0.8676034102357575,0.0813483185463383,0.1189662141273024,0.5596668225392732,0.0,-0.3173177083333333,0.0,0.0,2.4999999975000056,1.1532066812254702,0.4853135449618935,0.1
rolling-lp-v lam=0.1,30014,0.8875585891700435,0.7894688269618999,0.0743808589170043,0.1175732547548656,0.5380543529838943,0.0,-0.2875,0.0,0.0,2.4999999975000056,1.022257971791072,0.5263391118791503,0.1
rolling-lp-v lam=0.1,30015,1.0274039541899975,0.9162391259840612,0.0852208641689997,0.1258895187764077,0.5960948986317035,0.0,-0.350390625,0.0,0.0,2.4999999975000056,1.2131508881889368,0.4913608887692355,0.1
rolling-lp-v lam=0.1,30016,1.0550276449786542,0.9425529471863462,0.088048337414532,0.1219252503453559,0.5707009912818876,0.0,-0.3490885416666666,0.0,0.0,2.4999999975000056,1.1915000204153094,0.478976904325158,0.1
rolling-lp-v lam=0.1,30017,1.03008696266566,0.9211552789330244,0.0862704150165659,0.1216131248682338,0.592300679349878,0.0,-0.334765625,0.0,0.0,2.4999999975000056,1.2594982542878248,0.4702671697506961,0.1
rolling-lp-v lam=0.1,30018,1.0450699171875408,0.9336227005691798,0.0861997000520874,0.1136051066709308,0.5179121400914483,0.0,-0.3661458333333333,0.0,0.0,2.4999999975000056,1.1917145468585066,0.434594124454319,0.1
rolling-lp-v lam=0.1,30019,1.0437046025859806,0.9324218614315164,0.0858027519252647,0.1166150087608154,0.5152912546050075,0.0,-0.3713541666666666,0.0,0.0,2.499999997500005,1.122506506291153,0.459054136182755,0.1
rolling-lp-v lam=0.1,30020,1.0401815147335272,0.9315853990895058,0.0871626827233527,0.1119478316918028,0.5311639179466802,0.0,-0.337109375,0.0,0.0,2.4999999975000056,1.2147521575640672,0.4372611438796033,0.1
rolling-lp-v lam=0.1,30021,1.0131064603538726,0.9057100377984776,0.0848848647853872,0.1211246457526313,0.5535274752742407,0.0,-0.328515625,0.0,0.0,2.4999999975000056,1.1294665885508466,0.4900786626937233,0.1
rolling-lp-v lam=0.1,30022,0.9938179332053688,0.8880939530117339,0.0833075745705368,0.1295637571827052,0.6231252738636868,0.0,-0.3214843749999999,0.0,0.0,2.499999997500005,1.142910786235956,0.5452090236333123,0.1
rolling-lp-v lam=0.1,30023,1.0197826401810892,0.9121409632470197,0.0835082119347755,0.1206937393013983,0.5528682667059889,0.0,-0.3694010416666667,0.0,0.0,2.4999999975000056,1.1961441003100706,0.4622087477275284,0.1
rolling-lp-v lam=0.1,30024,1.0461817776687767,0.9355211100658029,0.0860830215168776,0.1240959261455256,0.567736929422293,0.0,-0.3707031250000001,0.0,0.0,2.4999999975000056,1.1754721393992755,0.4829862915444637,0.1
rolling-lp-v lam=0.1,30025,1.0203129823818629,0.9130815778865544,0.0849740065715196,0.1204041323825946,0.5696375716269149,0.0,-0.3411458333333333,0.0,0.0,2.499999997500006,1.236641548197726,0.4606327293928473,0.1
rolling-lp-v lam=0.1,30026,1.0164249901113984,0.9080528937056568,0.0847219260944731,0.1221998287592701,0.5698988169075837,0.0,-0.3384114583333333,0.0,0.0,2.4999999975000056,1.1637347449555215,0.4897153920839284,0.1
rolling-lp-v lam=0.1,30027,0.9543204283032454,0.8530614657697689,0.0803474074136579,0.1216041652449246,0.5766345764932376,0.0,-0.3016927083333332,0.0,0.0,2.499999997500005,1.0869418718957535,0.5305109605240614,0.1
rolling-lp-v lam=0.1,30028,1.0311894631205942,0.922655731587311,0.0862895192287261,0.1282944730405877,0.6245427156591422,0.0,-0.3365885416666666,0.0,0.0,2.4999999975000056,1.2094930793239334,0.5163673330055274,0.1
rolling-lp-v lam=0.1,30029,1.007786150665164,0.9015212925410472,0.0841314796498497,0.1166728107140794,0.5491708032881525,0.0,-0.3329427083333333,0.0,0.0,2.4999999975000056,1.1788163171088808,0.4658663061561851,0.1
rolling-lp-v lam=0.1,30030,1.040918481668322,0.927779271993488,0.0853874210834988,0.1231029543227523,0.555721812004188,0.0,-0.3740885416666666,0.0,0.0,2.4999999975000056,1.1932095186484764,0.4657369919690572,0.1
rolling-lp-v lam=0.1,30031,1.061708943168692,0.9492947432498756,0.0876682901502025,0.1264141127830119,0.6006872634197398,0.0,-0.3700520833333334,0.0,0.0,2.4999999975000056,1.2455000188546383,0.4822860331805789,0.1
rolling-lp-v lam=0.1,30032,1.060947917426021,0.9486003668021306,0.0875335938259354,0.121875815175179,0.5670955769316165,0.0,-0.3712239583333334,0.0,0.0,2.499999997500006,1.244310391020992,0.4557508970621859,0.1
rolling-lp-v lam=0.1,30033,1.0383932371250335,0.9289396469050604,0.0868080737125033,0.1247339393212356,0.5849991526802232,0.0,-0.340625,0.0,0.0,2.4999999975000056,1.1546851751342526,0.5066308681171097,0.1
rolling-lp-v lam=0.1,30034,1.0087535040295124,0.9017427538369338,0.0837659754029512,0.1085411373815751,0.4952243264698145,0.0,-0.3421875,0.0,0.0,2.4999999975000056,1.1408906316081049,0.4340681856347504,0.1
rolling-lp-v lam=0.1,30035,0.9808723515772206,0.8756638267071942,0.0814986934910553,0.1314849275715528,0.6042845735506808,0.0,-0.3317708333333333,0.0,0.0,2.4999999975000056,1.0981265932263091,0.5502868041609715,0.1
rolling-lp-v lam=0.1,30036,1.006248952352481,0.8989652423229099,0.0845051035685814,0.1247163729266147,0.598573317882544,0.0,-0.3223958333333332,0.0,0.0,2.499999997500006,1.1412332182162852,0.5244969286979719,0.1
rolling-lp-v lam=0.1,30037,1.041148278075248,0.932183488993814,0.0859377444741914,0.1175377677239726,0.5528878776265191,0.0,-0.3635416666666667,0.0,0.0,2.4999999975000056,1.1580397529170634,0.4774342817108075,0.1
rolling-lp-v lam=0.1,30038,1.0171404362899286,0.9074205254397684,0.0830812311289928,0.1201861254622039,0.5390405609030867,0.0,-0.3726562499999999,0.0,0.0,2.499999997500006,1.1453231798333887,0.47064494144046,0.1
rolling-lp-v lam=0.1,30039,0.9513433462964722,0.8493491938819027,0.0797306887963138,0.1240876293437306,0.6016425756239987,0.0,-0.3080729166666666,0.0,0.0,2.4999999975000056,1.1915000199384531,0.5049455019355154,0.1
rolling-lp-v lam=0.1,30040,1.0124467847416991,0.9068558322136596,0.0849816576408365,0.1214176163527701,0.5930484019383666,0.0,-0.3252604166666668,0.0,0.0,2.4999999975000056,1.2405417673961363,0.4780559732246333,0.1
rolling-lp-v lam=0.1,30041,1.0122101276134616,0.9043478271921436,0.0840009606780128,0.1238229762969644,0.5711478655289584,0.0,-0.3444010416666668,0.0,0.0,2.4999999975000056,1.1315496772231055,0.504748379170229,0.1
rolling-lp-v lam=0.1,30042,0.9749235448238964,0.873048697414103,0.0830457398990563,0.1168048186725317,0.5967728629761141,0.0,-0.2889322916666666,0.0,0.0,2.4999999975000056,1.1510806653444376,0.5184457362052397,0.1
rolling-lp-v lam=0.1,30043,1.0630456313751837,0.9509705052934004,0.0886287818875183,0.1204399405985982,0.5763454664711589,0.0,-0.3535156249999999,0.0,0.0,2.4999999975000056,1.1544424790960757,0.4992413887285535,0.1
rolling-lp-v lam=0.1,30044,1.0548276059073485,0.9419312346646738,0.0856259897574014,0.118907408879673,0.5220380274888348,0.0,-0.3971354166666667,0.0,0.0,2.4999999975000056,1.2417095616073286,0.4204187868321506,0.1
rolling-lp-v lam=0.1,30045,0.9437961589476632,0.8409357705182425,0.0785267513114329,0.1202952268576545,0.5380066383850067,0.0,-0.3170572916666666,0.0,0.0,2.4999999975000056,1.0453905992846673,0.514646524230417,0.1
rolling-lp-v lam=0.1,30046,0.970180745731479,0.8664056807664309,0.0814581787398145,0.1205345852463789,0.5744543469579375,0.0,-0.3111979166666667,0.0,0.0,2.4999999975000056,1.1460026814764797,0.5012678907677822,0.1
rolling-lp-v lam=0.1,30047,1.0641660317139423,0.9508863621392768,0.0880832698380608,0.1262539850348508,0.5907544118562328,0.0,-0.3666666666666667,0.0,0.0,2.499999997500006,1.2299516557748147,0.480307017826716,0.1
rolling-lp-v lam=0.1,30048,1.0177733463019871,0.9087366929946772,0.0845572825468654,0.1245242220498309,0.5818111028080989,0.0,-0.3444010416666667,0.0,0.0,2.499999997500006,1.1809810972623378,0.4926506479712588,0.1
rolling-lp-v lam=0.1,30049,1.0074983101078172,0.90296591073737,0.083926914344115,0.1241085290126767,0.5869089747959734,0.0,-0.3364583333333333,0.0,0.0,2.4999999975000056,1.169288107365308,0.5019370085944197,0.1
rolling-lp-v lam=0.2,30000,1.0078282182370717,0.9002861621117982,0.0836929780737071,0.1276961988039179,0.5897000128342884,0.0,-0.3417968749999999,0.0,0.0,2.4999999975000056,1.1852191715961529,0.4975451182080782,0.2
rolling-lp-v lam=0.2,30001,0.9928976365411324,0.8879743584824399,0.0823887219874465,0.1154767595380623,0.5398058269637277,0.0,-0.3380208333333334,0.0,0.0,2.4999999975000056,1.140845218632108,0.4731630708072421,0.2
rolling-lp-v lam=0.2,30002,0.9792210726164912,0.8754878416516736,0.0819846072616491,0.1201306110867349,0.5662504923557381,0.0,-0.3187500000000001,0.0,0.0,2.4999999975000056,1.1289176249059187,0.5015870776248427,0.2
rolling-lp-v lam=0.2,30003,0.9309476581628112,0.8320031696066428,0.0772744533162811,0.1230095115584613,0.5639448926537498,0.0,-0.31640625,0.0,0.0,2.499999997500006,1.0086898816653158,0.5590864971528159,0.2
rolling-lp-v lam=0.2,30004,1.0595909406670303,0.94672479778304,0.086857531566703,0.1226381960628691,0.5644774677588825,0.0,-0.3820312499999999,0.0,0.0,2.499999997500005,1.211095242296889,0.4660884198408121,0.2
rolling-lp-v lam=0.2,30005,1.0668268227063415,0.9521801721988384,0.0869951822706341,0.1271805331248317,0.5587969746378862,0.0,-0.39375,0.0,0.0,2.4999999975000056,1.1942126024316757,0.467920848850577,0.2
rolling-lp-v lam=0.2,30006,0.9597678365428188,0.8573608450118113,0.0795705336542818,0.1021450104011835,0.4875478118045676,0.0,-0.3281249999999999,0.0,0.0,2.4999999975000056,1.1686715877459397,0.4171811969390983,0.2
rolling-lp-v lam=0.2,30007,1.0228117539754913,0.9140375035541576,0.0850025295642158,0.1205653845613398,0.5796843373878273,0.0,-0.3455729166666666,0.0,0.0,2.4999999975000056,1.1742537818307868,0.4936618866869116,0.2
rolling-lp-v lam=0.2,30008,0.9882832892816946,0.881895759072848,0.0821356205948361,0.1239749138747203,0.5863974619539831,0.0,-0.3338541666666667,0.0,0.0,2.4999999975000056,1.1979157740989452,0.4895147677599143,0.2
rolling-lp-v lam=0.2,30009,1.0610017412748456,0.949187246676578,0.0866926220441512,0.1253453778159392,0.5651550223567156,0.0,-0.3881510416666666,0.0,0.0,2.4999999975000056,1.1533678150000726,0.4900041556618952,0.2
rolling-lp-v lam=0.2,30010,1.0483727103954372,0.9372006268155604,0.086393260622877,0.1249982999439892,0.5721846359369666,0.0,-0.3688802083333333,0.0,0.0,2.4999999975000056,1.1942472334717733,0.4791174054249885,0.2
rolling-lp-v lam=0.2,30011,1.017495618119939,0.9080522358668344,0.0833511243119939,0.1227700648081404,0.5448407649334618,0.0,-0.3679687499999999,0.0,0.0,2.4999999975000056,1.1228977492488588,0.4852095974882154,0.2
rolling-lp-v lam=0.2,30012,0.976122569726236,0.8726655069143925,0.0797997569726235,0.110185862745343,0.5081032186437596,0.0,-0.35625,0.0,0.0,2.499999997500005,1.18183960409683,0.4299256996316819,0.2
rolling-lp-v lam=0.2,30013,0.9766069867800816,0.8710819953382922,0.0810591361780081,0.1189662141273024,0.5596668225392732,0.0,-0.33203125,0.0,0.0,2.499999997500006,1.1939579235025368,0.4687492008909844,0.2
rolling-lp-v lam=0.2,30014,0.8501650843053487,0.7561883644962993,0.0709214563472015,0.1165135616760373,0.5332048446915596,0.0,-0.2819010416666667,0.0,0.0,2.499999997500006,0.9988662176544828,0.5338100691237914,0.2
rolling-lp-v lam=0.2,30015,1.0153871469607716,0.9049760555004792,0.0836936626127438,0.1260093672467525,0.59666238878081,0.0,-0.3569010416666666,0.0,0.0,2.4999999975000056,1.2363119092646333,0.482614770843475,0.2
rolling-lp-v lam=0.2,30016,1.0110852608659089,0.9031852675034796,0.0844353490032575,0.1207777977966645,0.5653300586396972,0.0,-0.3334635416666666,0.0,0.0,2.4999999975000056,1.1334353019604513,0.4987757639645347,0.2
rolling-lp-v lam=0.2,30017,1.0207591216873084,0.9124937360219498,0.0851748705020641,0.1215330465613939,0.5919106685217385,0.0,-0.3380208333333334,0.0,0.0,2.4999999975000056,1.2510379660356132,0.4731356558246039,0.2
rolling-lp-v lam=0.2,30018,1.0349846192087464,0.924428968061906,0.0850544515042079,0.1135591684107322,0.5177027130388383,0.0,-0.3688802083333332,0.0,0.0,2.4999999975000056,1.1876255324177958,0.4359140982636901,0.2
rolling-lp-v lam=0.2,30019,1.0605151551470926,0.9473384617296722,0.0863249530147092,0.1170888328712559,0.5173849595485263,0.0,-0.3945312499999999,0.0,0.0,2.4999999975000056,1.1896511712747704,0.4349047620355155,0.2
rolling-lp-v lam=0.2,30020,1.0064344320092604,0.9006558359054493,0.0840939640342593,0.1118544611078376,0.53072089833254,0.0,-0.3309895833333334,0.0,0.0,2.499999997500005,1.2050826182297456,0.4404020855534069,0.2
rolling-lp-v lam=0.2,30021,1.046135767671176,0.9348019850963142,0.0867229517671176,0.1214478579399818,0.5550045225335357,0.0,-0.3578125,0.0,0.0,2.4999999975000056,1.220294731417349,0.4548118649081674,0.2
rolling-lp-v lam=0.2,30022,0.968201925131382,0.8650252328337285,0.0810780050131382,0.1295637571827052,0.6231252738636868,0.0,-0.3148437499999998,0.0,0.0,2.4999999975000056,1.1375000216408062,0.5478024281396049,0.2
rolling-lp-v lam=0.2,30023,1.0177572205497616,0.9102257302345552,0.0829410866383094,0.1207002448010551,0.5528980667962015,0.0,-0.3766927083333333,0.0,0.0,2.499999997500005,1.2029307298277825,0.4596258563245425,0.2
rolling-lp-v lam=0.2,30024,1.0105140811501403,0.90293540821004,0.0829719810316807,0.1240708465450282,0.5676221906406117,0.0,-0.3615885416666667,0.0,0.0,2.4999999975000056,1.1492041033001257,0.4939263521689426,0.2
rolling-lp-v lam=0.2,30025,1.004533475655849,0.8986568327958205,0.0832853788155849,0.1204041323825946,0.5696375716269149,0.0,-0.343359375,0.0,0.0,2.4999999975000056,1.236641548197726,0.4606327293928473,0.2
rolling-lp-v lam=0.2,30026,0.9936916704602332,0.8874006306035532,0.0824746357960233,0.1221998287592701,0.5698988169075837,0.0,-0.3378906250000001,0.0,0.0,2.4999999975000056,1.1742900922818125,0.4853134848478448,0.2
rolling-lp-v lam=0.2,30027,0.9618055966444076,0.859674860056853,0.0806141534144407,0.121672524711119,0.5769587301253023,0.0,-0.3113281249999998,0.0,0.0,2.499999997500006,1.0929400516830383,0.527896044469075,0.2
rolling-lp-v lam=0.2,30028,1.0417714919182786,0.9321238216810708,0.0866055346084945,0.1287072820190635,0.6265522865654757,0.0,-0.3514322916666667,0.0,0.0,2.499999997500006,1.2424736298775505,0.5042781363715738,0.2
rolling-lp-v lam=0.2,30029,1.010227690277293,0.903336823855296,0.0837962065277293,0.1166728107140794,0.5491708032881525,0.0,-0.3445312499999999,0.0,0.0,2.4999999975000056,1.193512565854912,0.4601298880291067,0.2
rolling-lp-v lam=0.2,30030,1.0216919730677525,0.9108045262018232,0.0839335202234419,0.1231029543227523,0.555721812004188,0.0,-0.3647135416666666,0.0,0.0,2.4999999975000056,1.1474505762159883,0.4843100204253004,0.2
rolling-lp-v lam=0.2,30031,1.056663112614266,0.9449350974670636,0.0871702175114266,0.1264141127830119,0.6006872634197398,0.0,-0.3699218749999999,0.0,0.0,2.499999997500005,1.2311484774967878,0.4879080585317192,0.2
rolling-lp-v lam=0.2,30032,1.0230620420993428,0.914231030293498,0.0843049021266009,0.121875815175179,0.5670955769316165,0.0,-0.3600260416666667,0.0,0.0,2.4999999975000056,1.2022933268081075,0.4716782205197484,0.2
rolling-lp-v lam=0.2,30033,1.0591384963816457,0.9477954930856182,0.0879320788048312,0.124865960960925,0.5856183309710241,0.0,-0.3596354166666666,0.0,0.0,2.4999999975000056,1.1670756796327977,0.501782653165457,0.2
rolling-lp-v lam=0.2,30034,0.9803434974353328,0.8762335230225351,0.0811593497435332,0.1083638925261327,0.4944156380197559,0.0,-0.3375,0.0,0.0,2.499999997500005,1.1312981039693364,0.4370339137712875,0.2
rolling-lp-v lam=0.2,30035,0.9559243052212092,0.8533067317955197,0.0792187326054542,0.1312330075141433,0.6031267875802869,0.0,-0.3274739583333333,0.0,0.0,2.4999999975000056,1.0881576252621117,0.5542641742137384,0.2
rolling-lp-v lam=0.2,30036,0.9708208358306316,0.8671150754939131,0.0816003127497298,0.1245412969165877,0.5977330446630431,0.0,-0.3096354166666666,0.0,0.0,2.4999999975000056,1.099361133040563,0.5437094569733062,0.2
rolling-lp-v lam=0.2,30037,1.02046832804369,0.9135232939625014,0.084058551554369,0.1172822415050749,0.5516859035582684,0.0,-0.359765625,0.0,0.0,2.499999997500005,1.1377228521471108,0.4849035971432996,0.2
rolling-lp-v lam=0.2,30038,0.986507668640412,0.8800418039893816,0.0806169126973745,0.1197141442883758,0.5369237026076921,0.0,-0.3606770833333333,0.0,0.0,2.499999997500006,1.102477001324808,0.487015785329299,0.2
rolling-lp-v lam=0.2,30039,0.9466496169109624,0.8450487526518025,0.0790725137744295,0.1240876293437306,0.6016425756239987,0.0,-0.3118489583333333,0.0,0.0,2.4999999975000056,1.2035453050944551,0.4998919218722566,0.2
rolling-lp-v lam=0.2,30040,1.0246386382131154,0.9173869573256828,0.0853154263213115,0.1214176163527701,0.5930484019383666,0.0,-0.3429687500000002,0.0,0.0,2.4999999975000056,1.2802405761733766,0.4632319994972984,0.2
rolling-lp-v lam=0.2,30041,0.947819898220607,0.8466200613119902,0.0787142814887273,0.1238229762969644,0.5711478655289584,0.0,-0.3213541666666668,0.0,0.0,2.4999999975000056,1.068641183493825,0.5344617766476513,0.2
rolling-lp-v lam=0.2,30042,0.9908301212448448,0.8869384264937596,0.0839723350411511,0.1179902748133588,0.6028295313835824,0.0,-0.3022135416666666,0.0,0.0,2.4999999975000056,1.193065576323752,0.5052777846806283,0.2
rolling-lp-v lam=0.2,30043,1.0438375112283738,0.9336640809972344,0.0869163032061706,0.1200633344830048,0.5745432800345934,0.0,-0.3493489583333333,0.0,0.0,2.499999997500005,1.1332533720632765,0.506985722873731,0.2
rolling-lp-v lam=0.2,30044,1.0440603433243447,0.9320199912667806,0.0844060343324344,0.118907408879673,0.5220380274888348,0.0,-0.4,0.0,0.0,2.499999997500005,1.241279157155898,0.4205645639655814,0.2
rolling-lp-v lam=0.2,30045,0.8989360316073343,0.8009240271114902,0.0745680823274001,0.1193379221164373,0.533725202461188,0.0,-0.3065104166666665,0.0,0.0,2.499999997500005,1.0048808708617962,0.5311328117963473,0.2
rolling-lp-v lam=0.2,30046,0.9552088781302748,0.8529833240239904,0.0799935440630274,0.1202263080315599,0.5729851322445102,0.0,-0.310546875,0.0,0.0,2.4999999975000056,1.1319516814723944,0.5061922179391929,0.2
rolling-lp-v lam=0.2,30047,1.0711267039697616,0.9568080034396848,0.0879785558136428,0.1262539850348508,0.5907544118562328,0.0,-0.3826822916666667,0.0,0.0,2.4999999975000056,1.2831424959514277,0.4603965761559465,0.2
rolling-lp-v lam=0.2,30048,1.0124815988506397,0.9039547167041894,0.0839434723850639,0.1245242220498309,0.5818111028080989,0.0,-0.3460937500000001,0.0,0.0,2.4999999975000056,1.169529740916359,0.4974743971472104,0.2
rolling-lp-v lam=0.2,30049,0.9703867651277776,0.8696015170215868,0.0807561244294444,0.1234642386345903,0.5838621269420683,0.0,-0.3256510416666667,0.0,0.0,2.4999999975000056,1.13626713306119,0.5138423086911784,0.2
rolling-lp-v lam=0.5,30000,0.9797972439488816,0.8730610365955449,0.0810526410615548,0.1276961988039179,0.5897000128342884,0.0,-0.3385416666666666,0.0,0.0,2.4999999975000056,1.1868754776536414,0.4968507850546196,0.5
rolling-lp-v lam=0.5,30001,0.9883127185336976,0.8830860051995619,0.0817414281033697,0.1156336377551608,0.5405391673869626,0.0,-0.341796875,0.0,0.0,2.4999999975000056,1.1496504107223404,0.4701769880178921,0.5
rolling-lp-v lam=0.5,30002,0.957132750514011,0.8545577886048222,0.0799450458847344,0.1197345896891699,0.5643837965208796,0.0,-0.3153645833333333,0.0,0.0,2.499999997500005,1.097956607786065,0.5140310578019207,0.5
rolling-lp-v lam=0.5,30003,0.998061306957052,0.8913583954190598,0.0818438911123718,0.1252348449416013,0.5741470744198095,0.0,-0.3592447916666666,0.0,0.0,2.4999999975000056,1.1657748634929206,0.4925025340652287,0.5
rolling-lp-v lam=0.5,30004,0.9936182655768312,0.8845728485963475,0.0814256286410164,0.1226381960628691,0.5644774677588825,0.0,-0.3587239583333333,0.0,0.0,2.4999999975000056,1.164656868651783,0.4846727675356661,0.5
rolling-lp-v lam=0.5,30005,1.0518442509932182,0.9376618430139214,0.0854773938493218,0.1271805331248317,0.5587969746378862,0.0,-0.3941406250000001,0.0,0.0,2.499999997500005,1.1956353480825894,0.467364046683644,0.5
rolling-lp-v lam=0.5,30006,0.9241208469277358,0.8232868676199883,0.0764485430261069,0.1021322757321313,0.487487028022706,0.0,-0.3192708333333333,0.0,0.0,2.4999999975000056,1.1673241905597909,0.4176106620294841,0.5
rolling-lp-v lam=0.5,30007,0.9835297727389511,0.8771733875159264,0.0817383939405617,0.1205266430256741,0.5794980661665022,0.0,-0.3322916666666666,0.0,0.0,2.4999999975000056,1.1560454513005074,0.5012761959441896,0.5
rolling-lp-v lam=0.5,30008,0.98272866333383,0.8762615606044907,0.081456460083383,0.1239749138747203,0.5863974619539831,0.0,-0.336328125,0.0,0.0,2.4999999975000056,1.192049942825706,0.4919235687088343,0.5
rolling-lp-v lam=0.5,30009,1.027874483084134,0.9172805196234748,0.0837835420584134,0.1253453778159392,0.5651550223567156,0.0,-0.3800781249999999,0.0,0.0,2.4999999975000056,1.1706833793300722,0.4827565098601875,0.5
rolling-lp-v lam=0.5,30010,1.0423213449854678,0.9304068415561024,0.0855016657485468,0.1249982999439892,0.5721846359369666,0.0,-0.3746093749999999,0.0,0.0,2.4999999975000056,1.231698136742725,0.4645494044913728,0.5
rolling-lp-v lam=0.5,30011,1.0281607409295737,0.9168649717002344,0.083779615759624,0.1230936896752675,0.546276978398304,0.0,-0.3807291666666665,0.0,0.0,2.4999999975000056,1.1456236616948092,0.4768380722777273,0.5
rolling-lp-v lam=0.5,30012,0.9189106252024004,0.8175595302086004,0.07491840627024,0.1101380654182342,0.5078828094629316,0.0,-0.3394531249999999,0.0,0.0,2.499999997500006,1.1702256731859166,0.4340041592834231,0.5
rolling-lp-v lam=0.5,30013,1.0204118358201053,0.9112690520540913,0.0841114960820105,0.1189662141273024,0.5596668225392732,0.0,-0.35859375,0.0,0.0,2.499999997500005,1.2112525630616813,0.4620562544979094,0.5
rolling-lp-v lam=0.5,30014,0.9995792202165048,0.8913566076374828,0.0823602657716504,0.1210186170540756,0.5538214777994963,0.0,-0.351953125,0.0,0.0,2.4999999975000056,1.1300514273409472,0.4900851982485954,0.5
rolling-lp-v lam=0.5,30015,1.0190585553985023,0.908092997512678,0.0837352826231836,0.1260093672467525,0.59666238878081,0.0,-0.3634114583333334,0.0,0.0,2.4999999975000056,1.2369639673558472,0.4823603633792538,0.5
rolling-lp-v lam=0.5,30016,1.0195244441135656,0.9104643957880793,0.0847844756613565,0.1210472066256667,0.5665910926366432,0.0,-0.3433593749999999,0.0,0.0,2.4999999975000056,1.1409844147507746,0.4965809219755239,0.5
rolling-lp-v lam=0.5,30017,0.9721539633802634,0.8659932399432967,0.0810044588380263,0.1218281996975541,0.5933481729296664,0.0,-0.3242187499999999,0.0,0.0,2.499999997500005,1.282220950654095,0.4627503338071209,0.5
rolling-lp-v lam=0.5,30018,0.9917470711848164,0.8835563735125851,0.0814924154518149,0.1130964559086118,0.515593261894935,0.0,-0.3536458333333333,0.0,0.0,2.499999997500006,1.1464389899826035,0.4497345836979591,0.5
rolling-lp-v lam=0.5,30019,1.093395835552331,0.977349074265365,0.0885127606385664,0.1175604252051021,0.5194688028543919,0.0,-0.4165364583333333,0.0,0.0,2.4999999975000056,1.2564795756704306,0.4134319513926157,0.5
rolling-lp-v lam=0.5,30020,0.9777148772718391,0.873298667751647,0.0814498731438506,0.1117227749331696,0.5300960810098732,0.0,-0.3264322916666666,0.0,0.0,2.4999999975000056,1.1914450828127254,0.4449186023399746,0.5
rolling-lp-v lam=0.5,30021,1.0665803424977849,0.9536622457516452,0.0880447529997784,0.1214969460290508,0.5552288501742032,0.0,-0.372265625,0.0,0.0,2.4999999975000056,1.2340893225295806,0.4499097756036979,0.5
rolling-lp-v lam=0.5,30022,0.9454059610790144,0.8438505483902751,0.0790913773579014,0.1285873924293959,0.6184295351206465,0.0,-0.308984375,0.0,0.0,2.4999999975000056,1.0926452895744043,0.5659929540002233,0.5
rolling-lp-v lam=0.5,30023,0.9319029100308316,0.8298913093330545,0.0761329993364165,0.1206296685199385,0.552574774250645,0.0,-0.3411458333333332,0.0,0.0,2.4999999975000056,1.129304552292736,0.4893053633130205,0.5
rolling-lp-v lam=0.5,30024,0.9770407036236556,0.8712309142217106,0.0801389661956989,0.1240461558858192,0.5675092312592679,0.0,-0.3513020833333333,0.0,0.0,2.499999997500005,1.123343439073023,0.5051965512235274,0.5
rolling-lp-v lam=0.5,30025,0.8889500516390779,0.791075039331302,0.0743897968305744,0.1194008360904661,0.5648909300278183,0.0,-0.2901041666666668,0.0,0.0,2.4999999975000056,1.109196281039904,0.5092795023602285,0.5
rolling-lp-v lam=0.5,30026,0.9920898531924084,0.8855377086137944,0.0820800790692408,0.1221998287592701,0.5698988169075837,0.0,-0.3425781250000001,0.0,0.0,2.499999997500005,1.1934489374178054,0.4775225810168635,0.5
rolling-lp-v lam=0.5,30027,1.0204477111913388,0.9116780469079148,0.0843624794524672,0.1225815293620638,0.581269137674848,0.0,-0.3536458333333332,0.0,0.0,2.4999999975000056,1.1934432079646862,0.4870521980397811,0.5
rolling-lp-v lam=0.5,30028,0.9962396202629282,0.8894217830613996,0.0830158891096261,0.1276266797353964,0.6212918706738619,0.0,-0.3321614583333333,0.0,0.0,2.4999999975000056,1.1626124617239757,0.5343929220856464,0.5
rolling-lp-v lam=0.5,30029,0.9553920823608456,0.8526122475531023,0.0792826978194179,0.1166728107140794,0.5491708032881525,0.0,-0.3251302083333333,0.0,0.0,2.4999999975000056,1.1734410315267367,0.4680003413325672,0.5
rolling-lp-v lam=0.5,30030,1.0245357913978772,0.9127683658192068,0.0838077458064543,0.1231029543227523,0.555721812004188,0.0,-0.3729166666666666,0.0,0.0,2.4999999975000056,1.1946149437798628,0.4651890677391304,0.5
rolling-lp-v lam=0.5,30031,1.013993891146974,0.905107859099528,0.0838147536980307,0.1264141127830119,0.6006872634197398,0.0,-0.3516927083333332,0.0,0.0,2.4999999975000056,1.173780309011751,0.5117544218521444,0.5
rolling-lp-v lam=0.5,30032,0.9501056583568978,0.8447036940900599,0.0783699408356897,0.121743088094819,0.5664779897581234,0.0,-0.3328125,0.0,0.0,2.499999997500005,1.1817801146655962,0.479342969752387,0.5
rolling-lp-v lam=0.5,30033,0.9917884749193472,0.8844846017268476,0.0824405662419347,0.1245265499012338,0.5840265013261805,0.0,-0.334765625,0.0,0.0,2.4999999975000056,1.135221248254337,0.5144605091071501,0.5
rolling-lp-v lam=0.5,30034,1.0075747809796838,0.9002535120950723,0.082931957264635,0.1088112917511791,0.4964569191895652,0.0,-0.3565104166666666,0.0,0.0,2.499999997500006,1.1555114410566554,0.4296425821068297,0.5
rolling-lp-v lam=0.5,30035,0.9389018022683348,0.8357682434605522,0.0773732531435001,0.1317279138573859,0.6054013012762475,0.0,-0.3303385416666667,0.0,0.0,2.4999999975000056,1.1214096752983365,0.5398573907570294,0.5
rolling-lp-v lam=0.5,30036,0.915938015582772,0.815805895609611,0.0770560411416105,0.1239942513867944,0.5951075124244344,0.0,-0.2907552083333334,0.0,0.0,2.499999997500006,1.0561780370108056,0.5634537848455051,0.5
rolling-lp-v lam=0.5,30037,0.944653221164396,0.8428272608839799,0.0778767804497729,0.1161746247999223,0.5464757667554868,0.0,-0.3317708333333333,0.0,0.0,2.499999997500006,1.0744100154983751,0.5086286974921755,0.5
rolling-lp-v lam=0.5,30038,1.0211664652621584,0.9112761436429884,0.0829174277762158,0.1204786595349232,0.5403525903077744,0.0,-0.383984375,0.0,0.0,2.4999999975000056,1.1718792540892933,0.4610992032005042,0.5
rolling-lp-v lam=0.5,30039,1.0149397771822335,0.9074257071325632,0.0839939777182233,0.1240876293437306,0.6016425756239987,0.0,-0.35,0.0,0.0,2.4999999975000056,1.2424286443505212,0.4842471866370297,0.5
rolling-lp-v lam=0.5,30040,0.9997665446658048,0.8936797549345936,0.0830365502999138,0.1214176163527701,0.5930484019383666,0.0,-0.3388020833333334,0.0,0.0,2.499999997500005,1.2593064007176051,0.4709325717715902,0.5
rolling-lp-v lam=0.5,30041,0.9961266547100364,0.890199873961639,0.0820475613043369,0.1238229762969644,0.5711478655289584,0.0,-0.3513020833333334,0.0,0.0,2.4999999975000056,1.100822788474797,0.5188372474740376,0.5
rolling-lp-v lam=0.5,30042,0.9877508778502088,0.8828468279509052,0.0833388898683542,0.1185357770311444,0.6056165818149557,0.0,-0.3087239583333332,0.0,0.0,2.4999999975000056,1.2206762640658368,0.4961320209485878,0.5
rolling-lp-v lam=0.5,30043,0.9590538785010244,0.8546992728197602,0.0800460128501024,0.1194469019146909,0.5715934436732741,0.0,-0.3171875,0.0,0.0,2.4999999975000056,1.1032503577493271,0.5180994863571551,0.5
rolling-lp-v lam=0.5,30044,1.0323602620525452,0.921254971068368,0.0832750887052545,0.118907408879673,0.5220380274888348,0.0,-0.39921875,0.0,0.0,2.4999999975000056,1.2096316576955286,0.4315677621098065,0.5
rolling-lp-v lam=0.5,30045,0.9684087074329903,0.8642462730664059,0.0798161311599657,0.1200667831442439,0.5369849500144647,0.0,-0.3404947916666666,0.0,0.0,2.4999999975000056,1.0338515118493334,0.5194023937285892,0.5
rolling-lp-v lam=0.5,30046,0.9687827359276806,0.8649745456306189,0.080686867342768,0.1211879530224264,0.5775682246748229,0.0,-0.323828125,0.0,0.0,2.4999999975000056,1.1810131663872103,0.4890446957857706,0.5
rolling-lp-v lam=0.5,30047,1.0504077165615575,0.93732248719859,0.0861345216561557,0.1262539850348508,0.5907544118562328,0.0,-0.378125,0.0,0.0,2.4999999975000056,1.2680382718880203,0.4658805849579293,0.5
rolling-lp-v lam=0.5,30048,1.0441652610545185,0.9325099406202816,0.0859399636054518,0.1245242220498309,0.5818111028080989,0.0,-0.3695312500000001,0.0,0.0,2.4999999975000056,1.2329078383603078,0.4719015361130902,0.5
rolling-lp-v lam=0.5,30049,0.945229477228216,0.8459308834953985,0.0785008123061549,0.1226556046070004,0.5800380983125014,0.0,-0.3204427083333333,0.0,0.0,2.4999999975000056,1.0972476272341662,0.5286300775829467,0.5
rolling-lp-v lam=1.0,30000,0.9635391477558224,0.8578741769522366,0.0797849043589155,0.1276961988039179,0.5897000128342884,0.0,-0.3313802083333333,0.0,0.0,2.499999997500006,1.1747755883070865,0.5019682215937745,1.0
rolling-lp-v lam=1.0,30001,0.9790383944269004,0.8741731922982025,0.0808790998593567,0.1155268532094209,0.5400399940446323,0.0,-0.3404947916666667,0.0,0.0,2.4999999975000056,1.14365685435168,0.4722045707938961,1.0
rolling-lp-v lam=1.0,30002,0.9714445102488584,0.8671752698835464,0.0809074718582191,0.1198479933324558,0.5649183386185569,0.0,-0.3247395833333334,0.0,0.0,2.499999997500005,1.1031430638834556,0.5120988900839784,1.0
rolling-lp-v lam=1.0,30003,0.9956218994135672,0.8888042699842359,0.0814957836913567,0.1251608427858433,0.5738078068521532,0.0,-0.361328125,0.0,0.0,2.4999999975000056,1.1602793169203762,0.4945428212709669,1.0
rolling-lp-v lam=1.0,30004,0.959557128562256,0.8533361839440395,0.0788268066062255,0.1226381960628691,0.5644774677588825,0.0,-0.342578125,0.0,0.0,2.499999997500005,1.109323006693768,0.5088486079823171,1.0
rolling-lp-v lam=1.0,30005,1.0529120604804558,0.9386222547134404,0.0854474560480455,0.1271805331248317,0.5587969746378862,0.0,-0.396875,0.0,0.0,2.4999999975000056,1.19819759048607,0.4663646289016492,1.0
rolling-lp-v lam=1.0,30006,0.9338542621902182,0.8318385229816984,0.0770768324690218,0.1024364779584148,0.4889390140687019,0.0,-0.3261718749999999,0.0,0.0,2.499999997500005,1.1995104391409876,0.4076154722078522,1.0
rolling-lp-v lam=1.0,30007,0.9161980163088292,0.8149440476501129,0.0763398537142162,0.1204772780759215,0.5792607170443507,0.0,-0.3055989583333334,0.0,0.0,2.4999999975000056,1.132844168587778,0.5113330969134674,1.0
rolling-lp-v lam=1.0,30008,0.9612684915725812,0.8558255720216378,0.0797336199905914,0.1239749138747203,0.5863974619539831,0.0,-0.3278645833333333,0.0,0.0,2.4999999975000056,1.1876400881290166,0.493750141827716,1.0
rolling-lp-v lam=1.0,30009,0.9914185274047356,0.8828543809186253,0.0808215402404735,0.1253453778159392,0.5651550223567156,0.0,-0.36640625,0.0,0.0,2.4999999975000056,1.145768514383802,0.493254104351661,1.0
rolling-lp-v lam=1.0,30010,1.0408306966975918,0.9287538658575518,0.0852679655030925,0.1249982999439892,0.5721846359369666,0.0,-0.3763020833333333,0.0,0.0,2.499999997500006,1.2364108970599637,0.4627787067370182,1.0
rolling-lp-v lam=1.0,30011,1.0206964699897136,0.9092034330324644,0.082837876165638,0.1230936896752675,0.546276978398304,0.0,-0.3846354166666667,0.0,0.0,2.4999999975000056,1.1967949572654293,0.4564499332838924,1.0
rolling-lp-v lam=1.0,30012,0.9113468062169632,0.8104800590953433,0.0742206181216963,0.1101271374970166,0.5078324172274361,0.0,-0.3382812499999999,0.0,0.0,2.4999999975000056,1.1675703757100848,0.4349480149482091,1.0
rolling-lp-v lam=1.0,30013,1.039283931675,0.9278697990319614,0.0851653723341666,0.1189662141273024,0.5596668225392732,0.0,-0.3752604166666666,0.0,0.0,2.4999999975000056,1.244639530453283,0.4496617766394172,1.0
rolling-lp-v lam=1.0,30014,0.9805768596657298,0.8736800959423465,0.0807920609665729,0.1205180229399834,0.5515305924895079,0.0,-0.3453125,0.0,0.0,2.4999999975000056,1.1098747467581636,0.4969304816606335,1.0
rolling-lp-v lam=1.0,30015,1.0020109343600965,0.8924337669833257,0.0824211455193429,0.1258146963368846,0.5957406096095801,0.0,-0.3555989583333334,0.0,0.0,2.4999999975000056,1.2071280229957635,0.4935189957160583,1.0
rolling-lp-v lam=1.0,30016,1.0093528459268917,0.9006439761623155,0.0837738262593558,0.120844954027357,0.5656443998226632,0.0,-0.3432291666666665,0.0,0.0,2.4999999975000056,1.1353170886930846,0.4982259189578502,1.0
rolling-lp-v lam=1.0,30017,0.9547109517447856,0.8497474043980612,0.0795856785078119,0.1215644952893684,0.5920638354020749,0.0,-0.3177083333333333,0.0,0.0,2.499999997500005,1.2543605300898375,0.4720045164046026,1.0
rolling-lp-v lam=1.0,30018,0.9981510250755314,0.8888175920436173,0.0816380191742198,0.1136286356464531,0.5180194058863058,0.0,-0.3635416666666666,0.0,0.0,2.499999997500005,1.193808886528093,0.4339215528817524,1.0
rolling-lp-v lam=1.0,30019,1.0948494166120275,0.9783052752254234,0.0884107229112027,0.117699643294396,0.5200839712161515,0.0,-0.4214843749999999,0.0,0.0,2.4999999975000056,1.2762078920632012,0.4075229235382251,1.0
rolling-lp-v lam=1.0,30020,0.9766309722424276,0.8719095119754913,0.0811787222242427,0.111760072882772,0.5302730502708473,0.0,-0.3296875000000001,0.0,0.0,2.499999997500005,1.195307691093089,0.4436289118042244,1.0
rolling-lp-v lam=1.0,30021,1.0640844430666387,0.9513276370601044,0.0877821422233305,0.1214755115457912,0.5551308967368268,0.0,-0.3725260416666666,0.0,0.0,2.4999999975000056,1.2280658667814337,0.4520367447323791,1.0
rolling-lp-v lam=1.0,30022,0.9217173497606512,0.8219070437012816,0.0771391828927317,0.1273689730667085,0.6125696564357086,0.0,-0.3006510416666666,0.0,0.0,2.4999999975000056,1.0609606786384596,0.5773726291362888,1.0
rolling-lp-v lam=1.0,30023,0.9087244208797528,0.808155623007517,0.0742448379213085,0.1206344366243281,0.5525966157614361,0.0,-0.3325520833333333,0.0,0.0,2.4999999975000056,1.134278706424074,0.4871788676202445,1.0
rolling-lp-v lam=1.0,30024,0.9975333241543952,0.8893517397187246,0.0814330199154395,0.1240840509899507,0.5676826007704839,0.0,-0.36640625,0.0,0.0,2.4999999975000056,1.1630342612377342,0.4881047959553142,1.0
rolling-lp-v lam=1.0,30025,0.8742182642130647,0.7771086934770404,0.0730858889213064,0.1193700136313439,0.564745107534699,0.0,-0.28671875,0.0,0.0,2.499999997500005,1.1060748131676776,0.5105849087344558,1.0
rolling-lp-v lam=1.0,30026,1.0082005283231084,0.8999845674012271,0.0831312507489775,0.1221998287592701,0.5698988169075837,0.0,-0.3537760416666667,0.0,0.0,2.4999999975000056,1.2415739148933451,0.459013200963182,1.0
rolling-lp-v lam=1.0,30027,0.9708174078999372,0.8662223052963646,0.080610386623327,0.1222424566430978,0.5796612893473866,0.0,-0.3294270833333332,0.0,0.0,2.4999999975000056,1.1533102092510965,0.5026065708061237,1.0
rolling-lp-v lam=1.0,30028,0.9543429779770116,0.8502706111317023,0.0796139852977011,0.1277307619410956,0.6217985470867934,0.0,-0.31640625,0.0,0.0,2.4999999975000056,1.1667919946118523,0.5329129356030955,1.0
rolling-lp-v lam=1.0,30029,0.9802626798897228,0.8753959396063097,0.0810340804889722,0.1166728107140794,0.5491708032881525,0.0,-0.3398437499999999,0.0,0.0,2.4999999975000056,1.192306490520347,0.4605953315313104,1.0
rolling-lp-v lam=1.0,30030,1.0509293108786173,0.9365472739818044,0.0854119415045284,0.1231029543227523,0.555721812004188,0.0,-0.3936197916666666,0.0,0.0,2.4999999975000056,1.2436509095774526,0.4468471077571134,1.0
rolling-lp-v lam=1.0,30031,0.9764807828971594,0.8702409746030612,0.0808577137063826,0.1263642743589835,0.6004504440814262,0.0,-0.3358072916666667,0.0,0.0,2.4999999975000056,1.1685440455208835,0.5138449392498277,1.0
rolling-lp-v lam=1.0,30032,0.9455328670071864,0.8406475543480976,0.0778215158673852,0.1217213332982962,0.5663767633674124,0.0,-0.3346354166666667,0.0,0.0,2.499999997500005,1.1798629844841342,0.4800360472492037,1.0
rolling-lp-v lam=1.0,30033,0.9766857041817488,0.8713990393134092,0.0812492995848415,0.1238627464840452,0.580913279385827,0.0,-0.3283854166666666,0.0,0.0,2.4999999975000056,1.0889687111844306,0.5334526818075327,1.0
rolling-lp-v lam=1.0,30034,0.9194517522680432,0.8197214960203851,0.0760597585601376,0.1062547183194244,0.4847924260180921,0.0,-0.3177083333333333,0.0,0.0,2.4999999975000056,1.0592890244063395,0.457658311233599,1.0
rolling-lp-v lam=1.0,30035,0.9218311368190718,0.8197723154612667,0.0758940511819071,0.1313356853588605,0.6035986792164922,0.0,-0.3257812499999999,0.0,0.0,2.4999999975000056,1.0922207878190937,0.5526343079605139,1.0
rolling-lp-v lam=1.0,30036,0.947800776150723,0.844170225051246,0.0792592442817389,0.1247163729266147,0.598573317882544,0.0,-0.3104166666666665,0.0,0.0,2.4999999975000056,1.1397882181147103,0.5251618751355636,1.0
rolling-lp-v lam=1.0,30037,0.9598978201114684,0.8558500266790849,0.0787762403444801,0.1171553485805019,0.5510890098013806,0.0,-0.3442708333333333,0.0,0.0,2.4999999975000056,1.1279682516848215,0.4885678377722342,1.0
rolling-lp-v lam=1.0,30038,0.9772777805530068,0.8708063414869467,0.0795311634719673,0.1198513454076237,0.5375390562351722,0.0,-0.3639322916666667,0.0,0.0,2.4999999975000056,1.1149320397306837,0.4821271943759163,1.0
rolling-lp-v lam=1.0,30039,1.0263597474868678,0.9174262469425264,0.0845695684986867,0.1240876293437306,0.6016425756239987,0.0,-0.3613281249999999,0.0,0.0,2.4999999975000056,1.2839000258553992,0.4686054704478676,1.0
rolling-lp-v lam=1.0,30040,0.9894591959777728,0.8841451626459494,0.0821490445977772,0.1214176163527701,0.5930484019383666,0.0,-0.3359375,0.0,0.0,2.4999999975000056,1.2451939761760764,0.4762698931130283,1.0
rolling-lp-v lam=1.0,30041,1.0481123856058114,0.9367466718658116,0.0856771239772477,0.1238229762969644,0.5711478655289584,0.0,-0.3826822916666667,0.0,0.0,2.4999999975000056,1.183899693988535,0.4824292703419597,1.0
rolling-lp-v lam=1.0,30042,0.9669452271087956,0.8633719626941277,0.0816229081275462,0.1183440045283037,0.6046367881141396,0.0,-0.3014322916666666,0.0,0.0,2.4999999975000056,1.2109696661441194,0.4992996976046308,1.0
rolling-lp-v lam=1.0,30043,0.98146034250494,0.8749550979614926,0.0816551488338273,0.1193980252677932,0.5713595525428418,0.0,-0.3298177083333333,0.0,0.0,2.499999997500005,1.1008714329295344,0.5190066119005323,1.0
rolling-lp-v lam=1.0,30044,1.0249836523380131,0.9144678219355457,0.0826285735671346,0.118907408879673,0.5220380274888348,0.0,-0.3973958333333334,0.0,0.0,2.499999997500006,1.1927754435418068,0.4376666457340068,1.0
rolling-lp-v lam=1.0,30045,1.0230138799520594,0.9134031271562776,0.0839029504952059,0.1207774994614367,0.5401635474255714,0.0,-0.36796875,0.0,0.0,2.4999999975000056,1.0870316705748562,0.4969161083778875,1.0
rolling-lp-v lam=1.0,30046,0.9923226774537892,0.8863773021590249,0.0823312260787122,0.1212128926929626,0.5776870843541583,0.0,-0.3380208333333333,0.0,0.0,2.499999997500006,1.1832960319681003,0.4882016576978868,1.0
rolling-lp-v lam=1.0,30047,1.0166078372323075,0.906078338709059,0.0835357837232307,0.1262539850348508,0.5907544118562328,0.0,-0.3625,0.0,0.0,2.499999997500005,1.2249247220601764,0.4822781361312185,1.0
rolling-lp-v lam=1.0,30048,1.0501985027162275,0.9378403430936068,0.0862372981882894,0.1245242220498309,0.5818111028080989,0.0,-0.3756510416666667,0.0,0.0,2.4999999975000056,1.23933540451661,0.4694541128154313,1.0
rolling-lp-v lam=1.0,30049,0.9179470328856412,0.8202982839041872,0.0762348074552307,0.1225270142698116,0.57942999487619,0.0,-0.3111979166666666,0.0,0.0,2.4999999975000056,1.0910426800763058,0.5310791277529725,1.0
rolling-lp-v lam=2.0,30000,0.9547557739283868,0.8497753440971613,0.0791149003095053,0.1276961988039179,0.5897000128342884,0.0,-0.3272135416666666,0.0,0.0,2.4999999975000056,1.164860297990141,0.5062409748634762,2.0
rolling-lp-v lam=2.0,30001,0.9770992974829784,0.8723115636281332,0.0806331068316311,0.1158866780676986,0.5417220256149822,0.0,-0.3415364583333333,0.0,0.0,2.4999999975000056,1.163852946929573,0.4654557322247024,2.0
rolling-lp-v lam=2.0,30002,0.9707216921618153,0.8663610070086937,0.0807765962995148,0.1198815874258991,0.5650766885327084,0.0,-0.3259114583333334,0.0,0.0,2.4999999975000056,1.1046794721127438,0.5115299983369626,2.0
rolling-lp-v lam=2.0,30003,0.966233187735818,0.8619109566112538,0.0792144646069151,0.124654113646218,0.5714846750338893,0.0,-0.3481770833333333,0.0,0.0,2.499999997500005,1.1226486079503606,0.5090503573306513,2.0
rolling-lp-v lam=2.0,30004,0.9503271491764712,0.8449743589731222,0.0781056315843137,0.1225495276005975,0.5640693457327934,0.0,-0.3385416666666666,0.0,0.0,2.4999999975000056,1.094525946162921,0.5153549330742234,2.0
rolling-lp-v lam=2.0,30005,1.054037851862019,0.9396785210269178,0.0854949310195352,0.1271805331248317,0.5587969746378862,0.0,-0.3981770833333333,0.0,0.0,2.4999999975000056,1.1981975904860698,0.4663646289016492,2.0
rolling-lp-v lam=2.0,30006,0.9136550109986766,0.813112402133928,0.0754084698498676,0.1023477345067913,0.488515433166599,0.0,-0.3191406249999999,0.0,0.0,2.4999999975000056,1.1901208997257018,0.4104754678950615,2.0
rolling-lp-v lam=2.0,30007,0.8917825201737399,0.7926823649810462,0.0743735645173739,0.1204104722208493,0.5789395111860349,0.0,-0.29609375,0.0,0.0,2.4999999975000056,1.1014457464649592,0.5256178191655062,2.0
rolling-lp-v lam=2.0,30008,0.9531800941710338,0.8483419210170089,0.07913311358377,0.1239749138747203,0.5863974619539831,0.0,-0.3236979166666666,0.0,0.0,2.4999999975000056,1.1795806146780854,0.4971236850259823,2.0
rolling-lp-v lam=2.0,30009,0.998044166620929,0.8890098963266617,0.0812171770787595,0.1253453778159392,0.5651550223567156,0.0,-0.3717447916666666,0.0,0.0,2.4999999975000056,1.146997669526688,0.4927255193028669,2.0
rolling-lp-v lam=2.0,30010,1.0149504942120968,0.9049095439582504,0.0832007785878763,0.1249982999439892,0.5721846359369666,0.0,-0.3658854166666666,0.0,0.0,2.4999999975000056,1.216527562503508,0.4703425171555178,2.0
rolling-lp-v lam=2.0,30011,1.020329283038973,0.9089176733234764,0.0828141783038973,0.1230936896752675,0.546276978398304,0.0,-0.3843749999999999,0.0,0.0,2.499999997500005,1.1805282084136617,0.4627394538351315,2.0
rolling-lp-v lam=2.0,30012,0.9165424623448108,0.8151220581972585,0.0745188295678144,0.1101999636806313,0.5081682426897433,0.0,-0.3427083333333333,0.0,0.0,2.4999999975000056,1.1852658895844383,0.4287377601560019,2.0
rolling-lp-v lam=2.0,30013,1.032593814553982,0.92165661222368,0.0846461002053982,0.1189662141273024,0.5596668225392732,0.0,-0.372265625,0.0,0.0,2.499999997500006,1.244639530453283,0.4496617766394172,2.0
rolling-lp-v lam=2.0,30014,1.018261562848552,0.9072164960045396,0.0835709479515219,0.1218658472445727,0.5576986851875777,0.0,-0.3651041666666666,0.0,0.0,2.4999999975000056,1.1678822698598896,0.4775298842874672,2.0
rolling-lp-v lam=2.0,30015,0.9866232996909126,0.8782947355620099,0.0811688403857579,0.1256278914376212,0.5948560765001312,0.0,-0.3498697916666667,0.0,0.0,2.499999997500005,1.1920910804306797,0.4990022039970479,2.0
rolling-lp-v lam=2.0,30016,1.0126909876869898,0.9037326858980832,0.0839318591853656,0.1208457232510183,0.5656480003623774,0.0,-0.3467447916666665,0.0,0.0,2.4999999975000056,1.1353386431321235,0.498219631458938,2.0
rolling-lp-v lam=2.0,30017,0.952950608225832,0.8480509265852958,0.0794291754059165,0.1215644952893684,0.5920638354020749,0.0,-0.3173177083333334,0.0,0.0,2.499999997500005,1.2543605300898375,0.4720045164046026,2.0
rolling-lp-v lam=2.0,30018,1.003772554858975,0.8940074978488091,0.0820504325692308,0.1136327214364642,0.5180380325159581,0.0,-0.3665364583333333,0.0,0.0,2.4999999975000056,1.1941725671351675,0.4338050016998269,2.0
rolling-lp-v lam=2.0,30019,1.0948494166120275,0.9783052752254234,0.0884107229112027,0.117699643294396,0.5200839712161515,0.0,-0.4214843749999999,0.0,0.0,2.4999999975000056,1.2762078920632012,0.4075229235382251,2.0
rolling-lp-v lam=2.0,30020,0.9761284780708062,0.8713861083737672,0.0810828998904139,0.1117802646146131,0.530368854890131,0.0,-0.3305989583333333,0.0,0.0,2.4999999975000056,1.1973987645015969,0.442934192529329,2.0
rolling-lp-v lam=2.0,30021,1.0702673303827994,0.9569700164269213,0.0882376705382799,0.1214993647479999,0.5552399034770629,0.0,-0.37578125,0.0,0.0,2.4999999975000056,1.2347690238491933,0.4496710662097694,2.0
rolling-lp-v lam=2.0,30022,0.9094464373597984,0.8105712493066164,0.0760032374859798,0.126963574523383,0.6106199284884287,0.0,-0.2988281249999999,0.0,0.0,2.4999999975000056,1.0504184174822215,0.5813111407090913,2.0
rolling-lp-v lam=2.0,30023,0.8950673698461219,0.7955196444949545,0.0731525703179455,0.1206190968313756,0.5525263479514374,0.0,-0.3270833333333333,0.0,0.0,2.4999999975000056,1.1182760168320298,0.4940876309917584,2.0
rolling-lp-v lam=2.0,30024,0.9901550962564454,0.8823652565674357,0.0807863429589778,0.1240832400326498,0.5676788906534621,0.0,-0.3645833333333334,0.0,0.0,2.4999999975000056,1.162184875472819,0.4884583362199665,2.0
rolling-lp-v lam=2.0,30025,0.8789267512544072,0.7813823289357007,0.073393977208774,0.119394504741479,0.5648609761201678,0.0,-0.2899739583333333,0.0,0.0,2.4999999975000056,1.1085550894213831,0.5095470504898411,2.0
rolling-lp-v lam=2.0,30026,1.0249646950204845,0.9154310161642508,0.084377979918715,0.1221998287592701,0.5698988169075837,0.0,-0.3623697916666668,0.0,0.0,2.4999999975000056,1.2417979577552352,0.4589303866611074,2.0
rolling-lp-v lam=2.0,30027,0.9494564818334112,0.8468378608346085,0.0789951273500078,0.1220933431202803,0.5789542081967857,0.0,-0.3190104166666664,0.0,0.0,2.499999997500005,1.1356609780252545,0.5097949294722629,2.0
rolling-lp-v lam=2.0,30028,0.9384509412161252,0.83578714202002,0.0783893649549458,0.1277091654321749,0.6216934144025054,0.0,-0.3091145833333333,0.0,0.0,2.4999999975000056,1.1659247635737424,0.5332191525780081,2.0
rolling-lp-v lam=2.0,30029,0.9806402959837934,0.8757132205003249,0.0810067379317126,0.1166728107140794,0.5491708032881525,0.0,-0.3411458333333331,0.0,0.0,2.4999999975000056,1.198891300192466,0.4580655503964291,2.0
rolling-lp-v lam=2.0,30030,1.0545265986614187,0.9397918148975772,0.0856089098661418,0.1231029543227523,0.555721812004188,0.0,-0.3968749999999999,0.0,0.0,2.4999999975000056,1.2489057338973764,0.4449669794292514,2.0
rolling-lp-v lam=2.0,30031,0.9895476048596912,0.8820324925072281,0.0817998125693024,0.12636533752776,0.6004554959852748,0.0,-0.3430989583333333,0.0,0.0,2.4999999975000056,1.1686267199530078,0.5138129102588207,2.0
rolling-lp-v lam=2.0,30032,0.9455865223523328,0.8406646491809686,0.0777943293185666,0.1217265787566209,0.5664011708038729,0.0,-0.3352864583333334,0.0,0.0,2.4999999975000056,1.1803252377835205,0.4798687282731428,2.0
rolling-lp-v lam=2.0,30033,0.9809734396076932,0.8751765216891151,0.0815088022941026,0.1240372572206208,0.5817317305113656,0.0,-0.3317708333333334,0.0,0.0,2.4999999975000056,1.0968984402450963,0.5303423809968958,2.0
rolling-lp-v lam=2.0,30034,0.9460503040621586,0.8432990227186212,0.0780229991562158,0.1074433096536613,0.4902154329732893,0.0,-0.331640625,0.0,0.0,2.4999999975000056,1.0967611739575245,0.4469664359145837,2.0
rolling-lp-v lam=2.0,30035,0.9153521196279956,0.8137233016768892,0.0753828682127995,0.1312553568017021,0.6032295014802835,0.0,-0.3230468749999999,0.0,0.0,2.4999999975000056,1.0890420301562154,0.553908375229333,2.0
rolling-lp-v lam=2.0,30036,0.9671324668448688,0.8616754782167172,0.0806780904344868,0.1247163729266147,0.598573317882544,0.0,-0.320703125,0.0,0.0,2.499999997500005,1.15284748948666,0.5192129256828903,2.0
rolling-lp-v lam=2.0,30037,0.9395315330314584,0.8373733350580498,0.0772083616364791,0.1168566613846231,0.5496840100893605,0.0,-0.3348958333333333,0.0,0.0,2.4999999975000056,1.1050073634492843,0.4974482779675964,2.0
rolling-lp-v lam=2.0,30038,0.9862525025127078,0.8788637631764353,0.0800835835846041,0.1200751359760353,0.5385427677123289,0.0,-0.3708333333333333,0.0,0.0,2.4999999975000056,1.1352476183477842,0.4743835256806025,2.0
rolling-lp-v lam=2.0,30039,1.0235518669204535,0.9148216890950268,0.0843473741920453,0.1240876293437306,0.6016425756239987,0.0,-0.36015625,0.0,0.0,2.4999999975000056,1.2804187925014974,0.4698795262514043,2.0
rolling-lp-v lam=2.0,30040,0.9707967119871193,0.8670666874468658,0.0806538899487119,0.1214176163527701,0.5930484019383666,0.0,-0.3285156250000001,0.0,0.0,2.4999999975000056,1.2254680775146056,0.4839362304248177,2.0
rolling-lp-v lam=2.0,30041,1.0481123856058114,0.9367466718658116,0.0856771239772477,0.1238229762969644,0.5711478655289584,0.0,-0.3826822916666667,0.0,0.0,2.4999999975000056,1.183899693988535,0.4824292703419597,2.0
rolling-lp-v lam=2.0,30042,0.9178497907594292,0.8189479913214596,0.0778331561592762,0.1176797708455851,0.6012431213029058,0.0,-0.2790364583333333,0.0,0.0,2.499999997500005,1.1807343169560118,0.5092111855044059,2.0
rolling-lp-v lam=2.0,30043,0.9705880808447598,0.8649564006229841,0.0808022976678093,0.1197365416786989,0.5729794669813737,0.0,-0.3251302083333334,0.0,0.0,2.4999999975000056,1.1173477082660088,0.5128031880698712,2.0
rolling-lp-v lam=2.0,30044,1.041649118622321,0.9296266140849324,0.083832880612232,0.118907408879673,0.5220380274888348,0.0,-0.4066406250000001,0.0,0.0,2.4999999975000056,1.2110189586102935,0.4310733731930176,2.0
rolling-lp-v lam=2.0,30045,1.0164259653572425,0.9073543835986068,0.0832897319523909,0.1207072796663155,0.5398494974261816,0.0,-0.3670572916666667,0.0,0.0,2.4999999975000056,1.075542088832683,0.5019324701761285,2.0
rolling-lp-v lam=2.0,30046,0.9909252959274004,0.8849928807853181,0.08208081084274,0.1212133254968728,0.5776891470491692,0.0,-0.340234375,0.0,0.0,2.4999999975000056,1.1833356488968294,0.4881870562994724,2.0
rolling-lp-v lam=2.0,30047,1.037953367526053,0.9253658545092488,0.0848825763359386,0.1262539850348508,0.5907544118562328,0.0,-0.3782552083333333,0.0,0.0,2.4999999975000056,1.2680382718880203,0.4658805849579294,2.0
rolling-lp-v lam=2.0,30048,1.0674587246690035,0.9535797261160353,0.0874229558002336,0.1245242220498309,0.5818111028080989,0.0,-0.3864583333333333,0.0,0.0,2.4999999975000056,1.2606433228657676,0.4615192039295397,2.0
rolling-lp-v lam=2.0,30049,0.9105665189105882,0.8134305759392501,0.0756334748077254,0.1225240980787653,0.5794162042148154,0.0,-0.3084635416666666,0.0,0.0,2.4999999975000056,1.0909019633495254,0.5311349907518411,2.0
rolling-lp-v lam=5.0,30000,0.9512532546243136,0.846492805111108,0.0787711587957646,0.1276961988039179,0.5897000128342884,0.0,-0.3270833333333333,0.0,0.0,2.4999999975000056,1.161926628493659,0.5075191482604934,5.0
rolling-lp-v lam=5.0,30001,0.975179372769132,0.8706001805913643,0.0805192393602465,0.1158580693249387,0.5415882916402351,0.0,-0.3399739583333332,0.0,0.0,2.499999997500005,1.1622472079039825,0.4659837321673977,5.0
rolling-lp-v lam=5.0,30002,0.9623830258742814,0.8586880438603672,0.0800664275874281,0.1199317438196814,0.5653131068978282,0.0,-0.3234375,0.0,0.0,2.4999999975000056,1.1070869940596002,0.5106311517804666,5.0
rolling-lp-v lam=5.0,30003,0.966233187735818,0.8619109566112538,0.0792144646069151,0.124654113646218,0.5714846750338893,0.0,-0.3481770833333333,0.0,0.0,2.499999997500005,1.1226486079503606,0.5090503573306513,5.0
rolling-lp-v lam=5.0,30004,0.9423931537458434,0.8377393983542221,0.077527075791251,0.1224029551718847,0.5633947040953653,0.0,-0.3342447916666666,0.0,0.0,2.499999997500005,1.0840194732695785,0.5197274753709688,5.0
rolling-lp-v lam=5.0,30005,1.0519311178377315,0.9376370074183225,0.0852907680337731,0.1271805331248317,0.5587969746378862,0.0,-0.398046875,0.0,0.0,2.4999999975000056,1.19819759048607,0.4663646289016492,5.0
rolling-lp-v lam=5.0,30006,0.9136550109986766,0.813112402133928,0.0754084698498676,0.1023477345067913,0.488515433166599,0.0,-0.3191406249999999,0.0,0.0,2.4999999975000056,1.1901208997257018,0.4104754678950615,5.0
rolling-lp-v lam=5.0,30007,0.8903423911254764,0.7913756792702897,0.0742425724458809,0.1204051492215066,0.5789139179416879,0.0,-0.2958333333333334,0.0,0.0,2.4999999975000056,1.0989439630487934,0.5267911171153902,5.0
rolling-lp-v lam=5.0,30008,0.952917125911194,0.848078204174755,0.0790547334244527,0.1239749138747203,0.5863974619539831,0.0,-0.3247395833333332,0.0,0.0,2.499999997500005,1.1795908195745406,0.4971193843009792,5.0
rolling-lp-v lam=5.0,30009,0.9902140718547786,0.8816303122779636,0.0806034384354778,0.1253453778159392,0.5651550223567156,0.0,-0.3683593749999999,0.0,0.0,2.4999999975000056,1.1464050189199573,0.4929802408656194,5.0
rolling-lp-v lam=5.0,30010,1.0125239404587945,0.9026539894655824,0.0829971857125461,0.1249982999439892,0.5721846359369666,0.0,-0.3651041666666667,0.0,0.0,2.4999999975000056,1.2145102118719513,0.4711237751184041,5.0
rolling-lp-v lam=5.0,30011,1.0319852529970146,0.9195608899148318,0.0836802961330347,0.1230936896752675,0.546276978398304,0.0,-0.3903645833333333,0.0,0.0,2.499999997500005,1.1883301103010375,0.4597013688897579,5.0
rolling-lp-v lam=5.0,30012,0.9186612038035616,0.8170649146860446,0.0746004953803561,0.1102052602702872,0.5081926670050316,0.0,-0.3453124999999999,0.0,0.0,2.499999997500005,1.1865528700506975,0.4282933191028548,5.0
rolling-lp-v lam=5.0,30013,1.03523306685577,0.9240604383244893,0.0848839837689103,0.1189662141273024,0.5596668225392732,0.0,-0.3727864583333333,0.0,0.0,2.4999999975000056,1.244639530453283,0.4496617766394172,5.0
rolling-lp-v lam=5.0,30014,0.9987454148635092,0.8895266948318304,0.0820359998196842,0.1214265873115673,0.5556884855079165,0.0,-0.3567708333333333,0.0,0.0,2.4999999975000056,1.1482682693948445,0.4839361152083156,5.0
rolling-lp-v lam=5.0,30015,0.9748558412510704,0.8677298669120033,0.080298084125107,0.1254007013030231,0.5937803167262464,0.0,-0.3437500000000001,0.0,0.0,2.4999999975000056,1.1738033105767884,0.5058601482683434,5.0
rolling-lp-v lam=5.0,30016,1.0068746272259852,0.898337791179842,0.0834739210559318,0.1207994014231469,0.5654311797037417,0.0,-0.3442708333333333,0.0,0.0,2.499999997500005,1.1340406578190572,0.4985986840993487,5.0
rolling-lp-v lam=5.0,30017,0.9502815348354527,0.8454846540374955,0.0791557576502119,0.1215644952893684,0.5920638354020749,0.0,-0.3174479166666667,0.0,0.0,2.4999999975000056,1.2543605300898375,0.4720045164046026,5.0
rolling-lp-v lam=5.0,30018,1.0036199399171464,0.8937575555975658,0.0819635564917146,0.1136348063890594,0.5180475375663227,0.0,-0.3679687499999999,0.0,0.0,2.4999999975000056,1.1943581510304413,0.4337455537263872,5.0
rolling-lp-v lam=5.0,30019,1.077565322662882,0.962400880427468,0.0871120010162882,0.1175397128145112,0.5193772802120934,0.0,-0.4128906249999999,0.0,0.0,2.4999999975000056,1.253544464314562,0.4143269704406448,5.0
rolling-lp-v lam=5.0,30020,0.9761284780708062,0.8713861083737672,0.0810828998904139,0.1117802646146131,0.530368854890131,0.0,-0.3305989583333333,0.0,0.0,2.4999999975000056,1.1973987645015969,0.442934192529329,5.0
rolling-lp-v lam=5.0,30021,1.0704188774272236,0.9570510907880104,0.0881681898260556,0.1215039902987075,0.5552610417795864,0.0,-0.3774739583333334,0.0,0.0,2.4999999975000056,1.2360688825703396,0.4492152901907461,5.0
rolling-lp-v lam=5.0,30022,0.9130796241382882,0.8136290527890913,0.0762623894971621,0.1283926074816399,0.617492734378261,0.0,-0.3009114583333332,0.0,0.0,2.4999999975000056,1.0875799684913483,0.567767660556331,5.0
rolling-lp-v lam=5.0,30023,0.8841217994115611,0.7853247618211601,0.0722793674411561,0.1206099491562859,0.5524844447069067,0.0,-0.32265625,0.0,0.0,2.4999999975000056,1.108733032425128,0.4983025025406336,5.0
rolling-lp-v lam=5.0,30024,0.9868285805847664,0.8793295411765811,0.0805513476418099,0.1240783609342342,0.5676565688541987,0.0,-0.3626302083333333,0.0,0.0,2.4999999975000056,1.1570745734436172,0.4905963555700413,5.0
rolling-lp-v lam=5.0,30025,0.8881468218417606,0.7896704587777966,0.0740230155175094,0.1195115708177554,0.5654148211925122,0.0,-0.2958333333333333,0.0,0.0,2.4999999975000056,1.121297368071989,0.5042505559115978,5.0
rolling-lp-v lam=5.0,30026,1.024668814912424,0.9151734989159503,0.0843353710745757,0.1221998287592701,0.5698988169075837,0.0,-0.3626302083333334,0.0,0.0,2.4999999975000056,1.2417979577300486,0.4589303866704156,5.0
rolling-lp-v lam=5.0,30027,0.9202438060213184,0.8201555376609905,0.0767639639354651,0.121852701334996,0.577813109339978,0.0,-0.3052083333333333,0.0,0.0,2.499999997500005,1.108749592682173,0.5211394106961444,5.0
rolling-lp-v lam=5.0,30028,0.9213082483677748,0.8200757679416406,0.0770331685867774,0.1274847514689008,0.6206009580968411,0.0,-0.301953125,0.0,0.0,2.4999999975000056,1.1569131795695216,0.5364282895694575,5.0
rolling-lp-v lam=5.0,30029,0.982198342214012,0.8771061293457301,0.0810713967214012,0.1166728107140794,0.5491708032881525,0.0,-0.3429687499999999,0.0,0.0,2.4999999975000056,1.199910181102182,0.4576765927460584,5.0
rolling-lp-v lam=5.0,30030,1.0610397817621846,0.9458002367397856,0.0860584052595517,0.1231029543227523,0.555721812004188,0.0,-0.4009114583333333,0.0,0.0,2.4999999975000056,1.2525765345698188,0.4436629592418826,5.0
rolling-lp-v lam=5.0,30031,0.9963432355099476,0.8880516104454206,0.0822515110509947,0.1264141127830119,0.6006872634197398,0.0,-0.3476562499999999,0.0,0.0,2.4999999975000056,1.172915047480538,0.5121319440056948,5.0
rolling-lp-v lam=5.0,30032,0.9455857207608948,0.840802336065585,0.0777877387427561,0.1215842731645809,0.5657390142332479,0.0,-0.3354166666666667,0.0,0.0,2.499999997500005,1.1677846311543885,0.4844549235709659,5.0
rolling-lp-v lam=5.0,30033,0.977880116542612,0.8722360936318568,0.0812385324875945,0.1240168860511977,0.5816361902204353,0.0,-0.3309895833333334,0.0,0.0,2.4999999975000056,1.095972778836851,0.5307031355630221,5.0
rolling-lp-v lam=5.0,30034,0.9408386670833,0.838510390472659,0.0775929812916633,0.1073523187241035,0.4898002823410761,0.0,-0.3298177083333333,0.0,0.0,2.4999999975000056,1.0938925465142832,0.447759045348501,5.0
rolling-lp-v lam=5.0,30035,0.8935819364959824,0.7937113688850392,0.0735899644829315,0.1309665133404683,0.6019020212054088,0.0,-0.3153645833333334,0.0,0.0,2.4999999975000056,1.0776119310949657,0.5585517419000863,5.0
rolling-lp-v lam=5.0,30036,0.9500449614711336,0.8460433051536999,0.0793404336471133,0.1247163729266147,0.598573317882544,0.0,-0.3132812499999998,0.0,0.0,2.4999999975000056,1.139877785496859,0.5251206098569884,5.0
rolling-lp-v lam=5.0,30037,0.9295404477076834,0.8282545478338623,0.0764045656041016,0.1163778571865105,0.5474317549885591,0.0,-0.3309895833333333,0.0,0.0,2.4999999975000056,1.0799340431943896,0.5069122123137113,5.0
rolling-lp-v lam=5.0,30038,0.9887827076943516,0.8810547615295538,0.0802194166027684,0.1201562547620365,0.5389065893742527,0.0,-0.3731770833333334,0.0,0.0,2.499999997500005,1.142611534915077,0.4716446254100754,5.0
rolling-lp-v lam=5.0,30039,1.0010127882586977,0.8942412176334322,0.082711955909203,0.1240876293437306,0.6016425756239987,0.0,-0.3477864583333331,0.0,0.0,2.4999999975000056,1.248125493201644,0.4820369256946175,5.0
rolling-lp-v lam=5.0,30040,0.9710665907940584,0.8673133611642583,0.0806873882460725,0.1214176163527701,0.5930484019383666,0.0,-0.3283854166666668,0.0,0.0,2.499999997500005,1.225784170069193,0.4838114379506877,5.0
rolling-lp-v lam=5.0,30041,1.0745477989573191,0.9605029064824696,0.0875263944790652,0.1238229762969644,0.5711478655289584,0.0,-0.3985677083333334,0.0,0.0,2.499999997500005,1.219693838823912,0.4682715017070897,5.0
rolling-lp-v lam=5.0,30042,0.9188383822808456,0.8197908308145225,0.0779059736447512,0.11771987508397,0.6014480197088997,0.0,-0.2795572916666666,0.0,0.0,2.499999997500005,1.1820935193785311,0.5087990161938308,5.0
rolling-lp-v lam=5.0,30043,0.9513339421018088,0.8473471045221523,0.0792870400435142,0.1193808287508839,0.5712772614481227,0.0,-0.3169270833333333,0.0,0.0,2.499999997500005,1.10003444382562,0.5193267034997342,5.0
rolling-lp-v lam=5.0,30044,1.041230293383177,0.9292063833094684,0.0837779772549843,0.118907408879673,0.5220380274888348,0.0,-0.4069010416666667,0.0,0.0,2.4999999975000056,1.2111878887110872,0.4310132493517362,5.0
rolling-lp-v lam=5.0,30045,1.0164259653572425,0.9073543835986068,0.0832897319523909,0.1207072796663155,0.5398494974261816,0.0,-0.3670572916666667,0.0,0.0,2.4999999975000056,1.075542088832683,0.5019324701761285,5.0
rolling-lp-v lam=5.0,30046,0.9833919689639856,0.8781100416954962,0.0814902385630652,0.1211826417811383,0.577542911893106,0.0,-0.3369791666666666,0.0,0.0,2.4999999975000056,1.180526999181787,0.4892246533060201,5.0
rolling-lp-v lam=5.0,30047,1.038645538860104,0.9259991387667738,0.0849322622193437,0.1262539850348508,0.5907544118562328,0.0,-0.3786458333333333,0.0,0.0,2.4999999975000056,1.2680382718880203,0.4658805849579294,5.0
rolling-lp-v lam=5.0,30048,1.0608835564928103,0.9475698728762144,0.086908668149281,0.1245242220498309,0.5818111028080989,0.0,-0.3835937499999999,0.0,0.0,2.4999999975000056,1.2518714740746826,0.4647530635987556,5.0
rolling-lp-v lam=5.0,30049,0.910087570656935,0.812982791940836,0.0755790695656935,0.1225238813842437,0.579415179466875,0.0,-0.3085937499999999,0.0,0.0,2.4999999975000056,1.090891507057984,0.5311391423602655,5.0
rolling-lp-v lam=10.0,30000,0.9512532546243136,0.846492805111108,0.0787711587957646,0.1276961988039179,0.5897000128342884,0.0,-0.3270833333333333,0.0,0.0,2.4999999975000056,1.161926628493659,0.5075191482604934,10.0
rolling-lp-v lam=10.0,30001,0.972768160620286,0.8683996971816045,0.0803367118953619,0.1158098091363311,0.5413626953286921,0.0,-0.3388020833333333,0.0,0.0,2.499999997500005,1.1595384811039031,0.4668777312274313,10.0
rolling-lp-v lam=10.0,30002,0.9623830258742814,0.8586880438603672,0.0800664275874281,0.1199317438196814,0.5653131068978282,0.0,-0.3234375,0.0,0.0,2.4999999975000056,1.1070869940596002,0.5106311517804666,10.0
rolling-lp-v lam=10.0,30003,0.966233187735818,0.8619109566112538,0.0792144646069151,0.124654113646218,0.5714846750338893,0.0,-0.3481770833333333,0.0,0.0,2.499999997500005,1.1226486079503606,0.5090503573306513,10.0
rolling-lp-v lam=10.0,30004,0.9402884076599954,0.8357286410877972,0.0773166011826662,0.1224133840165886,0.563442705843916,0.0,-0.3342447916666666,0.0,0.0,2.499999997500005,1.0847670243277951,0.5194135636571994,10.0
rolling-lp-v lam=10.0,30005,1.0519311178377315,0.9376370074183225,0.0852907680337731,0.1271805331248317,0.5587969746378862,0.0,-0.398046875,0.0,0.0,2.4999999975000056,1.19819759048607,0.4663646289016492,10.0
rolling-lp-v lam=10.0,30006,0.9136550109986766,0.813112402133928,0.0754084698498676,0.1023477345067913,0.488515433166599,0.0,-0.3191406249999999,0.0,0.0,2.4999999975000056,1.1901208997257018,0.4104754678950615,10.0
rolling-lp-v lam=10.0,30007,0.8903423911254764,0.7913756792702897,0.0742425724458809,0.1204051492215066,0.5789139179416879,0.0,-0.2958333333333334,0.0,0.0,2.4999999975000056,1.0989439630487934,0.5267911171153902,10.0
rolling-lp-v lam=10.0,30008,0.952917125911194,0.848078204174755,0.0790547334244527,0.1239749138747203,0.5863974619539831,0.0,-0.3247395833333332,0.0,0.0,2.499999997500005,1.1795908195745406,0.4971193843009792,10.0
rolling-lp-v lam=10.0,30009,0.9902140718547786,0.8816303122779636,0.0806034384354778,0.1253453778159392,0.5651550223567156,0.0,-0.3683593749999999,0.0,0.0,2.4999999975000056,1.1464050189199573,0.4929802408656194,10.0
rolling-lp-v lam=10.0,30010,1.0125239404587945,0.9026539894655824,0.0829971857125461,0.1249982999439892,0.5721846359369666,0.0,-0.3651041666666667,0.0,0.0,2.4999999975000056,1.2145102118719513,0.4711237751184041,10.0
rolling-lp-v lam=10.0,30011,1.0319852529970146,0.9195608899148318,0.0836802961330347,0.1230936896752675,0.546276978398304,0.0,-0.3903645833333333,0.0,0.0,2.499999997500005,1.1883301103010375,0.4597013688897579,10.0
rolling-lp-v lam=10.0,30012,0.9189786171232464,0.8173479025086984,0.0746257262956579,0.110206475528336,0.5081982709592112,0.0,-0.3454427083333333,0.0,0.0,2.4999999975000056,1.186848156918629,0.4281914817803046,10.0
rolling-lp-v lam=10.0,30013,1.0411533326872302,0.9295281310597578,0.085267677018723,0.1189662141273024,0.5596668225392732,0.0,-0.376953125,0.0,0.0,2.4999999975000056,1.245331272477873,0.4494120037840914,10.0
rolling-lp-v lam=10.0,30014,0.9949128404600462,0.8862509074969321,0.0817764402960046,0.1211568298332798,0.5544539854870982,0.0,-0.354296875,0.0,0.0,2.4999999975000056,1.1362229565697644,0.4879799182732448,10.0
rolling-lp-v lam=10.0,30015,0.9748558412510704,0.8677298669120033,0.080298084125107,0.1254007013030231,0.5937803167262464,0.0,-0.3437500000000001,0.0,0.0,2.4999999975000056,1.1738033105767884,0.5058601482683434,10.0
rolling-lp-v lam=10.0,30016,1.0068746272259852,0.898337791179842,0.0834739210559318,0.1207994014231469,0.5654311797037417,0.0,-0.3442708333333333,0.0,0.0,2.499999997500005,1.1340406578190572,0.4985986840993487,10.0
rolling-lp-v lam=10.0,30017,0.9492725859578356,0.8446230291887564,0.0791069460957835,0.1214968551217351,0.5917344028898851,0.0,-0.31640625,0.0,0.0,2.4999999975000056,1.2472143335955463,0.4744448383494733,10.0
rolling-lp-v lam=10.0,30018,1.0036199399171464,0.8937575555975658,0.0819635564917146,0.1136348063890594,0.5180475375663227,0.0,-0.3679687499999999,0.0,0.0,2.4999999975000056,1.1943581510304413,0.4337455537263872,10.0
rolling-lp-v lam=10.0,30019,1.0736655374471098,0.9588310961999252,0.0868196787447109,0.1174960840507868,0.5191844961044962,0.0,-0.4109374999999999,0.0,0.0,2.4999999975000056,1.2473619196542658,0.4162260270446606,10.0
rolling-lp-v lam=10.0,30020,0.981848754987526,0.8766124077116707,0.0814400838320859,0.1118644621966107,0.5307683509487824,0.0,-0.3348958333333333,0.0,0.0,2.4999999975000056,1.2061183397297242,0.4400632454255864,10.0
rolling-lp-v lam=10.0,30021,1.0687197015254937,0.9554779738606703,0.0880243139025493,0.121498290127212,0.5552349925679091,0.0,-0.376953125,0.0,0.0,2.4999999975000056,1.234467037060763,0.4497770907596775,10.0
rolling-lp-v lam=10.0,30022,0.9130796241382882,0.8136290527890913,0.0762623894971621,0.1283926074816399,0.617492734378261,0.0,-0.3009114583333332,0.0,0.0,2.4999999975000056,1.0875799684913483,0.567767660556331,10.0
rolling-lp-v lam=10.0,30023,0.8841217994115611,0.7853247618211601,0.0722793674411561,0.1206099491562859,0.5524844447069067,0.0,-0.32265625,0.0,0.0,2.4999999975000056,1.108733032425128,0.4983025025406336,10.0
rolling-lp-v lam=10.0,30024,0.9868285805847664,0.8793295411765811,0.0805513476418099,0.1240783609342342,0.5676565688541987,0.0,-0.3626302083333333,0.0,0.0,2.4999999975000056,1.1570745734436172,0.4905963555700413,10.0
rolling-lp-v lam=10.0,30025,0.8902648755403488,0.7915343255541917,0.0741306542207015,0.1195626153283713,0.5656563151553582,0.0,-0.2979166666666666,0.0,0.0,2.4999999975000056,1.1278937614848978,0.5015155987835759,10.0
rolling-lp-v lam=10.0,30026,1.024668814912424,0.9151734989159503,0.0843353710745757,0.1221998287592701,0.5698988169075837,0.0,-0.3626302083333334,0.0,0.0,2.4999999975000056,1.2417979577300486,0.4589303866704156,10.0
rolling-lp-v lam=10.0,30027,0.917290321981368,0.817404627120309,0.0765076780314701,0.1219125731806636,0.5780970155392506,0.0,-0.3044270833333333,0.0,0.0,2.499999997500005,1.114264860472034,0.5188147235427961,10.0
rolling-lp-v lam=10.0,30028,0.9213082483677748,0.8200757679416406,0.0770331685867774,0.1274847514689008,0.6206009580968411,0.0,-0.301953125,0.0,0.0,2.4999999975000056,1.1569131795695216,0.5364282895694575,10.0
rolling-lp-v lam=10.0,30029,0.982198342214012,0.8771061293457301,0.0810713967214012,0.1166728107140794,0.5491708032881525,0.0,-0.3429687499999999,0.0,0.0,2.4999999975000056,1.199910181102182,0.4576765927460584,10.0
rolling-lp-v lam=10.0,30030,1.0610397817621846,0.9458002367397856,0.0860584052595517,0.1231029543227523,0.555721812004188,0.0,-0.4009114583333333,0.0,0.0,2.4999999975000056,1.2525765345698188,0.4436629592418826,10.0
rolling-lp-v lam=10.0,30031,0.9963432355099476,0.8880516104454206,0.0822515110509947,0.1264141127830119,0.6006872634197398,0.0,-0.3476562499999999,0.0,0.0,2.4999999975000056,1.172915047480538,0.5121319440056948,10.0
rolling-lp-v lam=10.0,30032,0.946956970546261,0.8420784941824945,0.0778988220546261,0.1215893094084868,0.565762448182299,0.0,-0.3359375,0.0,0.0,2.4999999975000056,1.168228447541403,0.4842909358807133,10.0
rolling-lp-v lam=10.0,30033,0.977880116542612,0.8722360936318568,0.0812385324875945,0.1240168860511977,0.5816361902204353,0.0,-0.3309895833333334,0.0,0.0,2.4999999975000056,1.095972778836851,0.5307031355630221,10.0
rolling-lp-v lam=10.0,30034,0.9408386670833,0.838510390472659,0.0775929812916633,0.1073523187241035,0.4898002823410761,0.0,-0.3298177083333333,0.0,0.0,2.4999999975000056,1.0938925465142832,0.447759045348501,10.0
rolling-lp-v lam=10.0,30035,0.8932028823556399,0.7933897371128122,0.0735585694855639,0.1309163540181695,0.6016714966483759,0.0,-0.315234375,0.0,0.0,2.4999999975000056,1.0756270288912892,0.5593681457303592,10.0
rolling-lp-v lam=10.0,30036,0.9500449614711336,0.8460433051536999,0.0793404336471133,0.1247163729266147,0.598573317882544,0.0,-0.3132812499999998,0.0,0.0,2.4999999975000056,1.139877785496859,0.5251206098569884,10.0
rolling-lp-v lam=10.0,30037,0.9295404477076834,0.8282545478338623,0.0764045656041016,0.1163778571865105,0.5474317549885591,0.0,-0.3309895833333333,0.0,0.0,2.4999999975000056,1.0799340431943896,0.5069122123137113,10.0
rolling-lp-v lam=10.0,30038,0.9887827076943516,0.8810547615295538,0.0802194166027684,0.1201562547620365,0.5389065893742527,0.0,-0.3731770833333334,0.0,0.0,2.499999997500005,1.142611534915077,0.4716446254100754,10.0
rolling-lp-v lam=10.0,30039,1.0010127882586977,0.8942412176334322,0.082711955909203,0.1240876293437306,0.6016425756239987,0.0,-0.3477864583333331,0.0,0.0,2.4999999975000056,1.248125493201644,0.4820369256946175,10.0
rolling-lp-v lam=10.0,30040,0.9703335879644144,0.8666796289338994,0.0806466400464414,0.1214176163527701,0.5930484019383666,0.0,-0.3277343750000001,0.0,0.0,2.4999999975000056,1.2243698431505148,0.4843703111899185,10.0
rolling-lp-v lam=10.0,30041,1.0421576771476078,0.9311850321136024,0.0851727989647607,0.1238229762969644,0.5711478655289584,0.0,-0.3808593750000001,0.0,0.0,2.4999999975000056,1.181773774819337,0.4832971231031694,10.0
rolling-lp-v lam=10.0,30042,0.9188383822808456,0.8197908308145225,0.0779059736447512,0.11771987508397,0.6014480197088997,0.0,-0.2795572916666666,0.0,0.0,2.499999997500005,1.1820935193785311,0.5087990161938308,10.0
rolling-lp-v lam=10.0,30043,0.9513339421018088,0.8473471045221523,0.0792870400435142,0.1193808287508839,0.5712772614481227,0.0,-0.3169270833333333,0.0,0.0,2.499999997500005,1.10003444382562,0.5193267034997342,10.0
rolling-lp-v lam=10.0,30044,1.041230293383177,0.9292063833094684,0.0837779772549843,0.118907408879673,0.5220380274888348,0.0,-0.4069010416666667,0.0,0.0,2.4999999975000056,1.2111878887110872,0.4310132493517362,10.0
rolling-lp-v lam=10.0,30045,1.0164259653572425,0.9073543835986068,0.0832897319523909,0.1207072796663155,0.5398494974261816,0.0,-0.3670572916666667,0.0,0.0,2.4999999975000056,1.075542088832683,0.5019324701761285,10.0
rolling-lp-v lam=10.0,30046,0.9833919689639856,0.8781100416954962,0.0814902385630652,0.1211826417811383,0.577542911893106,0.0,-0.3369791666666666,0.0,0.0,2.4999999975000056,1.180526999181787,0.4892246533060201,10.0
rolling-lp-v lam=10.0,30047,1.038645538860104,0.9259991387667738,0.0849322622193437,0.1262539850348508,0.5907544118562328,0.0,-0.3786458333333333,0.0,0.0,2.4999999975000056,1.2680382718880203,0.4658805849579294,10.0
rolling-lp-v lam=10.0,30048,1.0608835564928103,0.9475698728762144,0.086908668149281,0.1245242220498309,0.5818111028080989,0.0,-0.3835937499999999,0.0,0.0,2.4999999975000056,1.2518714740746826,0.4647530635987556,10.0
rolling-lp-v lam=10.0,30049,0.909086970517074,0.8120413301659394,0.0754920303850407,0.1225235347234603,0.5794135401087533,0.0,-0.3083333333333333,0.0,0.0,2.4999999975000056,1.0908747794259526,0.5311457841326721,10.0
rolling-lp-v lam=20.0,30000,0.9512532546243136,0.846492805111108,0.0787711587957646,0.1276961988039179,0.5897000128342884,0.0,-0.3270833333333333,0.0,0.0,2.4999999975000056,1.161926628493659,0.5075191482604934,20.0
rolling-lp-v lam=20.0,30001,0.972768160620286,0.8683996971816045,0.0803367118953619,0.1158098091363311,0.5413626953286921,0.0,-0.3388020833333333,0.0,0.0,2.499999997500005,1.1595384811039031,0.4668777312274313,20.0
rolling-lp-v lam=20.0,30002,0.9623830258742814,0.8586880438603672,0.0800664275874281,0.1199317438196814,0.5653131068978282,0.0,-0.3234375,0.0,0.0,2.4999999975000056,1.1070869940596002,0.5106311517804666,20.0
rolling-lp-v lam=20.0,30003,0.966233187735818,0.8619109566112538,0.0792144646069151,0.124654113646218,0.5714846750338893,0.0,-0.3481770833333333,0.0,0.0,2.499999997500005,1.1226486079503606,0.5090503573306513,20.0
rolling-lp-v lam=20.0,30004,0.9402884076599954,0.8357286410877972,0.0773166011826662,0.1224133840165886,0.563442705843916,0.0,-0.3342447916666666,0.0,0.0,2.499999997500005,1.0847670243277951,0.5194135636571994,20.0
rolling-lp-v lam=20.0,30005,1.0519311178377315,0.9376370074183225,0.0852907680337731,0.1271805331248317,0.5587969746378862,0.0,-0.398046875,0.0,0.0,2.4999999975000056,1.19819759048607,0.4663646289016492,20.0
rolling-lp-v lam=20.0,30006,0.9136550109986766,0.813112402133928,0.0754084698498676,0.1023477345067913,0.488515433166599,0.0,-0.3191406249999999,0.0,0.0,2.4999999975000056,1.1901208997257018,0.4104754678950615,20.0
rolling-lp-v lam=20.0,30007,0.8903423911254764,0.7913756792702897,0.0742425724458809,0.1204051492215066,0.5789139179416879,0.0,-0.2958333333333334,0.0,0.0,2.4999999975000056,1.0989439630487934,0.5267911171153902,20.0
rolling-lp-v lam=20.0,30008,0.952917125911194,0.848078204174755,0.0790547334244527,0.1239749138747203,0.5863974619539831,0.0,-0.3247395833333332,0.0,0.0,2.499999997500005,1.1795908195745406,0.4971193843009792,20.0
rolling-lp-v lam=20.0,30009,0.9902140718547786,0.8816303122779636,0.0806034384354778,0.1253453778159392,0.5651550223567156,0.0,-0.3683593749999999,0.0,0.0,2.4999999975000056,1.1464050189199573,0.4929802408656194,20.0
rolling-lp-v lam=20.0,30010,1.0125239404587945,0.9026539894655824,0.0829971857125461,0.1249982999439892,0.5721846359369666,0.0,-0.3651041666666667,0.0,0.0,2.4999999975000056,1.2145102118719513,0.4711237751184041,20.0
rolling-lp-v lam=20.0,30011,1.0319852529970146,0.9195608899148318,0.0836802961330347,0.1230936896752675,0.546276978398304,0.0,-0.3903645833333333,0.0,0.0,2.499999997500005,1.1883301103010375,0.4597013688897579,20.0
rolling-lp-v lam=20.0,30012,0.9189786171232464,0.8173479025086984,0.0746257262956579,0.110206475528336,0.5081982709592112,0.0,-0.3454427083333333,0.0,0.0,2.4999999975000056,1.186848156918629,0.4281914817803046,20.0
rolling-lp-v lam=20.0,30013,1.0411533326872302,0.9295281310597578,0.085267677018723,0.1189662141273024,0.5596668225392732,0.0,-0.376953125,0.0,0.0,2.4999999975000056,1.245331272477873,0.4494120037840914,20.0
rolling-lp-v lam=20.0,30014,0.9949128404600462,0.8862509074969321,0.0817764402960046,0.1211568298332798,0.5544539854870982,0.0,-0.354296875,0.0,0.0,2.4999999975000056,1.1362229565697644,0.4879799182732448,20.0
rolling-lp-v lam=20.0,30015,0.9775353801535184,0.87002063419579,0.0804488505153518,0.1255208070576133,0.5943490251326602,0.0,-0.3460937500000001,0.0,0.0,2.4999999975000056,1.183471276142094,0.502208238690957,20.0
rolling-lp-v lam=20.0,30016,1.0068746272259852,0.898337791179842,0.0834739210559318,0.1207994014231469,0.5654311797037417,0.0,-0.3442708333333333,0.0,0.0,2.499999997500005,1.1340406578190572,0.4985986840993487,20.0
rolling-lp-v lam=20.0,30017,0.948941105087446,0.8443042616595982,0.0790672875920779,0.1214968551217351,0.5917344028898851,0.0,-0.3165364583333334,0.0,0.0,2.4999999975000056,1.2472143335955463,0.4744448383494733,20.0
rolling-lp-v lam=20.0,30018,1.0036199399171464,0.8937575555975658,0.0819635564917146,0.1136348063890594,0.5180475375663227,0.0,-0.3679687499999999,0.0,0.0,2.4999999975000056,1.1943581510304413,0.4337455537263872,20.0
rolling-lp-v lam=20.0,30019,1.0784031452165117,0.963135143918109,0.0871632311883178,0.1175572534830435,0.5194547878433209,0.0,-0.4135416666666666,0.0,0.0,2.4999999975000056,1.256030117294718,0.4135687358852038,20.0
rolling-lp-v lam=20.0,30020,0.981848754987526,0.8766124077116707,0.0814400838320859,0.1118644621966107,0.5307683509487824,0.0,-0.3348958333333333,0.0,0.0,2.4999999975000056,1.2061183397297242,0.4400632454255864,20.0
rolling-lp-v lam=20.0,30021,1.066695421860697,0.9535995054948326,0.0878479276027363,0.1214911412231399,0.5552023227937484,0.0,-0.3764322916666666,0.0,0.0,2.4999999975000056,1.2324580729628245,0.4504837405616924,20.0
rolling-lp-v lam=20.0,30022,0.9130796241382882,0.8136290527890913,0.0762623894971621,0.1283926074816399,0.617492734378261,0.0,-0.3009114583333332,0.0,0.0,2.4999999975000056,1.0875799684913483,0.567767660556331,20.0
rolling-lp-v lam=20.0,30023,0.8841217994115611,0.7853247618211601,0.0722793674411561,0.1206099491562859,0.5524844447069067,0.0,-0.32265625,0.0,0.0,2.4999999975000056,1.108733032425128,0.4983025025406336,20.0
rolling-lp-v lam=20.0,30024,0.9868285805847664,0.8793295411765811,0.0805513476418099,0.1240783609342342,0.5676565688541987,0.0,-0.3626302083333333,0.0,0.0,2.4999999975000056,1.1570745734436172,0.4905963555700413,20.0
rolling-lp-v lam=20.0,30025,0.8902648755403488,0.7915343255541917,0.0741306542207015,0.1195626153283713,0.5656563151553582,0.0,-0.2979166666666666,0.0,0.0,2.4999999975000056,1.1278937614848978,0.5015155987835759,20.0
rolling-lp-v lam=20.0,30026,1.024668814912424,0.9151734989159503,0.0843353710745757,0.1221998287592701,0.5698988169075837,0.0,-0.3626302083333334,0.0,0.0,2.4999999975000056,1.2417979577300486,0.4589303866704156,20.0
rolling-lp-v lam=20.0,30027,0.9164535209418612,0.8166956448624693,0.0764565500108527,0.1218050603110486,0.5775872004526281,0.0,-0.3037760416666666,0.0,0.0,2.499999997500005,1.104569346071216,0.5229071425049204,20.0
rolling-lp-v lam=20.0,30028,0.9213082483677748,0.8200757679416406,0.0770331685867774,0.1274847514689008,0.6206009580968411,0.0,-0.301953125,0.0,0.0,2.4999999975000056,1.1569131795695216,0.5364282895694575,20.0
rolling-lp-v lam=20.0,30029,0.9802984477371848,0.8754739911470544,0.0809660426903851,0.1166728107140794,0.5491708032881525,0.0,-0.3412760416666665,0.0,0.0,2.4999999975000056,1.1903367827251756,0.4613575008838022,20.0
rolling-lp-v lam=20.0,30030,1.0610397817621846,0.9458002367397856,0.0860584052595517,0.1231029543227523,0.555721812004188,0.0,-0.4009114583333333,0.0,0.0,2.4999999975000056,1.2525765345698188,0.4436629592418826,20.0
rolling-lp-v lam=20.0,30031,0.9961317963850764,0.8878675598145336,0.0822368775551743,0.1264141127830119,0.6006872634197398,0.0,-0.3475260416666665,0.0,0.0,2.4999999975000056,1.1737803089970305,0.5117544218585621,20.0
rolling-lp-v lam=20.0,30032,0.946956970546261,0.8420784941824945,0.0778988220546261,0.1215893094084868,0.565762448182299,0.0,-0.3359375,0.0,0.0,2.4999999975000056,1.168228447541403,0.4842909358807133,20.0
rolling-lp-v lam=20.0,30033,0.977880116542612,0.8722360936318568,0.0812385324875945,0.1240168860511977,0.5816361902204353,0.0,-0.3309895833333334,0.0,0.0,2.4999999975000056,1.095972778836851,0.5307031355630221,20.0
rolling-lp-v lam=20.0,30034,0.9408386670833,0.838510390472659,0.0775929812916633,0.1073523187241035,0.4898002823410761,0.0,-0.3298177083333333,0.0,0.0,2.4999999975000056,1.0938925465142832,0.447759045348501,20.0
rolling-lp-v lam=20.0,30035,0.8932028823556399,0.7933897371128122,0.0735585694855639,0.1309163540181695,0.6016714966483759,0.0,-0.315234375,0.0,0.0,2.4999999975000056,1.0756270288912892,0.5593681457303592,20.0
rolling-lp-v lam=20.0,30036,0.9500449614711336,0.8460433051536999,0.0793404336471133,0.1247163729266147,0.598573317882544,0.0,-0.3132812499999998,0.0,0.0,2.4999999975000056,1.139877785496859,0.5251206098569884,20.0
rolling-lp-v lam=20.0,30037,0.930661596703463,0.8291970765095988,0.0764580867536796,0.1167253536751474,0.5490663495516983,0.0,-0.3321614583333332,0.0,0.0,2.499999997500006,1.0949133865954672,0.5014701219965625,20.0
rolling-lp-v lam=20.0,30038,0.9887827076943516,0.8810547615295538,0.0802194166027684,0.1201562547620365,0.5389065893742527,0.0,-0.3731770833333334,0.0,0.0,2.499999997500005,1.142611534915077,0.4716446254100754,20.0
rolling-lp-v lam=20.0,30039,1.0010127882586977,0.8942412176334322,0.082711955909203,0.1240876293437306,0.6016425756239987,0.0,-0.3477864583333331,0.0,0.0,2.4999999975000056,1.248125493201644,0.4820369256946175,20.0
rolling-lp-v lam=20.0,30040,0.9703335879644144,0.8666796289338994,0.0806466400464414,0.1214176163527701,0.5930484019383666,0.0,-0.3277343750000001,0.0,0.0,2.4999999975000056,1.2243698431505148,0.4843703111899185,20.0
rolling-lp-v lam=20.0,30041,1.0421576771476078,0.9311850321136024,0.0851727989647607,0.1238229762969644,0.5711478655289584,0.0,-0.3808593750000001,0.0,0.0,2.4999999975000056,1.181773774819337,0.4832971231031694,20.0
rolling-lp-v lam=20.0,30042,0.9175945026536322,0.8187265709669946,0.0778141377653632,0.1176134676495301,0.6009043685991737,0.0,-0.2789062499999998,0.0,0.0,2.499999997500005,1.1784871862703497,0.5098946985591779,20.0
rolling-lp-v lam=20.0,30043,0.9513339421018088,0.8473471045221523,0.0792870400435142,0.1193808287508839,0.5712772614481227,0.0,-0.3169270833333333,0.0,0.0,2.499999997500005,1.10003444382562,0.5193267034997342,20.0
rolling-lp-v lam=20.0,30044,1.041230293383177,0.9292063833094684,0.0837779772549843,0.118907408879673,0.5220380274888348,0.0,-0.4069010416666667,0.0,0.0,2.4999999975000056,1.2111878887110872,0.4310132493517362,20.0
rolling-lp-v lam=20.0,30045,1.0164259653572425,0.9073543835986068,0.0832897319523909,0.1207072796663155,0.5398494974261816,0.0,-0.3670572916666667,0.0,0.0,2.4999999975000056,1.075542088832683,0.5019324701761285,20.0
rolling-lp-v lam=20.0,30046,0.9833919689639856,0.8781100416954962,0.0814902385630652,0.1211826417811383,0.577542911893106,0.0,-0.3369791666666666,0.0,0.0,2.4999999975000056,1.180526999181787,0.4892246533060201,20.0
rolling-lp-v lam=20.0,30047,1.038645538860104,0.9259991387667738,0.0849322622193437,0.1262539850348508,0.5907544118562328,0.0,-0.3786458333333333,0.0,0.0,2.4999999975000056,1.2680382718880203,0.4658805849579294,20.0
rolling-lp-v lam=20.0,30048,1.0608835564928103,0.9475698728762144,0.086908668149281,0.1245242220498309,0.5818111028080989,0.0,-0.3835937499999999,0.0,0.0,2.4999999975000056,1.2518714740746826,0.4647530635987556,20.0
rolling-lp-v lam=20.0,30049,0.909086970517074,0.8120413301659394,0.0754920303850407,0.1225235347234603,0.5794135401087533,0.0,-0.3083333333333333,0.0,0.0,2.4999999975000056,1.0908747794259526,0.5311457841326721,20.0
rolling-lp-v lam=0.001,30000,1.0829360876041667,0.9721854700024304,0.0972649629270833,0.1276961988039179,0.5897000128342884,0.0,-0.2205729166666666,0.0,0.0,2.499999997500005,1.2983268156566572,0.4541999793295764,0.001
rolling-lp-v lam=0.001,30001,1.0964680137097236,0.9859062921524842,0.0976936763709723,0.1173779177142507,0.548692950793592,0.0,-0.2390624999999999,0.0,0.0,2.4999999975000056,1.356825792470071,0.4043945463291266,0.001
rolling-lp-v lam=0.001,30002,1.0795232824894774,0.9690503679651614,0.097535661582281,0.1204911020287024,0.5679497109939539,0.0,-0.2083333333333333,0.0,0.0,2.4999999975000056,1.2617035316356036,0.4501451384999255,0.001
rolling-lp-v lam=0.001,30003,1.0617797103790534,0.952672023310856,0.094836825204572,0.1258165300553527,0.5768138466464183,0.0,-0.2268229166666666,0.0,0.0,2.499999997500006,1.2978446329204625,0.4444398289404244,0.001
rolling-lp-v lam=0.001,30004,1.086089241180071,0.9742296005562034,0.0962456428680071,0.1226381960628691,0.5644774677588825,0.0,-0.2472656249999998,0.0,0.0,2.4999999975000056,1.358736022690438,0.4154430723350947,0.001
rolling-lp-v lam=0.001,30005,1.10167698308587,0.9879163983908988,0.0976416566419203,0.1271805331248317,0.5587969746378862,0.0,-0.2505208333333334,0.0,0.0,2.4999999975000056,1.3178097858813005,0.424034622162245,0.001
rolling-lp-v lam=0.001,30006,0.9943919872485252,0.8918278755809267,0.0903246153915191,0.1028003370537805,0.4906757480026845,0.0,-0.1822916666666666,0.0,0.0,2.4999999975000056,1.238008708647618,0.3963427272968792,0.001
rolling-lp-v lam=0.001,30007,1.03435020592991,0.9263288362823932,0.0932983018429909,0.1208056364223119,0.5808394802287057,0.0,-0.202734375,0.0,0.0,2.4999999975000056,1.2871709705773855,0.451252781103476,0.001
rolling-lp-v lam=0.001,30008,1.0380295375771142,0.9291317019358925,0.0929565995910447,0.1239749138747203,0.5863974619539831,0.0,-0.2169270833333332,0.0,0.0,2.4999999975000056,1.3377650292772247,0.4383411504416476,0.001
rolling-lp-v lam=0.001,30009,1.1117425916631924,0.9977769949842488,0.0980362383329859,0.1253453778159392,0.5651550223567156,0.0,-0.2627604166666666,0.0,0.0,2.4999999975000056,1.3591805704734583,0.415805695456527,0.001
rolling-lp-v lam=0.001,30010,1.045335752651334,0.9363889614318652,0.0940127419318,0.1249982999439892,0.5721846359369666,0.0,-0.2104166666666666,0.0,0.0,2.4999999975000056,1.2417645839722111,0.4607835038318109,0.001
rolling-lp-v lam=0.001,30011,1.0982935443357549,0.9848462025380896,0.0972902919335755,0.1230936896752675,0.546276978398304,0.0,-0.2507812499999999,0.0,0.0,2.4999999975000056,1.2939519553805414,0.4221771729056571,0.001
rolling-lp-v lam=0.001,30012,1.0481905473745288,0.941786789190811,0.0932565547374528,0.110604814559467,0.5100351431203599,0.0,-0.23125,0.0,0.0,2.4999999975000056,1.2836377111998063,0.3973357425309934,0.001
rolling-lp-v lam=0.001,30013,1.0730677123821073,0.962421196153036,0.096284635821544,0.1189662141273024,0.5596668225392732,0.0,-0.2204427083333333,0.0,0.0,2.499999997500005,1.324682441873975,0.4224913117649049,0.001
rolling-lp-v lam=0.001,30014,1.0958521931339922,0.9809916425356376,0.0975474588967325,0.123306812077161,0.5642930199475309,0.0,-0.2407552083333333,0.0,0.0,2.4999999975000056,1.3318201523725854,0.4237006167403797,0.001
rolling-lp-v lam=0.001,30015,1.0808239877098424,0.9685112480021588,0.0963245862709842,0.1260093672467525,0.59666238878081,0.0,-0.23515625,0.0,0.0,2.4999999975000056,1.3292480571961205,0.4488721164952411,0.001
rolling-lp-v lam=0.001,30016,1.1422082541512038,1.025599032656947,0.101707804581787,0.1241269835733969,0.5810067428158981,0.0,-0.2502604166666667,0.0,0.0,2.4999999975000056,1.413731260636362,0.4109739658401342,0.001
rolling-lp-v lam=0.001,30017,1.0266513774809904,0.9191212350885308,0.0928864919147657,0.1222391614028086,0.5953497076938847,0.0,-0.1955729166666666,0.0,0.0,2.4999999975000056,1.32563913248489,0.4491039024911032,0.001
rolling-lp-v lam=0.001,30018,1.08837891651355,0.976757006644755,0.097119141651355,0.1137274840929575,0.5184700441716259,0.0,-0.2343749999999999,0.0,0.0,2.499999997500005,1.3145162451932093,0.3944188944545303,0.001
rolling-lp-v lam=0.001,30019,1.0889183380082248,0.976687537739035,0.0967499067174891,0.1177040405045931,0.5201034013391118,0.0,-0.2428385416666667,0.0,0.0,2.4999999975000056,1.276831011906712,0.4073392614128577,0.001
rolling-lp-v lam=0.001,30020,1.0947925035293695,0.9851876429440732,0.0988998232696036,0.1128638560390743,0.5355102199150006,0.0,-0.2115885416666666,0.0,0.0,2.4999999975000056,1.3096164400924488,0.4089061526115216,0.001
rolling-lp-v lam=0.001,30021,1.0643867469785433,0.954641330528552,0.0957615913645209,0.1215802386075911,0.5556094888990643,0.0,-0.2135416666666668,0.0,0.0,2.4999999975000056,1.257495959158586,0.441837991488126,0.001
rolling-lp-v lam=0.001,30022,1.023211302319568,0.9160697565308624,0.0924643593986234,0.1295637571827052,0.6231252738636868,0.0,-0.1971354166666666,0.0,0.0,2.4999999975000056,1.3005331432937814,0.4791306373673301,0.001
rolling-lp-v lam=0.001,30023,1.0424907880791965,0.935768868057797,0.092914443391253,0.1207927891251001,0.5533219895309217,0.0,-0.2266927083333333,0.0,0.0,2.4999999975000056,1.299474281346793,0.4258044945356296,0.001
rolling-lp-v lam=0.001,30024,1.0843658974205492,0.9727716734178644,0.0960277355753882,0.1242684606669913,0.5685262721709132,0.0,-0.2481770833333334,0.0,0.0,2.4999999975000056,1.3561824756218228,0.419210749578694,0.001
rolling-lp-v lam=0.001,30025,1.0609883647517877,0.9542242448518334,0.095662638558512,0.1206869926696595,0.5709757968509576,0.0,-0.2087239583333334,0.0,0.0,2.4999999975000056,1.2731950916023065,0.4484589994235595,0.001
rolling-lp-v lam=0.001,30026,1.1024104423985732,0.9903704193520206,0.0993816692398573,0.1221998287592701,0.5698988169075837,0.0,-0.2171874999999999,0.0,0.0,2.4999999975000056,1.3256653636195972,0.4298964373267864,0.001
rolling-lp-v lam=0.001,30027,1.0878676782108987,0.977070301377008,0.0975432782377565,0.1237798212347095,0.5869513157902656,0.0,-0.2248697916666664,0.0,0.0,2.4999999975000056,1.3352742769164898,0.4395735961795768,0.001
rolling-lp-v lam=0.001,30028,1.0027762445069184,0.898294703604094,0.0911825723673585,0.1291479918312982,0.6286976798659616,0.0,-0.1819010416666666,0.0,0.0,2.499999997500005,1.277683261934351,0.4920606683961278,0.001
rolling-lp-v lam=0.001,30029,1.0592852155774453,0.9511571213358252,0.0951277403077445,0.1166728107140794,0.5491708032881525,0.0,-0.2160156249999999,0.0,0.0,2.4999999975000056,1.3164596230700902,0.4171573466168615,0.001
rolling-lp-v lam=0.001,30030,1.0301358791457842,0.9202223363813248,0.0918352024979117,0.1231029543227523,0.555721812004188,0.0,-0.2235677083333332,0.0,0.0,2.499999997500005,1.2671802255493505,0.438549940094962,0.001
rolling-lp-v lam=0.001,30031,1.0793261819985418,0.9678395110548644,0.0962919931998541,0.1264141127830119,0.6006872634197398,0.0,-0.2328124999999999,0.0,0.0,2.4999999975000056,1.3261275963263173,0.4529633989095646,0.001
rolling-lp-v lam=0.001,30032,1.085457614428947,0.9740132673658016,0.0964949801928947,0.121875815175179,0.5670955769316165,0.0,-0.241015625,0.0,0.0,2.4999999975000056,1.365483475663332,0.4153075354179073,0.001
rolling-lp-v lam=0.001,30033,1.0828843616331256,0.970516583534476,0.0972532799133125,0.1262086642511594,0.5919155768638611,0.0,-0.2207031250000001,0.0,0.0,2.4999999975000056,1.2930911661619904,0.4577523939172202,0.001
rolling-lp-v lam=0.001,30034,1.071739192081392,0.962361549750069,0.0957155858748058,0.1099070198288212,0.501456232927515,0.0,-0.2291666666666667,0.0,0.0,2.4999999975000056,1.297501286775805,0.3864784089529474,0.001
rolling-lp-v lam=0.001,30035,1.1107329299004165,0.9975764313618948,0.0992178242400416,0.1317279138573859,0.6054013012762475,0.0,-0.237109375,0.0,0.0,2.4999999975000056,1.279980182156068,0.4729770895799938,0.001
rolling-lp-v lam=0.001,30036,1.0688796579517468,0.9587363036218236,0.095904892878508,0.1247163729266147,0.598573317882544,0.0,-0.2196614583333333,0.0,0.0,2.4999999975000056,1.319410641329131,0.4536671898292109,0.001
rolling-lp-v lam=0.001,30037,1.0721389451031396,0.9622267959736278,0.0952868111769806,0.1175377677239726,0.5528878776265191,0.0,-0.2385416666666666,0.0,0.0,2.499999997500005,1.3562522357696585,0.40765859258677,0.001
rolling-lp-v lam=0.001,30038,1.0863155035844696,0.9738575008043164,0.0954414461917802,0.1212446342982343,0.5437880240108325,0.0,-0.2638020833333332,0.0,0.0,2.4999999975000056,1.4025663921549123,0.3877092928024269,0.001
rolling-lp-v lam=0.001,30039,1.0676390013156905,0.959275728720424,0.0961519209649023,0.1240876293437306,0.6016425756239987,0.0,-0.2122395833333333,0.0,0.0,2.4999999975000056,1.3395377671180566,0.4491419282028907,0.001
rolling-lp-v lam=0.001,30040,1.0752470079290262,0.9670102746676128,0.0970103778762359,0.1214176163527701,0.5930484019383666,0.0,-0.2102864583333334,0.0,0.0,2.4999999975000056,1.3344208403023994,0.4444238159559717,0.001
rolling-lp-v lam=0.001,30041,1.0829140523615328,0.9706005120042984,0.0964098948194866,0.1238229762969644,0.5711478655289584,0.0,-0.2376302083333334,0.0,0.0,2.4999999975000056,1.328569681990924,0.4298968080267092,0.001
rolling-lp-v lam=0.001,30042,1.0512086986965312,0.9434997257746616,0.0955635782029864,0.1194904919677125,0.6104943597396759,0.0,-0.1911458333333333,0.0,0.0,2.4999999975000056,1.3620460935940444,0.4482185754292341,0.001
rolling-lp-v lam=0.001,30043,1.090601957826297,0.9781304599861448,0.098018529115963,0.1219187941504948,0.5834222761737728,0.0,-0.2208333333333333,0.0,0.0,2.4999999975000056,1.3166313088514656,0.4431174256996125,0.001
rolling-lp-v lam=0.001,30044,1.0605204433293176,0.9502851288278488,0.0937733984995984,0.118907408879673,0.5220380274888348,0.0,-0.2455729166666667,0.0,0.0,2.4999999975000056,1.2862828043007728,0.4058501176750289,0.001
rolling-lp-v lam=0.001,30045,1.1237369401685775,1.0091184153628805,0.0999518190168577,0.1207774994614367,0.5401635474255714,0.0,-0.2484374999999999,0.0,0.0,2.4999999975000056,1.3297769322596755,0.4062061345188755,0.001
rolling-lp-v lam=0.001,30046,1.036401523066529,0.9298091351317777,0.0938484856399862,0.1220015195697133,0.581445591811178,0.0,-0.1958333333333333,0.0,0.0,2.4999999975000056,1.255483399098669,0.4631248746328362,0.001
rolling-lp-v lam=0.001,30047,1.1076961218192023,0.9939423429357642,0.0985235184319202,0.1262539850348508,0.5907544118562328,0.0,-0.244921875,0.0,0.0,2.4999999975000056,1.361405405417777,0.4339298268578174,0.001
rolling-lp-v lam=0.001,30048,1.1150787996266416,1.001554334261025,0.0995938174626641,0.1245242220498309,0.5818111028080989,0.0,-0.23828125,0.0,0.0,2.4999999975000056,1.3162205353132006,0.442031625550998,0.001
rolling-lp-v lam=0.001,30049,1.0879842651414595,0.978538328830197,0.0969364473474793,0.1246721253901827,0.5895742208894708,0.0,-0.2372395833333332,0.0,0.0,2.499999997500005,1.3598383641016762,0.43356198534592,0.001
rolling-lp-v lam=0.003,30000,1.0829360876041667,0.9721854700024304,0.0972649629270833,0.1276961988039179,0.5897000128342884,0.0,-0.2205729166666666,0.0,0.0,2.499999997500005,1.2983268156566572,0.4541999793295764,0.003
rolling-lp-v lam=0.003,30001,1.0964680137097236,0.9859062921524842,0.0976936763709723,0.1173779177142507,0.548692950793592,0.0,-0.2390624999999999,0.0,0.0,2.4999999975000056,1.356825792470071,0.4043945463291266,0.003
rolling-lp-v lam=0.003,30002,1.0760621423998988,0.9657325810077056,0.0972286100733232,0.1204911020287024,0.5679497109939539,0.0,-0.2075520833333333,0.0,0.0,2.4999999975000056,1.2623936851626214,0.4498990431188592,0.003
rolling-lp-v lam=0.003,30003,1.0617797103790534,0.952672023310856,0.094836825204572,0.1258165300553527,0.5768138466464183,0.0,-0.2268229166666666,0.0,0.0,2.499999997500006,1.2978446329204625,0.4444398289404244,0.003
rolling-lp-v lam=0.003,30004,1.090970009663646,0.9787831019286042,0.0966165322163646,0.1226381960628691,0.5644774677588825,0.0,-0.2496093749999999,0.0,0.0,2.4999999975000056,1.3629339279245345,0.4141634867204931,0.003
rolling-lp-v lam=0.003,30005,1.10167698308587,0.9879163983908988,0.0976416566419203,0.1271805331248317,0.5587969746378862,0.0,-0.2505208333333334,0.0,0.0,2.4999999975000056,1.3178097858813005,0.424034622162245,0.003
rolling-lp-v lam=0.003,30006,0.9943919872485252,0.8918278755809267,0.0903246153915191,0.1028003370537805,0.4906757480026845,0.0,-0.1822916666666666,0.0,0.0,2.4999999975000056,1.238008708647618,0.3963427272968792,0.003
rolling-lp-v lam=0.003,30007,1.03435020592991,0.9263288362823932,0.0932983018429909,0.1208056364223119,0.5808394802287057,0.0,-0.202734375,0.0,0.0,2.4999999975000056,1.2871709705773855,0.451252781103476,0.003
rolling-lp-v lam=0.003,30008,1.0380295375771142,0.9291317019358925,0.0929565995910447,0.1239749138747203,0.5863974619539831,0.0,-0.2169270833333332,0.0,0.0,2.4999999975000056,1.3377650292772247,0.4383411504416476,0.003
rolling-lp-v lam=0.003,30009,1.1117425916631924,0.9977769949842488,0.0980362383329859,0.1253453778159392,0.5651550223567156,0.0,-0.2627604166666666,0.0,0.0,2.4999999975000056,1.3591805704734583,0.415805695456527,0.003
rolling-lp-v lam=0.003,30010,1.045335752651334,0.9363889614318652,0.0940127419318,0.1249982999439892,0.5721846359369666,0.0,-0.2104166666666666,0.0,0.0,2.4999999975000056,1.2417645839722111,0.4607835038318109,0.003
rolling-lp-v lam=0.003,30011,1.0982935443357549,0.9848462025380896,0.0972902919335755,0.1230936896752675,0.546276978398304,0.0,-0.2507812499999999,0.0,0.0,2.4999999975000056,1.2939519553805414,0.4221771729056571,0.003
rolling-lp-v lam=0.003,30012,1.0481905473745288,0.941786789190811,0.0932565547374528,0.110604814559467,0.5100351431203599,0.0,-0.23125,0.0,0.0,2.4999999975000056,1.2836377111998063,0.3973357425309934,0.003
rolling-lp-v lam=0.003,30013,1.0730677123821073,0.962421196153036,0.096284635821544,0.1189662141273024,0.5596668225392732,0.0,-0.2204427083333333,0.0,0.0,2.499999997500005,1.324682441873975,0.4224913117649049,0.003
rolling-lp-v lam=0.003,30014,1.0958521931339922,0.9809916425356376,0.0975474588967325,0.123306812077161,0.5642930199475309,0.0,-0.2407552083333333,0.0,0.0,2.4999999975000056,1.3318201523725854,0.4237006167403797,0.003
rolling-lp-v lam=0.003,30015,1.0808239877098424,0.9685112480021588,0.0963245862709842,0.1260093672467525,0.59666238878081,0.0,-0.23515625,0.0,0.0,2.4999999975000056,1.3292480571961205,0.4488721164952411,0.003
rolling-lp-v lam=0.003,30016,1.1422082541512038,1.025599032656947,0.101707804581787,0.1241269835733969,0.5810067428158981,0.0,-0.2502604166666667,0.0,0.0,2.4999999975000056,1.413731260636362,0.4109739658401342,0.003
rolling-lp-v lam=0.003,30017,1.0266513774809904,0.9191212350885308,0.0928864919147657,0.1222391614028086,0.5953497076938847,0.0,-0.1955729166666666,0.0,0.0,2.4999999975000056,1.32563913248489,0.4491039024911032,0.003
rolling-lp-v lam=0.003,30018,1.08837891651355,0.976757006644755,0.097119141651355,0.1137274840929575,0.5184700441716259,0.0,-0.2343749999999999,0.0,0.0,2.499999997500005,1.3145162451932093,0.3944188944545303,0.003
rolling-lp-v lam=0.003,30019,1.0889183380082248,0.976687537739035,0.0967499067174891,0.1177040405045931,0.5201034013391118,0.0,-0.2428385416666667,0.0,0.0,2.4999999975000056,1.276831011906712,0.4073392614128577,0.003
rolling-lp-v lam=0.003,30020,1.095467346886846,0.9857870249987456,0.0989282451053512,0.1128812618251347,0.5355928059318894,0.0,-0.2123697916666666,0.0,0.0,2.4999999975000056,1.311418998519374,0.408407081593745,0.003
rolling-lp-v lam=0.003,30021,1.0643867469785433,0.954641330528552,0.0957615913645209,0.1215802386075911,0.5556094888990643,0.0,-0.2135416666666668,0.0,0.0,2.4999999975000056,1.257495959158586,0.441837991488126,0.003
rolling-lp-v lam=0.003,30022,1.023211302319568,0.9160697565308624,0.0924643593986234,0.1295637571827052,0.6231252738636868,0.0,-0.1971354166666666,0.0,0.0,2.4999999975000056,1.3005331432937814,0.4791306373673301,0.003
rolling-lp-v lam=0.003,30023,1.0424907880791965,0.935768868057797,0.092914443391253,0.1207927891251001,0.5533219895309217,0.0,-0.2266927083333333,0.0,0.0,2.4999999975000056,1.299474281346793,0.4258044945356296,0.003
rolling-lp-v lam=0.003,30024,1.0843658974205492,0.9727716734178644,0.0960277355753882,0.1242684606669913,0.5685262721709132,0.0,-0.2481770833333334,0.0,0.0,2.4999999975000056,1.3561824756218228,0.419210749578694,0.003
rolling-lp-v lam=0.003,30025,1.0544305312352706,0.948102177060206,0.095150084373527,0.1206272176956699,0.5706929986582899,0.0,-0.205859375,0.0,0.0,2.4999999975000056,1.2654704755775243,0.4509729856777907,0.003
rolling-lp-v lam=0.003,30026,1.1024104423985732,0.9903704193520206,0.0993816692398573,0.1221998287592701,0.5698988169075837,0.0,-0.2171874999999999,0.0,0.0,2.4999999975000056,1.3256653636195972,0.4298964373267864,0.003
rolling-lp-v lam=0.003,30027,1.0878676782108987,0.977070301377008,0.0975432782377565,0.1237798212347095,0.5869513157902656,0.0,-0.2248697916666664,0.0,0.0,2.4999999975000056,1.3352742769164898,0.4395735961795768,0.003
rolling-lp-v lam=0.003,30028,1.0027762445069184,0.898294703604094,0.0911825723673585,0.1291479918312982,0.6286976798659616,0.0,-0.1819010416666666,0.0,0.0,2.499999997500005,1.277683261934351,0.4920606683961278,0.003
rolling-lp-v lam=0.003,30029,1.0592852155774453,0.9511571213358252,0.0951277403077445,0.1166728107140794,0.5491708032881525,0.0,-0.2160156249999999,0.0,0.0,2.4999999975000056,1.3164596230700902,0.4171573466168615,0.003
rolling-lp-v lam=0.003,30030,1.0301358791457842,0.9202223363813248,0.0918352024979117,0.1231029543227523,0.555721812004188,0.0,-0.2235677083333332,0.0,0.0,2.499999997500005,1.2671802255493505,0.438549940094962,0.003
rolling-lp-v lam=0.003,30031,1.0793261819985418,0.9678395110548644,0.0962919931998541,0.1264141127830119,0.6006872634197398,0.0,-0.2328124999999999,0.0,0.0,2.4999999975000056,1.3261275963263173,0.4529633989095646,0.003
rolling-lp-v lam=0.003,30032,1.085457614428947,0.9740132673658016,0.0964949801928947,0.121875815175179,0.5670955769316165,0.0,-0.241015625,0.0,0.0,2.4999999975000056,1.365483475663332,0.4153075354179073,0.003
rolling-lp-v lam=0.003,30033,1.0828843616331256,0.970516583534476,0.0972532799133125,0.1262086642511594,0.5919155768638611,0.0,-0.2207031250000001,0.0,0.0,2.4999999975000056,1.2930911661619904,0.4577523939172202,0.003
rolling-lp-v lam=0.003,30034,1.071739192081392,0.962361549750069,0.0957155858748058,0.1099070198288212,0.501456232927515,0.0,-0.2291666666666667,0.0,0.0,2.4999999975000056,1.297501286775805,0.3864784089529474,0.003
rolling-lp-v lam=0.003,30035,1.1107329299004165,0.9975764313618948,0.0992178242400416,0.1317279138573859,0.6054013012762475,0.0,-0.237109375,0.0,0.0,2.4999999975000056,1.279980182156068,0.4729770895799938,0.003
rolling-lp-v lam=0.003,30036,1.0688796579517468,0.9587363036218236,0.095904892878508,0.1247163729266147,0.598573317882544,0.0,-0.2196614583333333,0.0,0.0,2.4999999975000056,1.319410641329131,0.4536671898292109,0.003
rolling-lp-v lam=0.003,30037,1.0721389451031396,0.9622267959736278,0.0952868111769806,0.1175377677239726,0.5528878776265191,0.0,-0.2385416666666666,0.0,0.0,2.499999997500005,1.3562522357696585,0.40765859258677,0.003
rolling-lp-v lam=0.003,30038,1.0863155035844696,0.9738575008043164,0.0954414461917802,0.1212446342982343,0.5437880240108325,0.0,-0.2638020833333332,0.0,0.0,2.4999999975000056,1.4025663921549123,0.3877092928024269,0.003
rolling-lp-v lam=0.003,30039,1.0676390013156905,0.959275728720424,0.0961519209649023,0.1240876293437306,0.6016425756239987,0.0,-0.2122395833333333,0.0,0.0,2.4999999975000056,1.3395377671180566,0.4491419282028907,0.003
rolling-lp-v lam=0.003,30040,1.0752470079290262,0.9670102746676128,0.0970103778762359,0.1214176163527701,0.5930484019383666,0.0,-0.2102864583333334,0.0,0.0,2.4999999975000056,1.3344208403023994,0.4444238159559717,0.003
rolling-lp-v lam=0.003,30041,1.0829140523615328,0.9706005120042984,0.0964098948194866,0.1238229762969644,0.5711478655289584,0.0,-0.2376302083333334,0.0,0.0,2.4999999975000056,1.328569681990924,0.4298968080267092,0.003
rolling-lp-v lam=0.003,30042,1.0512086986965312,0.9434997257746616,0.0955635782029864,0.1194904919677125,0.6104943597396759,0.0,-0.1911458333333333,0.0,0.0,2.4999999975000056,1.3620460935940444,0.4482185754292341,0.003
rolling-lp-v lam=0.003,30043,1.090601957826297,0.9781304599861448,0.098018529115963,0.1219187941504948,0.5834222761737728,0.0,-0.2208333333333333,0.0,0.0,2.4999999975000056,1.3166313088514656,0.4431174256996125,0.003
rolling-lp-v lam=0.003,30044,1.0605204433293176,0.9502851288278488,0.0937733984995984,0.118907408879673,0.5220380274888348,0.0,-0.2455729166666667,0.0,0.0,2.4999999975000056,1.2862828043007728,0.4058501176750289,0.003
rolling-lp-v lam=0.003,30045,1.1237369401685775,1.0091184153628805,0.0999518190168577,0.1207774994614367,0.5401635474255714,0.0,-0.2484374999999999,0.0,0.0,2.4999999975000056,1.3297769322596755,0.4062061345188755,0.003
rolling-lp-v lam=0.003,30046,1.036401523066529,0.9298091351317777,0.0938484856399862,0.1220015195697133,0.581445591811178,0.0,-0.1958333333333333,0.0,0.0,2.4999999975000056,1.255483399098669,0.4631248746328362,0.003
rolling-lp-v lam=0.003,30047,1.1076961218192023,0.9939423429357642,0.0985235184319202,0.1262539850348508,0.5907544118562328,0.0,-0.244921875,0.0,0.0,2.4999999975000056,1.361405405417777,0.4339298268578174,0.003
rolling-lp-v lam=0.003,30048,1.1150787996266416,1.001554334261025,0.0995938174626641,0.1245242220498309,0.5818111028080989,0.0,-0.23828125,0.0,0.0,2.4999999975000056,1.3162205353132006,0.442031625550998,0.003
rolling-lp-v lam=0.003,30049,1.0879842651414595,0.978538328830197,0.0969364473474793,0.1246721253901827,0.5895742208894708,0.0,-0.2372395833333332,0.0,0.0,2.499999997500005,1.3598383641016762,0.43356198534592,0.003
rolling-lp-v lam=0.005,30000,1.0899443759189444,0.9785299600172384,0.0977509480085611,0.1276961988039179,0.5897000128342884,0.0,-0.2248697916666666,0.0,0.0,2.4999999975000056,1.3117630574482506,0.4495476599115555,0.005
rolling-lp-v lam=0.005,30001,1.0868054007188188,0.9768273703501762,0.0968706442385485,0.1173349255411271,0.5484919802636014,0.0,-0.2361979166666666,0.0,0.0,2.4999999975000056,1.347047632104645,0.4071808354739692,0.005
rolling-lp-v lam=0.005,30002,1.0748528052479025,0.9645228037683424,0.0971076763581235,0.1204911020287024,0.5679497109939539,0.0,-0.2075520833333333,0.0,0.0,2.4999999975000056,1.262379826807855,0.4499039820923886,0.005
rolling-lp-v lam=0.005,30003,1.0752966585720287,0.9654271560498738,0.0958239366905362,0.1258165300553527,0.5768138466464183,0.0,-0.2341145833333333,0.0,0.0,2.4999999975000056,1.297834907896656,0.4444431592468376,0.005
rolling-lp-v lam=0.005,30004,1.0346053804348987,0.9259599212532378,0.0923342359601565,0.1226381960628691,0.5644774677588825,0.0,-0.2225260416666666,0.0,0.0,2.4999999975000056,1.3121885999786096,0.4301801339899495,0.005
rolling-lp-v lam=0.005,30005,1.1168431341248932,1.0023870148441456,0.0989694696624892,0.1271805331248317,0.5587969746378862,0.0,-0.254296875,0.0,0.0,2.4999999975000056,1.3209566006012117,0.4230244766433348,0.005
rolling-lp-v lam=0.005,30006,1.0053268723455486,0.9021216677452104,0.0912097705678881,0.1028820159451548,0.4910656090894253,0.0,-0.1864583333333332,0.0,0.0,2.4999999975000056,1.2466507791995949,0.393907914937262,0.005
rolling-lp-v lam=0.005,30007,1.0225138502254645,0.915193170202548,0.0922904475225464,0.1207928080704072,0.5807778008776986,0.0,-0.19921875,0.0,0.0,2.4999999975000056,1.2811417085044512,0.4533283063242654,0.005
rolling-lp-v lam=0.005,30008,1.0661816229647036,0.9562723591814256,0.095609047713137,0.1239749138747203,0.5863974619539831,0.0,-0.2201822916666666,0.0,0.0,2.4999999975000056,1.320671614843383,0.4440145872473555,0.005
rolling-lp-v lam=0.005,30009,1.0972779209745789,0.9841118120800209,0.0968176358474579,0.1253453778159392,0.5651550223567156,0.0,-0.258203125,0.0,0.0,2.4999999975000056,1.3546282978085509,0.4172030240849056,0.005
rolling-lp-v lam=0.005,30010,1.0457463533746936,0.9363963725009008,0.0936696874208027,0.1249982999439892,0.5721846359369666,0.0,-0.2180989583333332,0.0,0.0,2.499999997500005,1.2735139366692063,0.4492959358053658,0.005
rolling-lp-v lam=0.005,30011,1.1338383288133316,1.0182695570732052,0.1001481557979998,0.1230936896752675,0.546276978398304,0.0,-0.2647135416666665,0.0,0.0,2.4999999975000056,1.3313666400328743,0.4103129536014326,0.005
rolling-lp-v lam=0.005,30012,1.04837144001137,0.941968316922946,0.0932746440011369,0.1106047849178324,0.5100350064330432,0.0,-0.23125,0.0,0.0,2.4999999975000056,1.2836305087908704,0.3973378654839516,0.005
rolling-lp-v lam=0.005,30013,1.069939524314403,0.9595684347413008,0.0960239003481069,0.1189662141273024,0.5596668225392732,0.0,-0.2194010416666666,0.0,0.0,2.499999997500005,1.322053944588109,0.4233313056780293,0.005
rolling-lp-v lam=0.005,30014,1.0969635999504013,0.98213427586946,0.0976911516617067,0.123306812077161,0.5642930199475309,0.0,-0.2401041666666667,0.0,0.0,2.4999999975000056,1.330767648789584,0.4240357213829104,0.005
rolling-lp-v lam=0.005,30015,1.0395459557109894,0.9294516755520804,0.0928738664044322,0.1260093672467525,0.59666238878081,0.0,-0.2216145833333334,0.0,0.0,2.4999999975000056,1.328499748155746,0.4491249543773798,0.005
rolling-lp-v lam=0.005,30016,1.1221268376693052,1.0066602674684664,0.1002400275169305,0.1239127792567428,0.5800041070574716,0.0,-0.2394531249999998,0.0,0.0,2.4999999975000056,1.392110616343725,0.4166365088004353,0.005
rolling-lp-v lam=0.005,30017,1.0259262591848546,0.9184527159014576,0.0928335113351521,0.1222439920407059,0.5953732346784218,0.0,-0.1951822916666667,0.0,0.0,2.4999999975000056,1.3261494902917246,0.4489488093438489,0.005
rolling-lp-v lam=0.005,30018,1.0805955784684895,0.9695341723296412,0.0965035682635156,0.1137274840929575,0.5184700441716259,0.0,-0.2311197916666665,0.0,0.0,2.4999999975000056,1.3103556037102415,0.395671253439593,0.005
rolling-lp-v lam=0.005,30019,1.0535578093499662,0.9432893789752632,0.0939625517683299,0.1174393731373168,0.5189339053952704,0.0,-0.2278645833333332,0.0,0.0,2.4999999975000056,1.2393255297746568,0.4187228399060146,0.005
rolling-lp-v lam=0.005,30020,1.0967508138678497,0.987042216048891,0.0990565918034516,0.1128812618251347,0.5355928059318894,0.0,-0.2123697916666666,0.0,0.0,2.4999999975000056,1.3114189985193745,0.4084070815937449,0.005
rolling-lp-v lam=0.005,30021,1.0611673232553855,0.9515500976429296,0.0953224614922052,0.1216328339075471,0.5558498441415091,0.0,-0.2158854166666667,0.0,0.0,2.4999999975000056,1.2722761364089137,0.4368940265675604,0.005
rolling-lp-v lam=0.005,30022,1.0314053402259222,0.9236371661040748,0.0930298569392588,0.1295637571827052,0.6231252738636868,0.0,-0.2022135416666666,0.0,0.0,2.4999999975000056,1.3084096715428957,0.4762463068076288,0.005
rolling-lp-v lam=0.005,30023,1.0597678203795642,0.9522661717655584,0.0943752195379564,0.1208000379169544,0.5533551944594574,0.0,-0.23203125,0.0,0.0,2.4999999975000056,1.3070363238281653,0.4233663474927315,0.005
rolling-lp-v lam=0.005,30024,1.0736113401811385,0.9624680966132172,0.0950889986014471,0.1242624205559822,0.5684986387571166,0.0,-0.2454427083333333,0.0,0.0,2.4999999975000056,1.3498561446244812,0.4211549808629927,0.005
rolling-lp-v lam=0.005,30025,1.0231232559138426,0.9179553568758608,0.0923774297580509,0.1207821995474974,0.5714262250349457,0.0,-0.1986979166666667,0.0,0.0,2.4999999975000056,1.2854985109955857,0.4445172204768955,0.005
rolling-lp-v lam=0.005,30026,1.0682345640091966,0.9582434159691632,0.0965304876509196,0.1221998287592701,0.5698988169075837,0.0,-0.2058593750000001,0.0,0.0,2.4999999975000056,1.2989378237709697,0.4387421834042065,0.005
rolling-lp-v lam=0.005,30027,1.0366949272261068,0.9290769172492296,0.0935327739726107,0.1235503679555323,0.5858632716908151,0.0,-0.2027343749999998,0.0,0.0,2.4999999975000056,1.3081159487970404,0.4478679984213801,0.005
rolling-lp-v lam=0.005,30028,1.0044295236997998,0.8997970627002404,0.0913023273699799,0.1291794141534164,0.6288506450087534,0.0,-0.1828125,0.0,0.0,2.4999999975000056,1.280193685731239,0.4912152372080773,0.005
rolling-lp-v lam=0.005,30029,1.0759922742694534,0.9670240872473116,0.096551050343612,0.1166728107140794,0.5491708032881525,0.0,-0.2209635416666666,0.0,0.0,2.499999997500005,1.3271556124593584,0.4137953365321504,0.005
rolling-lp-v lam=0.005,30030,1.035221554006306,0.9251919779271458,0.0923307491506306,0.1231029543227523,0.555721812004188,0.0,-0.223828125,0.0,0.0,2.4999999975000047,1.276510787862036,0.4353443913583673,0.005
rolling-lp-v lam=0.005,30031,1.1013323331509923,0.988632981848404,0.0980564103984325,0.1264141127830119,0.6006872634197398,0.0,-0.2415364583333332,0.0,0.0,2.499999997500005,1.3268662796904112,0.4527112284139846,0.005
rolling-lp-v lam=0.005,30032,1.0885682640323464,0.9770460264265364,0.0967865139032346,0.121875815175179,0.5670955769316165,0.0,-0.24140625,0.0,0.0,2.4999999975000056,1.3656671862584857,0.4152516679303736,0.005
rolling-lp-v lam=0.005,30033,1.1175061754748432,1.0030533179451175,0.1001425446308176,0.126635250133182,0.5939162543128905,0.0,-0.2321614583333334,0.0,0.0,2.4999999975000056,1.3331271352852931,0.4455060875989076,0.005
rolling-lp-v lam=0.005,30034,1.060544759943874,0.9517857705903092,0.0947198405777207,0.109942746826998,0.5016192391299165,0.0,-0.2266927083333333,0.0,0.0,2.4999999975000056,1.304494559863535,0.3845314917851337,0.005
rolling-lp-v lam=0.005,30035,1.085094278239234,0.9731550144846104,0.0969469278239234,0.1317279138573859,0.6054013012762475,0.0,-0.23125,0.0,0.0,2.4999999975000056,1.273212146243934,0.475491302107213,0.005
rolling-lp-v lam=0.005,30036,1.075059141086669,0.96451795607447,0.0963796120253335,0.1247163729266147,0.598573317882544,0.0,-0.2225260416666667,0.0,0.0,2.4999999975000056,1.3266198312026407,0.4512018468319671,0.005
rolling-lp-v lam=0.005,30037,1.0497714450932372,0.9416375010720476,0.0937141236759903,0.1175377677239726,0.5528878776265191,0.0,-0.2252604166666667,0.0,0.0,2.4999999975000056,1.3369715979659689,0.4135374891042317,0.005
rolling-lp-v lam=0.005,30038,1.1244257359432752,1.0098301757025767,0.0982759069276608,0.1212446342982343,0.5437880240108325,0.0,-0.2833333333333332,0.0,0.0,2.4999999975000056,1.465075939963251,0.3711671246368789,0.005
rolling-lp-v lam=0.005,30039,1.0903965154866142,0.9802712519785004,0.0978091827986614,0.1240876293437306,0.6016425756239987,0.0,-0.2246093749999999,0.0,0.0,2.4999999975000056,1.3690322254073422,0.4394656053074177,0.005
rolling-lp-v lam=0.005,30040,1.0772984044094818,0.9688450891838232,0.0971504133576148,0.1214176163527701,0.5930484019383666,0.0,-0.2115885416666667,0.0,0.0,2.4999999975000056,1.338370879870286,0.443112152885338,0.005
rolling-lp-v lam=0.005,30041,1.082445538119742,0.9702718564855142,0.0963955954786408,0.1238229762969644,0.5711478655289584,0.0,-0.2369791666666666,0.0,0.0,2.4999999975000056,1.3259060441967945,0.4307604358760937,0.005
rolling-lp-v lam=0.005,30042,1.0677528139663486,0.9591431160718422,0.0967166876466348,0.1194904919677125,0.6104943597396759,0.0,-0.2011718749999999,0.0,0.0,2.499999997500005,1.371978220064658,0.444973798280052,0.005
rolling-lp-v lam=0.005,30043,1.0795808421311015,0.9676465079627709,0.0970791779631101,0.1219187941504948,0.5834222761737728,0.0,-0.217578125,0.0,0.0,2.4999999975000056,1.3238061098823777,0.4407158055990623,0.005
rolling-lp-v lam=0.005,30044,1.0636926796461026,0.953113706031424,0.0939018200479435,0.118907408879673,0.5220380274888348,0.0,-0.2493489583333334,0.0,0.0,2.4999999975000056,1.2995847213697878,0.4016960332825369,0.005
rolling-lp-v lam=0.005,30045,1.1178256181388806,1.0035758806614146,0.099536468063888,0.1207774994614367,0.5401635474255714,0.0,-0.2449218749999999,0.0,0.0,2.4999999975000056,1.3249065633527235,0.407699352065,0.005
rolling-lp-v lam=0.005,30046,1.0528684686213832,0.9452817236013,0.0952282531121383,0.1221515743554522,0.5821607361307388,0.0,-0.201171875,0.0,0.0,2.4999999975000056,1.2692187411560614,0.4586764418562561,0.005
rolling-lp-v lam=0.005,30047,1.104664243628883,0.9910676670289356,0.0982398618628883,0.1262539850348508,0.5907544118562328,0.0,-0.24453125,0.0,0.0,2.499999997500005,1.3544107083627632,0.4361708071330503,0.005
rolling-lp-v lam=0.005,30048,1.103588895593314,0.9906635264492896,0.0986206083093314,0.1245242220498309,0.5818111028080989,0.0,-0.2347656249999999,0.0,0.0,2.4999999975000056,1.30819393244643,0.4447437710707497,0.005
rolling-lp-v lam=0.005,30049,1.081744239413704,0.9723475794448276,0.096286403108037,0.1246721253901827,0.5895742208894708,0.0,-0.2377604166666666,0.0,0.0,2.499999997500005,1.3581559430439505,0.4340990619737632,0.005
max-exp-cap-V k=0.0,30000,1.106957550263101,0.995301469628945,0.10066971335964345,0.1276961988039179,0.5897000128342884,0.0,-0.20052083333333326,0.0,0.0,2.49999999975,1.5064400452872135,0.39145269317495995,0.0
max-exp-cap-V k=0.0,30001,1.107018933325628,0.9966431353884146,0.09996621624922948,0.11818953374088288,0.5524869181874273,0.0,-0.21471354166666667,0.0,0.0,2.49999999975,1.5414201287633102,0.35842721129552824,0.0
max-exp-cap-V k=0.0,30002,1.0841197019515203,0.9734653634399332,0.09889374102848537,0.1204911020287024,0.5679497109939539,0.0,-0.1903645833333334,0.0,0.0,2.49999999975,1.4633874616972342,0.38810617547265763,0.0
max-exp-cap-V k=0.0,30003,1.103079664379383,0.9918231670279145,0.09944208102127164,0.1258165300553527,0.5768138466464183,0.0,-0.21731770833333336,0.0,0.0,2.49999999975,1.4664744144230264,0.39333372677583434,0.0
max-exp-cap-V k=0.0,30004,1.0832974120076353,0.9721882222306883,0.09716437661743019,0.1226381960628691,0.5644774677588825,0.0,-0.22330729166666663,0.0,0.0,2.49999999975,1.49494351075862,0.37759116896158457,0.0
max-exp-cap-V k=0.0,30005,1.11872613125451,1.0041815102574148,0.09980881104211767,0.12718053312483174,0.5587969746378862,0.0,-0.24127604166666666,0.0,0.0,2.49999999975,1.5280952189968098,0.3656820384561735,0.0
max-exp-cap-V k=0.0,30006,1.0376554211544946,0.9324217837752026,0.09456632336544946,0.10396487838399562,0.4962342140997789,0.0,-0.18398437499999998,0.0,0.0,2.49999999975,1.4919454428693641,0.3326088205647809,0.0
max-exp-cap-V k=0.0,30007,1.0327578236051251,0.9256890120579842,0.09464948027717916,0.12108659055297234,0.5821903215971533,0.0,-0.17252604166666669,0.0,0.0,2.49999999975,1.4192180251667,0.410219086337189,0.0
max-exp-cap-V k=0.0,30008,1.0487751837057904,0.9406494206187628,0.09558064337057906,0.12397491387472036,0.5863974619539831,0.0,-0.18593749999999998,0.0,0.0,2.49999999975,1.4730538748740418,0.39808283454950005,0.0
max-exp-cap-V k=0.0,30009,1.096398235700658,0.9844526804125361,0.09831820898673246,0.12534537781593927,0.5651550223567156,0.0,-0.22643229166666673,0.0,0.0,2.4999999997499995,1.4849957272430707,0.3805768676560027,0.0
max-exp-cap-V k=0.0,30010,1.0668124476840846,0.9567781295848868,0.09659660935174177,0.12499829994398926,0.5721846359369666,0.0,-0.20169270833333325,0.0,0.0,2.49999999975,1.4496948496324118,0.39469315634393753,0.0
max-exp-cap-V k=0.0,30011,1.1429307212837894,1.0275221158740189,0.10202744712837894,0.12309368967526754,0.546276978398304,0.0,-0.2453125,0.0,0.0,2.49999999975,1.4886255258212753,0.36696735943508885,0.0
max-exp-cap-V k=0.0,30012,1.0518422199497646,0.9453230644801333,0.09453318032830979,0.11138954814805958,0.513653807549782,0.0,-0.21302083333333333,0.0,0.0,2.49999999975,1.4743145174713694,0.3484017836511312,0.0
max-exp-cap-V k=0.0,30013,1.0953410375755663,0.9839104042434506,0.09898722875755664,0.1189662141273024,0.5596668225392732,0.0,-0.2109375000000001,0.0,0.0,2.49999999975,1.513852490028977,0.36969706508760347,0.0
max-exp-cap-V k=0.0,30014,1.1004996069151098,0.9860479103643369,0.09908641902484433,0.12330681207716106,0.5642930199475309,0.0,-0.2192708333333333,0.0,0.0,2.49999999975,1.492720791777887,0.37802985196946076,0.0
max-exp-cap-V k=0.0,30015,1.065523529317561,0.954898184420331,0.0962138112650894,0.12600936724675255,0.59666238878081,0.0,-0.20677083333333351,0.0,0.0,2.49999999975,1.4963424223220672,0.3987472251537801,0.0
max-exp-cap-V k=0.0,30016,1.1358489486879004,1.0208985358183236,0.1027776032021234,0.12518634475341692,0.5859653422352185,0.0,-0.21614583333333326,0.0,0.0,2.49999999975,1.520657543021315,0.38533682019621235,0.0
max-exp-cap-V k=0.0,30017,1.0484263170898465,0.9408875269353432,0.09624888170898466,0.12231530115015328,0.5957205362876457,0.0,-0.17187499999999994,0.0,0.0,2.49999999975,1.4937871596300354,0.3987988064077262,0.0
max-exp-cap-V k=0.0,30018,1.101074671461833,0.9888032549426956,0.09902022756284994,0.11372748409295756,0.5184700441716259,0.0,-0.2217447916666666,0.0,0.0,2.4999999997499995,1.4958657340539219,0.3466019926578093,0.0
max-exp-cap-V k=0.0,30019,1.0833995266084626,0.9708927471587655,0.09670583807751293,0.11915557166005873,0.5265173382598064,0.0,-0.2326822916666667,0.0,0.0,2.49999999975,1.4825245825787263,0.35514914521280583,0.0
max-exp-cap-V k=0.0,30020,1.105198997475124,0.9952794490562623,0.10072823308084573,0.11448455061761321,0.5432000024603348,0.0,-0.1958333333333333,0.0,0.0,2.49999999975,1.521685897750909,0.35697248904205425,0.0
max-exp-cap-V k=0.0,30021,1.0643322044832373,0.9546920875045012,0.09677827253165705,0.12234579471082312,0.55910800346123,0.0,-0.19309895833333335,0.0,0.0,2.49999999975,1.4726302945519123,0.3796662377038453,0.0
max-exp-cap-V k=0.0,30022,1.0376723868306912,0.9305754492849232,0.09486749909973577,0.12956375718270524,0.6231252738636868,0.0,-0.1779947916666666,0.0,0.0,2.49999999975,1.446031048688528,0.4309210887475948,0.0
max-exp-cap-V k=0.0,30023,1.0819861256520817,0.9731552577285987,0.09683793548187483,0.12098901317297628,0.554220843521719,0.0,-0.22721354166666669,0.0,0.0,2.49999999975,1.504177991389335,0.3684542964292494,0.0
max-exp-cap-V k=0.0,30024,1.0865233196655761,0.9755035920000857,0.09751300904989095,0.12440280019125646,0.569140873402197,0.0,-0.22278645833333333,0.0,0.0,2.49999999975,1.4968878857143118,0.38021609957154817,0.0
max-exp-cap-V k=0.0,30025,1.0352235800684095,0.9297652374675788,0.0943101184235076,0.12223272869468582,0.5782887461513546,0.0,-0.18424479166666674,0.0,0.0,2.49999999975,1.4729478722741818,0.39260638956523036,0.0
max-exp-cap-V k=0.0,30026,1.1054682138531153,0.9936999323975155,0.10065098805197818,0.12219982875927017,0.5698988169075837,0.0,-0.19791666666666669,0.0,0.0,2.4999999997500004,1.4988548285128407,0.38022282483023095,0.0
max-exp-cap-V k=0.0,30027,1.0784559415755037,0.9689626787713582,0.09817762540755039,0.12472084618716771,0.5914135603510285,0.0,-0.1933593749999999,0.0,0.0,2.49999999975,1.4837596089732787,0.39859122513806033,0.0
max-exp-cap-V k=0.0,30028,1.035423905371507,0.9285999496348483,0.09433666137048406,0.1296418890162357,0.6311019914612062,0.0,-0.1841145833333333,0.0,0.0,2.49999999975,1.5031164162780835,0.4198623503985798,0.0
max-exp-cap-V k=0.0,30029,1.0891190135353492,0.980184928117452,0.09894445343686827,0.11667281071407949,0.5491708032881525,0.0,-0.19934895833333321,0.0,0.0,2.49999999975,1.4938625117646998,0.3676180364412633,0.0
max-exp-cap-V k=0.0,30030,1.0441735243283004,0.9341931735011623,0.09390302951616336,0.12310295432275231,0.555721812004188,0.0,-0.21028645833333337,0.0,0.0,2.4999999997500004,1.4220624018710484,0.39078581310708227,0.0
max-exp-cap-V k=0.0,30031,1.0851289263800006,0.9738135832991507,0.09808320513800008,0.12641411278301196,0.6006872634197398,0.0,-0.20859374999999997,0.0,0.0,2.49999999975,1.5069086937916296,0.3986222031198931,0.0
max-exp-cap-V k=0.0,30032,1.0970691100492427,0.9854222584402245,0.09837878600492425,0.12187581517517904,0.5670955769316165,0.0,-0.22656250000000006,0.0,0.0,2.49999999975,1.5695866245010224,0.3613025035250274,0.0
max-exp-cap-V k=0.0,30033,1.0924695302030245,0.9804978582911112,0.09966361968696913,0.12743816397242352,0.5976819007615432,0.0,-0.1916666666666667,0.0,0.0,2.49999999975,1.424204598916956,0.41966013957268045,0.0
max-exp-cap-V k=0.0,30034,1.0840662391491525,0.9738655293084711,0.09756678016491524,0.11087996772113377,0.5058953559760125,0.0,-0.21679687500000006,0.0,0.0,2.4999999997499995,1.4879480261682148,0.33999531373337116,0.0
max-exp-cap-V k=0.0,30035,1.088675559718562,0.9769765666801287,0.09862667055518953,0.13172791385738591,0.6054013012762475,0.0,-0.2048177083333333,0.0,0.0,2.49999999975,1.4380434484406077,0.42098957575498525,0.0
max-exp-cap-V k=0.0,30036,1.0672574836103754,0.958232449988364,0.09742236294437087,0.12471637292661478,0.598573317882544,0.0,-0.18606770833333336,0.0,0.0,2.49999999975,1.4718874959252606,0.40667056384378597,0.0
max-exp-cap-V k=0.0,30037,1.0542462970964706,0.9469767231957092,0.09569806720964705,0.11753776772397265,0.5528878776265191,0.0,-0.19453125000000004,0.0,0.0,2.49999999975,1.434394345558972,0.3854504023515675,0.0
max-exp-cap-V k=0.0,30038,1.0886364221736944,0.9776111716105551,0.09731416305070277,0.12124463429823434,0.5437880240108325,0.0,-0.23098958333333336,0.0,0.0,2.49999999975,1.5133299005896137,0.35933210848405583,0.0
max-exp-cap-V k=0.0,30039,1.0873430521964726,0.9780972209941785,0.09904029480298059,0.12408762934373067,0.6016425756239987,0.0,-0.19388020833333336,0.0,0.0,2.49999999975,1.5420956091775526,0.3901460921381349,0.0
max-exp-cap-V k=0.0,30040,1.078679204686009,0.9707778653495601,0.09865568088526754,0.12141761635277018,0.5930484019383666,0.0,-0.18424479166666674,0.0,0.0,2.49999999975,1.5133559978822049,0.39187633495904495,0.0
max-exp-cap-V k=0.0,30041,1.0972734675939249,0.9844013652366406,0.09845781550939248,0.12382297629696448,0.5711478655289584,0.0,-0.22539062500000012,0.0,0.0,2.49999999975,1.5258169821285186,0.3743226561367836,0.0
max-exp-cap-V k=0.0,30042,1.0790660358742896,0.9705792381894353,0.09909149942076231,0.11949049196771258,0.6104943597396759,0.0,-0.17630208333333325,0.0,0.0,2.49999999975,1.541592298005893,0.39601544489381085,0.0
max-exp-cap-V k=0.0,30043,1.0965268618690311,0.9840898685792991,0.09978289452023643,0.12191879415049484,0.5834222761737728,0.0,-0.19739583333333333,0.0,0.0,2.4999999997499995,1.476067319607912,0.39525451747603724,0.0
max-exp-cap-V k=0.0,30044,1.082748850780301,0.9714011245540974,0.09657566632803008,0.11890740887967306,0.5220380274888348,0.0,-0.23398437500000008,0.0,0.0,2.49999999975,1.4526525847966734,0.3593688077606691,0.0
max-exp-cap-V k=0.0,30045,1.1135548773401545,0.9996649543994998,0.09963673773401545,0.12077749946143672,0.5401635474255714,0.0,-0.234375,0.0,0.0,2.49999999975,1.5223362217340461,0.354825392520903,0.0
max-exp-cap-V k=0.0,30046,1.0756149060020679,0.9671353568423213,0.09803024060020679,0.12302559404194337,0.5863262161645844,0.0,-0.190625,0.0,0.0,2.49999999975,1.5041051119155093,0.3898173149733436,0.0
max-exp-cap-V k=0.0,30047,1.0960723078890262,0.9840231801266301,0.09910592870556931,0.12625398503485089,0.5907544118562328,0.0,-0.21002604166666666,0.0,0.0,2.49999999975,1.5036536796147062,0.3928793045002269,0.0
max-exp-cap-V k=0.0,30048,1.1140422093524394,1.0010889761197892,0.1007466688519106,0.12452422204983092,0.5818111028080989,0.0,-0.21315104166666676,0.0,0.0,2.4999999997499995,1.4745537528258335,0.39456757794900094,0.0
max-exp-cap-V k=0.0,30049,1.0725219636437022,0.9649916294440781,0.09746052969770355,0.1246721253901827,0.5895742208894708,0.0,-0.19583333333333336,0.0,0.0,2.4999999997499995,1.4822630791743396,0.39775275332222365,0.0
max-exp-cap-V k=0.25,30000,1.1235192465124275,1.0102039862374639,0.10039879965124276,0.1276961988039179,0.5897000128342884,0.0,-0.2390625,0.0,0.0,2.49999999975,1.4907294496917762,0.3955781600452148,0.25
max-exp-cap-V k=0.25,30001,1.0962038876285307,0.9854813445429346,0.09752403459618642,0.11806386767860806,0.5518994816076438,0.0,-0.24192708333333335,0.0,0.0,2.49999999975,1.5128385796083028,0.364810554838269,0.25
max-exp-cap-V k=0.25,30002,1.1067315414800085,0.993846108139633,0.09879815414800085,0.1204911020287024,0.5679497109939539,0.0,-0.2375000000000001,0.0,0.0,2.49999999975,1.4955927346041242,0.37974891014985257,0.25
max-exp-cap-V k=0.25,30003,1.081317208057691,0.9713619644055829,0.0962762520557691,0.1258165300553527,0.5768138466464183,0.0,-0.2371093749999999,0.0,0.0,2.49999999975,1.384666358412222,0.4165724422653287,0.25
max-exp-cap-V k=0.25,30004,1.0974288225473567,0.9849834478694126,0.09668298642140234,0.1226381960628691,0.5644774677588825,0.0,-0.26119791666666664,0.0,0.0,2.49999999975,1.456693918451745,0.3875058861774068,0.25
max-exp-cap-V k=0.25,30005,1.122804383188215,1.0081104365764089,0.09901220915215485,0.12718053312483174,0.5587969746378862,0.0,-0.2653645833333333,0.0,0.0,2.4999999997499995,1.4403813555498495,0.3879507135279266,0.25
max-exp-cap-V k=0.25,30006,1.013933356397776,0.9093033697392857,0.09093109605644424,0.10396487838399562,0.4962342140997789,0.0,-0.2092447916666666,0.0,0.0,2.4999999997500004,1.4462119666353264,0.3431268897976891,0.25
max-exp-cap-V k=0.25,30007,1.053314766482326,0.9443837712213877,0.09471298706489925,0.12104467307410281,0.5819887802836838,0.0,-0.21236979166666664,0.0,0.0,2.49999999975,1.3995170170073743,0.41584973473789294,0.25
max-exp-cap-V k=0.25,30008,1.0779677241193677,0.9671431630318734,0.09606500157860345,0.12397491387472036,0.5863974619539831,0.0,-0.2346354166666666,0.0,0.0,2.49999999975,1.4701808904042988,0.39886075637449225,0.25
max-exp-cap-V k=0.25,30009,1.1489942342400996,1.0339339955997382,0.10092155884067663,0.12534537781593927,0.5651550223567156,0.0,-0.2795572916666667,0.0,0.0,2.4999999997500004,1.4997953663503374,0.3768214217996863,0.25
max-exp-cap-V k=0.25,30010,1.0520628184496774,0.9422506297036386,0.09376747976163441,0.12499829994398926,0.5721846359369666,0.0,-0.22877604166666665,0.0,0.0,2.49999999975,1.3833679923294002,0.4136170846149815,0.25
max-exp-cap-V k=0.25,30011,1.1296807057057532,1.0146888873044748,0.09958916432057532,0.12309368967526754,0.546276978398304,0.0,-0.26757812499999994,0.0,0.0,2.49999999975,1.4515624861957555,0.37633721151748883,0.25
max-exp-cap-V k=0.25,30012,1.070830946691893,0.9620310039691837,0.09412085508585596,0.11142886580066551,0.5138351141651756,0.0,-0.2592447916666667,0.0,0.0,2.49999999975,1.4838680328783647,0.3462808705221939,0.25
max-exp-cap-V k=0.25,30013,1.0838768611344178,0.9726230020007077,0.09672101944677511,0.1189662141273024,0.5596668225392732,0.0,-0.23333333333333334,0.0,0.0,2.49999999975,1.4782341972613708,0.37860497583950625,0.25
max-exp-cap-V k=0.25,30014,1.06859231347138,0.9549025209786756,0.09474985634713799,0.12330681207716106,0.5642930199475309,0.0,-0.2421875,0.0,0.0,2.49999999975,1.4559072628804899,0.38758857403533103,0.25
max-exp-cap-V k=0.25,30015,1.0791096878513013,0.9662807438464449,0.09513753128513014,0.12600936724675255,0.59666238878081,0.0,-0.2554687500000001,0.0,0.0,2.49999999975,1.543461809747271,0.38657411865506963,0.25
max-exp-cap-V k=0.25,30016,1.1457232598484397,1.029583047857578,0.10213091973484396,0.12507030715604486,0.5854221998454459,0.0,-0.248828125,0.0,0.0,2.49999999975,1.50894532518863,0.38796780113438734,0.25
max-exp-cap-V k=0.25,30017,1.0531555757169506,0.9451296745101092,0.09520488048836175,0.12231530115015328,0.5957205362876457,0.0,-0.2022135416666666,0.0,0.0,2.49999999975,1.4694437256619062,0.40540547819842865,0.25
max-exp-cap-V k=0.25,30018,1.1280537839471039,1.013951217044966,0.09969339922804372,0.11372748409295756,0.5184700441716259,0.0,-0.2622395833333332,0.0,0.0,2.4999999997500004,1.4708570879030947,0.3524951869462552,0.25
max-exp-cap-V k=0.25,30019,1.1124768207069642,0.9984552956342398,0.09818127582069643,0.11900066475074508,0.5258328451015464,0.0,-0.26132812500000013,0.0,0.0,2.49999999975,1.460573034946746,0.36001817952275067,0.25
max-exp-cap-V k=0.25,30020,1.1301610657482255,1.018132170153509,0.1012843357414892,0.11445706557128119,0.5430695929233743,0.0,-0.2346354166666667,0.0,0.0,2.49999999975,1.504921591675536,0.36086238374634283,0.25
max-exp-cap-V k=0.25,30021,1.0740933555983936,0.9637344994492557,0.0960747001431727,0.12213275122467167,0.5581344161101152,0.0,-0.22669270833333338,0.0,0.0,2.4999999997500004,1.4127614376391797,0.39506628737177,0.25
max-exp-cap-V k=0.25,30022,1.0643126709493382,0.9549771993093836,0.09527892334493382,0.12956375718270524,0.6231252738636868,0.0,-0.22304687499999992,0.0,0.0,2.49999999975,1.4397296347641502,0.4328071457428632,0.25
max-exp-cap-V k=0.25,30023,1.0603181548863703,0.9526224528380731,0.09390290923863702,0.12089454583085874,0.5537881119152648,0.0,-0.24257812499999998,0.0,0.0,2.49999999975,1.4056283201404745,0.39397905120460347,0.25
max-exp-cap-V k=0.25,30024,1.1078334465547084,0.9950653224480019,0.09752162590547084,0.12440819064550422,0.5691655346464286,0.0,-0.2652343750000001,0.0,0.0,2.49999999975,1.5025337749613221,0.3788038206735685,0.25
max-exp-cap-V k=0.25,30025,1.0878434261140535,0.9787583909872628,0.09695491552807199,0.12252338545752975,0.579663856866303,0.0,-0.23658854166666676,0.0,0.0,2.49999999975,1.5105089406966894,0.38375400585113095,0.25
max-exp-cap-V k=0.25,30026,1.1014480218105427,0.988646892989222,0.09821120843105426,0.12219982875927017,0.5698988169075837,0.0,-0.23867187500000003,0.0,0.0,2.49999999975,1.4893222221343334,0.3826564919516659,0.25
max-exp-cap-V k=0.25,30027,1.0997586661118264,0.9875851774097638,0.09776883536118267,0.12472084618716771,0.5914135603510285,0.0,-0.24414062499999983,0.0,0.0,2.49999999975,1.5125525861565756,0.3910036356843774,0.25
max-exp-cap-V k=0.25,30028,1.0609877221420492,0.9525539171973376,0.09485528263087155,0.1296418890162357,0.6311019914612062,0.0,-0.2248697916666667,0.0,0.0,2.49999999975,1.520466342267135,0.4150713329965486,0.25
max-exp-cap-V k=0.25,30029,1.0524255903709516,0.944646589623913,0.09438318403709516,0.11667281071407949,0.5491708032881525,0.0,-0.21718749999999998,0.0,0.0,2.4999999997500004,1.4148042551126179,0.3881602711496218,0.25
max-exp-cap-V k=0.25,30030,1.0829340368863078,0.9703384244444276,0.09529210160529744,0.12310295432275231,0.555721812004188,0.0,-0.26002604166666676,0.0,0.0,2.49999999975,1.4255710748120294,0.38982399532584755,0.25
max-exp-cap-V k=0.25,30031,1.1202101300418772,1.0065517468679972,0.09936476300418771,0.12641411278301196,0.6006872634197398,0.0,-0.2531249999999999,0.0,0.0,2.4999999997500004,1.5104557658959672,0.39768610043566954,0.25
max-exp-cap-V k=0.25,30032,1.0801107447760627,0.9690084885295099,0.09581055364427293,0.12187581517517904,0.5670955769316165,0.0,-0.24401041666666667,0.0,0.0,2.4999999997500004,1.4777731093097999,0.38375009895563794,0.25
max-exp-cap-V k=0.25,30033,1.1380956836101508,1.0228139232140911,0.10157649544434841,0.12743816397242352,0.5976819007615432,0.0,-0.24466145833333336,0.0,0.0,2.49999999975,1.4917742382689692,0.40065171084807283,0.25
max-exp-cap-V k=0.25,30034,1.0896203812890062,0.9787193525383047,0.09664432979556728,0.11077755771178002,0.5054281052254728,0.0,-0.24635416666666665,0.0,0.0,2.49999999975,1.4679020889534105,0.34432003948290213,0.25
max-exp-cap-V k=0.25,30035,1.1141332061242695,1.0009827276881462,0.09954483102909363,0.13172791385738591,0.6054013012762475,0.0,-0.2373697916666666,0.0,0.0,2.4999999997500004,1.4135900897785978,0.42827217427017183,0.25
max-exp-cap-V k=0.25,30036,1.0893810475191716,0.9788392539711568,0.0978769068352505,0.12471637292661478,0.598573317882544,0.0,-0.22122395833333325,0.0,0.0,2.4999999997500004,1.429231171913866,0.41880790850720234,0.25
max-exp-cap-V k=0.25,30037,1.045811663307434,0.9386099134418842,0.09345486424741004,0.11753776772397265,0.5528878776265191,0.0,-0.22252604166666667,0.0,0.0,2.49999999975,1.437291050445378,0.3846735686938244,0.25
max-exp-cap-V k=0.25,30038,1.0988640570201889,0.9864345764174761,0.09622104111868554,0.12124463429823434,0.5437880240108325,0.0,-0.27330729166666673,0.0,0.0,2.49999999975,1.5084904781931163,0.36048488994255157,0.25
max-exp-cap-V k=0.25,30039,1.0953189751090429,0.9847172800407922,0.09787174126090428,0.12408762934373067,0.6016425756239987,0.0,-0.23320312499999996,0.0,0.0,2.49999999975,1.4990886999009239,0.40133887718836236,0.25
max-exp-cap-V k=0.25,30040,1.087477003727075,0.9786703743113653,0.09808363787270746,0.12141761635277018,0.5930484019383666,0.0,-0.21328125000000014,0.0,0.0,2.4999999997500004,1.4820851804726836,0.40014461365117004,0.25
max-exp-cap-V k=0.25,30041,1.134068637384633,1.0182700349572666,0.0992857699884633,0.12382297629696448,0.5711478655289584,0.0,-0.28242187500000004,0.0,0.0,2.49999999975,1.557337780034293,0.3667462979780671,0.25
max-exp-cap-V k=0.25,30042,1.0905096417977322,0.9813335769570324,0.09867987042977323,0.11949049196771258,0.6104943597396759,0.0,-0.20742187499999987,0.0,0.0,2.49999999975,1.5005087752855433,0.40685824021489,0.25
max-exp-cap-V k=0.25,30043,1.1120862394187414,0.9984027708028484,0.09958753019187414,0.12191879415049484,0.5834222761737728,0.0,-0.23242187500000006,0.0,0.0,2.49999999975,1.4719388358134,0.3963631245936731,0.25
max-exp-cap-V k=0.25,30044,1.0983991610611548,0.9854464853856068,0.09614199943944882,0.11890740887967306,0.5220380274888348,0.0,-0.2739583333333334,0.0,0.0,2.4999999997500004,1.4516528564726259,0.3596162988700591,0.25
max-exp-cap-V k=0.25,30045,1.1077669281407627,0.9934580468624871,0.09766471364740961,0.12077749946143672,0.5401635474255714,0.0,-0.2622395833333333,0.0,0.0,2.49999999975,1.4709742687915717,0.3672148173396154,0.25
max-exp-cap-V k=0.25,30046,1.0541050064651285,0.9458560863651863,0.09470737564651284,0.12302559404194337,0.5863262161645844,0.0,-0.2140625,0.0,0.0,2.49999999975,1.481703805897483,0.39571081199284674,0.25
max-exp-cap-V k=0.25,30047,1.0950835648180768,0.9825159498460027,0.09754872106514102,0.12625398503485089,0.5907544118562328,0.0,-0.23919270833333334,0.0,0.0,2.49999999975,1.4553861214443116,0.4059090595628146,0.25
max-exp-cap-V k=0.25,30048,1.1292987640826009,1.0153615193889538,0.10063820974159343,0.12452422204983092,0.5818111028080989,0.0,-0.24583333333333335,0.0,0.0,2.49999999975,1.4342032677974834,0.40566851008615434,0.25
max-exp-cap-V k=0.25,30049,1.0890902303397358,0.980005756526611,0.09705355428397357,0.1246721253901827,0.5895742208894708,0.0,-0.237109375,0.0,0.0,2.49999999975,1.4839380249272103,0.3973038031142779,0.25
max-exp-cap-V k=0.5,30000,1.1289467111515608,1.0146978419965078,0.0999389419484894,0.1276961988039179,0.5897000128342884,0.0,-0.2591145833333334,0.0,0.0,2.4999999997500004,1.4800675671078942,0.39842776501520377,0.5
max-exp-cap-V k=0.5,30001,1.1058995247793408,0.9938553691149828,0.09733474414460075,0.11804344677014851,0.5518040223531371,0.0,-0.2651041666666667,0.0,0.0,2.49999999975,1.5081940384461046,0.36587070913081043,0.5
max-exp-cap-V k=0.5,30002,1.0912868036087793,0.9789236464081221,0.09680446161087794,0.1204911020287024,0.5679497109939539,0.0,-0.24648437500000003,0.0,0.0,2.49999999975,1.4407612407113908,0.39420113128079626,0.5
max-exp-cap-V k=0.5,30003,1.096438285707316,0.9846810360316113,0.09647325565406492,0.1258165300553527,0.5768138466464183,0.0,-0.26341145833333324,0.0,0.0,2.49999999975,1.3787407946596246,0.41836279080203664,0.5
max-exp-cap-V k=0.5,30004,1.106067694994698,0.9924336653314086,0.09651171741613646,0.1226381960628691,0.5644774677588825,0.0,-0.2819010416666666,0.0,0.0,2.4999999997500004,1.5092774969035512,0.3740050911227194,0.5
max-exp-cap-V k=0.5,30005,1.1217615424672243,1.0065602914857252,0.09817875841338908,0.12718053312483174,0.5587969746378862,0.0,-0.27994791666666663,0.0,0.0,2.49999999975,1.445972550508643,0.3864506103116002,0.5
max-exp-cap-V k=0.5,30006,1.015202844865856,0.9101080293426329,0.09030934698658562,0.10396487838399562,0.4962342140997789,0.0,-0.2242187499999999,0.0,0.0,2.49999999975,1.3966800770891246,0.3552955485224648,0.5
max-exp-cap-V k=0.5,30007,1.0523188282507459,0.9434266665571245,0.09419672657507458,0.12096906316043626,0.5816252440758144,0.0,-0.22070312500000006,0.0,0.0,2.49999999975,1.3639807308031702,0.42641749325397627,0.5
max-exp-cap-V k=0.5,30008,1.0929330712865566,0.9804415056170012,0.096239921711989,0.12397491387472036,0.5863974619539831,0.0,-0.26106770833333326,0.0,0.0,2.49999999975,1.4694731299366428,0.3990528646000257,0.5
max-exp-cap-V k=0.5,30009,1.1467428138026694,1.0314791117148263,0.10020162513026695,0.12534537781593927,0.5651550223567156,0.0,-0.289453125,0.0,0.0,2.49999999975,1.4673197256407282,0.38516146991067796,0.5
max-exp-cap-V k=0.5,30010,1.0637296408127146,0.9525850693953855,0.09381437033127146,0.12499829994398926,0.5721846359369666,0.0,-0.2511718750000001,0.0,0.0,2.49999999975,1.4174593278945302,0.40366917390630164,0.5
max-exp-cap-V k=0.5,30011,1.1014292523952602,0.9880009242729809,0.09670542523952602,0.12309368967526754,0.546276978398304,0.0,-0.26874999999999993,0.0,0.0,2.49999999975,1.397874141845992,0.3907912465401975,0.5
max-exp-cap-V k=0.5,30012,1.0656831953232766,0.9570423913033089,0.093280559115661,0.11116104272802135,0.512600093974318,0.0,-0.2657552083333333,0.0,0.0,2.4999999997500004,1.418791618564031,0.36129343257124974,0.5
max-exp-cap-V k=0.5,30013,1.1103263976679316,0.9965714171844889,0.09769279601679319,0.1189662141273024,0.5596668225392732,0.0,-0.26679687499999993,0.0,0.0,2.4999999997499995,1.4504391177048195,0.38586026514845534,0.5
max-exp-cap-V k=0.5,30014,1.0656579725145283,0.9517482204735686,0.09383142225145286,0.12330681207716106,0.5642930199475309,0.0,-0.2546875,0.0,0.0,2.49999999975,1.3972837994779925,0.4038499696041302,0.5
max-exp-cap-V k=0.5,30015,1.0919657672550775,0.9779644785822559,0.09554423297550776,0.12600936724675255,0.59666238878081,0.0,-0.2730468750000001,0.0,0.0,2.4999999997499995,1.4906825288674628,0.4002612073505153,0.5
max-exp-cap-V k=0.5,30016,1.1317126811155254,1.0159334464990553,0.10011788269488586,0.12437316885216193,0.5821590732989789,0.0,-0.26106770833333337,0.0,0.0,2.49999999975,1.438579893126107,0.4046762199865853,0.5
max-exp-cap-V k=0.5,30017,1.0437930721563418,0.9359344006099877,0.09374128638230082,0.12231530115015328,0.5957205362876457,0.0,-0.21276041666666673,0.0,0.0,2.49999999975,1.4308601577022115,0.4163373569953201,0.5
max-exp-cap-V k=0.5,30018,1.1303556364618466,1.01537358075621,0.09880379281285132,0.11372748409295756,0.5184700441716259,0.0,-0.2846354166666666,0.0,0.0,2.49999999975,1.5000596406078741,0.34563295360811425,0.5
max-exp-cap-V k=0.5,30019,1.1175845288323196,1.0030658421937302,0.09810610913323195,0.11882789581923404,0.5250694243341759,0.0,-0.273046875,0.0,0.0,2.49999999975,1.4360902959508424,0.36562424090925627,0.5
max-exp-cap-V k=0.5,30020,1.1289046410548655,1.0168218870357708,0.10066390160548652,0.11402066422273502,0.5409989797941344,0.0,-0.24453124999999998,0.0,0.0,2.4999999997500004,1.4294165072989333,0.37847539680118963,0.5
max-exp-cap-V k=0.5,30021,1.0759833873102465,0.9651070117298507,0.0955540678976913,0.12202861056348213,0.5576585037398172,0.0,-0.24088541666666674,0.0,0.0,2.49999999975,1.3834961338451892,0.4030791919814777,0.5
max-exp-cap-V k=0.5,30022,1.0698123386028826,0.9595940490730493,0.09494998386028827,0.12956375718270524,0.6231252738636868,0.0,-0.24062499999999987,0.0,0.0,2.49999999975,1.4017566713390306,0.4445316984070033,0.5
max-exp-cap-V k=0.5,30023,1.0702356777523987,0.9613946631011979,0.09389856777523986,0.12088284036465916,0.5537344920601985,0.0,-0.2625,0.0,0.0,2.49999999975,1.3934170117673896,0.3973932336005069,0.5
max-exp-cap-V k=0.5,30024,1.107271417521697,0.994139832740432,0.0969250584188364,0.12438718319249342,0.5690694258760782,0.0,-0.2760416666666667,0.0,0.0,2.49999999975,1.4805308513463933,0.38436850225617863,0.5
max-exp-cap-V k=0.5,30025,1.085748038539512,0.976263833890173,0.09600318927061788,0.12219282874748581,0.5780999776383369,0.0,-0.25143229166666664,0.0,0.0,2.49999999975,1.467791671426954,0.39385696818699145,0.5
max-exp-cap-V k=0.5,30026,1.1087567219862384,0.9949555824832617,0.09794598469862384,0.12219982875927017,0.5698988169075837,0.0,-0.25859375000000007,0.0,0.0,2.4999999997499995,1.4792945425428399,0.38525040180838743,0.5
max-exp-cap-V k=0.5,30027,1.0865636856895329,0.9746314464769674,0.0958633998189533,0.12472084618716771,0.5914135603510285,0.0,-0.2558593749999999,0.0,0.0,2.49999999975,1.4740244354469922,0.4012237152443709,0.5
max-exp-cap-V k=0.5,30028,1.0693246728627637,0.9597804228421966,0.09461475895294302,0.1296418890162357,0.6311019914612062,0.0,-0.2463541666666667,0.0,0.0,2.4999999997500004,1.484741075436269,0.4250586192449523,0.5
max-exp-cap-V k=0.5,30029,1.0537498645627346,0.9450975657918543,0.09348045520627347,0.11667281071407949,0.5491708032881525,0.0,-0.23789062499999997,0.0,0.0,2.49999999975,1.405646202135825,0.3906892093143415,0.5
max-exp-cap-V k=0.5,30030,1.0740777209721197,0.9617023855283665,0.09403537626387862,0.12310295432275231,0.555721812004188,0.0,-0.2674479166666668,0.0,0.0,2.49999999975,1.3939217695478887,0.3986750362500139,0.5
max-exp-cap-V k=0.5,30031,1.1399885536719676,1.0236249287867076,0.09929833453386344,0.12641411278301196,0.6006872634197398,0.0,-0.2940104166666666,0.0,0.0,2.49999999975,1.5619724793785954,0.3845696843895183,0.5
max-exp-cap-V k=0.5,30032,1.0900451277975163,0.9778157965974391,0.0958404502797516,0.12187581517517904,0.5670955769316165,0.0,-0.26328124999999997,0.0,0.0,2.49999999975,1.4639689500621933,0.38736858244672795,0.5
max-exp-cap-V k=0.5,30033,1.1370265290572565,1.021244456322475,0.100727392489059,0.12743816397242352,0.5976819007615432,0.0,-0.2595052083333333,0.0,0.0,2.49999999975,1.4385697982984562,0.41546951803692994,0.5
max-exp-cap-V k=0.5,30034,1.0840036718770294,0.9730083216853227,0.09547719010436959,0.11056078761635876,0.5044390809062748,0.0,-0.25846354166666663,0.0,0.0,2.4999999997500004,1.4254710829386492,0.35387535176536816,0.5
max-exp-cap-V k=0.5,30035,1.1062114779152994,0.9930791726564792,0.09804302279152996,0.13172791385738591,0.6054013012762475,0.0,-0.2515624999999999,0.0,0.0,2.4999999997500004,1.3813127249950712,0.4382796815821759,0.5
max-exp-cap-V k=0.5,30036,1.1193156337678594,1.005182502637975,0.09846151129345261,0.12471637292661478,0.598573317882544,0.0,-0.2694010416666666,0.0,0.0,2.49999999975,1.517178709094996,0.3945305284699096,0.5
max-exp-cap-V k=0.5,30037,1.0733361371873893,0.9640615307472741,0.09502241580207227,0.11753776772397265,0.5528878776265191,0.0,-0.24622395833333333,0.0,0.0,2.49999999975,1.374133597834149,0.4023538020596815,0.5
max-exp-cap-V k=0.5,30038,1.1055796746487045,0.991919559713835,0.09581187371487046,0.12124463429823434,0.5437880240108325,0.0,-0.294921875,0.0,0.0,2.49999999975,1.528318691449519,0.35580800460869977,0.5
max-exp-cap-V k=0.5,30039,1.112389941151787,1.0002620345077584,0.09836138994851204,0.12408762934373067,0.6016425756239987,0.0,-0.25755208333333335,0.0,0.0,2.49999999975,1.4826926710320445,0.40577699436877823,0.5
max-exp-cap-V k=0.5,30040,1.0981878278104287,0.98813299609124,0.09811305361437618,0.12141761635277018,0.5930484019383666,0.0,-0.23411458333333351,0.0,0.0,2.49999999975,1.467909840472136,0.4040087378579188,0.5
max-exp-cap-V k=0.5,30041,1.1300966277149753,1.0143342095889645,0.09849143360483088,0.12382297629696448,0.5711478655289584,0.0,-0.29036458333333337,0.0,0.0,2.49999999975,1.498818367174947,0.38106542996633297,0.5
max-exp-cap-V k=0.5,30042,1.099039076453911,0.9891806209469038,0.0987776055620578,0.11949049196771258,0.6104943597396759,0.0,-0.22252604166666656,0.0,0.0,2.49999999975,1.4368143484352838,0.42489439251808353,0.5
max-exp-cap-V k=0.5,30043,1.119709746269647,1.00463281082876,0.09901524546029802,0.12191879415049484,0.5834222761737728,0.0,-0.25911458333333337,0.0,0.0,2.49999999975,1.4663606416027992,0.39787093271684215,0.5
max-exp-cap-V k=0.5,30044,1.103815738225142,0.9898986194406375,0.09579173007251418,0.11890740887967306,0.5220380274888348,0.0,-0.2917968750000001,0.0,0.0,2.49999999975,1.4687802647718606,0.3554228226030261,0.5
max-exp-cap-V k=0.5,30045,1.1142304535690308,0.9987664030088247,0.09712617035690309,0.12077749946143672,0.5401635474255714,0.0,-0.28593749999999984,0.0,0.0,2.49999999975,1.5233320263629158,0.354593442583399,0.5
max-exp-cap-V k=0.5,30046,1.0486384423846273,0.9398404839902353,0.09312556298846272,0.12302559404194337,0.5863262161645844,0.0,-0.23476562499999998,0.0,0.0,2.49999999975,1.4698636747612412,0.398898364679857,0.5
max-exp-cap-V k=0.5,30047,1.1039433400748524,0.9896388080972504,0.09699589650748522,0.12625398503485089,0.5907544118562328,0.0,-0.26796875000000003,0.0,0.0,2.49999999975,1.5139388163644916,0.39021022875603745,0.5
max-exp-cap-V k=0.5,30048,1.1322705280647007,1.0175494766137123,0.0999392923898034,0.12452422204983092,0.5818111028080989,0.0,-0.2657552083333335,0.0,0.0,2.49999999975,1.4068371045222894,0.4135596800353519,0.5
max-exp-cap-V k=0.5,30049,1.1043784031438526,0.9936852264999403,0.09738445489771859,0.1246721253901827,0.5895742208894708,0.0,-0.26106770833333337,0.0,0.0,2.49999999975,1.4741381834486351,0.39994501703375346,0.5
max-exp-cap-V k=0.75,30000,1.1232480859134009,1.0085989787174932,0.09564512109134009,0.1276961988039179,0.5897000128342884,0.0,-0.33359374999999997,0.0,0.0,2.49999999975,1.4392083188041733,0.40973916362869933,0.75
max-exp-cap-V k=0.75,30001,1.0741117573040655,0.9638517659440266,0.09119372781373987,0.11778636454043284,0.5506022698432426,0.0,-0.3243489583333334,0.0,0.0,2.49999999975,1.4497231334738196,0.37979822293646653,0.75
max-exp-cap-V k=0.75,30002,1.051571306544229,0.9421876626720574,0.08996181815442288,0.1204911020287024,0.5679497109939539,0.0,-0.3039062500000001,0.0,0.0,2.49999999975,1.3308669489658211,0.42675168350622233,0.75
max-exp-cap-V k=0.75,30003,1.111655930921543,0.9971019244061146,0.09344423892548763,0.1258165300553527,0.5768138466464183,0.0,-0.3544270833333333,0.0,0.0,2.49999999975,1.4654379223208729,0.39361192846224086,0.75
max-exp-cap-V k=0.75,30004,1.1333819984974407,1.0161696981634312,0.09461424151641075,0.1226381960628691,0.5644774677588825,0.0,-0.3744791666666666,0.0,0.0,2.49999999975,1.5904046437037265,0.3549269489331534,0.75
max-exp-cap-V k=0.75,30005,1.1202330957749784,1.0030279158878066,0.09333841374416449,0.12718053312483174,0.5587969746378862,0.0,-0.3736979166666668,0.0,0.0,2.49999999975,1.465245079706704,0.38136758305971574,0.75
max-exp-cap-V k=0.75,30006,1.0275114054500598,0.9201713160368468,0.08678108846167262,0.10396487838399562,0.4962342140997789,0.0,-0.3194010416666667,0.0,0.0,2.49999999975,1.4536558355402818,0.34136980842879017,0.75
max-exp-cap-V k=0.75,30007,1.0825341941142055,0.9700064986912518,0.0919187839947539,0.12108230678449648,0.5821697250262596,0.0,-0.3266927083333334,0.0,0.0,2.49999999975,1.4172046751281775,0.41078733032940773,0.75
max-exp-cap-V k=0.75,30008,1.0749958716014727,0.9626461433556642,0.09104776424348061,0.12397491387472036,0.5863974619539831,0.0,-0.3290364583333334,0.0,0.0,2.49999999975,1.4635383536794033,0.40067105893040156,0.75
max-exp-cap-V k=0.75,30009,1.1583676167468482,1.0409799915377353,0.09679379292468485,0.12534537781593927,0.5651550223567156,0.0,-0.38085937499999994,0.0,0.0,2.49999999975,1.5224703295930568,0.37120921923501565,0.75
max-exp-cap-V k=0.75,30010,1.0571667823973865,0.9463414997756504,0.08966199073973866,0.12499829994398926,0.5721846359369666,0.0,-0.32109374999999996,0.0,0.0,2.4999999997500004,1.3560588447442932,0.42194676002047776,0.75
max-exp-cap-V k=0.75,30011,1.0786828835109226,0.9661874447612658,0.09079797585109226,0.12309368967526754,0.546276978398304,0.0,-0.34140624999999997,0.0,0.0,2.49999999975,1.2510969235115612,0.4366384155633774,0.75
max-exp-cap-V k=0.75,30012,0.9905517610800871,0.8867802374091098,0.08335856152467538,0.11078132388901343,0.5108490856373819,0.0,-0.3139322916666667,0.0,0.0,2.49999999975,1.3265264516899966,0.38510282624712033,0.75
max-exp-cap-V k=0.75,30013,1.056378208821233,0.945401464118482,0.08989563338212332,0.1189662141273024,0.5596668225392732,0.0,-0.31484375000000003,0.0,0.0,2.49999999975,1.4095669852148696,0.3970487592357731,0.75
max-exp-cap-V k=0.75,30014,1.0285502136305074,0.917484794625852,0.08747090677971739,0.12330681207716106,0.5642930199475309,0.0,-0.30768229166666666,0.0,0.0,2.4999999997500004,1.3332005226090882,0.42326192525277684,0.75
max-exp-cap-V k=0.75,30015,1.1135836903864504,0.9970675219654793,0.09372165028864506,0.12600936724675255,0.59666238878081,0.0,-0.352734375,0.0,0.0,2.4999999997500004,1.5479915842918268,0.3854429150877912,0.75
max-exp-cap-V k=0.75,30016,1.1035428994771397,0.9885836026495114,0.09396757119771397,0.12430597438420504,0.5818445531371336,0.0,-0.32773437499999997,0.0,0.0,2.49999999975,1.4317976409622966,0.40637345424461085,0.75
max-exp-cap-V k=0.75,30017,1.044383999974679,0.9348124917929485,0.08961418124746791,0.12231530115015328,0.5957205362876457,0.0,-0.2964843749999999,0.0,0.0,2.4999999997500004,1.3990651750327383,0.4257989884379087,0.75
max-exp-cap-V k=0.75,30018,1.1155047776905165,1.0007488120752313,0.09390724860238499,0.11372748409295756,0.5184700441716259,0.0,-0.3528645833333332,0.0,0.0,2.49999999975,1.4848777960097437,0.34916681060548616,0.75
max-exp-cap-V k=0.75,30019,1.0981075326548284,0.9839870564339598,0.09260372201548286,0.11855087621135647,0.5238453470665044,0.0,-0.344140625,0.0,0.0,2.49999999975,1.3968344025613382,0.37502322831249224,0.75
max-exp-cap-V k=0.75,30020,1.1207467977735068,1.0074297126649792,0.095603325610684,0.11440547972166844,0.5428248312198484,0.0,-0.3294270833333333,0.0,0.0,2.4999999997500004,1.4734571742021294,0.36840217735801223,0.75
max-exp-cap-V k=0.75,30021,1.115396777668332,1.0008334993091195,0.09474280276683318,0.12228708342962727,0.558839698798306,0.0,-0.3359375000000001,0.0,0.0,2.49999999975,1.4561314221546853,0.3837838331730886,0.75
max-exp-cap-V k=0.75,30022,1.08281988495245,0.9702365389883171,0.09165438432857834,0.12956375718270524,0.6231252738636868,0.0,-0.3325520833333333,0.0,0.0,2.49999999975,1.4406094855571996,0.43254280921430566,0.75
max-exp-cap-V k=0.75,30023,1.0539170181902373,0.9448365578672171,0.0884450872356904,0.12089599774971713,0.5537947627976327,0.0,-0.3389322916666667,0.0,0.0,2.49999999975,1.4071429824880273,0.3935596948495209,0.75
max-exp-cap-V k=0.75,30024,1.0905821452647777,0.9775140601714598,0.09164284994314445,0.12437452928589222,0.569011534450452,0.0,-0.3483072916666667,0.0,0.0,2.49999999975,1.4672773198385878,0.3878009472081582,0.75
max-exp-cap-V k=0.75,30025,1.0765030720453594,0.9659335302804762,0.09124405720453593,0.12252412619661068,0.5796673613374778,0.0,-0.3281250000000002,0.0,0.0,2.49999999975,1.5106046651210414,0.38373200793142676,0.75
max-exp-cap-V k=0.75,30026,1.0628835935879513,0.950917383992464,0.09027273435879511,0.12219982875927017,0.5698988169075837,0.0,-0.3203125000000001,0.0,0.0,2.49999999975,1.4507361988289218,0.39283421573655036,0.75
max-exp-cap-V k=0.75,30027,1.0613278622529851,0.950689750609055,0.09015622372529851,0.12448373049014673,0.590289181845932,0.0,-0.31953125,0.0,0.0,2.49999999975,1.4185897065065771,0.41610987245888015,0.75
max-exp-cap-V k=0.75,30028,1.0552269359833895,0.9455083373804869,0.08973493318167228,0.1296418890162357,0.6311019914612062,0.0,-0.31575520833333337,0.0,0.0,2.49999999975,1.4596857141322042,0.4323547085177865,0.75
max-exp-cap-V k=0.75,30029,1.0335334452347533,0.9255926088666742,0.08793667785680867,0.11667281071407949,0.5491708032881525,0.0,-0.3083333333333333,0.0,0.0,2.49999999975,1.3925649183880187,0.39435921157905673,0.75
max-exp-cap-V k=0.75,30030,1.090040123703348,0.976005151589608,0.09203786653700144,0.12310295432275231,0.555721812004188,0.0,-0.33932291666666664,0.0,0.0,2.4999999997500004,1.3794823859615484,0.40284806653535493,0.75
max-exp-cap-V k=0.75,30031,1.1011059775649503,0.9869205722685853,0.09294262900649503,0.12641411278301196,0.6006872634197398,0.0,-0.34335937499999997,0.0,0.0,2.4999999997500004,1.5058470644063229,0.39890323368034686,0.75
max-exp-cap-V k=0.75,30032,1.0761784786120365,0.9644112852558744,0.09119857702787033,0.12187581517517904,0.5670955769316165,0.0,-0.3283854166666666,0.0,0.0,2.4999999997500004,1.4346700540524806,0.3952794409625783,0.75
max-exp-cap-V k=0.75,30033,1.1405302788880929,1.0226729606147462,0.09645537163880928,0.12743816397242352,0.5976819007615432,0.0,-0.3519531249999999,0.0,0.0,2.49999999975,1.5196151602372354,0.3933113569808265,0.75
max-exp-cap-V k=0.75,30034,1.0748917476143562,0.9640369282155592,0.09079646642810228,0.11059368288469283,0.5045891672007229,0.0,-0.33385416666666673,0.0,0.0,2.49999999975,1.4319100676418814,0.35238886757161897,0.75
max-exp-cap-V k=0.75,30035,1.1024458301166595,0.9875650609367809,0.09316124967833263,0.13172791385738591,0.6054013012762475,0.0,-0.34166666666666656,0.0,0.0,2.49999999975,1.416612908085075,0.4273583120844258,0.75
max-exp-cap-V k=0.75,30036,1.099068672324152,0.9851744060846395,0.09318811723241519,0.12471637292661478,0.598573317882544,0.0,-0.334375,0.0,0.0,2.49999999975,1.526518149487179,0.39211673839818395,0.75
max-exp-cap-V k=0.75,30037,1.1054586080295834,0.9930928038929921,0.093462527469625,0.11753776772397265,0.5528878776265191,0.0,-0.3416666666666666,0.0,0.0,2.49999999975,1.435569017875564,0.38513500273551027,0.75
max-exp-cap-V k=0.75,30038,1.0808212911744197,0.9676729365403142,0.09026962911744199,0.12124463429823434,0.5437880240108325,0.0,-0.35624999999999996,0.0,0.0,2.49999999975,1.4507540954499252,0.37483128651254055,0.75
max-exp-cap-V k=0.75,30039,1.0420750026428505,0.9350996198579278,0.08890802109761839,0.12408762934373067,0.6016425756239987,0.0,-0.3059895833333333,0.0,0.0,2.49999999975,1.4056630792919176,0.42801335859733003,0.75
max-exp-cap-V k=0.75,30040,1.0888111964147964,0.9775796618135835,0.09289804672481296,0.12141761635277018,0.5930484019383666,0.0,-0.3196614583333334,0.0,0.0,2.49999999975,1.5093831931788255,0.39290778154842265,0.75
max-exp-cap-V k=0.75,30041,1.1144319692647116,0.9989878790027711,0.09378694692647113,0.12382297629696448,0.5711478655289584,0.0,-0.35312500000000013,0.0,0.0,2.49999999975,1.482229147402213,0.3853303428352927,0.75
max-exp-cap-V k=0.75,30042,1.0710122349820725,0.9615604690130449,0.09214028599820726,0.11949049196771258,0.6104943597396759,0.0,-0.29921875,0.0,0.0,2.49999999975,1.4790017730751375,0.41277459625375384,0.75
max-exp-cap-V k=0.75,30043,1.1179225646255377,1.0019837939493257,0.0949758502125538,0.12191879415049484,0.5834222761737728,0.0,-0.33632812500000003,0.0,0.0,2.4999999997500004,1.4797879848569,0.3942607198761595,0.75
max-exp-cap-V k=0.75,30044,1.072439098632199,0.9598965893690238,0.08965927444655322,0.11890740887967306,0.5220380274888348,0.0,-0.3516927083333334,0.0,0.0,2.49999999975,1.3729003337219752,0.38024466501044074,0.75
max-exp-cap-V k=0.75,30045,1.0335297630604006,0.9236689787516543,0.08755219505604005,0.12077749946143672,0.5401635474255714,0.0,-0.3160156249999999,0.0,0.0,2.4999999997500004,1.3590114891372367,0.397467977087149,0.75
max-exp-cap-V k=0.75,30046,1.0125864379851228,0.9056642636316625,0.08655161254851228,0.12302559404194337,0.5863262161645844,0.0,-0.294140625,0.0,0.0,2.49999999975,1.3920370340084274,0.4212001562029094,0.75
max-exp-cap-V k=0.75,30047,1.0385271573697117,0.9282204266719198,0.08837094490363782,0.12625398503485089,0.5907544118562328,0.0,-0.3096354166666667,0.0,0.0,2.49999999975,1.3759258871421984,0.4293504594809472,0.75
max-exp-cap-V k=0.75,30048,1.1293234981494382,1.013906530184962,0.09552349564827714,0.12452422204983092,0.5818111028080989,0.0,-0.34817708333333336,0.0,0.0,2.49999999975,1.4341753565327489,0.4056764050211272,0.75
max-exp-cap-V k=0.75,30049,1.0423648724550083,0.9351470824658922,0.08853336224550082,0.1246721253901827,0.5895742208894708,0.0,-0.3140625,0.0,0.0,2.49999999975,1.4356408263703937,0.41066972327614853,0.75
max-exp-cap-V k=1.0,30000,1.0965080960208162,0.9821941287972306,0.09113518460208163,0.1276961988039179,0.5897000128342884,0.0,-0.37031249999999993,0.0,0.0,2.49999999975,1.3841510480969044,0.42603732710030323,1.0
max-exp-cap-V k=1.0,30001,1.0844931315359558,0.9715939284895516,0.08990113607026226,0.11766287461482045,0.5500250057973554,0.0,-0.3709635416666666,0.0,0.0,2.49999999975,1.4216365258794776,0.38689566269907794,1.0
max-exp-cap-V k=1.0,30002,1.098129369202731,0.9849580635307589,0.0921566869202731,0.1204911020287024,0.5679497109939539,0.0,-0.35312500000000013,0.0,0.0,2.49999999975,1.246233961157534,0.4557328147809643,1.0
max-exp-cap-V k=1.0,30003,1.0510368003561195,0.9401507198350239,0.08699821128561194,0.1258165300553527,0.5768138466464183,0.0,-0.3621093749999999,0.0,0.0,2.49999999975,1.234375341027861,0.4672921010930978,1.0
max-exp-cap-V k=1.0,30004,1.1158396314363515,0.9990297533616892,0.09183135897696848,0.1226381960628691,0.5644774677588825,0.0,-0.39505208333333325,0.0,0.0,2.49999999975,1.3808981360828312,0.40877560263795093,1.0
max-exp-cap-V k=1.0,30005,1.1078497817358082,0.9901155566571798,0.09094122817358082,0.12718053312483174,0.5587969746378862,0.0,-0.3968750000000001,0.0,0.0,2.49999999975,1.389170737449238,0.40225219231434134,1.0
max-exp-cap-V k=1.0,30006,1.0388553738872237,0.9299180639863316,0.08620324572205569,0.10364565686101561,0.49471053952773125,0.0,-0.3536458333333333,0.0,0.0,2.49999999975,1.3274481377362768,0.3726778662489751,1.0
max-exp-cap-V k=1.0,30007,1.0964615426667592,0.9818185412247887,0.0911956334333426,0.12094572019975382,0.5815130099652933,0.0,-0.3690104166666667,0.0,0.0,2.49999999975,1.3530096545058372,0.42979221029851455,1.0
max-exp-cap-V k=1.0,30008,1.0850153433145187,0.9704726850726124,0.08991429474811855,0.12397491387472036,0.5863974619539831,0.0,-0.3717447916666667,0.0,0.0,2.49999999975,1.4303432720336955,0.4099697418230447,1.0
max-exp-cap-V k=1.0,30009,1.1723970767629617,1.052295063719868,0.09544934309296282,0.12534537781593927,0.5651550223567156,0.0,-0.43580729166666665,0.0,0.0,2.49999999975,1.5009902622420883,0.37652144492431366,1.0
max-exp-cap-V k=1.0,30010,1.0679491835580939,0.9557740630937586,0.08896939752247607,0.12499829994398926,0.5721846359369666,0.0,-0.3565104166666666,0.0,0.0,2.49999999975,1.2360302926096356,0.46292120780382406,1.0
max-exp-cap-V k=1.0,30011,1.0456006033188179,0.934638718672745,0.08644157074854844,0.12309368967526754,0.546276978398304,0.0,-0.36236979166666655,0.0,0.0,2.49999999975,1.1768170379760936,0.46419873333734085,1.0
max-exp-cap-V k=1.0,30012,1.0177577168088767,0.9106073224289138,0.08379400084755434,0.1107379210238143,0.5106489407643776,0.0,-0.3596354166666668,0.0,0.0,2.49999999975,1.3159802996715577,0.3880369188595189,1.0
max-exp-cap-V k=1.0,30013,1.0599312520089257,0.9478815649396024,0.0885126564508926,0.1189662141273024,0.5596668225392732,0.0,-0.349609375,0.0,0.0,2.49999999975,1.3008153934478193,0.43024308088473096,1.0
max-exp-cap-V k=1.0,30014,0.9885550638472309,0.8812889120804546,0.0827812876347231,0.1209321535931155,0.5534257922191264,0.0,-0.32148437500000004,0.0,0.0,2.49999999975,1.126190628219394,0.4914139563513692,1.0
max-exp-cap-V k=1.0,30015,1.1203631203115993,1.0016932893507675,0.09208839536449327,0.12600936724675255,0.59666238878081,0.0,-0.39895833333333336,0.0,0.0,2.49999999975,1.5221428885383896,0.39198842189759486,1.0
max-exp-cap-V k=1.0,30016,1.1143297522452746,0.9972033030182703,0.09290432939119411,0.12350300179071674,0.5780860432814807,0.0,-0.37057291666666664,0.0,0.0,2.49999999975,1.350749858677967,0.4279741652886618,1.0
max-exp-cap-V k=1.0,30017,1.0556185147914985,0.9438968201662631,0.08843945564581651,0.12231530115015328,0.5957205362876457,0.0,-0.34244791666666674,0.0,0.0,2.4999999997500004,1.4159152582495584,0.4207317724820001,1.0
max-exp-cap-V k=1.0,30018,1.1414098842753546,1.0227318057833619,0.09338578009420212,0.11372748409295756,0.5184700441716259,0.0,-0.4151041666666666,0.0,0.0,2.49999999975,1.4760783654742167,0.3512483187198927,1.0
max-exp-cap-V k=1.0,30019,1.0970786993797466,0.9816235567002668,0.09013755743797466,0.11796738828540193,0.5212670663751342,0.0,-0.39140624999999996,0.0,0.0,2.49999999975,1.3141494980853492,0.3966573568186835,1.0
max-exp-cap-V k=1.0,30020,1.1397789094412054,1.0239716755341102,0.09526695344412055,0.11370405273279788,0.5394967390010752,0.0,-0.37421875,0.0,0.0,2.49999999975,1.3966279445029892,0.3862852244396865,1.0
max-exp-cap-V k=1.0,30021,1.1299056900433138,1.0126184735218888,0.09380437108766469,0.12200145282182887,0.5575343955859557,0.0,-0.38372395833333334,0.0,0.0,2.49999999975,1.375864344774851,0.40522483027001593,1.0
max-exp-cap-V k=1.0,30022,1.0670006464961912,0.9547686065830748,0.08914147089961913,0.12956375718270524,0.6231252738636868,0.0,-0.35117187499999997,0.0,0.0,2.49999999975,1.3256890638589025,0.4700387827367701,1.0
max-exp-cap-V k=1.0,30023,1.0722466914923323,0.9605340951660541,0.08781711706589988,0.12082623014707958,0.5534751746088359,0.0,-0.3881510416666667,0.0,0.0,2.49999999975,1.3343604298128795,0.4147868613628261,1.0
max-exp-cap-V k=1.0,30024,1.0664537879604055,0.9548963088377873,0.08818834754604053,0.1242059439882258,0.5682402593392075,0.0,-0.36914062500000006,0.0,0.0,2.49999999975,1.2907033474841025,0.4402562838678982,1.0
max-exp-cap-V k=1.0,30025,1.0671568512520235,0.9564118635719464,0.08889667470853568,0.12117727362194881,0.5732953389260547,0.0,-0.35638020833333345,0.0,0.0,2.4999999997500004,1.3365532471635684,0.4289356523151631,1.0
max-exp-cap-V k=1.0,30026,1.051563610581116,0.9399319326658555,0.0877149548081116,0.12219982875927017,0.5698988169075837,0.0,-0.348828125,0.0,0.0,2.49999999975,1.283705150582156,0.4439483760341201,1.0
max-exp-cap-V k=1.0,30027,1.0794769778531448,0.9671378238972554,0.09010915611864784,0.12353152101134368,0.5857739013994396,0.0,-0.35677083333333326,0.0,0.0,2.49999999975,1.305885204934237,0.44856462052415896,1.0
max-exp-cap-V k=1.0,30028,1.0770457513347695,0.964734088177662,0.0898660334668103,0.1296418890162357,0.6311019914612062,0.0,-0.35677083333333326,0.0,0.0,2.49999999975,1.4325024863937734,0.4405590897436849,1.0
max-exp-cap-V k=1.0,30029,1.0471502729761069,0.9378408249138771,0.08753403771427737,0.11667281071407949,0.5491708032881525,0.0,-0.34361979166666656,0.0,0.0,2.4999999997500004,1.2609909770303815,0.4355073218536766,1.0
max-exp-cap-V k=1.0,30030,1.0937409072131206,0.9776102128745698,0.0900902365546454,0.12310295432275231,0.555721812004188,0.0,-0.3856770833333333,0.0,0.0,2.49999999975,1.320011564843909,0.4209976842664268,1.0
max-exp-cap-V k=1.0,30031,1.1242065173843132,1.0073796706627185,0.09298054757176465,0.12641411278301196,0.6006872634197398,0.0,-0.38880208333333327,0.0,0.0,2.49999999975,1.4182443275454575,0.4235428633508753,1.0
max-exp-cap-V k=1.0,30032,1.1333273076178227,1.0159539721367308,0.09324158492844892,0.12187581517517904,0.5670955769316165,0.0,-0.4018229166666667,0.0,0.0,2.4999999997500004,1.4320241824316688,0.3960097768521282,1.0
max-exp-cap-V k=1.0,30033,1.1598927136746606,1.0400581661243242,0.09613250053413273,0.12686562341445176,0.594996699419301,0.0,-0.39713541666666663,0.0,0.0,2.49999999975,1.3547481451790282,0.43919358851801416,1.0
max-exp-cap-V k=1.0,30034,1.0815047772538915,0.9697661481540547,0.08986922772538916,0.10955920171493912,0.4998692955198503,0.0,-0.365625,0.0,0.0,2.49999999975,1.2294186831606886,0.40658996187917534,1.0
max-exp-cap-V k=1.0,30035,1.0588572804969876,0.9468090757661685,0.08794953013303211,0.13172791385738591,0.6054013012762475,0.0,-0.3587239583333333,0.0,0.0,2.49999999975,1.2470253816414856,0.48547632645563726,1.0
max-exp-cap-V k=1.0,30036,1.0810634203832583,0.9683021382925208,0.09063889412165918,0.12471637292661478,0.598573317882544,0.0,-0.34934895833333324,0.0,0.0,2.49999999975,1.2799062798070926,0.46766964685317497,1.0
max-exp-cap-V k=1.0,30037,1.1124705963376051,0.9979800222526536,0.09175487213376052,0.11753776772397265,0.5528878776265191,0.0,-0.38984375,0.0,0.0,2.49999999975,1.3557341972651598,0.4078143626839437,1.0
max-exp-cap-V k=1.0,30038,1.0725374107755998,0.9583273810448565,0.08737092857755999,0.12124463429823434,0.5437880240108325,0.0,-0.39765625000000004,0.0,0.0,2.49999999975,1.3666742645006955,0.3978914640713612,1.0
max-exp-cap-V k=1.0,30039,1.0036003890121385,0.8980615316624531,0.08429233056788052,0.12408762934373067,0.6016425756239987,0.0,-0.32135416666666666,0.0,0.0,2.49999999975,1.309449970400812,0.45946205599580164,1.0
max-exp-cap-V k=1.0,30040,1.0947320246215582,0.982379280483454,0.09181044204548913,0.12141761635277018,0.5930484019383666,0.0,-0.3532552083333334,0.0,0.0,2.49999999975,1.3760149974866147,0.43098978065036353,1.0
max-exp-cap-V k=1.0,30041,1.0958168218479407,0.9810511341693651,0.09073402593479407,0.12382297629696448,0.5711478655289584,0.0,-0.3769531250000001,0.0,0.0,2.49999999975,1.3442437860379888,0.4248841404075626,1.0
max-exp-cap-V k=1.0,30042,1.0876128465293748,0.9767951418911753,0.09242013881960415,0.11949049196771258,0.6104943597396759,0.0,-0.32682291666666663,0.0,0.0,2.49999999975,1.3248835064353843,0.46079097277180137,1.0
max-exp-cap-V k=1.0,30043,1.1276423344426643,1.0098396382926906,0.09375381677759975,0.12191879415049484,0.5834222761737728,0.0,-0.38020833333333326,0.0,0.0,2.49999999975,1.4289120053262574,0.4082982534957165,1.0
max-exp-cap-V k=1.0,30044,1.0826709589186747,0.9678580922488101,0.08837126255853414,0.11890740887967306,0.5220380274888348,0.0,-0.39791666666666675,0.0,0.0,2.49999999975,1.2558123942995914,0.4156974639352822,1.0
max-exp-cap-V k=1.0,30045,0.9955309008576716,0.8882152735447654,0.08284085050243382,0.12077749946143672,0.5401635474255714,0.0,-0.33424479166666665,0.0,0.0,2.49999999975,1.1868656006561311,0.455117704251395,1.0
max-exp-cap-V k=1.0,30046,1.0182068381070244,0.9101355625089473,0.08568787131070243,0.1221633080326487,0.5822166575234041,0.0,-0.3226562500000001,0.0,0.0,2.49999999975,1.2702927893384635,0.4583326477249453,1.0
max-exp-cap-V k=1.0,30047,1.0920223838069176,0.9764148285183707,0.0906215092140251,0.12625398503485089,0.5907544118562328,0.0,-0.37161458333333336,0.0,0.0,2.49999999975,1.355503668273973,0.43581911704338533,1.0
max-exp-cap-V k=1.0,30048,1.0946055405284596,0.98061233125596,0.09104258530284595,0.12452422204983092,0.5818111028080989,0.0,-0.36835937500000016,0.0,0.0,2.49999999975,1.276728871536556,0.45570450843481236,1.0
max-exp-cap-V k=1.0,30049,1.0650432197929924,0.9554757407824406,0.08882854072929924,0.1246721253901827,0.5895742208894708,0.0,-0.35351562500000006,0.0,0.0,2.49999999975,1.3368993131054445,0.44100121460902386,1.0
max-exp-cap-V k=1.5,30000,1.1063520075086029,0.9905991442916476,0.09114301325086031,0.1276961988039179,0.5897000128342884,0.0,-0.38984374999999993,0.0,0.0,2.49999999975,1.348724626136966,0.4372278828505672,1.5
max-exp-cap-V k=1.5,30001,1.0750855280387046,0.9622924885523165,0.08838094863720379,0.11744354628452439,0.5489997370663514,0.0,-0.38255208333333335,0.0,0.0,2.4999999997500004,1.3717523858024037,0.4002178109901483,1.5
max-exp-cap-V k=1.5,30002,1.1171696004425289,1.0018784894657236,0.09273258504425289,0.1204911020287024,0.5679497109939539,0.0,-0.37968750000000007,0.0,0.0,2.49999999975,1.2919470412975935,0.43960757897902836,1.5
max-exp-cap-V k=1.5,30003,1.0499049879716098,0.9393643383494784,0.08657904046382765,0.1255283559707358,0.5754926943131077,0.0,-0.3682291666666667,0.0,0.0,2.49999999975,1.1875715735163808,0.4845962189959489,1.5
max-exp-cap-V k=1.5,30004,1.0979025731115641,0.981616140556548,0.08972515314448974,0.1226381960628691,0.5644774677588825,0.0,-0.4013020833333333,0.0,0.0,2.49999999975,1.3067869736171949,0.43195829094959926,1.5
max-exp-cap-V k=1.5,30005,1.0857141684275018,0.9694168018521085,0.08858443767608351,0.12718053312483174,0.5587969746378862,0.0,-0.3997395833333334,0.0,0.0,2.49999999975,1.2649986807260385,0.4417371995338114,1.5
max-exp-cap-V k=1.5,30006,1.0161127656183795,0.9080891885244352,0.08390294322850464,0.10318663725021404,0.4925195954381206,0.0,-0.3541666666666665,0.0,0.0,2.49999999975,1.2788813685925569,0.38511749997589817,1.5
max-exp-cap-V k=1.5,30007,1.059702955784079,0.9478261422820607,0.08789737891174124,0.12073751052054126,0.5805119275205171,0.0,-0.3614583333333334,0.0,0.0,2.49999999975,1.255152133022304,0.46250323944611527,1.5
max-exp-cap-V k=1.5,30008,1.037718303701074,0.9265955983927604,0.08590724703677406,0.12397491387472036,0.5863974619539831,0.0,-0.3572916666666666,0.0,0.0,2.49999999975,1.2898318723938464,0.4546309286540319,1.5
max-exp-cap-V k=1.5,30009,1.1359304781858306,1.0180706395084045,0.09213471448524972,0.12534537781593927,0.5651550223567156,0.0,-0.4291666666666667,0.0,0.0,2.49999999975,1.3412162340583045,0.4213750236579283,1.5
max-exp-cap-V k=1.5,30010,1.0999296680685278,0.9841583361309798,0.09039661264018611,0.12499829994398926,0.5721846359369666,0.0,-0.39192708333333326,0.0,0.0,2.4999999997499995,1.2945365335216539,0.4419996045846593,1.5
max-exp-cap-V k=1.5,30011,1.080776229388383,0.9659690711003006,0.08844220627217163,0.12309368967526754,0.546276978398304,0.0,-0.39270833333333327,0.0,0.0,2.49999999975,1.1995533477859508,0.4554003199662464,1.5
max-exp-cap-V k=1.5,30012,1.0376417916259724,0.9284078802654089,0.08451938749593055,0.11057663496931429,0.5099051977707486,0.0,-0.3848958333333333,0.0,0.0,2.49999999975,1.2767905539856303,0.3993647949376099,1.5
max-exp-cap-V k=1.5,30013,0.999913423978833,0.89292605789864,0.08331165489788331,0.1189662141273024,0.5596668225392732,0.0,-0.33359375,0.0,0.0,2.49999999975,1.2063050291581208,0.46395132989693677,1.5
max-exp-cap-V k=1.5,30014,0.9722842371379941,0.865577130584893,0.08103050704713274,0.12081144575739164,0.5528733929801506,0.0,-0.3239583333333334,0.0,0.0,2.4999999997500004,1.1208007363396095,0.4932842877903201,1.5
max-exp-cap-V k=1.5,30015,1.0832610231390813,0.9666640368760347,0.08879485231390813,0.12600936724675255,0.59666238878081,0.0,-0.39062500000000017,0.0,0.0,2.49999999975,1.3875438399853581,0.4300133600010117,1.5
max-exp-cap-V k=1.5,30016,1.1124038143297872,0.994583176127565,0.09206720434964538,0.12328636517900586,0.5770720225704208,0.0,-0.38346354166666663,0.0,0.0,2.49999999975,1.3288837114605843,0.43425321387689925,1.5
max-exp-cap-V k=1.5,30017,1.0502439994087158,0.9388057833236789,0.08747882702420494,0.12231530115015328,0.5957205362876457,0.0,-0.35091145833333337,0.0,0.0,2.4999999997499995,1.3627395908274162,0.4371492105296077,1.5
max-exp-cap-V k=1.5,30018,1.1332371893915576,1.0146181853630178,0.09199559393915575,0.11372748409295756,0.5184700441716259,0.0,-0.42656250000000007,0.0,0.0,2.4999999997500004,1.3860496646110267,0.37406310712331253,1.5
max-exp-cap-V k=1.5,30019,1.087288426679788,0.9719267838736747,0.08866373850131212,0.11751316097697176,0.519259954579457,0.0,-0.4013020833333333,0.0,0.0,2.49999999975,1.2497818566358943,0.41548047110971603,1.5
max-exp-cap-V k=1.5,30020,1.0847713201452975,0.9728548614553338,0.09036515284786309,0.11276349000788669,0.5350340086874248,0.0,-0.36223958333333334,0.0,0.0,2.4999999997500004,1.2992224461258073,0.41181093374953587,1.5
max-exp-cap-V k=1.5,30021,1.0858218062831708,0.9713197710096252,0.08989728479498377,0.12169202940319195,0.55612036161587,0.0,-0.37369791666666674,0.0,0.0,2.49999999975,1.2889110813333522,0.4314652652691719,1.5
max-exp-cap-V k=1.5,30022,1.0300845276271584,0.9210679623820109,0.08589256734604919,0.12956375718270524,0.6231252738636868,0.0,-0.34231770833333336,0.0,0.0,2.49999999975,1.226459755416024,0.5080682599750843,1.5
max-exp-cap-V k=1.5,30023,1.0400515465920075,0.9302835538321543,0.08469525882586743,0.12074354856943494,0.5530964306840433,0.0,-0.3861979166666666,0.0,0.0,2.4999999997499995,1.248105835234709,0.44314866181202683,1.5
max-exp-cap-V k=1.5,30024,1.0925492466205609,0.9782048211165277,0.08919633091205607,0.12421350779694983,0.5682748636463197,0.0,-0.401171875,0.0,0.0,2.49999999975,1.2986255789657766,0.43759715875833355,1.5
max-exp-cap-V k=1.5,30025,1.0614406209411014,0.9505567649094909,0.08779119751077681,0.12092159856023395,0.5720857282723436,0.0,-0.3670572916666668,0.0,0.0,2.4999999997499995,1.3035128031944152,0.4388800224059009,1.5
max-exp-cap-V k=1.5,30026,1.0528225778657045,0.9402954644031091,0.08718329945323712,0.12219982875927017,0.5698988169075837,0.0,-0.3619791666666668,0.0,0.0,2.49999999975,1.2833765746770163,0.4440620377156319,1.5
max-exp-cap-V k=1.5,30027,1.115851928601275,0.9995382698743964,0.09183909911012751,0.12408812096755699,0.5884132417491783,0.0,-0.39492187499999987,0.0,0.0,2.49999999975,1.371764953074373,0.42894611094301394,1.5
max-exp-cap-V k=1.5,30028,1.057747675059367,0.9464559707761413,0.08789065292260337,0.1296418890162357,0.6311019914612062,0.0,-0.35768229166666665,0.0,0.0,2.49999999975,1.3200589043291449,0.47808623493353336,1.5
max-exp-cap-V k=1.5,30029,1.020159570040685,0.9128436170724799,0.08491960283740183,0.11667281071407949,0.5491708032881525,0.0,-0.3419270833333333,0.0,0.0,2.4999999997500004,1.2143339438056011,0.4522403463145452,1.5
max-exp-cap-V k=1.5,30030,1.0954737786827229,0.9786007464697939,0.08957341953493894,0.12310295432275231,0.555721812004188,0.0,-0.39947916666666666,0.0,0.0,2.4999999997500004,1.255847418700769,0.44250742863261794,1.5
max-exp-cap-V k=1.5,30031,1.1154471570498832,0.9987896718096463,0.091668413621655,0.12641411278301196,0.6006872634197398,0.0,-0.39752604166666666,0.0,0.0,2.4999999997500004,1.3305172820514188,0.4514689673880732,1.5
max-exp-cap-V k=1.5,30032,1.0937731543432085,0.9786916174036292,0.08945544043432085,0.12187581517517904,0.5670955769316165,0.0,-0.3984375,0.0,0.0,2.49999999975,1.3430286094315775,0.4222513004928716,1.5
max-exp-cap-V k=1.5,30033,1.1516661314971632,1.0323445393527813,0.09501036314971632,0.1261566422970233,0.5916715951596352,0.0,-0.40312500000000007,0.0,0.0,2.49999999975,1.2882087979512447,0.4592978996111688,1.5
max-exp-cap-V k=1.5,30034,1.0761057913368453,0.9640703947977857,0.08885406871701784,0.1095248615521505,0.4997126168227396,0.0,-0.37513020833333327,0.0,0.0,2.49999999975,1.2226968719671287,0.40869705998247946,1.5
max-exp-cap-V k=1.5,30035,1.0159335490097372,0.9074497748434818,0.08411939656764039,0.13172791385738591,0.6054013012762475,0.0,-0.3494791666666667,0.0,0.0,2.49999999975,1.1658806283662704,0.519265254560912,1.5
max-exp-cap-V k=1.5,30036,1.0473235978646076,0.9368242061383936,0.08746673478646075,0.12471637292661478,0.598573317882544,0.0,-0.3453125000000001,0.0,0.0,2.49999999975,1.227435138198905,0.48766187251317356,1.5
max-exp-cap-V k=1.5,30037,1.0670168034854162,0.9556896464854895,0.0875805865985416,0.11753776772397265,0.5528878776265191,0.0,-0.3824218749999999,0.0,0.0,2.49999999975,1.2693196138881857,0.4355781409009433,1.5
max-exp-cap-V k=1.5,30038,1.0531076384800522,0.9397540807457618,0.08536284718133855,0.12124463429823434,0.5437880240108325,0.0,-0.39895833333333336,0.0,0.0,2.49999999975,1.2813827705221286,0.4243759448936977,1.5
max-exp-cap-V k=1.5,30039,1.03719461557682,0.9278031057284517,0.086121805307682,0.12408762934373067,0.6016425756239987,0.0,-0.3519531249999999,0.0,0.0,2.4999999997499995,1.355263676427779,0.44393027429895837,1.5
max-exp-cap-V k=1.5,30040,1.0735409113183603,0.9624903271027438,0.08943091404850269,0.12141761635277018,0.5930484019383666,0.0,-0.3584635416666668,0.0,0.0,2.49999999975,1.3262816443317826,0.4471511797459587,1.5
max-exp-cap-V k=1.5,30041,1.1262497752173404,1.0080217658880026,0.09153122752173404,0.12382297629696448,0.5711478655289584,0.0,-0.42187500000000017,0.0,0.0,2.49999999975,1.3588130935581058,0.42032849715436954,1.5
max-exp-cap-V k=1.5,30042,1.0663850182594503,0.9570207076142883,0.09040803307594505,0.11903456408863011,0.6081649576755926,0.0,-0.32460937500000003,0.0,0.0,2.4999999997499995,1.2509434799951413,0.4861650165664997,1.5
max-exp-cap-V k=1.5,30043,1.118947814335726,1.0019088937542724,0.09257186476690593,0.12191879415049484,0.5834222761737728,0.0,-0.3864583333333333,0.0,0.0,2.4999999997500004,1.3102422505316582,0.44527817351107174,1.5
max-exp-cap-V k=1.5,30044,1.067813430046796,0.9536329802855893,0.08659905133801296,0.11890740887967306,0.5220380274888348,0.0,-0.40364583333333337,0.0,0.0,2.49999999975,1.2599411410388903,0.4143352498660262,1.5
max-exp-cap-V k=1.5,30045,1.0029338250917732,0.8942139393267106,0.08285197625917731,0.12077749946143672,0.5401635474255714,0.0,-0.348828125,0.0,0.0,2.49999999975,1.1847585290885823,0.4559271228383656,1.5
max-exp-cap-V k=1.5,30046,1.0390289391444,0.9284988711468746,0.08642893558110668,0.1224103944279521,0.5833942436375146,0.0,-0.3494791666666667,0.0,0.0,2.49999999975,1.2929099697270345,0.45122572901242586,1.5
max-exp-cap-V k=1.5,30047,1.097683541346667,0.9813701747924893,0.09031522913466668,0.12625398503485089,0.5907544118562328,0.0,-0.3890624999999999,0.0,0.0,2.49999999975,1.3426713970764865,0.439984357410557,1.5
max-exp-cap-V k=1.5,30048,1.0787116221718038,0.9650754260707463,0.0891732455505137,0.12452422204983092,0.5818111028080989,0.0,-0.37395833333333345,0.0,0.0,2.49999999975,1.2503851516076825,0.46530551171375906,1.5
max-exp-cap-V k=1.5,30049,1.0510731924631582,0.9421653344894106,0.08702789216298248,0.1246721253901827,0.5895742208894708,0.0,-0.3615885416666667,0.0,0.0,2.49999999975,1.294044437679563,0.45560585380412083,1.5
max-exp-cap-V k=2.0,30000,1.099235642637259,0.9839114240840866,0.0902165330137259,0.1276961988039179,0.5897000128342884,0.0,-0.39414062499999997,0.0,0.0,2.49999999975,1.359467374600349,0.43377283181043325,2.0
max-exp-cap-V k=2.0,30001,1.0690868466106385,0.9570129167406781,0.0877550388277305,0.11726517637133042,0.5481659319017254,0.0,-0.38307291666666665,0.0,0.0,2.4999999997500004,1.3311838476509623,0.41178829871548667,2.0
max-exp-cap-V k=2.0,30002,1.0921287388762972,0.9788680029819741,0.09061261347096304,0.1204911020287024,0.5679497109939539,0.0,-0.3720052083333334,0.0,0.0,2.49999999975,1.2485817116704,0.4548758849223645,2.0
max-exp-cap-V k=2.0,30003,1.046650277685615,0.9358953641085022,0.08593455901856151,0.12578056022746548,0.5766489406934588,0.0,-0.3746093750000001,0.0,0.0,2.49999999975,1.2063007608550216,0.47803081901791405,2.0
max-exp-cap-V k=2.0,30004,1.0921393354573339,0.9760785531959776,0.08899257937906671,0.1226381960628691,0.5644774677588825,0.0,-0.40442708333333327,0.0,0.0,2.4999999997499995,1.3107296241761732,0.4306589683693698,2.0
max-exp-cap-V k=2.0,30005,1.0917478561170053,0.9746231205552698,0.08856931686170055,0.12718053312483174,0.5587969746378862,0.0,-0.4121093750000001,0.0,0.0,2.49999999975,1.322761492347603,0.42244726496093243,2.0
max-exp-cap-V k=2.0,30006,1.0069422578227696,0.8995559105664126,0.08284917369894364,0.10324522068452799,0.492799219720262,0.0,-0.35690104166666653,0.0,0.0,2.49999999975,1.2850798142864253,0.38347751963865523,2.0
max-exp-cap-V k=2.0,30007,1.0656087228565514,0.9528868610454756,0.0880126952023218,0.12078066345560184,0.5807194089685127,0.0,-0.37096354166666673,0.0,0.0,2.49999999975,1.2754337994930476,0.45531129032281714,2.0
max-exp-cap-V k=2.0,30008,1.0150451355648513,0.905910858385802,0.0839914927231518,0.12397491387472036,0.5863974619539831,0.0,-0.3502604166666667,0.0,0.0,2.49999999975,1.2497771462532534,0.4692016202344255,2.0
max-exp-cap-V k=2.0,30009,1.1082107194545294,0.9928605175264792,0.08995518652878626,0.12534537781593927,0.5651550223567156,0.0,-0.4173177083333333,0.0,0.0,2.49999999975,1.2761296042743426,0.4428664772478849,2.0
max-exp-cap-V k=2.0,30010,1.1059647630052207,0.989182295946686,0.09035559088385542,0.12499829994398926,0.5721846359369666,0.0,-0.40481770833333336,0.0,0.0,2.49999999975,1.3352595740310857,0.42851940331689076,2.0
max-exp-cap-V k=2.0,30011,1.0745503520377901,0.9601092075326003,0.08765034770377901,0.12309368967526754,0.546276978398304,0.0,-0.39609375,0.0,0.0,2.49999999975,1.2005351343888242,0.45502789776861136,2.0
max-exp-cap-V k=2.0,30012,1.030964369971306,0.9219797168905349,0.08351310366379727,0.11064067482287478,0.5102005065781113,0.0,-0.39166666666666666,0.0,0.0,2.49999999975,1.2923511403152181,0.39478473818939647,2.0
max-exp-cap-V k=2.0,30013,1.014148675866223,0.9054843621021245,0.08399950300328898,0.1189662141273024,0.5596668225392732,0.0,-0.3483072916666667,0.0,0.0,2.4999999997500004,1.224653849570828,0.4570000108482939,2.0
max-exp-cap-V k=2.0,30014,0.9872661429705436,0.8787785596488235,0.08159119763038769,0.12178071888106548,0.5573091094575957,0.0,-0.3427083333333333,0.0,0.0,2.49999999975,1.1640810860141546,0.47875454395177686,2.0
max-exp-cap-V k=2.0,30015,1.0814818300973355,0.9648795107156856,0.08827188092640022,0.12600936724675255,0.59666238878081,0.0,-0.3975260416666667,0.0,0.0,2.49999999975,1.4070435139184223,0.4240539705266026,2.0
max-exp-cap-V k=2.0,30016,1.0861707885218612,0.9705491786912905,0.08978895385218612,0.12298581491151024,0.5756652234446947,0.0,-0.37656249999999997,0.0,0.0,2.49999999975,1.298547766195419,0.4433146307211487,2.0
max-exp-cap-V k=2.0,30017,1.038935885809893,0.9283541068775807,0.08628291149765598,0.12231530115015328,0.5957205362876457,0.0,-0.35221354166666674,0.0,0.0,2.49999999975,1.3595871661421064,0.4381628123028192,2.0
max-exp-cap-V k=2.0,30018,1.1172644487000638,0.999923806582976,0.09072384070333969,0.11372748409295756,0.5184700441716259,0.0,-0.42005208333333327,0.0,0.0,2.49999999975,1.3488653199097589,0.3843749531690179,2.0
max-exp-cap-V k=2.0,30019,1.1041619199042312,0.9871547806568117,0.08958285865708979,0.1177679894965402,0.5203859752259664,0.0,-0.4166666666666667,0.0,0.0,2.49999999975,1.2858930953796852,0.40468836569365996,2.0
max-exp-cap-V k=2.0,30020,1.0752375815936563,0.963765583567925,0.08922297690936565,0.112855006192779,0.5354682296507817,0.0,-0.36601562500000007,0.0,0.0,2.49999999975,1.3086999422703127,0.40916042887711873,2.0
max-exp-cap-V k=2.0,30021,1.0728248109371963,0.9595101557353273,0.0887668560937196,0.12157218684655947,0.5555726931592071,0.0,-0.3703125000000001,0.0,0.0,2.49999999975,1.2552332768405192,0.44260513436801924,2.0
max-exp-cap-V k=2.0,30022,1.0221480807591374,0.9137268856797199,0.0850142872425804,0.12956375718270524,0.6231252738636868,0.0,-0.3440104166666667,0.0,0.0,2.49999999975,1.2131658322127843,0.5136356937510528,2.0
max-exp-cap-V k=2.0,30023,1.0399603031481934,0.9299435486666804,0.08437363448148602,0.12074359265047027,0.5530966326083995,0.0,-0.3924479166666667,0.0,0.0,2.4999999997500004,1.2481518211959526,0.4431324965567362,2.0
max-exp-cap-V k=2.0,30024,1.080465611129878,0.9666486578620672,0.08770801944632117,0.1242143267162129,0.5682786101891943,0.0,-0.40677083333333325,0.0,0.0,2.49999999975,1.2994833039828642,0.43731120549794156,2.0
max-exp-cap-V k=2.0,30025,1.0770708003869334,0.9648961983784987,0.08855994462202665,0.12104311474972508,0.5726606270380699,0.0,-0.3829427083333334,0.0,0.0,2.49999999975,1.3192161292180633,0.4340915899637325,2.0
max-exp-cap-V k=2.0,30026,1.0512657942309773,0.9388123245017023,0.0868127773397644,0.12219982875927017,0.5698988169075837,0.0,-0.3662760416666667,0.0,0.0,2.49999999975,1.2854820910982618,0.44333469976286183,2.0
max-exp-cap-V k=2.0,30027,1.1146412191885242,0.9982989501937003,0.09141203858551908,0.12416572811475858,0.5887812469434848,0.0,-0.4010416666666667,0.0,0.0,2.49999999975,1.3809506155137,0.42635937906039023,2.0
max-exp-cap-V k=2.0,30028,1.0559110294113558,0.9444873983201072,0.08738146752446892,0.1296418890162357,0.6311019914612062,0.0,-0.36419270833333334,0.0,0.0,2.49999999975,1.3341860614992433,0.4730239729472425,2.0
max-exp-cap-V k=2.0,30029,1.0212265086202654,0.9135882190995909,0.0845966091953599,0.11667281071407949,0.5491708032881525,0.0,-0.3505208333333332,0.0,0.0,2.49999999975,1.2264377505629351,0.44777715219226005,2.0
max-exp-cap-V k=2.0,30030,1.0902020992504262,0.9734107354296603,0.08872724117504263,0.12310295432275231,0.555721812004188,0.0,-0.405859375,0.0,0.0,2.4999999997499995,1.259519839477394,0.4412171960981343,2.0
max-exp-cap-V k=2.0,30031,1.1208466833331665,1.0035620784027437,0.09175914749998333,0.12641411278301196,0.6006872634197398,0.0,-0.40651041666666665,0.0,0.0,2.4999999997500004,1.3556223749258218,0.4431081063062335,2.0
max-exp-cap-V k=2.0,30032,1.0644222518263413,0.9517727266673933,0.08708024601596746,0.12187581517517904,0.5670955769316165,0.0,-0.38723958333333336,0.0,0.0,2.49999999975,1.3007762141661567,0.4359670562512128,2.0
max-exp-cap-V k=2.0,30033,1.1547471787917698,1.0349584397854792,0.09496690537917699,0.12612350139100267,0.5915161651135177,0.0,-0.41015624999999994,0.0,0.0,2.4999999997500004,1.285098455237013,0.4602885971133031,2.0
max-exp-cap-V k=2.0,30034,1.0597910399126393,0.948852624847256,0.08728118732459725,0.10937962489502322,0.4990499673661402,0.0,-0.3739583333333334,0.0,0.0,2.49999999975,1.1942679622498673,0.41787101650620007,2.0
max-exp-cap-V k=2.0,30035,1.0189155436449733,0.9096511135708902,0.08383816894783065,0.13172791385738591,0.6054013012762475,0.0,-0.36106770833333335,0.0,0.0,2.4999999997500004,1.1796289682975853,0.5132133217701066,2.0
max-exp-cap-V k=2.0,30036,1.0321746114609252,0.9227152175563572,0.08599089864609252,0.12471637292661478,0.598573317882544,0.0,-0.34453125,0.0,0.0,2.49999999975,1.227814187420396,0.48751132216522935,2.0
max-exp-cap-V k=2.0,30037,1.0583489985642502,0.9477591415089938,0.08674635818975837,0.11753776772397265,0.5528878776265191,0.0,-0.3817708333333333,0.0,0.0,2.49999999975,1.2273802101806006,0.450461782779735,2.0
max-exp-cap-V k=2.0,30038,1.0517056426887392,0.9382486213129622,0.08497525176887392,0.12124463429823434,0.5437880240108325,0.0,-0.40390624999999997,0.0,0.0,2.49999999975,1.2976232622327055,0.41906463905030844,2.0
max-exp-cap-V k=2.0,30039,1.0400574835306535,0.9304205073785518,0.08599793585306537,0.12408762934373067,0.6016425756239987,0.0,-0.36015624999999996,0.0,0.0,2.4999999997500004,1.369711689823574,0.43924760231950233,2.0
max-exp-cap-V k=2.0,30040,1.0553943537743948,0.9456840042713213,0.08770740412743946,0.12141761635277018,0.5930484019383666,0.0,-0.35664062500000016,0.0,0.0,2.49999999975,1.3068997064124728,0.4537826422551767,2.0
max-exp-cap-V k=2.0,30041,1.1238246237061298,1.0056899863626418,0.09108688945394632,0.12382297629696448,0.5711478655289584,0.0,-0.42591145833333344,0.0,0.0,2.49999999975,1.3552284425982721,0.42144028827637486,2.0
max-exp-cap-V k=2.0,30042,1.102740112844081,0.9898689838168685,0.09250057378440811,0.11949049196771258,0.6104943597396759,0.0,-0.35546874999999994,0.0,0.0,2.49999999975,1.3337567996170336,0.45772539635034615,2.0
max-exp-cap-V k=2.0,30043,1.0850613267271667,0.9707136129252462,0.08977566392271667,0.121438358041021,0.5811232284305734,0.0,-0.37460937499999997,0.0,0.0,2.49999999975,1.2580838153379377,0.461911377720471,2.0
max-exp-cap-V k=2.0,30044,1.0605141716669508,0.946739479214572,0.0856542817500284,0.11890740887967306,0.5220380274888348,0.0,-0.4079427083333334,0.0,0.0,2.49999999975,1.2565894218063742,0.4154404123014134,2.0
max-exp-cap-V k=2.0,30045,0.9942370139535885,0.8862871356845129,0.08184557639535886,0.12077749946143672,0.5401635474255714,0.0,-0.3515625,0.0,0.0,2.49999999975,1.1732743033528266,0.4603898217850371,2.0
max-exp-cap-V k=2.0,30046,1.0225584702810724,0.9135995226983218,0.08494464911144058,0.12209892706559859,0.5819098250378756,0.0,-0.3462239583333333,0.0,0.0,2.49999999975,1.2643996443776975,0.4602261853088985,2.0
max-exp-cap-V k=2.0,30047,1.0944117706897551,0.9781685058698678,0.08964299998564218,0.12625398503485089,0.5907544118562328,0.0,-0.39596354166666675,0.0,0.0,2.49999999975,1.3685950799096258,0.4316502525314082,2.0
max-exp-cap-V k=2.0,30048,1.0721474999635254,0.9588842782920878,0.08836058332968587,0.12452422204983092,0.5818111028080989,0.0,-0.37708333333333344,0.0,0.0,2.49999999975,1.2547355884255706,0.4636921979220734,2.0
max-exp-cap-V k=2.0,30049,1.0296163694637002,0.9224861707696013,0.08511658486303667,0.1246721253901827,0.5895742208894708,0.0,-0.3569010416666666,0.0,0.0,2.4999999997500004,1.280565604767318,0.46040141847835897,2.0
max-exp-cap-V k=4.0,30000,1.1017784655449745,0.9858877762617033,0.09019737780449746,0.1276961988039179,0.5897000128342884,0.0,-0.39960937500000004,0.0,0.0,2.49999999975,1.3639279558192174,0.43235422392973555,4.0
max-exp-cap-V k=4.0,30001,1.0605814115267993,0.9495100524978258,0.0871779328193466,0.11702824242703842,0.5470583642470219,0.0,-0.3776041666666667,0.0,0.0,2.49999999975,1.2772954783276131,0.42829429331676305,4.0
max-exp-cap-V k=4.0,30002,1.0772135673966245,0.9653351524830742,0.08942057548966245,0.1204911020287024,0.5679497109939539,0.0,-0.36601562500000007,0.0,0.0,2.49999999975,1.2314241165605633,0.4612137307983453,4.0
max-exp-cap-V k=4.0,30003,1.0490397475729911,0.9378107280663489,0.08582845392396579,0.1258165300553527,0.5768138466464183,0.0,-0.3815104166666666,0.0,0.0,2.49999999975,1.2252330620747538,0.47077887832186643,4.0
max-exp-cap-V k=4.0,30004,1.0853888923914594,0.9698300260706083,0.08840217048914593,0.1226381960628691,0.5644774677588825,0.0,-0.402734375,0.0,0.0,2.49999999975,1.2914310518505152,0.43709454480750826,4.0
max-exp-cap-V k=4.0,30005,1.1026965031391887,0.9844761857866552,0.08913032739725217,0.12718053312483174,0.5587969746378862,0.0,-0.42278645833333345,0.0,0.0,2.49999999975,1.3650720568824517,0.4093534636655485,4.0
max-exp-cap-V k=4.0,30006,1.0048222448240856,0.8973697975896915,0.08253300573240854,0.10335644679377962,0.49333011247721786,0.0,-0.35898437499999997,0.0,0.0,2.49999999975,1.296848141049935,0.38040700129917693,4.0
max-exp-cap-V k=4.0,30007,1.059130033493924,0.9470204819669528,0.0874559720993924,0.12075155967737114,0.5805794765620385,0.0,-0.3691406250000001,0.0,0.0,2.49999999975,1.2617551673842007,0.46013639695699676,4.0
max-exp-cap-V k=4.0,30008,1.0072731226128826,0.8989018472604134,0.08335101017795492,0.12397491387472036,0.5863974619539831,0.0,-0.34752604166666656,0.0,0.0,2.49999999975,1.241573786128766,0.47230174195476027,4.0
max-exp-cap-V k=4.0,30009,1.1105446400021026,0.9948651280642842,0.09001279733354359,0.12534537781593927,0.5651550223567156,0.0,-0.4208333333333333,0.0,0.0,2.49999999975,1.2778965163324443,0.4422541380570527,4.0
max-exp-cap-V k=4.0,30010,1.0949589349481812,0.9792631385149215,0.08953495599481812,0.12499829994398926,0.5721846359369666,0.0,-0.39921875,0.0,0.0,2.49999999975,1.2966021931114335,0.441295440480403,4.0
max-exp-cap-V k=4.0,30011,1.0765945758454771,0.9617023281405563,0.08756831175121439,0.12309368967526754,0.546276978398304,0.0,-0.4018229166666666,0.0,0.0,2.49999999975,1.228271886674864,0.4447524886995228,4.0
max-exp-cap-V k=4.0,30012,1.0276895959973986,0.9187200178091078,0.08308797001640653,0.11060281027145032,0.5100259006897341,0.0,-0.39361979166666666,0.0,0.0,2.49999999975,1.283150703579085,0.3974793446063052,4.0
max-exp-cap-V k=4.0,30013,1.0331459256779878,0.9227470306452792,0.08520261340113211,0.1189662141273024,0.5596668225392732,0.0,-0.3622395833333334,0.0,0.0,2.4999999997500004,1.259196493363103,0.4444634538685038,4.0
max-exp-cap-V k=4.0,30014,1.0177577957758994,0.9064165449179538,0.08370937332758994,0.12255137738559599,0.560835899320573,0.0,-0.361328125,0.0,0.0,2.49999999975,1.2210885089771115,0.45929176730225496,4.0
max-exp-cap-V k=4.0,30015,1.0853683835204373,0.968569261296944,0.0884456925187104,0.12600936724675255,0.59666238878081,0.0,-0.4018229166666667,0.0,0.0,2.49999999975,1.408380144736173,0.42365151980510257,4.0
max-exp-cap-V k=4.0,30016,1.0758342469259932,0.9611490243275403,0.08898967469259932,0.12266846283107447,0.5741797793190763,0.0,-0.3718749999999999,0.0,0.0,2.49999999975,1.2665159353070206,0.4533537741709403,4.0
max-exp-cap-V k=4.0,30017,1.0357651147328775,0.9251929835696489,0.0858551573066211,0.12231530115015328,0.5957205362876457,0.0,-0.35442708333333334,0.0,0.0,2.4999999997500004,1.3646417232830685,0.4365398815847835,4.0
max-exp-cap-V k=4.0,30018,1.1070734241550078,0.9904554992034164,0.0899781757488341,0.11372748409295756,0.5184700441716259,0.0,-0.41458333333333325,0.0,0.0,2.49999999975,1.302394028624406,0.3980900040821257,4.0
max-exp-cap-V k=4.0,30019,1.1064085932772123,0.9892554444845175,0.08964476557772122,0.11780580228237435,0.5205530600468623,0.0,-0.419921875,0.0,0.0,2.4999999997500004,1.2912514694703816,0.4031384066965452,4.0
max-exp-cap-V k=4.0,30020,1.074382966833396,0.9629427663168367,0.08891616126667291,0.11301610869789006,0.5362326199610952,0.0,-0.3704427083333333,0.0,0.0,2.49999999975,1.3253838585945925,0.40458665350708606,4.0
max-exp-cap-V k=4.0,30021,1.0753887196803444,0.961865242245542,0.08880189280136777,0.12160110721901321,0.5557048563589329,0.0,-0.37473958333333335,0.0,0.0,2.49999999975,1.263360395259244,0.4398624956459088,4.0
max-exp-cap-V k=4.0,30022,1.0127966517653972,0.9054352449260492,0.08439815475987304,0.12956375718270524,0.6231252738636868,0.0,-0.3376302083333333,0.0,0.0,2.49999999975,1.1793529105808773,0.5283620096013273,4.0
max-exp-cap-V k=4.0,30023,1.031589136438848,0.9222312025303331,0.08367323656055146,0.12073636467500962,0.5530635230346316,0.0,-0.3897135416666667,0.0,0.0,2.49999999975,1.2406114946716602,0.44579912842175073,4.0
max-exp-cap-V k=4.0,30024,1.0684400920807051,0.9556549289684382,0.08685051962473718,0.12417165425744076,0.5680833843549008,0.0,-0.3998697916666667,0.0,0.0,2.49999999975,1.2547887448496595,0.45273229193888315,4.0
max-exp-cap-V k=4.0,30025,1.0625210873588693,0.9515376514129187,0.08756070248588692,0.12087571960450343,0.5718686727908252,0.0,-0.373828125,0.0,0.0,2.49999999975,1.2975839454637663,0.44071805511313955,4.0
max-exp-cap-V k=4.0,30026,1.038616738466337,0.9275604247084767,0.0858538613466337,0.12219982875927017,0.5698988169075837,0.0,-0.36015625,0.0,0.0,2.49999999975,1.2682490440524081,0.44935875929115515,4.0
max-exp-cap-V k=4.0,30027,1.1237200339165623,1.0064744588517256,0.09201393047498956,0.12416113401259515,0.5887594621785466,0.0,-0.4071614583333332,0.0,0.0,2.49999999975,1.3804068528164948,0.42651154692348786,4.0
max-exp-cap-V k=4.0,30028,1.0553429481391696,0.943882708014943,0.08712283648058364,0.1296418890162357,0.6311019914612062,0.0,-0.36822916666666666,0.0,0.0,2.49999999975,1.3368183582756201,0.47209255285458007,4.0
max-exp-cap-V k=4.0,30029,1.0222176011942683,0.914404672664357,0.08453946845276017,0.11667281071407949,0.5491708032881525,0.0,-0.35364583333333327,0.0,0.0,2.49999999975,1.241905176189436,0.442200269245342,4.0
max-exp-cap-V k=4.0,30030,1.0825349248758167,0.9665057202951782,0.08824047165424834,0.12310295432275231,0.555721812004188,0.0,-0.40026041666666673,0.0,0.0,2.49999999975,1.2398440397057031,0.4482191261217802,4.0
max-exp-cap-V k=4.0,30031,1.1187381086133925,1.0015735057017736,0.09150922752800592,0.12641411278301196,0.6006872634197398,0.0,-0.4072916666666666,0.0,0.0,2.49999999975,1.333399655281033,0.45049303938295704,4.0
max-exp-cap-V k=4.0,30032,1.0507704216261726,0.9392286916827978,0.08607313591261725,0.12187581517517904,0.5670955769316165,0.0,-0.38007812500000004,0.0,0.0,2.49999999975,1.2731637643444633,0.445422335141314,4.0
max-exp-cap-V k=4.0,30033,1.1380453616670112,1.0200371399357988,0.09378500491670112,0.12558892151670506,0.5890089984577881,0.0,-0.40039062500000006,0.0,0.0,2.49999999975,1.2349270261221088,0.4769585457266908,4.0
max-exp-cap-V k=4.0,30034,1.056655951446594,0.9458994994027478,0.08688304306132606,0.10941355852637749,0.49920479124340456,0.0,-0.37565104166666663,0.0,0.0,2.49999999975,1.200910198178669,0.41568869345977016,4.0
max-exp-cap-V k=4.0,30035,1.0233685262293615,0.9132345439240643,0.08387982137293618,0.13172791385738591,0.6054013012762475,0.0,-0.369140625,0.0,0.0,2.49999999975,1.2286926932734579,0.49271986770211007,4.0
max-exp-cap-V k=4.0,30036,1.0326716994140153,0.9229512883062374,0.08585180535806819,0.12471637292661478,0.598573317882544,0.0,-0.3483072916666667,0.0,0.0,2.49999999975,1.2414785662392083,0.48214551113499515,4.0
max-exp-cap-V k=4.0,30037,1.0513618939167046,0.9413341816359619,0.08614530397500378,0.11753776772397265,0.5528878776265191,0.0,-0.3798177083333333,0.0,0.0,2.4999999997500004,1.2187264817292096,0.4536603462017542,4.0
max-exp-cap-V k=4.0,30038,1.039913730563457,0.9278697650562173,0.08412809180634569,0.12124463429823434,0.5437880240108325,0.0,-0.39726562499999996,0.0,0.0,2.49999999975,1.2527030931148329,0.434091706965223,4.0
max-exp-cap-V k=4.0,30039,1.0641214988693397,0.95259275490716,0.0875775144702673,0.12408762934373067,0.6016425756239987,0.0,-0.37669270833333335,0.0,0.0,2.49999999975,1.3964492224413623,0.4308374167534488,4.0
max-exp-cap-V k=4.0,30040,1.0608100723346525,0.9502707583736738,0.08780626765013191,0.12141761635277018,0.5930484019383666,0.0,-0.36549479166666676,0.0,0.0,2.49999999975,1.3277236661639389,0.4466655351951381,4.0
max-exp-cap-V k=4.0,30041,1.1141933491677811,0.9971880683594068,0.09054042866677811,0.12382297629696448,0.5711478655289584,0.0,-0.417578125,0.0,0.0,2.49999999975,1.311016198975895,0.4356527905414994,4.0
max-exp-cap-V k=4.0,30042,1.1032405414087527,0.9900973127218254,0.09229671039087527,0.11949049196771258,0.6104943597396759,0.0,-0.36054687499999993,0.0,0.0,2.49999999975,1.351453196717316,0.4517317811838165,4.0
max-exp-cap-V k=4.0,30043,1.0708339239663671,0.9579132704972467,0.08867844447997003,0.12122516090467499,0.5801030087062281,0.0,-0.36809895833333334,0.0,0.0,2.4999999997500004,1.2359527555677812,0.4693569443435045,4.0
max-exp-cap-V k=4.0,30044,1.0580166732611893,0.9445945696992681,0.08540453190945227,0.11890740887967306,0.5220380274888348,0.0,-0.4079427083333334,0.0,0.0,2.49999999975,1.2553659047297991,0.4158453129258728,4.0
max-exp-cap-V k=4.0,30045,1.0040976679853704,0.8957764256388132,0.08262330846520372,0.12077749946143672,0.5401635474255714,0.0,-0.3557291666666666,0.0,0.0,2.49999999975,1.1464733859648115,0.47115227796674775,4.0
max-exp-cap-V k=4.0,30046,1.0132688941566848,0.9055038273537634,0.08428261858233516,0.12168953832497605,0.5799587241055951,0.0,-0.3408854166666666,0.0,0.0,2.49999999975,1.2269260352607847,0.47269249118372825,4.0
max-exp-cap-V k=4.0,30047,1.1069813736373981,0.9893241613365727,0.0902098561137398,0.12625398503485089,0.5907544118562328,0.0,-0.4097656250000001,0.0,0.0,2.49999999975,1.4109361678042769,0.41869676696683944,4.0
max-exp-cap-V k=4.0,30048,1.0756731635093095,0.9619610282332739,0.0884201809342643,0.12452422204983092,0.5818111028080989,0.0,-0.3829427083333334,0.0,0.0,2.49999999975,1.272360381287565,0.45726911287455774,4.0
max-exp-cap-V k=4.0,30049,1.0269505312151423,0.9197718659834314,0.0847523447881809,0.1246721253901827,0.5895742208894708,0.0,-0.3588541666666666,0.0,0.0,2.49999999975,1.2921649223433094,0.4562685541875664,4.0
max-exp-cap-V k=8.0,30000,1.063683391260028,0.9492127729770421,0.08686964120933618,0.1276961988039179,0.5897000128342884,0.0,-0.3899739583333333,0.0,0.0,2.4999999997500004,1.3536265047448262,0.4356445524428125,8.0
max-exp-cap-V k=8.0,30001,1.0519758078352832,0.9411103715380008,0.08639549745019497,0.11700268634122551,0.5469389001739792,0.0,-0.37604166666666666,0.0,0.0,2.4999999997500004,1.2714829899783044,0.4301582518090247,8.0
max-exp-cap-V k=8.0,30002,1.06852917018263,0.957256590195018,0.08853260451826299,0.1204911020287024,0.5679497109939539,0.0,-0.3664062500000001,0.0,0.0,2.49999999975,1.2182875160816002,0.4661869250869947,8.0
max-exp-cap-V k=8.0,30003,1.0406540847818357,0.929444959140031,0.08492478347818358,0.1258165300553527,0.5768138466464183,0.0,-0.3828124999999999,0.0,0.0,2.49999999975,1.2227527198253312,0.47173384879390456,8.0
max-exp-cap-V k=8.0,30004,1.0660416050240653,0.9508362719392041,0.08663671258573988,0.1226381960628691,0.5644774677588825,0.0,-0.3993489583333334,0.0,0.0,2.49999999975,1.2918872700700603,0.43694018885120706,8.0
max-exp-cap-V k=8.0,30005,1.1129456024240794,0.9937102704191968,0.08963440399240793,0.12718053312483174,0.5587969746378862,0.0,-0.433203125,0.0,0.0,2.49999999975,1.3978540058424622,0.39975345944736845,8.0
max-exp-cap-V k=8.0,30006,0.9965927764700553,0.8893828115576379,0.08170354848033887,0.1033506705359609,0.4933025418514098,0.0,-0.35911458333333324,0.0,0.0,2.49999999975,1.2962369815844341,0.38056508868342076,8.0
max-exp-cap-V k=8.0,30007,1.0457839651411034,0.9336461020372924,0.08607579234744364,0.12077898874706654,0.5807113568869708,0.0,-0.3700520833333334,0.0,0.0,2.4999999997500004,1.2746466947480632,0.4555861316548973,8.0
max-exp-cap-V k=8.0,30008,0.9926285117917482,0.8850869592283398,0.08214045534584147,0.12397491387472036,0.5863974619539831,0.0,-0.3424479166666667,0.0,0.0,2.4999999997500004,1.2238604614104365,0.4791375164438192,8.0
max-exp-cap-V k=8.0,30009,1.073412509946392,0.9591157526279791,0.08697666766130586,0.12534537781593927,0.5651550223567156,0.0,-0.4072916666666667,0.0,0.0,2.49999999975,1.2550340787930985,0.45031049905847653,8.0
max-exp-cap-V k=8.0,30010,1.0843933731759536,0.9692318040386836,0.08864116023426202,0.12499829994398926,0.5721846359369666,0.0,-0.3959635416666667,0.0,0.0,2.4999999997500004,1.286225793190369,0.44485551367906667,8.0
max-exp-cap-V k=8.0,30011,1.0605619224584768,0.9458600484783404,0.0859780672458477,0.12309368967526754,0.546276978398304,0.0,-0.4015625,0.0,0.0,2.4999999997500004,1.2370705172324983,0.44158919866621904,8.0
max-exp-cap-V k=8.0,30012,0.9514381056880032,0.8482176190192886,0.077435477235467,0.11026707519844221,0.50847771595027,0.0,-0.35416666666666674,0.0,0.0,2.4999999997500004,1.201572837657298,0.42317677298835005,8.0
max-exp-cap-V k=8.0,30013,1.0737235565188805,0.9605954747960072,0.08801037648522136,0.1189662141273024,0.5596668225392732,0.0,-0.38723958333333336,0.0,0.0,2.49999999975,1.2899209597743648,0.43387683431174817,8.0
max-exp-cap-V k=8.0,30014,1.099336002703504,0.9820022154409831,0.08981641277035039,0.12320704677197376,0.5638364606998967,0.0,-0.40234375,0.0,0.0,2.4999999997500004,1.2794402140707233,0.44068996307843866,8.0
max-exp-cap-V k=8.0,30015,1.107674111703595,0.9892341600744768,0.08977131742035951,0.12600936724675255,0.59666238878081,0.0,-0.4199218750000001,0.0,0.0,2.49999999975,1.4250187216370702,0.4187049473254363,8.0
max-exp-cap-V k=8.0,30016,1.1136491403765085,0.9953339517865196,0.0913193411209842,0.1232379741381247,0.5768455164535844,0.0,-0.4009114583333333,0.0,0.0,2.49999999975,1.3239993772035246,0.4356841297553813,8.0
max-exp-cap-V k=8.0,30017,1.004511410904109,0.8955305308750608,0.08328317234041091,0.12231530115015328,0.5957205362876457,0.0,-0.34335937499999986,0.0,0.0,2.4999999997500004,1.3453773974233316,0.4427906529636742,8.0
max-exp-cap-V k=8.0,30018,1.0700806511613463,0.9551890429153704,0.08698202344946797,0.11372748409295756,0.5184700441716259,0.0,-0.4005208333333332,0.0,0.0,2.49999999975,1.2826190705485316,0.4042276121388826,8.0
max-exp-cap-V k=8.0,30019,1.138244789396647,1.0186309031282899,0.09171510393966467,0.11822064884175718,0.5223861586018811,0.0,-0.4421875,0.0,0.0,2.49999999975,1.3500385439049594,0.38694166248830913,8.0
max-exp-cap-V k=8.0,30020,1.0372463633457427,0.927896580246331,0.08585354258457426,0.11274642225764649,0.5349530265643134,0.0,-0.357421875,0.0,0.0,2.4999999997500004,1.297454894984027,0.41230953664165665,8.0
max-exp-cap-V k=8.0,30021,1.1267416619808968,1.0102151327181121,0.09245281203142301,0.12170379122684202,0.5561741119695589,0.0,-0.4044270833333333,0.0,0.0,2.4999999997500004,1.2922163545893137,0.4304032447773187,8.0
max-exp-cap-V k=8.0,30022,0.9903680721427041,0.8842870412018307,0.08248081763093709,0.12956375718270524,0.6231252738636868,0.0,-0.3311197916666666,0.0,0.0,2.4999999997500004,1.1722569993925382,0.5315602928253697,8.0
max-exp-cap-V k=8.0,30023,0.990196681962326,0.8828958652072858,0.08026315777956594,0.12071881280345872,0.552983122237888,0.0,-0.3751302083333334,0.0,0.0,2.4999999997500004,1.2223011333091849,0.4524115270520732,8.0
max-exp-cap-V k=8.0,30024,1.0619480973043858,0.948634541500287,0.08594090348043856,0.12419354690012178,0.5681835428542062,0.0,-0.405078125,0.0,0.0,2.4999999997500004,1.2777188042145584,0.4446859050520752,8.0
max-exp-cap-V k=8.0,30025,0.9712499628753812,0.8663347559639578,0.08020442337087144,0.1206234376359531,0.5706751150192895,0.0,-0.33841145833333336,0.0,0.0,2.49999999975,1.2649819850284851,0.4511329977607854,8.0
max-exp-cap-V k=8.0,30026,1.023953487781838,0.914046807370174,0.08451123419485046,0.12219982875927017,0.5698988169075837,0.0,-0.35768229166666676,0.0,0.0,2.49999999975,1.2548111106323372,0.45417099998452715,8.0
max-exp-cap-V k=8.0,30027,1.0963717951280871,0.9807192889757284,0.08974785659614207,0.12357267729153362,0.5859690602918145,0.0,-0.3977864583333333,0.0,0.0,2.49999999975,1.3107565049460899,0.44704646368771206,8.0
max-exp-cap-V k=8.0,30028,1.0348724538045146,0.9243785906726504,0.08549896413045147,0.1296418890162357,0.6311019914612062,0.0,-0.35976562500000014,0.0,0.0,2.49999999975,1.3177525372332204,0.4789229947424579,8.0
max-exp-cap-V k=8.0,30029,1.0272077266926958,0.9187599324229595,0.08458275183593623,0.11667281071407949,0.5491708032881525,0.0,-0.36276041666666664,0.0,0.0,2.4999999997500004,1.2516678946582716,0.43875120999095873,8.0
max-exp-cap-V k=8.0,30030,1.084789405703934,0.968219941975399,0.08813388848706007,0.12310295432275231,0.555721812004188,0.0,-0.4069010416666668,0.0,0.0,2.49999999975,1.251601759252066,0.44400849383295615,8.0
max-exp-cap-V k=8.0,30031,1.0523168802504286,0.9395745908750796,0.08644262552504287,0.12641411278301196,0.6006872634197398,0.0,-0.3757812499999999,0.0,0.0,2.49999999975,1.2690301977488052,0.4733435535933883,8.0
max-exp-cap-V k=8.0,30032,1.020964918843425,0.9107444631084705,0.08357435646767583,0.12187581517517904,0.5670955769316165,0.0,-0.3704427083333333,0.0,0.0,2.49999999975,1.262088673811714,0.4493310087467112,8.0
max-exp-cap-V k=8.0,30033,1.0670613493446488,0.9534539132119592,0.08804728076779819,0.12508649519185927,0.5866526311697953,0.0,-0.3731770833333334,0.0,0.0,2.4999999997500004,1.1877732742612084,0.4939096070625865,8.0
max-exp-cap-V k=8.0,30034,1.0549953829431102,0.943838386728226,0.08646307996097768,0.10948210911542217,0.499517556708257,0.0,-0.3807291666666667,0.0,0.0,2.4999999997500004,1.2143284256810534,0.4113529306769737,8.0
max-exp-cap-V k=8.0,30035,0.9984234693681981,0.889442586495222,0.08169130527015314,0.13172791385738591,0.6054013012762475,0.0,-0.3630208333333333,0.0,0.0,2.4999999997500004,1.2051581270747427,0.5023417987029856,8.0
max-exp-cap-V k=8.0,30036,0.9989800327665805,0.8915711337238458,0.08333550327665806,0.12471637292661478,0.598573317882544,0.0,-0.3312499999999999,0.0,0.0,2.4999999997500004,1.1698996793428122,0.5116449969614411,8.0
max-exp-cap-V k=8.0,30037,0.9986799199204548,0.8917254184264443,0.08181460657537883,0.11753776772397265,0.5528878776265191,0.0,-0.3610677083333333,0.0,0.0,2.49999999975,1.189081646143171,0.4649704916561708,8.0
max-exp-cap-V k=8.0,30038,1.0575685899548297,0.9436574326890721,0.08507326524548298,0.12124463429823434,0.5437880240108325,0.0,-0.41367187499999997,0.0,0.0,2.49999999975,1.3273776764971883,0.4096709125362365,8.0
max-exp-cap-V k=8.0,30039,1.1540762528159283,1.0357393781415536,0.09400788569825949,0.12408762934373067,0.6016425756239987,0.0,-0.42799479166666665,0.0,0.0,2.4999999997500004,1.5160931448144805,0.3968374751127971,8.0
max-exp-cap-V k=8.0,30040,1.0296321565171502,0.9212434336036028,0.08522233023504835,0.12141761635277018,0.5930484019383666,0.0,-0.3548177083333335,0.0,0.0,2.4999999997500004,1.2989957798891598,0.4565437479627301,8.0
max-exp-cap-V k=8.0,30041,1.13230497236151,1.0136564271921178,0.09156383056948433,0.12382297629696448,0.5711478655289584,0.0,-0.43333333333333335,0.0,0.0,2.49999999975,1.3316305466239466,0.4289086541135429,8.0
max-exp-cap-V k=8.0,30042,1.0697164940232036,0.95814025560971,0.08953024315232036,0.11949049196771258,0.6104943597396759,0.0,-0.34882812499999993,0.0,0.0,2.49999999975,1.346366075097611,0.45343860858601576,8.0
max-exp-cap-V k=8.0,30043,1.0402339932693239,0.9291002236252799,0.0860937118269324,0.1207815540607247,0.57798020133738,0.0,-0.35859375,0.0,0.0,2.49999999975,1.1899038744890666,0.48573688491060607,8.0
max-exp-cap-V k=8.0,30044,1.0588133633475243,0.9453297300662253,0.08532795091808576,0.11890740887967306,0.5220380274888348,0.0,-0.4110677083333334,0.0,0.0,2.49999999975,1.2556981798255948,0.4157352745078767,8.0
max-exp-cap-V k=8.0,30045,1.1199902296249427,1.0019281498117019,0.0908987625458276,0.12077749946143672,0.5401635474255714,0.0,-0.4220052083333333,0.0,0.0,2.49999999975,1.2817091920456547,0.4214400199185984,8.0
max-exp-cap-V k=8.0,30046,1.0450409900845385,0.934473900280127,0.08638560942512054,0.1221003670537364,0.5819166878602237,0.0,-0.36236979166666655,0.0,0.0,2.4999999997500004,1.2645314544331514,0.46018364020931224,8.0
max-exp-cap-V k=8.0,30047,1.1202467646510426,1.001842240847529,0.09109368688177091,0.12625398503485089,0.5907544118562328,0.0,-0.4186197916666667,0.0,0.0,2.4999999997500004,1.4025908875841306,0.4211879722630794,8.0
max-exp-cap-V k=8.0,30048,1.0950421566383504,0.9795282944425296,0.08966046566383502,0.12452422204983092,0.5818111028080989,0.0,-0.39687500000000014,0.0,0.0,2.49999999975,1.2914088743598418,0.4505243183314082,8.0
max-exp-cap-V k=8.0,30049,1.0147424957737694,0.9081375899546913,0.08348596832737694,0.1246721253901827,0.5895742208894708,0.0,-0.359765625,0.0,0.0,2.49999999975,1.2942661787286367,0.4555277968158081,8.0
max-exp-cap-V k=16.0,30000,1.0576428804327327,0.9434358876089581,0.08639579845993994,0.1276961988039179,0.5897000128342884,0.0,-0.38736979166666663,0.0,0.0,2.49999999975,1.3431663157051301,0.4390372256504289,16.0
max-exp-cap-V k=16.0,30001,1.0511943339177328,0.9402957809747915,0.08621969380843993,0.1170037741394973,0.5469439851785118,0.0,-0.3779947916666667,0.0,0.0,2.49999999975,1.2717303993362052,0.4300785649725726,16.0
max-exp-cap-V k=16.0,30002,1.0761537321727397,0.9642007468966167,0.08898907113394064,0.1204911020287024,0.5679497109939539,0.0,-0.37252604166666664,0.0,0.0,2.49999999975,1.2249859564569574,0.46363773233502376,16.0
max-exp-cap-V k=16.0,30003,1.0236738011020667,0.9134018782232386,0.08354576552687334,0.1258165300553527,0.5768138466464183,0.0,-0.37643229166666664,0.0,0.0,2.49999999975,1.2172186516594743,0.47387858036847286,16.0
max-exp-cap-V k=16.0,30004,1.0648122703690786,0.9492837512426606,0.08628591453690784,0.1226381960628691,0.5644774677588825,0.0,-0.4039062500000001,0.0,0.0,2.49999999975,1.3180335723239682,0.42827245042293643,16.0
max-exp-cap-V k=16.0,30005,1.0960073416751952,0.9774939921566783,0.08807078625085285,0.12718053312483174,0.5587969746378862,0.0,-0.4305989583333334,0.0,0.0,2.4999999997500004,1.4180848647202766,0.39405044686666996,16.0
max-exp-cap-V k=16.0,30006,1.0099770491786488,0.9013321376509342,0.08256671533453155,0.10357243580275624,0.4943610484797382,0.0,-0.3686197916666667,0.0,0.0,2.49999999975,1.3197009518878748,0.37460081223139136,16.0
max-exp-cap-V k=16.0,30007,1.0523257025480417,0.9395777014520024,0.08645652858813753,0.12078965502169407,0.5807626408633987,0.0,-0.37552083333333336,0.0,0.0,2.49999999975,1.279659791173084,0.4538414388491527,16.0
max-exp-cap-V k=16.0,30008,1.0013385069192204,0.8929761570188136,0.0826989548585887,0.12397491387472036,0.5863974619539831,0.0,-0.3486979166666666,0.0,0.0,2.49999999975,1.231175076958046,0.47629088090609994,16.0
max-exp-cap-V k=16.0,30009,1.0715268016500021,0.9572212393885843,0.08676205516500018,0.12534537781593927,0.5651550223567156,0.0,-0.4078125,0.0,0.0,2.49999999975,1.253082109319822,0.4510119633449112,16.0
max-exp-cap-V k=16.0,30010,1.0928754740070639,0.9764555368179877,0.08898155781737307,0.12499829994398926,0.5721846359369666,0.0,-0.4061197916666666,0.0,0.0,2.49999999975,1.3233645828018494,0.43237112687837526,16.0
max-exp-cap-V k=16.0,30011,1.0447662373109587,0.930860805212977,0.08465891539776252,0.12309368967526754,0.546276978398304,0.0,-0.39635416666666673,0.0,0.0,2.49999999975,1.2366616645646449,0.441735192455097,16.0
max-exp-cap-V k=16.0,30012,0.9402386773283689,0.8377341352299642,0.07650433648283689,0.11023254773725724,0.508318498481508,0.0,-0.35039062499999996,0.0,0.0,2.4999999997500004,1.1931832566286484,0.4260187994237927,16.0
max-exp-cap-V k=16.0,30013,1.0676438387864846,0.9552204900035599,0.0874414672119818,0.1189662141273024,0.5596668225392732,0.0,-0.3864583333333334,0.0,0.0,2.49999999975,1.2819647894934758,0.43656957439557004,16.0
max-exp-cap-V k=16.0,30014,1.1082050336472604,0.9903617862084076,0.09039081586472604,0.1232156479808424,0.5638758226949553,0.0,-0.40859375000000003,0.0,0.0,2.49999999975,1.2802056840068974,0.4404572091338389,16.0
max-exp-cap-V k=16.0,30015,1.0963961286027342,0.9785311312905047,0.08885836286027342,0.12600936724675255,0.59666238878081,0.0,-0.4156250000000001,0.0,0.0,2.49999999975,1.4048391262470492,0.424719370092404,16.0
max-exp-cap-V k=16.0,30016,1.1159500144223309,0.9973706631674483,0.09138666810889975,0.12330998190722889,0.5771825664501302,0.0,-0.40416666666666656,0.0,0.0,2.49999999975,1.3312674583814517,0.43355868335568415,16.0
max-exp-cap-V k=16.0,30017,0.9934957092781829,0.8849325578176728,0.08232483134448496,0.12231530115015328,0.5957205362876457,0.0,-0.3404947916666666,0.0,0.0,2.49999999975,1.3400703374131286,0.4445442299973779,16.0
max-exp-cap-V k=16.0,30018,1.0571122984870762,0.9428088792075972,0.08588701109870762,0.11372748409295756,0.5184700441716259,0.0,-0.3964843749999999,0.0,0.0,2.49999999975,1.2973624268461323,0.3996339291496351,16.0
max-exp-cap-V k=16.0,30019,1.1354936816974472,1.0157285226127573,0.09127723275307806,0.11837394835085467,0.5230635490785667,0.0,-0.4454427083333333,0.0,0.0,2.4999999997500004,1.371762310074073,0.3813077128867333,16.0
max-exp-cap-V k=16.0,30020,1.0371452446681608,0.9278105041944473,0.08580436821681607,0.11269932800181715,0.5347295763280645,0.0,-0.358203125,0.0,0.0,2.49999999975,1.292577772663245,0.41369238094377897,16.0
max-exp-cap-V k=16.0,30021,1.1238632161699955,1.007427708707797,0.09219751953366621,0.12168638523584538,0.556094568337533,0.0,-0.40377604166666675,0.0,0.0,2.49999999975,1.2873249739457484,0.4319768353697521,16.0
max-exp-cap-V k=16.0,30022,0.9855608805530409,0.8796930808452499,0.08204567138863743,0.12956375718270524,0.6231252738636868,0.0,-0.33020833333333327,0.0,0.0,2.49999999975,1.1712707939590605,0.5320078645156304,16.0
max-exp-cap-V k=16.0,30023,0.9829663487886474,0.8760436820483586,0.0796117390455314,0.12071949902637205,0.5529862656558885,0.0,-0.3736979166666667,0.0,0.0,2.49999999975,1.2230170107859233,0.452149283925768,16.0
max-exp-cap-V k=16.0,30024,1.0661410420514248,0.9522997211106947,0.08602816670514246,0.1242062399121516,0.5682416131865593,0.0,-0.41171875,0.0,0.0,2.49999999975,1.291013294222183,0.44015163571876054,16.0
max-exp-cap-V k=16.0,30025,0.9558603184061063,0.8516804326422738,0.07889983392394395,0.12059417712897763,0.5705366821946991,0.0,-0.3337239583333333,0.0,0.0,2.4999999997500004,1.2612007005545494,0.45237580501171176,16.0
max-exp-cap-V k=16.0,30026,1.0311106676642798,0.9205537642050565,0.08489492093309466,0.12219982875927017,0.5698988169075837,0.0,-0.3643229166666667,0.0,0.0,2.49999999975,1.2737011094518256,0.4474352834259965,16.0
max-exp-cap-V k=16.0,30027,1.08948927009528,0.9743050423609071,0.08916377075952801,0.12352701118617476,0.5857525162674329,0.0,-0.39570312499999993,0.0,0.0,2.49999999975,1.3053514173495153,0.4487316660342617,16.0
max-exp-cap-V k=16.0,30028,1.017487520332034,0.9078493820720757,0.08407948119987005,0.12940463344730813,0.6299470216966365,0.0,-0.3533854166666667,0.0,0.0,2.49999999975,1.298187132325534,0.48525132163971463,16.0
max-exp-cap-V k=16.0,30029,1.0299682589651535,0.9212828791168239,0.08459838839651537,0.11667281071407949,0.5491708032881525,0.0,-0.36796874999999996,0.0,0.0,2.49999999975,1.2620642265742938,0.43513696983457323,16.0
max-exp-cap-V k=16.0,30030,1.0870718555083263,0.9699533646536336,0.08795848763416594,0.12310295432275231,0.555721812004188,0.0,-0.41497395833333334,0.0,0.0,2.49999999975,1.2919245194448026,0.43015037151164714,16.0
max-exp-cap-V k=16.0,30031,1.0519965559109188,0.9391427989702565,0.08636502017442521,0.12641411278301196,0.6006872634197398,0.0,-0.3766927083333334,0.0,0.0,2.49999999975,1.2724899257124107,0.47205659650581644,16.0
max-exp-cap-V k=16.0,30032,1.0087803710166467,0.899087614055579,0.08249262043499801,0.12187581517517904,0.5670955769316165,0.0,-0.36770833333333336,0.0,0.0,2.49999999975,1.2597469265803103,0.4501662714677506,16.0
max-exp-cap-V k=16.0,30033,1.0466051477210494,0.9339854211654122,0.08627509810543828,0.12520047406925897,0.587187189342696,0.0,-0.3677083333333334,0.0,0.0,2.49999999975,1.1984704281253682,0.4899471656227401,16.0
max-exp-cap-V k=16.0,30034,1.061361627638195,0.9492989287391397,0.08668954818048616,0.10959482295263985,0.5000318191848305,0.0,-0.38893229166666665,0.0,0.0,2.49999999975,1.236391254484217,0.4044284666130446,16.0
max-exp-cap-V k=16.0,30035,0.9947089593521634,0.8857880130069068,0.08130032301854968,0.13172791385738591,0.6054013012762475,0.0,-0.36341145833333327,0.0,0.0,2.49999999975,1.2050355668548178,0.5023928902417085,16.0
max-exp-cap-V k=16.0,30036,0.999483419644043,0.8918537275828938,0.08329469613107096,0.12471637292661478,0.598573317882544,0.0,-0.3330729166666665,0.0,0.0,2.4999999997500004,1.1725845958137255,0.5104734618035458,16.0
max-exp-cap-V k=16.0,30037,0.9983261612789005,0.8912320861042793,0.08169459529455672,0.11753776772397265,0.5528878776265191,0.0,-0.3627604166666666,0.0,0.0,2.49999999975,1.1900306856273493,0.4645996815914481,16.0
max-exp-cap-V k=16.0,30038,1.0409445431053623,0.9281683583148619,0.08386007931053623,0.12124463429823434,0.5437880240108325,0.0,-0.4046875,0.0,0.0,2.49999999975,1.2819371096599226,0.4241924349589121,16.0
max-exp-cap-V k=16.0,30039,1.1263213367864542,1.0095956033410889,0.09165557117864544,0.12408762934373067,0.6016425756239987,0.0,-0.4195312500000001,0.0,0.0,2.49999999975,1.479839888910084,0.4065592366665519,16.0
max-exp-cap-V k=16.0,30040,1.0174815510563744,0.9096946225448694,0.08423513427230411,0.12141761635277018,0.5930484019383666,0.0,-0.35026041666666674,0.0,0.0,2.49999999975,1.2942578510795122,0.4582150314512042,16.0
max-exp-cap-V k=16.0,30041,1.125518888010075,1.0072173393291666,0.09096334713434082,0.12382297629696448,0.5711478655289584,0.0,-0.43177083333333344,0.0,0.0,2.49999999975,1.3233397305619543,0.43159579686043376,16.0
max-exp-cap-V k=16.0,30042,1.0522674731778696,0.9415019636735684,0.08807830981778696,0.11949049196771258,0.6104943597396759,0.0,-0.34296874999999993,0.0,0.0,2.49999999975,1.336038255260755,0.45694377188363183,16.0
max-exp-cap-V k=16.0,30043,1.0253601851750487,0.9151220347982928,0.08484721643417151,0.12060939704679251,0.5771563723483596,0.0,-0.35377604166666676,0.0,0.0,2.49999999975,1.1720330098494751,0.4924403728376935,16.0
max-exp-cap-V k=16.0,30044,1.055259581492738,0.9416346146467145,0.08484236439927377,0.11890740887967306,0.5220380274888348,0.0,-0.4136718750000001,0.0,0.0,2.49999999975,1.2625323227127092,0.41348488121648286,16.0
max-exp-cap-V k=16.0,30045,1.111551748174767,0.9940173420880614,0.09023069565081002,0.12077749946143672,0.5401635474255714,0.0,-0.4184895833333333,0.0,0.0,2.49999999975,1.2596406154269184,0.42882353967484504,16.0
max-exp-cap-V k=16.0,30046,1.0534026352927506,0.9422429791465506,0.08691578436260838,0.12220090189212546,0.5823958256513834,0.0,-0.36848958333333337,0.0,0.0,2.49999999975,1.2737339626181337,0.4572350606513474,16.0
max-exp-cap-V k=16.0,30047,1.126993083471199,1.008042131396893,0.0913842041804532,0.12625398503485089,0.5907544118562328,0.0,-0.42630208333333336,0.0,0.0,2.49999999975,1.4050651273114063,0.4204462842136307,16.0
max-exp-cap-V k=16.0,30048,1.0849678782292662,0.9700397018820357,0.08878975657292665,0.12452422204983092,0.5818111028080989,0.0,-0.3941406249999999,0.0,0.0,2.4999999997500004,1.285380795612015,0.45263715219199163,16.0
max-exp-cap-V k=16.0,30049,1.02487609299864,0.9172770632116928,0.08418031763319732,0.1246721253901827,0.5895742208894708,0.0,-0.3661458333333334,0.0,0.0,2.49999999975,1.3040102181983098,0.45212392714533944,16.0
